route,time,longitude,latitude,altitude_m,air_pressure_Pa,temperature_K,rh,rhi,SAC,ISSR,PCR,leg_km
SE300_10000m,2022-03-01 00:00:00.000000000,-10.0,45.0,10000.0,26435.887460311165,216.95612,0.6586592503018068,1.1070624675005605,1.0,1.0,1.0,13.800094134728138
SE300_10000m,2022-03-01 00:01:00.000000000,-9.82677314551648,45.020102312266246,10000.0,26435.887460311165,217.0232,0.6656120756900481,1.1182230856697777,1.0,1.0,1.0,13.799926232969433
SE300_10000m,2022-03-01 00:02:00.000000000,-9.653493047682074,45.040228107365934,10000.0,26435.887460311165,217.1074,0.6741960323415525,1.1319755823536406,1.0,1.0,1.0,13.80006412640431
SE300_10000m,2022-03-01 00:03:00.000000000,-9.480160146294885,45.06039685889146,10000.0,26435.887460311165,217.201,0.6837070486435549,1.1471889714536185,1.0,1.0,1.0,13.799949396057052
SE300_10000m,2022-03-01 00:04:00.000000000,-9.306780987365798,45.08062343098062,10000.0,26435.887460311165,217.28745,0.6926048114819786,1.1614115332122212,1.0,1.0,1.0,13.800036400280172
SE300_10000m,2022-03-01 00:05:00.000000000,-9.133357536343832,45.100928229881646,10000.0,26435.887460311165,217.37521,0.6975747744199596,1.1690215494724667,1.0,1.0,1.0,13.799970465845753
SE300_10000m,2022-03-01 00:06:00.000000000,-8.959895043350746,45.12132615054455,10000.0,26435.887460311165,217.45871,0.6983989109400514,1.1697135115360127,1.0,1.0,1.0,13.800011574128176
SE300_10000m,2022-03-01 00:07:00.000000000,-8.786396617102591,45.14183721008832,10000.0,26435.887460311165,217.53627,0.6895165130122201,1.154203462141182,1.0,1.0,1.0,13.799989004643274
SE300_10000m,2022-03-01 00:08:00.000000000,-8.612866681746247,45.1624775774794,10000.0,26435.887460311165,217.61856,0.6742259446651337,1.1279470903544824,1.0,1.0,1.0,13.799990303053198
SE300_10000m,2022-03-01 00:09:00.000000000,-8.43930914204852,45.18326585702831,10000.0,26435.887460311165,217.69754,0.6571098980905196,1.0986996489142333,1.0,1.0,1.0,13.800004453642119
SE300_10000m,2022-03-01 00:10:00.000000000,-8.265728028291267,45.204220394649916,10000.0,26435.887460311165,217.76337,0.6419000915251499,1.0727652425419276,1.0,1.0,1.0,13.799973276277651
SE300_10000m,2022-03-01 00:11:00.000000000,-8.092127743009154,45.225357737589825,10000.0,26435.887460311165,217.82434,0.6259175973191407,1.0456030572651502,1.0,1.0,1.0,13.80001609812327
SE300_10000m,2022-03-01 00:12:00.000000000,-7.918512302301303,45.246698889185694,10000.0,26435.887460311165,217.88652,0.6110137482269405,1.0202512440668785,1.0,1.0,1.0,13.799961210383644
SE300_10000m,2022-03-01 00:13:00.000000000,-7.744886374321683,45.26825815561343,10000.0,26435.887460311165,217.9455,0.596185086684315,0.9950741072202944,1.0,0.0,0.0,13.800023031932854
SE300_10000m,2022-03-01 00:14:00.000000000,-7.571254269640878,45.29005917412404,10000.0,26435.887460311165,218.00179,0.5865185271522406,0.9785452029031064,1.0,0.0,0.0,13.799954840686857
SE300_10000m,2022-03-01 00:15:00.000000000,-7.39762077768436,45.31211436586251,10000.0,26435.887460311165,218.0603,0.589211240337375,0.9826275147342728,1.0,0.0,0.0,13.800024122652882
SE300_10000m,2022-03-01 00:16:00.000000000,-7.223990717483402,45.33444939421557,10000.0,26435.887460311165,218.1185,0.6012309759067226,1.0022548807745824,1.0,1.0,1.0,13.799954913092922
SE300_10000m,2022-03-01 00:17:00.000000000,-7.050368970350339,45.35707576947712,10000.0,26435.887460311165,218.17224,0.6231457102468879,1.0383853384576027,1.0,1.0,1.0,13.800017979313308
SE300_10000m,2022-03-01 00:18:00.000000000,-6.8767609533737,45.38001991078584,10000.0,26435.887460311165,218.2255,0.6425702707652609,1.0703457389999702,1.0,1.0,1.0,13.79996217944607
SE300_10000m,2022-03-01 00:19:00.000000000,-6.703171759000644,45.403294085518105,10000.0,26435.887460311165,218.2623,0.6627932208366182,1.1037395014549611,1.0,1.0,1.0,13.800002924939896
SE300_10000m,2022-03-01 00:20:00.000000000,-6.529607330733617,45.4269234600332,10000.0,26435.887460311165,218.26208,0.6881639079819253,1.1459903038936077,1.0,1.0,1.0,13.799977400027213
SE300_10000m,2022-03-01 00:21:00.000000000,-6.356073281178247,45.45092349266045,10000.0,26435.887460311165,218.27222,0.6982992191108774,1.1627837364049411,1.0,1.0,1.0,13.799976976694683
SE300_10000m,2022-03-01 00:22:00.000000000,-6.182575802425939,45.47531527857575,10000.0,26435.887460311165,218.2755,0.7068109885697129,1.1769281409605197,1.0,1.0,1.0,13.80000135742657
SE300_10000m,2022-03-01 00:23:00.000000000,-6.009121575546882,45.50012073450057,10000.0,26435.887460311165,218.2487,0.7169235415609283,1.193998871410694,1.0,1.0,1.0,13.799937836800767
SE300_10000m,2022-03-01 00:24:00.000000000,-5.835716503291978,45.52535318945164,10000.0,26435.887460311165,218.22205,0.7047441701230185,1.173937613323169,1.0,1.0,1.0,13.800034886480036
SE300_10000m,2022-03-01 00:25:00.000000000,-5.66236918142966,45.55104518131588,10000.0,26435.887460311165,218.20844,0.6924495592910355,1.153568615225126,1.0,1.0,1.0,13.799882897819977
SE300_10000m,2022-03-01 00:26:00.000000000,-5.4890843616775,45.57719764114769,10000.0,26435.887460311165,218.20299,0.6799121874540478,1.132731045624441,1.0,1.0,1.0,13.800078925227597
SE300_10000m,2022-03-01 00:27:00.000000000,-5.315873767057676,45.60385884048128,10000.0,26435.887460311165,218.20059,0.658444853276004,1.0969836666150852,1.0,1.0,1.0,13.799895331719693
SE300_10000m,2022-03-01 00:28:00.000000000,-5.142740958190315,45.63101906749871,10000.0,26435.887460311165,218.20349,0.644113643196079,1.0730847667948897,1.0,1.0,1.0,13.800042997183724
SE300_10000m,2022-03-01 00:29:00.000000000,-4.969698784690018,45.65872630713557,10000.0,26435.887460311165,218.20686,0.6310214151572526,1.0512473941270388,1.0,1.0,1.0,13.79995376906427
SE300_10000m,2022-03-01 00:30:00.000000000,-4.796753035135437,45.686982292725965,10000.0,26435.887460311165,218.21283,0.6099091766728144,1.016033435058864,1.0,1.0,1.0,13.79994640707958
SE300_10000m,2022-03-01 00:31:00.000000000,-4.62391414922983,45.715814646139805,10000.0,26435.887460311165,218.2209,0.5844116558277942,0.9735000013919742,1.0,0.0,0.0,13.800024331011977
SE300_10000m,2022-03-01 00:32:00.000000000,-4.451193742234391,45.745252944513936,10000.0,26435.887460311165,218.21643,0.5597960778203737,0.9325256157459959,1.0,0.0,0.0,13.799861221627559
SE300_10000m,2022-03-01 00:33:00.000000000,-4.278597720124355,45.7752968403454,10000.0,26435.887460311165,218.18762,0.5470167759385367,0.9114257016641928,1.0,0.0,0.0,13.80006694420363
SE300_10000m,2022-03-01 00:34:00.000000000,-4.106144189519029,45.80600166742369,10000.0,26435.887460311165,218.16043,0.5420863878094653,0.9033874673017389,1.0,0.0,0.0,13.799946514579084
SE300_10000m,2022-03-01 00:35:00.000000000,-3.933838418631062,45.83736022309001,10000.0,26435.887460311165,218.12335,0.5417249906711549,0.903026281023466,1.0,0.0,0.0,13.799906219436503
SE300_10000m,2022-03-01 00:36:00.000000000,-3.761693739870713,45.869400913677815,10000.0,26435.887460311165,218.07697,0.5470263404349045,0.9121669520055021,1.0,0.0,0.0,13.800046362148791
SE300_10000m,2022-03-01 00:37:00.000000000,-3.589727394380668,45.902163759954746,10000.0,26435.887460311165,218.05122,0.5636420158101355,0.9400468052620384,1.0,0.0,0.0,13.79990159519073
SE300_10000m,2022-03-01 00:38:00.000000000,-3.4179459331993733,45.93564398438238,10000.0,26435.887460311165,218.02466,0.5802951140073376,0.9680037556270686,1.0,0.0,0.0,13.799951610140711
SE300_10000m,2022-03-01 00:39:00.000000000,-3.2463679783044506,45.969882009108844,10000.0,26435.887460311165,217.99411,0.5954108705074093,0.993434936059934,1.0,0.0,0.0,13.800016454766586
SE300_10000m,2022-03-01 00:40:00.000000000,-3.0750092030632996,46.00490281842201,10000.0,26435.887460311165,217.97566,0.6070544643702591,1.0129968159885616,1.0,1.0,1.0,13.799887962750566
SE300_10000m,2022-03-01 00:41:00.000000000,-2.9038794260795666,46.04070956941587,10000.0,26435.887460311165,217.9631,0.6143083238437405,1.0251921645876485,1.0,1.0,1.0,13.7999431200479
SE300_10000m,2022-03-01 00:42:00.000000000,-2.7329999161484397,46.07734237419714,10000.0,26435.887460311165,217.95969,0.61750381378064,1.0305506505806026,1.0,1.0,1.0,13.8000176981792
SE300_10000m,2022-03-01 00:43:00.000000000,-2.5623889010204874,46.11482693761682,10000.0,26435.887460311165,217.97299,0.6195606686634667,1.0338853272658808,1.0,1.0,1.0,13.799902792677946
SE300_10000m,2022-03-01 00:44:00.000000000,-2.3920578866329727,46.153166540114505,10000.0,26435.887460311165,217.99243,0.621550197859916,1.037060278634374,1.0,1.0,1.0,13.799863442619047
SE300_10000m,2022-03-01 00:45:00.000000000,-2.2220272537879744,46.19239008113134,10000.0,26435.887460311165,218.01921,0.6230288449548851,1.0393318449673727,1.0,1.0,1.0,13.80004882341418
SE300_10000m,2022-03-01 00:46:00.000000000,-2.052325048221605,46.232544000304586,10000.0,26435.887460311165,218.0414,0.6237891298592432,1.0404310605107483,1.0,1.0,1.0,13.79994360740372
SE300_10000m,2022-03-01 00:47:00.000000000,-1.8829613111338395,46.2736216202186,10000.0,26435.887460311165,218.054,0.6280441332293405,1.0474353068275841,1.0,1.0,1.0,13.799857276723737
SE300_10000m,2022-03-01 00:48:00.000000000,-1.7139569286239877,46.31564553938749,10000.0,26435.887460311165,218.05617,0.6347309463342702,1.0585696467808583,1.0,1.0,1.0,13.799926699414995
SE300_10000m,2022-03-01 00:49:00.000000000,-1.5453399082547812,46.358653409254885,10000.0,26435.887460311165,218.04395,0.6436533963944124,1.0735454553528403,1.0,1.0,1.0,13.800010460429153
SE300_10000m,2022-03-01 00:50:00.000000000,-1.3771346634374184,46.402669749677585,10000.0,26435.887460311165,218.03825,0.6430775141581951,1.0726264521620203,1.0,1.0,1.0,13.79992755559182
SE300_10000m,2022-03-01 00:51:00.000000000,-1.2093578204483888,46.447698643575244,10000.0,26435.887460311165,218.03801,0.637381167738974,1.0631296130529895,1.0,1.0,1.0,13.799861678075068
SE300_10000m,2022-03-01 00:52:00.000000000,-1.0420339045596205,46.493761600745835,10000.0,26435.887460311165,218.04216,0.6183427046965034,1.0313421837972303,1.0,1.0,1.0,13.799843754600678
SE300_10000m,2022-03-01 00:53:00.000000000,-0.87519001054635,46.540883253661256,10000.0,26435.887460311165,218.06178,0.5860917776380221,0.9774126569474966,1.0,0.0,0.0,13.800024490007264
SE300_10000m,2022-03-01 00:54:00.000000000,-0.708863153120941,46.58910575155253,10000.0,26435.887460311165,218.07962,0.5538886515515782,0.9235904742779226,1.0,0.0,0.0,13.799955122539647
SE300_10000m,2022-03-01 00:55:00.000000000,-0.5430689015749426,46.63842341225433,10000.0,26435.887460311165,218.07242,0.5245100758311193,0.8746492613691578,1.0,0.0,0.0,13.799899903102178
SE300_10000m,2022-03-01 00:56:00.000000000,-0.377835309858292,46.688855624514794,10000.0,26435.887460311165,218.04176,0.5068004759171402,0.8453020551851074,1.0,0.0,0.0,13.799858207093365
SE300_10000m,2022-03-01 00:57:00.000000000,-0.2131912681963776,46.74042109286749,10000.0,26435.887460311165,217.99629,0.4951285074590696,0.8261030062740446,1.0,0.0,0.0,13.799829280159116
SE300_10000m,2022-03-01 00:58:00.000000000,-0.04916646701883233,46.79313775964325,10000.0,26435.887460311165,217.92328,0.4948224189820442,0.8260225611488935,1.0,0.0,0.0,13.79993856445495
SE300_10000m,2022-03-01 00:59:00.000000000,0.11420029927184533,46.84703722249979,10000.0,26435.887460311165,217.83728,0.500308702799889,0.835692565179417,1.0,0.0,0.0,13.79996955892223
SE300_10000m,2022-03-01 01:00:00.000000000,0.27688140908480113,46.902128257861705,10000.0,26435.887460311165,217.74628,0.5112328576134806,0.8544957076155467,1.0,0.0,0.0,13.799926959081223
SE300_10000m,2022-03-01 01:01:00.000000000,0.438849667981463,46.95841783547599,10000.0,26435.887460311165,217.65556,0.5260882570976994,0.8798905566504984,1.0,0.0,0.0,13.799893852013716
SE300_10000m,2022-03-01 01:02:00.000000000,0.6000727740860768,47.01592001037581,10000.0,26435.887460311165,217.56369,0.5571200045027945,0.9323995949212538,1.0,0.0,0.0,13.799869363286506
SE300_10000m,2022-03-01 01:03:00.000000000,0.7605179269161277,47.07464769446773,10000.0,26435.887460311165,217.4704,0.5994793761089778,1.003953368133417,1.0,1.0,1.0,13.799852589362281
SE300_10000m,2022-03-01 01:04:00.000000000,0.9201519117168845,47.134612583081385,10000.0,26435.887460311165,217.40073,0.6146258380858978,1.0298271618888093,1.0,1.0,1.0,13.799842614878617
SE300_10000m,2022-03-01 01:05:00.000000000,1.0789411918936758,47.19582508470264,10000.0,26435.887460311165,217.3367,0.6270222974901245,1.051074026138078,1.0,1.0,1.0,13.799838529243013
SE300_10000m,2022-03-01 01:06:00.000000000,1.2368520092383108,47.25829425467772,10000.0,26435.887460311165,217.27678,0.6359561508243727,1.066499203892322,1.0,1.0,1.0,13.799876866546041
SE300_10000m,2022-03-01 01:07:00.000000000,1.3938473165821008,47.32203199426873,10000.0,26435.887460311165,217.23622,0.635462554608361,1.0659775040006874,1.0,1.0,1.0,13.799942917448703
SE300_10000m,2022-03-01 01:08:00.000000000,1.5498901889753822,47.3870480343122,10000.0,26435.887460311165,217.2032,0.6342631251313001,1.0642115163603514,1.0,1.0,1.0,13.799920178062731
SE300_10000m,2022-03-01 01:09:00.000000000,1.7049533463523827,47.45333813341837,10000.0,26435.887460311165,217.18422,0.6358381575900647,1.0669968225300703,1.0,1.0,1.0,13.799901838099993
SE300_10000m,2022-03-01 01:10:00.000000000,1.8590033213463568,47.520905407626245,10000.0,26435.887460311165,217.17645,0.6393726056351023,1.0729858502709362,1.0,1.0,1.0,13.799887293527398
SE300_10000m,2022-03-01 01:11:00.000000000,2.012007016984171,47.5897513827345,10000.0,26435.887460311165,217.17511,0.6331568476626297,1.0625652086700514,1.0,1.0,1.0,13.799875987476957
SE300_10000m,2022-03-01 01:12:00.000000000,2.163931839703012,47.65987596660173,10000.0,26435.887460311165,217.22192,0.6001222984376614,1.0067940656875312,1.0,1.0,1.0,13.799867414257367
SE300_10000m,2022-03-01 01:13:00.000000000,2.314745834711466,47.731277430010806,10000.0,26435.887460311165,217.27115,0.569701349610554,0.955427637164968,1.0,0.0,0.0,13.79986112160491
SE300_10000m,2022-03-01 01:14:00.000000000,2.464417822502351,47.803952396494196,10000.0,26435.887460311165,217.32549,0.5319272983745983,0.8917370737384231,1.0,0.0,0.0,13.799856711263853
SE300_10000m,2022-03-01 01:15:00.000000000,2.612917535261573,47.8778958414121,10000.0,26435.887460311165,217.39732,0.48672396952307106,0.8155433781458895,1.0,0.0,0.0,13.799853838060324
SE300_10000m,2022-03-01 01:16:00.000000000,2.7602157518746306,47.95310110046092,10000.0,26435.887460311165,217.47441,0.44266426871909786,0.7413136305199498,1.0,0.0,0.0,13.799852207655555
SE300_10000m,2022-03-01 01:17:00.000000000,2.9062844302118105,48.02955988766962,10000.0,26435.887460311165,217.50911,0.42258249455810004,0.7075098462734867,1.0,0.0,0.0,13.79985157322805
SE300_10000m,2022-03-01 01:18:00.000000000,3.0510968353758763,48.107262322817675,10000.0,26435.887460311165,217.54816,0.4055237230555221,0.6787620548447922,1.0,0.0,0.0,13.799851731309705
SE300_10000m,2022-03-01 01:19:00.000000000,3.194627662622798,48.186196968083735,10000.0,26435.887460311165,217.58116,0.39353790480780027,0.6585455041212172,1.0,0.0,0.0,13.799852517072448
SE300_10000m,2022-03-01 01:20:00.000000000,3.336853153716783,48.266350873611614,10000.0,26435.887460311165,217.57567,0.3968707137937573,0.6641483825553263,1.0,0.0,0.0,13.799853799274926
SE300_10000m,2022-03-01 01:21:00.000000000,3.477751205554692,48.34770963156201,10000.0,26435.887460311165,217.5503,0.40672199007471393,0.68075660639261,1.0,0.0,0.0,13.799855475147337
SE300_10000m,2022-03-01 01:22:00.000000000,3.6173014699906596,48.43025743810834,10000.0,26435.887460311165,217.525,0.4224715221612888,0.7072462407250185,1.0,0.0,0.0,13.799857465413126
SE300_10000m,2022-03-01 01:23:00.000000000,3.7554854439068923,48.51397716273454,10000.0,26435.887460311165,217.49677,0.4394911150037948,0.735883486002505,1.0,0.0,0.0,13.799859709619728
SE300_10000m,2022-03-01 01:24:00.000000000,3.8922865487092255,48.59885042410441,10000.0,26435.887460311165,217.45871,0.46466174657964326,0.778238789829364,1.0,0.0,0.0,13.799862161928871
SE300_10000m,2022-03-01 01:25:00.000000000,4.02769019857205,48.684857671698204,10000.0,26435.887460311165,217.4318,0.4838061749669451,0.8104575246201882,1.0,0.0,0.0,13.799864787457832
SE300_10000m,2022-03-01 01:26:00.000000000,4.161683856914215,48.771978272353195,10000.0,26435.887460311165,217.42773,0.48936862933135944,0.819799216517959,1.0,0.0,0.0,13.799867559220717
SE300_10000m,2022-03-01 01:27:00.000000000,4.294257080750812,48.86019060080305,10000.0,26435.887460311165,217.41576,0.49270685574877354,0.8254604497801787,1.0,0.0,0.0,13.799870455675817
SE300_10000m,2022-03-01 01:28:00.000000000,4.425401552732267,48.949472133285106,10000.0,26435.887460311165,217.41728,0.4947127449525397,0.8288118436392778,1.0,0.0,0.0,13.799873458858546
SE300_10000m,2022-03-01 01:29:00.000000000,4.555111100847396,49.03979954327658,10000.0,26435.887460311165,217.42395,0.4978812436197937,0.8340814022789957,1.0,0.0,0.0,13.799876553023775
SE300_10000m,2022-03-01 01:30:00.000000000,4.683381705928327,49.13114879842825,10000.0,26435.887460311165,217.4312,0.503519905740234,0.8434849623350091,1.0,0.0,0.0,13.799879723722647
SE300_10000m,2022-03-01 01:31:00.000000000,4.810211497247854,49.223495257787874,10000.0,26435.887460311165,217.43823,0.5109049984200205,0.8558146297824406,1.0,0.0,0.0,13.799919365692398
SE300_10000m,2022-03-01 01:32:00.000000000,4.935595630368147,49.31681712733022,10000.0,26435.887460311165,217.44467,0.5207123992297509,0.8721994170487711,1.0,0.0,0.0,13.799931686641097
SE300_10000m,2022-03-01 01:33:00.000000000,5.059539182181292,49.41108685008411,10000.0,26435.887460311165,217.4411,0.5304820325699188,0.888589211545707,1.0,0.0,0.0,13.79992864196009
SE300_10000m,2022-03-01 01:34:00.000000000,5.1820483281710095,49.50627734124213,10000.0,26435.887460311165,217.42941,0.5406207240320258,0.905647062986446,1.0,0.0,0.0,13.79992542723575
SE300_10000m,2022-03-01 01:35:00.000000000,5.30312950965722,49.60236246837148,10000.0,26435.887460311165,217.42903,0.5505387420703496,0.9222616473832198,1.0,0.0,0.0,13.79992202274425
SE300_10000m,2022-03-01 01:36:00.000000000,5.422791144289581,49.69931594765079,10000.0,26435.887460311165,217.4304,0.5590534648786327,0.9365173095301309,1.0,0.0,0.0,13.79991842157679
SE300_10000m,2022-03-01 01:37:00.000000000,5.5410435635958715,49.79711142708788,10000.0,26435.887460311165,217.43115,0.5655970053970303,0.9474746827893038,1.0,0.0,0.0,13.799914628106817
SE300_10000m,2022-03-01 01:38:00.000000000,5.657898943636392,49.89572256532756,10000.0,26435.887460311165,217.43633,0.5710675579245433,0.9566028367567069,1.0,0.0,0.0,13.799910655943918
SE300_10000m,2022-03-01 01:39:00.000000000,5.773371229739555,49.99512310567344,10000.0,26435.887460311165,217.4427,0.5790582121606663,0.9699453079062864,1.0,0.0,0.0,13.799906525438134
SE300_10000m,2022-03-01 01:40:00.000000000,5.887476056302651,50.09528694503158,10000.0,26435.887460311165,217.44254,0.57902504702536,0.9698898964122181,1.0,0.0,0.0,13.799902260754607
SE300_10000m,2022-03-01 01:41:00.000000000,6.000230662635374,50.196188197564716,10000.0,26435.887460311165,217.45468,0.5828603395134752,0.9762315081619357,1.0,0.0,0.0,13.799897886625313
SE300_10000m,2022-03-01 01:42:00.000000000,6.111653805802777,50.29780125292324,10000.0,26435.887460311165,217.46626,0.5825553135905631,0.9756386557218589,1.0,0.0,0.0,13.799893424849955
SE300_10000m,2022-03-01 01:43:00.000000000,6.221765671390703,50.400100828991334,10000.0,26435.887460311165,217.47664,0.5772250012526634,0.9666414562163235,1.0,0.0,0.0,13.799888890666624
SE300_10000m,2022-03-01 01:44:00.000000000,6.33058778307272,50.50306201915295,10000.0,26435.887460311165,217.48293,0.5665027884012438,0.9486458454737302,1.0,0.0,0.0,13.799907359911602
SE300_10000m,2022-03-01 01:45:00.000000000,6.438139536584802,50.60666199791502,10000.0,26435.887460311165,217.48553,0.5497669919785534,0.9206021100133757,1.0,0.0,0.0,13.799994328475329
SE300_10000m,2022-03-01 01:46:00.000000000,6.5444343580036,50.710881708493986,10000.0,26435.887460311165,217.49069,0.5357244853842345,0.8970561532720678,1.0,0.0,0.0,13.79997637468571
SE300_10000m,2022-03-01 01:47:00.000000000,6.649510802221569,50.815690794593735,10000.0,26435.887460311165,217.49364,0.5274564867547837,0.8831916477163213,1.0,0.0,0.0,13.799958809701959
SE300_10000m,2022-03-01 01:48:00.000000000,6.753394948405539,50.92106618423236,10000.0,26435.887460311165,217.49675,0.5238388230436114,0.8771152821663067,1.0,0.0,0.0,13.799941666587468
SE300_10000m,2022-03-01 01:49:00.000000000,6.856113776328036,51.02698534025463,10000.0,26435.887460311165,217.49564,0.5168145563879409,0.8653601058423903,1.0,0.0,0.0,13.799924949685485
SE300_10000m,2022-03-01 01:50:00.000000000,6.957695083084302,51.13342627790773,10000.0,26435.887460311165,217.50516,0.503790551085942,0.8434968977543224,1.0,0.0,0.0,13.799908631897907
SE300_10000m,2022-03-01 01:51:00.000000000,7.0581674029999295,51.240367578206516,10000.0,26435.887460311165,217.50461,0.4909390482114326,0.8219828523174356,1.0,0.0,0.0,13.799892652811895
SE300_10000m,2022-03-01 01:52:00.000000000,7.157559931092916,51.34778839737794,10000.0,26435.887460311165,217.4985,0.47537876759115893,0.7959626892744146,1.0,0.0,0.0,13.800010730488667
SE300_10000m,2022-03-01 01:53:00.000000000,7.255884150112056,51.45567635190947,10000.0,26435.887460311165,217.4952,0.45809932809277093,0.7670493028489525,1.0,0.0,0.0,13.800000137127762
SE300_10000m,2022-03-01 01:54:00.000000000,7.353186603679144,51.56400452836604,10000.0,26435.887460311165,217.48724,0.4336352901769674,0.7261274508736797,1.0,0.0,0.0,13.799971313201121
SE300_10000m,2022-03-01 01:55:00.000000000,7.449500612967216,51.67275274611929,10000.0,26435.887460311165,217.48253,0.40660670288482326,0.6808904628869077,1.0,0.0,0.0,13.799943541798804
SE300_10000m,2022-03-01 01:56:00.000000000,7.544857466724552,51.78190246830329,10000.0,26435.887460311165,217.46028,0.3835348583897304,0.6423563934794859,1.0,0.0,0.0,13.799916649563205
SE300_10000m,2022-03-01 01:57:00.000000000,7.639288793327776,51.89143573434852,10000.0,26435.887460311165,217.4182,0.3644042741679016,0.610498169302067,1.0,0.0,0.0,13.799932313293363
SE300_10000m,2022-03-01 01:58:00.000000000,7.732821305918333,52.00133726070001,10000.0,26435.887460311165,217.38521,0.3446863231717344,0.5775977396144588,1.0,0.0,0.0,13.80003333198855
SE300_10000m,2022-03-01 01:59:00.000000000,7.825476788239573,52.11159431154623,10000.0,26435.887460311165,217.3534,0.3320995690417451,0.5566304594845174,1.0,0.0,0.0,13.799995216510661
SE300_10000m,2022-03-01 02:00:00.000000000,7.917304243785287,52.22218382186598,10000.0,26435.887460311165,217.32262,0.31877091452995354,0.5344072888313659,1.0,0.0,0.0,13.799958560664225
SE300_10000m,2022-03-01 02:01:00.000000000,8.008336323375746,52.33309002902085,10000.0,26435.887460311165,217.29292,0.3120213025020453,0.5232003181801135,1.0,0.0,0.0,13.799923044238488
SE300_10000m,2022-03-01 02:02:00.000000000,8.098605800916141,52.444297691874105,10000.0,26435.887460311165,217.26231,0.319822491882262,0.536398150647726,1.0,0.0,0.0,13.799963857075591
SE300_10000m,2022-03-01 02:03:00.000000000,8.188137427544422,52.55579524761383,10000.0,26435.887460311165,217.23843,0.3274777082575528,0.5493289994880394,1.0,0.0,0.0,13.800034596545581
SE300_10000m,2022-03-01 02:04:00.000000000,8.276961525962989,52.667569434983946,10000.0,26435.887460311165,217.22276,0.33435927744912497,0.5609347419030788,1.0,0.0,0.0,13.799990498647913
SE300_10000m,2022-03-01 02:05:00.000000000,8.365123430286324,52.77960167421167,10000.0,26435.887460311165,217.21318,0.34116591994235085,0.5723904787934786,1.0,0.0,0.0,13.799947789998976
SE300_10000m,2022-03-01 02:06:00.000000000,8.452656266188676,52.89187864729551,10000.0,26435.887460311165,217.2115,0.34428076261774576,0.577624315608561,1.0,0.0,0.0,13.799912903462701
SE300_10000m,2022-03-01 02:07:00.000000000,8.539592542758436,53.00438771749574,10000.0,26435.887460311165,217.2138,0.34588055287228603,0.5802982613245719,1.0,0.0,0.0,13.800058021260073
SE300_10000m,2022-03-01 02:08:00.000000000,8.62594999858112,53.11712245653459,10000.0,26435.887460311165,217.21747,0.3510237392651837,0.5889133145139609,1.0,0.0,0.0,13.800008898397506
SE300_10000m,2022-03-01 02:09:00.000000000,8.711779771754362,53.23006384185974,10000.0,26435.887460311165,217.22684,0.35527319142655245,0.5960038157549344,1.0,0.0,0.0,13.79996116134946
SE300_10000m,2022-03-01 02:10:00.000000000,8.797115062193472,53.34320020235289,10000.0,26435.887460311165,217.23845,0.35829037595590596,0.6010158814850596,1.0,0.0,0.0,13.799914342500696
SE300_10000m,2022-03-01 02:11:00.000000000,8.881989044207318,53.456520230950616,10000.0,26435.887460311165,217.25446,0.35973894722386546,0.6033789056218071,1.0,0.0,0.0,13.800056805080397
SE300_10000m,2022-03-01 02:12:00.000000000,8.96642234201507,53.570018118781924,10000.0,26435.887460311165,217.26973,0.3592160420599214,0.6024347885737485,1.0,0.0,0.0,13.80001488483968
SE300_10000m,2022-03-01 02:13:00.000000000,9.050462221969632,53.683677662681134,10000.0,26435.887460311165,217.28265,0.3577424644129251,0.5999103036790647,1.0,0.0,0.0,13.799963995270625
SE300_10000m,2022-03-01 02:14:00.000000000,9.134142586530254,53.79748825720407,10000.0,26435.887460311165,217.289,0.3578628473028053,0.600084760237318,1.0,0.0,0.0,13.799922502029784
SE300_10000m,2022-03-01 02:15:00.000000000,9.21749617604889,53.91144006894322,10000.0,26435.887460311165,217.28902,0.35785280994970703,0.600067836068158,1.0,0.0,0.0,13.800065135036911
SE300_10000m,2022-03-01 02:16:00.000000000,9.300548152026904,54.02552715409191,10000.0,26435.887460311165,217.295,0.35578570619865646,0.596576404451669,1.0,0.0,0.0,13.800011699727548
SE300_10000m,2022-03-01 02:17:00.000000000,9.383342699352585,54.139735301366095,10000.0,26435.887460311165,217.30522,0.35148639369687745,0.5893256183830551,1.0,0.0,0.0,13.799959214664158
SE300_10000m,2022-03-01 02:18:00.000000000,9.465913075763032,54.25405525111864,10000.0,26435.887460311165,217.31628,0.34698818529106845,0.5817368040888122,1.0,0.0,0.0,13.799954695500805
SE300_10000m,2022-03-01 02:19:00.000000000,9.548291271989749,54.368478740869854,10000.0,26435.887460311165,217.30211,0.3475027166037628,0.5826580276127672,1.0,0.0,0.0,13.800056822058593
SE300_10000m,2022-03-01 02:20:00.000000000,9.630509327673666,54.482998273582915,10000.0,26435.887460311165,217.29492,0.3460935795715643,0.5803246887773139,1.0,0.0,0.0,13.800003353911883
SE300_10000m,2022-03-01 02:21:00.000000000,9.712605936129933,54.597602385253914,10000.0,26435.887460311165,217.2887,0.3426587066288501,0.5745901741041554,1.0,0.0,0.0,13.799950665850734
SE300_10000m,2022-03-01 02:22:00.000000000,9.794614620075404,54.712282590553784,10000.0,26435.887460311165,217.28165,0.338808461832306,0.5681621257189314,1.0,0.0,0.0,13.799990764037222
SE300_10000m,2022-03-01 02:23:00.000000000,9.87656872233548,54.827031516235536,10000.0,26435.887460311165,217.25552,0.3412545258031559,0.572369359156032,1.0,0.0,0.0,13.800046345161974
SE300_10000m,2022-03-01 02:24:00.000000000,9.958503926482313,54.941840644292064,10000.0,26435.887460311165,217.23892,0.3400656104000927,0.5704422366519579,1.0,0.0,0.0,6.9883400618626155
SE300_10000m,2022-03-01 02:24:30.384478056,10.0,55.0,10000.0,26435.887460311165,217.23807,0.3366731536586372,0.5647556396200307,1.0,0.0,0.0,0.0
SE150_10000m,2022-03-01 00:00:00.000000000,-10.0,45.0,10000.0,26435.887460311165,216.95612,0.6586592503018068,1.1070624675005605,1.0,1.0,1.0,13.80012726002068
SE150_10000m,2022-03-01 00:01:00.000000000,-9.836431642797,45.045121130229205,10000.0,26435.887460311165,217.00977,0.6648792687093735,1.1170988177440115,1.0,1.0,1.0,13.800024302957672
SE150_10000m,2022-03-01 00:02:00.000000000,-9.672759223046917,45.090285049668914,10000.0,26435.887460311165,217.08089,0.672476664773925,1.1292998464118926,1.0,1.0,1.0,13.799923238621663
SE150_10000m,2022-03-01 00:03:00.000000000,-9.50898890519688,45.13550361076471,10000.0,26435.887460311165,217.1617,0.6812880465366413,1.143447094994176,1.0,1.0,1.0,13.799981346727925
SE150_10000m,2022-03-01 00:04:00.000000000,-9.345125476358415,45.180790054154784,10000.0,26435.887460311165,217.23459,0.6896197514009451,1.1568377312277056,1.0,1.0,1.0,13.800080873423171
SE150_10000m,2022-03-01 00:05:00.000000000,-9.181175224908586,45.22615740005868,10000.0,26435.887460311165,217.2996,0.6978922799483862,1.1701797030454573,1.0,1.0,1.0,13.799983737441421
SE150_10000m,2022-03-01 00:06:00.000000000,-9.017146384169887,45.27161625842161,10000.0,26435.887460311165,217.3546,0.7065732103242861,1.1842751460033307,1.0,1.0,1.0,13.79988897632448
SE150_10000m,2022-03-01 00:07:00.000000000,-8.853045297929496,45.317178693387554,10000.0,26435.887460311165,217.40587,0.7036659643148323,1.1789757953605557,1.0,1.0,1.0,13.800065641209015
SE150_10000m,2022-03-01 00:08:00.000000000,-8.688876720324153,45.362860471476345,10000.0,26435.887460311165,217.45287,0.6975526599732282,1.1683439703176524,1.0,1.0,1.0,13.800048857893678
SE150_10000m,2022-03-01 00:09:00.000000000,-8.524648799231604,45.40867194950511,10000.0,26435.887460311165,217.48022,0.692212054628659,1.1591756980874635,1.0,1.0,1.0,13.799958419812802
SE150_10000m,2022-03-01 00:10:00.000000000,-8.360368596027744,45.454624395530494,10000.0,26435.887460311165,217.50716,0.6856215526298381,1.1479198921680047,1.0,1.0,1.0,13.799870856695179
SE150_10000m,2022-03-01 00:11:00.000000000,-8.196042721921778,45.50073005032974,10000.0,26435.887460311165,217.53607,0.6778377136574978,1.1346547930731146,1.0,1.0,1.0,13.800112955671663
SE150_10000m,2022-03-01 00:12:00.000000000,-8.031676818637944,45.54700725639003,10000.0,26435.887460311165,217.56027,0.6649929696003359,1.1129635240908673,1.0,1.0,1.0,13.800032571942422
SE150_10000m,2022-03-01 00:13:00.000000000,-7.867279234753408,45.5934632048849,10000.0,26435.887460311165,217.5575,0.6631555063575413,1.1099094668620877,1.0,1.0,1.0,13.799949515335356
SE150_10000m,2022-03-01 00:14:00.000000000,-7.702856863635055,45.64011013364058,10000.0,26435.887460311165,217.55954,0.6625767082492567,1.1089248653005999,1.0,1.0,1.0,13.799873095167298
SE150_10000m,2022-03-01 00:15:00.000000000,-7.538416670956573,45.68696048525682,10000.0,26435.887460311165,217.56938,0.6642978695037763,1.111726393024977,1.0,1.0,1.0,13.800111375829376
SE150_10000m,2022-03-01 00:16:00.000000000,-7.373965658630258,45.734033932256615,10000.0,26435.887460311165,217.61261,0.6697186724226176,1.1204550463240879,1.0,1.0,1.0,13.800032610901576
SE150_10000m,2022-03-01 00:17:00.000000000,-7.20951160328904,45.78133628138249,10000.0,26435.887460311165,217.67519,0.6715452392646908,1.1230141297103289,1.0,1.0,1.0,13.7999573086337
SE150_10000m,2022-03-01 00:18:00.000000000,-7.045061800558293,45.82887995045534,10000.0,26435.887460311165,217.74614,0.6721448254305888,1.1234491798845851,1.0,1.0,1.0,13.799885727202566
SE150_10000m,2022-03-01 00:19:00.000000000,-6.88062366714342,45.87667737440864,10000.0,26435.887460311165,217.83685,0.6691545682929416,1.117730937167465,1.0,1.0,1.0,13.80006073873718
SE150_10000m,2022-03-01 00:20:00.000000000,-6.71620541598116,45.92474776005363,10000.0,26435.887460311165,217.92764,0.6650036208362774,1.1100776760592685,1.0,1.0,1.0,13.800048697510606
SE150_10000m,2022-03-01 00:21:00.000000000,-6.551814653756385,45.97309897296985,10000.0,26435.887460311165,217.99918,0.6644339553305791,1.108559341029458,1.0,1.0,1.0,13.799981119647454
SE150_10000m,2022-03-01 00:22:00.000000000,-6.387459073874445,46.02174187372145,10000.0,26435.887460311165,218.0746,0.6619508711721417,1.1038225971459665,1.0,1.0,1.0,13.799917510913888
SE150_10000m,2022-03-01 00:23:00.000000000,-6.22314662439231,46.07068887725351,10000.0,26435.887460311165,218.15102,0.6600295784061396,1.100012915975079,1.0,1.0,1.0,13.799939504458223
SE150_10000m,2022-03-01 00:24:00.000000000,-6.058885874647775,46.119954998873546,10000.0,26435.887460311165,218.20575,0.6621671801747459,1.1031447323371748,1.0,1.0,1.0,13.800079738930012
SE150_10000m,2022-03-01 00:25:00.000000000,-5.894686049200961,46.16955672496521,10000.0,26435.887460311165,218.24161,0.6628316062666553,1.1039635740038911,1.0,1.0,1.0,13.800019409835523
SE150_10000m,2022-03-01 00:26:00.000000000,-5.730554538015731,46.21950015144322,10000.0,26435.887460311165,218.26314,0.6635036267137078,1.1049154639338812,1.0,1.0,1.0,13.799963136685605
SE150_10000m,2022-03-01 00:27:00.000000000,-5.566499892758305,46.26979756415797,10000.0,26435.887460311165,218.25967,0.6613718014776492,1.1013909134090814,1.0,1.0,1.0,13.799911090254765
SE150_10000m,2022-03-01 00:28:00.000000000,-5.4025308274449655,46.3204612062811,10000.0,26435.887460311165,218.22977,0.6604110057169258,1.100026540131303,1.0,1.0,1.0,13.79994767662838
SE150_10000m,2022-03-01 00:29:00.000000000,-5.238657050065581,46.37150638613572,10000.0,26435.887460311165,218.18712,0.6598949700076849,1.0995070455499338,1.0,1.0,1.0,13.800070135159773
SE150_10000m,2022-03-01 00:30:00.000000000,-5.074888722861169,46.42294865491659,10000.0,26435.887460311165,218.12767,0.6603583351332667,1.1007486000132904,1.0,1.0,1.0,13.800020132681343
SE150_10000m,2022-03-01 00:31:00.000000000,-4.911233507169936,46.474793823596414,10000.0,26435.887460311165,218.07292,0.6570399258995259,1.0956443909615965,1.0,1.0,1.0,13.799974215737032
SE150_10000m,2022-03-01 00:32:00.000000000,-4.74770078409617,46.5270538327157,10000.0,26435.887460311165,218.01408,0.6494825979754303,1.08349696720905,1.0,1.0,1.0,13.799932478345237
SE150_10000m,2022-03-01 00:33:00.000000000,-4.584300108644971,46.57974053149044,10000.0,26435.887460311165,217.9448,0.6345336785429416,1.0590830805440175,1.0,1.0,1.0,13.799894994380026
SE150_10000m,2022-03-01 00:34:00.000000000,-4.421041210672145,46.63286566673148,10000.0,26435.887460311165,217.86665,0.6192019100196345,1.034071220086883,1.0,1.0,1.0,13.80001684297156
SE150_10000m,2022-03-01 00:35:00.000000000,-4.257936291571115,46.68644740774983,10000.0,26435.887460311165,217.78223,0.6040218277529364,1.0093269620524423,1.0,1.0,1.0,13.800044972148138
SE150_10000m,2022-03-01 00:36:00.000000000,-4.094994384122554,46.74049364053963,10000.0,26435.887460311165,217.70093,0.5915227455485245,0.9890119832543589,1.0,0.0,0.0,13.800007497494695
SE150_10000m,2022-03-01 00:37:00.000000000,-3.9322247884021424,46.79501290851713,10000.0,26435.887460311165,217.62624,0.5909893317403098,0.9886425410877913,1.0,0.0,0.0,13.799973864874092
SE150_10000m,2022-03-01 00:38:00.000000000,-3.7696379152891786,46.8500163910986,10000.0,26435.887460311165,217.55632,0.6039535931541523,1.0108344954330004,1.0,1.0,1.0,13.799944068317217
SE150_10000m,2022-03-01 00:39:00.000000000,-3.6072443448196396,46.90551510360076,10000.0,26435.887460311165,217.49101,0.6167715918290809,1.0327645715690992,1.0,1.0,1.0,13.799918080631086
SE150_10000m,2022-03-01 00:40:00.000000000,-3.445054822972194,46.961519883674775,10000.0,26435.887460311165,217.42897,0.6245532590248606,1.0462525551281465,1.0,1.0,1.0,13.799895853382177
SE150_10000m,2022-03-01 00:41:00.000000000,-3.2830802576185896,47.018041377391526,10000.0,26435.887460311165,217.37724,0.622208287037937,1.042704515689074,1.0,1.0,1.0,13.800040803951173
SE150_10000m,2022-03-01 00:42:00.000000000,-3.1213351143305124,47.07509771518251,10000.0,26435.887460311165,217.34279,0.6179045673933751,1.035745313310563,1.0,1.0,1.0,13.800027673827037
SE150_10000m,2022-03-01 00:43:00.000000000,-2.959827685126651,47.13269202492465,10000.0,26435.887460311165,217.31018,0.6134657962617266,1.0285394491548863,1.0,1.0,1.0,13.800002690700621
SE150_10000m,2022-03-01 00:44:00.000000000,-2.798569022445046,47.19083358542042,10000.0,26435.887460311165,217.27295,0.6089390973903549,1.0212183282916176,1.0,1.0,1.0,13.799980854955594
SE150_10000m,2022-03-01 00:45:00.000000000,-2.637570604064745,47.24953210121031,10000.0,26435.887460311165,217.23615,0.6082916964838373,1.020398899753982,1.0,1.0,1.0,13.799962065480143
SE150_10000m,2022-03-01 00:46:00.000000000,-2.476844035102402,47.30879701309473,10000.0,26435.887460311165,217.21558,0.610345142406606,1.023989679049016,1.0,1.0,1.0,13.79994620571794
SE150_10000m,2022-03-01 00:47:00.000000000,-2.316401038274034,47.36863748307752,10000.0,26435.887460311165,217.2059,0.6115033170913576,1.026000705424702,1.0,1.0,1.0,13.79993314483908
SE150_10000m,2022-03-01 00:48:00.000000000,-2.1562534431136675,47.42906237927362,10000.0,26435.887460311165,217.18317,0.611990130387468,1.0269847385392141,1.0,1.0,1.0,13.799922739070437
SE150_10000m,2022-03-01 00:49:00.000000000,-1.9964131741335156,47.490080260839896,10000.0,26435.887460311165,217.16177,0.612237826313753,1.0275554731443857,1.0,1.0,1.0,13.799914833153467
SE150_10000m,2022-03-01 00:50:00.000000000,-1.8368922379156185,47.55169936299089,10000.0,26435.887460311165,217.15451,0.6249899902580504,1.0490108846042363,1.0,1.0,1.0,13.799975015565277
SE150_10000m,2022-03-01 00:51:00.000000000,-1.67770459011956,47.613930956688954,10000.0,26435.887460311165,217.13086,0.6378129043467129,1.0707092501765474,1.0,1.0,1.0,13.800013272907114
SE150_10000m,2022-03-01 00:52:00.000000000,-1.5188619197753457,47.67678157788318,10000.0,26435.887460311165,217.10538,0.6508945593248676,1.092868011869782,1.0,1.0,1.0,13.799999691618856
SE150_10000m,2022-03-01 00:53:00.000000000,-1.3603749450423746,47.740255761241144,10000.0,26435.887460311165,217.08162,0.6644488424144384,1.1158108113436498,1.0,1.0,1.0,13.799988056262253
SE150_10000m,2022-03-01 00:54:00.000000000,-1.2022558312407317,47.80436028506229,10000.0,26435.887460311165,217.05838,0.6770628089336578,1.137178640453911,1.0,1.0,1.0,13.799978220943329
SE150_10000m,2022-03-01 00:55:00.000000000,-1.0445167455462672,47.86910153425499,10000.0,26435.887460311165,217.05414,0.6842649921032553,1.1493095470469326,1.0,1.0,1.0,13.799970037281168
SE150_10000m,2022-03-01 00:56:00.000000000,-0.8871698379018592,47.934485487305245,10000.0,26435.887460311165,217.0576,0.6879515623368744,1.1554745167779317,1.0,1.0,1.0,13.799963355926995
SE150_10000m,2022-03-01 00:57:00.000000000,-0.7302272209702393,48.000517703803816,10000.0,26435.887460311165,217.06659,0.6920497073372115,1.1622836853444338,1.0,1.0,1.0,13.79995802803517
SE150_10000m,2022-03-01 00:58:00.000000000,-0.5737009491721317,48.06720331260219,10000.0,26435.887460311165,217.09297,0.6806800450810057,1.1429759928246528,1.0,1.0,1.0,13.799953906688991
SE150_10000m,2022-03-01 00:59:00.000000000,-0.4176029968609053,48.134547000666814,10000.0,26435.887460311165,217.1053,0.676341481916106,1.1355942911696215,1.0,1.0,1.0,13.799950848246082
SE150_10000m,2022-03-01 01:00:00.000000000,-0.26194523569280626,48.2025530026993,10000.0,26435.887460311165,217.10791,0.67971907771055,1.1412448022863553,1.0,1.0,1.0,13.799948713590943
SE150_10000m,2022-03-01 01:01:00.000000000,-0.10673941125891286,48.27122509158753,10000.0,26435.887460311165,217.08319,0.6875317988909309,1.154561779812952,1.0,1.0,1.0,13.79994736928005
SE150_10000m,2022-03-01 01:02:00.000000000,0.04800288094753062,48.34056656975017,10000.0,26435.887460311165,217.04405,0.6863303769683443,1.1528598604534093,1.0,1.0,1.0,13.799946688569213
SE150_10000m,2022-03-01 01:03:00.000000000,0.20227022014792695,48.41058026143292,10000.0,26435.887460311165,216.97,0.6612245826645906,1.1112650268728241,1.0,1.0,1.0,13.799946552297554
SE150_10000m,2022-03-01 01:04:00.000000000,0.35605138539239484,48.48126850601089,10000.0,26435.887460311165,216.90852,0.6352499229099852,1.0680712381688438,1.0,1.0,1.0,13.799946849643128
SE150_10000m,2022-03-01 01:05:00.000000000,0.5093353810780147,48.552633152346736,10000.0,26435.887460311165,216.85464,0.6103346772313863,1.0265654551768444,1.0,1.0,1.0,13.799947478723869
SE150_10000m,2022-03-01 01:06:00.000000000,0.6621114627729556,48.624675554248434,10000.0,26435.887460311165,216.8139,0.5928701699441583,0.9974753374284917,1.0,0.0,0.0,13.79994834704253
SE150_10000m,2022-03-01 01:07:00.000000000,0.8143691632431224,48.69739656706523,10000.0,26435.887460311165,216.77704,0.5840450155143484,0.9828818926411376,1.0,0.0,0.0,13.7999493717992
SE150_10000m,2022-03-01 01:08:00.000000000,0.9660983185742246,48.770796545453706,10000.0,26435.887460311165,216.74425,0.5933816259106864,0.9988205179607795,1.0,0.0,0.0,13.79995048003083
SE150_10000m,2022-03-01 01:09:00.000000000,1.117289094278694,48.84487534233897,10000.0,26435.887460311165,216.71844,0.6105226933140082,1.0278588574591785,1.0,1.0,1.0,13.799951608623862
SE150_10000m,2022-03-01 01:10:00.000000000,1.2679320112746566,48.91963230908945,10000.0,26435.887460311165,216.69238,0.6308262214314114,1.0622330223521679,1.0,1.0,1.0,13.799952704182816
SE150_10000m,2022-03-01 01:11:00.000000000,1.4180179716226704,48.995066296915844,10000.0,26435.887460311165,216.66269,0.6397944615612601,1.0775597734510072,1.0,1.0,1.0,13.799953722769912
SE150_10000m,2022-03-01 01:12:00.000000000,1.5675382839053495,49.07117565949777,10000.0,26435.887460311165,216.6378,0.6444776569955355,1.085634841518428,1.0,1.0,1.0,13.799954629530447
SE150_10000m,2022-03-01 01:13:00.000000000,1.716484688135715,49.14795825683348,10000.0,26435.887460311165,216.60869,0.6480290402925892,1.0918372664239562,1.0,1.0,1.0,13.799955398210459
SE150_10000m,2022-03-01 01:14:00.000000000,1.8648493800812542,49.22541146030093,10000.0,26435.887460311165,216.58038,0.6440542419324239,1.085353599524123,1.0,1.0,1.0,13.79995601058617
SE150_10000m,2022-03-01 01:15:00.000000000,2.012625034893534,49.303532158910095,10000.0,26435.887460311165,216.55502,0.6380682777079794,1.0754556840657277,1.0,1.0,1.0,13.799956455817108
SE150_10000m,2022-03-01 01:16:00.000000000,2.1598048299363026,49.382316766719676,10000.0,26435.887460311165,216.55396,0.6362957498386694,1.072475839121484,1.0,1.0,1.0,13.799956729737708
SE150_10000m,2022-03-01 01:17:00.000000000,2.30638246670969,49.46176123138349,10000.0,26435.887460311165,216.54768,0.6368653568817635,1.0734809957121412,1.0,1.0,1.0,13.799956834107961
SE150_10000m,2022-03-01 01:18:00.000000000,2.452352191773325,49.54186104378499,10000.0,26435.887460311165,216.5495,0.6384208277279412,1.076089179780185,1.0,1.0,1.0,13.799956775830493
SE150_10000m,2022-03-01 01:19:00.000000000,2.5977088165773314,49.62261124871178,10000.0,26435.887460311165,216.57213,0.6403539693255413,1.0791801016229,1.0,1.0,1.0,13.79995656616336
SE150_10000m,2022-03-01 01:20:00.000000000,2.7424477361172785,49.70400645651563,10000.0,26435.887460311165,216.58264,0.6474865564847136,1.0911219157950027,1.0,1.0,1.0,13.799956219919636
SE150_10000m,2022-03-01 01:21:00.000000000,2.8865649463367,49.786040855697834,10000.0,26435.887460311165,216.60089,0.6500096585220987,1.095231194514896,1.0,1.0,1.0,13.799955754699091
SE150_10000m,2022-03-01 01:22:00.000000000,3.030057060209204,49.86870822635462,10000.0,26435.887460311165,216.60124,0.6525360735687612,1.0994863638553733,1.0,1.0,1.0,13.79995519013116
SE150_10000m,2022-03-01 01:23:00.000000000,3.1729213224409722,49.95200195441263,10000.0,26435.887460311165,216.57684,0.6552917643925468,1.1043188185939756,1.0,1.0,1.0,13.799954547170131
SE150_10000m,2022-03-01 01:24:00.000000000,3.3151556227438537,50.03591504658074,10000.0,26435.887460311165,216.55362,0.6542592885138653,1.102754779398893,1.0,1.0,1.0,13.799953847429615
SE150_10000m,2022-03-01 01:25:00.000000000,3.4567585076388143,50.120440145940954,10000.0,26435.887460311165,216.52563,0.6497921102518287,1.0954393281729482,1.0,1.0,1.0,13.799953112569893
SE150_10000m,2022-03-01 01:26:00.000000000,3.5977291907591393,50.2055695480989,10000.0,26435.887460311165,216.47942,0.6493082042298656,1.094973668418754,1.0,1.0,1.0,13.799952363761612
SE150_10000m,2022-03-01 01:27:00.000000000,3.7380675616331636,50.29129521781229,10000.0,26435.887460311165,216.43875,0.6470164803743451,1.0914172903091974,1.0,1.0,1.0,13.799951621193776
SE150_10000m,2022-03-01 01:28:00.000000000,3.877774192935715,50.377608806014734,10000.0,26435.887460311165,216.43266,0.6343286999475396,1.0700608939793905,1.0,1.0,1.0,13.799950903670743
SE150_10000m,2022-03-01 01:29:00.000000000,4.016850346207797,50.464501667151694,10000.0,26435.887460311165,216.41602,0.6270395769423093,1.0578843485305087,1.0,1.0,1.0,13.799950228263485
SE150_10000m,2022-03-01 01:30:00.000000000,4.1552979760532365,50.55196487674581,10000.0,26435.887460311165,216.4219,0.6172163203946007,1.041269678006805,1.0,1.0,1.0,13.799949610037855
SE150_10000m,2022-03-01 01:31:00.000000000,4.293119732830496,50.63998924910949,10000.0,26435.887460311165,216.4371,0.604317647203441,1.0194025122459371,1.0,1.0,1.0,13.799949061850377
SE150_10000m,2022-03-01 01:32:00.000000000,4.430318963866965,50.72856535512431,10000.0,26435.887460311165,216.47464,0.5835493670251808,0.984112714071431,1.0,0.0,0.0,13.79994859420105
SE150_10000m,2022-03-01 01:33:00.000000000,4.566899713231069,50.81768354000876,10000.0,26435.887460311165,216.52542,0.5666142641631552,0.9552169925607161,1.0,0.0,0.0,13.799948215149703
SE150_10000m,2022-03-01 01:34:00.000000000,4.7028667201056935,50.90733394099859,10000.0,26435.887460311165,216.58269,0.5563768622785885,0.9375852069335407,1.0,0.0,0.0,13.79994793029097
SE150_10000m,2022-03-01 01:35:00.000000000,4.838225415813736,50.99750650486715,10000.0,26435.887460311165,216.64517,0.5490884168290096,0.9248998554601136,1.0,0.0,0.0,13.799947742775208
SE150_10000m,2022-03-01 01:36:00.000000000,4.972981919552942,51.088191005216515,10000.0,26435.887460311165,216.71416,0.544836792646429,0.9172983713893157,1.0,0.0,0.0,13.799947653362603
SE150_10000m,2022-03-01 01:37:00.000000000,5.107143032903265,51.179377059474305,10000.0,26435.887460311165,216.76326,0.5546412225243256,0.9334882067039174,1.0,0.0,0.0,13.799947660531313
SE150_10000m,2022-03-01 01:38:00.000000000,5.2407162331750925,51.27105414553528,10000.0,26435.887460311165,216.80623,0.5669778692277742,0.9539643068998316,1.0,0.0,0.0,13.799947760600894
SE150_10000m,2022-03-01 01:39:00.000000000,5.373709665671124,51.36321161799126,10000.0,26435.887460311165,216.83693,0.5771704634548493,0.9709050644100936,1.0,0.0,0.0,13.799947947884917
SE150_10000m,2022-03-01 01:40:00.000000000,5.506132134938073,51.45583872389784,10000.0,26435.887460311165,216.86433,0.5870439317718297,0.9873239289755245,1.0,0.0,0.0,13.799994284078121
SE150_10000m,2022-03-01 01:41:00.000000000,5.637990992084998,51.54892632605762,10000.0,26435.887460311165,216.88542,0.5913918883943177,0.994491661041507,1.0,0.0,0.0,13.799993019853627
SE150_10000m,2022-03-01 01:42:00.000000000,5.769298495643688,51.642461725682494,10000.0,26435.887460311165,216.90486,0.5941635610795895,0.999016326425601,1.0,0.0,0.0,13.799991218672632
SE150_10000m,2022-03-01 01:43:00.000000000,5.900065405607084,51.736433909838894,10000.0,26435.887460311165,216.9179,0.5906990171024887,0.9930997719189697,1.0,0.0,0.0,13.799989579385084
SE150_10000m,2022-03-01 01:44:00.000000000,6.030303065755939,51.83083184174321,10000.0,26435.887460311165,216.93497,0.5880185028217865,0.9884775848673196,1.0,0.0,0.0,13.799988098905752
SE150_10000m,2022-03-01 01:45:00.000000000,6.160023422307433,51.92564444805877,10000.0,26435.887460311165,216.9582,0.5823091637287671,0.9787212742004303,1.0,0.0,0.0,13.799986772104635
SE150_10000m,2022-03-01 01:46:00.000000000,6.289239010841392,52.02086063102183,10000.0,26435.887460311165,216.98373,0.5735822955867681,0.9638799304693433,1.0,0.0,0.0,13.79998559202363
SE150_10000m,2022-03-01 01:47:00.000000000,6.417962942798604,52.11646927987892,10000.0,26435.887460311165,217.01312,0.558250245786311,0.9379211368651842,1.0,0.0,0.0,13.799984550075866
SE150_10000m,2022-03-01 01:48:00.000000000,6.546208891629884,52.212459281622614,10000.0,26435.887460311165,217.04367,0.5412722529893388,0.9092010459003864,1.0,0.0,0.0,13.79998363624603
SE150_10000m,2022-03-01 01:49:00.000000000,6.6739910786723735,52.30881953101773,10000.0,26435.887460311165,217.0789,0.5206474980060407,0.8743430700685271,1.0,0.0,0.0,13.799982839256913
SE150_10000m,2022-03-01 01:50:00.000000000,6.801324258826523,52.40553893991348,10000.0,26435.887460311165,217.11244,0.49644786165039384,0.8335064936329791,1.0,0.0,0.0,13.799982146724298
SE150_10000m,2022-03-01 01:51:00.000000000,6.928223706104038,52.50260644584096,10000.0,26435.887460311165,217.14214,0.4624786386427942,0.776312512474183,1.0,0.0,0.0,13.799981545292825
SE150_10000m,2022-03-01 01:52:00.000000000,7.054705199113333,52.600011019899206,10000.0,26435.887460311165,217.16092,0.4350870043137699,0.7302373622332471,1.0,0.0,0.0,13.799981020735943
SE150_10000m,2022-03-01 01:53:00.000000000,7.18078500654521,52.697741673935695,10000.0,26435.887460311165,217.17668,0.40843060106234086,0.6854218594336,1.0,0.0,0.0,13.799980558043073
SE150_10000m,2022-03-01 01:54:00.000000000,7.306479872717254,52.795787467030706,10000.0,26435.887460311165,217.18619,0.3859872921694784,0.6477127654963875,1.0,0.0,0.0,13.799980141473945
SE150_10000m,2022-03-01 01:55:00.000000000,7.43180700323114,52.894137511297245,10000.0,26435.887460311165,217.18867,0.36877350294370653,0.6188169729114019,1.0,0.0,0.0,13.799979754588747
SE150_10000m,2022-03-01 01:56:00.000000000,7.55678405079259,52.99278097701079,10000.0,26435.887460311165,217.1953,0.3529886723670975,0.592301891678802,1.0,0.0,0.0,13.799979380247855
SE150_10000m,2022-03-01 01:57:00.000000000,7.6814291012389155,53.091707097085255,10000.0,26435.887460311165,217.19548,0.34611380589876467,0.5807644013929452,1.0,0.0,0.0,13.799979000584997
SE150_10000m,2022-03-01 01:58:00.000000000,7.805760659814739,53.190905170913304,10000.0,26435.887460311165,217.19849,0.34030760570903995,0.5710109970013236,1.0,0.0,0.0,13.7999785969634
SE150_10000m,2022-03-01 01:59:00.000000000,7.929797637731492,53.29036456759102,10000.0,26435.887460311165,217.20448,0.3360097850530584,0.5637753812224805,1.0,0.0,0.0,13.79997814988425
SE150_10000m,2022-03-01 02:00:00.000000000,8.053559339041879,53.39007472854783,10000.0,26435.887460311165,217.21252,0.33346283939611254,0.5594708866775808,1.0,0.0,0.0,13.799977638888924
SE150_10000m,2022-03-01 02:01:00.000000000,8.177065447855622,53.49002516960427,10000.0,26435.887460311165,217.21819,0.33525817375225536,0.5624598448675254,1.0,0.0,0.0,13.799977042425294
SE150_10000m,2022-03-01 02:02:00.000000000,8.300336015918461,53.59020548248066,10000.0,26435.887460311165,217.22571,0.33409375554975995,0.5604774234636012,1.0,0.0,0.0,13.799976337678995
SE150_10000m,2022-03-01 02:03:00.000000000,8.423391450571714,53.690605335780525,10000.0,26435.887460311165,217.24448,0.33013074870348913,0.5537554917034928,1.0,0.0,0.0,13.799975500401588
SE150_10000m,2022-03-01 02:04:00.000000000,8.546252503105483,53.79121447547343,10000.0,26435.887460311165,217.25627,0.32806408438867457,0.5502434001796258,1.0,0.0,0.0,13.799974504693067
SE150_10000m,2022-03-01 02:05:00.000000000,8.668940257514262,53.89202272490183,10000.0,26435.887460311165,217.25969,0.3302719449981359,0.5539329695865263,1.0,0.0,0.0,13.799973322764027
SE150_10000m,2022-03-01 02:06:00.000000000,8.79147611965968,53.993019984336925,10000.0,26435.887460311165,217.28363,0.3266328654236425,0.5477368066907804,1.0,0.0,0.0,13.799971924678127
SE150_10000m,2022-03-01 02:07:00.000000000,8.913881806841097,54.09419623010866,10000.0,26435.887460311165,217.28667,0.3286709494441421,0.5511425953121459,1.0,0.0,0.0,13.799970278067656
SE150_10000m,2022-03-01 02:08:00.000000000,9.036179337771046,54.19554151333479,10000.0,26435.887460311165,217.294,0.32948146616242996,0.5524734373312862,1.0,0.0,0.0,13.79997041466835
SE150_10000m,2022-03-01 02:09:00.000000000,9.158391011297931,54.29704598580628,10000.0,26435.887460311165,217.30031,0.3302292412919335,0.5537031366154923,1.0,0.0,0.0,13.800017053729729
SE150_10000m,2022-03-01 02:10:00.000000000,9.280539263174903,54.3987004214953,10000.0,26435.887460311165,217.30086,0.3314601765190847,0.5557648569791399,1.0,0.0,0.0,13.800016055767795
SE150_10000m,2022-03-01 02:11:00.000000000,9.402647333749906,54.50049441272386,10000.0,26435.887460311165,217.2935,0.33443144453043455,0.5607767810809,1.0,0.0,0.0,13.800014906486217
SE150_10000m,2022-03-01 02:12:00.000000000,9.524738369392237,54.60241828789871,10000.0,26435.887460311165,217.28868,0.3348581015668825,0.5615106013663843,1.0,0.0,0.0,13.800013559615119
SE150_10000m,2022-03-01 02:13:00.000000000,9.646835774843389,54.70446243822304,10000.0,26435.887460311165,217.28851,0.33303437383811824,0.5584529561251982,1.0,0.0,0.0,13.8000119642166
SE150_10000m,2022-03-01 02:14:00.000000000,9.76896320541855,54.80661731451414,10000.0,26435.887460311165,217.2775,0.33505258884796485,0.5618813329011041,1.0,0.0,0.0,13.800010064231042
SE150_10000m,2022-03-01 02:15:00.000000000,9.891144559494588,54.90887342378793,10000.0,26435.887460311165,217.25606,0.33896078093964865,0.5685200755676675,1.0,0.0,0.0,12.287553620997993
SE150_10000m,2022-03-01 02:15:53.424689706,10.0,55.0,10000.0,26435.887460311165,217.26045,0.3338869030433273,0.5599932807501095,1.0,0.0,0.0,0.0
DIR0_10000m,2022-03-01 00:00:00.000000000,-10.0,45.0,10000.0,26435.887460311165,216.95612,0.6586592503018068,1.1070624675005605,1.0,1.0,1.0,13.800081908846277
DIR0_10000m,2022-03-01 00:01:00.000000000,-9.856633604922537,45.07168319753873,10000.0,26435.887460311165,216.9897,0.6636372250569615,1.1151688238792552,1.0,1.0,1.0,13.800053722773516
DIR0_10000m,2022-03-01 00:02:00.000000000,-9.713147625360847,45.14342618731958,10000.0,26435.887460311165,217.03973,0.6693758300991759,1.1244162450814241,1.0,1.0,1.0,13.800026850545295
DIR0_10000m,2022-03-01 00:03:00.000000000,-9.569541647550432,45.21522917622479,10000.0,26435.887460311165,217.0997,0.676870285868975,1.1365249067844014,1.0,1.0,1.0,13.800001279638668
DIR0_10000m,2022-03-01 00:04:00.000000000,-9.425815256223071,45.28709237188847,10000.0,26435.887460311165,217.1612,0.6823589652933791,1.1452464882710665,1.0,1.0,1.0,13.799976997150608
DIR0_10000m,2022-03-01 00:05:00.000000000,-9.281968034603391,45.35901598269831,10000.0,26435.887460311165,217.22273,0.6849953313023502,1.1491761427262706,1.0,1.0,1.0,13.799953989793373
DIR0_10000m,2022-03-01 00:06:00.000000000,-9.137999564405444,45.43100021779728,10000.0,26435.887460311165,217.26945,0.6891329421673555,1.1557382485777394,1.0,1.0,1.0,13.799932243889511
DIR0_10000m,2022-03-01 00:07:00.000000000,-8.993909425829335,45.503045287085335,10000.0,26435.887460311165,217.31062,0.6933169625069807,1.1624166506044213,1.0,1.0,1.0,13.799984646570977
DIR0_10000m,2022-03-01 00:08:00.000000000,-8.849696435399547,45.57515178230023,10000.0,26435.887460311165,217.34642,0.6855593323831213,1.1491208526746672,1.0,1.0,1.0,13.800063432295595
DIR0_10000m,2022-03-01 00:09:00.000000000,-8.705359905169834,45.647320047415086,10000.0,26435.887460311165,217.35696,0.6795236333587702,1.138917987708686,1.0,1.0,1.0,13.800042198074209
DIR0_10000m,2022-03-01 00:10:00.000000000,-8.560900468359996,45.719549765820005,10000.0,26435.887460311165,217.35764,0.6742991036177621,1.130154408786198,1.0,1.0,1.0,13.800022142971171
DIR0_10000m,2022-03-01 00:11:00.000000000,-8.416317699399666,45.79184115030017,10000.0,26435.887460311165,217.33607,0.6695358502391998,1.1223433973635508,1.0,1.0,1.0,13.800003251334457
DIR0_10000m,2022-03-01 00:12:00.000000000,-8.271611171189303,45.864194414405354,10000.0,26435.887460311165,217.28836,0.6667098778551956,1.1179811532314352,1.0,1.0,1.0,13.799985507109563
DIR0_10000m,2022-03-01 00:13:00.000000000,-8.126780455096927,45.93660977245154,10000.0,26435.887460311165,217.23282,0.6645455876268417,1.1147909717817308,1.0,1.0,1.0,13.799968893832535
DIR0_10000m,2022-03-01 00:14:00.000000000,-7.981825120954993,46.00908743952251,10000.0,26435.887460311165,217.17088,0.6658223451503796,1.1174169963637244,1.0,1.0,1.0,13.799953394628822
DIR0_10000m,2022-03-01 00:15:00.000000000,-7.8367447370572,46.081627631471406,10000.0,26435.887460311165,217.12836,0.6687747210460118,1.1227058683607714,1.0,1.0,1.0,13.799938992208919
DIR0_10000m,2022-03-01 00:16:00.000000000,-7.691538870155411,46.1542305649223,10000.0,26435.887460311165,217.09988,0.6719350377438027,1.128237783900363,1.0,1.0,1.0,13.799992481467944
DIR0_10000m,2022-03-01 00:17:00.000000000,-7.546206381523805,46.2268968092381,10000.0,26435.887460311165,217.09357,0.6749023039655393,1.133269711537544,1.0,1.0,1.0,13.800053544988032
DIR0_10000m,2022-03-01 00:18:00.000000000,-7.4007467642975895,46.2996266178512,10000.0,26435.887460311165,217.14578,0.6801051527082725,1.1415910043117747,1.0,1.0,1.0,13.800038936427551
DIR0_10000m,2022-03-01 00:19:00.000000000,-7.255160388221447,46.37241980588927,10000.0,26435.887460311165,217.21674,0.6859790052509889,1.150875642588349,1.0,1.0,1.0,13.800025327795703
DIR0_10000m,2022-03-01 00:20:00.000000000,-7.109446814178578,46.44527659291071,10000.0,26435.887460311165,217.29738,0.6869141601311223,1.1517894976401566,1.0,1.0,1.0,13.800012699709441
DIR0_10000m,2022-03-01 00:21:00.000000000,-6.963605601496507,46.518197199251745,10000.0,26435.887460311165,217.3813,0.6850620851011203,1.148004676883874,1.0,1.0,1.0,13.800001032361426
DIR0_10000m,2022-03-01 00:22:00.000000000,-6.81763630794415,46.59118184602792,10000.0,26435.887460311165,217.48993,0.6768793697429845,1.1334215517001642,1.0,1.0,1.0,13.799990305506796
DIR0_10000m,2022-03-01 00:23:00.000000000,-6.671538489728981,46.664230755135506,10000.0,26435.887460311165,217.60092,0.6680242401806528,1.1177145773429036,1.0,1.0,1.0,13.799980498469493
DIR0_10000m,2022-03-01 00:24:00.000000000,-6.52531170149416,46.73734414925292,10000.0,26435.887460311165,217.71579,0.6592878190043152,1.1021959841498503,1.0,1.0,1.0,13.799971590127386
DIR0_10000m,2022-03-01 00:25:00.000000000,-6.37895549631579,46.8105222518421,10000.0,26435.887460311165,217.80096,0.65439782052997,1.0933594355253915,1.0,1.0,1.0,13.799963558926185
DIR0_10000m,2022-03-01 00:26:00.000000000,-6.232469425700123,46.883765287149934,10000.0,26435.887460311165,217.85953,0.6532607743481579,1.0910052426508974,1.0,1.0,1.0,13.799956382858086
DIR0_10000m,2022-03-01 00:27:00.000000000,-6.0858530395808925,46.95707348020955,10000.0,26435.887460311165,217.88419,0.6577367440433042,1.0982889811375884,1.0,1.0,1.0,13.79995003947425
DIR0_10000m,2022-03-01 00:28:00.000000000,-5.93910588631661,47.030447056841695,10000.0,26435.887460311165,217.87462,0.6619803666701375,1.1054481399067644,1.0,1.0,1.0,13.800023579254773
DIR0_10000m,2022-03-01 00:29:00.000000000,-5.792226670700642,47.10388666464968,10000.0,26435.887460311165,217.81757,0.6637567749644089,1.108866706470897,1.0,1.0,1.0,13.80003653723146
DIR0_10000m,2022-03-01 00:30:00.000000000,-5.645215589711572,47.17739220514421,10000.0,26435.887460311165,217.75163,0.6624508690573788,1.1072029146027325,1.0,1.0,1.0,13.800028894948051
DIR0_10000m,2022-03-01 00:31:00.000000000,-5.49807241433431,47.25096379283284,10000.0,26435.887460311165,217.69011,0.6600021659928292,1.1035945293792309,1.0,1.0,1.0,13.800021967872912
DIR0_10000m,2022-03-01 00:32:00.000000000,-5.350796686943932,47.32460165652803,10000.0,26435.887460311165,217.61995,0.6550348273483675,1.0958340193626315,1.0,1.0,1.0,13.800015731312392
DIR0_10000m,2022-03-01 00:33:00.000000000,-5.203387948328802,47.398306025835595,10000.0,26435.887460311165,217.54865,0.6492083679654387,1.0866354904486568,1.0,1.0,1.0,13.800010160106163
DIR0_10000m,2022-03-01 00:34:00.000000000,-5.055845737688202,47.4720771311559,10000.0,26435.887460311165,217.48447,0.6385376308476712,1.0692586991114432,1.0,1.0,1.0,13.800005228631669
DIR0_10000m,2022-03-01 00:35:00.000000000,-4.90816959262993,47.545915203685034,10000.0,26435.887460311165,217.43065,0.6318635852039035,1.0584866173118324,1.0,1.0,1.0,13.800000910793782
DIR0_10000m,2022-03-01 00:36:00.000000000,-4.760359049168065,47.61982047541597,10000.0,26435.887460311165,217.38226,0.6274274236883659,1.051415145075845,1.0,1.0,1.0,13.799997180029989
DIR0_10000m,2022-03-01 00:37:00.000000000,-4.612413641720638,47.69379317913968,10000.0,26435.887460311165,217.35567,0.6269025861489348,1.0507325603717148,1.0,1.0,1.0,13.79999400929973
DIR0_10000m,2022-03-01 00:38:00.000000000,-4.464332903107499,47.767833548446255,10000.0,26435.887460311165,217.32727,0.6280548733054929,1.0528736683684023,1.0,1.0,1.0,13.799991371089579
DIR0_10000m,2022-03-01 00:39:00.000000000,-4.316116364548094,47.84194181772595,10000.0,26435.887460311165,217.28783,0.6304965307611293,1.05726242053444,1.0,1.0,1.0,13.799989237402405
DIR0_10000m,2022-03-01 00:40:00.000000000,-4.1677635556594375,47.91611822217028,10000.0,26435.887460311165,217.24916,0.6325158444146741,1.0609361894843643,1.0,1.0,1.0,13.799987579762833
DIR0_10000m,2022-03-01 00:41:00.000000000,-4.0192740044540125,47.990362997773,10000.0,26435.887460311165,217.21263,0.6336571690842673,1.0631246165636596,1.0,1.0,1.0,13.799986369208007
DIR0_10000m,2022-03-01 00:42:00.000000000,-3.870647237337804,48.0646763813311,10000.0,26435.887460311165,217.18747,0.6308307790713541,1.058570630145458,1.0,1.0,1.0,13.799985576287888
DIR0_10000m,2022-03-01 00:43:00.000000000,-3.7218827791083746,48.139058610445815,10000.0,26435.887460311165,217.1644,0.6274109237242735,1.053000044806521,1.0,1.0,1.0,13.799985171063788
DIR0_10000m,2022-03-01 00:44:00.000000000,-3.572980152952952,48.213509923523524,10000.0,26435.887460311165,217.13974,0.6243977628573653,1.0481245604433653,1.0,1.0,1.0,13.79998512310207
DIR0_10000m,2022-03-01 00:45:00.000000000,-3.4239388804466517,48.28803055977667,10000.0,26435.887460311165,217.11023,0.6217971610976328,1.0439787319604135,1.0,1.0,1.0,13.799985401477944
DIR0_10000m,2022-03-01 00:46:00.000000000,-3.2747584815506734,48.36262075922466,10000.0,26435.887460311165,217.07411,0.6196398527032194,1.040617144226749,1.0,1.0,1.0,13.79998597476108
DIR0_10000m,2022-03-01 00:47:00.000000000,-3.1254384746106467,48.43728076269467,10000.0,26435.887460311165,217.0317,0.6194142273874185,1.0405481947901725,1.0,1.0,1.0,13.79998681103079
DIR0_10000m,2022-03-01 00:48:00.000000000,-2.9759783763549463,48.51201081182252,10000.0,26435.887460311165,216.99298,0.6195766205557661,1.0411026641777286,1.0,1.0,1.0,13.799987877855992
DIR0_10000m,2022-03-01 00:49:00.000000000,-2.826377701893142,48.586811149053425,10000.0,26435.887460311165,216.9535,0.6186146454073468,1.0397753055334211,1.0,1.0,1.0,13.799989142302303
DIR0_10000m,2022-03-01 00:50:00.000000000,-2.6766359647144857,48.661682017642754,10000.0,26435.887460311165,216.92651,0.6178809714147359,1.0387398149743612,1.0,1.0,1.0,13.799990570928893
DIR0_10000m,2022-03-01 00:51:00.000000000,-2.5267526766864354,48.73662366165678,10000.0,26435.887460311165,216.92078,0.6175542861098933,1.0382301089206456,1.0,1.0,1.0,13.799992129784544
DIR0_10000m,2022-03-01 00:52:00.000000000,-2.376727348053304,48.81163632597334,10000.0,26435.887460311165,216.90167,0.617867413571523,1.0388967452490598,1.0,1.0,1.0,13.799993784405343
DIR0_10000m,2022-03-01 00:53:00.000000000,-2.2265594874349155,48.88672025628254,10000.0,26435.887460311165,216.87994,0.6190057379447579,1.0409678270949683,1.0,1.0,1.0,13.799995499811029
DIR0_10000m,2022-03-01 00:54:00.000000000,-2.076248601825378,48.96187569908731,10000.0,26435.887460311165,216.83853,0.622568993616908,1.047262621988232,1.0,1.0,1.0,13.799997240505986
DIR0_10000m,2022-03-01 00:55:00.000000000,-1.9257941965918826,49.03710290170405,10000.0,26435.887460311165,216.7667,0.6299996485904037,1.0602925465365416,1.0,1.0,1.0,13.799998970475826
DIR0_10000m,2022-03-01 00:56:00.000000000,-1.7751957754736114,49.11240211226319,10000.0,26435.887460311165,216.67041,0.6405096692533865,1.0787043068735445,1.0,1.0,1.0,13.800000653182607
DIR0_10000m,2022-03-01 00:57:00.000000000,-1.6244528405806766,49.187773579709656,10000.0,26435.887460311165,216.59102,0.6487357552378755,1.093162047159512,1.0,1.0,1.0,13.800002251565195
DIR0_10000m,2022-03-01 00:58:00.000000000,-1.4735648923931952,49.2632175538034,10000.0,26435.887460311165,216.51895,0.6560801808034565,1.1060918254404857,1.0,1.0,1.0,13.800003728037828
DIR0_10000m,2022-03-01 00:59:00.000000000,-1.3225314297603301,49.33873428511983,10000.0,26435.887460311165,216.44545,0.6635850665445927,1.119312197053902,1.0,1.0,1.0,13.80000504448492
DIR0_10000m,2022-03-01 01:00:00.000000000,-1.1713519498995633,49.41432402505022,10000.0,26435.887460311165,216.43753,0.668941901130247,1.1284078130992865,1.0,1.0,1.0,13.800006162260269
DIR0_10000m,2022-03-01 01:01:00.000000000,-1.0200259483958716,49.489987025802066,10000.0,26435.887460311165,216.49203,0.6684499734282192,1.1271545732743407,1.0,1.0,1.0,13.800007042189662
DIR0_10000m,2022-03-01 01:02:00.000000000,-0.8685529192011064,49.565723540399446,10000.0,26435.887460311165,216.53378,0.6700021295335008,1.1294440922753313,1.0,1.0,1.0,13.800007644559242
DIR0_10000m,2022-03-01 01:03:00.000000000,-0.7169323546334245,49.641533822683286,10000.0,26435.887460311165,216.57373,0.6654971796017406,1.121539950019445,1.0,1.0,1.0,13.80000792912277
DIR0_10000m,2022-03-01 01:04:00.000000000,-0.5651637453767396,49.71741812731163,10000.0,26435.887460311165,216.61656,0.6549427848775399,1.1034246587465892,1.0,1.0,1.0,13.800007855093947
DIR0_10000m,2022-03-01 01:05:00.000000000,-0.41324658048035356,49.793376709759826,10000.0,26435.887460311165,216.62843,0.642378137157496,1.0821675810107898,1.0,1.0,1.0,13.800007381148149
DIR0_10000m,2022-03-01 01:06:00.000000000,-0.2611803473585734,49.86940982632071,10000.0,26435.887460311165,216.6144,0.6325617401270006,1.0657328722645663,1.0,1.0,1.0,13.80000646541856
DIR0_10000m,2022-03-01 01:07:00.000000000,-0.10896453179049263,49.945517734104754,10000.0,26435.887460311165,216.58705,0.6209018502587836,1.0462869852343517,1.0,1.0,1.0,13.800005065494553
DIR0_10000m,2022-03-01 01:08:00.000000000,0.04340138208019141,50.021700691040095,10000.0,26435.887460311165,216.5565,0.6099803103478056,1.0281029150530268,1.0,1.0,1.0,13.800003138420772
DIR0_10000m,2022-03-01 01:09:00.000000000,0.19591791174525677,50.09795895587263,10000.0,26435.887460311165,216.50893,0.6030562377693917,1.0167672927319806,1.0,1.0,1.0,13.800000640695098
DIR0_10000m,2022-03-01 01:10:00.000000000,0.3485855763319327,50.17429278816597,10000.0,26435.887460311165,216.45638,0.6030966502771958,1.0172076906187457,1.0,1.0,1.0,13.799997528267639
DIR0_10000m,2022-03-01 01:11:00.000000000,0.5014048966028329,50.25070244830142,10000.0,26435.887460311165,216.40517,0.6045347023403914,1.019993191209331,1.0,1.0,1.0,13.799993756538104
DIR0_10000m,2022-03-01 01:12:00.000000000,0.6543763949557224,50.32718819747787,10000.0,26435.887460311165,216.36089,0.6084632307214612,1.0269348751132839,1.0,1.0,1.0,13.799989280355817
DIR0_10000m,2022-03-01 01:13:00.000000000,0.8075005954232681,50.40375029771164,10000.0,26435.887460311165,216.3117,0.6138681784182398,1.0364093788783082,1.0,1.0,1.0,13.799984054014509
DIR0_10000m,2022-03-01 01:14:00.000000000,0.9607780236726323,50.480389011836316,10000.0,26435.887460311165,216.26492,0.6208153193470652,1.048479116474852,1.0,1.0,1.0,13.79997803125982
DIR0_10000m,2022-03-01 01:15:00.000000000,1.1142092070050131,50.55710460350251,10000.0,26435.887460311165,216.234,0.625904735745263,1.0572974789157867,1.0,1.0,1.0,13.799971165274915
DIR0_10000m,2022-03-01 01:16:00.000000000,1.2677946743550756,50.63389733717754,10000.0,26435.887460311165,216.20966,0.630358548352045,1.0650006710428859,1.0,1.0,1.0,13.79996340869297
DIR0_10000m,2022-03-01 01:17:00.000000000,1.4215349562902617,50.71076747814513,10000.0,26435.887460311165,216.20943,0.633579879403762,1.0704441573954957,1.0,1.0,1.0,13.799954713585876
DIR0_10000m,2022-03-01 01:18:00.000000000,1.5754305850100407,50.78771529250502,10000.0,26435.887460311165,216.2191,0.6353267594260125,1.0733260752536338,1.0,1.0,1.0,13.79994972793492
DIR0_10000m,2022-03-01 01:19:00.000000000,1.72948214679925,50.86474107339962,10000.0,26435.887460311165,216.23311,0.6359643306064978,1.0742964616820228,1.0,1.0,1.0,13.800047702561109
DIR0_10000m,2022-03-01 01:20:00.000000000,1.8836913399820132,50.941845669991004,10000.0,26435.887460311165,216.25377,0.6358347062467123,1.0739255838583914,1.0,1.0,1.0,13.80004063804972
DIR0_10000m,2022-03-01 01:21:00.000000000,2.0380575419575413,51.019028770978764,10000.0,26435.887460311165,216.26979,0.6371187350888399,1.0759765271843726,1.0,1.0,1.0,13.800032457004866
DIR0_10000m,2022-03-01 01:22:00.000000000,2.192581291836048,51.09629064591802,10000.0,26435.887460311165,216.28047,0.6415153020384965,1.0833199857413913,1.0,1.0,1.0,13.800023108569956
DIR0_10000m,2022-03-01 01:23:00.000000000,2.347263130355021,51.17363156517751,10000.0,26435.887460311165,216.28743,0.646530549205637,1.0917378240814717,1.0,1.0,1.0,13.800012541320942
DIR0_10000m,2022-03-01 01:24:00.000000000,2.502103599877757,51.25105179993887,10000.0,26435.887460311165,216.29236,0.6517573162393485,1.1005248505599117,1.0,1.0,1.0,13.80000070327355
DIR0_10000m,2022-03-01 01:25:00.000000000,2.6571032443918563,51.328551622195924,10000.0,26435.887460311165,216.2823,0.651670945655613,1.100454805402323,1.0,1.0,1.0,13.799987541871353
DIR0_10000m,2022-03-01 01:26:00.000000000,2.8122626095075356,51.406131304753764,10000.0,26435.887460311165,216.2689,0.6495731311556794,1.0970167170503402,1.0,1.0,1.0,13.799973003993804
DIR0_10000m,2022-03-01 01:27:00.000000000,2.967582242455879,51.48379112122794,10000.0,26435.887460311165,216.25093,0.6462959044977823,1.091615807113108,1.0,1.0,1.0,13.799957035954558
DIR0_10000m,2022-03-01 01:28:00.000000000,3.123062692086935,51.561531346043466,10000.0,26435.887460311165,216.22371,0.6422384844150555,1.0849679583054817,1.0,1.0,1.0,13.799939583495439
DIR0_10000m,2022-03-01 01:29:00.000000000,3.2787045088676963,51.639352254433845,10000.0,26435.887460311165,216.19077,0.6372572344749732,1.0767982969180419,1.0,1.0,1.0,13.799948057897415
DIR0_10000m,2022-03-01 01:30:00.000000000,3.434508555139477,51.71725427756974,10000.0,26435.887460311165,216.1494,0.631414208714326,1.0672285064872777,1.0,1.0,1.0,13.8000661919776
DIR0_10000m,2022-03-01 01:31:00.000000000,3.5904766436223507,51.795238321811176,10000.0,26435.887460311165,216.11194,0.6256056621534062,1.0576826776902242,1.0,1.0,1.0,13.800048913259555
DIR0_10000m,2022-03-01 01:32:00.000000000,3.746607820402118,51.87330391020106,10000.0,26435.887460311165,216.07907,0.6199238009156732,1.0483131482426076,1.0,1.0,1.0,13.800029945230293
DIR0_10000m,2022-03-01 01:33:00.000000000,3.902902642790619,51.95145132139531,10000.0,26435.887460311165,216.05984,0.6164593008758711,1.0425927335171268,1.0,1.0,1.0,13.800009230644191
DIR0_10000m,2022-03-01 01:34:00.000000000,4.0593616697052255,52.02968083485261,10000.0,26435.887460311165,216.04826,0.613221750669617,1.0371990314718662,1.0,1.0,1.0,13.799986711684294
DIR0_10000m,2022-03-01 01:35:00.000000000,4.215985461666027,52.10799273083301,10000.0,26435.887460311165,216.05579,0.6117754806901137,1.0347002097141784,1.0,1.0,1.0,13.799962329965558
DIR0_10000m,2022-03-01 01:36:00.000000000,4.372774580792924,52.18638729039646,10000.0,26435.887460311165,216.0782,0.6087110254214986,1.0293569367751774,1.0,1.0,1.0,13.79993602653417
DIR0_10000m,2022-03-01 01:37:00.000000000,4.5297295908025745,52.26486479540129,10000.0,26435.887460311165,216.10399,0.6054708875295484,1.0236969258770796,1.0,1.0,1.0,13.799911743552281
DIR0_10000m,2022-03-01 01:38:00.000000000,4.686851102591412,52.3434255512957,10000.0,26435.887460311165,216.14474,0.5981981069994222,1.0111162746636022,1.0,1.0,1.0,13.800083499144288
DIR0_10000m,2022-03-01 01:39:00.000000000,4.844141942090095,52.422070971045045,10000.0,26435.887460311165,216.17772,0.5942456191294782,1.0042106391530077,1.0,1.0,1.0,13.800056181654739
DIR0_10000m,2022-03-01 01:40:00.000000000,5.0016004365368065,52.5008002182684,10000.0,26435.887460311165,216.20412,0.5926418494220613,1.0013153016002556,1.0,1.0,1.0,13.800026717500721
DIR0_10000m,2022-03-01 01:41:00.000000000,5.159227156405176,52.57961357820258,10000.0,26435.887460311165,216.22559,0.5944789966873948,1.0042710399806514,1.0,1.0,1.0,13.799995044720616
DIR0_10000m,2022-03-01 01:42:00.000000000,5.3170226737484825,52.65851133687424,10000.0,26435.887460311165,216.24332,0.5964228107025081,1.0074297971327573,1.0,1.0,1.0,13.799961100789051
DIR0_10000m,2022-03-01 01:43:00.000000000,5.474987562195737,52.73749378109787,10000.0,26435.887460311165,216.26022,0.5983763557162084,1.0106136950714393,1.0,1.0,1.0,13.799924822615438
DIR0_10000m,2022-03-01 01:44:00.000000000,5.633122396947583,52.81656119847379,10000.0,26435.887460311165,216.2884,0.600151521493286,1.0134146575250733,1.0,1.0,1.0,13.799944517664057
DIR0_10000m,2022-03-01 01:45:00.000000000,5.791428424739157,52.89571421236958,10000.0,26435.887460311165,216.31735,0.6005657231930033,1.0139135681938625,1.0,1.0,1.0,13.800087051900448
DIR0_10000m,2022-03-01 01:46:00.000000000,5.949907665815929,52.97495383290797,10000.0,26435.887460311165,216.35797,0.5977411237399493,1.0088599524492488,1.0,1.0,1.0,13.80004862383823
DIR0_10000m,2022-03-01 01:47:00.000000000,6.108558654478858,53.05427932723942,10000.0,26435.887460311165,216.4097,0.5949830729982909,1.0038451657313445,1.0,1.0,1.0,13.800007618845058
DIR0_10000m,2022-03-01 01:48:00.000000000,6.26738197257658,53.13369098628829,10000.0,26435.887460311165,216.46413,0.5939168496239035,1.00166876363085,1.0,1.0,1.0,13.799963970836927
DIR0_10000m,2022-03-01 01:49:00.000000000,6.4263782035067765,53.21318910175339,10000.0,26435.887460311165,216.52432,0.5877832742119166,0.9909112827639767,1.0,0.0,0.0,13.799917613176925
DIR0_10000m,2022-03-01 01:50:00.000000000,6.585547932211043,53.292773966105514,10000.0,26435.887460311165,216.58661,0.5844653132873272,0.9848930425486283,1.0,0.0,0.0,13.799959354717169
DIR0_10000m,2022-03-01 01:51:00.000000000,6.744892795071149,53.37244639753557,10000.0,26435.887460311165,216.64882,0.5861996995671469,0.9873878781771043,1.0,0.0,0.0,13.800090127966001
DIR0_10000m,2022-03-01 01:52:00.000000000,6.904414446196133,53.452207223098064,10000.0,26435.887460311165,216.69673,0.5682310829441521,0.9568023138623867,1.0,0.0,0.0,13.800040576448259
DIR0_10000m,2022-03-01 01:53:00.000000000,7.064111427957755,53.53205571397887,10000.0,26435.887460311165,216.74327,0.5518398125644461,0.9289017663237359,1.0,0.0,0.0,13.799988057309795
DIR0_10000m,2022-03-01 01:54:00.000000000,7.223984331825581,53.61199216591279,10000.0,26435.887460311165,216.78793,0.5348981505773506,0.9001030437478703,1.0,0.0,0.0,13.799932500953876
DIR0_10000m,2022-03-01 01:55:00.000000000,7.384033750785218,53.6920168753926,10000.0,26435.887460311165,216.82924,0.5075796675514844,0.8538870128024736,1.0,0.0,0.0,13.79988583986269
DIR0_10000m,2022-03-01 01:56:00.000000000,7.5442604187689035,53.77213020938444,10000.0,26435.887460311165,216.86748,0.47915461868474774,0.8058534165189214,1.0,0.0,0.0,13.80011248077792
DIR0_10000m,2022-03-01 01:57:00.000000000,7.704668147744797,53.85233407387239,10000.0,26435.887460311165,216.90167,0.4523194289145194,0.760540485208501,1.0,0.0,0.0,13.8000528134815
DIR0_10000m,2022-03-01 01:58:00.000000000,7.865254250764811,53.9326271253824,10000.0,26435.887460311165,216.94156,0.42499739774375705,0.7143996380572687,1.0,0.0,0.0,13.799989838222055
DIR0_10000m,2022-03-01 01:59:00.000000000,8.026019327221741,54.01300966361087,10000.0,26435.887460311165,216.98027,0.3989607872740447,0.6704520593604224,1.0,0.0,0.0,13.799923482497487
DIR0_10000m,2022-03-01 02:00:00.000000000,8.18696397799177,54.09348198899588,10000.0,26435.887460311165,217.00755,0.38307067066319633,0.6436259269409306,1.0,0.0,0.0,13.799920376574901
DIR0_10000m,2022-03-01 02:01:00.000000000,8.348089584683299,54.17404479234165,10000.0,26435.887460311165,217.04713,0.3638062265072322,0.6110897406783142,1.0,0.0,0.0,13.800108163656398
DIR0_10000m,2022-03-01 02:02:00.000000000,8.50939902761679,54.2546995138084,10000.0,26435.887460311165,217.08893,0.34617618680500034,0.5813043425895639,1.0,0.0,0.0,13.800036727814792
DIR0_10000m,2022-03-01 02:03:00.000000000,8.670889929416859,54.33544496470843,10000.0,26435.887460311165,217.12485,0.34230535756650127,0.5746595100531159,1.0,0.0,0.0,13.799961628131927
DIR0_10000m,2022-03-01 02:04:00.000000000,8.832562897225484,54.416281448612736,10000.0,26435.887460311165,217.15674,0.33940990890595446,0.5696712294594147,1.0,0.0,0.0,13.799882789269432
DIR0_10000m,2022-03-01 02:05:00.000000000,8.994418539630288,54.497209269815144,10000.0,26435.887460311165,217.19911,0.33160787075037046,0.5564110953307978,1.0,0.0,0.0,13.80005790148278
DIR0_10000m,2022-03-01 02:06:00.000000000,9.156460495105058,54.578230247552526,10000.0,26435.887460311165,217.21445,0.3347192910813361,0.5615713590796234,1.0,0.0,0.0,13.800069215893743
DIR0_10000m,2022-03-01 02:07:00.000000000,9.318687504625943,54.65934375231297,10000.0,26435.887460311165,217.23169,0.3355247834716435,0.5628538098979883,1.0,0.0,0.0,13.799984275990898
DIR0_10000m,2022-03-01 02:08:00.000000000,9.481099098325307,54.74054954916266,10000.0,26435.887460311165,217.26407,0.3282241810715965,0.5504816800147312,1.0,0.0,0.0,13.79989530113738
DIR0_10000m,2022-03-01 02:09:00.000000000,9.643695890893108,54.82184794544655,10000.0,26435.887460311165,217.25935,0.333817328686298,0.559880813995743,1.0,0.0,0.0,13.800011836112997
DIR0_10000m,2022-03-01 02:10:00.000000000,9.806480972560507,54.903240486280254,10000.0,26435.887460311165,217.25655,0.3373844654555954,0.5658762867823063,1.0,0.0,0.0,13.80008315761668
DIR0_10000m,2022-03-01 02:11:00.000000000,9.969454484644963,54.98472724232248,10000.0,26435.887460311165,217.26729,0.33419189847584085,0.5604783667981376,1.0,0.0,0.0,2.5847282859610075
DIR0_10000m,2022-03-01 02:11:11.238727768,10.0,55.0,10000.0,26435.887460311165,217.27269,0.3323713125811153,0.5574019877333749,1.0,0.0,0.0,0.0
NW150_10000m,2022-03-01 00:00:00.000000000,-10.0,45.0,10000.0,26435.887460311165,216.95612,0.6586592503018068,1.1070624675005605,1.0,1.0,1.0,13.800081585287135
NW150_10000m,2022-03-01 00:01:00.000000000,-9.88670441696356,45.09484335624742,10000.0,26435.887460311165,216.96448,0.6619619029950279,1.1125494095630823,1.0,1.0,1.0,13.800047227045118
NW150_10000m,2022-03-01 00:02:00.000000000,-9.773314076176842,45.18974199935581,10000.0,26435.887460311165,216.98799,0.6654583134997396,1.1182404307895963,1.0,1.0,1.0,13.800014002976392
NW150_10000m,2022-03-01 00:03:00.000000000,-9.659812217558065,45.28468636231212,10000.0,26435.887460311165,217.02742,0.669327082145006,1.1244319883171927,1.0,1.0,1.0,13.79998188542217
NW150_10000m,2022-03-01 00:04:00.000000000,-9.54618196151081,45.379666879512754,10000.0,26435.887460311165,217.07663,0.6709362386128472,1.1267454261598873,1.0,1.0,1.0,13.799950860786138
NW150_10000m,2022-03-01 00:05:00.000000000,-9.432406316791841,45.47467398526186,10000.0,26435.887460311165,217.11955,0.6713687570094568,1.1271321285415787,1.0,1.0,1.0,13.799920928712949
NW150_10000m,2022-03-01 00:06:00.000000000,-9.31846818845589,45.569698112200804,10000.0,26435.887460311165,217.17838,0.66794551130322,1.120921365407381,1.0,1.0,1.0,13.800067109083225
NW150_10000m,2022-03-01 00:07:00.000000000,-9.204346798944448,45.66472963775159,10000.0,26435.887460311165,217.23755,0.663638189142459,1.113230232286028,1.0,1.0,1.0,13.800050730275435
NW150_10000m,2022-03-01 00:08:00.000000000,-9.090027576282061,45.75975865781879,10000.0,26435.887460311165,217.28581,0.6559307920495538,1.0999263708932583,1.0,1.0,1.0,13.800022321194419
NW150_10000m,2022-03-01 00:09:00.000000000,-8.975493429896702,45.8547755922212,10000.0,26435.887460311165,217.33284,0.6414502699053092,1.0752874955776768,1.0,1.0,1.0,13.7999950707752
NW150_10000m,2022-03-01 00:10:00.000000000,-8.860726953659205,45.94977086276871,10000.0,26435.887460311165,217.33792,0.6279115709216764,1.052554183024392,1.0,1.0,1.0,13.799968996959691
NW150_10000m,2022-03-01 00:11:00.000000000,-8.745710680922649,46.044734881623576,10000.0,26435.887460311165,217.31937,0.6154174055906448,1.0317470000022837,1.0,1.0,1.0,13.799944126259756
NW150_10000m,2022-03-01 00:12:00.000000000,-8.63042709326834,46.139658049689466,10000.0,26435.887460311165,217.2543,0.6096076439856186,1.0224747639642437,1.0,1.0,1.0,13.79996170184095
NW150_10000m,2022-03-01 00:13:00.000000000,-8.514857369187974,46.23453050390087,10000.0,26435.887460311165,217.18582,0.6052634560083966,1.0156764877005495,1.0,1.0,1.0,13.80006664903778
NW150_10000m,2022-03-01 00:14:00.000000000,-8.39898092368574,46.32934188624422,10000.0,26435.887460311165,217.08182,0.6112452143169015,1.0264657037168161,1.0,1.0,1.0,13.800043138317646
NW150_10000m,2022-03-01 00:15:00.000000000,-8.282783911700339,46.42408323018683,10000.0,26435.887460311165,216.97267,0.6213040049807506,1.0441537328248647,1.0,1.0,1.0,13.800020847603696
NW150_10000m,2022-03-01 00:16:00.000000000,-8.166248728620634,46.518744890904586,10000.0,26435.887460311165,216.8933,0.6298131685004835,1.0590439623992332,1.0,1.0,1.0,13.799999805201798
NW150_10000m,2022-03-01 00:17:00.000000000,-8.049357766516502,46.613317205762186,10000.0,26435.887460311165,216.84785,0.634401561877688,1.0670956785595254,1.0,1.0,1.0,13.799980042969505
NW150_10000m,2022-03-01 00:18:00.000000000,-7.932093424302584,46.707790493315706,10000.0,26435.887460311165,216.82216,0.6382556750445416,1.0737729505232678,1.0,1.0,1.0,13.799961595158257
NW150_10000m,2022-03-01 00:19:00.000000000,-7.8144381182053815,46.802155052482014,10000.0,26435.887460311165,216.83237,0.6370287946473735,1.071634153197195,1.0,1.0,1.0,13.799944497290072
NW150_10000m,2022-03-01 00:20:00.000000000,-7.6963742925477225,46.89640116189405,10000.0,26435.887460311165,216.87045,0.6331162112175912,1.0647644931236886,1.0,1.0,1.0,13.799994929861766
NW150_10000m,2022-03-01 00:21:00.000000000,-7.577881585034636,46.99051819330521,10000.0,26435.887460311165,216.91714,0.6286758740083402,1.0569541649814735,1.0,1.0,1.0,13.800054735138636
NW150_10000m,2022-03-01 00:22:00.000000000,-7.458941878261694,47.08449609035887,10000.0,26435.887460311165,217.00609,0.6214600300876543,1.0441744092647893,1.0,1.0,1.0,13.800038198606133
NW150_10000m,2022-03-01 00:23:00.000000000,-7.3395410215573635,47.17832605302653,10000.0,26435.887460311165,217.12617,0.6123704087420861,1.0280344089815259,1.0,1.0,1.0,13.80002291257999
NW150_10000m,2022-03-01 00:24:00.000000000,-7.219661721251084,47.27199829286591,10000.0,26435.887460311165,217.25609,0.6002607300781574,1.006783682628768,1.0,1.0,1.0,13.800008894382024
NW150_10000m,2022-03-01 00:25:00.000000000,-7.099286771378659,47.3655030016198,10000.0,26435.887460311165,217.40434,0.5838511953186353,0.9782382714031503,1.0,0.0,0.0,13.799996158727545
NW150_10000m,2022-03-01 00:26:00.000000000,-6.978399066464596,47.458830352069896,10000.0,26435.887460311165,217.55156,0.5677271238638834,0.9502317092322291,1.0,0.0,0.0,13.799984716892943
NW150_10000m,2022-03-01 00:27:00.000000000,-6.856981614669662,47.55197049920475,10000.0,26435.887460311165,217.6797,0.5534426950928247,0.9254830046274114,1.0,0.0,0.0,13.799974575951063
NW150_10000m,2022-03-01 00:28:00.000000000,-6.7350175513026915,47.64491358171966,10000.0,26435.887460311165,217.79012,0.5439092493048006,0.9088249892024387,1.0,0.0,0.0,13.799965738069027
NW150_10000m,2022-03-01 00:29:00.000000000,-6.612490152693082,47.73764972386549,10000.0,26435.887460311165,217.85652,0.5428784074864453,0.9066760275758385,1.0,0.0,0.0,13.799958199905092
NW150_10000m,2022-03-01 00:30:00.000000000,-6.489382850417677,47.83016903766334,10000.0,26435.887460311165,217.88774,0.5463523659762338,0.9122741677461188,1.0,0.0,0.0,13.799964789737542
NW150_10000m,2022-03-01 00:31:00.000000000,-6.365678530065045,47.9224613489191,10000.0,26435.887460311165,217.88696,0.5514545163927331,0.9207977697303403,1.0,0.0,0.0,13.80004240971841
NW150_10000m,2022-03-01 00:32:00.000000000,-6.241356964453079,48.014515165281935,10000.0,26435.887460311165,217.89117,0.5586791563865499,0.9328353747857091,1.0,0.0,0.0,13.800033378343896
NW150_10000m,2022-03-01 00:33:00.000000000,-6.116406937367481,48.106322407261274,10000.0,26435.887460311165,217.83585,0.5702030963575427,0.9524507530306606,1.0,0.0,0.0,13.800025365053333
NW150_10000m,2022-03-01 00:34:00.000000000,-5.990812684033617,48.197873185303976,10000.0,26435.887460311165,217.80272,0.5838169124656859,0.9754221255327797,1.0,0.0,0.0,13.800018341174031
NW150_10000m,2022-03-01 00:35:00.000000000,-5.864558670319928,48.2891576147253,10000.0,26435.887460311165,217.72168,0.5928373881979717,0.9910638716461667,1.0,0.0,0.0,13.800012272277348
NW150_10000m,2022-03-01 00:36:00.000000000,-5.7376296086693594,48.380165820391106,10000.0,26435.887460311165,217.63309,0.603363125931933,1.0092961804689529,1.0,1.0,1.0,13.80000711809176
NW150_10000m,2022-03-01 00:37:00.000000000,-5.610010474257944,48.47088794185662,10000.0,26435.887460311165,217.5457,0.613134701304326,1.0262763106154975,1.0,1.0,1.0,13.800002832520185
NW150_10000m,2022-03-01 00:38:00.000000000,-5.481686521349756,48.56131413897035,10000.0,26435.887460311165,217.45357,0.6207037103933968,1.0396231150266868,1.0,1.0,1.0,13.799999363723282
NW150_10000m,2022-03-01 00:39:00.000000000,-5.352643299814302,48.65143459795019,10000.0,26435.887460311165,217.34174,0.6233903225043348,1.044946138630001,1.0,1.0,1.0,13.799996654306035
NW150_10000m,2022-03-01 00:40:00.000000000,-5.2228666717689975,48.74123953793698,10000.0,26435.887460311165,217.24298,0.6265869466127185,1.0510369395364576,1.0,1.0,1.0,13.799994641566824
NW150_10000m,2022-03-01 00:41:00.000000000,-5.092342828306424,48.83071921802904,10000.0,26435.887460311165,217.15237,0.6318708951996499,1.0605743368800482,1.0,1.0,1.0,13.799993257830375
NW150_10000m,2022-03-01 00:42:00.000000000,-4.961058306262661,48.9198639447992,10000.0,26435.887460311165,217.07065,0.639433466582343,1.0738847014027,1.0,1.0,1.0,13.799992430848496
NW150_10000m,2022-03-01 00:43:00.000000000,-4.8290000049803306,49.008664080293656,10000.0,26435.887460311165,216.99971,0.6426882519280354,1.079887856338394,1.0,1.0,1.0,13.799992084263788
NW150_10000m,2022-03-01 00:44:00.000000000,-4.696155203016833,49.097110050509926,10000.0,26435.887460311165,216.94661,0.6435423601738332,1.0817279922441523,1.0,1.0,1.0,13.799992138132012
NW150_10000m,2022-03-01 00:45:00.000000000,-4.562511574745889,49.18519235434873,10000.0,26435.887460311165,216.89975,0.6445277949570104,1.0837385795825625,1.0,1.0,1.0,13.799992509492633
NW150_10000m,2022-03-01 00:46:00.000000000,-4.428057206797825,49.272901573032264,10000.0,26435.887460311165,216.86353,0.6418686295013118,1.0795397738945678,1.0,1.0,1.0,13.799993112977818
NW150_10000m,2022-03-01 00:47:00.000000000,-4.2927806142820035,49.360228379978736,10000.0,26435.887460311165,216.84068,0.6340751974816972,1.0666018305129508,1.0,1.0,1.0,13.799993861459598
NW150_10000m,2022-03-01 00:48:00.000000000,-4.156670756732704,49.44716355112047,10000.0,26435.887460311165,216.82762,0.6286947444547956,1.0576471613947716,1.0,1.0,1.0,13.799994666714795
NW150_10000m,2022-03-01 00:49:00.000000000,-4.019717053718365,49.53369797565026,10000.0,26435.887460311165,216.82599,0.6224503964993542,1.0471536623139799,1.0,1.0,1.0,13.799995440112463
NW150_10000m,2022-03-01 00:50:00.000000000,-3.8819094000525762,49.619822667177964,10000.0,26435.887460311165,216.81888,0.6168784585787782,1.0378335867882627,1.0,1.0,1.0,13.799996093293426
NW150_10000m,2022-03-01 00:51:00.000000000,-3.7432381805443815,49.70552877527627,10000.0,26435.887460311165,216.80876,0.6120163556831334,1.029725691554017,1.0,1.0,1.0,13.799996538855687
NW150_10000m,2022-03-01 00:52:00.000000000,-3.603694284225014,49.790807597392465,10000.0,26435.887460311165,216.81993,0.6094475547215579,1.025323181996685,1.0,1.0,1.0,13.799996691020644
NW150_10000m,2022-03-01 00:53:00.000000000,-3.4632691179879846,49.87565059109965,10000.0,26435.887460311165,216.80917,0.608454596725616,1.0237276644758568,1.0,1.0,1.0,13.799996466275909
NW150_10000m,2022-03-01 00:54:00.000000000,-3.3219546195796172,49.96004938665855,10000.0,26435.887460311165,216.79358,0.6072883776738375,1.0218778443251977,1.0,1.0,1.0,13.79999578398484
NW150_10000m,2022-03-01 00:55:00.000000000,-3.179743269878239,50.04399579985828,10000.0,26435.887460311165,216.77267,0.6067571162497492,1.02113288876664,1.0,1.0,1.0,13.799994566957059
NW150_10000m,2022-03-01 00:56:00.000000000,-3.0366281044011734,50.12748184510206,10000.0,26435.887460311165,216.72792,0.6089149709866825,1.0250870155329093,1.0,1.0,1.0,13.799992741968401
NW150_10000m,2022-03-01 00:57:00.000000000,-2.892602723980547,50.210499748701196,10000.0,26435.887460311165,216.6547,0.6129637097616673,1.0324273335391263,1.0,1.0,1.0,13.799990240216678
NW150_10000m,2022-03-01 00:58:00.000000000,-2.747661304551099,50.293041962338535,10000.0,26435.887460311165,216.57802,0.6185438645623725,1.042380084590658,1.0,1.0,1.0,13.799986997732383
NW150_10000m,2022-03-01 00:59:00.000000000,-2.6017986059957923,50.375101176660536,10000.0,26435.887460311165,216.47453,0.6297516939261437,1.0620314695841757,1.0,1.0,1.0,13.799982955700685
NW150_10000m,2022-03-01 01:00:00.000000000,-2.455009979998446,50.45667033495505,10000.0,26435.887460311165,216.36343,0.6417827965785038,1.0831512625482629,1.0,1.0,1.0,13.79997806072252
NW150_10000m,2022-03-01 01:01:00.000000000,-2.307291376855747,50.5377426468701,10000.0,26435.887460311165,216.27896,0.6491284549761116,1.0961887102677903,1.0,1.0,1.0,13.79997226499816
NW150_10000m,2022-03-01 01:02:00.000000000,-2.1586393512057422,50.61831160212794,10000.0,26435.887460311165,216.2159,0.6563170039157331,1.1088107832261442,1.0,1.0,1.0,13.799965526422925
NW150_10000m,2022-03-01 01:03:00.000000000,-2.0090510666337558,50.698370984186724,10000.0,26435.887460311165,216.15472,0.6643415531711028,1.1228402022986286,1.0,1.0,1.0,13.799957808616085
NW150_10000m,2022-03-01 01:04:00.000000000,-1.8585242991221467,50.77791488380202,10000.0,26435.887460311165,216.13383,0.6660127726568363,1.1258260424928959,1.0,1.0,1.0,13.799949080858502
NW150_10000m,2022-03-01 01:05:00.000000000,-1.7070574393152707,50.856937712439034,10000.0,26435.887460311165,216.12988,0.6630485982253497,1.120844286123977,1.0,1.0,1.0,13.799983414997781
NW150_10000m,2022-03-01 01:06:00.000000000,-1.5546464916724767,50.93543252164237,10000.0,26435.887460311165,216.14687,0.6578238045119952,1.111883321373447,1.0,1.0,1.0,13.800042949207981
NW150_10000m,2022-03-01 01:07:00.000000000,-1.4012892868398896,51.01339334052719,10000.0,26435.887460311165,216.1724,0.6510771854493652,1.1002872115771052,1.0,1.0,1.0,13.800034771989795
NW150_10000m,2022-03-01 01:08:00.000000000,-1.2469905316687553,51.09081811764459,10000.0,26435.887460311165,216.20308,0.6420663091704282,1.0848319515331954,1.0,1.0,1.0,13.800025304009226
NW150_10000m,2022-03-01 01:09:00.000000000,-1.0917510978916665,51.167702686739496,10000.0,26435.887460311165,216.26384,0.6279632535267461,1.0605590422609024,1.0,1.0,1.0,13.800014545442771
NW150_10000m,2022-03-01 01:10:00.000000000,-0.9355724658072169,51.244043266620615,10000.0,26435.887460311165,216.3147,0.6152799975181059,1.0387714149050942,1.0,1.0,1.0,13.800002501669761
NW150_10000m,2022-03-01 01:11:00.000000000,-0.7784567190364065,51.319836472627784,10000.0,26435.887460311165,216.3659,0.6021123793495364,1.0161808557479912,1.0,1.0,1.0,13.7999891826791
NW150_10000m,2022-03-01 01:12:00.000000000,-0.6204065380633252,51.39507932761236,10000.0,26435.887460311165,216.41708,0.5898019670217952,0.995054516660845,1.0,0.0,0.0,13.799974602439768
NW150_10000m,2022-03-01 01:13:00.000000000,-0.461425192583092,51.469769272388845,10000.0,26435.887460311165,216.4619,0.578658235366533,0.9759511577816568,1.0,0.0,0.0,13.7999587782132
NW150_10000m,2022-03-01 01:14:00.000000000,-0.30151653268645257,51.54390417561825,10000.0,26435.887460311165,216.49469,0.5699966765754995,0.9611224224500092,1.0,0.0,0.0,13.799941729853087
NW150_10000m,2022-03-01 01:15:00.000000000,-0.1406849789169585,51.6174823430864,10000.0,26435.887460311165,216.51634,0.5622390016708411,0.9478988528428471,1.0,0.0,0.0,13.799923479058988
NW150_10000m,2022-03-01 01:16:00.000000000,0.021064488757338132,51.69050252634314,10000.0,26435.887460311165,216.5275,0.555671767801455,0.9367559106770705,1.0,0.0,0.0,13.800037442930337
NW150_10000m,2022-03-01 01:17:00.000000000,0.18373471481991757,51.762958766568346,10000.0,26435.887460311165,216.50003,0.5542935594864696,0.9346124405556199,1.0,0.0,0.0,13.800054135849827
NW150_10000m,2022-03-01 01:18:00.000000000,0.34731356742423297,51.83485439409621,10000.0,26435.887460311165,216.47,0.5540840021206804,0.9344513639465766,1.0,0.0,0.0,13.800034030228618
NW150_10000m,2022-03-01 01:19:00.000000000,0.5117922276083798,51.906190915581966,10000.0,26435.887460311165,216.4399,0.5552240283825691,0.936568706501411,1.0,0.0,0.0,13.800012700659453
NW150_10000m,2022-03-01 01:20:00.000000000,0.6771635792917738,51.97696895932494,10000.0,26435.887460311165,216.39183,0.5594190762036857,0.9439576928430423,1.0,0.0,0.0,13.7999901852002
NW150_10000m,2022-03-01 01:21:00.000000000,0.8434200169946502,52.04718963272939,10000.0,26435.887460311165,216.33922,0.5655535222222978,0.9546560450171008,1.0,0.0,0.0,13.799966519849992
NW150_10000m,2022-03-01 01:22:00.000000000,1.01055346229693,52.11685452651356,10000.0,26435.887460311165,216.28348,0.5722622587743335,0.9663544191910509,1.0,0.0,0.0,13.7999417377954
NW150_10000m,2022-03-01 01:23:00.000000000,1.1785553809361387,52.185965718139244,10000.0,26435.887460311165,216.22008,0.5794147183941806,0.9788587862841358,1.0,0.0,0.0,13.799915868718232
NW150_10000m,2022-03-01 01:24:00.000000000,1.347416800466216,52.254525774457576,10000.0,26435.887460311165,216.1638,0.5861618568381478,0.9906432629684618,1.0,0.0,0.0,13.800028226818675
NW150_10000m,2022-03-01 01:25:00.000000000,1.5171362964332586,52.32253259044532,10000.0,26435.887460311165,216.11131,0.5915349440113795,1.0000846418604705,1.0,1.0,1.0,13.800064050248245
NW150_10000m,2022-03-01 01:26:00.000000000,1.68769961074384,52.389992551693666,10000.0,26435.887460311165,216.06819,0.5955930447297114,1.0072425993267407,1.0,1.0,1.0,13.800035707958136
NW150_10000m,2022-03-01 01:27:00.000000000,1.8590929415381916,52.45691204737704,10000.0,26435.887460311165,216.04428,0.5990429882072025,1.0132461223688272,1.0,1.0,1.0,13.800006366844299
NW150_10000m,2022-03-01 01:28:00.000000000,2.0313057247601067,52.52329563749123,10000.0,26435.887460311165,216.02948,0.6016486725443704,1.0177559078645295,1.0,1.0,1.0,13.799976050210285
NW150_10000m,2022-03-01 01:29:00.000000000,2.204327053092159,52.589148373160356,10000.0,26435.887460311165,216.0143,0.6035123765747624,1.0210151986778593,1.0,1.0,1.0,13.799944774494586
NW150_10000m,2022-03-01 01:30:00.000000000,2.3781456952806157,52.654475794643076,10000.0,26435.887460311165,216.0112,0.6069383736366758,1.0268307137785386,1.0,1.0,1.0,13.799912548950555
NW150_10000m,2022-03-01 01:31:00.000000000,2.552750115430623,52.71928392863415,10000.0,26435.887460311165,216.01112,0.6092799986595444,1.0307926545929322,1.0,1.0,1.0,13.800025547983164
NW150_10000m,2022-03-01 01:32:00.000000000,2.7281360261108265,52.783574283172314,10000.0,26435.887460311165,216.00963,0.6124833904113778,1.0362244309025526,1.0,1.0,1.0,13.800070310251925
NW150_10000m,2022-03-01 01:33:00.000000000,2.904287639098437,52.84735628599273,10000.0,26435.887460311165,216.00008,0.6186374694345443,1.0467048356347213,1.0,1.0,1.0,13.800035653315424
NW150_10000m,2022-03-01 01:34:00.000000000,3.0811885353680224,52.910640118994756,10000.0,26435.887460311165,215.9901,0.6229378680473815,1.0540528058451923,1.0,1.0,1.0,13.800000137735003
NW150_10000m,2022-03-01 01:35:00.000000000,3.2588261330665302,52.973433739258525,10000.0,26435.887460311165,215.97945,0.6257511877646119,1.0588932022534183,1.0,1.0,1.0,13.799963750073099
NW150_10000m,2022-03-01 01:36:00.000000000,3.437187640169225,53.03574556692225,10000.0,26435.887460311165,215.96617,0.6290068438947793,1.064498596221235,1.0,1.0,1.0,13.79992646831523
NW150_10000m,2022-03-01 01:37:00.000000000,3.6162600719618223,53.097584478797295,10000.0,26435.887460311165,215.95647,0.6296928376672787,1.0657296224781756,1.0,1.0,1.0,13.799943886962065
NW150_10000m,2022-03-01 01:38:00.000000000,3.7960328422494536,53.158958094549476,10000.0,26435.887460311165,215.9465,0.6292939913712257,1.0651268447764617,1.0,1.0,1.0,13.800090279160704
NW150_10000m,2022-03-01 01:39:00.000000000,3.976498397947654,53.219872383791994,10000.0,26435.887460311165,215.93423,0.6296905960032989,1.0658881919365342,1.0,1.0,1.0,13.800050782075573
NW150_10000m,2022-03-01 01:40:00.000000000,4.157634606386402,53.28034332552035,10000.0,26435.887460311165,215.94447,0.6267755876026905,1.0608771859200392,1.0,1.0,1.0,13.800010427115703
NW150_10000m,2022-03-01 01:41:00.000000000,4.339427863815142,53.34038157366536,10000.0,26435.887460311165,215.96214,0.6220868940034103,1.0528150167370938,1.0,1.0,1.0,13.799969161774092
NW150_10000m,2022-03-01 01:42:00.000000000,4.521864452883596,53.39999819988323,10000.0,26435.887460311165,215.98625,0.6148148163907539,1.040336216216686,1.0,1.0,1.0,13.799926925392562
NW150_10000m,2022-03-01 01:43:00.000000000,4.704930555995679,53.45920468475397,10000.0,26435.887460311165,216.02536,0.5957857931407914,1.007864795951439,1.0,1.0,1.0,13.799945290048816
NW150_10000m,2022-03-01 01:44:00.000000000,4.88861478010909,53.51801129684401,10000.0,26435.887460311165,216.06291,0.5764130838210063,0.9748423633875011,1.0,0.0,0.0,13.800094032584427
NW150_10000m,2022-03-01 01:45:00.000000000,5.0729082239025605,53.57642712193283,10000.0,26435.887460311165,216.09079,0.5649885555005597,0.9553382547447603,1.0,0.0,0.0,13.800049796946867
NW150_10000m,2022-03-01 01:46:00.000000000,5.257788866938882,53.634469985914784,10000.0,26435.887460311165,216.0944,0.5679122090505111,0.9602593741483924,1.0,0.0,0.0,13.800004527266935
NW150_10000m,2022-03-01 01:47:00.000000000,5.443242599872851,53.69215293387575,10000.0,26435.887460311165,216.09358,0.5733589744508018,0.9694716900601439,1.0,0.0,0.0,13.799958130859713
NW150_10000m,2022-03-01 01:48:00.000000000,5.629255267365139,53.74948937194031,10000.0,26435.887460311165,216.07997,0.5831611259602008,0.986139656599952,1.0,0.0,0.0,13.79991050882696
NW150_10000m,2022-03-01 01:49:00.000000000,5.815812675955236,53.80649305729837,10000.0,26435.887460311165,216.08424,0.5929594100874127,1.002678095249198,1.0,1.0,1.0,13.800022438740301
NW150_10000m,2022-03-01 01:50:00.000000000,6.002906243466793,53.863174761945274,10000.0,26435.887460311165,216.10799,0.6014617511706205,1.0168899807796896,1.0,1.0,1.0,13.800079762007199
NW150_10000m,2022-03-01 01:51:00.000000000,6.190519463048881,53.91955042040538,10000.0,26435.887460311165,216.14005,0.6101332411031543,1.031324434878463,1.0,1.0,1.0,13.800030134925539
NW150_10000m,2022-03-01 01:52:00.000000000,6.37863425991099,53.97563708366971,10000.0,26435.887460311165,216.1975,0.6179575702210285,1.044137756979969,1.0,1.0,1.0,13.799979093957013
NW150_10000m,2022-03-01 01:53:00.000000000,6.567236342302421,54.031449832186425,10000.0,26435.887460311165,216.26474,0.6251961879702422,1.0558766886384086,1.0,1.0,1.0,13.799926512080395
NW150_10000m,2022-03-01 01:54:00.000000000,6.756311405334701,54.08700404619348,10000.0,26435.887460311165,216.32782,0.6317484744193239,1.0664807944786636,1.0,1.0,1.0,13.799949642083092
NW150_10000m,2022-03-01 01:55:00.000000000,6.945847470218504,54.1423142019007,10000.0,26435.887460311165,216.3944,0.6296625567114351,1.0624696976389825,1.0,1.0,1.0,13.800098109561839
NW150_10000m,2022-03-01 01:56:00.000000000,7.135833714601291,54.19739466442671,10000.0,26435.887460311165,216.45798,0.6188302170778143,1.043731450104552,1.0,1.0,1.0,13.800043273360885
NW150_10000m,2022-03-01 01:57:00.000000000,7.32624951374758,54.25226499267849,10000.0,26435.887460311165,216.51622,0.5989870614969179,1.0098570295682996,1.0,1.0,1.0,13.79998659383097
NW150_10000m,2022-03-01 01:58:00.000000000,7.51708051518265,54.306941683109144,10000.0,26435.887460311165,216.57104,0.5684338449384322,0.9579795109848884,1.0,0.0,0.0,13.799927921794033
NW150_10000m,2022-03-01 01:59:00.000000000,7.708312353698635,54.361441480335294,10000.0,26435.887460311165,216.62967,0.5250598233783682,0.884523042706289,1.0,0.0,0.0,13.799940755504373
NW150_10000m,2022-03-01 02:00:00.000000000,7.899932508741545,54.41578065368137,10000.0,26435.887460311165,216.68768,0.4848971719772269,0.816532950329381,1.0,0.0,0.0,13.800101598995504
NW150_10000m,2022-03-01 02:01:00.000000000,8.09193002481248,54.46997537527261,10000.0,26435.887460311165,216.7499,0.4496158576695364,0.7567948589918173,1.0,0.0,0.0,13.800040063524344
NW150_10000m,2022-03-01 02:02:00.000000000,8.284284693425947,54.52404547359807,10000.0,26435.887460311165,216.8191,0.4172207473428559,0.701927268698848,1.0,0.0,0.0,13.799976116745375
NW150_10000m,2022-03-01 02:03:00.000000000,8.476982055864806,54.578008602825314,10000.0,26435.887460311165,216.88742,0.3895574532912795,0.6550755633792777,1.0,0.0,0.0,13.799909598036038
NW150_10000m,2022-03-01 02:04:00.000000000,8.670007618606233,54.63188261364137,10000.0,26435.887460311165,216.95615,0.37489311903977957,0.630112852931445,1.0,0.0,0.0,13.800001454071461
NW150_10000m,2022-03-01 02:05:00.000000000,8.863350105501592,54.685684964836305,10000.0,26435.887460311165,217.02467,0.3618107789649675,0.6078327537935236,1.0,0.0,0.0,13.800084970259018
NW150_10000m,2022-03-01 02:06:00.000000000,9.056994361144573,54.73943444851302,10000.0,26435.887460311165,217.08757,0.35216338705271133,0.5913640562142023,1.0,0.0,0.0,13.800014516598749
NW150_10000m,2022-03-01 02:07:00.000000000,9.25092252841246,54.793150181075866,10000.0,26435.887460311165,217.14159,0.3478493098166086,0.5838998639627234,1.0,0.0,0.0,13.79994097205505
NW150_10000m,2022-03-01 02:08:00.000000000,9.445119889561422,54.84685071393333,10000.0,26435.887460311165,217.19035,0.34028442880969106,0.5710047536955312,1.0,0.0,0.0,13.799884395048737
NW150_10000m,2022-03-01 02:09:00.000000000,9.639571976104216,54.90055477264747,10000.0,26435.887460311165,217.2193,0.33928695207299236,0.5692146849146974,1.0,0.0,0.0,13.800118643424014
NW150_10000m,2022-03-01 02:10:00.000000000,9.834268294393622,54.954282053483325,10000.0,26435.887460311165,217.24425,0.3378883345256111,0.56676958466444,1.0,0.0,0.0,11.73450958673037
NW150_10000m,2022-03-01 02:10:51.020201113,10.0,55.0,10000.0,26435.887460311165,217.27356,0.33226266074470934,0.5572175332252457,1.0,0.0,0.0,0.0
NW300_10000m,2022-03-01 00:00:00.000000000,-10.0,45.0,10000.0,26435.887460311165,216.95612,0.6586592503018068,1.1070624675005605,1.0,1.0,1.0,13.800088117030738
NW300_10000m,2022-03-01 00:01:00.000000000,-9.920923466196545,45.1108246057753,10000.0,26435.887460311165,216.93866,0.6601574117128601,1.1097153347659345,1.0,1.0,1.0,13.799988483207143
NW300_10000m,2022-03-01 00:02:00.000000000,-9.841787090783592,45.221681546099504,10000.0,26435.887460311165,216.93312,0.6618833575813513,1.1126620844014001,1.0,1.0,1.0,13.799946914700234
NW300_10000m,2022-03-01 00:03:00.000000000,-9.762561776579735,45.33256126526844,10000.0,26435.887460311165,216.95476,0.6609311207922475,1.1108926567899093,1.0,1.0,1.0,13.800068521534486
NW300_10000m,2022-03-01 00:04:00.000000000,-9.683213888074711,45.4434537504612,10000.0,26435.887460311165,216.97972,0.6599718610632032,1.1090843111490971,1.0,1.0,1.0,13.799970988479854
NW300_10000m,2022-03-01 00:05:00.000000000,-9.603718788662775,45.5543483933159,10000.0,26435.887460311165,217.01663,0.6572230720073382,1.1041805219278855,1.0,1.0,1.0,13.799977984898948
NW300_10000m,2022-03-01 00:06:00.000000000,-9.52404415478526,45.665235190560146,10000.0,26435.887460311165,217.07224,0.6509724562800241,1.0932521466669867,1.0,1.0,1.0,13.800053271614146
NW300_10000m,2022-03-01 00:07:00.000000000,-9.444156596605366,45.77610345079973,10000.0,26435.887460311165,217.12482,0.6438285354258916,1.080855888795142,1.0,1.0,1.0,13.799958407928843
NW300_10000m,2022-03-01 00:08:00.000000000,-9.364032913206923,45.88694369408733,10000.0,26435.887460311165,217.18037,0.6334201246736045,1.0629664932772802,1.0,1.0,1.0,13.799999237193617
NW300_10000m,2022-03-01 00:09:00.000000000,-9.283636876814912,45.99774496547674,10000.0,26435.887460311165,217.23885,0.6187760108363711,1.0379633928245742,1.0,1.0,1.0,13.800043840610053
NW300_10000m,2022-03-01 00:10:00.000000000,-9.20293682116831,46.10849658970587,10000.0,26435.887460311165,217.27136,0.5964204942147858,1.0002366254856816,1.0,1.0,1.0,13.799952359992572
NW300_10000m,2022-03-01 00:11:00.000000000,-9.121909979302162,46.219189597896154,10000.0,26435.887460311165,217.29608,0.5741481110147283,0.9627140324685438,1.0,0.0,0.0,13.800007173565856
NW300_10000m,2022-03-01 00:12:00.000000000,-9.040516711074574,46.329811923061385,10000.0,26435.887460311165,217.27664,0.5592778648164044,0.9379101320341281,1.0,0.0,0.0,13.800041664870289
NW300_10000m,2022-03-01 00:13:00.000000000,-8.958726351769249,46.4403529319095,10000.0,26435.887460311165,217.21603,0.5517327358221491,0.9256523308114859,1.0,0.0,0.0,13.799954326590367
NW300_10000m,2022-03-01 00:14:00.000000000,-8.876516613395903,46.550803870970384,10000.0,26435.887460311165,217.10115,0.5571918531307812,0.9355664870272467,1.0,0.0,0.0,13.799997280283817
NW300_10000m,2022-03-01 00:15:00.000000000,-8.793846427705692,46.66115185137731,10000.0,26435.887460311165,216.98221,0.5668927323905748,0.9526477605678537,1.0,0.0,0.0,13.800048033196536
NW300_10000m,2022-03-01 00:16:00.000000000,-8.710682585074276,46.771385430343344,10000.0,26435.887460311165,216.88876,0.5728827812276247,0.9633449092665883,1.0,0.0,0.0,13.799965519769557
NW300_10000m,2022-03-01 00:17:00.000000000,-8.627004695416122,46.881496198262,10000.0,26435.887460311165,216.82166,0.5752713505812317,0.9678144859755381,1.0,0.0,0.0,13.799963724929322
NW300_10000m,2022-03-01 00:18:00.000000000,-8.54277404237892,46.99147130478317,10000.0,26435.887460311165,216.79668,0.5695416894056251,0.9583409438144123,1.0,0.0,0.0,13.800063990684194
NW300_10000m,2022-03-01 00:19:00.000000000,-8.45794791284715,47.101296536580705,10000.0,26435.887460311165,216.73996,0.5728118429294332,0.9642246586246674,1.0,0.0,0.0,13.799986781025158
NW300_10000m,2022-03-01 00:20:00.000000000,-8.37251091880526,47.2109644950508,10000.0,26435.887460311165,216.7142,0.5711547709823699,0.9616085434107771,1.0,0.0,0.0,13.799912907865037
NW300_10000m,2022-03-01 00:21:00.000000000,-8.286431043113016,47.320463531247256,10000.0,26435.887460311165,216.71202,0.5638295643803816,0.9492891031067083,1.0,0.0,0.0,13.800076196286195
NW300_10000m,2022-03-01 00:22:00.000000000,-8.199649672192479,47.42977453779333,10000.0,26435.887460311165,216.70021,0.5581903588393027,0.9398723158724464,1.0,0.0,0.0,13.800018562498973
NW300_10000m,2022-03-01 00:23:00.000000000,-8.112156992642236,47.538891255476045,10000.0,26435.887460311165,216.72931,0.5480229498616825,0.922564295769194,1.0,0.0,0.0,13.799950715307018
NW300_10000m,2022-03-01 00:24:00.000000000,-8.023921686547787,47.64780159840676,10000.0,26435.887460311165,216.7825,0.5358848044945224,0.9017968460563264,1.0,0.0,0.0,13.799966729329075
NW300_10000m,2022-03-01 00:25:00.000000000,-7.934900889041014,47.75648995806062,10000.0,26435.887460311165,216.82928,0.5296113137569702,0.8909498354660096,1.0,0.0,0.0,13.800061043952317
NW300_10000m,2022-03-01 00:26:00.000000000,-7.845050721883438,47.86493998285897,10000.0,26435.887460311165,216.87872,0.523517441041606,0.8803943219503519,1.0,0.0,0.0,13.79999881680529
NW300_10000m,2022-03-01 00:27:00.000000000,-7.754356282969613,47.97314346787794,10000.0,26435.887460311165,216.95149,0.5141831990880011,0.8642566574219875,1.0,0.0,0.0,13.799941466076774
NW300_10000m,2022-03-01 00:28:00.000000000,-7.6627837598578,48.08108657824253,10000.0,26435.887460311165,217.01396,0.5026736157814908,0.8445432997579908,1.0,0.0,0.0,13.79997021160282
NW300_10000m,2022-03-01 00:29:00.000000000,-7.570288211789855,48.18875177037913,10000.0,26435.887460311165,217.07788,0.4903127720077072,0.8234053714103003,1.0,0.0,0.0,13.800056993696558
NW300_10000m,2022-03-01 00:30:00.000000000,-7.4768269238674145,48.296121649584855,10000.0,26435.887460311165,217.15215,0.47590189851069015,0.7987874989396668,1.0,0.0,0.0,13.800004459888097
NW300_10000m,2022-03-01 00:31:00.000000000,-7.3823838532286254,48.40318673067621,10000.0,26435.887460311165,217.21895,0.4607894249095674,0.7730605837181311,1.0,0.0,0.0,13.799957317794943
NW300_10000m,2022-03-01 00:32:00.000000000,-7.286924476534726,48.50993160004795,10000.0,26435.887460311165,217.2876,0.446981341795425,0.7495313712624171,1.0,0.0,0.0,13.799916002343144
NW300_10000m,2022-03-01 00:33:00.000000000,-7.190414116305575,48.61634040787918,10000.0,26435.887460311165,217.36523,0.4368856556046878,0.7322011841855414,1.0,0.0,0.0,13.800039992164178
NW300_10000m,2022-03-01 00:34:00.000000000,-7.092794628021714,48.722389156480915,10000.0,26435.887460311165,217.42212,0.42878974241817974,0.7183449615351276,1.0,0.0,0.0,13.80003247679333
NW300_10000m,2022-03-01 00:35:00.000000000,-6.9940492309502105,48.828066781329696,10000.0,26435.887460311165,217.48029,0.42010788019407763,0.7035110617008059,1.0,0.0,0.0,13.79999369432162
NW300_10000m,2022-03-01 00:36:00.000000000,-6.894148187718829,48.933357730861054,10000.0,26435.887460311165,217.5184,0.4105849291346808,0.6873783168944784,1.0,0.0,0.0,13.799960458918342
NW300_10000m,2022-03-01 00:37:00.000000000,-6.793056748530032,49.03824435149423,10000.0,26435.887460311165,217.53966,0.4023976771888426,0.673570600314853,1.0,0.0,0.0,13.799932926873588
NW300_10000m,2022-03-01 00:38:00.000000000,-6.690740214297752,49.14270850830435,10000.0,26435.887460311165,217.53339,0.4037629245112913,0.6758846729565026,1.0,0.0,0.0,13.799937843262066
NW300_10000m,2022-03-01 00:39:00.000000000,-6.587159882549535,49.24673011887382,10000.0,26435.887460311165,217.53134,0.4030945498697923,0.674775366943113,1.0,0.0,0.0,13.800045566477195
NW300_10000m,2022-03-01 00:40:00.000000000,-6.482265790411605,49.35028438329414,10000.0,26435.887460311165,217.52019,0.40541987214310565,0.6787219253983321,1.0,0.0,0.0,13.800016892595394
NW300_10000m,2022-03-01 00:41:00.000000000,-6.376044035673477,49.453358808776436,10000.0,26435.887460311165,217.52216,0.4053563360222803,0.6786059026615368,1.0,0.0,0.0,13.799992912057345
NW300_10000m,2022-03-01 00:42:00.000000000,-6.26846086043589,49.555933366915674,10000.0,26435.887460311165,217.56702,0.3954340589096353,0.6617846125163234,1.0,0.0,0.0,13.799973513084367
NW300_10000m,2022-03-01 00:43:00.000000000,-6.159482864941991,49.65798754696593,10000.0,26435.887460311165,217.58058,0.3789378969577727,0.6341163039752667,1.0,0.0,0.0,13.799958516810614
NW300_10000m,2022-03-01 00:44:00.000000000,-6.04907708253976,49.75950036261681,10000.0,26435.887460311165,217.59508,0.35867726018691204,0.6001506533330996,1.0,0.0,0.0,13.799947680043546
NW300_10000m,2022-03-01 00:45:00.000000000,-5.937211058883334,49.86045036176974,10000.0,26435.887460311165,217.67488,0.32197743148318636,0.5384382323483862,1.0,0.0,0.0,13.799940699320981
NW300_10000m,2022-03-01 00:46:00.000000000,-5.82385293518865,49.96081563953219,10000.0,26435.887460311165,217.76234,0.28428865376830775,0.47511625914301214,1.0,0.0,0.0,13.79993721622439
NW300_10000m,2022-03-01 00:47:00.000000000,-5.7089715353039985,50.06057385464187,10000.0,26435.887460311165,217.86945,0.24837471451786486,0.41477954385054894,1.0,0.0,0.0,13.799936823868425
NW300_10000m,2022-03-01 00:48:00.000000000,-5.592536456298742,50.159702249523704,10000.0,26435.887460311165,217.99948,0.21603717025997993,0.3604418219284324,1.0,0.0,0.0,13.799986172738022
NW300_10000m,2022-03-01 00:49:00.000000000,-5.474510677882145,50.25817453206421,10000.0,26435.887460311165,218.14267,0.18750631027417536,0.31251853778348965,1.0,0.0,0.0,13.799994508596447
NW300_10000m,2022-03-01 00:50:00.000000000,-5.354871748093859,50.35596963274947,10000.0,26435.887460311165,218.256,0.17251849896826385,0.2873052744575023,1.0,0.0,0.0,13.799983976704626
NW300_10000m,2022-03-01 00:51:00.000000000,-5.233595261598681,50.4530650192097,10000.0,26435.887460311165,218.3778,0.1552091357199382,0.25825286413538706,1.0,0.0,0.0,13.799975121025685
NW300_10000m,2022-03-01 00:52:00.000000000,-5.110654935153547,50.54943661286862,10000.0,26435.887460311165,218.46643,0.14372850564734457,0.23899699879667824,1.0,0.0,0.0,13.79996757261231
NW300_10000m,2022-03-01 00:53:00.000000000,-4.986025736245966,50.64506007770398,10000.0,26435.887460311165,218.53877,0.13508200799756806,0.2245019851001662,1.0,0.0,0.0,13.799960967134778
NW300_10000m,2022-03-01 00:54:00.000000000,-4.859683984490885,50.73991086473504,10000.0,26435.887460311165,218.59111,0.12705316435436936,0.21107846579946657,1.0,0.0,0.0,13.799954954124146
NW300_10000m,2022-03-01 00:55:00.000000000,-4.731607452826864,50.83396426092873,10000.0,26435.887460311165,218.6026,0.1203489500374187,0.1999234850595459,1.0,0.0,0.0,13.79994920606064
NW300_10000m,2022-03-01 00:56:00.000000000,-4.601775467741191,50.927195442506765,10000.0,26435.887460311165,218.60736,0.11495289291173143,0.19095313103969855,1.0,0.0,0.0,13.799943427029241
NW300_10000m,2022-03-01 00:57:00.000000000,-4.470169007705538,51.01957953258822,10000.0,26435.887460311165,218.60466,0.10835437397294526,0.17999576651770696,1.0,0.0,0.0,13.799937360774864
NW300_10000m,2022-03-01 00:58:00.000000000,-4.33677079896325,51.111091663052186,10000.0,26435.887460311165,218.54288,0.11116335495880285,0.18474451020267577,1.0,0.0,0.0,13.799930797895813
NW300_10000m,2022-03-01 00:59:00.000000000,-4.201565407776938,51.20170704045092,10000.0,26435.887460311165,218.4762,0.11356772126645887,0.18883110688705815,1.0,0.0,0.0,13.799923581988907
NW300_10000m,2022-03-01 01:00:00.000000000,-4.064539328223156,51.29140101574788,10000.0,26435.887460311165,218.38283,0.1256482007418545,0.20905831029835936,1.0,0.0,0.0,13.799971960084983
NW300_10000m,2022-03-01 01:01:00.000000000,-3.925672691250378,51.38014474820795,10000.0,26435.887460311165,218.26564,0.1423401333610737,0.23703061531602498,1.0,0.0,0.0,13.799989993696935
NW300_10000m,2022-03-01 01:02:00.000000000,-3.7849597100371453,51.467915781071916,10000.0,26435.887460311165,218.16043,0.15730876893203166,0.2621552091062877,1.0,0.0,0.0,13.799982334639
NW300_10000m,2022-03-01 01:03:00.000000000,-3.642396329501675,51.554691941817346,10000.0,26435.887460311165,218.03014,0.1880210699507551,0.3136305195246883,1.0,0.0,0.0,13.799972226780293
NW300_10000m,2022-03-01 01:04:00.000000000,-3.497977620820567,51.640449919342565,10000.0,26435.887460311165,217.90263,0.22055414017436173,0.36823175216216253,1.0,0.0,0.0,13.799959803839897
NW300_10000m,2022-03-01 01:05:00.000000000,-3.3517009350285445,51.72516694972693,10000.0,26435.887460311165,217.78235,0.2536801134140879,0.42390194958470456,1.0,0.0,0.0,13.799945275324054
NW300_10000m,2022-03-01 01:06:00.000000000,-3.203565944136362,51.80882090126587,10000.0,26435.887460311165,217.66463,0.28590701446239314,0.47815363040229986,1.0,0.0,0.0,13.799928921829492
NW300_10000m,2022-03-01 01:07:00.000000000,-3.053574671729448,51.89139036009824,10000.0,26435.887460311165,217.55971,0.31156944429412087,0.5214595995499908,1.0,0.0,0.0,13.799911088530228
NW300_10000m,2022-03-01 01:08:00.000000000,-2.901731512451368,51.9728547157803,10000.0,26435.887460311165,217.46954,0.3312615080939184,0.5547711322213242,1.0,0.0,0.0,13.799892177004786
NW300_10000m,2022-03-01 01:09:00.000000000,-2.748043239880722,52.05319424613203,10000.0,26435.887460311165,217.38947,0.34824247383595647,0.5835386679809395,1.0,0.0,0.0,13.799872635548102
NW300_10000m,2022-03-01 01:10:00.000000000,-2.592519002426449,52.13239020066219,10000.0,26435.887460311165,217.31462,0.36564701232069147,0.6130258244917046,1.0,0.0,0.0,13.799918196999815
NW300_10000m,2022-03-01 01:11:00.000000000,-2.435161734620993,52.210419305589014,10000.0,26435.887460311165,217.24713,0.3809318234925702,0.6389555389880262,1.0,0.0,0.0,13.80001727346871
NW300_10000m,2022-03-01 01:12:00.000000000,-2.2759778928155523,52.28725973598111,10000.0,26435.887460311165,217.18661,0.39459880487719007,0.6621637940492857,1.0,0.0,0.0,13.799984330624138
NW300_10000m,2022-03-01 01:13:00.000000000,-2.1149993340076914,52.36290611830523,10000.0,26435.887460311165,217.12389,0.40570777759321563,0.6811048916517185,1.0,0.0,0.0,13.799951373987865
NW300_10000m,2022-03-01 01:14:00.000000000,-1.9522445899607144,52.43734445248597,10000.0,26435.887460311165,217.05685,0.4175589802030083,0.7013297391364621,1.0,0.0,0.0,13.799919043727886
NW300_10000m,2022-03-01 01:15:00.000000000,-1.7877343600936229,52.51056208865982,10000.0,26435.887460311165,216.99382,0.42889426343611986,0.720687465624347,1.0,0.0,0.0,13.799887962880513
NW300_10000m,2022-03-01 01:16:00.000000000,-1.6214914334946287,52.58254778697197,10000.0,26435.887460311165,216.92973,0.43775834901546856,0.7359106015651944,1.0,0.0,0.0,13.799858723777916
NW300_10000m,2022-03-01 01:17:00.000000000,-1.4535406002124682,52.65329177133451,10000.0,26435.887460311165,216.86317,0.44735634026747234,0.7523965442704489,1.0,0.0,0.0,13.799932400360657
NW300_10000m,2022-03-01 01:18:00.000000000,-1.2838968509394306,52.722776879952,10000.0,26435.887460311165,216.78867,0.45882100841016304,0.7720802516297939,1.0,0.0,0.0,13.800022895727567
NW300_10000m,2022-03-01 01:19:00.000000000,-1.112586568735346,52.79099418551142,10000.0,26435.887460311165,216.72272,0.46602565637344284,0.7845642934716748,1.0,0.0,0.0,13.799979744380856
NW300_10000m,2022-03-01 01:20:00.000000000,-0.939654493106282,52.85794941390775,10000.0,26435.887460311165,216.6626,0.4708779389841088,0.7930659230502397,1.0,0.0,0.0,13.79993980822863
NW300_10000m,2022-03-01 01:21:00.000000000,-0.7651324704414992,52.92363915934596,10000.0,26435.887460311165,216.60896,0.4744043220998016,0.799301784850348,1.0,0.0,0.0,13.799903543039914
NW300_10000m,2022-03-01 01:22:00.000000000,-0.58905376130441,52.98806164521917,10000.0,26435.887460311165,216.5694,0.4756886129567626,0.8016865668968025,1.0,0.0,0.0,13.799871319328068
NW300_10000m,2022-03-01 01:23:00.000000000,-0.4114529056363683,53.05121673352388,10000.0,26435.887460311165,216.54008,0.4753417116597198,0.8012636573544456,1.0,0.0,0.0,13.799883487855835
NW300_10000m,2022-03-01 01:24:00.000000000,-0.23236145040008688,53.113102325162444,10000.0,26435.887460311165,216.52016,0.4731860656867801,0.7977395831551702,1.0,0.0,0.0,13.800041638811695
NW300_10000m,2022-03-01 01:25:00.000000000,-0.05180178075359701,53.17370859885779,10000.0,26435.887460311165,216.5027,0.47182133978670115,0.7955370782671934,1.0,0.0,0.0,13.799997826361663
NW300_10000m,2022-03-01 01:26:00.000000000,0.1301688372749128,53.23305718245863,10000.0,26435.887460311165,216.47964,0.4726909890617751,0.7971300298915038,1.0,0.0,0.0,13.79995906677288
NW300_10000m,2022-03-01 01:27:00.000000000,0.31351209182943873,53.29115454024764,10000.0,26435.887460311165,216.45813,0.472898217569381,0.7975989442111703,1.0,0.0,0.0,13.799925437345752
NW300_10000m,2022-03-01 01:28:00.000000000,0.4981891081365398,53.348008707064906,10000.0,26435.887460311165,216.42961,0.4752573235647515,0.8017345964579231,1.0,0.0,0.0,13.799896927149362
NW300_10000m,2022-03-01 01:29:00.000000000,0.6841605865459447,53.40362925472488,10000.0,26435.887460311165,216.36623,0.48466589921990905,0.8179663346735974,1.0,0.0,0.0,13.799873443428513
NW300_10000m,2022-03-01 01:30:00.000000000,0.8713869372082249,53.458027252752736,10000.0,26435.887460311165,216.29677,0.49517652349823754,0.8361073025425725,1.0,0.0,0.0,13.800003277034353
NW300_10000m,2022-03-01 01:31:00.000000000,1.059841386059982,53.51120202304285,10000.0,26435.887460311165,216.22115,0.5066334301254725,0.8558964685279131,1.0,0.0,0.0,13.800022995807959
NW300_10000m,2022-03-01 01:32:00.000000000,1.2494744497163712,53.56317674160802,10000.0,26435.887460311165,216.13858,0.5191868229304001,0.8776049054325111,1.0,0.0,0.0,13.799990701417501
NW300_10000m,2022-03-01 01:33:00.000000000,1.4402417277776687,53.61397145077638,10000.0,26435.887460311165,216.07007,0.5293346887803528,0.8951787392090217,1.0,0.0,0.0,13.799963553889912
NW300_10000m,2022-03-01 01:34:00.000000000,1.6321037411299624,53.66360278336795,10000.0,26435.887460311165,216.00395,0.5392179459093339,0.9123069533348841,1.0,0.0,0.0,13.79994125028068
NW300_10000m,2022-03-01 01:35:00.000000000,1.825021324003966,53.71208859964829,10000.0,26435.887460311165,215.94527,0.5495353218315341,0.9301378531628396,1.0,0.0,0.0,13.799923448384668
NW300_10000m,2022-03-01 01:36:00.000000000,2.018955721933458,53.75944792559232,10000.0,26435.887460311165,215.89905,0.5607772884730835,0.9494669791167956,1.0,0.0,0.0,13.79990977671296
NW300_10000m,2022-03-01 01:37:00.000000000,2.2138686820629156,53.80570088956387,10000.0,26435.887460311165,215.85788,0.5724763948161515,0.9695477391580348,1.0,0.0,0.0,13.799948984012369
NW300_10000m,2022-03-01 01:38:00.000000000,2.4097261233968394,53.85086443783775,10000.0,26435.887460311165,215.84506,0.5844093237224821,0.9898436370967336,1.0,0.0,0.0,13.800036187046471
NW300_10000m,2022-03-01 01:39:00.000000000,2.6064941186617454,53.894956781536706,10000.0,26435.887460311165,215.84137,0.5966329729393701,1.010571792488103,1.0,1.0,1.0,13.800015078206986
NW300_10000m,2022-03-01 01:40:00.000000000,2.8041285449179454,53.93801009691704,10000.0,26435.887460311165,215.8478,0.6048993636412294,1.0245296994104252,1.0,1.0,1.0,13.799997820944922
NW300_10000m,2022-03-01 01:41:00.000000000,3.0025939610012564,53.980048284180945,10000.0,26435.887460311165,215.87592,0.6058251859517971,1.0258981062208523,1.0,1.0,1.0,13.79998401562078
NW300_10000m,2022-03-01 01:42:00.000000000,3.2018557630111504,54.02109601742057,10000.0,26435.887460311165,215.9079,0.6074506697662347,1.0284268899873172,1.0,1.0,1.0,13.799973270276453
NW300_10000m,2022-03-01 01:43:00.000000000,3.4018802267900927,54.06117868295929,10000.0,26435.887460311165,215.93668,0.609547171591884,1.0317716259387566,1.0,1.0,1.0,13.799965206082186
NW300_10000m,2022-03-01 01:44:00.000000000,3.602634543121369,54.10032231942916,10000.0,26435.887460311165,215.9519,0.6146616658998929,1.040322648247176,1.0,1.0,1.0,13.799959461841203
NW300_10000m,2022-03-01 01:45:00.000000000,3.804086845940391,54.13855355989434,10000.0,26435.887460311165,215.9575,0.6220045516410001,1.052712089933734,1.0,1.0,1.0,13.799955697547006
NW300_10000m,2022-03-01 01:46:00.000000000,4.006206233889081,54.175899576289325,10000.0,26435.887460311165,215.95845,0.6293817231485515,1.0651900247890713,1.0,1.0,1.0,13.799953597046356
NW300_10000m,2022-03-01 01:47:00.000000000,4.2089627855703755,54.212388026400205,10000.0,26435.887460311165,215.98312,0.6262070357832669,1.0596360078344416,1.0,1.0,1.0,13.799952869863993
NW300_10000m,2022-03-01 01:48:00.000000000,4.412327568879176,54.24804700357823,10000.0,26435.887460311165,216.03758,0.6068698154432433,1.0265300484784459,1.0,1.0,1.0,13.800006698355082
NW300_10000m,2022-03-01 01:49:00.000000000,4.616275463747703,54.28290105533668,10000.0,26435.887460311165,216.11278,0.5748546714621892,0.9718744523998399,1.0,0.0,0.0,13.80002186330937
NW300_10000m,2022-03-01 01:50:00.000000000,4.8207773188467336,54.31698200019649,10000.0,26435.887460311165,216.18285,0.5432764831407629,0.9180450950008937,1.0,0.0,0.0,13.800015437867602
NW300_10000m,2022-03-01 01:51:00.000000000,5.025806007656997,54.35032061443085,10000.0,26435.887460311165,216.22667,0.5228379414914682,0.8832408337837304,1.0,0.0,0.0,13.800010375711302
NW300_10000m,2022-03-01 01:52:00.000000000,5.231336597381306,54.38294625060993,10000.0,26435.887460311165,216.22758,0.5217187301205781,0.8813426471836201,1.0,0.0,0.0,13.80000645900439
NW300_10000m,2022-03-01 01:53:00.000000000,5.4373451133414585,54.414888488970746,10000.0,26435.887460311165,216.16867,0.5416276833753519,0.9153458042273964,1.0,0.0,0.0,13.80000349351675
NW300_10000m,2022-03-01 01:54:00.000000000,5.6438085208209365,54.446177106025864,10000.0,26435.887460311165,216.11322,0.5622793866362534,0.9506090357781811,1.0,0.0,0.0,13.800001307532371
NW300_10000m,2022-03-01 01:55:00.000000000,5.850704703709083,54.47684204628585,10000.0,26435.887460311165,216.06252,0.5811029940841874,0.9827764915883295,1.0,0.0,0.0,13.799999750511848
NW300_10000m,2022-03-01 01:56:00.000000000,6.0580124402773405,54.50691339704715,10000.0,26435.887460311165,216.01997,0.5975348938409211,1.0108627207779266,1.0,1.0,1.0,13.799998691594203
NW300_10000m,2022-03-01 01:57:00.000000000,6.2657113763975225,54.53642136617987,10000.0,26435.887460311165,216.00662,0.610332519664218,1.0326074954675204,1.0,1.0,1.0,13.79999801798738
NW300_10000m,2022-03-01 01:58:00.000000000,6.473781996489749,54.56539626283452,10000.0,26435.887460311165,216.03572,0.6195029896947375,1.0479112373183075,1.0,1.0,1.0,13.799997633300183
NW300_10000m,2022-03-01 01:59:00.000000000,6.682205592464387,54.59386848097386,10000.0,26435.887460311165,216.09125,0.6321897602849152,1.0689652248000525,1.0,1.0,1.0,13.799997455870388
NW300_10000m,2022-03-01 02:00:00.000000000,6.890964230898576,54.621868485625136,10000.0,26435.887460311165,216.15518,0.6490169938740504,1.0969370877913507,1.0,1.0,1.0,13.799997417102448
NW300_10000m,2022-03-01 02:01:00.000000000,7.100040718663574,54.64942680173841,10000.0,26435.887460311165,216.22163,0.6490924969787083,1.0965605787143484,1.0,1.0,1.0,13.799997459866288
NW300_10000m,2022-03-01 02:02:00.000000000,7.309418567195235,54.67657400552972,10000.0,26435.887460311165,216.28616,0.6298025505160771,1.0635004229557032,1.0,1.0,1.0,13.79999753696068
NW300_10000m,2022-03-01 02:03:00.000000000,7.519081955575954,54.703340718181515,10000.0,26435.887460311165,216.35014,0.6060821585783168,1.022992732271543,1.0,1.0,1.0,13.799997609654802
NW300_10000m,2022-03-01 02:04:00.000000000,7.729015692573221,54.729757601767766,10000.0,26435.887460311165,216.4256,0.5627079082449679,0.9492855133009619,1.0,0.0,0.0,13.79999764632453
NW300_10000m,2022-03-01 02:05:00.000000000,7.939205177757295,54.75585535726813,10000.0,26435.887460311165,216.5029,0.5189263750061158,0.8749586311601611,1.0,0.0,0.0,13.799997621163726
NW300_10000m,2022-03-01 02:06:00.000000000,8.149636361798798,54.781664724531794,10000.0,26435.887460311165,216.5913,0.47776854898633137,0.8050683834901028,1.0,0.0,0.0,13.799997512987824
NW300_10000m,2022-03-01 02:07:00.000000000,8.360295706026216,54.80721648405044,10000.0,26435.887460311165,216.6807,0.4439898831600844,0.7476863857722829,1.0,0.0,0.0,13.799997304104322
NW300_10000m,2022-03-01 02:08:00.000000000,8.571170141303805,54.832541460397415,10000.0,26435.887460311165,216.77129,0.4173189116113823,0.7023282564090937,1.0,0.0,0.0,13.799996979248867
NW300_10000m,2022-03-01 02:09:00.000000000,8.782247026271694,54.85767052718934,10000.0,26435.887460311165,216.86668,0.3963323050190881,0.6665641801551933,1.0,0.0,0.0,13.799996524571583
NW300_10000m,2022-03-01 02:10:00.000000000,8.993514104972913,54.882634613425424,10000.0,26435.887460311165,216.95406,0.3792582035890194,0.637459343203971,1.0,0.0,0.0,13.799995926658175
NW300_10000m,2022-03-01 02:11:00.000000000,9.204959463875928,54.907464711058445,10000.0,26435.887460311165,217.03871,0.36592209672412673,0.6146787295617337,1.0,0.0,0.0,13.799995171578816
NW300_10000m,2022-03-01 02:12:00.000000000,9.416571488286719,54.932191883650866,10000.0,26435.887460311165,217.11475,0.3533503408447152,0.5932443151742355,1.0,0.0,0.0,13.79999424395057
NW300_10000m,2022-03-01 02:13:00.000000000,9.628338818131109,54.95684727596788,10000.0,26435.887460311165,217.17482,0.3455290874383223,0.5798695273331117,1.0,0.0,0.0,13.79999312600722
NW300_10000m,2022-03-01 02:14:00.000000000,9.84025030307615,54.98146212435819,10000.0,26435.887460311165,217.22513,0.3394936143493153,0.5695372069025406,1.0,0.0,0.0,10.397373788442348
NW300_10000m,2022-03-01 02:14:45.206365775,10.0,55.0,10000.0,26435.887460311165,217.26341,0.33352009479981853,0.5593660619787897,1.0,0.0,0.0,0.0
SE300_11000m,2022-03-01 00:00:00.000000000,-10.0,45.0,11000.0,22631.70090992698,211.47719,0.6069942789823177,1.057954685043981,1.0,1.0,1.0,13.800094134728138
SE300_11000m,2022-03-01 00:01:00.000000000,-9.82677314551648,45.020102312266246,11000.0,22631.70090992698,211.3038,0.6184738905561207,1.0791365844734364,1.0,1.0,1.0,13.799926232969433
SE300_11000m,2022-03-01 00:02:00.000000000,-9.653493047682074,45.040228107365934,11000.0,22631.70090992698,211.16287,0.6212302675221527,1.0849035533676008,1.0,1.0,1.0,13.80006412640431
SE300_11000m,2022-03-01 00:03:00.000000000,-9.480160146294885,45.06039685889146,11000.0,22631.70090992698,211.05457,0.6178357023555352,1.0797071046621773,1.0,1.0,1.0,13.799949396057052
SE300_11000m,2022-03-01 00:04:00.000000000,-9.306780987365798,45.08062343098062,11000.0,22631.70090992698,210.9642,0.6232973108992343,1.0898596176244375,1.0,1.0,1.0,13.800036400280172
SE300_11000m,2022-03-01 00:05:00.000000000,-9.133357536343832,45.100928229881646,11000.0,22631.70090992698,210.88516,0.6334572171899441,1.1081763514332126,1.0,1.0,1.0,13.799970465845753
SE300_11000m,2022-03-01 00:06:00.000000000,-8.959895043350746,45.12132615054455,11000.0,22631.70090992698,210.81398,0.6456891683380944,1.1300728683946242,1.0,1.0,1.0,13.800011574128176
SE300_11000m,2022-03-01 00:07:00.000000000,-8.786396617102591,45.14183721008832,11000.0,22631.70090992698,210.76538,0.6554421134579264,1.1474897644600393,1.0,1.0,1.0,13.799989004643274
SE300_11000m,2022-03-01 00:08:00.000000000,-8.612866681746247,45.1624775774794,11000.0,22631.70090992698,210.70868,0.6682404383028225,1.1703062240444595,1.0,1.0,1.0,13.799990303053198
SE300_11000m,2022-03-01 00:09:00.000000000,-8.43930914204852,45.18326585702831,11000.0,22631.70090992698,210.64621,0.6833723642574357,1.1972694912646844,1.0,1.0,1.0,13.800004453642119
SE300_11000m,2022-03-01 00:10:00.000000000,-8.265728028291267,45.204220394649916,11000.0,22631.70090992698,210.58533,0.700490284555111,1.2277198065034147,1.0,1.0,1.0,13.799973276277651
SE300_11000m,2022-03-01 00:11:00.000000000,-8.092127743009154,45.225357737589825,11000.0,22631.70090992698,210.4962,0.6898542420682532,1.2097512278780007,1.0,1.0,1.0,13.80001609812327
SE300_11000m,2022-03-01 00:12:00.000000000,-7.918512302301303,45.246698889185694,11000.0,22631.70090992698,210.40381,0.6744483817923792,1.1834069187060403,1.0,1.0,1.0,13.799961210383644
SE300_11000m,2022-03-01 00:13:00.000000000,-7.744886374321683,45.26825815561343,11000.0,22631.70090992698,210.30508,0.6547773517034374,1.1495901271495894,1.0,1.0,1.0,13.800023031932854
SE300_11000m,2022-03-01 00:14:00.000000000,-7.571254269640878,45.29005917412404,11000.0,22631.70090992698,210.20041,0.6329831611025308,1.1120440298513794,1.0,1.0,1.0,13.799954840686857
SE300_11000m,2022-03-01 00:15:00.000000000,-7.39762077768436,45.31211436586251,11000.0,22631.70090992698,210.11533,0.6190689444023038,1.0881670873482066,1.0,1.0,1.0,13.800024122652882
SE300_11000m,2022-03-01 00:16:00.000000000,-7.223990717483402,45.33444939421557,11000.0,22631.70090992698,210.0468,0.6108048789540864,1.0740933240099553,1.0,1.0,1.0,13.799954913092922
SE300_11000m,2022-03-01 00:17:00.000000000,-7.050368970350339,45.35707576947712,11000.0,22631.70090992698,210.00655,0.6077890301511205,1.0690525195314717,1.0,1.0,1.0,13.800017979313308
SE300_11000m,2022-03-01 00:18:00.000000000,-6.8767609533737,45.38001991078584,11000.0,22631.70090992698,209.9623,0.6098645759621797,1.0729984051992818,1.0,1.0,1.0,13.79996217944607
SE300_11000m,2022-03-01 00:19:00.000000000,-6.703171759000644,45.403294085518105,11000.0,22631.70090992698,209.92351,0.6143690312475669,1.0811788313636777,1.0,1.0,1.0,13.800002924939896
SE300_11000m,2022-03-01 00:20:00.000000000,-6.529607330733617,45.4269234600332,11000.0,22631.70090992698,209.90778,0.6193292567847624,1.0900112449708244,1.0,1.0,1.0,13.799977400027213
SE300_11000m,2022-03-01 00:21:00.000000000,-6.356073281178247,45.45092349266045,11000.0,22631.70090992698,209.8928,0.6247179734469357,1.0995941831862537,1.0,1.0,1.0,13.799976976694683
SE300_11000m,2022-03-01 00:22:00.000000000,-6.182575802425939,45.47531527857575,11000.0,22631.70090992698,209.8822,0.6296987776585693,1.1084386704105316,1.0,1.0,1.0,13.80000135742657
SE300_11000m,2022-03-01 00:23:00.000000000,-6.009121575546882,45.50012073450057,11000.0,22631.70090992698,209.88239,0.6344906558170733,1.1168671902148508,1.0,1.0,1.0,13.799937836800767
SE300_11000m,2022-03-01 00:24:00.000000000,-5.835716503291978,45.52535318945164,11000.0,22631.70090992698,209.92992,0.6356839130822168,1.1186467174641064,1.0,1.0,1.0,13.800034886480036
SE300_11000m,2022-03-01 00:25:00.000000000,-5.66236918142966,45.55104518131588,11000.0,22631.70090992698,209.97852,0.6382571643578361,1.1228372213950013,1.0,1.0,1.0,13.799882897819977
SE300_11000m,2022-03-01 00:26:00.000000000,-5.4890843616775,45.57719764114769,11000.0,22631.70090992698,210.03525,0.6403172375861499,1.126070921975904,1.0,1.0,1.0,13.800078925227597
SE300_11000m,2022-03-01 00:27:00.000000000,-5.315873767057676,45.60385884048128,11000.0,22631.70090992698,210.12405,0.6317501452410195,1.1103988538104879,1.0,1.0,1.0,13.799895331719693
SE300_11000m,2022-03-01 00:28:00.000000000,-5.142740958190315,45.63101906749871,11000.0,22631.70090992698,210.19261,0.6234394183982783,1.0953292801222012,1.0,1.0,1.0,13.800042997183724
SE300_11000m,2022-03-01 00:29:00.000000000,-4.969698784690018,45.65872630713557,11000.0,22631.70090992698,210.24814,0.6156294018804621,1.0812380050078685,1.0,1.0,1.0,13.79995376906427
SE300_11000m,2022-03-01 00:30:00.000000000,-4.796753035135437,45.686982292725965,11000.0,22631.70090992698,210.28137,0.6089445327941846,1.0692800730318113,1.0,1.0,1.0,13.79994640707958
SE300_11000m,2022-03-01 00:31:00.000000000,-4.62391414922983,45.715814646139805,11000.0,22631.70090992698,210.28741,0.604158768038416,1.0608350643784283,1.0,1.0,1.0,13.800024331011977
SE300_11000m,2022-03-01 00:32:00.000000000,-4.451193742234391,45.745252944513936,11000.0,22631.70090992698,210.27007,0.5993246928480718,1.0524597107182732,1.0,1.0,1.0,13.799861221627559
SE300_11000m,2022-03-01 00:33:00.000000000,-4.278597720124355,45.7752968403454,11000.0,22631.70090992698,210.20692,0.5913139727715502,1.038796586686266,1.0,1.0,1.0,13.80006694420363
SE300_11000m,2022-03-01 00:34:00.000000000,-4.106144189519029,45.80600166742369,11000.0,22631.70090992698,210.14702,0.5833561134386268,1.025193052428824,1.0,1.0,1.0,13.799946514579084
SE300_11000m,2022-03-01 00:35:00.000000000,-3.933838418631062,45.83736022309001,11000.0,22631.70090992698,210.08765,0.5745497547776978,1.0100861380296235,1.0,1.0,1.0,13.799906219436503
SE300_11000m,2022-03-01 00:36:00.000000000,-3.761693739870713,45.869400913677815,11000.0,22631.70090992698,210.0329,0.5646028254835033,0.9929319720256599,1.0,0.0,0.0,13.800046362148791
SE300_11000m,2022-03-01 00:37:00.000000000,-3.589727394380668,45.902163759954746,11000.0,22631.70090992698,210.00172,0.5574452178442034,0.980531305760317,1.0,0.0,0.0,13.79990159519073
SE300_11000m,2022-03-01 00:38:00.000000000,-3.4179459331993733,45.93564398438238,11000.0,22631.70090992698,209.97214,0.5525298001589374,0.9720643054359773,1.0,0.0,0.0,13.799951610140711
SE300_11000m,2022-03-01 00:39:00.000000000,-3.2463679783044506,45.969882009108844,11000.0,22631.70090992698,209.94493,0.5503609238325797,0.9684061183504874,1.0,0.0,0.0,13.800016454766586
SE300_11000m,2022-03-01 00:40:00.000000000,-3.0750092030632996,46.00490281842201,11000.0,22631.70090992698,209.9215,0.5534493169968274,0.9739841787854593,1.0,0.0,0.0,13.799887962750566
SE300_11000m,2022-03-01 00:41:00.000000000,-2.9038794260795666,46.04070956941587,11000.0,22631.70090992698,209.88632,0.5582203464426122,0.9825872871654385,1.0,0.0,0.0,13.7999431200479
SE300_11000m,2022-03-01 00:42:00.000000000,-2.7329999161484397,46.07734237419714,11000.0,22631.70090992698,209.85509,0.5632606892170471,0.9916510499600101,1.0,0.0,0.0,13.8000176981792
SE300_11000m,2022-03-01 00:43:00.000000000,-2.5623889010204874,46.11482693761682,11000.0,22631.70090992698,209.81563,0.5686598375292028,1.0013983360553762,1.0,1.0,1.0,13.799902792677946
SE300_11000m,2022-03-01 00:44:00.000000000,-2.3920578866329727,46.153166540114505,11000.0,22631.70090992698,209.75989,0.5759585181778822,1.0145964815446329,1.0,1.0,1.0,13.799863442619047
SE300_11000m,2022-03-01 00:45:00.000000000,-2.2220272537879744,46.19239008113134,11000.0,22631.70090992698,209.68242,0.5846057490320795,1.0303135263529994,1.0,1.0,1.0,13.80004882341418
SE300_11000m,2022-03-01 00:46:00.000000000,-2.052325048221605,46.232544000304586,11000.0,22631.70090992698,209.53288,0.5966312945248233,1.052469886561211,1.0,1.0,1.0,13.79994360740372
SE300_11000m,2022-03-01 00:47:00.000000000,-1.8829613111338395,46.2736216202186,11000.0,22631.70090992698,209.39148,0.6072454093123693,1.0721137542866934,1.0,1.0,1.0,13.799857276723737
SE300_11000m,2022-03-01 00:48:00.000000000,-1.7139569286239877,46.31564553938749,11000.0,22631.70090992698,209.25932,0.61682922076367,1.089903619240514,1.0,1.0,1.0,13.799926699414995
SE300_11000m,2022-03-01 00:49:00.000000000,-1.5453399082547812,46.358653409254885,11000.0,22631.70090992698,209.14629,0.6240973860012194,1.1034999837887376,1.0,1.0,1.0,13.800010460429153
SE300_11000m,2022-03-01 00:50:00.000000000,-1.3771346634374184,46.402669749677585,11000.0,22631.70090992698,209.14743,0.6185306653721935,1.0936561600917893,1.0,1.0,1.0,13.79992755559182
SE300_11000m,2022-03-01 00:51:00.000000000,-1.2093578204483888,46.447698643575244,11000.0,22631.70090992698,209.19724,0.6071016012908665,1.0731215050060687,1.0,1.0,1.0,13.799861678075068
SE300_11000m,2022-03-01 00:52:00.000000000,-1.0420339045596205,46.493761600745835,11000.0,22631.70090992698,209.23715,0.59518466468619,1.0518042441583033,1.0,1.0,1.0,13.799843754600678
SE300_11000m,2022-03-01 00:53:00.000000000,-0.87519001054635,46.540883253661256,11000.0,22631.70090992698,209.25998,0.5846199427194759,1.0329888910730032,1.0,1.0,1.0,13.800024490007264
SE300_11000m,2022-03-01 00:54:00.000000000,-0.708863153120941,46.58910575155253,11000.0,22631.70090992698,209.24956,0.5784110759563719,1.022085152766726,1.0,1.0,1.0,13.799955122539647
SE300_11000m,2022-03-01 00:55:00.000000000,-0.5430689015749426,46.63842341225433,11000.0,22631.70090992698,209.15503,0.5837615041175354,1.032131109575956,1.0,1.0,1.0,13.799899903102178
SE300_11000m,2022-03-01 00:56:00.000000000,-0.377835309858292,46.688855624514794,11000.0,22631.70090992698,209.09279,0.5894733402590145,1.0426168378256908,1.0,1.0,1.0,13.799858207093365
SE300_11000m,2022-03-01 00:57:00.000000000,-0.2131912681963776,46.74042109286749,11000.0,22631.70090992698,209.04057,0.5968858188235514,1.0560608330547776,1.0,1.0,1.0,13.799829280159116
SE300_11000m,2022-03-01 00:58:00.000000000,-0.04916646701883233,46.79313775964325,11000.0,22631.70090992698,209.01611,0.6056536414563448,1.0717353121424247,1.0,1.0,1.0,13.79993856445495
SE300_11000m,2022-03-01 00:59:00.000000000,0.11420029927184533,46.84703722249979,11000.0,22631.70090992698,209.12671,0.6024252750347315,1.065312319714973,1.0,1.0,1.0,13.79996955892223
SE300_11000m,2022-03-01 01:00:00.000000000,0.27688140908480113,46.902128257861705,11000.0,22631.70090992698,209.28632,0.5976687306562133,1.055879348601056,1.0,1.0,1.0,13.799926959081223
SE300_11000m,2022-03-01 01:01:00.000000000,0.438849667981463,46.95841783547599,11000.0,22631.70090992698,209.48135,0.5853537378835084,1.032896421233284,1.0,1.0,1.0,13.799893852013716
SE300_11000m,2022-03-01 01:02:00.000000000,0.6000727740860768,47.01592001037581,11000.0,22631.70090992698,209.67813,0.5775933322119666,1.0179837921787653,1.0,1.0,1.0,13.799869363286506
SE300_11000m,2022-03-01 01:03:00.000000000,0.7605179269161277,47.07464769446773,11000.0,22631.70090992698,209.87134,0.5726896428387758,1.0081510336596384,1.0,1.0,1.0,13.799852589362281
SE300_11000m,2022-03-01 01:04:00.000000000,0.9201519117168845,47.134612583081385,11000.0,22631.70090992698,210.06998,0.5561058016738138,0.9777648442914483,1.0,0.0,0.0,13.799842614878617
SE300_11000m,2022-03-01 01:05:00.000000000,1.0789411918936758,47.19582508470264,11000.0,22631.70090992698,210.25551,0.5420972453630006,0.9520518909759718,1.0,0.0,0.0,13.799838529243013
SE300_11000m,2022-03-01 01:06:00.000000000,1.2368520092383108,47.25829425467772,11000.0,22631.70090992698,210.43233,0.5312662293941398,0.932011656320175,1.0,0.0,0.0,13.799876866546041
SE300_11000m,2022-03-01 01:07:00.000000000,1.3938473165821008,47.32203199426873,11000.0,22631.70090992698,210.58092,0.5102677068466179,0.8943515250784794,1.0,0.0,0.0,13.799942917448703
SE300_11000m,2022-03-01 01:08:00.000000000,1.5498901889753822,47.3870480343122,11000.0,22631.70090992698,210.71791,0.4918531227031802,0.8613472277848702,1.0,0.0,0.0,13.799920178062731
SE300_11000m,2022-03-01 01:09:00.000000000,1.7049533463523827,47.45333813341837,11000.0,22631.70090992698,210.83936,0.47622172040021826,0.8333432667706738,1.0,0.0,0.0,13.799901838099993
SE300_11000m,2022-03-01 01:10:00.000000000,1.8590033213463568,47.520905407626245,11000.0,22631.70090992698,210.94875,0.46109385960761035,0.8063207860034981,1.0,0.0,0.0,13.799887293527398
SE300_11000m,2022-03-01 01:11:00.000000000,2.012007016984171,47.5897513827345,11000.0,22631.70090992698,211.0586,0.44658645302056027,0.7804164735539695,1.0,0.0,0.0,13.799875987476957
SE300_11000m,2022-03-01 01:12:00.000000000,2.163931839703012,47.65987596660173,11000.0,22631.70090992698,211.1479,0.43331152239428533,0.7567965189683383,1.0,0.0,0.0,13.799867414257367
SE300_11000m,2022-03-01 01:13:00.000000000,2.314745834711466,47.731277430010806,11000.0,22631.70090992698,211.23323,0.419084033712212,0.7315561402478709,1.0,0.0,0.0,13.79986112160491
SE300_11000m,2022-03-01 01:14:00.000000000,2.464417822502351,47.803952396494196,11000.0,22631.70090992698,211.3201,0.4043307723998124,0.7054198671999977,1.0,0.0,0.0,13.799856711263853
SE300_11000m,2022-03-01 01:15:00.000000000,2.612917535261573,47.8778958414121,11000.0,22631.70090992698,211.38745,0.38958240765064533,0.679401383373677,1.0,0.0,0.0,13.799853838060324
SE300_11000m,2022-03-01 01:16:00.000000000,2.7602157518746306,47.95310110046092,11000.0,22631.70090992698,211.44153,0.3757361869878234,0.6550327959976971,1.0,0.0,0.0,13.799852207655555
SE300_11000m,2022-03-01 01:17:00.000000000,2.9062844302118105,48.02955988766962,11000.0,22631.70090992698,211.45335,0.3679242740410141,0.6413650781668048,1.0,0.0,0.0,13.79985157322805
SE300_11000m,2022-03-01 01:18:00.000000000,3.0510968353758763,48.107262322817675,11000.0,22631.70090992698,211.44786,0.36175667221276425,0.6306361812334516,1.0,0.0,0.0,13.799851731309705
SE300_11000m,2022-03-01 01:19:00.000000000,3.194627662622798,48.186196968083735,11000.0,22631.70090992698,211.42278,0.3576707197434056,0.6236112535889189,1.0,0.0,0.0,13.799852517072448
SE300_11000m,2022-03-01 01:20:00.000000000,3.336853153716783,48.266350873611614,11000.0,22631.70090992698,211.3776,0.3556730864215291,0.6203043126622864,1.0,0.0,0.0,13.799853799274926
SE300_11000m,2022-03-01 01:21:00.000000000,3.477751205554692,48.34770963156201,11000.0,22631.70090992698,211.32538,0.3541627037191529,0.6178731480133449,1.0,0.0,0.0,13.799855475147337
SE300_11000m,2022-03-01 01:22:00.000000000,3.6173014699906596,48.43025743810834,11000.0,22631.70090992698,211.27031,0.3539381726403784,0.6176950138688462,1.0,0.0,0.0,13.799857465413126
SE300_11000m,2022-03-01 01:23:00.000000000,3.7554854439068923,48.51397716273454,11000.0,22631.70090992698,211.2136,0.35367270393549116,0.6174491673914448,1.0,0.0,0.0,13.799859709619728
SE300_11000m,2022-03-01 01:24:00.000000000,3.8922865487092255,48.59885042410441,11000.0,22631.70090992698,211.14832,0.3542699196781129,0.6187442960818818,1.0,0.0,0.0,13.799862161928871
SE300_11000m,2022-03-01 01:25:00.000000000,4.02769019857205,48.684857671698204,11000.0,22631.70090992698,211.08652,0.35492061692615556,0.6201209673789907,1.0,0.0,0.0,13.799864787457832
SE300_11000m,2022-03-01 01:26:00.000000000,4.161683856914215,48.771978272353195,11000.0,22631.70090992698,211.02942,0.3591579887303695,0.6277489422230599,1.0,0.0,0.0,13.799867559220717
SE300_11000m,2022-03-01 01:27:00.000000000,4.294257080750812,48.86019060080305,11000.0,22631.70090992698,210.98196,0.3627429524380026,0.6342019959345118,1.0,0.0,0.0,13.799870455675817
SE300_11000m,2022-03-01 01:28:00.000000000,4.425401552732267,48.949472133285106,11000.0,22631.70090992698,210.9361,0.3663700627913154,0.6407277057080983,1.0,0.0,0.0,13.799873458858546
SE300_11000m,2022-03-01 01:29:00.000000000,4.555111100847396,49.03979954327658,11000.0,22631.70090992698,210.89676,0.3699432653109995,0.6471342129300043,1.0,0.0,0.0,13.799876553023775
SE300_11000m,2022-03-01 01:30:00.000000000,4.683381705928327,49.13114879842825,11000.0,22631.70090992698,210.8585,0.37387371179889733,0.65416548962595,1.0,0.0,0.0,13.799879723722647
SE300_11000m,2022-03-01 01:31:00.000000000,4.810211497247854,49.223495257787874,11000.0,22631.70090992698,210.82535,0.3765445156306112,0.658973642975106,1.0,0.0,0.0,13.799919365692398
SE300_11000m,2022-03-01 01:32:00.000000000,4.935595630368147,49.31681712733022,11000.0,22631.70090992698,210.80614,0.3769775702284082,0.6598104417364506,1.0,0.0,0.0,13.799931686641097
SE300_11000m,2022-03-01 01:33:00.000000000,5.059539182181292,49.41108685008411,11000.0,22631.70090992698,210.78433,0.37647153813839823,0.6590136957481122,1.0,0.0,0.0,13.79992864196009
SE300_11000m,2022-03-01 01:34:00.000000000,5.1820483281710095,49.50627734124213,11000.0,22631.70090992698,210.74728,0.37540759609986984,0.6573032762406681,1.0,0.0,0.0,13.79992542723575
SE300_11000m,2022-03-01 01:35:00.000000000,5.30312950965722,49.60236246837148,11000.0,22631.70090992698,210.69075,0.37380708586563416,0.6547299461101233,1.0,0.0,0.0,13.79992202274425
SE300_11000m,2022-03-01 01:36:00.000000000,5.422791144289581,49.69931594765079,11000.0,22631.70090992698,210.6375,0.37228756184713446,0.6522845247505177,1.0,0.0,0.0,13.79991842157679
SE300_11000m,2022-03-01 01:37:00.000000000,5.5410435635958715,49.79711142708788,11000.0,22631.70090992698,210.58812,0.37204335012742495,0.6520549688025384,1.0,0.0,0.0,13.799914628106817
SE300_11000m,2022-03-01 01:38:00.000000000,5.657898943636392,49.89572256532756,11000.0,22631.70090992698,210.53566,0.37465052040861196,0.6568374586374583,1.0,0.0,0.0,13.799910655943918
SE300_11000m,2022-03-01 01:39:00.000000000,5.773371229739555,49.99512310567344,11000.0,22631.70090992698,210.47939,0.3773071931408821,0.6617270237604327,1.0,0.0,0.0,13.799906525438134
SE300_11000m,2022-03-01 01:40:00.000000000,5.887476056302651,50.09528694503158,11000.0,22631.70090992698,210.46315,0.3800581616087874,0.666616363805084,1.0,0.0,0.0,13.799902260754607
SE300_11000m,2022-03-01 01:41:00.000000000,6.000230662635374,50.196188197564716,11000.0,22631.70090992698,210.42525,0.3823680427676352,0.6708271605016838,1.0,0.0,0.0,13.799897886625313
SE300_11000m,2022-03-01 01:42:00.000000000,6.111653805802777,50.29780125292324,11000.0,22631.70090992698,210.41527,0.3850446468745704,0.6755637511634952,1.0,0.0,0.0,13.799893424849955
SE300_11000m,2022-03-01 01:43:00.000000000,6.221765671390703,50.400100828991334,11000.0,22631.70090992698,210.40016,0.3873095755074518,0.6796001393778045,1.0,0.0,0.0,13.799888890666624
SE300_11000m,2022-03-01 01:44:00.000000000,6.33058778307272,50.50306201915295,11000.0,22631.70090992698,210.40591,0.38580509623862935,0.6769346913351534,1.0,0.0,0.0,13.799907359911602
SE300_11000m,2022-03-01 01:45:00.000000000,6.438139536584802,50.60666199791502,11000.0,22631.70090992698,210.44412,0.3829508449389222,0.6717681442029145,1.0,0.0,0.0,13.799994328475329
SE300_11000m,2022-03-01 01:46:00.000000000,6.5444343580036,50.710881708493986,11000.0,22631.70090992698,210.4887,0.3789735709183423,0.6646092881760711,1.0,0.0,0.0,13.79997637468571
SE300_11000m,2022-03-01 01:47:00.000000000,6.649510802221569,50.815690794593735,11000.0,22631.70090992698,210.5214,0.3750440642800497,0.6575846305595248,1.0,0.0,0.0,13.799958809701959
SE300_11000m,2022-03-01 01:48:00.000000000,6.753394948405539,50.92106618423236,11000.0,22631.70090992698,210.54561,0.37063746451857704,0.6497623725403708,1.0,0.0,0.0,13.799941666587468
SE300_11000m,2022-03-01 01:49:00.000000000,6.856113776328036,51.02698534025463,11000.0,22631.70090992698,210.56508,0.36762208992258555,0.6444002331583798,1.0,0.0,0.0,13.799924949685485
SE300_11000m,2022-03-01 01:50:00.000000000,6.957695083084302,51.13342627790773,11000.0,22631.70090992698,210.59074,0.3627352035607174,0.6357322614347681,1.0,0.0,0.0,13.799908631897907
SE300_11000m,2022-03-01 01:51:00.000000000,7.0581674029999295,51.240367578206516,11000.0,22631.70090992698,210.62225,0.35898821717557317,0.629041412173764,1.0,0.0,0.0,13.799892652811895
SE300_11000m,2022-03-01 01:52:00.000000000,7.157559931092916,51.34778839737794,11000.0,22631.70090992698,210.6588,0.35691335277909886,0.6252646624318854,1.0,0.0,0.0,13.800010730488667
SE300_11000m,2022-03-01 01:53:00.000000000,7.255884150112056,51.45567635190947,11000.0,22631.70090992698,210.6964,0.35449547514305624,0.6208820288410697,1.0,0.0,0.0,13.800000137127762
SE300_11000m,2022-03-01 01:54:00.000000000,7.353186603679144,51.56400452836604,11000.0,22631.70090992698,210.73253,0.3522275214310319,0.6167722113111843,1.0,0.0,0.0,13.799971313201121
SE300_11000m,2022-03-01 01:55:00.000000000,7.449500612967216,51.67275274611929,11000.0,22631.70090992698,210.76933,0.3487906561943142,0.6106147363401206,1.0,0.0,0.0,13.799943541798804
SE300_11000m,2022-03-01 01:56:00.000000000,7.544857466724552,51.78190246830329,11000.0,22631.70090992698,210.7974,0.35237311699607016,0.6167805786586282,1.0,0.0,0.0,13.799916649563205
SE300_11000m,2022-03-01 01:57:00.000000000,7.639288793327776,51.89143573434852,11000.0,22631.70090992698,210.81244,0.3622403051505674,0.633990648018863,1.0,0.0,0.0,13.799932313293363
SE300_11000m,2022-03-01 01:58:00.000000000,7.732821305918333,52.00133726070001,11000.0,22631.70090992698,210.83015,0.36761670412955494,0.6433291370934708,1.0,0.0,0.0,13.80003333198855
SE300_11000m,2022-03-01 01:59:00.000000000,7.825476788239573,52.11159431154623,11000.0,22631.70090992698,210.83882,0.36963896073193675,0.6468362814270412,1.0,0.0,0.0,13.799995216510661
SE300_11000m,2022-03-01 02:00:00.000000000,7.917304243785287,52.22218382186598,11000.0,22631.70090992698,210.8466,0.3705984339962113,0.6484824567767647,1.0,0.0,0.0,13.799958560664225
SE300_11000m,2022-03-01 02:01:00.000000000,8.008336323375746,52.33309002902085,11000.0,22631.70090992698,210.84811,0.37320466916112127,0.6530355024270932,1.0,0.0,0.0,13.799923044238488
SE300_11000m,2022-03-01 02:02:00.000000000,8.098605800916141,52.444297691874105,11000.0,22631.70090992698,210.83691,0.3828729134994741,0.6700024263451131,1.0,0.0,0.0,13.799963857075591
SE300_11000m,2022-03-01 02:03:00.000000000,8.188137427544422,52.55579524761383,11000.0,22631.70090992698,210.82101,0.3911838650168237,0.6846110020785668,1.0,0.0,0.0,13.800034596545581
SE300_11000m,2022-03-01 02:04:00.000000000,8.276961525962989,52.667569434983946,11000.0,22631.70090992698,210.79807,0.3983837939269722,0.6973122105657201,1.0,0.0,0.0,13.799990498647913
SE300_11000m,2022-03-01 02:05:00.000000000,8.365123430286324,52.77960167421167,11000.0,22631.70090992698,210.76909,0.4068714756786955,0.7122965654100565,1.0,0.0,0.0,13.799947789998976
SE300_11000m,2022-03-01 02:06:00.000000000,8.452656266188676,52.89187864729551,11000.0,22631.70090992698,210.73398,0.41271867403200746,0.7226910787413665,1.0,0.0,0.0,13.799912903462701
SE300_11000m,2022-03-01 02:07:00.000000000,8.539592542758436,53.00438771749574,11000.0,22631.70090992698,210.69415,0.4172010867764716,0.7307193469032413,1.0,0.0,0.0,13.800058021260073
SE300_11000m,2022-03-01 02:08:00.000000000,8.62594999858112,53.11712245653459,11000.0,22631.70090992698,210.64676,0.42422178165016733,0.7432361059513536,1.0,0.0,0.0,13.800008898397506
SE300_11000m,2022-03-01 02:09:00.000000000,8.711779771754362,53.23006384185974,11000.0,22631.70090992698,210.59883,0.4306049241547579,0.754641272430808,1.0,0.0,0.0,13.79996116134946
SE300_11000m,2022-03-01 02:10:00.000000000,8.797115062193472,53.34320020235289,11000.0,22631.70090992698,210.55042,0.4357573983028225,0.7639002731013413,1.0,0.0,0.0,13.799914342500696
SE300_11000m,2022-03-01 02:11:00.000000000,8.881989044207318,53.456520230950616,11000.0,22631.70090992698,210.50027,0.4393067282992822,0.7703640380273516,1.0,0.0,0.0,13.800056805080397
SE300_11000m,2022-03-01 02:12:00.000000000,8.96642234201507,53.570018118781924,11000.0,22631.70090992698,210.44957,0.4412259270405388,0.773968253835388,1.0,0.0,0.0,13.80001488483968
SE300_11000m,2022-03-01 02:13:00.000000000,9.050462221969632,53.683677662681134,11000.0,22631.70090992698,210.40173,0.44017920562972357,0.7723610727618383,1.0,0.0,0.0,13.799963995270625
SE300_11000m,2022-03-01 02:14:00.000000000,9.134142586530254,53.79748825720407,11000.0,22631.70090992698,210.3615,0.43992535555874906,0.7721061272597184,1.0,0.0,0.0,13.799922502029784
SE300_11000m,2022-03-01 02:15:00.000000000,9.21749617604889,53.91144006894322,11000.0,22631.70090992698,210.3233,0.4399866367962821,0.7723977017871639,1.0,0.0,0.0,13.800065135036911
SE300_11000m,2022-03-01 02:16:00.000000000,9.300548152026904,54.02552715409191,11000.0,22631.70090992698,210.28525,0.43741417534321675,0.7680604667266977,1.0,0.0,0.0,13.800011699727548
SE300_11000m,2022-03-01 02:17:00.000000000,9.383342699352585,54.139735301366095,11000.0,22631.70090992698,210.2492,0.43224509042635356,0.7591524700710143,1.0,0.0,0.0,13.799959214664158
SE300_11000m,2022-03-01 02:18:00.000000000,9.465913075763032,54.25405525111864,11000.0,22631.70090992698,210.21332,0.4264192933740559,0.749086617583629,1.0,0.0,0.0,13.799954695500805
SE300_11000m,2022-03-01 02:19:00.000000000,9.548291271989749,54.368478740869854,11000.0,22631.70090992698,210.18927,0.42451647369501383,0.7458544144145521,1.0,0.0,0.0,13.800056822058593
SE300_11000m,2022-03-01 02:20:00.000000000,9.630509327673666,54.482998273582915,11000.0,22631.70090992698,210.16386,0.42031920700881287,0.7385950954795334,1.0,0.0,0.0,13.800003353911883
SE300_11000m,2022-03-01 02:21:00.000000000,9.712605936129933,54.597602385253914,11000.0,22631.70090992698,210.13902,0.41597813992485466,0.7310785098297108,1.0,0.0,0.0,13.799950665850734
SE300_11000m,2022-03-01 02:22:00.000000000,9.794614620075404,54.712282590553784,11000.0,22631.70090992698,210.11256,0.4107097990126435,0.7219377304977733,1.0,0.0,0.0,13.799990764037222
SE300_11000m,2022-03-01 02:23:00.000000000,9.87656872233548,54.827031516235536,11000.0,22631.70090992698,210.09636,0.40844229861659115,0.7180220403150144,1.0,0.0,0.0,13.800046345161974
SE300_11000m,2022-03-01 02:24:00.000000000,9.958503926482313,54.941840644292064,11000.0,22631.70090992698,210.07602,0.40510402586263294,0.7122434199240779,1.0,0.0,0.0,6.9883400618626155
SE300_11000m,2022-03-01 02:24:30.384478056,10.0,55.0,11000.0,22631.70090992698,210.06157,0.4022646955521775,0.7073154400440504,1.0,0.0,0.0,0.0
SE150_11000m,2022-03-01 00:00:00.000000000,-10.0,45.0,11000.0,22631.70090992698,211.47719,0.6069942789823177,1.057954685043981,1.0,1.0,1.0,13.80012726002068
SE150_11000m,2022-03-01 00:01:00.000000000,-9.836431642797,45.045121130229205,11000.0,22631.70090992698,211.32562,0.6140770799764814,1.071317027326235,1.0,1.0,1.0,13.800024302957672
SE150_11000m,2022-03-01 00:02:00.000000000,-9.672759223046917,45.090285049668914,11000.0,22631.70090992698,211.17061,0.6196156267580425,1.0820325342628285,1.0,1.0,1.0,13.799923238621663
SE150_11000m,2022-03-01 00:03:00.000000000,-9.50898890519688,45.13550361076471,11000.0,22631.70090992698,211.03577,0.6202033834064351,1.0839688510881358,1.0,1.0,1.0,13.799981346727925
SE150_11000m,2022-03-01 00:04:00.000000000,-9.345125476358415,45.180790054154784,11000.0,22631.70090992698,210.93813,0.62583989736052,1.0944861390849212,1.0,1.0,1.0,13.800080873423171
SE150_11000m,2022-03-01 00:05:00.000000000,-9.181175224908586,45.22615740005868,11000.0,22631.70090992698,210.84587,0.6349847026372755,1.1111181940410981,1.0,1.0,1.0,13.799983737441421
SE150_11000m,2022-03-01 00:06:00.000000000,-9.017146384169887,45.27161625842161,11000.0,22631.70090992698,210.75552,0.6480975075292318,1.1346973416357151,1.0,1.0,1.0,13.79988897632448
SE150_11000m,2022-03-01 00:07:00.000000000,-8.853045297929496,45.317178693387554,11000.0,22631.70090992698,210.72464,0.6516897982935028,1.1412072733507226,1.0,1.0,1.0,13.800065641209015
SE150_11000m,2022-03-01 00:08:00.000000000,-8.688876720324153,45.362860471476345,11000.0,22631.70090992698,210.6862,0.656889268353915,1.1505865193422429,1.0,1.0,1.0,13.800048857893678
SE150_11000m,2022-03-01 00:09:00.000000000,-8.524648799231604,45.40867194950511,11000.0,22631.70090992698,210.62575,0.6662825435985753,1.1674758448537619,1.0,1.0,1.0,13.799958419812802
SE150_11000m,2022-03-01 00:10:00.000000000,-8.360368596027744,45.454624395530494,11000.0,22631.70090992698,210.57553,0.6785831201840699,1.189400090496538,1.0,1.0,1.0,13.799870856695179
SE150_11000m,2022-03-01 00:11:00.000000000,-8.196042721921778,45.50073005032974,11000.0,22631.70090992698,210.51466,0.6842100809409861,1.1997124377614716,1.0,1.0,1.0,13.800112955671663
SE150_11000m,2022-03-01 00:12:00.000000000,-8.031676818637944,45.54700725639003,11000.0,22631.70090992698,210.42564,0.6773854954284458,1.188399331581703,1.0,1.0,1.0,13.800032571942422
SE150_11000m,2022-03-01 00:13:00.000000000,-7.867279234753408,45.5934632048849,11000.0,22631.70090992698,210.34634,0.672471791941375,1.1803558085687613,1.0,1.0,1.0,13.799949515335356
SE150_11000m,2022-03-01 00:14:00.000000000,-7.702856863635055,45.64011013364058,11000.0,22631.70090992698,210.26736,0.664462085713784,1.1668677695603624,1.0,1.0,1.0,13.799873095167298
SE150_11000m,2022-03-01 00:15:00.000000000,-7.538416670956573,45.68696048525682,11000.0,22631.70090992698,210.19876,0.6519432562568368,1.1453644406068662,1.0,1.0,1.0,13.800111375829376
SE150_11000m,2022-03-01 00:16:00.000000000,-7.373965658630258,45.734033932256615,11000.0,22631.70090992698,210.1655,0.6458136999936835,1.134829409469268,1.0,1.0,1.0,13.800032610901576
SE150_11000m,2022-03-01 00:17:00.000000000,-7.20951160328904,45.78133628138249,11000.0,22631.70090992698,210.15419,0.6391017151244686,1.1231107671150147,1.0,1.0,1.0,13.7999573086337
SE150_11000m,2022-03-01 00:18:00.000000000,-7.045061800558293,45.82887995045534,11000.0,22631.70090992698,210.1514,0.6348450229327807,1.115649057021352,1.0,1.0,1.0,13.799885727202566
SE150_11000m,2022-03-01 00:19:00.000000000,-6.88062366714342,45.87667737440864,11000.0,22631.70090992698,210.16614,0.6340483014588266,1.1141510015818143,1.0,1.0,1.0,13.80006073873718
SE150_11000m,2022-03-01 00:20:00.000000000,-6.71620541598116,45.92474776005363,11000.0,22631.70090992698,210.18275,0.6338689206570249,1.1137208931495295,1.0,1.0,1.0,13.800048697510606
SE150_11000m,2022-03-01 00:21:00.000000000,-6.551814653756385,45.97309897296985,11000.0,22631.70090992698,210.18822,0.6354595729403045,1.116477196837325,1.0,1.0,1.0,13.799981119647454
SE150_11000m,2022-03-01 00:22:00.000000000,-6.387459073874445,46.02174187372145,11000.0,22631.70090992698,210.19705,0.6419965866093833,1.1279039845982082,1.0,1.0,1.0,13.799917510913888
SE150_11000m,2022-03-01 00:23:00.000000000,-6.22314662439231,46.07068887725351,11000.0,22631.70090992698,210.2137,0.6506560600357226,1.1430003395362534,1.0,1.0,1.0,13.799939504458223
SE150_11000m,2022-03-01 00:24:00.000000000,-6.058885874647775,46.119954998873546,11000.0,22631.70090992698,210.22704,0.6629844539241209,1.1645624315813543,1.0,1.0,1.0,13.800079738930012
SE150_11000m,2022-03-01 00:25:00.000000000,-5.894686049200961,46.16955672496521,11000.0,22631.70090992698,210.24487,0.6708289574690525,1.17821002120546,1.0,1.0,1.0,13.800019409835523
SE150_11000m,2022-03-01 00:26:00.000000000,-5.730554538015731,46.21950015144322,11000.0,22631.70090992698,210.25665,0.6764363654909038,1.1879753996751257,1.0,1.0,1.0,13.799963136685605
SE150_11000m,2022-03-01 00:27:00.000000000,-5.566499892758305,46.26979756415797,11000.0,22631.70090992698,210.28152,0.6768821090143347,1.1885732650214738,1.0,1.0,1.0,13.799911090254765
SE150_11000m,2022-03-01 00:28:00.000000000,-5.4025308274449655,46.3204612062811,11000.0,22631.70090992698,210.32062,0.6739795367210073,1.1831921004358377,1.0,1.0,1.0,13.79994767662838
SE150_11000m,2022-03-01 00:29:00.000000000,-5.238657050065581,46.37150638613572,11000.0,22631.70090992698,210.3662,0.6682332051761805,1.1727726886941239,1.0,1.0,1.0,13.800070135159773
SE150_11000m,2022-03-01 00:30:00.000000000,-5.074888722861169,46.42294865491659,11000.0,22631.70090992698,210.40262,0.6533159666955957,1.1463337517382395,1.0,1.0,1.0,13.800020132681343
SE150_11000m,2022-03-01 00:31:00.000000000,-4.911233507169936,46.474793823596414,11000.0,22631.70090992698,210.4234,0.6363720791945676,1.1164627328715546,1.0,1.0,1.0,13.799974215737032
SE150_11000m,2022-03-01 00:32:00.000000000,-4.74770078409617,46.5270538327157,11000.0,22631.70090992698,210.42717,0.6197158061815861,1.0872190997654771,1.0,1.0,1.0,13.799932478345237
SE150_11000m,2022-03-01 00:33:00.000000000,-4.584300108644971,46.57974053149044,11000.0,22631.70090992698,210.37743,0.6051197713410476,1.0619331598104178,1.0,1.0,1.0,13.799894994380026
SE150_11000m,2022-03-01 00:34:00.000000000,-4.421041210672145,46.63286566673148,11000.0,22631.70090992698,210.28876,0.5942442325926376,1.0434163928572115,1.0,1.0,1.0,13.80001684297156
SE150_11000m,2022-03-01 00:35:00.000000000,-4.257936291571115,46.68644740774983,11000.0,22631.70090992698,210.1743,0.586058896869478,1.029771406110214,1.0,1.0,1.0,13.800044972148138
SE150_11000m,2022-03-01 00:36:00.000000000,-4.094994384122554,46.74049364053963,11000.0,22631.70090992698,210.04897,0.5803171870870895,1.0204682223390908,1.0,1.0,1.0,13.800007497494695
SE150_11000m,2022-03-01 00:37:00.000000000,-3.9322247884021424,46.79501290851713,11000.0,22631.70090992698,209.92577,0.5752287819112801,1.0122876063330408,1.0,1.0,1.0,13.799973864874092
SE150_11000m,2022-03-01 00:38:00.000000000,-3.7696379152891786,46.8500163910986,11000.0,22631.70090992698,209.81749,0.571184027831643,1.0058311989578121,1.0,1.0,1.0,13.799944068317217
SE150_11000m,2022-03-01 00:39:00.000000000,-3.6072443448196396,46.90551510360076,11000.0,22631.70090992698,209.7273,0.5673903947679575,0.9997005773770163,1.0,0.0,0.0,13.799918080631086
SE150_11000m,2022-03-01 00:40:00.000000000,-3.445054822972194,46.961519883674775,11000.0,22631.70090992698,209.64806,0.5639341520059693,0.9940897580094354,1.0,0.0,0.0,13.799895853382177
SE150_11000m,2022-03-01 00:41:00.000000000,-3.2830802576185896,47.018041377391526,11000.0,22631.70090992698,209.58582,0.5611040994943255,0.989480032561814,1.0,0.0,0.0,13.800040803951173
SE150_11000m,2022-03-01 00:42:00.000000000,-3.1213351143305124,47.07509771518251,11000.0,22631.70090992698,209.55229,0.5597918444951552,0.987365631854532,1.0,0.0,0.0,13.800027673827037
SE150_11000m,2022-03-01 00:43:00.000000000,-2.959827685126651,47.13269202492465,11000.0,22631.70090992698,209.52577,0.5593167758530424,0.9866880601341548,1.0,0.0,0.0,13.800002690700621
SE150_11000m,2022-03-01 00:44:00.000000000,-2.798569022445046,47.19083358542042,11000.0,22631.70090992698,209.4994,0.5604567749257173,0.9888608188009844,1.0,0.0,0.0,13.799980854955594
SE150_11000m,2022-03-01 00:45:00.000000000,-2.637570604064745,47.24953210121031,11000.0,22631.70090992698,209.4794,0.5655743170419512,0.9980080757096721,1.0,0.0,0.0,13.799962065480143
SE150_11000m,2022-03-01 00:46:00.000000000,-2.476844035102402,47.30879701309473,11000.0,22631.70090992698,209.4594,0.5728392627962199,1.010950971959736,1.0,1.0,1.0,13.79994620571794
SE150_11000m,2022-03-01 00:47:00.000000000,-2.316401038274034,47.36863748307752,11000.0,22631.70090992698,209.4152,0.5799463743783583,1.0237688238747866,1.0,1.0,1.0,13.79993314483908
SE150_11000m,2022-03-01 00:48:00.000000000,-2.1562534431136675,47.42906237927362,11000.0,22631.70090992698,209.39304,0.5845465507249552,1.0320281410399115,1.0,1.0,1.0,13.799922739070437
SE150_11000m,2022-03-01 00:49:00.000000000,-1.9964131741335156,47.490080260839896,11000.0,22631.70090992698,209.37096,0.5889073490344946,1.0398659036999263,1.0,1.0,1.0,13.799914833153467
SE150_11000m,2022-03-01 00:50:00.000000000,-1.8368922379156185,47.55169936299089,11000.0,22631.70090992698,209.37335,0.591551733035651,1.0445227489463622,1.0,1.0,1.0,13.799975015565277
SE150_11000m,2022-03-01 00:51:00.000000000,-1.67770459011956,47.613930956688954,11000.0,22631.70090992698,209.42325,0.591748706523435,1.044551009899938,1.0,1.0,1.0,13.800013272907114
SE150_11000m,2022-03-01 00:52:00.000000000,-1.5188619197753457,47.67678157788318,11000.0,22631.70090992698,209.4952,0.590700116702803,1.0422464871684993,1.0,1.0,1.0,13.799999691618856
SE150_11000m,2022-03-01 00:53:00.000000000,-1.3603749450423746,47.740255761241144,11000.0,22631.70090992698,209.58563,0.5888784512582899,1.0384572294290622,1.0,1.0,1.0,13.799988056262253
SE150_11000m,2022-03-01 00:54:00.000000000,-1.2022558312407317,47.80436028506229,11000.0,22631.70090992698,209.66011,0.5890964415582959,1.0383694161542474,1.0,1.0,1.0,13.799978220943329
SE150_11000m,2022-03-01 00:55:00.000000000,-1.0445167455462672,47.86910153425499,11000.0,22631.70090992698,209.66597,0.5921908631731354,1.0437908693245013,1.0,1.0,1.0,13.799970037281168
SE150_11000m,2022-03-01 00:56:00.000000000,-0.8871698379018592,47.934485487305245,11000.0,22631.70090992698,209.64151,0.5961677758113542,1.0509548555393726,1.0,1.0,1.0,13.799963355926995
SE150_11000m,2022-03-01 00:57:00.000000000,-0.7302272209702393,48.000517703803816,11000.0,22631.70090992698,209.59344,0.6024715685088826,1.0623807039810171,1.0,1.0,1.0,13.79995802803517
SE150_11000m,2022-03-01 00:58:00.000000000,-0.5737009491721317,48.06720331260219,11000.0,22631.70090992698,209.48146,0.6046287928359749,1.0669108389181134,1.0,1.0,1.0,13.799953906688991
SE150_11000m,2022-03-01 00:59:00.000000000,-0.4176029968609053,48.134547000666814,11000.0,22631.70090992698,209.384,0.6086631513770375,1.074661446783215,1.0,1.0,1.0,13.799950848246082
SE150_11000m,2022-03-01 01:00:00.000000000,-0.26194523569280626,48.2025530026993,11000.0,22631.70090992698,209.29146,0.6144385572019604,1.08546947290571,1.0,1.0,1.0,13.799948713590943
SE150_11000m,2022-03-01 01:01:00.000000000,-0.10673941125891286,48.27122509158753,11000.0,22631.70090992698,209.22746,0.6192538155543507,1.0944009144036613,1.0,1.0,1.0,13.79994736928005
SE150_11000m,2022-03-01 01:02:00.000000000,0.04800288094753062,48.34056656975017,11000.0,22631.70090992698,209.19061,0.626572086433655,1.10758472200446,1.0,1.0,1.0,13.799946688569213
SE150_11000m,2022-03-01 01:03:00.000000000,0.20227022014792695,48.41058026143292,11000.0,22631.70090992698,209.21309,0.6413203561033584,1.1334977106192572,1.0,1.0,1.0,13.799946552297554
SE150_11000m,2022-03-01 01:04:00.000000000,0.35605138539239484,48.48126850601089,11000.0,22631.70090992698,209.23843,0.6532681004127212,1.1544402260400233,1.0,1.0,1.0,13.799946849643128
SE150_11000m,2022-03-01 01:05:00.000000000,0.5093353810780147,48.552633152346736,11000.0,22631.70090992698,209.26643,0.662011682836568,1.1696880149915192,1.0,1.0,1.0,13.799947478723869
SE150_11000m,2022-03-01 01:06:00.000000000,0.6621114627729556,48.624675554248434,11000.0,22631.70090992698,209.32565,0.6648040960016507,1.1742025459681893,1.0,1.0,1.0,13.79994834704253
SE150_11000m,2022-03-01 01:07:00.000000000,0.8143691632431224,48.69739656706523,11000.0,22631.70090992698,209.40079,0.6612399015600259,1.1673741059575897,1.0,1.0,1.0,13.7999493717992
SE150_11000m,2022-03-01 01:08:00.000000000,0.9660983185742246,48.770796545453706,11000.0,22631.70090992698,209.51305,0.6500159933825586,1.1467771430996798,1.0,1.0,1.0,13.79995048003083
SE150_11000m,2022-03-01 01:09:00.000000000,1.117289094278694,48.84487534233897,11000.0,22631.70090992698,209.64998,0.6322372367841282,1.1144834587699701,1.0,1.0,1.0,13.799951608623862
SE150_11000m,2022-03-01 01:10:00.000000000,1.2679320112746566,48.91963230908945,11000.0,22631.70090992698,209.78285,0.6140854508513408,1.0816095684070972,1.0,1.0,1.0,13.799952704182816
SE150_11000m,2022-03-01 01:11:00.000000000,1.4180179716226704,48.995066296915844,11000.0,22631.70090992698,209.95242,0.5874385392183402,1.0336032684461185,1.0,1.0,1.0,13.799953722769912
SE150_11000m,2022-03-01 01:12:00.000000000,1.5675382839053495,49.07117565949777,11000.0,22631.70090992698,210.09949,0.5648766823713225,0.9930101611909498,1.0,0.0,0.0,13.799954629530447
SE150_11000m,2022-03-01 01:13:00.000000000,1.716484688135715,49.14795825683348,11000.0,22631.70090992698,210.21976,0.5471064520351979,0.9610617926711025,1.0,0.0,0.0,13.799955398210459
SE150_11000m,2022-03-01 01:14:00.000000000,1.8648493800812542,49.22541146030093,11000.0,22631.70090992698,210.32275,0.5317330647009999,0.933464341243878,1.0,0.0,0.0,13.79995601058617
SE150_11000m,2022-03-01 01:15:00.000000000,2.012625034893534,49.303532158910095,11000.0,22631.70090992698,210.41737,0.5180669509288157,0.9089384466787636,1.0,0.0,0.0,13.799956455817108
SE150_11000m,2022-03-01 01:16:00.000000000,2.1598048299363026,49.382316766719676,11000.0,22631.70090992698,210.47589,0.5077024794421583,0.89043482916505,1.0,0.0,0.0,13.799956729737708
SE150_11000m,2022-03-01 01:17:00.000000000,2.30638246670969,49.46176123138349,11000.0,22631.70090992698,210.53404,0.499580731973287,0.8758727682038719,1.0,0.0,0.0,13.799956834107961
SE150_11000m,2022-03-01 01:18:00.000000000,2.452352191773325,49.54186104378499,11000.0,22631.70090992698,210.58748,0.49225172693182834,0.8627377851584007,1.0,0.0,0.0,13.799956775830493
SE150_11000m,2022-03-01 01:19:00.000000000,2.5977088165773314,49.62261124871178,11000.0,22631.70090992698,210.57439,0.4894878373336539,0.8579660332149041,1.0,0.0,0.0,13.79995656616336
SE150_11000m,2022-03-01 01:20:00.000000000,2.7424477361172785,49.70400645651563,11000.0,22631.70090992698,210.52834,0.49032360942167547,0.8596750953111258,1.0,0.0,0.0,13.799956219919636
SE150_11000m,2022-03-01 01:21:00.000000000,2.8865649463367,49.786040855697834,11000.0,22631.70090992698,210.48288,0.49005936688906687,0.8594559576996731,1.0,0.0,0.0,13.799955754699091
SE150_11000m,2022-03-01 01:22:00.000000000,3.030057060209204,49.86870822635462,11000.0,22631.70090992698,210.43575,0.4902214145930562,0.8599887168356347,1.0,0.0,0.0,13.79995519013116
SE150_11000m,2022-03-01 01:23:00.000000000,3.1729213224409722,49.95200195441263,11000.0,22631.70090992698,210.38448,0.48913249797008473,0.8583498229675115,1.0,0.0,0.0,13.799954547170131
SE150_11000m,2022-03-01 01:24:00.000000000,3.3151556227438537,50.03591504658074,11000.0,22631.70090992698,210.355,0.4862760745307281,0.8534942476293745,1.0,0.0,0.0,13.799953847429615
SE150_11000m,2022-03-01 01:25:00.000000000,3.4567585076388143,50.120440145940954,11000.0,22631.70090992698,210.35504,0.4805694352741318,0.8434774301004945,1.0,0.0,0.0,13.799953112569893
SE150_11000m,2022-03-01 01:26:00.000000000,3.5977291907591393,50.2055695480989,11000.0,22631.70090992698,210.38412,0.4720273006869568,0.8283356138293867,1.0,0.0,0.0,13.799952363761612
SE150_11000m,2022-03-01 01:27:00.000000000,3.7380675616331636,50.29129521781229,11000.0,22631.70090992698,210.4172,0.46341921065656444,0.8130622793341185,1.0,0.0,0.0,13.799951621193776
SE150_11000m,2022-03-01 01:28:00.000000000,3.877774192935715,50.377608806014734,11000.0,22631.70090992698,210.48224,0.4570390121012531,0.8015456510079959,1.0,0.0,0.0,13.799950903670743
SE150_11000m,2022-03-01 01:29:00.000000000,4.016850346207797,50.464501667151694,11000.0,22631.70090992698,210.57309,0.44844592295285457,0.7860344531077358,1.0,0.0,0.0,13.799950228263485
SE150_11000m,2022-03-01 01:30:00.000000000,4.1552979760532365,50.55196487674581,11000.0,22631.70090992698,210.63258,0.441564539181161,0.773687496474204,1.0,0.0,0.0,13.799949610037855
SE150_11000m,2022-03-01 01:31:00.000000000,4.293119732830496,50.63998924910949,11000.0,22631.70090992698,210.67801,0.4338025022570211,0.759873444854886,1.0,0.0,0.0,13.799949061850377
SE150_11000m,2022-03-01 01:32:00.000000000,4.430318963866965,50.72856535512431,11000.0,22631.70090992698,210.7176,0.4253253935960089,0.7448404795402227,1.0,0.0,0.0,13.79994859420105
SE150_11000m,2022-03-01 01:33:00.000000000,4.566899713231069,50.81768354000876,11000.0,22631.70090992698,210.7236,0.4174172138802447,0.7309656455085728,1.0,0.0,0.0,13.799948215149703
SE150_11000m,2022-03-01 01:34:00.000000000,4.7028667201056935,50.90733394099859,11000.0,22631.70090992698,210.71114,0.41082148171700034,0.719471871051442,1.0,0.0,0.0,13.79994793029097
SE150_11000m,2022-03-01 01:35:00.000000000,4.838225415813736,50.99750650486715,11000.0,22631.70090992698,210.70586,0.4044233705815918,0.7082870937470674,1.0,0.0,0.0,13.799947742775208
SE150_11000m,2022-03-01 01:36:00.000000000,4.972981919552942,51.088191005216515,11000.0,22631.70090992698,210.69067,0.40075143204850033,0.7019249607270935,1.0,0.0,0.0,13.799947653362603
SE150_11000m,2022-03-01 01:37:00.000000000,5.107143032903265,51.179377059474305,11000.0,22631.70090992698,210.60556,0.40288868686014395,0.7060392635462063,1.0,0.0,0.0,13.799947660531313
SE150_11000m,2022-03-01 01:38:00.000000000,5.2407162331750925,51.27105414553528,11000.0,22631.70090992698,210.51906,0.40541777121178574,0.7108523705196335,1.0,0.0,0.0,13.799947760600894
SE150_11000m,2022-03-01 01:39:00.000000000,5.373709665671124,51.36321161799126,11000.0,22631.70090992698,210.42924,0.40927588169919615,0.7180160198801977,1.0,0.0,0.0,13.799947947884917
SE150_11000m,2022-03-01 01:40:00.000000000,5.506132134938073,51.45583872389784,11000.0,22631.70090992698,210.34587,0.4129332096968175,0.7248045156453974,1.0,0.0,0.0,13.799994284078121
SE150_11000m,2022-03-01 01:41:00.000000000,5.637990992084998,51.54892632605762,11000.0,22631.70090992698,210.20409,0.42338963370876914,0.7438089531791584,1.0,0.0,0.0,13.799993019853627
SE150_11000m,2022-03-01 01:42:00.000000000,5.769298495643688,51.642461725682494,11000.0,22631.70090992698,210.06773,0.4338031854490863,0.7627384366224794,1.0,0.0,0.0,13.799991218672632
SE150_11000m,2022-03-01 01:43:00.000000000,5.900065405607084,51.736433909838894,11000.0,22631.70090992698,209.96167,0.44261204741956905,0.7787371680003916,1.0,0.0,0.0,13.799989579385084
SE150_11000m,2022-03-01 01:44:00.000000000,6.030303065755939,51.83083184174321,11000.0,22631.70090992698,209.8443,0.45160328276483114,0.7951247781088442,1.0,0.0,0.0,13.799988098905752
SE150_11000m,2022-03-01 01:45:00.000000000,6.160023422307433,51.92564444805877,11000.0,22631.70090992698,209.73813,0.45940215592126965,0.8093802276076508,1.0,0.0,0.0,13.799986772104635
SE150_11000m,2022-03-01 01:46:00.000000000,6.289239010841392,52.02086063102183,11000.0,22631.70090992698,209.6759,0.46218958457385395,0.8146015699281746,1.0,0.0,0.0,13.79998559202363
SE150_11000m,2022-03-01 01:47:00.000000000,6.417962942798604,52.11646927987892,11000.0,22631.70090992698,209.71063,0.4538435870593258,0.799723274775868,1.0,0.0,0.0,13.799984550075866
SE150_11000m,2022-03-01 01:48:00.000000000,6.546208891629884,52.212459281622614,11000.0,22631.70090992698,209.74976,0.4454395121912837,0.7847261299794228,1.0,0.0,0.0,13.79998363624603
SE150_11000m,2022-03-01 01:49:00.000000000,6.6739910786723735,52.30881953101773,11000.0,22631.70090992698,209.79974,0.4378505688929215,0.7711179729824486,1.0,0.0,0.0,13.799982839256913
SE150_11000m,2022-03-01 01:50:00.000000000,6.801324258826523,52.40553893991348,11000.0,22631.70090992698,209.86502,0.4285831552046757,0.7544991266028241,1.0,0.0,0.0,13.799982146724298
SE150_11000m,2022-03-01 01:51:00.000000000,6.928223706104038,52.50260644584096,11000.0,22631.70090992698,209.9624,0.41457147356479523,0.7293954731632734,1.0,0.0,0.0,13.799981545292825
SE150_11000m,2022-03-01 01:52:00.000000000,7.054705199113333,52.600011019899206,11000.0,22631.70090992698,210.06566,0.40203030557130165,0.7068844376767409,1.0,0.0,0.0,13.799981020735943
SE150_11000m,2022-03-01 01:53:00.000000000,7.18078500654521,52.697741673935695,11000.0,22631.70090992698,210.17134,0.38994959383340605,0.6851993046050392,1.0,0.0,0.0,13.799980558043073
SE150_11000m,2022-03-01 01:54:00.000000000,7.306479872717254,52.795787467030706,11000.0,22631.70090992698,210.26309,0.3796983947680423,0.666809462344044,1.0,0.0,0.0,13.799980141473945
SE150_11000m,2022-03-01 01:55:00.000000000,7.43180700323114,52.894137511297245,11000.0,22631.70090992698,210.3346,0.3709684017521963,0.6511905917635397,1.0,0.0,0.0,13.799979754588747
SE150_11000m,2022-03-01 01:56:00.000000000,7.55678405079259,52.99278097701079,11000.0,22631.70090992698,210.39917,0.36226427607912354,0.6356578359978908,1.0,0.0,0.0,13.799979380247855
SE150_11000m,2022-03-01 01:57:00.000000000,7.6814291012389155,53.091707097085255,11000.0,22631.70090992698,210.4486,0.35575698113141735,0.6240497394804777,1.0,0.0,0.0,13.799979000584997
SE150_11000m,2022-03-01 01:58:00.000000000,7.805760659814739,53.190905170913304,11000.0,22631.70090992698,210.47432,0.3513471411347764,0.6162159568174888,1.0,0.0,0.0,13.7999785969634
SE150_11000m,2022-03-01 01:59:00.000000000,7.929797637731492,53.29036456759102,11000.0,22631.70090992698,210.46681,0.3499531035671148,0.613797237999899,1.0,0.0,0.0,13.79997814988425
SE150_11000m,2022-03-01 02:00:00.000000000,8.053559339041879,53.39007472854783,11000.0,22631.70090992698,210.45442,0.35204784496781455,0.6175225116050523,1.0,0.0,0.0,13.799977638888924
SE150_11000m,2022-03-01 02:01:00.000000000,8.177065447855622,53.49002516960427,11000.0,22631.70090992698,210.43224,0.35797315779835187,0.6279991029794921,1.0,0.0,0.0,13.799977042425294
SE150_11000m,2022-03-01 02:02:00.000000000,8.300336015918461,53.59020548248066,11000.0,22631.70090992698,210.40276,0.3621287585677133,0.6354064700398161,1.0,0.0,0.0,13.799976337678995
SE150_11000m,2022-03-01 02:03:00.000000000,8.423391450571714,53.690605335780525,11000.0,22631.70090992698,210.35774,0.3646947661769703,0.6400869340078175,1.0,0.0,0.0,13.799975500401588
SE150_11000m,2022-03-01 02:04:00.000000000,8.546252503105483,53.79121447547343,11000.0,22631.70090992698,210.31776,0.3700524602837533,0.6496514058271736,1.0,0.0,0.0,13.799974504693067
SE150_11000m,2022-03-01 02:05:00.000000000,8.668940257514262,53.89202272490183,11000.0,22631.70090992698,210.28604,0.3786198098132803,0.6648203171130306,1.0,0.0,0.0,13.799973322764027
SE150_11000m,2022-03-01 02:06:00.000000000,8.79147611965968,53.993019984336925,11000.0,22631.70090992698,210.24263,0.3809609635874136,0.6691097408995992,1.0,0.0,0.0,13.799971924678127
SE150_11000m,2022-03-01 02:07:00.000000000,8.913881806841097,54.09419623010866,11000.0,22631.70090992698,210.20978,0.3876338561843972,0.6809675136804842,1.0,0.0,0.0,13.799970278067656
SE150_11000m,2022-03-01 02:08:00.000000000,9.036179337771046,54.19554151333479,11000.0,22631.70090992698,210.18057,0.39199338684009966,0.6887487069657268,1.0,0.0,0.0,13.79997041466835
SE150_11000m,2022-03-01 02:09:00.000000000,9.158391011297931,54.29704598580628,11000.0,22631.70090992698,210.16446,0.3953208063425702,0.6946672665497695,1.0,0.0,0.0,13.800017053729729
SE150_11000m,2022-03-01 02:10:00.000000000,9.280539263174903,54.3987004214953,11000.0,22631.70090992698,210.1507,0.39901533071105005,0.7012173628877388,1.0,0.0,0.0,13.800016055767795
SE150_11000m,2022-03-01 02:11:00.000000000,9.402647333749906,54.50049441272386,11000.0,22631.70090992698,210.1422,0.40225611309294923,0.706948726830939,1.0,0.0,0.0,13.800014906486217
SE150_11000m,2022-03-01 02:12:00.000000000,9.524738369392237,54.60241828789871,11000.0,22631.70090992698,210.13576,0.4039613124501879,0.7099744732087073,1.0,0.0,0.0,13.800013559615119
SE150_11000m,2022-03-01 02:13:00.000000000,9.646835774843389,54.70446243822304,11000.0,22631.70090992698,210.13086,0.4025703284512475,0.7075507948380311,1.0,0.0,0.0,13.8000119642166
SE150_11000m,2022-03-01 02:14:00.000000000,9.76896320541855,54.80661731451414,11000.0,22631.70090992698,210.1305,0.40249500231097146,0.7074182246354838,1.0,0.0,0.0,13.800010064231042
SE150_11000m,2022-03-01 02:15:00.000000000,9.891144559494588,54.90887342378793,11000.0,22631.70090992698,210.12949,0.40300381224370274,0.7083159981538192,1.0,0.0,0.0,12.287553620997993
SE150_11000m,2022-03-01 02:15:53.424689706,10.0,55.0,11000.0,22631.70090992698,210.11868,0.39988690299982393,0.7028885058718181,1.0,0.0,0.0,0.0
DIR0_11000m,2022-03-01 00:00:00.000000000,-10.0,45.0,11000.0,22631.70090992698,211.47719,0.6069942789823177,1.057954685043981,1.0,1.0,1.0,13.800081908846277
DIR0_11000m,2022-03-01 00:01:00.000000000,-9.856633604922537,45.07168319753873,11000.0,22631.70090992698,211.36497,0.6076639653013689,1.0598680043682376,1.0,1.0,1.0,13.800053722773516
DIR0_11000m,2022-03-01 00:02:00.000000000,-9.713147625360847,45.14342618731958,11000.0,22631.70090992698,211.20218,0.6162780101014154,1.07599026800051,1.0,1.0,1.0,13.800026850545295
DIR0_11000m,2022-03-01 00:03:00.000000000,-9.569541647550432,45.21522917622479,11000.0,22631.70090992698,211.0643,0.6190644523856834,1.0817850821667794,1.0,1.0,1.0,13.800001279638668
DIR0_11000m,2022-03-01 00:04:00.000000000,-9.425815256223071,45.28709237188847,11000.0,22631.70090992698,210.96652,0.6213529219905237,1.086446340989198,1.0,1.0,1.0,13.799976997150608
DIR0_11000m,2022-03-01 00:05:00.000000000,-9.281968034603391,45.35901598269831,11000.0,22631.70090992698,210.88208,0.6243642448884734,1.09228799561669,1.0,1.0,1.0,13.799953989793373
DIR0_11000m,2022-03-01 00:06:00.000000000,-9.137999564405444,45.43100021779728,11000.0,22631.70090992698,210.78925,0.6337956750406,1.109427012636139,1.0,1.0,1.0,13.799932243889511
DIR0_11000m,2022-03-01 00:07:00.000000000,-8.993909425829335,45.503045287085335,11000.0,22631.70090992698,210.70262,0.6430924805052716,1.1263063386084016,1.0,1.0,1.0,13.799984646570977
DIR0_11000m,2022-03-01 00:08:00.000000000,-8.849696435399547,45.57515178230023,11000.0,22631.70090992698,210.696,0.6345414128095725,1.1113780692119837,1.0,1.0,1.0,13.800063432295595
DIR0_11000m,2022-03-01 00:09:00.000000000,-8.705359905169834,45.647320047415086,11000.0,22631.70090992698,210.65137,0.6287962284126236,1.1016189421835945,1.0,1.0,1.0,13.800042198074209
DIR0_11000m,2022-03-01 00:10:00.000000000,-8.560900468359996,45.719549765820005,11000.0,22631.70090992698,210.5984,0.6275342585522914,1.0997652614784774,1.0,1.0,1.0,13.800022142971171
DIR0_11000m,2022-03-01 00:11:00.000000000,-8.416317699399666,45.79184115030017,11000.0,22631.70090992698,210.54257,0.6288754894162589,1.1025002110390012,1.0,1.0,1.0,13.800003251334457
DIR0_11000m,2022-03-01 00:12:00.000000000,-8.271611171189303,45.864194414405354,11000.0,22631.70090992698,210.47313,0.6336111794956963,1.1112763193255708,1.0,1.0,1.0,13.799985507109563
DIR0_11000m,2022-03-01 00:13:00.000000000,-8.126780455096927,45.93660977245154,11000.0,22631.70090992698,210.41217,0.6323532791948261,1.1094908373360577,1.0,1.0,1.0,13.799968893832535
DIR0_11000m,2022-03-01 00:14:00.000000000,-7.981825120954993,46.00908743952251,11000.0,22631.70090992698,210.3641,0.6299455096575965,1.1055924900773435,1.0,1.0,1.0,13.799953394628822
DIR0_11000m,2022-03-01 00:15:00.000000000,-7.8367447370572,46.081627631471406,11000.0,22631.70090992698,210.38525,0.618416253496564,1.0852159309892138,1.0,1.0,1.0,13.799938992208919
DIR0_11000m,2022-03-01 00:16:00.000000000,-7.691538870155411,46.1542305649223,11000.0,22631.70090992698,210.41463,0.6061786736020197,1.063547731117769,1.0,1.0,1.0,13.799992481467944
DIR0_11000m,2022-03-01 00:17:00.000000000,-7.546206381523805,46.2268968092381,11000.0,22631.70090992698,210.47217,0.5927384106176924,1.0395993038046494,1.0,1.0,1.0,13.800053544988032
DIR0_11000m,2022-03-01 00:18:00.000000000,-7.4007467642975895,46.2996266178512,11000.0,22631.70090992698,210.58679,0.5746434909612085,1.007149162505974,1.0,1.0,1.0,13.800038936427551
DIR0_11000m,2022-03-01 00:19:00.000000000,-7.255160388221447,46.37241980588927,11000.0,22631.70090992698,210.72116,0.5552920753233351,0.972420096600768,1.0,0.0,0.0,13.800025327795703
DIR0_11000m,2022-03-01 00:20:00.000000000,-7.109446814178578,46.44527659291071,11000.0,22631.70090992698,210.84158,0.5389219810968793,0.9430468754678467,1.0,0.0,0.0,13.800012699709441
DIR0_11000m,2022-03-01 00:21:00.000000000,-6.963605601496507,46.518197199251745,11000.0,22631.70090992698,210.97592,0.52136377745602,0.9115584493776125,1.0,0.0,0.0,13.800001032361426
DIR0_11000m,2022-03-01 00:22:00.000000000,-6.81763630794415,46.59118184602792,11000.0,22631.70090992698,211.12865,0.49971298863460045,0.8728733422596607,1.0,0.0,0.0,13.799990305506796
DIR0_11000m,2022-03-01 00:23:00.000000000,-6.671538489728981,46.664230755135506,11000.0,22631.70090992698,211.23155,0.48852041671648944,0.8527742479051444,1.0,0.0,0.0,13.799980498469493
DIR0_11000m,2022-03-01 00:24:00.000000000,-6.52531170149416,46.73734414925292,11000.0,22631.70090992698,211.28954,0.4889953053173422,0.8532925942356235,1.0,0.0,0.0,13.799971590127386
DIR0_11000m,2022-03-01 00:25:00.000000000,-6.37895549631579,46.8105222518421,11000.0,22631.70090992698,211.34319,0.49236161825718644,0.8588775280211786,1.0,0.0,0.0,13.799963558926185
DIR0_11000m,2022-03-01 00:26:00.000000000,-6.232469425700123,46.883765287149934,11000.0,22631.70090992698,211.36461,0.5040405921848553,0.8791342118797276,1.0,0.0,0.0,13.799956382858086
DIR0_11000m,2022-03-01 00:27:00.000000000,-6.0858530395808925,46.95707348020955,11000.0,22631.70090992698,211.35626,0.5236321183024011,0.9133523317273993,1.0,0.0,0.0,13.79995003947425
DIR0_11000m,2022-03-01 00:28:00.000000000,-5.93910588631661,47.030447056841695,11000.0,22631.70090992698,211.34721,0.5428550050544618,0.9469354477041301,1.0,0.0,0.0,13.800023579254773
DIR0_11000m,2022-03-01 00:29:00.000000000,-5.792226670700642,47.10388666464968,11000.0,22631.70090992698,211.3142,0.5604629288028049,0.9778546856477418,1.0,0.0,0.0,13.80003653723146
DIR0_11000m,2022-03-01 00:30:00.000000000,-5.645215589711572,47.17739220514421,11000.0,22631.70090992698,211.27359,0.5730730377566189,1.0001083772418184,1.0,1.0,1.0,13.800028894948051
DIR0_11000m,2022-03-01 00:31:00.000000000,-5.49807241433431,47.25096379283284,11000.0,22631.70090992698,211.24876,0.5816486540794759,1.0152325541974438,1.0,1.0,1.0,13.800021967872912
DIR0_11000m,2022-03-01 00:32:00.000000000,-5.350796686943932,47.32460165652803,11000.0,22631.70090992698,211.16301,0.583446690596683,1.018919332086941,1.0,1.0,1.0,13.800015731312392
DIR0_11000m,2022-03-01 00:33:00.000000000,-5.203387948328802,47.398306025835595,11000.0,22631.70090992698,211.05907,0.5850727914362659,1.0224238663756182,1.0,1.0,1.0,13.800010160106163
DIR0_11000m,2022-03-01 00:34:00.000000000,-5.055845737688202,47.4720771311559,11000.0,22631.70090992698,210.9671,0.5786737849678655,1.0118185544221379,1.0,1.0,1.0,13.800005228631669
DIR0_11000m,2022-03-01 00:35:00.000000000,-4.90816959262993,47.545915203685034,11000.0,22631.70090992698,210.82536,0.580380409236893,1.0156976666247144,1.0,1.0,1.0,13.800000910793782
DIR0_11000m,2022-03-01 00:36:00.000000000,-4.760359049168065,47.61982047541597,11000.0,22631.70090992698,210.65376,0.5873306128827004,1.0289544288361139,1.0,1.0,1.0,13.799997180029989
DIR0_11000m,2022-03-01 00:37:00.000000000,-4.612413641720638,47.69379317913968,11000.0,22631.70090992698,210.48648,0.5830797621835202,1.0225687784987108,1.0,1.0,1.0,13.79999400929973
DIR0_11000m,2022-03-01 00:38:00.000000000,-4.464332903107499,47.767833548446255,11000.0,22631.70090992698,210.31271,0.5793871925272018,1.0171796208846053,1.0,1.0,1.0,13.799991371089579
DIR0_11000m,2022-03-01 00:39:00.000000000,-4.316116364548094,47.84194181772595,11000.0,22631.70090992698,210.14594,0.5770946909644101,1.0141971569241564,1.0,1.0,1.0,13.799989237402405
DIR0_11000m,2022-03-01 00:40:00.000000000,-4.1677635556594375,47.91611822217028,11000.0,22631.70090992698,209.98878,0.5750440151067544,1.0115689909803018,1.0,1.0,1.0,13.799987579762833
DIR0_11000m,2022-03-01 00:41:00.000000000,-4.0192740044540125,47.990362997773,11000.0,22631.70090992698,209.82872,0.574995403181419,1.0124730075145922,1.0,1.0,1.0,13.799986369208007
DIR0_11000m,2022-03-01 00:42:00.000000000,-3.870647237337804,48.0646763813311,11000.0,22631.70090992698,209.73026,0.5743263661184385,1.0119072242785017,1.0,1.0,1.0,13.799985576287888
DIR0_11000m,2022-03-01 00:43:00.000000000,-3.7218827791083746,48.139058610445815,11000.0,22631.70090992698,209.63605,0.5738332018107253,1.0116192026000417,1.0,1.0,1.0,13.799985171063788
DIR0_11000m,2022-03-01 00:44:00.000000000,-3.572980152952952,48.213509923523524,11000.0,22631.70090992698,209.54889,0.573386092869482,1.0113656531758561,1.0,1.0,1.0,13.79998512310207
DIR0_11000m,2022-03-01 00:45:00.000000000,-3.4239388804466517,48.28803055977667,11000.0,22631.70090992698,209.48059,0.572672392642234,1.010527831438957,1.0,1.0,1.0,13.799985401477944
DIR0_11000m,2022-03-01 00:46:00.000000000,-3.2747584815506734,48.36262075922466,11000.0,22631.70090992698,209.43867,0.5706597955805518,1.0072304264275442,1.0,1.0,1.0,13.79998597476108
DIR0_11000m,2022-03-01 00:47:00.000000000,-3.1254384746106467,48.43728076269467,11000.0,22631.70090992698,209.43816,0.5671471849984069,1.0010353676010428,1.0,1.0,1.0,13.79998681103079
DIR0_11000m,2022-03-01 00:48:00.000000000,-2.9759783763549463,48.51201081182252,11000.0,22631.70090992698,209.4492,0.5615061006241094,0.9910092211579308,1.0,0.0,0.0,13.799987877855992
DIR0_11000m,2022-03-01 00:49:00.000000000,-2.826377701893142,48.586811149053425,11000.0,22631.70090992698,209.49724,0.5531900982581097,0.9760496142562592,1.0,0.0,0.0,13.799989142302303
DIR0_11000m,2022-03-01 00:50:00.000000000,-2.6766359647144857,48.661682017642754,11000.0,22631.70090992698,209.53809,0.5476250001535621,0.9659910301608838,1.0,0.0,0.0,13.799990570928893
DIR0_11000m,2022-03-01 00:51:00.000000000,-2.5267526766864354,48.73662366165678,11000.0,22631.70090992698,209.57141,0.5453707455222158,0.9618191715932306,1.0,0.0,0.0,13.799992129784544
DIR0_11000m,2022-03-01 00:52:00.000000000,-2.376727348053304,48.81163632597334,11000.0,22631.70090992698,209.58817,0.5484964307258918,0.9672348765384947,1.0,0.0,0.0,13.799993784405343
DIR0_11000m,2022-03-01 00:53:00.000000000,-2.2265594874349155,48.88672025628254,11000.0,22631.70090992698,209.60919,0.5519244105407717,0.9731508569480727,1.0,0.0,0.0,13.799995499811029
DIR0_11000m,2022-03-01 00:54:00.000000000,-2.076248601825378,48.96187569908731,11000.0,22631.70090992698,209.64607,0.5538296302906032,0.9762914113486831,1.0,0.0,0.0,13.799997240505986
DIR0_11000m,2022-03-01 00:55:00.000000000,-1.9257941965918826,49.03710290170405,11000.0,22631.70090992698,209.71129,0.5502462974769291,0.9695906531924474,1.0,0.0,0.0,13.799998970475826
DIR0_11000m,2022-03-01 00:56:00.000000000,-1.7751957754736114,49.11240211226319,11000.0,22631.70090992698,209.79768,0.5407652797880426,0.952382914149619,1.0,0.0,0.0,13.800000653182607
DIR0_11000m,2022-03-01 00:57:00.000000000,-1.6244528405806766,49.187773579709656,11000.0,22631.70090992698,209.92632,0.5286926160332518,0.9303878570903062,1.0,0.0,0.0,13.800002251565195
DIR0_11000m,2022-03-01 00:58:00.000000000,-1.4735648923931952,49.2632175538034,11000.0,22631.70090992698,210.06163,0.5148590408006254,0.9052912301481165,1.0,0.0,0.0,13.800003728037828
DIR0_11000m,2022-03-01 00:59:00.000000000,-1.3225314297603301,49.33873428511983,11000.0,22631.70090992698,210.21265,0.49988059757838954,0.8781377430515774,1.0,0.0,0.0,13.80000504448492
DIR0_11000m,2022-03-01 01:00:00.000000000,-1.1713519498995633,49.41432402505022,11000.0,22631.70090992698,210.28868,0.4960247484476163,0.870959764903522,1.0,0.0,0.0,13.800006162260269
DIR0_11000m,2022-03-01 01:01:00.000000000,-1.0200259483958716,49.489987025802066,11000.0,22631.70090992698,210.29085,0.5044784956292662,0.8857899292798125,1.0,0.0,0.0,13.800007042189662
DIR0_11000m,2022-03-01 01:02:00.000000000,-0.8685529192011064,49.565723540399446,11000.0,22631.70090992698,210.26918,0.5127257268356287,0.9003920872814195,1.0,0.0,0.0,13.800007644559242
DIR0_11000m,2022-03-01 01:03:00.000000000,-0.7169323546334245,49.641533822683286,11000.0,22631.70090992698,210.21074,0.5249206822848672,0.9221380539522307,1.0,0.0,0.0,13.80000792912277
DIR0_11000m,2022-03-01 01:04:00.000000000,-0.5651637453767396,49.71741812731163,11000.0,22631.70090992698,210.09135,0.544368938273917,0.9570072018004573,1.0,0.0,0.0,13.800007855093947
DIR0_11000m,2022-03-01 01:05:00.000000000,-0.41324658048035356,49.793376709759826,11000.0,22631.70090992698,209.97372,0.5597417533442032,0.9847424759935484,1.0,0.0,0.0,13.800007381148149
DIR0_11000m,2022-03-01 01:06:00.000000000,-0.2611803473585734,49.86940982632071,11000.0,22631.70090992698,209.85693,0.5739867645765615,1.0105233290987259,1.0,1.0,1.0,13.80000646541856
DIR0_11000m,2022-03-01 01:07:00.000000000,-0.10896453179049263,49.945517734104754,11000.0,22631.70090992698,209.74931,0.5875151240547464,1.035020538269045,1.0,1.0,1.0,13.800005065494553
DIR0_11000m,2022-03-01 01:08:00.000000000,0.04340138208019141,50.021700691040095,11000.0,22631.70090992698,209.65929,0.5963096009950561,1.0510919429439087,1.0,1.0,1.0,13.800003138420772
DIR0_11000m,2022-03-01 01:09:00.000000000,0.19591791174525677,50.09795895587263,11000.0,22631.70090992698,209.61041,0.5944209576619596,1.048072009344684,1.0,1.0,1.0,13.800000640695098
DIR0_11000m,2022-03-01 01:10:00.000000000,0.3485855763319327,50.17429278816597,11000.0,22631.70090992698,209.57072,0.592635664702567,1.045181413287623,1.0,1.0,1.0,13.799997528267639
DIR0_11000m,2022-03-01 01:11:00.000000000,0.5014048966028329,50.25070244830142,11000.0,22631.70090992698,209.53574,0.5898814494610638,1.0405421964981405,1.0,1.0,1.0,13.799993756538104
DIR0_11000m,2022-03-01 01:12:00.000000000,0.6543763949557224,50.32718819747787,11000.0,22631.70090992698,209.51736,0.5844386904306865,1.0310562288068268,1.0,1.0,1.0,13.799989280355817
DIR0_11000m,2022-03-01 01:13:00.000000000,0.8075005954232681,50.40375029771164,11000.0,22631.70090992698,209.51683,0.5798883353014224,1.0230306204559374,1.0,1.0,1.0,13.799984054014509
DIR0_11000m,2022-03-01 01:14:00.000000000,0.9607780236726323,50.480389011836316,11000.0,22631.70090992698,209.54245,0.5741420796967723,1.0127380650512778,1.0,1.0,1.0,13.79997803125982
DIR0_11000m,2022-03-01 01:15:00.000000000,1.1142092070050131,50.55710460350251,11000.0,22631.70090992698,209.59854,0.5656298217511714,0.9973812306546646,1.0,0.0,0.0,13.799971165274915
DIR0_11000m,2022-03-01 01:16:00.000000000,1.2677946743550756,50.63389733717754,11000.0,22631.70090992698,209.67989,0.5551273029468495,0.978378085213188,1.0,0.0,0.0,13.79996340869297
DIR0_11000m,2022-03-01 01:17:00.000000000,1.4215349562902617,50.71076747814513,11000.0,22631.70090992698,209.77339,0.5459945021181307,0.9617346060432448,1.0,0.0,0.0,13.799954713585876
DIR0_11000m,2022-03-01 01:18:00.000000000,1.5754305850100407,50.78771529250502,11000.0,22631.70090992698,209.86858,0.537698311970987,0.9465709481162758,1.0,0.0,0.0,13.79994972793492
DIR0_11000m,2022-03-01 01:19:00.000000000,1.72948214679925,50.86474107339962,11000.0,22631.70090992698,209.96135,0.5316925451517617,0.9354666703022946,1.0,0.0,0.0,13.800047702561109
DIR0_11000m,2022-03-01 01:20:00.000000000,1.8836913399820132,50.941845669991004,11000.0,22631.70090992698,210.00438,0.5348429089510945,0.9407594704075077,1.0,0.0,0.0,13.80004063804972
DIR0_11000m,2022-03-01 01:21:00.000000000,2.0380575419575413,51.019028770978764,11000.0,22631.70090992698,210.01215,0.5430177726363639,0.9550925345264717,1.0,0.0,0.0,13.800032457004866
DIR0_11000m,2022-03-01 01:22:00.000000000,2.192581291836048,51.09629064591802,11000.0,22631.70090992698,209.96892,0.5591752361188975,0.9837716214940505,1.0,0.0,0.0,13.800023108569956
DIR0_11000m,2022-03-01 01:23:00.000000000,2.347263130355021,51.17363156517751,11000.0,22631.70090992698,209.9046,0.5788793354889616,1.018842467180321,1.0,1.0,1.0,13.800012541320942
DIR0_11000m,2022-03-01 01:24:00.000000000,2.502103599877757,51.25105179993887,11000.0,22631.70090992698,209.82535,0.6009281464455831,1.058158952111016,1.0,1.0,1.0,13.80000070327355
DIR0_11000m,2022-03-01 01:25:00.000000000,2.6571032443918563,51.328551622195924,11000.0,22631.70090992698,209.76057,0.612885501796003,1.0796398801977762,1.0,1.0,1.0,13.799987541871353
DIR0_11000m,2022-03-01 01:26:00.000000000,2.8122626095075356,51.406131304753764,11000.0,22631.70090992698,209.70064,0.6236300847949333,1.0989716265835208,1.0,1.0,1.0,13.799973003993804
DIR0_11000m,2022-03-01 01:27:00.000000000,2.967582242455879,51.48379112122794,11000.0,22631.70090992698,209.64197,0.6318648095124696,1.1138824506239873,1.0,1.0,1.0,13.799957035954558
DIR0_11000m,2022-03-01 01:28:00.000000000,3.123062692086935,51.561531346043466,11000.0,22631.70090992698,209.61287,0.6290444194578407,1.1091082122879472,1.0,1.0,1.0,13.799939583495439
DIR0_11000m,2022-03-01 01:29:00.000000000,3.2787045088676963,51.639352254433845,11000.0,22631.70090992698,209.59602,0.6238158583294772,1.1000010459257423,1.0,1.0,1.0,13.799948057897415
DIR0_11000m,2022-03-01 01:30:00.000000000,3.434508555139477,51.71725427756974,11000.0,22631.70090992698,209.59119,0.6147331453122106,1.0840171438549375,1.0,1.0,1.0,13.8000661919776
DIR0_11000m,2022-03-01 01:31:00.000000000,3.5904766436223507,51.795238321811176,11000.0,22631.70090992698,209.59001,0.6051136421239557,1.067059718329869,1.0,1.0,1.0,13.800048913259555
DIR0_11000m,2022-03-01 01:32:00.000000000,3.746607820402118,51.87330391020106,11000.0,22631.70090992698,209.59174,0.594852566929413,1.0489561972602823,1.0,1.0,1.0,13.800029945230293
DIR0_11000m,2022-03-01 01:33:00.000000000,3.902902642790619,51.95145132139531,11000.0,22631.70090992698,209.60785,0.5811054665793992,1.0246130168000398,1.0,1.0,1.0,13.800009230644191
DIR0_11000m,2022-03-01 01:34:00.000000000,4.0593616697052255,52.02968083485261,11000.0,22631.70090992698,209.6161,0.5680078415981462,1.001468690135461,1.0,1.0,1.0,13.799986711684294
DIR0_11000m,2022-03-01 01:35:00.000000000,4.215985461666027,52.10799273083301,11000.0,22631.70090992698,209.61118,0.5546555508309406,0.9779560004516767,1.0,0.0,0.0,13.799962329965558
DIR0_11000m,2022-03-01 01:36:00.000000000,4.372774580792924,52.18638729039646,11000.0,22631.70090992698,209.61212,0.5411532281949539,0.9541402515684323,1.0,0.0,0.0,13.79993602653417
DIR0_11000m,2022-03-01 01:37:00.000000000,4.5297295908025745,52.26486479540129,11000.0,22631.70090992698,209.60558,0.5283351624516069,0.931580518098684,1.0,0.0,0.0,13.799911743552281
DIR0_11000m,2022-03-01 01:38:00.000000000,4.686851102591412,52.3434255512957,11000.0,22631.70090992698,209.60155,0.5163683550393783,0.9105037846425621,1.0,0.0,0.0,13.800083499144288
DIR0_11000m,2022-03-01 01:39:00.000000000,4.844141942090095,52.422070971045045,11000.0,22631.70090992698,209.57054,0.5067363551027424,0.893686445417243,1.0,0.0,0.0,13.800056181654739
DIR0_11000m,2022-03-01 01:40:00.000000000,5.0016004365368065,52.5008002182684,11000.0,22631.70090992698,209.52391,0.4982288990171484,0.8789310496959902,1.0,0.0,0.0,13.800026717500721
DIR0_11000m,2022-03-01 01:41:00.000000000,5.159227156405176,52.57961357820258,11000.0,22631.70090992698,209.50105,0.4922643076081199,0.8685317372581295,1.0,0.0,0.0,13.799995044720616
DIR0_11000m,2022-03-01 01:42:00.000000000,5.3170226737484825,52.65851133687424,11000.0,22631.70090992698,209.45212,0.48925102984503455,0.8634715697716491,1.0,0.0,0.0,13.799961100789051
DIR0_11000m,2022-03-01 01:43:00.000000000,5.474987562195737,52.73749378109787,11000.0,22631.70090992698,209.38857,0.48852416339554827,0.8625228011133879,1.0,0.0,0.0,13.799924822615438
DIR0_11000m,2022-03-01 01:44:00.000000000,5.633122396947583,52.81656119847379,11000.0,22631.70090992698,209.31448,0.4914020107144188,0.867993592554964,1.0,0.0,0.0,13.799944517664057
DIR0_11000m,2022-03-01 01:45:00.000000000,5.791428424739157,52.89571421236958,11000.0,22631.70090992698,209.2405,0.4950142938625212,0.8747659767292725,1.0,0.0,0.0,13.800087051900448
DIR0_11000m,2022-03-01 01:46:00.000000000,5.949907665815929,52.97495383290797,11000.0,22631.70090992698,209.17873,0.4996109112702265,0.8832179919607718,1.0,0.0,0.0,13.80004862383823
DIR0_11000m,2022-03-01 01:47:00.000000000,6.108558654478858,53.05427932723942,11000.0,22631.70090992698,209.12987,0.505171287497648,0.8933127513467713,1.0,0.0,0.0,13.800007618845058
DIR0_11000m,2022-03-01 01:48:00.000000000,6.26738197257658,53.13369098628829,11000.0,22631.70090992698,209.09586,0.5104003263394897,0.9027458837582918,1.0,0.0,0.0,13.799963970836927
DIR0_11000m,2022-03-01 01:49:00.000000000,6.4263782035067765,53.21318910175339,11000.0,22631.70090992698,209.15562,0.5049477420164139,0.8927774782689424,1.0,0.0,0.0,13.799917613176925
DIR0_11000m,2022-03-01 01:50:00.000000000,6.585547932211043,53.292773966105514,11000.0,22631.70090992698,209.22554,0.498789563653986,0.8815147777367663,1.0,0.0,0.0,13.799959354717169
DIR0_11000m,2022-03-01 01:51:00.000000000,6.744892795071149,53.37244639753557,11000.0,22631.70090992698,209.3016,0.4925351583839191,0.8700628910907182,1.0,0.0,0.0,13.800090127966001
DIR0_11000m,2022-03-01 01:52:00.000000000,6.904414446196133,53.452207223098064,11000.0,22631.70090992698,209.48773,0.4709320201971597,0.8309608999415135,1.0,0.0,0.0,13.800040576448259
DIR0_11000m,2022-03-01 01:53:00.000000000,7.064111427957755,53.53205571397887,11000.0,22631.70090992698,209.67288,0.4504258313097487,0.7938805154858113,1.0,0.0,0.0,13.799988057309795
DIR0_11000m,2022-03-01 01:54:00.000000000,7.223984331825581,53.61199216591279,11000.0,22631.70090992698,209.8498,0.4313404195431682,0.7594245152037009,1.0,0.0,0.0,13.799932500953876
DIR0_11000m,2022-03-01 01:55:00.000000000,7.384033750785218,53.6920168753926,11000.0,22631.70090992698,209.99782,0.4127087140439787,0.7259614459727182,1.0,0.0,0.0,13.79988583986269
DIR0_11000m,2022-03-01 01:56:00.000000000,7.5442604187689035,53.77213020938444,11000.0,22631.70090992698,210.12862,0.3963208998334737,0.6965761378096104,1.0,0.0,0.0,13.80011248077792
DIR0_11000m,2022-03-01 01:57:00.000000000,7.704668147744797,53.85233407387239,11000.0,22631.70090992698,210.21614,0.38443968414798846,0.6753323108566078,1.0,0.0,0.0,13.8000528134815
DIR0_11000m,2022-03-01 01:58:00.000000000,7.865254250764811,53.9326271253824,11000.0,22631.70090992698,210.25693,0.3761940317548912,0.6606799119528476,1.0,0.0,0.0,13.799989838222055
DIR0_11000m,2022-03-01 01:59:00.000000000,8.026019327221741,54.01300966361087,11000.0,22631.70090992698,210.27696,0.3700341224151103,0.6497819180613128,1.0,0.0,0.0,13.799923482497487
DIR0_11000m,2022-03-01 02:00:00.000000000,8.18696397799177,54.09348198899588,11000.0,22631.70090992698,210.25842,0.3698967905252227,0.6496148313320624,1.0,0.0,0.0,13.799920376574901
DIR0_11000m,2022-03-01 02:01:00.000000000,8.348089584683299,54.17404479234165,11000.0,22631.70090992698,210.2242,0.36803812964651716,0.64648624962442,1.0,0.0,0.0,13.800108163656398
DIR0_11000m,2022-03-01 02:02:00.000000000,8.50939902761679,54.2546995138084,11000.0,22631.70090992698,210.18106,0.366904187302146,0.6446659458450174,1.0,0.0,0.0,13.800036727814792
DIR0_11000m,2022-03-01 02:03:00.000000000,8.670889929416859,54.33544496470843,11000.0,22631.70090992698,210.1451,0.37084687862368293,0.6517374980511748,1.0,0.0,0.0,13.799961628131927
DIR0_11000m,2022-03-01 02:04:00.000000000,8.832562897225484,54.416281448612736,11000.0,22631.70090992698,210.11777,0.37579572325475585,0.6605453732071624,1.0,0.0,0.0,13.799882789269432
DIR0_11000m,2022-03-01 02:05:00.000000000,8.994418539630288,54.497209269815144,11000.0,22631.70090992698,210.0934,0.3774650300081708,0.6635778394106875,1.0,0.0,0.0,13.80005790148278
DIR0_11000m,2022-03-01 02:06:00.000000000,9.156460495105058,54.578230247552526,11000.0,22631.70090992698,210.09807,0.3854798868465917,0.6776490031631781,1.0,0.0,0.0,13.800069215893743
DIR0_11000m,2022-03-01 02:07:00.000000000,9.318687504625943,54.65934375231297,11000.0,22631.70090992698,210.1024,0.3914451914285078,0.6881172466433297,1.0,0.0,0.0,13.799984275990898
DIR0_11000m,2022-03-01 02:08:00.000000000,9.481099098325307,54.74054954916266,11000.0,22631.70090992698,210.10258,0.39202627589781813,0.6891376997869828,1.0,0.0,0.0,13.79989530113738
DIR0_11000m,2022-03-01 02:09:00.000000000,9.643695890893108,54.82184794544655,11000.0,22631.70090992698,210.12602,0.39633100894264006,0.6966045228327219,1.0,0.0,0.0,13.800011836112997
DIR0_11000m,2022-03-01 02:10:00.000000000,9.806480972560507,54.903240486280254,11000.0,22631.70090992698,210.14467,0.3994747075562117,0.7020493090092319,1.0,0.0,0.0,13.80008315761668
DIR0_11000m,2022-03-01 02:11:00.000000000,9.969454484644963,54.98472724232248,11000.0,22631.70090992698,210.1501,0.3991681774623864,0.7014873903934038,1.0,0.0,0.0,2.5847282859610075
DIR0_11000m,2022-03-01 02:11:11.238727768,10.0,55.0,11000.0,22631.70090992698,210.14986,0.39859732705806883,0.7004837573854703,1.0,0.0,0.0,0.0
NW150_11000m,2022-03-01 00:00:00.000000000,-10.0,45.0,11000.0,22631.70090992698,211.47719,0.6069942789823177,1.057954685043981,1.0,1.0,1.0,13.800081585287135
NW150_11000m,2022-03-01 00:01:00.000000000,-9.88670441696356,45.09484335624742,11000.0,22631.70090992698,211.42145,0.5996095789108905,1.0454496398823305,1.0,1.0,1.0,13.800047227045118
NW150_11000m,2022-03-01 00:02:00.000000000,-9.773314076176842,45.18974199935581,11000.0,22631.70090992698,211.28397,0.606299441037134,1.0580265491504177,1.0,1.0,1.0,13.800014002976392
NW150_11000m,2022-03-01 00:03:00.000000000,-9.659812217558065,45.28468636231212,11000.0,22631.70090992698,211.18948,0.6052431484543167,1.0568080089749843,1.0,1.0,1.0,13.79998188542217
NW150_11000m,2022-03-01 00:04:00.000000000,-9.54618196151081,45.379666879512754,11000.0,22631.70090992698,211.14587,0.5975526422631633,1.04366330318585,1.0,1.0,1.0,13.799950860786138
NW150_11000m,2022-03-01 00:05:00.000000000,-9.432406316791841,45.47467398526186,11000.0,22631.70090992698,211.08575,0.5953612569318641,1.040227566242372,1.0,1.0,1.0,13.799920928712949
NW150_11000m,2022-03-01 00:06:00.000000000,-9.31846818845589,45.569698112200804,11000.0,22631.70090992698,211.01692,0.5970654617918816,1.043651713280935,1.0,1.0,1.0,13.800067109083225
NW150_11000m,2022-03-01 00:07:00.000000000,-9.204346798944448,45.66472963775159,11000.0,22631.70090992698,210.97768,0.5949360863112131,1.0401852323828398,1.0,1.0,1.0,13.800050730275435
NW150_11000m,2022-03-01 00:08:00.000000000,-9.090027576282061,45.75975865781879,11000.0,22631.70090992698,210.92784,0.5904032083892865,1.0325799172991488,1.0,1.0,1.0,13.800022321194419
NW150_11000m,2022-03-01 00:09:00.000000000,-8.975493429896702,45.8547755922212,11000.0,22631.70090992698,210.89238,0.5760949822731091,1.0077763807963431,1.0,1.0,1.0,13.7999950707752
NW150_11000m,2022-03-01 00:10:00.000000000,-8.860726953659205,45.94977086276871,11000.0,22631.70090992698,210.89429,0.5542761568985023,0.9695991920962652,1.0,0.0,0.0,13.799968996959691
NW150_11000m,2022-03-01 00:11:00.000000000,-8.745710680922649,46.044734881623576,11000.0,22631.70090992698,210.88225,0.5361905329327319,0.938030218111391,1.0,0.0,0.0,13.799944126259756
NW150_11000m,2022-03-01 00:12:00.000000000,-8.63042709326834,46.139658049689466,11000.0,22631.70090992698,210.86143,0.5289328944003819,0.9254522230701513,1.0,0.0,0.0,13.79996170184095
NW150_11000m,2022-03-01 00:13:00.000000000,-8.514857369187974,46.23453050390087,11000.0,22631.70090992698,210.81862,0.5242185829460474,0.9174502982217815,1.0,0.0,0.0,13.80006664903778
NW150_11000m,2022-03-01 00:14:00.000000000,-8.39898092368574,46.32934188624422,11000.0,22631.70090992698,210.8562,0.511840562491231,0.895578306022348,1.0,0.0,0.0,13.800043138317646
NW150_11000m,2022-03-01 00:15:00.000000000,-8.282783911700339,46.42408323018683,11000.0,22631.70090992698,210.8909,0.49794239670967594,0.8710710421756478,1.0,0.0,0.0,13.800020847603696
NW150_11000m,2022-03-01 00:16:00.000000000,-8.166248728620634,46.518744890904586,11000.0,22631.70090992698,210.99217,0.47439517757960753,0.8293556117350747,1.0,0.0,0.0,13.799999805201798
NW150_11000m,2022-03-01 00:17:00.000000000,-8.049357766516502,46.613317205762186,11000.0,22631.70090992698,211.2024,0.4389879981287611,0.7664491262433543,1.0,0.0,0.0,13.799980042969505
NW150_11000m,2022-03-01 00:18:00.000000000,-7.932093424302584,46.707790493315706,11000.0,22631.70090992698,211.42159,0.40350893185150843,0.703537165483247,1.0,0.0,0.0,13.799961595158257
NW150_11000m,2022-03-01 00:19:00.000000000,-7.8144381182053815,46.802155052482014,11000.0,22631.70090992698,211.68964,0.3658730851099228,0.6368399683219458,1.0,0.0,0.0,13.799944497290072
NW150_11000m,2022-03-01 00:20:00.000000000,-7.6963742925477225,46.89640116189405,11000.0,22631.70090992698,211.99045,0.3290745307666517,0.5717003781211457,1.0,0.0,0.0,13.799994929861766
NW150_11000m,2022-03-01 00:21:00.000000000,-7.577881585034636,46.99051819330521,11000.0,22631.70090992698,212.29103,0.2952437792168468,0.5119454576642194,1.0,0.0,0.0,13.800054735138636
NW150_11000m,2022-03-01 00:22:00.000000000,-7.458941878261694,47.08449609035887,11000.0,22631.70090992698,212.57466,0.26734483313906393,0.46272972115342187,1.0,0.0,0.0,13.800038198606133
NW150_11000m,2022-03-01 00:23:00.000000000,-7.3395410215573635,47.17832605302653,11000.0,22631.70090992698,212.86143,0.24060740442779907,0.41568416821819526,1.0,0.0,0.0,13.80002291257999
NW150_11000m,2022-03-01 00:24:00.000000000,-7.219661721251084,47.27199829286591,11000.0,22631.70090992698,213.1297,0.21725616639762432,0.3746907638812079,1.0,0.0,0.0,13.800008894382024
NW150_11000m,2022-03-01 00:25:00.000000000,-7.099286771378659,47.3655030016198,11000.0,22631.70090992698,213.32466,0.2020462249576092,0.34801821382537235,1.0,0.0,0.0,13.799996158727545
NW150_11000m,2022-03-01 00:26:00.000000000,-6.978399066464596,47.458830352069896,11000.0,22631.70090992698,213.53386,0.18369448019233298,0.31597675834236705,1.0,0.0,0.0,13.799984716892943
NW150_11000m,2022-03-01 00:27:00.000000000,-6.856981614669662,47.55197049920475,11000.0,22631.70090992698,213.66069,0.17467358682950865,0.30021015441046356,1.0,0.0,0.0,13.799974575951063
NW150_11000m,2022-03-01 00:28:00.000000000,-6.7350175513026915,47.64491358171966,11000.0,22631.70090992698,213.77396,0.16666075575874986,0.2862261900485408,1.0,0.0,0.0,13.799965738069027
NW150_11000m,2022-03-01 00:29:00.000000000,-6.612490152693082,47.73764972386549,11000.0,22631.70090992698,213.83675,0.17179756888524972,0.29492657688809704,1.0,0.0,0.0,13.799958199905092
NW150_11000m,2022-03-01 00:30:00.000000000,-6.489382850417677,47.83016903766334,11000.0,22631.70090992698,213.81976,0.18124934489005967,0.31118749620090236,1.0,0.0,0.0,13.799964789737542
NW150_11000m,2022-03-01 00:31:00.000000000,-6.365678530065045,47.9224613489191,11000.0,22631.70090992698,213.78458,0.19304654204326527,0.3315180027137252,1.0,0.0,0.0,13.80004240971841
NW150_11000m,2022-03-01 00:32:00.000000000,-6.241356964453079,48.014515165281935,11000.0,22631.70090992698,213.79233,0.19947954669871965,0.3425486489381192,1.0,0.0,0.0,13.800033378343896
NW150_11000m,2022-03-01 00:33:00.000000000,-6.116406937367481,48.106322407261274,11000.0,22631.70090992698,213.669,0.21645331425411377,0.3719969936380711,1.0,0.0,0.0,13.800025365053333
NW150_11000m,2022-03-01 00:34:00.000000000,-5.990812684033617,48.197873185303976,11000.0,22631.70090992698,213.61304,0.22429319893633012,0.38561214485303535,1.0,0.0,0.0,13.800018341174031
NW150_11000m,2022-03-01 00:35:00.000000000,-5.864558670319928,48.2891576147253,11000.0,22631.70090992698,213.47832,0.23710728096288372,0.4080004341628393,1.0,0.0,0.0,13.800012272277348
NW150_11000m,2022-03-01 00:36:00.000000000,-5.7376296086693594,48.380165820391106,11000.0,22631.70090992698,213.32414,0.24847814792035092,0.42799789313087666,1.0,0.0,0.0,13.80000711809176
NW150_11000m,2022-03-01 00:37:00.000000000,-5.610010474257944,48.47088794185662,11000.0,22631.70090992698,213.17348,0.2584198295211845,0.4455575962061577,1.0,0.0,0.0,13.800002832520185
NW150_11000m,2022-03-01 00:38:00.000000000,-5.481686521349756,48.56131413897035,11000.0,22631.70090992698,212.99808,0.26898085777934716,0.46429285023067546,1.0,0.0,0.0,13.799999363723282
NW150_11000m,2022-03-01 00:39:00.000000000,-5.352643299814302,48.65143459795019,11000.0,22631.70090992698,212.75972,0.2852208866157501,0.4930825356444167,1.0,0.0,0.0,13.799996654306035
NW150_11000m,2022-03-01 00:40:00.000000000,-5.2228666717689975,48.74123953793698,11000.0,22631.70090992698,212.55241,0.29896490348788934,0.5175329127384326,1.0,0.0,0.0,13.799994641566824
NW150_11000m,2022-03-01 00:41:00.000000000,-5.092342828306424,48.83071921802904,11000.0,22631.70090992698,212.3219,0.31944175857237067,0.5537952116516479,1.0,0.0,0.0,13.799993257830375
NW150_11000m,2022-03-01 00:42:00.000000000,-4.961058306262661,48.9198639447992,11000.0,22631.70090992698,212.12312,0.33710799947862713,0.5851641800583679,1.0,0.0,0.0,13.799992430848496
NW150_11000m,2022-03-01 00:43:00.000000000,-4.8290000049803306,49.008664080293656,11000.0,22631.70090992698,211.92389,0.3562149189783979,0.6191127175397583,1.0,0.0,0.0,13.799992084263788
NW150_11000m,2022-03-01 00:44:00.000000000,-4.696155203016833,49.097110050509926,11000.0,22631.70090992698,211.77669,0.3657734071515608,0.6363185877141236,1.0,0.0,0.0,13.799992138132012
NW150_11000m,2022-03-01 00:45:00.000000000,-4.562511574745889,49.18519235434873,11000.0,22631.70090992698,211.6379,0.3709770393330509,0.6459355147627087,1.0,0.0,0.0,13.799992509492633
NW150_11000m,2022-03-01 00:46:00.000000000,-4.428057206797825,49.272901573032264,11000.0,22631.70090992698,211.50465,0.3784249832524129,0.6594583426405748,1.0,0.0,0.0,13.799993112977818
NW150_11000m,2022-03-01 00:47:00.000000000,-4.2927806142820035,49.360228379978736,11000.0,22631.70090992698,211.39397,0.3883358489144642,0.6771992154305745,1.0,0.0,0.0,13.799993861459598
NW150_11000m,2022-03-01 00:48:00.000000000,-4.156670756732704,49.44716355112047,11000.0,22631.70090992698,211.29912,0.3879557884462372,0.676939975045697,1.0,0.0,0.0,13.799994666714795
NW150_11000m,2022-03-01 00:49:00.000000000,-4.019717053718365,49.53369797565026,11000.0,22631.70090992698,211.22446,0.3836447177388989,0.669730395857662,1.0,0.0,0.0,13.799995440112463
NW150_11000m,2022-03-01 00:50:00.000000000,-3.8819094000525762,49.619822667177964,11000.0,22631.70090992698,211.12073,0.3920062764074965,0.6847713764974365,1.0,0.0,0.0,13.799996093293426
NW150_11000m,2022-03-01 00:51:00.000000000,-3.7432381805443815,49.70552877527627,11000.0,22631.70090992698,211.00807,0.4018295101521846,0.7024254180864067,1.0,0.0,0.0,13.799996538855687
NW150_11000m,2022-03-01 00:52:00.000000000,-3.603694284225014,49.790807597392465,11000.0,22631.70090992698,210.97421,0.3939719731387398,0.6888342174596522,1.0,0.0,0.0,13.799996691020644
NW150_11000m,2022-03-01 00:53:00.000000000,-3.4632691179879846,49.87565059109965,11000.0,22631.70090992698,210.91885,0.3911168585223447,0.6840769773063635,1.0,0.0,0.0,13.799996466275909
NW150_11000m,2022-03-01 00:54:00.000000000,-3.3219546195796172,49.96004938665855,11000.0,22631.70090992698,210.83806,0.3938029541974432,0.6891223427567973,1.0,0.0,0.0,13.79999578398484
NW150_11000m,2022-03-01 00:55:00.000000000,-3.179743269878239,50.04399579985828,11000.0,22631.70090992698,210.78111,0.3931594305833799,0.6882382252619679,1.0,0.0,0.0,13.799994566957059
NW150_11000m,2022-03-01 00:56:00.000000000,-3.0366281044011734,50.12748184510206,11000.0,22631.70090992698,210.72736,0.39200320306568764,0.6864456647147326,1.0,0.0,0.0,13.799992741968401
NW150_11000m,2022-03-01 00:57:00.000000000,-2.892602723980547,50.210499748701196,11000.0,22631.70090992698,210.71205,0.3869799501880894,0.6777144323734504,1.0,0.0,0.0,13.799990240216678
NW150_11000m,2022-03-01 00:58:00.000000000,-2.747661304551099,50.293041962338535,11000.0,22631.70090992698,210.70036,0.38308063230267575,0.6709319959797946,1.0,0.0,0.0,13.799986997732383
NW150_11000m,2022-03-01 00:59:00.000000000,-2.6017986059957923,50.375101176660536,11000.0,22631.70090992698,210.68259,0.38036515323985254,0.6662494992984092,1.0,0.0,0.0,13.799982955700685
NW150_11000m,2022-03-01 01:00:00.000000000,-2.455009979998446,50.45667033495505,11000.0,22631.70090992698,210.70451,0.37365876831940703,0.6544157743399837,1.0,0.0,0.0,13.79997806072252
NW150_11000m,2022-03-01 01:01:00.000000000,-2.307291376855747,50.5377426468701,11000.0,22631.70090992698,210.83163,0.35608381530633176,0.6231419022883903,1.0,0.0,0.0,13.79997226499816
NW150_11000m,2022-03-01 01:02:00.000000000,-2.1586393512057422,50.61831160212794,11000.0,22631.70090992698,210.89706,0.34303143251443746,0.6000555799831621,1.0,0.0,0.0,13.799965526422925
NW150_11000m,2022-03-01 01:03:00.000000000,-2.0090510666337558,50.698370984186724,11000.0,22631.70090992698,210.94655,0.3306895098205115,0.5782895801004959,1.0,0.0,0.0,13.799957808616085
NW150_11000m,2022-03-01 01:04:00.000000000,-1.8585242991221467,50.77791488380202,11000.0,22631.70090992698,211.0131,0.3128442956817964,0.5468552933952786,1.0,0.0,0.0,13.799949080858502
NW150_11000m,2022-03-01 01:05:00.000000000,-1.7070574393152707,50.856937712439034,11000.0,22631.70090992698,211.031,0.29904361124061457,0.5226748046190544,1.0,0.0,0.0,13.799983414997781
NW150_11000m,2022-03-01 01:06:00.000000000,-1.5546464916724767,50.93543252164237,11000.0,22631.70090992698,211.01843,0.28766927055856556,0.5028320661497903,1.0,0.0,0.0,13.800042949207981
NW150_11000m,2022-03-01 01:07:00.000000000,-1.4012892868398896,51.01339334052719,11000.0,22631.70090992698,210.99858,0.2768694530940229,0.48401534812256497,1.0,0.0,0.0,13.800034771989795
NW150_11000m,2022-03-01 01:08:00.000000000,-1.2469905316687553,51.09081811764459,11000.0,22631.70090992698,210.9852,0.26673934880126526,0.46634465566703104,1.0,0.0,0.0,13.800025304009226
NW150_11000m,2022-03-01 01:09:00.000000000,-1.0917510978916665,51.167702686739496,11000.0,22631.70090992698,210.90788,0.27122388765783667,0.4744128402429741,1.0,0.0,0.0,13.800014545442771
NW150_11000m,2022-03-01 01:10:00.000000000,-0.9355724658072169,51.244043266620615,11000.0,22631.70090992698,210.8111,0.2777078147655048,0.4860472658175638,1.0,0.0,0.0,13.800002501669761
NW150_11000m,2022-03-01 01:11:00.000000000,-0.7784567190364065,51.319836472627784,11000.0,22631.70090992698,210.71004,0.28776474260288226,0.5039645172810683,1.0,0.0,0.0,13.7999891826791
NW150_11000m,2022-03-01 01:12:00.000000000,-0.6204065380633252,51.39507932761236,11000.0,22631.70090992698,210.53207,0.31176409205888495,0.5465970274704699,1.0,0.0,0.0,13.799974602439768
NW150_11000m,2022-03-01 01:13:00.000000000,-0.461425192583092,51.469769272388845,11000.0,22631.70090992698,210.32692,0.3405225418367866,0.5977757757951981,1.0,0.0,0.0,13.7999587782132
NW150_11000m,2022-03-01 01:14:00.000000000,-0.30151653268645257,51.54390417561825,11000.0,22631.70090992698,210.12524,0.3720330831393824,0.6539014215108462,1.0,0.0,0.0,13.799941729853087
NW150_11000m,2022-03-01 01:15:00.000000000,-0.1406849789169585,51.6174823430864,11000.0,22631.70090992698,209.90785,0.40864785665730613,0.7192164084918434,1.0,0.0,0.0,13.799923479058988
NW150_11000m,2022-03-01 01:16:00.000000000,0.021064488757338132,51.69050252634314,11000.0,22631.70090992698,209.69542,0.4456650859690426,0.785384003315183,1.0,0.0,0.0,13.800037442930337
NW150_11000m,2022-03-01 01:17:00.000000000,0.18373471481991757,51.762958766568346,11000.0,22631.70090992698,209.59262,0.46421236877481786,0.8185798461837143,1.0,0.0,0.0,13.800054135849827
NW150_11000m,2022-03-01 01:18:00.000000000,0.34731356742423297,51.83485439409621,11000.0,22631.70090992698,209.53467,0.4794125902849862,0.8456830445800365,1.0,0.0,0.0,13.800034030228618
NW150_11000m,2022-03-01 01:19:00.000000000,0.5117922276083798,51.906190915581966,11000.0,22631.70090992698,209.47897,0.49622681876818225,0.875639234606247,1.0,0.0,0.0,13.800012700659453
NW150_11000m,2022-03-01 01:20:00.000000000,0.6771635792917738,51.97696895932494,11000.0,22631.70090992698,209.52821,0.4943799129929436,0.8721191966462105,1.0,0.0,0.0,13.7999901852002
NW150_11000m,2022-03-01 01:21:00.000000000,0.8434200169946502,52.04718963272939,11000.0,22631.70090992698,209.61073,0.4919947551896202,0.8674747970139177,1.0,0.0,0.0,13.799966519849992
NW150_11000m,2022-03-01 01:22:00.000000000,1.01055346229693,52.11685452651356,11000.0,22631.70090992698,209.71053,0.4890247868119738,0.8617158263483655,1.0,0.0,0.0,13.7999417377954
NW150_11000m,2022-03-01 01:23:00.000000000,1.1785553809361387,52.185965718139244,11000.0,22631.70090992698,209.82425,0.48433525291875396,0.8528581164965336,1.0,0.0,0.0,13.799915868718232
NW150_11000m,2022-03-01 01:24:00.000000000,1.347416800466216,52.254525774457576,11000.0,22631.70090992698,209.89575,0.48551608723649375,0.854565574027425,1.0,0.0,0.0,13.800028226818675
NW150_11000m,2022-03-01 01:25:00.000000000,1.5171362964332586,52.32253259044532,11000.0,22631.70090992698,209.96474,0.4889965985902242,0.8603265165964984,1.0,0.0,0.0,13.800064050248245
NW150_11000m,2022-03-01 01:26:00.000000000,1.68769961074384,52.389992551693666,11000.0,22631.70090992698,210.04059,0.4912873064972509,0.8639532426847679,1.0,0.0,0.0,13.800035707958136
NW150_11000m,2022-03-01 01:27:00.000000000,1.8590929415381916,52.45691204737704,11000.0,22631.70090992698,210.06174,0.5018324750882832,0.8823835417572254,1.0,0.0,0.0,13.800006366844299
NW150_11000m,2022-03-01 01:28:00.000000000,2.0313057247601067,52.52329563749123,11000.0,22631.70090992698,210.05927,0.5154278080613913,0.9063049276914317,1.0,0.0,0.0,13.799976050210285
NW150_11000m,2022-03-01 01:29:00.000000000,2.204327053092159,52.589148373160356,11000.0,22631.70090992698,210.05058,0.5288095244414202,0.9298839331897868,1.0,0.0,0.0,13.799944774494586
NW150_11000m,2022-03-01 01:30:00.000000000,2.3781456952806157,52.654475794643076,11000.0,22631.70090992698,210.0225,0.5443223007041068,0.9573277829203912,1.0,0.0,0.0,13.799912548950555
NW150_11000m,2022-03-01 01:31:00.000000000,2.552750115430623,52.71928392863415,11000.0,22631.70090992698,209.98532,0.5596096611865946,0.98443670153943,1.0,0.0,0.0,13.800025547983164
NW150_11000m,2022-03-01 01:32:00.000000000,2.7281360261108265,52.783574283172314,11000.0,22631.70090992698,209.95917,0.5735338975240196,1.0090938488738985,1.0,1.0,1.0,13.800070310251925
NW150_11000m,2022-03-01 01:33:00.000000000,2.904287639098437,52.84735628599273,11000.0,22631.70090992698,209.9394,0.5850146485668859,1.0294187880979475,1.0,1.0,1.0,13.800035653315424
NW150_11000m,2022-03-01 01:34:00.000000000,3.0811885353680224,52.910640118994756,11000.0,22631.70090992698,209.90921,0.5959252814562745,1.048809038744812,1.0,1.0,1.0,13.800000137735003
NW150_11000m,2022-03-01 01:35:00.000000000,3.2588261330665302,52.973433739258525,11000.0,22631.70090992698,209.87553,0.6051514439979478,1.065268765991299,1.0,1.0,1.0,13.799963750073099
NW150_11000m,2022-03-01 01:36:00.000000000,3.437187640169225,53.03574556692225,11000.0,22631.70090992698,209.85396,0.6063954924523751,1.0676006638686604,1.0,1.0,1.0,13.79992646831523
NW150_11000m,2022-03-01 01:37:00.000000000,3.6162600719618223,53.097584478797295,11000.0,22631.70090992698,209.82333,0.6054443712958912,1.0661257062878253,1.0,1.0,1.0,13.799943886962065
NW150_11000m,2022-03-01 01:38:00.000000000,3.7960328422494536,53.158958094549476,11000.0,22631.70090992698,209.787,0.6029170167292183,1.061909414877886,1.0,1.0,1.0,13.800090279160704
NW150_11000m,2022-03-01 01:39:00.000000000,3.976498397947654,53.219872383791994,11000.0,22631.70090992698,209.748,0.5984121712786038,1.054227559952914,1.0,1.0,1.0,13.800050782075573
NW150_11000m,2022-03-01 01:40:00.000000000,4.157634606386402,53.28034332552035,11000.0,22631.70090992698,209.69641,0.5880732726674479,1.0363374416581703,1.0,1.0,1.0,13.800010427115703
NW150_11000m,2022-03-01 01:41:00.000000000,4.339427863815142,53.34038157366536,11000.0,22631.70090992698,209.63692,0.5767355476237249,1.0167269159869192,1.0,1.0,1.0,13.799969161774092
NW150_11000m,2022-03-01 01:42:00.000000000,4.521864452883596,53.39999819988323,11000.0,22631.70090992698,209.56676,0.5652202078992152,0.996850596130314,1.0,0.0,0.0,13.799926925392562
NW150_11000m,2022-03-01 01:43:00.000000000,4.704930555995679,53.45920468475397,11000.0,22631.70090992698,209.47919,0.5516273861661052,0.9733989150100424,1.0,0.0,0.0,13.799945290048816
NW150_11000m,2022-03-01 01:44:00.000000000,4.88861478010909,53.51801129684401,11000.0,22631.70090992698,209.38455,0.538537536928881,0.9508496806990487,1.0,0.0,0.0,13.800094032584427
NW150_11000m,2022-03-01 01:45:00.000000000,5.0729082239025605,53.57642712193283,11000.0,22631.70090992698,209.29527,0.5268708293403099,0.9307535317305085,1.0,0.0,0.0,13.800049796946867
NW150_11000m,2022-03-01 01:46:00.000000000,5.257788866938882,53.634469985914784,11000.0,22631.70090992698,209.20937,0.5178657935309671,0.9153190116611616,1.0,0.0,0.0,13.800004527266935
NW150_11000m,2022-03-01 01:47:00.000000000,5.443242599872851,53.69215293387575,11000.0,22631.70090992698,209.11855,0.5131354586715905,0.9074588380024406,1.0,0.0,0.0,13.799958130859713
NW150_11000m,2022-03-01 01:48:00.000000000,5.629255267365139,53.74948937194031,11000.0,22631.70090992698,209.01854,0.5140593089060245,0.9096391162759258,1.0,0.0,0.0,13.79991050882696
NW150_11000m,2022-03-01 01:49:00.000000000,5.815812675955236,53.80649305729837,11000.0,22631.70090992698,208.94095,0.5177274284863035,0.9165566225608827,1.0,0.0,0.0,13.800022438740301
NW150_11000m,2022-03-01 01:50:00.000000000,6.002906243466793,53.863174761945274,11000.0,22631.70090992698,208.88434,0.5229350090866629,0.9260955678675226,1.0,0.0,0.0,13.800079762007199
NW150_11000m,2022-03-01 01:51:00.000000000,6.190519463048881,53.91955042040538,11000.0,22631.70090992698,208.84184,0.5302863767406685,0.9393570627728957,1.0,0.0,0.0,13.800030134925539
NW150_11000m,2022-03-01 01:52:00.000000000,6.37863425991099,53.97563708366971,11000.0,22631.70090992698,208.87694,0.529284143118118,0.9373801271236647,1.0,0.0,0.0,13.799979093957013
NW150_11000m,2022-03-01 01:53:00.000000000,6.567236342302421,54.031449832186425,11000.0,22631.70090992698,208.94699,0.5250389269552607,0.929469987412603,1.0,0.0,0.0,13.799926512080395
NW150_11000m,2022-03-01 01:54:00.000000000,6.756311405334701,54.08700404619348,11000.0,22631.70090992698,209.03288,0.5193743734001257,0.9189640351729997,1.0,0.0,0.0,13.799949642083092
NW150_11000m,2022-03-01 01:55:00.000000000,6.945847470218504,54.1423142019007,11000.0,22631.70090992698,209.23236,0.49993216067670093,0.8834996252483179,1.0,0.0,0.0,13.800098109561839
NW150_11000m,2022-03-01 01:56:00.000000000,7.135833714601291,54.19739466442671,11000.0,22631.70090992698,209.43524,0.47976457697990116,0.84681626713733,1.0,0.0,0.0,13.800043273360885
NW150_11000m,2022-03-01 01:57:00.000000000,7.32624951374758,54.25226499267849,11000.0,22631.70090992698,209.63861,0.4591783412700176,0.8094761132682751,1.0,0.0,0.0,13.79998659383097
NW150_11000m,2022-03-01 01:58:00.000000000,7.51708051518265,54.306941683109144,11000.0,22631.70090992698,209.82259,0.43921182848094303,0.7734082910812292,1.0,0.0,0.0,13.799927921794033
NW150_11000m,2022-03-01 01:59:00.000000000,7.708312353698635,54.361441480335294,11000.0,22631.70090992698,209.94257,0.4216486864455813,0.7419380987039816,1.0,0.0,0.0,13.799940755504373
NW150_11000m,2022-03-01 02:00:00.000000000,7.899932508741545,54.41578065368137,11000.0,22631.70090992698,210.03831,0.4065769385290716,0.7149984171091923,1.0,0.0,0.0,13.800101598995504
NW150_11000m,2022-03-01 02:01:00.000000000,8.09193002481248,54.46997537527261,11000.0,22631.70090992698,210.10312,0.39383911553503215,0.6923243959963095,1.0,0.0,0.0,13.800040063524344
NW150_11000m,2022-03-01 02:02:00.000000000,8.284284693425947,54.52404547359807,11000.0,22631.70090992698,210.11028,0.3849412883425737,0.6766520723774974,1.0,0.0,0.0,13.799976116745375
NW150_11000m,2022-03-01 02:03:00.000000000,8.476982055864806,54.578008602825314,11000.0,22631.70090992698,210.10345,0.37883525928425155,0.6659462612560583,1.0,0.0,0.0,13.799909598036038
NW150_11000m,2022-03-01 02:04:00.000000000,8.670007618606233,54.63188261364137,11000.0,22631.70090992698,210.08229,0.3785051845058811,0.6654521550622299,1.0,0.0,0.0,13.800001454071461
NW150_11000m,2022-03-01 02:05:00.000000000,8.863350105501592,54.685684964836305,11000.0,22631.70090992698,210.06557,0.37933487008501526,0.66697845980559,1.0,0.0,0.0,13.800084970259018
NW150_11000m,2022-03-01 02:06:00.000000000,9.056994361144573,54.73943444851302,11000.0,22631.70090992698,210.05806,0.38251884139632175,0.6726108010213616,1.0,0.0,0.0,13.800014516598749
NW150_11000m,2022-03-01 02:07:00.000000000,9.25092252841246,54.793150181075866,11000.0,22631.70090992698,210.06383,0.3879852355522661,0.6821953537638449,1.0,0.0,0.0,13.79994097205505
NW150_11000m,2022-03-01 02:08:00.000000000,9.445119889561422,54.84685071393333,11000.0,22631.70090992698,210.0803,0.3902715423362525,0.6861466549311762,1.0,0.0,0.0,13.799884395048737
NW150_11000m,2022-03-01 02:09:00.000000000,9.639571976104216,54.90055477264747,11000.0,22631.70090992698,210.11093,0.3945953665653648,0.6936185072535344,1.0,0.0,0.0,13.800118643424014
NW150_11000m,2022-03-01 02:10:00.000000000,9.834268294393622,54.954282053483325,11000.0,22631.70090992698,210.1386,0.3980317954703811,0.699539608423609,1.0,0.0,0.0,11.73450958673037
NW150_11000m,2022-03-01 02:10:51.020201113,10.0,55.0,11000.0,22631.70090992698,210.15208,0.3985041311837862,0.7003131524411663,1.0,0.0,0.0,0.0
NW300_11000m,2022-03-01 00:00:00.000000000,-10.0,45.0,11000.0,22631.70090992698,211.47719,0.6069942789823177,1.057954685043981,1.0,1.0,1.0,13.800088117030738
NW300_11000m,2022-03-01 00:01:00.000000000,-9.920923466196545,45.1108246057753,11000.0,22631.70090992698,211.48471,0.5913767152104209,1.0306848107151838,1.0,1.0,1.0,13.799988483207143
NW300_11000m,2022-03-01 00:02:00.000000000,-9.841787090783592,45.221681546099504,11000.0,22631.70090992698,211.42677,0.5868995733564757,1.0232536889600794,1.0,1.0,1.0,13.799946914700234
NW300_11000m,2022-03-01 00:03:00.000000000,-9.762561776579735,45.33256126526844,11000.0,22631.70090992698,211.37027,0.5847461629670968,1.0198632685273985,1.0,1.0,1.0,13.800068521534486
NW300_11000m,2022-03-01 00:04:00.000000000,-9.683213888074711,45.4434537504612,11000.0,22631.70090992698,211.37991,0.571601195461648,0.996875025751868,1.0,0.0,0.0,13.799970988479854
NW300_11000m,2022-03-01 00:05:00.000000000,-9.603718788662775,45.5543483933159,11000.0,22631.70090992698,211.41187,0.5563213961435282,0.9700310765264628,1.0,0.0,0.0,13.799977984898948
NW300_11000m,2022-03-01 00:06:00.000000000,-9.52404415478526,45.665235190560146,11000.0,22631.70090992698,211.42589,0.5455493757202667,0.9511675430457301,1.0,0.0,0.0,13.800053271614146
NW300_11000m,2022-03-01 00:07:00.000000000,-9.444156596605366,45.77610345079973,11000.0,22631.70090992698,211.45178,0.5339791866677928,0.9308414896545865,1.0,0.0,0.0,13.799958407928843
NW300_11000m,2022-03-01 00:08:00.000000000,-9.364032913206923,45.88694369408733,11000.0,22631.70090992698,211.52504,0.5122607136830577,0.8925694968614092,1.0,0.0,0.0,13.799999237193617
NW300_11000m,2022-03-01 00:09:00.000000000,-9.283636876814912,45.99774496547674,11000.0,22631.70090992698,211.54181,0.4960028479530805,0.8641499758749099,1.0,0.0,0.0,13.800043840610053
NW300_11000m,2022-03-01 00:10:00.000000000,-9.20293682116831,46.10849658970587,11000.0,22631.70090992698,211.62512,0.4710384205448945,0.8202262103886293,1.0,0.0,0.0,13.799952359992572
NW300_11000m,2022-03-01 00:11:00.000000000,-9.121909979302162,46.219189597896154,11000.0,22631.70090992698,211.68666,0.4489400862482824,0.7814438578959954,1.0,0.0,0.0,13.800007173565856
NW300_11000m,2022-03-01 00:12:00.000000000,-9.040516711074574,46.329811923061385,11000.0,22631.70090992698,211.75716,0.42724028288176363,0.7433406050564836,1.0,0.0,0.0,13.800041664870289
NW300_11000m,2022-03-01 00:13:00.000000000,-8.958726351769249,46.4403529319095,11000.0,22631.70090992698,211.84795,0.4046243531478309,0.7035880484342107,1.0,0.0,0.0,13.799954326590367
NW300_11000m,2022-03-01 00:14:00.000000000,-8.876516613395903,46.550803870970384,11000.0,22631.70090992698,211.98605,0.3803557686522911,0.660809635856988,1.0,0.0,0.0,13.799997280283817
NW300_11000m,2022-03-01 00:15:00.000000000,-8.793846427705692,46.66115185137731,11000.0,22631.70090992698,212.14374,0.35617454968787077,0.6181798432729539,1.0,0.0,0.0,13.800048033196536
NW300_11000m,2022-03-01 00:16:00.000000000,-8.710682585074276,46.771385430343344,11000.0,22631.70090992698,212.30727,0.332930092814931,0.5772342460261787,1.0,0.0,0.0,13.799965519769557
NW300_11000m,2022-03-01 00:17:00.000000000,-8.627004695416122,46.881496198262,11000.0,22631.70090992698,212.54004,0.3072598830939754,0.5319345410522236,1.0,0.0,0.0,13.799963724929322
NW300_11000m,2022-03-01 00:18:00.000000000,-8.54277404237892,46.99147130478317,11000.0,22631.70090992698,212.76028,0.2821243978186324,0.4877283852710985,1.0,0.0,0.0,13.800063990684194
NW300_11000m,2022-03-01 00:19:00.000000000,-8.45794791284715,47.101296536580705,11000.0,22631.70090992698,212.99814,0.26206742153271717,0.4523597890999571,1.0,0.0,0.0,13.799986781025158
NW300_11000m,2022-03-01 00:20:00.000000000,-8.37251091880526,47.2109644950508,11000.0,22631.70090992698,213.24997,0.24046678025914728,0.4143978113123915,1.0,0.0,0.0,13.799912907865037
NW300_11000m,2022-03-01 00:21:00.000000000,-8.286431043113016,47.320463531247256,11000.0,22631.70090992698,213.47754,0.2215054525294567,0.38115564671269514,1.0,0.0,0.0,13.800076196286195
NW300_11000m,2022-03-01 00:22:00.000000000,-8.199649672192479,47.42977453779333,11000.0,22631.70090992698,213.70782,0.20422275875566873,0.35088847743558843,1.0,0.0,0.0,13.800018562498973
NW300_11000m,2022-03-01 00:23:00.000000000,-8.112156992642236,47.538891255476045,11000.0,22631.70090992698,213.8958,0.189244746969313,0.32475272398151733,1.0,0.0,0.0,13.799950715307018
NW300_11000m,2022-03-01 00:24:00.000000000,-8.023921686547787,47.64780159840676,11000.0,22631.70090992698,214.02718,0.1777636266976963,0.30478575133571256,1.0,0.0,0.0,13.799966729329075
NW300_11000m,2022-03-01 00:25:00.000000000,-7.934900889041014,47.75648995806062,11000.0,22631.70090992698,214.21594,0.16526559666662133,0.2830044676728417,1.0,0.0,0.0,13.800061043952317
NW300_11000m,2022-03-01 00:26:00.000000000,-7.845050721883438,47.86493998285897,11000.0,22631.70090992698,214.32462,0.15723543431434886,0.26905916832606797,1.0,0.0,0.0,13.79999881680529
NW300_11000m,2022-03-01 00:27:00.000000000,-7.754356282969613,47.97314346787794,11000.0,22631.70090992698,214.37157,0.15018180412773746,0.25690921409007317,1.0,0.0,0.0,13.799941466076774
NW300_11000m,2022-03-01 00:28:00.000000000,-7.6627837598578,48.08108657824253,11000.0,22631.70090992698,214.42265,0.14470155815383504,0.24745030086215275,1.0,0.0,0.0,13.79997021160282
NW300_11000m,2022-03-01 00:29:00.000000000,-7.570288211789855,48.18875177037913,11000.0,22631.70090992698,214.41324,0.1401711421195472,0.23971796836550116,1.0,0.0,0.0,13.800056993696558
NW300_11000m,2022-03-01 00:30:00.000000000,-7.4768269238674145,48.296121649584855,11000.0,22631.70090992698,214.37653,0.13628972484918217,0.23313720297039683,1.0,0.0,0.0,13.800004459888097
NW300_11000m,2022-03-01 00:31:00.000000000,-7.3823838532286254,48.40318673067621,11000.0,22631.70090992698,214.37027,0.13323731098037567,0.22792490931506107,1.0,0.0,0.0,13.799957317794943
NW300_11000m,2022-03-01 00:32:00.000000000,-7.286924476534726,48.50993160004795,11000.0,22631.70090992698,214.31798,0.1311193154778383,0.22437978096021519,1.0,0.0,0.0,13.799916002343144
NW300_11000m,2022-03-01 00:33:00.000000000,-7.190414116305575,48.61634040787918,11000.0,22631.70090992698,214.27188,0.13118676278015037,0.22456362632684865,1.0,0.0,0.0,13.800039992164178
NW300_11000m,2022-03-01 00:34:00.000000000,-7.092794628021714,48.722389156480915,11000.0,22631.70090992698,214.20691,0.13194405089198194,0.22595761623500388,1.0,0.0,0.0,13.80003247679333
NW300_11000m,2022-03-01 00:35:00.000000000,-6.9940492309502105,48.828066781329696,11000.0,22631.70090992698,214.14207,0.132419899858254,0.22686951416937998,1.0,0.0,0.0,13.79999369432162
NW300_11000m,2022-03-01 00:36:00.000000000,-6.894148187718829,48.933357730861054,11000.0,22631.70090992698,214.07425,0.13275693578503556,0.22754899356961436,1.0,0.0,0.0,13.799960458918342
NW300_11000m,2022-03-01 00:37:00.000000000,-6.793056748530032,49.03824435149423,11000.0,22631.70090992698,213.98804,0.13326032714262762,0.22854191945794244,1.0,0.0,0.0,13.799932926873588
NW300_11000m,2022-03-01 00:38:00.000000000,-6.690740214297752,49.14270850830435,11000.0,22631.70090992698,213.9354,0.13462892865887602,0.23096930118593934,1.0,0.0,0.0,13.799937843262066
NW300_11000m,2022-03-01 00:39:00.000000000,-6.587159882549535,49.24673011887382,11000.0,22631.70090992698,213.8615,0.13587024481878518,0.2332118343865192,1.0,0.0,0.0,13.800045566477195
NW300_11000m,2022-03-01 00:40:00.000000000,-6.482265790411605,49.35028438329414,11000.0,22631.70090992698,213.85217,0.13573474736800428,0.23299307591171198,1.0,0.0,0.0,13.800016892595394
NW300_11000m,2022-03-01 00:41:00.000000000,-6.376044035673477,49.453358808776436,11000.0,22631.70090992698,213.84164,0.13581712609862043,0.23315174426138055,1.0,0.0,0.0,13.799992912057345
NW300_11000m,2022-03-01 00:42:00.000000000,-6.26846086043589,49.555933366915674,11000.0,22631.70090992698,213.84906,0.13484840738838674,0.23147687378829337,1.0,0.0,0.0,13.799973513084367
NW300_11000m,2022-03-01 00:43:00.000000000,-6.159482864941991,49.65798754696593,11000.0,22631.70090992698,213.91052,0.13322801979451618,0.22860271479868066,1.0,0.0,0.0,13.799958516810614
NW300_11000m,2022-03-01 00:44:00.000000000,-6.04907708253976,49.75950036261681,11000.0,22631.70090992698,213.9715,0.13176462662257868,0.22600114240597108,1.0,0.0,0.0,13.799947680043546
NW300_11000m,2022-03-01 00:45:00.000000000,-5.937211058883334,49.86045036176974,11000.0,22631.70090992698,214.02773,0.13049907477775255,0.22374761555584652,1.0,0.0,0.0,13.799940699320981
NW300_11000m,2022-03-01 00:46:00.000000000,-5.82385293518865,49.96081563953219,11000.0,22631.70090992698,214.0808,0.12939288722224854,0.22177318313573735,1.0,0.0,0.0,13.79993721622439
NW300_11000m,2022-03-01 00:47:00.000000000,-5.7089715353039985,50.06057385464187,11000.0,22631.70090992698,214.11374,0.12821309232876968,0.21970367192503618,1.0,0.0,0.0,13.799936823868425
NW300_11000m,2022-03-01 00:48:00.000000000,-5.592536456298742,50.159702249523704,11000.0,22631.70090992698,214.12004,0.1271908709287133,0.21794301248279807,1.0,0.0,0.0,13.799986172738022
NW300_11000m,2022-03-01 00:49:00.000000000,-5.474510677882145,50.25817453206421,11000.0,22631.70090992698,214.10945,0.12627208804327766,0.21638320717727982,1.0,0.0,0.0,13.799994508596447
NW300_11000m,2022-03-01 00:50:00.000000000,-5.354871748093859,50.35596963274947,11000.0,22631.70090992698,214.09816,0.124393915276242,0.21318140806295757,1.0,0.0,0.0,13.799983976704626
NW300_11000m,2022-03-01 00:51:00.000000000,-5.233595261598681,50.4530650192097,11000.0,22631.70090992698,214.05115,0.1235288849501298,0.2117642573704527,1.0,0.0,0.0,13.799975121025685
NW300_11000m,2022-03-01 00:52:00.000000000,-5.110654935153547,50.54943661286862,11000.0,22631.70090992698,213.99913,0.12282042776812252,0.2106220383494108,1.0,0.0,0.0,13.79996757261231
NW300_11000m,2022-03-01 00:53:00.000000000,-4.986025736245966,50.64506007770398,11000.0,22631.70090992698,213.93625,0.12299650364625914,0.21101095860656716,1.0,0.0,0.0,13.799960967134778
NW300_11000m,2022-03-01 00:54:00.000000000,-4.859683984490885,50.73991086473504,11000.0,22631.70090992698,213.85329,0.12451907383294196,0.2137396226090714,1.0,0.0,0.0,13.799954954124146
NW300_11000m,2022-03-01 00:55:00.000000000,-4.731607452826864,50.83396426092873,11000.0,22631.70090992698,213.78065,0.12578902121623334,0.21602254081414748,1.0,0.0,0.0,13.79994920606064
NW300_11000m,2022-03-01 00:56:00.000000000,-4.601775467741191,50.927195442506765,11000.0,22631.70090992698,213.69817,0.12744037145534223,0.21897720653946867,1.0,0.0,0.0,13.799943427029241
NW300_11000m,2022-03-01 00:57:00.000000000,-4.470169007705538,51.01957953258822,11000.0,22631.70090992698,213.61172,0.12914343955675772,0.22202900753816798,1.0,0.0,0.0,13.799937360774864
NW300_11000m,2022-03-01 00:58:00.000000000,-4.33677079896325,51.111091663052186,11000.0,22631.70090992698,213.58789,0.12978421779100555,0.22316614888111128,1.0,0.0,0.0,13.799930797895813
NW300_11000m,2022-03-01 00:59:00.000000000,-4.201565407776938,51.20170704045092,11000.0,22631.70090992698,213.55339,0.13097976603984177,0.2252719653493077,1.0,0.0,0.0,13.799923581988907
NW300_11000m,2022-03-01 01:00:00.000000000,-4.064539328223156,51.29140101574788,11000.0,22631.70090992698,213.56989,0.13215527031913205,0.22726968089000674,1.0,0.0,0.0,13.799971960084983
NW300_11000m,2022-03-01 01:01:00.000000000,-3.925672691250378,51.38014474820795,11000.0,22631.70090992698,213.62201,0.13281455569945122,0.2283255126369625,1.0,0.0,0.0,13.799989993696935
NW300_11000m,2022-03-01 01:02:00.000000000,-3.7849597100371453,51.467915781071916,11000.0,22631.70090992698,213.64484,0.13375109916089345,0.22990113394700493,1.0,0.0,0.0,13.799982334639
NW300_11000m,2022-03-01 01:03:00.000000000,-3.642396329501675,51.554691941817346,11000.0,22631.70090992698,213.70998,0.13453586737400366,0.23115133255223885,1.0,0.0,0.0,13.799972226780293
NW300_11000m,2022-03-01 01:04:00.000000000,-3.497977620820567,51.640449919342565,11000.0,22631.70090992698,213.75014,0.13524945470318972,0.23231642215763806,1.0,0.0,0.0,13.799959803839897
NW300_11000m,2022-03-01 01:05:00.000000000,-3.3517009350285445,51.72516694972693,11000.0,22631.70090992698,213.78764,0.13599603225483142,0.23354140577192273,1.0,0.0,0.0,13.799945275324054
NW300_11000m,2022-03-01 01:06:00.000000000,-3.203565944136362,51.80882090126587,11000.0,22631.70090992698,213.89465,0.1351824114937217,0.23198086411367308,1.0,0.0,0.0,13.799928921829492
NW300_11000m,2022-03-01 01:07:00.000000000,-3.053574671729448,51.89139036009824,11000.0,22631.70090992698,214.04094,0.13313606420768226,0.2282485759819511,1.0,0.0,0.0,13.799911088530228
NW300_11000m,2022-03-01 01:08:00.000000000,-2.901731512451368,51.9728547157803,11000.0,22631.70090992698,214.16315,0.1313500717807882,0.22500509000606533,1.0,0.0,0.0,13.799892177004786
NW300_11000m,2022-03-01 01:09:00.000000000,-2.748043239880722,52.05319424613203,11000.0,22631.70090992698,214.29326,0.12951262486764942,0.22166703589118,1.0,0.0,0.0,13.799872635548102
NW300_11000m,2022-03-01 01:10:00.000000000,-2.592519002426449,52.13239020066219,11000.0,22631.70090992698,214.41035,0.12836661681126404,0.2195343063781807,1.0,0.0,0.0,13.799918196999815
NW300_11000m,2022-03-01 01:11:00.000000000,-2.435161734620993,52.210419305589014,11000.0,22631.70090992698,214.50047,0.12738509892243338,0.21772529088332349,1.0,0.0,0.0,13.80001727346871
NW300_11000m,2022-03-01 01:12:00.000000000,-2.2759778928155523,52.28725973598111,11000.0,22631.70090992698,214.57228,0.12651082517222606,0.21612737949397268,1.0,0.0,0.0,13.799984330624138
NW300_11000m,2022-03-01 01:13:00.000000000,-2.1149993340076914,52.36290611830523,11000.0,22631.70090992698,214.60686,0.1256489208799379,0.21460548985954433,1.0,0.0,0.0,13.799951373987865
NW300_11000m,2022-03-01 01:14:00.000000000,-1.9522445899607144,52.43734445248597,11000.0,22631.70090992698,214.62968,0.12486474287121789,0.2132339178775807,1.0,0.0,0.0,13.799919043727886
NW300_11000m,2022-03-01 01:15:00.000000000,-1.7877343600936229,52.51056208865982,11000.0,22631.70090992698,214.6275,0.12443185454554677,0.21249791491624298,1.0,0.0,0.0,13.799887962880513
NW300_11000m,2022-03-01 01:16:00.000000000,-1.6214914334946287,52.58254778697197,11000.0,22631.70090992698,214.58308,0.12436837603687896,0.2124523393328451,1.0,0.0,0.0,13.799858723777916
NW300_11000m,2022-03-01 01:17:00.000000000,-1.4535406002124682,52.65329177133451,11000.0,22631.70090992698,214.53134,0.12442971340788267,0.21262988792294688,1.0,0.0,0.0,13.799932400360657
NW300_11000m,2022-03-01 01:18:00.000000000,-1.2838968509394306,52.722776879952,11000.0,22631.70090992698,214.49153,0.12457643884280613,0.2129377796349324,1.0,0.0,0.0,13.800022895727567
NW300_11000m,2022-03-01 01:19:00.000000000,-1.112586568735346,52.79099418551142,11000.0,22631.70090992698,214.41591,0.1250687255856432,0.21388688876170747,1.0,0.0,0.0,13.799979744380856
NW300_11000m,2022-03-01 01:20:00.000000000,-0.939654493106282,52.85794941390775,11000.0,22631.70090992698,214.33363,0.12581198344933878,0.21527513445615007,1.0,0.0,0.0,13.79993980822863
NW300_11000m,2022-03-01 01:21:00.000000000,-0.7651324704414992,52.92363915934596,11000.0,22631.70090992698,214.26482,0.1263707629952983,0.21632995157755508,1.0,0.0,0.0,13.799903543039914
NW300_11000m,2022-03-01 01:22:00.000000000,-0.58905376130441,52.98806164521917,11000.0,22631.70090992698,214.18573,0.1266930429783257,0.21699542075535408,1.0,0.0,0.0,13.799871319328068
NW300_11000m,2022-03-01 01:23:00.000000000,-0.4114529056363683,53.05121673352388,11000.0,22631.70090992698,214.08908,0.12900925717863176,0.22110381506536766,1.0,0.0,0.0,13.799883487855835
NW300_11000m,2022-03-01 01:24:00.000000000,-0.23236145040008688,53.113102325162444,11000.0,22631.70090992698,213.97949,0.13211996704184414,0.2265988937746581,1.0,0.0,0.0,13.800041638811695
NW300_11000m,2022-03-01 01:25:00.000000000,-0.05180178075359701,53.17370859885779,11000.0,22631.70090992698,213.87129,0.1339817434561328,0.22995547159538984,1.0,0.0,0.0,13.799997826361663
NW300_11000m,2022-03-01 01:26:00.000000000,0.1301688372749128,53.23305718245863,11000.0,22631.70090992698,213.72063,0.14045056926762023,0.24129627459851585,1.0,0.0,0.0,13.79995906677288
NW300_11000m,2022-03-01 01:27:00.000000000,0.31351209182943873,53.29115454024764,11000.0,22631.70090992698,213.55096,0.14911584046537657,0.25646875326111174,1.0,0.0,0.0,13.799925437345752
NW300_11000m,2022-03-01 01:28:00.000000000,0.4981891081365398,53.348008707064906,11000.0,22631.70090992698,213.38042,0.15724816305565364,0.2707572411113094,1.0,0.0,0.0,13.799896927149362
NW300_11000m,2022-03-01 01:29:00.000000000,0.6841605865459447,53.40362925472488,11000.0,22631.70090992698,213.19873,0.169994465686212,0.2930493677525899,1.0,0.0,0.0,13.799873443428513
NW300_11000m,2022-03-01 01:30:00.000000000,0.8713869372082249,53.458027252752736,11000.0,22631.70090992698,213.02896,0.18342240391024262,0.31654588923888466,1.0,0.0,0.0,13.800003277034353
NW300_11000m,2022-03-01 01:31:00.000000000,1.059841386059982,53.51120202304285,11000.0,22631.70090992698,212.86876,0.1986965469926074,0.3432609096019794,1.0,0.0,0.0,13.800022995807959
NW300_11000m,2022-03-01 01:32:00.000000000,1.2494744497163712,53.56317674160802,11000.0,22631.70090992698,212.70782,0.2153764970929262,0.37246228649101903,1.0,0.0,0.0,13.799990701417501
NW300_11000m,2022-03-01 01:33:00.000000000,1.4402417277776687,53.61397145077638,11000.0,22631.70090992698,212.5923,0.23315145752331579,0.40350118240377447,1.0,0.0,0.0,13.799963553889912
NW300_11000m,2022-03-01 01:34:00.000000000,1.6321037411299624,53.66360278336795,11000.0,22631.70090992698,212.46664,0.25172331838012735,0.4359935916482964,1.0,0.0,0.0,13.79994125028068
NW300_11000m,2022-03-01 01:35:00.000000000,1.825021324003966,53.71208859964829,11000.0,22631.70090992698,212.31824,0.27129692834919833,0.47034102164737424,1.0,0.0,0.0,13.799923448384668
NW300_11000m,2022-03-01 01:36:00.000000000,2.018955721933458,53.75944792559232,11000.0,22631.70090992698,212.14966,0.29377042512750373,0.5098501591593423,1.0,0.0,0.0,13.79990977671296
NW300_11000m,2022-03-01 01:37:00.000000000,2.2138686820629156,53.80570088956387,11000.0,22631.70090992698,211.99852,0.31682321494525667,0.5503891209763517,1.0,0.0,0.0,13.799948984012369
NW300_11000m,2022-03-01 01:38:00.000000000,2.4097261233968394,53.85086443783775,11000.0,22631.70090992698,211.837,0.34146667938057107,0.593806330309393,1.0,0.0,0.0,13.800036187046471
NW300_11000m,2022-03-01 01:39:00.000000000,2.6064941186617454,53.894956781536706,11000.0,22631.70090992698,211.66983,0.36804336798147025,0.6407000589224172,1.0,0.0,0.0,13.800015078206986
NW300_11000m,2022-03-01 01:40:00.000000000,2.8041285449179454,53.93801009691704,11000.0,22631.70090992698,211.51875,0.3934431413875746,0.6855677874768356,1.0,0.0,0.0,13.799997820944922
NW300_11000m,2022-03-01 01:41:00.000000000,3.0025939610012564,53.980048284180945,11000.0,22631.70090992698,211.38306,0.4157296207066425,0.7250214384069679,1.0,0.0,0.0,13.79998401562078
NW300_11000m,2022-03-01 01:42:00.000000000,3.2018557630111504,54.02109601742057,11000.0,22631.70090992698,211.23314,0.43817268788135016,0.7648783030348829,1.0,0.0,0.0,13.799973270276453
NW300_11000m,2022-03-01 01:43:00.000000000,3.4018802267900927,54.06117868295929,11000.0,22631.70090992698,211.09323,0.4572452221079223,0.7988689522259518,1.0,0.0,0.0,13.799965206082186
NW300_11000m,2022-03-01 01:44:00.000000000,3.602634543121369,54.10032231942916,11000.0,22631.70090992698,210.95752,0.47283755397095995,0.8268111465439656,1.0,0.0,0.0,13.799959461841203
NW300_11000m,2022-03-01 01:45:00.000000000,3.804086845940391,54.13855355989434,11000.0,22631.70090992698,210.80258,0.4891228765346611,0.8561127531177245,1.0,0.0,0.0,13.799955697547006
NW300_11000m,2022-03-01 01:46:00.000000000,4.006206233889081,54.175899576289325,11000.0,22631.70090992698,210.62047,0.5077657056598822,0.8897486548607807,1.0,0.0,0.0,13.799953597046356
NW300_11000m,2022-03-01 01:47:00.000000000,4.2089627855703755,54.212388026400205,11000.0,22631.70090992698,210.4309,0.5220773709115455,0.9159010070221949,1.0,0.0,0.0,13.799952869863993
NW300_11000m,2022-03-01 01:48:00.000000000,4.412327568879176,54.24804700357823,11000.0,22631.70090992698,210.23253,0.5314752796012289,0.9335283430095355,1.0,0.0,0.0,13.800006698355082
NW300_11000m,2022-03-01 01:49:00.000000000,4.616275463747703,54.28290105533668,11000.0,22631.70090992698,210.03004,0.5352272100862052,0.9412880200890215,1.0,0.0,0.0,13.80002186330937
NW300_11000m,2022-03-01 01:50:00.000000000,4.8207773188467336,54.31698200019649,11000.0,22631.70090992698,209.82918,0.5331067941776114,0.9387133144451533,1.0,0.0,0.0,13.800015437867602
NW300_11000m,2022-03-01 01:51:00.000000000,5.025806007656997,54.35032061443085,11000.0,22631.70090992698,209.6287,0.5256917199684433,0.9267894436388128,1.0,0.0,0.0,13.800010375711302
NW300_11000m,2022-03-01 01:52:00.000000000,5.231336597381306,54.38294625060993,11000.0,22631.70090992698,209.43443,0.5193240494461169,0.9166451370149163,1.0,0.0,0.0,13.80000645900439
NW300_11000m,2022-03-01 01:53:00.000000000,5.4373451133414585,54.414888488970746,11000.0,22631.70090992698,209.26048,0.5138765891587447,0.9079864437055506,1.0,0.0,0.0,13.80000349351675
NW300_11000m,2022-03-01 01:54:00.000000000,5.6438085208209365,54.446177106025864,11000.0,22631.70090992698,209.11183,0.5133690738211871,0.9079087200957101,1.0,0.0,0.0,13.800001307532371
NW300_11000m,2022-03-01 01:55:00.000000000,5.850704703709083,54.47684204628585,11000.0,22631.70090992698,208.97964,0.5178324415641677,0.9165337510255552,1.0,0.0,0.0,13.799999750511848
NW300_11000m,2022-03-01 01:56:00.000000000,6.0580124402773405,54.50691339704715,11000.0,22631.70090992698,208.86949,0.5250522428089581,0.9299300411063066,1.0,0.0,0.0,13.799998691594203
NW300_11000m,2022-03-01 01:57:00.000000000,6.2657113763975225,54.53642136617987,11000.0,22631.70090992698,208.80461,0.5308413090027588,0.9405480992563781,1.0,0.0,0.0,13.79999801798738
NW300_11000m,2022-03-01 01:58:00.000000000,6.473781996489749,54.56539626283452,11000.0,22631.70090992698,208.78874,0.5359640677835366,0.9497162135666941,1.0,0.0,0.0,13.799997633300183
NW300_11000m,2022-03-01 01:59:00.000000000,6.682205592464387,54.59386848097386,11000.0,22631.70090992698,208.8598,0.5314954043153475,0.941393499616538,1.0,0.0,0.0,13.799997455870388
NW300_11000m,2022-03-01 02:00:00.000000000,6.890964230898576,54.621868485625136,11000.0,22631.70090992698,208.95154,0.5252013770925161,0.9297341536124119,1.0,0.0,0.0,13.799997417102448
NW300_11000m,2022-03-01 02:01:00.000000000,7.100040718663574,54.64942680173841,11000.0,22631.70090992698,209.11212,0.5111611616589055,0.9040008147889488,1.0,0.0,0.0,13.799997459866288
NW300_11000m,2022-03-01 02:02:00.000000000,7.309418567195235,54.67657400552972,11000.0,22631.70090992698,209.3227,0.49105529282649224,0.8673358204668341,1.0,0.0,0.0,13.79999753696068
NW300_11000m,2022-03-01 02:03:00.000000000,7.519081955575954,54.703340718181515,11000.0,22631.70090992698,209.52415,0.4719485459348505,0.8325698842913589,1.0,0.0,0.0,13.799997609654802
NW300_11000m,2022-03-01 02:04:00.000000000,7.729015692573221,54.729757601767766,11000.0,22631.70090992698,209.6992,0.4495048738804036,0.7921336939123278,1.0,0.0,0.0,13.79999764632453
NW300_11000m,2022-03-01 02:05:00.000000000,7.939205177757295,54.75585535726813,11000.0,22631.70090992698,209.85243,0.42871939807299997,0.7547959503468904,1.0,0.0,0.0,13.799997621163726
NW300_11000m,2022-03-01 02:06:00.000000000,8.149636361798798,54.781664724531794,11000.0,22631.70090992698,209.92845,0.4123990480153909,0.7257263987100776,1.0,0.0,0.0,13.799997512987824
NW300_11000m,2022-03-01 02:07:00.000000000,8.360295706026216,54.80721648405044,11000.0,22631.70090992698,209.98798,0.3980347123974689,0.7001924530596573,1.0,0.0,0.0,13.799997304104322
NW300_11000m,2022-03-01 02:08:00.000000000,8.571170141303805,54.832541460397415,11000.0,22631.70090992698,210.0258,0.38814015386105977,0.6826272219177938,1.0,0.0,0.0,13.799996979248867
NW300_11000m,2022-03-01 02:09:00.000000000,8.782247026271694,54.85767052718934,11000.0,22631.70090992698,210.0159,0.38538615146861915,0.6778238306356961,1.0,0.0,0.0,13.799996524571583
NW300_11000m,2022-03-01 02:10:00.000000000,8.993514104972913,54.882634613425424,11000.0,22631.70090992698,210.02127,0.3840739690208767,0.6754947096746818,1.0,0.0,0.0,13.799995926658175
NW300_11000m,2022-03-01 02:11:00.000000000,9.204959463875928,54.907464711058445,11000.0,22631.70090992698,210.02666,0.3876137995429637,0.6817004267889699,1.0,0.0,0.0,13.799995171578816
NW300_11000m,2022-03-01 02:12:00.000000000,9.416571488286719,54.932191883650866,11000.0,22631.70090992698,210.04286,0.3904155532240183,0.6865573709867993,1.0,0.0,0.0,13.79999424395057
NW300_11000m,2022-03-01 02:13:00.000000000,9.628338818131109,54.95684727596788,11000.0,22631.70090992698,210.07382,0.3943187374215206,0.6932903164210472,1.0,0.0,0.0,13.79999312600722
NW300_11000m,2022-03-01 02:14:00.000000000,9.84025030307615,54.98146212435819,11000.0,22631.70090992698,210.10689,0.39801379623434063,0.6996458026966305,1.0,0.0,0.0,10.397373788442348
NW300_11000m,2022-03-01 02:14:45.206365775,10.0,55.0,11000.0,22631.70090992698,210.12622,0.39957575347511415,0.7023062417396032,1.0,0.0,0.0,0.0
SE300_11500m,2022-03-01 00:00:00.000000000,-10.0,45.0,11500.0,20915.835847374416,214.59476,0.20416863802870372,0.3487439229815942,1.0,0.0,0.0,13.800094134728138
SE300_11500m,2022-03-01 00:01:00.000000000,-9.82677314551648,45.020102312266246,11500.0,20915.835847374416,214.37907,0.21046212815190657,0.3600104118960173,1.0,0.0,0.0,13.799926232969433
SE300_11500m,2022-03-01 00:02:00.000000000,-9.653493047682074,45.040228107365934,11500.0,20915.835847374416,214.18895,0.21438074827996395,0.3671761338924832,1.0,0.0,0.0,13.80006412640431
SE300_11500m,2022-03-01 00:03:00.000000000,-9.480160146294885,45.06039685889146,11500.0,20915.835847374416,214.01695,0.2169003691433125,0.37191352435374414,1.0,0.0,0.0,13.799949396057052
SE300_11500m,2022-03-01 00:04:00.000000000,-9.306780987365798,45.08062343098062,11500.0,20915.835847374416,213.85857,0.22204624466107448,0.3811348694023966,1.0,0.0,0.0,13.800036400280172
SE300_11500m,2022-03-01 00:05:00.000000000,-9.133357536343832,45.100928229881646,11500.0,20915.835847374416,213.7206,0.22846737137599712,0.39251083180280616,1.0,0.0,0.0,13.799970465845753
SE300_11500m,2022-03-01 00:06:00.000000000,-8.959895043350746,45.12132615054455,11500.0,20915.835847374416,213.59808,0.23512786974421834,0.4042784799682757,1.0,0.0,0.0,13.800011574128176
SE300_11500m,2022-03-01 00:07:00.000000000,-8.786396617102591,45.14183721008832,11500.0,20915.835847374416,213.5043,0.24046880809306642,0.4137157593028406,1.0,0.0,0.0,13.799989004643274
SE300_11500m,2022-03-01 00:08:00.000000000,-8.612866681746247,45.1624775774794,11500.0,20915.835847374416,213.38625,0.24804542945395916,0.4270796836849141,1.0,0.0,0.0,13.799990303053198
SE300_11500m,2022-03-01 00:09:00.000000000,-8.43930914204852,45.18326585702831,11500.0,20915.835847374416,213.25403,0.2571876900921309,0.44320123664000527,1.0,0.0,0.0,13.800004453642119
SE300_11500m,2022-03-01 00:10:00.000000000,-8.265728028291267,45.204220394649916,11500.0,20915.835847374416,213.11612,0.26744299285273315,0.4612857169947542,1.0,0.0,0.0,13.799973276277651
SE300_11500m,2022-03-01 00:11:00.000000000,-8.092127743009154,45.225357737589825,11500.0,20915.835847374416,212.92253,0.2737224590612286,0.4727092793795315,1.0,0.0,0.0,13.80001609812327
SE300_11500m,2022-03-01 00:12:00.000000000,-7.918512302301303,45.246698889185694,11500.0,20915.835847374416,212.71446,0.27962347622378225,0.48354739102053895,1.0,0.0,0.0,13.799961210383644
SE300_11500m,2022-03-01 00:13:00.000000000,-7.744886374321683,45.26825815561343,11500.0,20915.835847374416,212.49832,0.2848137215411702,0.49320700558840413,1.0,0.0,0.0,13.800023031932854
SE300_11500m,2022-03-01 00:14:00.000000000,-7.571254269640878,45.29005917412404,11500.0,20915.835847374416,212.28967,0.28909544583066554,0.5012897579720761,1.0,0.0,0.0,13.799954840686857
SE300_11500m,2022-03-01 00:15:00.000000000,-7.39762077768436,45.31211436586251,11500.0,20915.835847374416,212.10887,0.29436678500065067,0.5110184605475561,1.0,0.0,0.0,13.800024122652882
SE300_11500m,2022-03-01 00:16:00.000000000,-7.223990717483402,45.33444939421557,11500.0,20915.835847374416,211.9543,0.2999703681646283,0.5212566782086409,1.0,0.0,0.0,13.799954913092922
SE300_11500m,2022-03-01 00:17:00.000000000,-7.050368970350339,45.35707576947712,11500.0,20915.835847374416,211.8404,0.3053517505451579,0.5309919251652313,1.0,0.0,0.0,13.800017979313308
SE300_11500m,2022-03-01 00:18:00.000000000,-6.8767609533737,45.38001991078584,11500.0,20915.835847374416,211.74573,0.31135292732882874,0.5417520197370042,1.0,0.0,0.0,13.79996217944607
SE300_11500m,2022-03-01 00:19:00.000000000,-6.703171759000644,45.403294085518105,11500.0,20915.835847374416,211.68286,0.31653061446653225,0.5509790667097385,1.0,0.0,0.0,13.800002924939896
SE300_11500m,2022-03-01 00:20:00.000000000,-6.529607330733617,45.4269234600332,11500.0,20915.835847374416,211.68594,0.31880177846417224,0.5549212356859756,1.0,0.0,0.0,13.799977400027213
SE300_11500m,2022-03-01 00:21:00.000000000,-6.356073281178247,45.45092349266045,11500.0,20915.835847374416,211.65465,0.32324889531589435,0.5627735485850823,1.0,0.0,0.0,13.799976976694683
SE300_11500m,2022-03-01 00:22:00.000000000,-6.182575802425939,45.47531527857575,11500.0,20915.835847374416,211.63196,0.3272506201162992,0.5698219868522704,1.0,0.0,0.0,13.80000135742657
SE300_11500m,2022-03-01 00:23:00.000000000,-6.009121575546882,45.50012073450057,11500.0,20915.835847374416,211.65718,0.32854306751575585,0.5719809684248738,1.0,0.0,0.0,13.799937836800767
SE300_11500m,2022-03-01 00:24:00.000000000,-5.835716503291978,45.52535318945164,11500.0,20915.835847374416,211.63618,0.33299374273669863,0.5798069137365978,1.0,0.0,0.0,13.800034886480036
SE300_11500m,2022-03-01 00:25:00.000000000,-5.66236918142966,45.55104518131588,11500.0,20915.835847374416,211.55621,0.3414190891219321,0.5947769631744113,1.0,0.0,0.0,13.799882897819977
SE300_11500m,2022-03-01 00:26:00.000000000,-5.4890843616775,45.57719764114769,11500.0,20915.835847374416,211.43533,0.3524683367775135,0.6144918572546569,1.0,0.0,0.0,13.800078925227597
SE300_11500m,2022-03-01 00:27:00.000000000,-5.315873767057676,45.60385884048128,11500.0,20915.835847374416,211.30438,0.3614756239552981,0.630713635138138,1.0,0.0,0.0,13.799895331719693
SE300_11500m,2022-03-01 00:28:00.000000000,-5.142740958190315,45.63101906749871,11500.0,20915.835847374416,211.1538,0.3708525170028191,0.6476860252027257,1.0,0.0,0.0,13.800042997183724
SE300_11500m,2022-03-01 00:29:00.000000000,-4.969698784690018,45.65872630713557,11500.0,20915.835847374416,210.99911,0.380325271695652,0.664871910705731,1.0,0.0,0.0,13.79995376906427
SE300_11500m,2022-03-01 00:30:00.000000000,-4.796753035135437,45.686982292725965,11500.0,20915.835847374416,210.86877,0.3877625361762059,0.6784226715078273,1.0,0.0,0.0,13.79994640707958
SE300_11500m,2022-03-01 00:31:00.000000000,-4.62391414922983,45.715814646139805,11500.0,20915.835847374416,210.7489,0.3938551494606265,0.689597537577682,1.0,0.0,0.0,13.800024331011977
SE300_11500m,2022-03-01 00:32:00.000000000,-4.451193742234391,45.745252944513936,11500.0,20915.835847374416,210.66035,0.3967659397812388,0.6950733652717428,1.0,0.0,0.0,13.799861221627559
SE300_11500m,2022-03-01 00:33:00.000000000,-4.278597720124355,45.7752968403454,11500.0,20915.835847374416,210.63449,0.39161031564809934,0.6861508641050537,1.0,0.0,0.0,13.80006694420363
SE300_11500m,2022-03-01 00:34:00.000000000,-4.106144189519029,45.80600166742369,11500.0,20915.835847374416,210.62679,0.3852462907699312,0.6750329072940651,1.0,0.0,0.0,13.799946514579084
SE300_11500m,2022-03-01 00:35:00.000000000,-3.933838418631062,45.83736022309001,11500.0,20915.835847374416,210.63905,0.3773272216961877,0.6611090460310258,1.0,0.0,0.0,13.799906219436503
SE300_11500m,2022-03-01 00:36:00.000000000,-3.761693739870713,45.869400913677815,11500.0,20915.835847374416,210.67746,0.36728902750730213,0.6433665541557181,1.0,0.0,0.0,13.800046362148791
SE300_11500m,2022-03-01 00:37:00.000000000,-3.589727394380668,45.902163759954746,11500.0,20915.835847374416,210.74786,0.3571158227411862,0.6252717534864335,1.0,0.0,0.0,13.79990159519073
SE300_11500m,2022-03-01 00:38:00.000000000,-3.4179459331993733,45.93564398438238,11500.0,20915.835847374416,210.82693,0.34765875603540325,0.6084167532057935,1.0,0.0,0.0,13.799951610140711
SE300_11500m,2022-03-01 00:39:00.000000000,-3.2463679783044506,45.969882009108844,11500.0,20915.835847374416,210.9153,0.3390230023136406,0.5929779334245467,1.0,0.0,0.0,13.800016454766586
SE300_11500m,2022-03-01 00:40:00.000000000,-3.0750092030632996,46.00490281842201,11500.0,20915.835847374416,210.98392,0.33410027690209015,0.5841185557184837,1.0,0.0,0.0,13.799887962750566
SE300_11500m,2022-03-01 00:41:00.000000000,-2.9038794260795666,46.04070956941587,11500.0,20915.835847374416,211.01726,0.33247786952101865,0.5811596824270145,1.0,0.0,0.0,13.7999431200479
SE300_11500m,2022-03-01 00:42:00.000000000,-2.7329999161484397,46.07734237419714,11500.0,20915.835847374416,211.00185,0.3344225899523748,0.584616657466276,1.0,0.0,0.0,13.8000176981792
SE300_11500m,2022-03-01 00:43:00.000000000,-2.5623889010204874,46.11482693761682,11500.0,20915.835847374416,210.9179,0.34020752313958114,0.595038681770856,1.0,0.0,0.0,13.799902792677946
SE300_11500m,2022-03-01 00:44:00.000000000,-2.3920578866329727,46.153166540114505,11500.0,20915.835847374416,210.80449,0.34837545518304247,0.6097552859915668,1.0,0.0,0.0,13.799863442619047
SE300_11500m,2022-03-01 00:45:00.000000000,-2.2220272537879744,46.19239008113134,11500.0,20915.835847374416,210.66467,0.3583011307244986,0.6276722731033468,1.0,0.0,0.0,13.80004882341418
SE300_11500m,2022-03-01 00:46:00.000000000,-2.052325048221605,46.232544000304586,11500.0,20915.835847374416,210.57123,0.36512149685591155,0.6399925655951526,1.0,0.0,0.0,13.79994360740372
SE300_11500m,2022-03-01 00:47:00.000000000,-1.8829613111338395,46.2736216202186,11500.0,20915.835847374416,210.5247,0.36852762438552333,0.6461460547258682,1.0,0.0,0.0,13.799857276723737
SE300_11500m,2022-03-01 00:48:00.000000000,-1.7139569286239877,46.31564553938749,11500.0,20915.835847374416,210.5276,0.36853759972247596,0.6461535310042728,1.0,0.0,0.0,13.799926699414995
SE300_11500m,2022-03-01 00:49:00.000000000,-1.5453399082547812,46.358653409254885,11500.0,20915.835847374416,210.61026,0.36296870716157265,0.6360635776717835,1.0,0.0,0.0,13.800010460429153
SE300_11500m,2022-03-01 00:50:00.000000000,-1.3771346634374184,46.402669749677585,11500.0,20915.835847374416,210.70265,0.35720212057367406,0.6255980614358688,1.0,0.0,0.0,13.79992755559182
SE300_11500m,2022-03-01 00:51:00.000000000,-1.2093578204483888,46.447698643575244,11500.0,20915.835847374416,210.78465,0.35217090556482256,0.6164754297455226,1.0,0.0,0.0,13.799861678075068
SE300_11500m,2022-03-01 00:52:00.000000000,-1.0420339045596205,46.493761600745835,11500.0,20915.835847374416,210.78642,0.3517731589648078,0.6157705325669276,1.0,0.0,0.0,13.799843754600678
SE300_11500m,2022-03-01 00:53:00.000000000,-0.87519001054635,46.540883253661256,11500.0,20915.835847374416,210.67795,0.3580620568063918,0.6272031309459779,1.0,0.0,0.0,13.800024490007264
SE300_11500m,2022-03-01 00:54:00.000000000,-0.708863153120941,46.58910575155253,11500.0,20915.835847374416,210.53181,0.36689763464779424,0.6432596269337837,1.0,0.0,0.0,13.799955122539647
SE300_11500m,2022-03-01 00:55:00.000000000,-0.5430689015749426,46.63842341225433,11500.0,20915.835847374416,210.34279,0.37916496846470354,0.6655457344546251,1.0,0.0,0.0,13.799899903102178
SE300_11500m,2022-03-01 00:56:00.000000000,-0.377835309858292,46.688855624514794,11500.0,20915.835847374416,210.21346,0.3889826844770921,0.6833230208133103,1.0,0.0,0.0,13.799858207093365
SE300_11500m,2022-03-01 00:57:00.000000000,-0.2131912681963776,46.74042109286749,11500.0,20915.835847374416,210.11417,0.39791210298767,0.699433831055248,1.0,0.0,0.0,13.799829280159116
SE300_11500m,2022-03-01 00:58:00.000000000,-0.04916646701883233,46.79313775964325,11500.0,20915.835847374416,210.05817,0.40508963192197955,0.7122961368397666,1.0,0.0,0.0,13.79993856445495
SE300_11500m,2022-03-01 00:59:00.000000000,0.11420029927184533,46.84703722249979,11500.0,20915.835847374416,210.11253,0.40642152050729907,0.7144003352236143,1.0,0.0,0.0,13.79996955892223
SE300_11500m,2022-03-01 01:00:00.000000000,0.27688140908480113,46.902128257861705,11500.0,20915.835847374416,210.20706,0.4066674157115968,0.7144149984804152,1.0,0.0,0.0,13.799926959081223
SE300_11500m,2022-03-01 01:01:00.000000000,0.438849667981463,46.95841783547599,11500.0,20915.835847374416,210.32814,0.403074883921097,0.7075789719590554,1.0,0.0,0.0,13.799893852013716
SE300_11500m,2022-03-01 01:02:00.000000000,0.6000727740860768,47.01592001037581,11500.0,20915.835847374416,210.45255,0.4004629983758682,0.7024525407012406,1.0,0.0,0.0,13.799869363286506
SE300_11500m,2022-03-01 01:03:00.000000000,0.7605179269161277,47.07464769446773,11500.0,20915.835847374416,210.58032,0.39840186702162933,0.698285779038014,1.0,0.0,0.0,13.799852589362281
SE300_11500m,2022-03-01 01:04:00.000000000,0.9201519117168845,47.134612583081385,11500.0,20915.835847374416,210.73106,0.39053698945112086,0.6838612791952585,1.0,0.0,0.0,13.799842614878617
SE300_11500m,2022-03-01 01:05:00.000000000,1.0789411918936758,47.19582508470264,11500.0,20915.835847374416,210.87294,0.3836263664144268,0.6711682243663956,1.0,0.0,0.0,13.799838529243013
SE300_11500m,2022-03-01 01:06:00.000000000,1.2368520092383108,47.25829425467772,11500.0,20915.835847374416,211.00314,0.37862233078213575,0.6618764879395221,1.0,0.0,0.0,13.799876866546041
SE300_11500m,2022-03-01 01:07:00.000000000,1.3938473165821008,47.32203199426873,11500.0,20915.835847374416,211.12987,0.36712301037957384,0.6412685758542784,1.0,0.0,0.0,13.799942917448703
SE300_11500m,2022-03-01 01:08:00.000000000,1.5498901889753822,47.3870480343122,11500.0,20915.835847374416,211.23523,0.3570265775789586,0.623220934285389,1.0,0.0,0.0,13.799920178062731
SE300_11500m,2022-03-01 01:09:00.000000000,1.7049533463523827,47.45333813341837,11500.0,20915.835847374416,211.31277,0.34821838645154496,0.607550416540215,1.0,0.0,0.0,13.799901838099993
SE300_11500m,2022-03-01 01:10:00.000000000,1.8590033213463568,47.520905407626245,11500.0,20915.835847374416,211.37033,0.3396360827850253,0.5923630445868316,1.0,0.0,0.0,13.799887293527398
SE300_11500m,2022-03-01 01:11:00.000000000,2.012007016984171,47.5897513827345,11500.0,20915.835847374416,211.40929,0.33231768362049885,0.5794568780665441,1.0,0.0,0.0,13.799875987476957
SE300_11500m,2022-03-01 01:12:00.000000000,2.163931839703012,47.65987596660173,11500.0,20915.835847374416,211.32701,0.3318390777966797,0.5789196859753459,1.0,0.0,0.0,13.799867414257367
SE300_11500m,2022-03-01 01:13:00.000000000,2.314745834711466,47.731277430010806,11500.0,20915.835847374416,211.24675,0.3308470592813633,0.5774801848491332,1.0,0.0,0.0,13.79986112160491
SE300_11500m,2022-03-01 01:14:00.000000000,2.464417822502351,47.803952396494196,11500.0,20915.835847374416,211.14076,0.33096991781244306,0.5780778078823645,1.0,0.0,0.0,13.799856711263853
SE300_11500m,2022-03-01 01:15:00.000000000,2.612917535261573,47.8778958414121,11500.0,20915.835847374416,210.9998,0.332777646726514,0.5817468337868412,1.0,0.0,0.0,13.799853838060324
SE300_11500m,2022-03-01 01:16:00.000000000,2.7602157518746306,47.95310110046092,11500.0,20915.835847374416,210.84665,0.33546460515503757,0.5870043339973855,1.0,0.0,0.0,13.799852207655555
SE300_11500m,2022-03-01 01:17:00.000000000,2.9062844302118105,48.02955988766962,11500.0,20915.835847374416,210.72957,0.3360183260167538,0.5884014850755449,1.0,0.0,0.0,13.79985157322805
SE300_11500m,2022-03-01 01:18:00.000000000,3.0510968353758763,48.107262322817675,11500.0,20915.835847374416,210.59978,0.3375018440549041,0.5914744312417441,1.0,0.0,0.0,13.799851731309705
SE300_11500m,2022-03-01 01:19:00.000000000,3.194627662622798,48.186196968083735,11500.0,20915.835847374416,210.46992,0.3392178698938444,0.5949591083077899,1.0,0.0,0.0,13.799852517072448
SE300_11500m,2022-03-01 01:20:00.000000000,3.336853153716783,48.266350873611614,11500.0,20915.835847374416,210.39633,0.3387027551160397,0.5943265077625792,1.0,0.0,0.0,13.799853799274926
SE300_11500m,2022-03-01 01:21:00.000000000,3.477751205554692,48.34770963156201,11500.0,20915.835847374416,210.33829,0.3368080695163213,0.5912125398108066,1.0,0.0,0.0,13.799855475147337
SE300_11500m,2022-03-01 01:22:00.000000000,3.6173014699906596,48.43025743810834,11500.0,20915.835847374416,210.30692,0.3347264843065212,0.5876731726775163,1.0,0.0,0.0,13.799857465413126
SE300_11500m,2022-03-01 01:23:00.000000000,3.7554854439068923,48.51397716273454,11500.0,20915.835847374416,210.27293,0.3326853149340147,0.5842103662078062,1.0,0.0,0.0,13.799859709619728
SE300_11500m,2022-03-01 01:24:00.000000000,3.8922865487092255,48.59885042410441,11500.0,20915.835847374416,210.26135,0.3300720000860083,0.57966323382455,1.0,0.0,0.0,13.799862161928871
SE300_11500m,2022-03-01 01:25:00.000000000,4.02769019857205,48.684857671698204,11500.0,20915.835847374416,210.23592,0.3278915274595674,0.5759248843462215,1.0,0.0,0.0,13.799864787457832
SE300_11500m,2022-03-01 01:26:00.000000000,4.161683856914215,48.771978272353195,11500.0,20915.835847374416,210.2718,0.32696456963324994,0.5741678270586001,1.0,0.0,0.0,13.799867559220717
SE300_11500m,2022-03-01 01:27:00.000000000,4.294257080750812,48.86019060080305,11500.0,20915.835847374416,210.29855,0.32600432946664365,0.5723889419641875,1.0,0.0,0.0,13.799870455675817
SE300_11500m,2022-03-01 01:28:00.000000000,4.425401552732267,48.949472133285106,11500.0,20915.835847374416,210.32246,0.3252455243226293,0.5709716523148252,1.0,0.0,0.0,13.799873458858546
SE300_11500m,2022-03-01 01:29:00.000000000,4.555111100847396,49.03979954327658,11500.0,20915.835847374416,210.35312,0.32428290516927094,0.569173800444656,1.0,0.0,0.0,13.799876553023775
SE300_11500m,2022-03-01 01:30:00.000000000,4.683381705928327,49.13114879842825,11500.0,20915.835847374416,210.41382,0.32251262662066055,0.5658559557717263,1.0,0.0,0.0,13.799879723722647
SE300_11500m,2022-03-01 01:31:00.000000000,4.810211497247854,49.223495257787874,11500.0,20915.835847374416,210.4699,0.32045335425561167,0.5620491154464089,1.0,0.0,0.0,13.799919365692398
SE300_11500m,2022-03-01 01:32:00.000000000,4.935595630368147,49.31681712733022,11500.0,20915.835847374416,210.52097,0.3178765829113992,0.557351612253567,1.0,0.0,0.0,13.799931686641097
SE300_11500m,2022-03-01 01:33:00.000000000,5.059539182181292,49.41108685008411,11500.0,20915.835847374416,210.5891,0.3146223014567514,0.5514138219048361,1.0,0.0,0.0,13.79992864196009
SE300_11500m,2022-03-01 01:34:00.000000000,5.1820483281710095,49.50627734124213,11500.0,20915.835847374416,210.67906,0.31056420707812604,0.543997952215857,1.0,0.0,0.0,13.79992542723575
SE300_11500m,2022-03-01 01:35:00.000000000,5.30312950965722,49.60236246837148,11500.0,20915.835847374416,210.7562,0.3061269331814466,0.5359700774054468,1.0,0.0,0.0,13.79992202274425
SE300_11500m,2022-03-01 01:36:00.000000000,5.422791144289581,49.69931594765079,11500.0,20915.835847374416,210.82448,0.30229533433316186,0.5290370801186097,1.0,0.0,0.0,13.79991842157679
SE300_11500m,2022-03-01 01:37:00.000000000,5.5410435635958715,49.79711142708788,11500.0,20915.835847374416,210.8925,0.2992056221466003,0.5234073636232713,1.0,0.0,0.0,13.799914628106817
SE300_11500m,2022-03-01 01:38:00.000000000,5.657898943636392,49.89572256532756,11500.0,20915.835847374416,210.96014,0.29731201030185217,0.519877337075462,1.0,0.0,0.0,13.799910655943918
SE300_11500m,2022-03-01 01:39:00.000000000,5.773371229739555,49.99512310567344,11500.0,20915.835847374416,211.02,0.2955051428239055,0.5165249025819035,1.0,0.0,0.0,13.799906525438134
SE300_11500m,2022-03-01 01:40:00.000000000,5.887476056302651,50.09528694503158,11500.0,20915.835847374416,211.06398,0.29510319912373484,0.5156792136595145,1.0,0.0,0.0,13.799902260754607
SE300_11500m,2022-03-01 01:41:00.000000000,6.000230662635374,50.196188197564716,11500.0,20915.835847374416,211.0933,0.2950581600649514,0.5155066862481281,1.0,0.0,0.0,13.799897886625313
SE300_11500m,2022-03-01 01:42:00.000000000,6.111653805802777,50.29780125292324,11500.0,20915.835847374416,211.11533,0.2961054303694142,0.517264974896542,1.0,0.0,0.0,13.799893424849955
SE300_11500m,2022-03-01 01:43:00.000000000,6.221765671390703,50.400100828991334,11500.0,20915.835847374416,211.12941,0.2973034288915701,0.5193111488988479,1.0,0.0,0.0,13.799888890666624
SE300_11500m,2022-03-01 01:44:00.000000000,6.33058778307272,50.50306201915295,11500.0,20915.835847374416,211.1216,0.29896608532730573,0.5222426673720525,1.0,0.0,0.0,13.799907359911602
SE300_11500m,2022-03-01 01:45:00.000000000,6.438139536584802,50.60666199791502,11500.0,20915.835847374416,211.12364,0.30072762642604933,0.5253125300224987,1.0,0.0,0.0,13.799994328475329
SE300_11500m,2022-03-01 01:46:00.000000000,6.5444343580036,50.710881708493986,11500.0,20915.835847374416,211.1274,0.3021575120327788,0.5277968991199931,1.0,0.0,0.0,13.79997637468571
SE300_11500m,2022-03-01 01:47:00.000000000,6.649510802221569,50.815690794593735,11500.0,20915.835847374416,211.11732,0.303856834223366,0.5308006147055333,1.0,0.0,0.0,13.799958809701959
SE300_11500m,2022-03-01 01:48:00.000000000,6.753394948405539,50.92106618423236,11500.0,20915.835847374416,211.09818,0.30564881697121976,0.53399433202219,1.0,0.0,0.0,13.799941666587468
SE300_11500m,2022-03-01 01:49:00.000000000,6.856113776328036,51.02698534025463,11500.0,20915.835847374416,211.06505,0.30780460147882216,0.5378720575881857,1.0,0.0,0.0,13.799924949685485
SE300_11500m,2022-03-01 01:50:00.000000000,6.957695083084302,51.13342627790773,11500.0,20915.835847374416,211.01869,0.3103842772031965,0.5425350890686623,1.0,0.0,0.0,13.799908631897907
SE300_11500m,2022-03-01 01:51:00.000000000,7.0581674029999295,51.240367578206516,11500.0,20915.835847374416,210.98024,0.31263437708563313,0.5466000205203476,1.0,0.0,0.0,13.799892652811895
SE300_11500m,2022-03-01 01:52:00.000000000,7.157559931092916,51.34778839737794,11500.0,20915.835847374416,210.95026,0.31450841556385073,0.5499796671257827,1.0,0.0,0.0,13.800010730488667
SE300_11500m,2022-03-01 01:53:00.000000000,7.255884150112056,51.45567635190947,11500.0,20915.835847374416,210.91968,0.3164164654496103,0.553421068584156,1.0,0.0,0.0,13.800000137127762
SE300_11500m,2022-03-01 01:54:00.000000000,7.353186603679144,51.56400452836604,11500.0,20915.835847374416,210.89326,0.3184811843168292,0.5571251486619513,1.0,0.0,0.0,13.799971313201121
SE300_11500m,2022-03-01 01:55:00.000000000,7.449500612967216,51.67275274611929,11500.0,20915.835847374416,210.8606,0.3207641523356817,0.5612327501336589,1.0,0.0,0.0,13.799943541798804
SE300_11500m,2022-03-01 01:56:00.000000000,7.544857466724552,51.78190246830329,11500.0,20915.835847374416,210.8367,0.3240558075602939,0.5670751399777635,1.0,0.0,0.0,13.799916649563205
SE300_11500m,2022-03-01 01:57:00.000000000,7.639288793327776,51.89143573434852,11500.0,20915.835847374416,210.82495,0.3280475243360995,0.5741015327499231,1.0,0.0,0.0,13.799932313293363
SE300_11500m,2022-03-01 01:58:00.000000000,7.732821305918333,52.00133726070001,11500.0,20915.835847374416,210.81201,0.3315325188598066,0.5802478681863639,1.0,0.0,0.0,13.80003333198855
SE300_11500m,2022-03-01 01:59:00.000000000,7.825476788239573,52.11159431154623,11500.0,20915.835847374416,210.79962,0.3341981368291765,0.5849584502264705,1.0,0.0,0.0,13.799995216510661
SE300_11500m,2022-03-01 02:00:00.000000000,7.917304243785287,52.22218382186598,11500.0,20915.835847374416,210.78764,0.3369402780109768,0.5898029754226113,1.0,0.0,0.0,13.799958560664225
SE300_11500m,2022-03-01 02:01:00.000000000,8.008336323375746,52.33309002902085,11500.0,20915.835847374416,210.77878,0.3390067868654753,0.593451003434377,1.0,0.0,0.0,13.799923044238488
SE300_11500m,2022-03-01 02:02:00.000000000,8.098605800916141,52.444297691874105,11500.0,20915.835847374416,210.77406,0.3409438755974083,0.5968604147186238,1.0,0.0,0.0,13.799963857075591
SE300_11500m,2022-03-01 02:03:00.000000000,8.188137427544422,52.55579524761383,11500.0,20915.835847374416,210.7669,0.3433127645060792,0.6010354010473885,1.0,0.0,0.0,13.800034596545581
SE300_11500m,2022-03-01 02:04:00.000000000,8.276961525962989,52.667569434983946,11500.0,20915.835847374416,210.75163,0.34598897728618566,0.605776728137551,1.0,0.0,0.0,13.799990498647913
SE300_11500m,2022-03-01 02:05:00.000000000,8.365123430286324,52.77960167421167,11500.0,20915.835847374416,210.7338,0.3493641370163278,0.6117553481899207,1.0,0.0,0.0,13.799947789998976
SE300_11500m,2022-03-01 02:06:00.000000000,8.452656266188676,52.89187864729551,11500.0,20915.835847374416,210.70998,0.3526229782506363,0.6175519425331126,1.0,0.0,0.0,13.799912903462701
SE300_11500m,2022-03-01 02:07:00.000000000,8.539592542758436,53.00438771749574,11500.0,20915.835847374416,210.67822,0.3556132286355112,0.6229133614290784,1.0,0.0,0.0,13.800058021260073
SE300_11500m,2022-03-01 02:08:00.000000000,8.62594999858112,53.11712245653459,11500.0,20915.835847374416,210.64107,0.3583664722784545,0.6278784549872474,1.0,0.0,0.0,13.800008898397506
SE300_11500m,2022-03-01 02:09:00.000000000,8.711779771754362,53.23006384185974,11500.0,20915.835847374416,210.59761,0.36209738559717236,0.6345850063617446,1.0,0.0,0.0,13.79996116134946
SE300_11500m,2022-03-01 02:10:00.000000000,8.797115062193472,53.34320020235289,11500.0,20915.835847374416,210.54974,0.3660731330338576,0.6417422810826585,1.0,0.0,0.0,13.799914342500696
SE300_11500m,2022-03-01 02:11:00.000000000,8.881989044207318,53.456520230950616,11500.0,20915.835847374416,210.49359,0.37034094890971414,0.6494506864654352,1.0,0.0,0.0,13.800056805080397
SE300_11500m,2022-03-01 02:12:00.000000000,8.96642234201507,53.570018118781924,11500.0,20915.835847374416,210.43346,0.374176453180968,0.6564204985519437,1.0,0.0,0.0,13.80001488483968
SE300_11500m,2022-03-01 02:13:00.000000000,9.050462221969632,53.683677662681134,11500.0,20915.835847374416,210.36314,0.37674492355809647,0.6612139320372189,1.0,0.0,0.0,13.799963995270625
SE300_11500m,2022-03-01 02:14:00.000000000,9.134142586530254,53.79748825720407,11500.0,20915.835847374416,210.29715,0.3792682128084684,0.6659126833470207,1.0,0.0,0.0,13.799922502029784
SE300_11500m,2022-03-01 02:15:00.000000000,9.21749617604889,53.91144006894322,11500.0,20915.835847374416,210.23671,0.3815283550344303,0.670132483301704,1.0,0.0,0.0,13.800065135036911
SE300_11500m,2022-03-01 02:16:00.000000000,9.300548152026904,54.02552715409191,11500.0,20915.835847374416,210.16695,0.3839592663896757,0.6746883566868139,1.0,0.0,0.0,13.800011699727548
SE300_11500m,2022-03-01 02:17:00.000000000,9.383342699352585,54.139735301366095,11500.0,20915.835847374416,210.09026,0.3866118821183249,0.6796710034826554,1.0,0.0,0.0,13.799959214664158
SE300_11500m,2022-03-01 02:18:00.000000000,9.465913075763032,54.25405525111864,11500.0,20915.835847374416,210.01164,0.3892797022631224,0.6846919959541955,1.0,0.0,0.0,13.799954695500805
SE300_11500m,2022-03-01 02:19:00.000000000,9.548291271989749,54.368478740869854,11500.0,20915.835847374416,209.96086,0.39066819437090256,0.6873474697579918,1.0,0.0,0.0,13.800056822058593
SE300_11500m,2022-03-01 02:20:00.000000000,9.630509327673666,54.482998273582915,11500.0,20915.835847374416,209.89885,0.3922674155301425,0.6904244969076754,1.0,0.0,0.0,13.800003353911883
SE300_11500m,2022-03-01 02:21:00.000000000,9.712605936129933,54.597602385253914,11500.0,20915.835847374416,209.83249,0.39493382695018625,0.6953992315766081,1.0,0.0,0.0,13.799950665850734
SE300_11500m,2022-03-01 02:22:00.000000000,9.794614620075404,54.712282590553784,11500.0,20915.835847374416,209.76405,0.39732110240926094,0.6998957579802152,1.0,0.0,0.0,13.799990764037222
SE300_11500m,2022-03-01 02:23:00.000000000,9.87656872233548,54.827031516235536,11500.0,20915.835847374416,209.7214,0.39842993902079277,0.7020315004914961,1.0,0.0,0.0,13.800046345161974
SE300_11500m,2022-03-01 02:24:00.000000000,9.958503926482313,54.941840644292064,11500.0,20915.835847374416,209.66457,0.40069120484895965,0.7062596386203293,1.0,0.0,0.0,6.9883400618626155
SE300_11500m,2022-03-01 02:24:30.384478056,10.0,55.0,11500.0,20915.835847374416,209.62453,0.40251508293695243,0.7096492295925448,1.0,0.0,0.0,0.0
SE150_11500m,2022-03-01 00:00:00.000000000,-10.0,45.0,11500.0,20915.835847374416,214.59476,0.20416863802870372,0.3487439229815942,1.0,0.0,0.0,13.80012726002068
SE150_11500m,2022-03-01 00:01:00.000000000,-9.836431642797,45.045121130229205,11500.0,20915.835847374416,214.43611,0.2077278294260836,0.3551985088615938,1.0,0.0,0.0,13.800024302957672
SE150_11500m,2022-03-01 00:02:00.000000000,-9.672759223046917,45.090285049668914,11500.0,20915.835847374416,214.29343,0.21003499467336836,0.3594831107664979,1.0,0.0,0.0,13.799923238621663
SE150_11500m,2022-03-01 00:03:00.000000000,-9.50898890519688,45.13550361076471,11500.0,20915.835847374416,214.15993,0.21110251115470222,0.36162979870489537,1.0,0.0,0.0,13.799981346727925
SE150_11500m,2022-03-01 00:04:00.000000000,-9.345125476358415,45.180790054154784,11500.0,20915.835847374416,214.04826,0.21398404716940803,0.3668384896348415,1.0,0.0,0.0,13.800080873423171
SE150_11500m,2022-03-01 00:05:00.000000000,-9.181175224908586,45.22615740005868,11500.0,20915.835847374416,213.94725,0.21740636776451272,0.37295281689692145,1.0,0.0,0.0,13.799983737441421
SE150_11500m,2022-03-01 00:06:00.000000000,-9.017146384169887,45.27161625842161,11500.0,20915.835847374416,213.84431,0.22143198041044862,0.3801154604707844,1.0,0.0,0.0,13.79988897632448
SE150_11500m,2022-03-01 00:07:00.000000000,-8.853045297929496,45.317178693387554,11500.0,20915.835847374416,213.78699,0.22277002635980533,0.3825564952848509,1.0,0.0,0.0,13.800065641209015
SE150_11500m,2022-03-01 00:08:00.000000000,-8.688876720324153,45.362860471476345,11500.0,20915.835847374416,213.71996,0.22502580446454462,0.38660079494110416,1.0,0.0,0.0,13.800048857893678
SE150_11500m,2022-03-01 00:09:00.000000000,-8.524648799231604,45.40867194950511,11500.0,20915.835847374416,213.63326,0.22876347928439192,0.39324536157085843,1.0,0.0,0.0,13.799958419812802
SE150_11500m,2022-03-01 00:10:00.000000000,-8.360368596027744,45.454624395530494,11500.0,20915.835847374416,213.54672,0.23399877440158615,0.40247225835917355,1.0,0.0,0.0,13.799870856695179
SE150_11500m,2022-03-01 00:11:00.000000000,-8.196042721921778,45.50073005032974,11500.0,20915.835847374416,213.44037,0.23882880931636935,0.4110651758858742,1.0,0.0,0.0,13.800112955671663
SE150_11500m,2022-03-01 00:12:00.000000000,-8.031676818637944,45.54700725639003,11500.0,20915.835847374416,213.28459,0.2432852790056144,0.41916063043016855,1.0,0.0,0.0,13.800032571942422
SE150_11500m,2022-03-01 00:13:00.000000000,-7.867279234753408,45.5934632048849,11500.0,20915.835847374416,213.18887,0.245419930412416,0.42310056951607167,1.0,0.0,0.0,13.799949515335356
SE150_11500m,2022-03-01 00:14:00.000000000,-7.702856863635055,45.64011013364058,11500.0,20915.835847374416,213.09344,0.246807953962981,0.42575805562768193,1.0,0.0,0.0,13.799873095167298
SE150_11500m,2022-03-01 00:15:00.000000000,-7.538416670956573,45.68696048525682,11500.0,20915.835847374416,213.01775,0.24671047032485838,0.42579765872190206,1.0,0.0,0.0,13.800111375829376
SE150_11500m,2022-03-01 00:16:00.000000000,-7.373965658630258,45.734033932256615,11500.0,20915.835847374416,212.9822,0.24729223242123888,0.4269003960938918,1.0,0.0,0.0,13.800032610901576
SE150_11500m,2022-03-01 00:17:00.000000000,-7.20951160328904,45.78133628138249,11500.0,20915.835847374416,212.95073,0.2483241782127573,0.42876928710910117,1.0,0.0,0.0,13.7999573086337
SE150_11500m,2022-03-01 00:18:00.000000000,-7.045061800558293,45.82887995045534,11500.0,20915.835847374416,212.91571,0.25031377653057846,0.432302216504369,1.0,0.0,0.0,13.799885727202566
SE150_11500m,2022-03-01 00:19:00.000000000,-6.88062366714342,45.87667737440864,11500.0,20915.835847374416,212.89832,0.25295930506245745,0.4369211783589461,1.0,0.0,0.0,13.80006073873718
SE150_11500m,2022-03-01 00:20:00.000000000,-6.71620541598116,45.92474776005363,11500.0,20915.835847374416,212.87987,0.25575588946233146,0.4418032865767036,1.0,0.0,0.0,13.800048697510606
SE150_11500m,2022-03-01 00:21:00.000000000,-6.551814653756385,45.97309897296985,11500.0,20915.835847374416,212.81764,0.2600612457673127,0.44942034776845013,1.0,0.0,0.0,13.799981119647454
SE150_11500m,2022-03-01 00:22:00.000000000,-6.387459073874445,46.02174187372145,11500.0,20915.835847374416,212.70592,0.2682229529253239,0.46385805050663775,1.0,0.0,0.0,13.799917510913888
SE150_11500m,2022-03-01 00:23:00.000000000,-6.22314662439231,46.07068887725351,11500.0,20915.835847374416,212.55974,0.27919574345824233,0.48328819592225547,1.0,0.0,0.0,13.799939504458223
SE150_11500m,2022-03-01 00:24:00.000000000,-6.058885874647775,46.119954998873546,11500.0,20915.835847374416,212.39613,0.292397145978699,0.5066697321786356,1.0,0.0,0.0,13.800079738930012
SE150_11500m,2022-03-01 00:25:00.000000000,-5.894686049200961,46.16955672496521,11500.0,20915.835847374416,212.2336,0.3048978608547536,0.5288800653286364,1.0,0.0,0.0,13.800019409835523
SE150_11500m,2022-03-01 00:26:00.000000000,-5.730554538015731,46.21950015144322,11500.0,20915.835847374416,212.07022,0.317007271558514,0.5504572551740973,1.0,0.0,0.0,13.799963136685605
SE150_11500m,2022-03-01 00:27:00.000000000,-5.566499892758305,46.26979756415797,11500.0,20915.835847374416,211.9224,0.3273084893450761,0.5688781603535932,1.0,0.0,0.0,13.799911090254765
SE150_11500m,2022-03-01 00:28:00.000000000,-5.4025308274449655,46.3204612062811,11500.0,20915.835847374416,211.7962,0.3356775261446589,0.583890486861601,1.0,0.0,0.0,13.79994767662838
SE150_11500m,2022-03-01 00:29:00.000000000,-5.238657050065581,46.37150638613572,11500.0,20915.835847374416,211.67622,0.34294923423017964,0.5969907125853023,1.0,0.0,0.0,13.800070135159773
SE150_11500m,2022-03-01 00:30:00.000000000,-5.074888722861169,46.42294865491659,11500.0,20915.835847374416,211.5362,0.34796358327257226,0.6062536235229246,1.0,0.0,0.0,13.800020132681343
SE150_11500m,2022-03-01 00:31:00.000000000,-4.911233507169936,46.474793823596414,11500.0,20915.835847374416,211.39323,0.3519741199459798,0.6137929053129049,1.0,0.0,0.0,13.799974215737032
SE150_11500m,2022-03-01 00:32:00.000000000,-4.74770078409617,46.5270538327157,11500.0,20915.835847374416,211.24852,0.35582634438657884,0.6210734568578961,1.0,0.0,0.0,13.799932478345237
SE150_11500m,2022-03-01 00:33:00.000000000,-4.584300108644971,46.57974053149044,11500.0,20915.835847374416,211.1136,0.35845722119030915,0.626195477376143,1.0,0.0,0.0,13.799894994380026
SE150_11500m,2022-03-01 00:34:00.000000000,-4.421041210672145,46.63286566673148,11500.0,20915.835847374416,211.03801,0.3575231476738877,0.6248567928093666,1.0,0.0,0.0,13.80001684297156
SE150_11500m,2022-03-01 00:35:00.000000000,-4.257936291571115,46.68644740774983,11500.0,20915.835847374416,211.01001,0.3538018405576199,0.6184619477756128,1.0,0.0,0.0,13.800044972148138
SE150_11500m,2022-03-01 00:36:00.000000000,-4.094994384122554,46.74049364053963,11500.0,20915.835847374416,211.02934,0.3477179240721984,0.6077510650759633,1.0,0.0,0.0,13.800007497494695
SE150_11500m,2022-03-01 00:37:00.000000000,-3.9322247884021424,46.79501290851713,11500.0,20915.835847374416,211.09485,0.3386083941119368,0.5915898985523306,1.0,0.0,0.0,13.799973864874092
SE150_11500m,2022-03-01 00:38:00.000000000,-3.7696379152891786,46.8500163910986,11500.0,20915.835847374416,211.21843,0.32631552728224056,0.5696730204174897,1.0,0.0,0.0,13.799944068317217
SE150_11500m,2022-03-01 00:39:00.000000000,-3.6072443448196396,46.90551510360076,11500.0,20915.835847374416,211.35071,0.31390494560312976,0.5475521083583372,1.0,0.0,0.0,13.799918080631086
SE150_11500m,2022-03-01 00:40:00.000000000,-3.445054822972194,46.961519883674775,11500.0,20915.835847374416,211.47609,0.30255734825763,0.5273428057610292,1.0,0.0,0.0,13.799895853382177
SE150_11500m,2022-03-01 00:41:00.000000000,-3.2830802576185896,47.018041377391526,11500.0,20915.835847374416,211.58394,0.2932484308157996,0.5107707204067788,1.0,0.0,0.0,13.800040803951173
SE150_11500m,2022-03-01 00:42:00.000000000,-3.1213351143305124,47.07509771518251,11500.0,20915.835847374416,211.61693,0.2891355044692585,0.5035018587428447,1.0,0.0,0.0,13.800027673827037
SE150_11500m,2022-03-01 00:43:00.000000000,-2.959827685126651,47.13269202492465,11500.0,20915.835847374416,211.62662,0.2866126122315758,0.4990785756745531,1.0,0.0,0.0,13.800002690700621
SE150_11500m,2022-03-01 00:44:00.000000000,-2.798569022445046,47.19083358542042,11500.0,20915.835847374416,211.61409,0.28594312824969453,0.4979530749917861,1.0,0.0,0.0,13.799980854955594
SE150_11500m,2022-03-01 00:45:00.000000000,-2.637570604064745,47.24953210121031,11500.0,20915.835847374416,211.56642,0.2884252255215481,0.5024256133496704,1.0,0.0,0.0,13.799962065480143
SE150_11500m,2022-03-01 00:46:00.000000000,-2.476844035102402,47.30879701309473,11500.0,20915.835847374416,211.52068,0.2914868981044787,0.5079037325211547,1.0,0.0,0.0,13.79994620571794
SE150_11500m,2022-03-01 00:47:00.000000000,-2.316401038274034,47.36863748307752,11500.0,20915.835847374416,211.4966,0.2934354459045153,0.5113776277208011,1.0,0.0,0.0,13.79993314483908
SE150_11500m,2022-03-01 00:48:00.000000000,-2.1562534431136675,47.42906237927362,11500.0,20915.835847374416,211.52026,0.2929807120785606,0.5105103355379175,1.0,0.0,0.0,13.799922739070437
SE150_11500m,2022-03-01 00:49:00.000000000,-1.9964131741335156,47.490080260839896,11500.0,20915.835847374416,211.55394,0.2920678363880984,0.5088105345886057,1.0,0.0,0.0,13.799914833153467
SE150_11500m,2022-03-01 00:50:00.000000000,-1.8368922379156185,47.55169936299089,11500.0,20915.835847374416,211.57132,0.29187627552963513,0.5084214353366909,1.0,0.0,0.0,13.799975015565277
SE150_11500m,2022-03-01 00:51:00.000000000,-1.67770459011956,47.613930956688954,11500.0,20915.835847374416,211.52464,0.2953298826929821,0.514587810321867,1.0,0.0,0.0,13.800013272907114
SE150_11500m,2022-03-01 00:52:00.000000000,-1.5188619197753457,47.67678157788318,11500.0,20915.835847374416,211.4456,0.3007561712549278,0.5243030517940702,1.0,0.0,0.0,13.799999691618856
SE150_11500m,2022-03-01 00:53:00.000000000,-1.3603749450423746,47.740255761241144,11500.0,20915.835847374416,211.32108,0.3091951488399719,0.5394378612919737,1.0,0.0,0.0,13.799988056262253
SE150_11500m,2022-03-01 00:54:00.000000000,-1.2022558312407317,47.80436028506229,11500.0,20915.835847374416,211.16539,0.3199890656233492,0.5588114192815431,1.0,0.0,0.0,13.799978220943329
SE150_11500m,2022-03-01 00:55:00.000000000,-1.0445167455462672,47.86910153425499,11500.0,20915.835847374416,211.00563,0.3309349132571357,0.5785035205772834,1.0,0.0,0.0,13.799970037281168
SE150_11500m,2022-03-01 00:56:00.000000000,-0.8871698379018592,47.934485487305245,11500.0,20915.835847374416,210.85764,0.3411791074219328,0.5969623495657345,1.0,0.0,0.0,13.799963355926995
SE150_11500m,2022-03-01 00:57:00.000000000,-0.7302272209702393,48.000517703803816,11500.0,20915.835847374416,210.70827,0.35188129250017397,0.6162604849782019,1.0,0.0,0.0,13.79995802803517
SE150_11500m,2022-03-01 00:58:00.000000000,-0.5737009491721317,48.06720331260219,11500.0,20915.835847374416,210.64655,0.35525036205391247,0.6223971640605257,1.0,0.0,0.0,13.799953906688991
SE150_11500m,2022-03-01 00:59:00.000000000,-0.4176029968609053,48.134547000666814,11500.0,20915.835847374416,210.60857,0.35807294238220927,0.6274892600246759,1.0,0.0,0.0,13.799950848246082
SE150_11500m,2022-03-01 01:00:00.000000000,-0.26194523569280626,48.2025530026993,11500.0,20915.835847374416,210.58197,0.3606017125158024,0.6320256215835354,1.0,0.0,0.0,13.799948713590943
SE150_11500m,2022-03-01 01:01:00.000000000,-0.10673941125891286,48.27122509158753,11500.0,20915.835847374416,210.61624,0.3599188288819352,0.630695780144772,1.0,0.0,0.0,13.79994736928005
SE150_11500m,2022-03-01 01:02:00.000000000,0.04800288094753062,48.34056656975017,11500.0,20915.835847374416,210.67082,0.359821719599572,0.6303123024150642,1.0,0.0,0.0,13.799946688569213
SE150_11500m,2022-03-01 01:03:00.000000000,0.20227022014792695,48.41058026143292,11500.0,20915.835847374416,210.7744,0.3617798498310217,0.6333374640316793,1.0,0.0,0.0,13.799946552297554
SE150_11500m,2022-03-01 01:04:00.000000000,0.35605138539239484,48.48126850601089,11500.0,20915.835847374416,210.86533,0.36371490821490543,0.6363647099278567,1.0,0.0,0.0,13.799946849643128
SE150_11500m,2022-03-01 01:05:00.000000000,0.5093353810780147,48.552633152346736,11500.0,20915.835847374416,210.95264,0.3648069989216093,0.6379281427197077,1.0,0.0,0.0,13.799947478723869
SE150_11500m,2022-03-01 01:06:00.000000000,0.6621114627729556,48.624675554248434,11500.0,20915.835847374416,211.03778,0.36522824024136386,0.6383231640608783,1.0,0.0,0.0,13.79994834704253
SE150_11500m,2022-03-01 01:07:00.000000000,0.8143691632431224,48.69739656706523,11500.0,20915.835847374416,211.11653,0.3649038803653978,0.6374444448929331,1.0,0.0,0.0,13.7999493717992
SE150_11500m,2022-03-01 01:08:00.000000000,0.9660983185742246,48.770796545453706,11500.0,20915.835847374416,211.18498,0.3645498078321627,0.6365534635034583,1.0,0.0,0.0,13.79995048003083
SE150_11500m,2022-03-01 01:09:00.000000000,1.117289094278694,48.84487534233897,11500.0,20915.835847374416,211.24303,0.363583463769309,0.6346359929849348,1.0,0.0,0.0,13.799951608623862
SE150_11500m,2022-03-01 01:10:00.000000000,1.2679320112746566,48.91963230908945,11500.0,20915.835847374416,211.29294,0.36264311626364526,0.6327954310657482,1.0,0.0,0.0,13.799952704182816
SE150_11500m,2022-03-01 01:11:00.000000000,1.4180179716226704,48.995066296915844,11500.0,20915.835847374416,211.33716,0.360072212611244,0.6281354810956689,1.0,0.0,0.0,13.799953722769912
SE150_11500m,2022-03-01 01:12:00.000000000,1.5675382839053495,49.07117565949777,11500.0,20915.835847374416,211.37048,0.358143524356721,0.62464214059656,1.0,0.0,0.0,13.799954629530447
SE150_11500m,2022-03-01 01:13:00.000000000,1.716484688135715,49.14795825683348,11500.0,20915.835847374416,211.39691,0.35727768647296504,0.6230271112067682,1.0,0.0,0.0,13.799955398210459
SE150_11500m,2022-03-01 01:14:00.000000000,1.8648493800812542,49.22541146030093,11500.0,20915.835847374416,211.43489,0.35541506287582925,0.6196325448884011,1.0,0.0,0.0,13.79995601058617
SE150_11500m,2022-03-01 01:15:00.000000000,2.012625034893534,49.303532158910095,11500.0,20915.835847374416,211.4667,0.35366006833076286,0.6164476981427122,1.0,0.0,0.0,13.799956455817108
SE150_11500m,2022-03-01 01:16:00.000000000,2.1598048299363026,49.382316766719676,11500.0,20915.835847374416,211.48978,0.3503851588930134,0.6106512870392675,1.0,0.0,0.0,13.799956729737708
SE150_11500m,2022-03-01 01:17:00.000000000,2.30638246670969,49.46176123138349,11500.0,20915.835847374416,211.52155,0.3478608914067995,0.6061319836823968,1.0,0.0,0.0,13.799956834107961
SE150_11500m,2022-03-01 01:18:00.000000000,2.452352191773325,49.54186104378499,11500.0,20915.835847374416,211.54926,0.3450576076028335,0.601142864249336,1.0,0.0,0.0,13.799956775830493
SE150_11500m,2022-03-01 01:19:00.000000000,2.5977088165773314,49.62261124871178,11500.0,20915.835847374416,211.53784,0.34416703185716363,0.5996332295790358,1.0,0.0,0.0,13.79995656616336
SE150_11500m,2022-03-01 01:20:00.000000000,2.7424477361172785,49.70400645651563,11500.0,20915.835847374416,211.56561,0.3415579944792943,0.5949836799905103,1.0,0.0,0.0,13.799956219919636
SE150_11500m,2022-03-01 01:21:00.000000000,2.8865649463367,49.786040855697834,11500.0,20915.835847374416,211.54199,0.3411981389170026,0.5944451663087974,1.0,0.0,0.0,13.799955754699091
SE150_11500m,2022-03-01 01:22:00.000000000,3.030057060209204,49.86870822635462,11500.0,20915.835847374416,211.54492,0.3399308237802397,0.5922264128743631,1.0,0.0,0.0,13.79995519013116
SE150_11500m,2022-03-01 01:23:00.000000000,3.1729213224409722,49.95200195441263,11500.0,20915.835847374416,211.55804,0.33796251109756076,0.5887477826012195,1.0,0.0,0.0,13.799954547170131
SE150_11500m,2022-03-01 01:24:00.000000000,3.3151556227438537,50.03591504658074,11500.0,20915.835847374416,211.53291,0.33744927595672003,0.5879471099051337,1.0,0.0,0.0,13.799953847429615
SE150_11500m,2022-03-01 01:25:00.000000000,3.4567585076388143,50.120440145940954,11500.0,20915.835847374416,211.4821,0.3384171977888367,0.5898219673024663,1.0,0.0,0.0,13.799953112569893
SE150_11500m,2022-03-01 01:26:00.000000000,3.5977291907591393,50.2055695480989,11500.0,20915.835847374416,211.4475,0.33959362640865554,0.5920007547552303,1.0,0.0,0.0,13.799952363761612
SE150_11500m,2022-03-01 01:27:00.000000000,3.7380675616331636,50.29129521781229,11500.0,20915.835847374416,211.39313,0.34211451610674104,0.5966004925520606,1.0,0.0,0.0,13.799951621193776
SE150_11500m,2022-03-01 01:28:00.000000000,3.877774192935715,50.377608806014734,11500.0,20915.835847374416,211.26093,0.3460014024264567,0.6038785075752973,1.0,0.0,0.0,13.799950903670743
SE150_11500m,2022-03-01 01:29:00.000000000,4.016850346207797,50.464501667151694,11500.0,20915.835847374416,211.13934,0.35053103103260397,0.6122488776672695,1.0,0.0,0.0,13.799950228263485
SE150_11500m,2022-03-01 01:30:00.000000000,4.1552979760532365,50.55196487674581,11500.0,20915.835847374416,211.01062,0.35426960713736527,0.6192770321198771,1.0,0.0,0.0,13.799949610037855
SE150_11500m,2022-03-01 01:31:00.000000000,4.293119732830496,50.63998924910949,11500.0,20915.835847374416,210.88437,0.3573733897939278,0.6251937681043586,1.0,0.0,0.0,13.799949061850377
SE150_11500m,2022-03-01 01:32:00.000000000,4.430318963866965,50.72856535512431,11500.0,20915.835847374416,210.73894,0.35933423737821174,0.6291918990655533,1.0,0.0,0.0,13.79994859420105
SE150_11500m,2022-03-01 01:33:00.000000000,4.566899713231069,50.81768354000876,11500.0,20915.835847374416,210.61781,0.35970698593369116,0.630318954975889,1.0,0.0,0.0,13.799948215149703
SE150_11500m,2022-03-01 01:34:00.000000000,4.7028667201056935,50.90733394099859,11500.0,20915.835847374416,210.50772,0.3588514318814416,0.6292491048630677,1.0,0.0,0.0,13.79994793029097
SE150_11500m,2022-03-01 01:35:00.000000000,4.838225415813736,50.99750650486715,11500.0,20915.835847374416,210.3808,0.35760920494139253,0.6275592418628401,1.0,0.0,0.0,13.799947742775208
SE150_11500m,2022-03-01 01:36:00.000000000,4.972981919552942,51.088191005216515,11500.0,20915.835847374416,210.24796,0.3565322640992115,0.6261839628945648,1.0,0.0,0.0,13.799947653362603
SE150_11500m,2022-03-01 01:37:00.000000000,5.107143032903265,51.179377059474305,11500.0,20915.835847374416,210.20204,0.3540723799254231,0.6220395730094139,1.0,0.0,0.0,13.799947660531313
SE150_11500m,2022-03-01 01:38:00.000000000,5.2407162331750925,51.27105414553528,11500.0,20915.835847374416,210.15437,0.351233702228875,0.6172336662586585,1.0,0.0,0.0,13.799947760600894
SE150_11500m,2022-03-01 01:39:00.000000000,5.373709665671124,51.36321161799126,11500.0,20915.835847374416,210.1054,0.34960845476225333,0.6145625577411736,1.0,0.0,0.0,13.799947947884917
SE150_11500m,2022-03-01 01:40:00.000000000,5.506132134938073,51.45583872389784,11500.0,20915.835847374416,210.05507,0.34797923827515675,0.6118865827656952,1.0,0.0,0.0,13.799994284078121
SE150_11500m,2022-03-01 01:41:00.000000000,5.637990992084998,51.54892632605762,11500.0,20915.835847374416,210.02509,0.3483919572291462,0.6127244170794343,1.0,0.0,0.0,13.799993019853627
SE150_11500m,2022-03-01 01:42:00.000000000,5.769298495643688,51.642461725682494,11500.0,20915.835847374416,209.97678,0.3485783862386736,0.6132335172109057,1.0,0.0,0.0,13.799991218672632
SE150_11500m,2022-03-01 01:43:00.000000000,5.900065405607084,51.736433909838894,11500.0,20915.835847374416,209.97643,0.34943591465575363,0.6147433952495206,1.0,0.0,0.0,13.799989579385084
SE150_11500m,2022-03-01 01:44:00.000000000,6.030303065755939,51.83083184174321,11500.0,20915.835847374416,209.96002,0.3500817298681588,0.6159424628672783,1.0,0.0,0.0,13.799988098905752
SE150_11500m,2022-03-01 01:45:00.000000000,6.160023422307433,51.92564444805877,11500.0,20915.835847374416,209.93279,0.351106032645108,0.6178475358290202,1.0,0.0,0.0,13.799986772104635
SE150_11500m,2022-03-01 01:46:00.000000000,6.289239010841392,52.02086063102183,11500.0,20915.835847374416,209.91275,0.35167005773782295,0.6189160496604115,1.0,0.0,0.0,13.79998559202363
SE150_11500m,2022-03-01 01:47:00.000000000,6.417962942798604,52.11646927987892,11500.0,20915.835847374416,209.9214,0.3512370620302959,0.6181206597376414,1.0,0.0,0.0,13.799984550075866
SE150_11500m,2022-03-01 01:48:00.000000000,6.546208891629884,52.212459281622614,11500.0,20915.835847374416,209.92085,0.35119480114856405,0.6180495418242575,1.0,0.0,0.0,13.79998363624603
SE150_11500m,2022-03-01 01:49:00.000000000,6.6739910786723735,52.30881953101773,11500.0,20915.835847374416,209.89651,0.35215163364282365,0.619825748670733,1.0,0.0,0.0,13.799982839256913
SE150_11500m,2022-03-01 01:50:00.000000000,6.801324258826523,52.40553893991348,11500.0,20915.835847374416,209.87181,0.3531091529803833,0.6216044095359309,1.0,0.0,0.0,13.799982146724298
SE150_11500m,2022-03-01 01:51:00.000000000,6.928223706104038,52.50260644584096,11500.0,20915.835847374416,209.85562,0.353733885432268,0.6227678758219372,1.0,0.0,0.0,13.799981545292825
SE150_11500m,2022-03-01 01:52:00.000000000,7.054705199113333,52.600011019899206,11500.0,20915.835847374416,209.8435,0.3540068516226484,0.6232935198185179,1.0,0.0,0.0,13.799981020735943
SE150_11500m,2022-03-01 01:53:00.000000000,7.18078500654521,52.697741673935695,11500.0,20915.835847374416,209.82515,0.354442774107896,0.6241320849175869,1.0,0.0,0.0,13.799980558043073
SE150_11500m,2022-03-01 01:54:00.000000000,7.306479872717254,52.795787467030706,11500.0,20915.835847374416,209.81433,0.3551212765950031,0.6253671244320388,1.0,0.0,0.0,13.799980141473945
SE150_11500m,2022-03-01 01:55:00.000000000,7.43180700323114,52.894137511297245,11500.0,20915.835847374416,209.81064,0.35601939062639776,0.6269613743178574,1.0,0.0,0.0,13.799979754588747
SE150_11500m,2022-03-01 01:56:00.000000000,7.55678405079259,52.99278097701079,11500.0,20915.835847374416,209.79999,0.35700440229280245,0.6287371806545325,1.0,0.0,0.0,13.799979380247855
SE150_11500m,2022-03-01 01:57:00.000000000,7.6814291012389155,53.091707097085255,11500.0,20915.835847374416,209.81183,0.3573135650145101,0.6292366092290068,1.0,0.0,0.0,13.799979000584997
SE150_11500m,2022-03-01 01:58:00.000000000,7.805760659814739,53.190905170913304,11500.0,20915.835847374416,209.82271,0.3580553688156207,0.6305004585115143,1.0,0.0,0.0,13.7999785969634
SE150_11500m,2022-03-01 01:59:00.000000000,7.929797637731492,53.29036456759102,11500.0,20915.835847374416,209.83655,0.35941609814083636,0.6328453229441938,1.0,0.0,0.0,13.79997814988425
SE150_11500m,2022-03-01 02:00:00.000000000,8.053559339041879,53.39007472854783,11500.0,20915.835847374416,209.85313,0.3612501293774207,0.6360071698763805,1.0,0.0,0.0,13.799977638888924
SE150_11500m,2022-03-01 02:01:00.000000000,8.177065447855622,53.49002516960427,11500.0,20915.835847374416,209.8797,0.36324566613148185,0.6394187186796984,1.0,0.0,0.0,13.799977042425294
SE150_11500m,2022-03-01 02:02:00.000000000,8.300336015918461,53.59020548248066,11500.0,20915.835847374416,209.89894,0.36531750994722156,0.6429873380734371,1.0,0.0,0.0,13.799976337678995
SE150_11500m,2022-03-01 02:03:00.000000000,8.423391450571714,53.690605335780525,11500.0,20915.835847374416,209.89781,0.36806906890811497,0.6478352887942903,1.0,0.0,0.0,13.799975500401588
SE150_11500m,2022-03-01 02:04:00.000000000,8.546252503105483,53.79121447547343,11500.0,20915.835847374416,209.89798,0.3710866218259939,0.6531476694718734,1.0,0.0,0.0,13.799974504693067
SE150_11500m,2022-03-01 02:05:00.000000000,8.668940257514262,53.89202272490183,11500.0,20915.835847374416,209.89917,0.374534795823076,0.6592102141496816,1.0,0.0,0.0,13.799973322764027
SE150_11500m,2022-03-01 02:06:00.000000000,8.79147611965968,53.993019984336925,11500.0,20915.835847374416,209.86629,0.37850314218138714,0.6663307375877963,1.0,0.0,0.0,13.799971924678127
SE150_11500m,2022-03-01 02:07:00.000000000,8.913881806841097,54.09419623010866,11500.0,20915.835847374416,209.8573,0.3819828896862712,0.6724916597352112,1.0,0.0,0.0,13.799970278067656
SE150_11500m,2022-03-01 02:08:00.000000000,9.036179337771046,54.19554151333479,11500.0,20915.835847374416,209.83614,0.38525654095401934,0.6783435833796332,1.0,0.0,0.0,13.79997041466835
SE150_11500m,2022-03-01 02:09:00.000000000,9.158391011297931,54.29704598580628,11500.0,20915.835847374416,209.8092,0.3883219846822757,0.6838552194959628,1.0,0.0,0.0,13.800017053729729
SE150_11500m,2022-03-01 02:10:00.000000000,9.280539263174903,54.3987004214953,11500.0,20915.835847374416,209.78838,0.3912274753403752,0.6890591421402722,1.0,0.0,0.0,13.800016055767795
SE150_11500m,2022-03-01 02:11:00.000000000,9.402647333749906,54.50049441272386,11500.0,20915.835847374416,209.77493,0.3929266995842482,0.6921074307764276,1.0,0.0,0.0,13.800014906486217
SE150_11500m,2022-03-01 02:12:00.000000000,9.524738369392237,54.60241828789871,11500.0,20915.835847374416,209.75664,0.39524475211664917,0.6962682460144344,1.0,0.0,0.0,13.800013559615119
SE150_11500m,2022-03-01 02:13:00.000000000,9.646835774843389,54.70446243822304,11500.0,20915.835847374416,209.72672,0.3972637930521332,0.6999537989090218,1.0,0.0,0.0,13.8000119642166
SE150_11500m,2022-03-01 02:14:00.000000000,9.76896320541855,54.80661731451414,11500.0,20915.835847374416,209.7099,0.3985371493210111,0.7022683783384743,1.0,0.0,0.0,13.800010064231042
SE150_11500m,2022-03-01 02:15:00.000000000,9.891144559494588,54.90887342378793,11500.0,20915.835847374416,209.70473,0.39852720225683347,0.7022757676057919,1.0,0.0,0.0,12.287553620997993
SE150_11500m,2022-03-01 02:15:53.424689706,10.0,55.0,11500.0,20915.835847374416,209.6673,0.40054829578478224,0.7059948264896057,1.0,0.0,0.0,0.0
DIR0_11500m,2022-03-01 00:00:00.000000000,-10.0,45.0,11500.0,20915.835847374416,214.59476,0.20416863802870372,0.3487439229815942,1.0,0.0,0.0,13.800081908846277
DIR0_11500m,2022-03-01 00:01:00.000000000,-9.856633604922537,45.07168319753873,11500.0,20915.835847374416,214.51187,0.20428840662562464,0.3491408596184089,1.0,0.0,0.0,13.800053722773516
DIR0_11500m,2022-03-01 00:02:00.000000000,-9.713147625360847,45.14342618731958,11500.0,20915.835847374416,214.43393,0.20468918558388668,0.35000759952747745,1.0,0.0,0.0,13.800026850545295
DIR0_11500m,2022-03-01 00:03:00.000000000,-9.569541647550432,45.21522917622479,11500.0,20915.835847374416,214.36119,0.2038122551692921,0.34867711684565034,1.0,0.0,0.0,13.800001279638668
DIR0_11500m,2022-03-01 00:04:00.000000000,-9.425815256223071,45.28709237188847,11500.0,20915.835847374416,214.28868,0.20402171721960172,0.34920278617178585,1.0,0.0,0.0,13.799976997150608
DIR0_11500m,2022-03-01 00:05:00.000000000,-9.281968034603391,45.35901598269831,11500.0,20915.835847374416,214.21425,0.20470510727745764,0.35054488404125195,1.0,0.0,0.0,13.799953989793373
DIR0_11500m,2022-03-01 00:06:00.000000000,-9.137999564405444,45.43100021779728,11500.0,20915.835847374416,214.14604,0.20600202476640525,0.35292601585000366,1.0,0.0,0.0,13.799932243889511
DIR0_11500m,2022-03-01 00:07:00.000000000,-8.993909425829335,45.503045287085335,11500.0,20915.835847374416,214.08237,0.20709063185879445,0.3549402237422642,1.0,0.0,0.0,13.799984646570977
DIR0_11500m,2022-03-01 00:08:00.000000000,-8.849696435399547,45.57515178230023,11500.0,20915.835847374416,214.03867,0.20520272366613487,0.351805146521024,1.0,0.0,0.0,13.800063432295595
DIR0_11500m,2022-03-01 00:09:00.000000000,-8.705359905169834,45.647320047415086,11500.0,20915.835847374416,213.96616,0.2038923622848297,0.34972614244602745,1.0,0.0,0.0,13.800042198074209
DIR0_11500m,2022-03-01 00:10:00.000000000,-8.560900468359996,45.719549765820005,11500.0,20915.835847374416,213.88799,0.20400725713878584,0.3501031839802846,1.0,0.0,0.0,13.800022142971171
DIR0_11500m,2022-03-01 00:11:00.000000000,-8.416317699399666,45.79184115030017,11500.0,20915.835847374416,213.80309,0.20522759136078608,0.3523940084498504,1.0,0.0,0.0,13.800003251334457
DIR0_11500m,2022-03-01 00:12:00.000000000,-8.271611171189303,45.864194414405354,11500.0,20915.835847374416,213.7093,0.2073306461523,0.35622384569311294,1.0,0.0,0.0,13.799985507109563
DIR0_11500m,2022-03-01 00:13:00.000000000,-8.126780455096927,45.93660977245154,11500.0,20915.835847374416,213.6563,0.2076415954018917,0.35688246482110353,1.0,0.0,0.0,13.799968893832535
DIR0_11500m,2022-03-01 00:14:00.000000000,-7.981825120954993,46.00908743952251,11500.0,20915.835847374416,213.63036,0.20705427825794598,0.35593397716289193,1.0,0.0,0.0,13.799953394628822
DIR0_11500m,2022-03-01 00:15:00.000000000,-7.8367447370572,46.081627631471406,11500.0,20915.835847374416,213.66728,0.2044991891442426,0.35145649288168795,1.0,0.0,0.0,13.799938992208919
DIR0_11500m,2022-03-01 00:16:00.000000000,-7.691538870155411,46.1542305649223,11500.0,20915.835847374416,213.7119,0.20177118603715324,0.34666750530185386,1.0,0.0,0.0,13.799992481467944
DIR0_11500m,2022-03-01 00:17:00.000000000,-7.546206381523805,46.2268968092381,11500.0,20915.835847374416,213.7835,0.19858718612405507,0.34103574457214697,1.0,0.0,0.0,13.800053544988032
DIR0_11500m,2022-03-01 00:18:00.000000000,-7.4007467642975895,46.2996266178512,11500.0,20915.835847374416,213.85516,0.19584709689778385,0.3361723598274609,1.0,0.0,0.0,13.800038936427551
DIR0_11500m,2022-03-01 00:19:00.000000000,-7.255160388221447,46.37241980588927,11500.0,20915.835847374416,213.92505,0.1932421762903218,0.33154797243892165,1.0,0.0,0.0,13.800025327795703
DIR0_11500m,2022-03-01 00:20:00.000000000,-7.109446814178578,46.44527659291071,11500.0,20915.835847374416,213.96774,0.19172193670740062,0.32884783187902306,1.0,0.0,0.0,13.800012699709441
DIR0_11500m,2022-03-01 00:21:00.000000000,-6.963605601496507,46.518197199251745,11500.0,20915.835847374416,214.00256,0.19021684639422895,0.3261912992073893,1.0,0.0,0.0,13.800001032361426
DIR0_11500m,2022-03-01 00:22:00.000000000,-6.81763630794415,46.59118184602792,11500.0,20915.835847374416,213.987,0.18945017031944916,0.32490926047373203,1.0,0.0,0.0,13.799990305506796
DIR0_11500m,2022-03-01 00:23:00.000000000,-6.671538489728981,46.664230755135506,11500.0,20915.835847374416,213.90707,0.19184795805672264,0.3291959003841321,1.0,0.0,0.0,13.799980498469493
DIR0_11500m,2022-03-01 00:24:00.000000000,-6.52531170149416,46.73734414925292,11500.0,20915.835847374416,213.78798,0.1973712359815798,0.33893702630600847,1.0,0.0,0.0,13.799971590127386
DIR0_11500m,2022-03-01 00:25:00.000000000,-6.37895549631579,46.8105222518421,11500.0,20915.835847374416,213.65468,0.2043471520485857,0.3512238549311482,1.0,0.0,0.0,13.799963558926185
DIR0_11500m,2022-03-01 00:26:00.000000000,-6.232469425700123,46.883765287149934,11500.0,20915.835847374416,213.52669,0.21288610493131963,0.366206956378137,1.0,0.0,0.0,13.799956382858086
DIR0_11500m,2022-03-01 00:27:00.000000000,-6.0858530395808925,46.95707348020955,11500.0,20915.835847374416,213.39792,0.22327311491696142,0.38439769205466245,1.0,0.0,0.0,13.79995003947425
DIR0_11500m,2022-03-01 00:28:00.000000000,-5.93910588631661,47.030447056841695,11500.0,20915.835847374416,213.27972,0.23342268860336338,0.40218060719586585,1.0,0.0,0.0,13.800023579254773
DIR0_11500m,2022-03-01 00:29:00.000000000,-5.792226670700642,47.10388666464968,11500.0,20915.835847374416,213.16139,0.24291714542621284,0.41886211397003664,1.0,0.0,0.0,13.80003653723146
DIR0_11500m,2022-03-01 00:30:00.000000000,-5.645215589711572,47.17739220514421,11500.0,20915.835847374416,213.04102,0.2510982940818967,0.43330649665458437,1.0,0.0,0.0,13.800028894948051
DIR0_11500m,2022-03-01 00:31:00.000000000,-5.49807241433431,47.25096379283284,11500.0,20915.835847374416,212.92184,0.2586466566777281,0.4466746601476279,1.0,0.0,0.0,13.800021967872912
DIR0_11500m,2022-03-01 00:32:00.000000000,-5.350796686943932,47.32460165652803,11500.0,20915.835847374416,212.7976,0.26295502895674855,0.45447965897708054,1.0,0.0,0.0,13.800015731312392
DIR0_11500m,2022-03-01 00:33:00.000000000,-5.203387948328802,47.398306025835595,11500.0,20915.835847374416,212.67426,0.26678679948674633,0.4614690162883842,1.0,0.0,0.0,13.800010160106163
DIR0_11500m,2022-03-01 00:34:00.000000000,-5.055845737688202,47.4720771311559,11500.0,20915.835847374416,212.54594,0.26891907546849125,0.46553970892932683,1.0,0.0,0.0,13.800005228631669
DIR0_11500m,2022-03-01 00:35:00.000000000,-4.90816959262993,47.545915203685034,11500.0,20915.835847374416,212.43033,0.27187738436670134,0.4710105296090133,1.0,0.0,0.0,13.800000910793782
DIR0_11500m,2022-03-01 00:36:00.000000000,-4.760359049168065,47.61982047541597,11500.0,20915.835847374416,212.32242,0.2754524197913597,0.4775330255468147,1.0,0.0,0.0,13.799997180029989
DIR0_11500m,2022-03-01 00:37:00.000000000,-4.612413641720638,47.69379317913968,11500.0,20915.835847374416,212.256,0.273892678041614,0.47502949361737207,1.0,0.0,0.0,13.79999400929973
DIR0_11500m,2022-03-01 00:38:00.000000000,-4.464332903107499,47.767833548446255,11500.0,20915.835847374416,212.20479,0.27171390184898775,0.4714055112485535,1.0,0.0,0.0,13.799991371089579
DIR0_11500m,2022-03-01 00:39:00.000000000,-4.316116364548094,47.84194181772595,11500.0,20915.835847374416,212.20459,0.2678060414457201,0.46462550891301957,1.0,0.0,0.0,13.799989237402405
DIR0_11500m,2022-03-01 00:40:00.000000000,-4.1677635556594375,47.91611822217028,11500.0,20915.835847374416,212.22604,0.2632424686554046,0.45664637495912436,1.0,0.0,0.0,13.799987579762833
DIR0_11500m,2022-03-01 00:41:00.000000000,-4.0192740044540125,47.990362997773,11500.0,20915.835847374416,212.2516,0.2591694599637758,0.4495070460886651,1.0,0.0,0.0,13.799986369208007
DIR0_11500m,2022-03-01 00:42:00.000000000,-3.870647237337804,48.0646763813311,11500.0,20915.835847374416,212.33636,0.25345483464586815,0.4393583202165007,1.0,0.0,0.0,13.799985576287888
DIR0_11500m,2022-03-01 00:43:00.000000000,-3.7218827791083746,48.139058610445815,11500.0,20915.835847374416,212.42677,0.24772143779975403,0.4291713287327412,1.0,0.0,0.0,13.799985171063788
DIR0_11500m,2022-03-01 00:44:00.000000000,-3.572980152952952,48.213509923523524,11500.0,20915.835847374416,212.5129,0.2425126906757988,0.41991525223290777,1.0,0.0,0.0,13.79998512310207
DIR0_11500m,2022-03-01 00:45:00.000000000,-3.4239388804466517,48.28803055977667,11500.0,20915.835847374416,212.60681,0.23743841800369386,0.4108821337713672,1.0,0.0,0.0,13.799985401477944
DIR0_11500m,2022-03-01 00:46:00.000000000,-3.2747584815506734,48.36262075922466,11500.0,20915.835847374416,212.71434,0.23216773984315145,0.40148359816917434,1.0,0.0,0.0,13.79998597476108
DIR0_11500m,2022-03-01 00:47:00.000000000,-3.1254384746106467,48.43728076269467,11500.0,20915.835847374416,212.81377,0.22785660269822305,0.3937763925111889,1.0,0.0,0.0,13.79998681103079
DIR0_11500m,2022-03-01 00:48:00.000000000,-2.9759783763549463,48.51201081182252,11500.0,20915.835847374416,212.90314,0.22392520518537506,0.3867588660281841,1.0,0.0,0.0,13.799987877855992
DIR0_11500m,2022-03-01 00:49:00.000000000,-2.826377701893142,48.586811149053425,11500.0,20915.835847374416,212.99051,0.22029369542580027,0.3802723458050182,1.0,0.0,0.0,13.799989142302303
DIR0_11500m,2022-03-01 00:50:00.000000000,-2.6766359647144857,48.661682017642754,11500.0,20915.835847374416,213.04237,0.2183241167489807,0.3767460205114573,1.0,0.0,0.0,13.799990570928893
DIR0_11500m,2022-03-01 00:51:00.000000000,-2.5267526766864354,48.73662366165678,11500.0,20915.835847374416,213.05417,0.21825028348865128,0.3765893464633052,1.0,0.0,0.0,13.799992129784544
DIR0_11500m,2022-03-01 00:52:00.000000000,-2.376727348053304,48.81163632597334,11500.0,20915.835847374416,213.04976,0.2194194867334261,0.37861803321338683,1.0,0.0,0.0,13.799993784405343
DIR0_11500m,2022-03-01 00:53:00.000000000,-2.2265594874349155,48.88672025628254,11500.0,20915.835847374416,213.0433,0.22071105453925582,0.38086238674191364,1.0,0.0,0.0,13.799995499811029
DIR0_11500m,2022-03-01 00:54:00.000000000,-2.076248601825378,48.96187569908731,11500.0,20915.835847374416,213.0447,0.22155138926447787,0.38230870609306744,1.0,0.0,0.0,13.799997240505986
DIR0_11500m,2022-03-01 00:55:00.000000000,-1.9257941965918826,49.03710290170405,11500.0,20915.835847374416,213.05798,0.22113659702197241,0.3815601459826137,1.0,0.0,0.0,13.799998970475826
DIR0_11500m,2022-03-01 00:56:00.000000000,-1.7751957754736114,49.11240211226319,11500.0,20915.835847374416,213.09125,0.21898116934022288,0.37776003123355617,1.0,0.0,0.0,13.800000653182607
DIR0_11500m,2022-03-01 00:57:00.000000000,-1.6244528405806766,49.187773579709656,11500.0,20915.835847374416,213.07953,0.21857036222369453,0.3770797616382859,1.0,0.0,0.0,13.800002251565195
DIR0_11500m,2022-03-01 00:58:00.000000000,-1.4735648923931952,49.2632175538034,11500.0,20915.835847374416,213.0744,0.2175561324636086,0.3753433815256768,1.0,0.0,0.0,13.800003728037828
DIR0_11500m,2022-03-01 00:59:00.000000000,-1.3225314297603301,49.33873428511983,11500.0,20915.835847374416,213.04037,0.21746118096582284,0.3752620901047395,1.0,0.0,0.0,13.80000504448492
DIR0_11500m,2022-03-01 01:00:00.000000000,-1.1713519498995633,49.41432402505022,11500.0,20915.835847374416,212.95491,0.22071039729563016,0.3810790614998164,1.0,0.0,0.0,13.800006162260269
DIR0_11500m,2022-03-01 01:01:00.000000000,-1.0200259483958716,49.489987025802066,11500.0,20915.835847374416,212.82288,0.2275798542462514,0.3932756895733765,1.0,0.0,0.0,13.800007042189662
DIR0_11500m,2022-03-01 01:02:00.000000000,-0.8685529192011064,49.565723540399446,11500.0,20915.835847374416,212.6442,0.23619701761714548,0.4086354345810981,1.0,0.0,0.0,13.800007644559242
DIR0_11500m,2022-03-01 01:03:00.000000000,-0.7169323546334245,49.641533822683286,11500.0,20915.835847374416,212.48245,0.24471135365833205,0.42380545676889825,1.0,0.0,0.0,13.80000792912277
DIR0_11500m,2022-03-01 01:04:00.000000000,-0.5651637453767396,49.71741812731163,11500.0,20915.835847374416,212.2982,0.2551141186250879,0.4423413211328601,1.0,0.0,0.0,13.800007855093947
DIR0_11500m,2022-03-01 01:05:00.000000000,-0.41324658048035356,49.793376709759826,11500.0,20915.835847374416,212.1472,0.26330717604669623,0.4569883402899945,1.0,0.0,0.0,13.800007381148149
DIR0_11500m,2022-03-01 01:06:00.000000000,-0.2611803473585734,49.86940982632071,11500.0,20915.835847374416,212.03143,0.2695932350925092,0.46824193528770314,1.0,0.0,0.0,13.80000646541856
DIR0_11500m,2022-03-01 01:07:00.000000000,-0.10896453179049263,49.945517734104754,11500.0,20915.835847374416,211.9372,0.2747545093324226,0.47749239248252523,1.0,0.0,0.0,13.800005065494553
DIR0_11500m,2022-03-01 01:08:00.000000000,0.04340138208019141,50.021700691040095,11500.0,20915.835847374416,211.87674,0.2780694994327317,0.4834376796876402,1.0,0.0,0.0,13.800003138420772
DIR0_11500m,2022-03-01 01:09:00.000000000,0.19591791174525677,50.09795895587263,11500.0,20915.835847374416,211.88646,0.27726204654621767,0.48200377583381465,1.0,0.0,0.0,13.800000640695098
DIR0_11500m,2022-03-01 01:10:00.000000000,0.3485855763319327,50.17429278816597,11500.0,20915.835847374416,211.88116,0.2768848919936879,0.48136530412506334,1.0,0.0,0.0,13.799997528267639
DIR0_11500m,2022-03-01 01:11:00.000000000,0.5014048966028329,50.25070244830142,11500.0,20915.835847374416,211.87555,0.27636708140096533,0.48048171551177715,1.0,0.0,0.0,13.799993756538104
DIR0_11500m,2022-03-01 01:12:00.000000000,0.6543763949557224,50.32718819747787,11500.0,20915.835847374416,211.88412,0.275181145024171,0.47839435965857163,1.0,0.0,0.0,13.799989280355817
DIR0_11500m,2022-03-01 01:13:00.000000000,0.8075005954232681,50.40375029771164,11500.0,20915.835847374416,211.88937,0.2747231420187564,0.47758206385775304,1.0,0.0,0.0,13.799984054014509
DIR0_11500m,2022-03-01 01:14:00.000000000,0.9607780236726323,50.480389011836316,11500.0,20915.835847374416,211.89998,0.27463307044850555,0.4773928523033816,1.0,0.0,0.0,13.79997803125982
DIR0_11500m,2022-03-01 01:15:00.000000000,1.1142092070050131,50.55710460350251,11500.0,20915.835847374416,211.91133,0.2746194950217319,0.4773350793572005,1.0,0.0,0.0,13.799971165274915
DIR0_11500m,2022-03-01 01:16:00.000000000,1.2677946743550756,50.63389733717754,11500.0,20915.835847374416,211.91656,0.2749405242705134,0.47787820063065023,1.0,0.0,0.0,13.79996340869297
DIR0_11500m,2022-03-01 01:17:00.000000000,1.4215349562902617,50.71076747814513,11500.0,20915.835847374416,211.8598,0.2800734882789351,0.48697381302501863,1.0,0.0,0.0,13.799954713585876
DIR0_11500m,2022-03-01 01:18:00.000000000,1.5754305850100407,50.78771529250502,11500.0,20915.835847374416,211.77138,0.2870463645726569,0.4993770700681719,1.0,0.0,0.0,13.79994972793492
DIR0_11500m,2022-03-01 01:19:00.000000000,1.72948214679925,50.86474107339962,11500.0,20915.835847374416,211.646,0.29655929517804186,0.5163356523887533,1.0,0.0,0.0,13.800047702561109
DIR0_11500m,2022-03-01 01:20:00.000000000,1.8836913399820132,50.941845669991004,11500.0,20915.835847374416,211.45096,0.3122444327463942,0.5443120587596382,1.0,0.0,0.0,13.80004063804972
DIR0_11500m,2022-03-01 01:21:00.000000000,2.0380575419575413,51.019028770978764,11500.0,20915.835847374416,211.2342,0.33049276548700407,0.57690888754662,1.0,0.0,0.0,13.800032457004866
DIR0_11500m,2022-03-01 01:22:00.000000000,2.192581291836048,51.09629064591802,11500.0,20915.835847374416,211.03482,0.35013510331832165,0.6119590114150096,1.0,0.0,0.0,13.800023108569956
DIR0_11500m,2022-03-01 01:23:00.000000000,2.347263130355021,51.17363156517751,11500.0,20915.835847374416,210.83778,0.3712463881349117,0.6496494974280324,1.0,0.0,0.0,13.800012541320942
DIR0_11500m,2022-03-01 01:24:00.000000000,2.502103599877757,51.25105179993887,11500.0,20915.835847374416,210.64528,0.3934294062570113,0.6892920703707115,1.0,0.0,0.0,13.80000070327355
DIR0_11500m,2022-03-01 01:25:00.000000000,2.6571032443918563,51.328551622195924,11500.0,20915.835847374416,210.68044,0.3972486216034623,0.6958329566388433,1.0,0.0,0.0,13.799987541871353
DIR0_11500m,2022-03-01 01:26:00.000000000,2.8122626095075356,51.406131304753764,11500.0,20915.835847374416,210.71635,0.4008273325462004,0.7019448537175689,1.0,0.0,0.0,13.799973003993804
DIR0_11500m,2022-03-01 01:27:00.000000000,2.967582242455879,51.48379112122794,11500.0,20915.835847374416,210.78304,0.40109235603820054,0.7021189564589752,1.0,0.0,0.0,13.799957035954558
DIR0_11500m,2022-03-01 01:28:00.000000000,3.123062692086935,51.561531346043466,11500.0,20915.835847374416,210.90997,0.39382854992910293,0.6888608995823585,1.0,0.0,0.0,13.799939583495439
DIR0_11500m,2022-03-01 01:29:00.000000000,3.2787045088676963,51.639352254433845,11500.0,20915.835847374416,211.03877,0.3860934231092963,0.6747889389893498,1.0,0.0,0.0,13.799948057897415
DIR0_11500m,2022-03-01 01:30:00.000000000,3.434508555139477,51.71725427756974,11500.0,20915.835847374416,211.19283,0.3756367421012643,0.6558800377305699,1.0,0.0,0.0,13.8000661919776
DIR0_11500m,2022-03-01 01:31:00.000000000,3.5904766436223507,51.795238321811176,11500.0,20915.835847374416,211.34247,0.36599201752761695,0.6384418210361199,1.0,0.0,0.0,13.800048913259555
DIR0_11500m,2022-03-01 01:32:00.000000000,3.746607820402118,51.87330391020106,11500.0,20915.835847374416,211.48068,0.3574716882116011,0.6230372899003618,1.0,0.0,0.0,13.800029945230293
DIR0_11500m,2022-03-01 01:33:00.000000000,3.902902642790619,51.95145132139531,11500.0,20915.835847374416,211.54276,0.3530011682527991,0.6150051912408101,1.0,0.0,0.0,13.800009230644191
DIR0_11500m,2022-03-01 01:34:00.000000000,4.0593616697052255,52.02968083485261,11500.0,20915.835847374416,211.58778,0.34957332483771447,0.6088608799824525,1.0,0.0,0.0,13.799986711684294
DIR0_11500m,2022-03-01 01:35:00.000000000,4.215985461666027,52.10799273083301,11500.0,20915.835847374416,211.57635,0.34895484488738715,0.6078265022136571,1.0,0.0,0.0,13.799962329965558
DIR0_11500m,2022-03-01 01:36:00.000000000,4.372774580792924,52.18638729039646,11500.0,20915.835847374416,211.50545,0.35078325768633845,0.6112841059951302,1.0,0.0,0.0,13.79993602653417
DIR0_11500m,2022-03-01 01:37:00.000000000,4.5297295908025745,52.26486479540129,11500.0,20915.835847374416,211.42111,0.3526471879790441,0.6148588218217739,1.0,0.0,0.0,13.799911743552281
DIR0_11500m,2022-03-01 01:38:00.000000000,4.686851102591412,52.3434255512957,11500.0,20915.835847374416,211.26257,0.357073623009841,0.6231959517941897,1.0,0.0,0.0,13.800083499144288
DIR0_11500m,2022-03-01 01:39:00.000000000,4.844141942090095,52.422070971045045,11500.0,20915.835847374416,211.1159,0.36087388684531846,0.6304054239211825,1.0,0.0,0.0,13.800056181654739
DIR0_11500m,2022-03-01 01:40:00.000000000,5.0016004365368065,52.5008002182684,11500.0,20915.835847374416,210.97835,0.3640298963333027,0.6364665151229,1.0,0.0,0.0,13.800026717500721
DIR0_11500m,2022-03-01 01:41:00.000000000,5.159227156405176,52.57961357820258,11500.0,20915.835847374416,210.81094,0.365556463344009,0.6398022756213103,1.0,0.0,0.0,13.799995044720616
DIR0_11500m,2022-03-01 01:42:00.000000000,5.3170226737484825,52.65851133687424,11500.0,20915.835847374416,210.66167,0.36660379319062986,0.6422283903511254,1.0,0.0,0.0,13.799961100789051
DIR0_11500m,2022-03-01 01:43:00.000000000,5.474987562195737,52.73749378109787,11500.0,20915.835847374416,210.51701,0.36717714531281537,0.6438091540874319,1.0,0.0,0.0,13.799924822615438
DIR0_11500m,2022-03-01 01:44:00.000000000,5.633122396947583,52.81656119847379,11500.0,20915.835847374416,210.37006,0.36610734309914766,0.6425168402655661,1.0,0.0,0.0,13.799944517664057
DIR0_11500m,2022-03-01 01:45:00.000000000,5.791428424739157,52.89571421236958,11500.0,20915.835847374416,210.22707,0.3653730560649896,0.6417930857859414,1.0,0.0,0.0,13.800087051900448
DIR0_11500m,2022-03-01 01:46:00.000000000,5.949907665815929,52.97495383290797,11500.0,20915.835847374416,210.103,0.3654648167072954,0.6424454477753354,1.0,0.0,0.0,13.80004862383823
DIR0_11500m,2022-03-01 01:47:00.000000000,6.108558654478858,53.05427932723942,11500.0,20915.835847374416,209.98827,0.3654741515038008,0.6429123498307237,1.0,0.0,0.0,13.800007618845058
DIR0_11500m,2022-03-01 01:48:00.000000000,6.26738197257658,53.13369098628829,11500.0,20915.835847374416,209.86902,0.3655741353485343,0.6435576184737002,1.0,0.0,0.0,13.799963970836927
DIR0_11500m,2022-03-01 01:49:00.000000000,6.4263782035067765,53.21318910175339,11500.0,20915.835847374416,209.79593,0.36611176149868846,0.6447931510206065,1.0,0.0,0.0,13.799917613176925
DIR0_11500m,2022-03-01 01:50:00.000000000,6.585547932211043,53.292773966105514,11500.0,20915.835847374416,209.72145,0.3665849621639606,0.6459207382163321,1.0,0.0,0.0,13.799959354717169
DIR0_11500m,2022-03-01 01:51:00.000000000,6.744892795071149,53.37244639753557,11500.0,20915.835847374416,209.63347,0.3668817977786451,0.6467907947717165,1.0,0.0,0.0,13.800090127966001
DIR0_11500m,2022-03-01 01:52:00.000000000,6.904414446196133,53.452207223098064,11500.0,20915.835847374416,209.62238,0.3653467180379093,0.6441269726322818,1.0,0.0,0.0,13.800040576448259
DIR0_11500m,2022-03-01 01:53:00.000000000,7.064111427957755,53.53205571397887,11500.0,20915.835847374416,209.61119,0.36381104754948845,0.64146434445272,1.0,0.0,0.0,13.799988057309795
DIR0_11500m,2022-03-01 01:54:00.000000000,7.223984331825581,53.61199216591279,11500.0,20915.835847374416,209.5959,0.36253189518975915,0.6392673103988145,1.0,0.0,0.0,13.799932500953876
DIR0_11500m,2022-03-01 01:55:00.000000000,7.384033750785218,53.6920168753926,11500.0,20915.835847374416,209.59308,0.36166518761018834,0.6377492548682718,1.0,0.0,0.0,13.79988583986269
DIR0_11500m,2022-03-01 01:56:00.000000000,7.5442604187689035,53.77213020938444,11500.0,20915.835847374416,209.59702,0.36114208037149625,0.6368118423450242,1.0,0.0,0.0,13.80011248077792
DIR0_11500m,2022-03-01 01:57:00.000000000,7.704668147744797,53.85233407387239,11500.0,20915.835847374416,209.61147,0.36146863213090186,0.6373315421457217,1.0,0.0,0.0,13.8000528134815
DIR0_11500m,2022-03-01 01:58:00.000000000,7.865254250764811,53.9326271253824,11500.0,20915.835847374416,209.61708,0.36255943926226863,0.6392352384919782,1.0,0.0,0.0,13.799989838222055
DIR0_11500m,2022-03-01 01:59:00.000000000,8.026019327221741,54.01300966361087,11500.0,20915.835847374416,209.62447,0.3640327710918377,0.6418016575675584,1.0,0.0,0.0,13.799923482497487
DIR0_11500m,2022-03-01 02:00:00.000000000,8.18696397799177,54.09348198899588,11500.0,20915.835847374416,209.64786,0.3666307157609199,0.6462914542636601,1.0,0.0,0.0,13.799920376574901
DIR0_11500m,2022-03-01 02:01:00.000000000,8.348089584683299,54.17404479234165,11500.0,20915.835847374416,209.65369,0.3691387693988758,0.6506888498541561,1.0,0.0,0.0,13.800108163656398
DIR0_11500m,2022-03-01 02:02:00.000000000,8.50939902761679,54.2546995138084,11500.0,20915.835847374416,209.65352,0.37211350665711423,0.655934283376834,1.0,0.0,0.0,13.800036727814792
DIR0_11500m,2022-03-01 02:03:00.000000000,8.670889929416859,54.33544496470843,11500.0,20915.835847374416,209.65358,0.3768279117242978,0.6642438719774739,1.0,0.0,0.0,13.799961628131927
DIR0_11500m,2022-03-01 02:04:00.000000000,8.832562897225484,54.416281448612736,11500.0,20915.835847374416,209.65611,0.38137387643866444,0.6722457232756729,1.0,0.0,0.0,13.799882789269432
DIR0_11500m,2022-03-01 02:05:00.000000000,8.994418539630288,54.497209269815144,11500.0,20915.835847374416,209.64156,0.3857787931167323,0.6800721467984111,1.0,0.0,0.0,13.80005790148278
DIR0_11500m,2022-03-01 02:06:00.000000000,9.156460495105058,54.578230247552526,11500.0,20915.835847374416,209.65436,0.3898208859748387,0.6871427013359986,1.0,0.0,0.0,13.800069215893743
DIR0_11500m,2022-03-01 02:07:00.000000000,9.318687504625943,54.65934375231297,11500.0,20915.835847374416,209.66199,0.3934917891513053,0.6935806251251978,1.0,0.0,0.0,13.799984275990898
DIR0_11500m,2022-03-01 02:08:00.000000000,9.481099098325307,54.74054954916266,11500.0,20915.835847374416,209.64514,0.3973832641216321,0.7005137051896013,1.0,0.0,0.0,13.79989530113738
DIR0_11500m,2022-03-01 02:09:00.000000000,9.643695890893108,54.82184794544655,11500.0,20915.835847374416,209.67264,0.3979525801408736,0.7013998353159375,1.0,0.0,0.0,13.800011836112997
DIR0_11500m,2022-03-01 02:10:00.000000000,9.806480972560507,54.903240486280254,11500.0,20915.835847374416,209.69415,0.39832767742474345,0.7019675889436207,1.0,0.0,0.0,13.80008315761668
DIR0_11500m,2022-03-01 02:11:00.000000000,9.969454484644963,54.98472724232248,11500.0,20915.835847374416,209.69508,0.3990515124796232,0.7032408058528955,1.0,0.0,0.0,2.5847282859610075
DIR0_11500m,2022-03-01 02:11:11.238727768,10.0,55.0,11500.0,20915.835847374416,209.69064,0.39947740198304976,0.704009641153326,1.0,0.0,0.0,0.0
NW150_11500m,2022-03-01 00:00:00.000000000,-10.0,45.0,11500.0,20915.835847374416,214.59476,0.20416863802870372,0.3487439229815942,1.0,0.0,0.0,13.800081585287135
NW150_11500m,2022-03-01 00:01:00.000000000,-9.88670441696356,45.09484335624742,11500.0,20915.835847374416,214.59705,0.2005972629973935,0.3426381546074513,1.0,0.0,0.0,13.800047227045118
NW150_11500m,2022-03-01 00:02:00.000000000,-9.773314076176842,45.18974199935581,11500.0,20915.835847374416,214.59789,0.19836177771322067,0.33881832507789805,1.0,0.0,0.0,13.800014002976392
NW150_11500m,2022-03-01 00:03:00.000000000,-9.659812217558065,45.28468636231212,11500.0,20915.835847374416,214.59158,0.19539765197392198,0.33376847886713357,1.0,0.0,0.0,13.79998188542217
NW150_11500m,2022-03-01 00:04:00.000000000,-9.54618196151081,45.379666879512754,11500.0,20915.835847374416,214.5665,0.19282832728575885,0.32943489201448645,1.0,0.0,0.0,13.799950860786138
NW150_11500m,2022-03-01 00:05:00.000000000,-9.432406316791841,45.47467398526186,11500.0,20915.835847374416,214.54805,0.19081073583741526,0.3260291617860427,1.0,0.0,0.0,13.799920928712949
NW150_11500m,2022-03-01 00:06:00.000000000,-9.31846818845589,45.569698112200804,11500.0,20915.835847374416,214.51624,0.18983051688312588,0.32442207118635136,1.0,0.0,0.0,13.800067109083225
NW150_11500m,2022-03-01 00:07:00.000000000,-9.204346798944448,45.66472963775159,11500.0,20915.835847374416,214.48412,0.18867339263966446,0.32251383653165966,1.0,0.0,0.0,13.800050730275435
NW150_11500m,2022-03-01 00:08:00.000000000,-9.090027576282061,45.75975865781879,11500.0,20915.835847374416,214.43631,0.18687768694136753,0.3195454295745307,1.0,0.0,0.0,13.800022321194419
NW150_11500m,2022-03-01 00:09:00.000000000,-8.975493429896702,45.8547755922212,11500.0,20915.835847374416,214.36182,0.1836854202416874,0.3142427861774885,1.0,0.0,0.0,13.7999950707752
NW150_11500m,2022-03-01 00:10:00.000000000,-8.860726953659205,45.94977086276871,11500.0,20915.835847374416,214.29727,0.17900790241147524,0.3063715854859185,1.0,0.0,0.0,13.799968996959691
NW150_11500m,2022-03-01 00:11:00.000000000,-8.745710680922649,46.044734881623576,11500.0,20915.835847374416,214.22063,0.17527101497936537,0.30012886097374103,1.0,0.0,0.0,13.799944126259756
NW150_11500m,2022-03-01 00:12:00.000000000,-8.63042709326834,46.139658049689466,11500.0,20915.835847374416,214.15863,0.17404948545496873,0.29815937371920986,1.0,0.0,0.0,13.79996170184095
NW150_11500m,2022-03-01 00:13:00.000000000,-8.514857369187974,46.23453050390087,11500.0,20915.835847374416,214.08777,0.1731820712718157,0.2968128523696942,1.0,0.0,0.0,13.80006664903778
NW150_11500m,2022-03-01 00:14:00.000000000,-8.39898092368574,46.32934188624422,11500.0,20915.835847374416,214.09506,0.17071725666114893,0.29257355211369596,1.0,0.0,0.0,13.800043138317646
NW150_11500m,2022-03-01 00:15:00.000000000,-8.282783911700339,46.42408323018683,11500.0,20915.835847374416,214.11635,0.16740050377224497,0.28684901166237664,1.0,0.0,0.0,13.800020847603696
NW150_11500m,2022-03-01 00:16:00.000000000,-8.166248728620634,46.518744890904586,11500.0,20915.835847374416,214.20149,0.16163470596665322,0.27681354473581915,1.0,0.0,0.0,13.799999805201798
NW150_11500m,2022-03-01 00:17:00.000000000,-8.049357766516502,46.613317205762186,11500.0,20915.835847374416,214.34767,0.15343599104692482,0.2625175155663202,1.0,0.0,0.0,13.799980042969505
NW150_11500m,2022-03-01 00:18:00.000000000,-7.932093424302584,46.707790493315706,11500.0,20915.835847374416,214.48624,0.1453333140174692,0.24842546905558685,1.0,0.0,0.0,13.799961595158257
NW150_11500m,2022-03-01 00:19:00.000000000,-7.8144381182053815,46.802155052482014,11500.0,20915.835847374416,214.60953,0.13760896957284027,0.23502882193024358,1.0,0.0,0.0,13.799944497290072
NW150_11500m,2022-03-01 00:20:00.000000000,-7.6963742925477225,46.89640116189405,11500.0,20915.835847374416,214.71292,0.13065105028087787,0.22299103226907085,1.0,0.0,0.0,13.799994929861766
NW150_11500m,2022-03-01 00:21:00.000000000,-7.577881585034636,46.99051819330521,11500.0,20915.835847374416,214.80998,0.1242426978740116,0.2119156306836595,1.0,0.0,0.0,13.800054735138636
NW150_11500m,2022-03-01 00:22:00.000000000,-7.458941878261694,47.08449609035887,11500.0,20915.835847374416,214.85818,0.11964885790776739,0.20401463601087724,1.0,0.0,0.0,13.800038198606133
NW150_11500m,2022-03-01 00:23:00.000000000,-7.3395410215573635,47.17832605302653,11500.0,20915.835847374416,214.88243,0.11527811818338278,0.19652960872853914,1.0,0.0,0.0,13.80002291257999
NW150_11500m,2022-03-01 00:24:00.000000000,-7.219661721251084,47.27199829286591,11500.0,20915.835847374416,214.8961,0.11143621353159758,0.18996240198216943,1.0,0.0,0.0,13.800008894382024
NW150_11500m,2022-03-01 00:25:00.000000000,-7.099286771378659,47.3655030016198,11500.0,20915.835847374416,214.88553,0.10964321188088917,0.18691982130167445,1.0,0.0,0.0,13.799996158727545
NW150_11500m,2022-03-01 00:26:00.000000000,-6.978399066464596,47.458830352069896,11500.0,20915.835847374416,214.87335,0.10639453766928611,0.18139575184708706,1.0,0.0,0.0,13.799984716892943
NW150_11500m,2022-03-01 00:27:00.000000000,-6.856981614669662,47.55197049920475,11500.0,20915.835847374416,214.851,0.10563880902073598,0.18013421149980108,1.0,0.0,0.0,13.799974575951063
NW150_11500m,2022-03-01 00:28:00.000000000,-6.7350175513026915,47.64491358171966,11500.0,20915.835847374416,214.83603,0.10477601273028299,0.17868112055075844,1.0,0.0,0.0,13.799965738069027
NW150_11500m,2022-03-01 00:29:00.000000000,-6.612490152693082,47.73764972386549,11500.0,20915.835847374416,214.79498,0.1078984598641183,0.18405674649427223,1.0,0.0,0.0,13.799958199905092
NW150_11500m,2022-03-01 00:30:00.000000000,-6.489382850417677,47.83016903766334,11500.0,20915.835847374416,214.77315,0.11167509671527702,0.1905268316950707,1.0,0.0,0.0,13.799964789737542
NW150_11500m,2022-03-01 00:31:00.000000000,-6.365678530065045,47.9224613489191,11500.0,20915.835847374416,214.76726,0.11578135092146633,0.1975397300709473,1.0,0.0,0.0,13.80004240971841
NW150_11500m,2022-03-01 00:32:00.000000000,-6.241356964453079,48.014515165281935,11500.0,20915.835847374416,214.79065,0.11768920319669254,0.20076365609034819,1.0,0.0,0.0,13.800033378343896
NW150_11500m,2022-03-01 00:33:00.000000000,-6.116406937367481,48.106322407261274,11500.0,20915.835847374416,214.82379,0.12188191288568112,0.20786980149043346,1.0,0.0,0.0,13.800025365053333
NW150_11500m,2022-03-01 00:34:00.000000000,-5.990812684033617,48.197873185303976,11500.0,20915.835847374416,214.87701,0.12315820210989177,0.20997199534699681,1.0,0.0,0.0,13.800018341174031
NW150_11500m,2022-03-01 00:35:00.000000000,-5.864558670319928,48.2891576147253,11500.0,20915.835847374416,214.9017,0.12575814596401158,0.21436827305291842,1.0,0.0,0.0,13.800012272277348
NW150_11500m,2022-03-01 00:36:00.000000000,-5.7376296086693594,48.380165820391106,11500.0,20915.835847374416,214.91122,0.12779709993760618,0.21783091377573538,1.0,0.0,0.0,13.80000711809176
NW150_11500m,2022-03-01 00:37:00.000000000,-5.610010474257944,48.47088794185662,11500.0,20915.835847374416,214.89673,0.12965644567691575,0.22102164161779536,1.0,0.0,0.0,13.800002832520185
NW150_11500m,2022-03-01 00:38:00.000000000,-5.481686521349756,48.56131413897035,11500.0,20915.835847374416,214.84743,0.13195530140247289,0.22501406774712965,1.0,0.0,0.0,13.799999363723282
NW150_11500m,2022-03-01 00:39:00.000000000,-5.352643299814302,48.65143459795019,11500.0,20915.835847374416,214.7598,0.13592219612519918,0.2319150049519067,1.0,0.0,0.0,13.799996654306035
NW150_11500m,2022-03-01 00:40:00.000000000,-5.2228666717689975,48.74123953793698,11500.0,20915.835847374416,214.67593,0.1391434901691168,0.2375447448587956,1.0,0.0,0.0,13.799994641566824
NW150_11500m,2022-03-01 00:41:00.000000000,-5.092342828306424,48.83071921802904,11500.0,20915.835847374416,214.61734,0.1437498818842117,0.24550464174676775,1.0,0.0,0.0,13.799993257830375
NW150_11500m,2022-03-01 00:42:00.000000000,-4.961058306262661,48.9198639447992,11500.0,20915.835847374416,214.58026,0.1472165449846225,0.25148697689845523,1.0,0.0,0.0,13.799992430848496
NW150_11500m,2022-03-01 00:43:00.000000000,-4.8290000049803306,49.008664080293656,11500.0,20915.835847374416,214.56245,0.15067317342514505,0.2574224119023021,1.0,0.0,0.0,13.799992084263788
NW150_11500m,2022-03-01 00:44:00.000000000,-4.696155203016833,49.097110050509926,11500.0,20915.835847374416,214.59557,0.1512152199023536,0.25829164714337316,1.0,0.0,0.0,13.799992138132012
NW150_11500m,2022-03-01 00:45:00.000000000,-4.562511574745889,49.18519235434873,11500.0,20915.835847374416,214.64182,0.15044897977331706,0.25690339533390966,1.0,0.0,0.0,13.799992509492633
NW150_11500m,2022-03-01 00:46:00.000000000,-4.428057206797825,49.272901573032264,11500.0,20915.835847374416,214.69072,0.15018161362771218,0.256363411825789,1.0,0.0,0.0,13.799993112977818
NW150_11500m,2022-03-01 00:47:00.000000000,-4.2927806142820035,49.360228379978736,11500.0,20915.835847374416,214.73022,0.15090358913998592,0.25752791132372715,1.0,0.0,0.0,13.799993861459598
NW150_11500m,2022-03-01 00:48:00.000000000,-4.156670756732704,49.44716355112047,11500.0,20915.835847374416,214.79042,0.14894114987427318,0.2540759807090124,1.0,0.0,0.0,13.799994666714795
NW150_11500m,2022-03-01 00:49:00.000000000,-4.019717053718365,49.53369797565026,11500.0,20915.835847374416,214.84868,0.1464915058538793,0.24980029648468655,1.0,0.0,0.0,13.799995440112463
NW150_11500m,2022-03-01 00:50:00.000000000,-3.8819094000525762,49.619822667177964,11500.0,20915.835847374416,214.85931,0.14753026322330937,0.2515530410491277,1.0,0.0,0.0,13.799996093293426
NW150_11500m,2022-03-01 00:51:00.000000000,-3.7432381805443815,49.70552877527627,11500.0,20915.835847374416,214.86555,0.14881941480938052,0.2537410226461093,1.0,0.0,0.0,13.799996538855687
NW150_11500m,2022-03-01 00:52:00.000000000,-3.603694284225014,49.790807597392465,11500.0,20915.835847374416,214.88527,0.14684112770631297,0.2503347034604575,1.0,0.0,0.0,13.799996691020644
NW150_11500m,2022-03-01 00:53:00.000000000,-3.4632691179879846,49.87565059109965,11500.0,20915.835847374416,214.87492,0.14629113364711072,0.2494141765070712,1.0,0.0,0.0,13.799996466275909
NW150_11500m,2022-03-01 00:54:00.000000000,-3.3219546195796172,49.96004938665855,11500.0,20915.835847374416,214.84413,0.1470550034201842,0.25076870596451845,1.0,0.0,0.0,13.79999578398484
NW150_11500m,2022-03-01 00:55:00.000000000,-3.179743269878239,50.04399579985828,11500.0,20915.835847374416,214.80736,0.14741668971083702,0.25144780961959046,1.0,0.0,0.0,13.799994566957059
NW150_11500m,2022-03-01 00:56:00.000000000,-3.0366281044011734,50.12748184510206,11500.0,20915.835847374416,214.76355,0.14774928726283093,0.2520882409151769,1.0,0.0,0.0,13.799992741968401
NW150_11500m,2022-03-01 00:57:00.000000000,-2.892602723980547,50.210499748701196,11500.0,20915.835847374416,214.71848,0.14766806116066292,0.2520258959467104,1.0,0.0,0.0,13.799990240216678
NW150_11500m,2022-03-01 00:58:00.000000000,-2.747661304551099,50.293041962338535,11500.0,20915.835847374416,214.6689,0.147902603569435,0.25251034856197274,1.0,0.0,0.0,13.799986997732383
NW150_11500m,2022-03-01 00:59:00.000000000,-2.6017986059957923,50.375101176660536,11500.0,20915.835847374416,214.61288,0.14840783645774128,0.2534667308124199,1.0,0.0,0.0,13.799982955700685
NW150_11500m,2022-03-01 01:00:00.000000000,-2.455009979998446,50.45667033495505,11500.0,20915.835847374416,214.56825,0.1481919633979417,0.25317400308830224,1.0,0.0,0.0,13.79997806072252
NW150_11500m,2022-03-01 01:01:00.000000000,-2.307291376855747,50.5377426468701,11500.0,20915.835847374416,214.54521,0.14598958921427643,0.24944924453976833,1.0,0.0,0.0,13.79997226499816
NW150_11500m,2022-03-01 01:02:00.000000000,-2.1586393512057422,50.61831160212794,11500.0,20915.835847374416,214.52747,0.1438764093673822,0.24586786755255494,1.0,0.0,0.0,13.799965526422925
NW150_11500m,2022-03-01 01:03:00.000000000,-2.0090510666337558,50.698370984186724,11500.0,20915.835847374416,214.51529,0.14159554508993102,0.24199023640234713,1.0,0.0,0.0,13.799957808616085
NW150_11500m,2022-03-01 01:04:00.000000000,-1.8585242991221467,50.77791488380202,11500.0,20915.835847374416,214.51314,0.13813634366630864,0.23608169375188479,1.0,0.0,0.0,13.799949080858502
NW150_11500m,2022-03-01 01:05:00.000000000,-1.7070574393152707,50.856937712439034,11500.0,20915.835847374416,214.50058,0.13540904907672793,0.231439761352525,1.0,0.0,0.0,13.799983414997781
NW150_11500m,2022-03-01 01:06:00.000000000,-1.5546464916724767,50.93543252164237,11500.0,20915.835847374416,214.46577,0.133367536023986,0.2280028923730959,1.0,0.0,0.0,13.800042949207981
NW150_11500m,2022-03-01 01:07:00.000000000,-1.4012892868398896,51.01339334052719,11500.0,20915.835847374416,214.41711,0.1316767689924066,0.22518556252134042,1.0,0.0,0.0,13.800034771989795
NW150_11500m,2022-03-01 01:08:00.000000000,-1.2469905316687553,51.09081811764459,11500.0,20915.835847374416,214.36063,0.1304843267062249,0.2232301683538711,1.0,0.0,0.0,13.800025304009226
NW150_11500m,2022-03-01 01:09:00.000000000,-1.0917510978916665,51.167702686739496,11500.0,20915.835847374416,214.27608,0.13265120996889823,0.22706428327642564,1.0,0.0,0.0,13.800014545442771
NW150_11500m,2022-03-01 01:10:00.000000000,-0.9355724658072169,51.244043266620615,11500.0,20915.835847374416,214.17921,0.1353351737439386,0.23180681425747346,1.0,0.0,0.0,13.800002501669761
NW150_11500m,2022-03-01 01:11:00.000000000,-0.7784567190364065,51.319836472627784,11500.0,20915.835847374416,214.08302,0.13892869131461702,0.23811422874590127,1.0,0.0,0.0,13.7999891826791
NW150_11500m,2022-03-01 01:12:00.000000000,-0.6204065380633252,51.39507932761236,11500.0,20915.835847374416,213.95743,0.14561039056923336,0.24977238610939761,1.0,0.0,0.0,13.799974602439768
NW150_11500m,2022-03-01 01:13:00.000000000,-0.461425192583092,51.469769272388845,11500.0,20915.835847374416,213.82231,0.15323125120825629,0.26307862047421565,1.0,0.0,0.0,13.7999587782132
NW150_11500m,2022-03-01 01:14:00.000000000,-0.30151653268645257,51.54390417561825,11500.0,20915.835847374416,213.7058,0.16094743916917126,0.27653791075327955,1.0,0.0,0.0,13.799941729853087
NW150_11500m,2022-03-01 01:15:00.000000000,-0.1406849789169585,51.6174823430864,11500.0,20915.835847374416,213.59537,0.16927196698586808,0.2910513034388008,1.0,0.0,0.0,13.799923479058988
NW150_11500m,2022-03-01 01:16:00.000000000,0.021064488757338132,51.69050252634314,11500.0,20915.835847374416,213.49445,0.17722925132360956,0.30493458076562774,1.0,0.0,0.0,13.800037442930337
NW150_11500m,2022-03-01 01:17:00.000000000,0.18373471481991757,51.762958766568346,11500.0,20915.835847374416,213.45903,0.18054358129492173,0.3107086544853397,1.0,0.0,0.0,13.800054135849827
NW150_11500m,2022-03-01 01:18:00.000000000,0.34731356742423297,51.83485439409621,11500.0,20915.835847374416,213.44382,0.1832470417213261,0.31539247038536583,1.0,0.0,0.0,13.800034030228618
NW150_11500m,2022-03-01 01:19:00.000000000,0.5117922276083798,51.906190915581966,11500.0,20915.835847374416,213.4269,0.18639178520467495,0.3208399506175746,1.0,0.0,0.0,13.800012700659453
NW150_11500m,2022-03-01 01:20:00.000000000,0.6771635792917738,51.97696895932494,11500.0,20915.835847374416,213.43889,0.1866106330785879,0.3211919469295748,1.0,0.0,0.0,13.7999901852002
NW150_11500m,2022-03-01 01:21:00.000000000,0.8434200169946502,52.04718963272939,11500.0,20915.835847374416,213.42361,0.18822966919241765,0.3240106739222758,1.0,0.0,0.0,13.799966519849992
NW150_11500m,2022-03-01 01:22:00.000000000,1.01055346229693,52.11685452651356,11500.0,20915.835847374416,213.38536,0.19077521702612596,0.32847501729079304,1.0,0.0,0.0,13.7999417377954
NW150_11500m,2022-03-01 01:23:00.000000000,1.1785553809361387,52.185965718139244,11500.0,20915.835847374416,213.30487,0.19445060086583774,0.33497813856503905,1.0,0.0,0.0,13.799915868718232
NW150_11500m,2022-03-01 01:24:00.000000000,1.347416800466216,52.254525774457576,11500.0,20915.835847374416,213.16536,0.2008679113878821,0.3463469836611853,1.0,0.0,0.0,13.800028226818675
NW150_11500m,2022-03-01 01:25:00.000000000,1.5171362964332586,52.32253259044532,11500.0,20915.835847374416,212.98051,0.2097045353664789,0.3620166438907524,1.0,0.0,0.0,13.800064050248245
NW150_11500m,2022-03-01 01:26:00.000000000,1.68769961074384,52.389992551693666,11500.0,20915.835847374416,212.76114,0.2203030935245176,0.38085128356818604,1.0,0.0,0.0,13.800035707958136
NW150_11500m,2022-03-01 01:27:00.000000000,1.8590929415381916,52.45691204737704,11500.0,20915.835847374416,212.50974,0.23474975475578244,0.4064824193796672,1.0,0.0,0.0,13.800006366844299
NW150_11500m,2022-03-01 01:28:00.000000000,2.0313057247601067,52.52329563749123,11500.0,20915.835847374416,212.23686,0.2516764687201666,0.4365522600647777,1.0,0.0,0.0,13.799976050210285
NW150_11500m,2022-03-01 01:29:00.000000000,2.204327053092159,52.589148373160356,11500.0,20915.835847374416,211.96213,0.2692763279987602,0.4678974074003131,1.0,0.0,0.0,13.799944774494586
NW150_11500m,2022-03-01 01:30:00.000000000,2.3781456952806157,52.654475794643076,11500.0,20915.835847374416,211.76408,0.285971456158584,0.4975304723530161,1.0,0.0,0.0,13.799912548950555
NW150_11500m,2022-03-01 01:31:00.000000000,2.552750115430623,52.71928392863415,11500.0,20915.835847374416,211.60057,0.30178170695856793,0.5255785816436557,1.0,0.0,0.0,13.800025547983164
NW150_11500m,2022-03-01 01:32:00.000000000,2.7281360261108265,52.783574283172314,11500.0,20915.835847374416,211.4591,0.31685845213718394,0.552327203062668,1.0,0.0,0.0,13.800070310251925
NW150_11500m,2022-03-01 01:33:00.000000000,2.904287639098437,52.84735628599273,11500.0,20915.835847374416,211.41829,0.3266816390125481,0.5695976960348464,1.0,0.0,0.0,13.800035653315424
NW150_11500m,2022-03-01 01:34:00.000000000,3.0811885353680224,52.910640118994756,11500.0,20915.835847374416,211.39609,0.33511536396504377,0.5843842313605201,1.0,0.0,0.0,13.800000137735003
NW150_11500m,2022-03-01 01:35:00.000000000,3.2588261330665302,52.973433739258525,11500.0,20915.835847374416,211.39195,0.34194186133372384,0.5963024680019726,1.0,0.0,0.0,13.799963750073099
NW150_11500m,2022-03-01 01:36:00.000000000,3.437187640169225,53.03574556692225,11500.0,20915.835847374416,211.45378,0.34325879410659493,0.5983661698939898,1.0,0.0,0.0,13.79992646831523
NW150_11500m,2022-03-01 01:37:00.000000000,3.6162600719618223,53.097584478797295,11500.0,20915.835847374416,211.50972,0.34407452875508865,0.5995777061709557,1.0,0.0,0.0,13.799943886962065
NW150_11500m,2022-03-01 01:38:00.000000000,3.7960328422494536,53.158958094549476,11500.0,20915.835847374416,211.56259,0.34451679488702563,0.6001491050016031,1.0,0.0,0.0,13.800090279160704
NW150_11500m,2022-03-01 01:39:00.000000000,3.976498397947654,53.219872383791994,11500.0,20915.835847374416,211.61478,0.3445259449268273,0.5999682520077674,1.0,0.0,0.0,13.800050782075573
NW150_11500m,2022-03-01 01:40:00.000000000,4.157634606386402,53.28034332552035,11500.0,20915.835847374416,211.6258,0.3443034933727168,0.5995396965892966,1.0,0.0,0.0,13.800010427115703
NW150_11500m,2022-03-01 01:41:00.000000000,4.339427863815142,53.34038157366536,11500.0,20915.835847374416,211.61888,0.34477048324982074,0.600378072810917,1.0,0.0,0.0,13.799969161774092
NW150_11500m,2022-03-01 01:42:00.000000000,4.521864452883596,53.39999819988323,11500.0,20915.835847374416,211.5886,0.3462862044729445,0.6031330952034745,1.0,0.0,0.0,13.799926925392562
NW150_11500m,2022-03-01 01:43:00.000000000,4.704930555995679,53.45920468475397,11500.0,20915.835847374416,211.49826,0.34848220475867336,0.6073032843815335,1.0,0.0,0.0,13.799945290048816
NW150_11500m,2022-03-01 01:44:00.000000000,4.88861478010909,53.51801129684401,11500.0,20915.835847374416,211.40479,0.35086206499179917,0.6118107166134871,1.0,0.0,0.0,13.800094032584427
NW150_11500m,2022-03-01 01:45:00.000000000,5.0729082239025605,53.57642712193283,11500.0,20915.835847374416,211.3009,0.35324885706037734,0.6163731225685434,1.0,0.0,0.0,13.800049796946867
NW150_11500m,2022-03-01 01:46:00.000000000,5.257788866938882,53.634469985914784,11500.0,20915.835847374416,211.19563,0.3548617277336059,0.6195961935748854,1.0,0.0,0.0,13.800004527266935
NW150_11500m,2022-03-01 01:47:00.000000000,5.443242599872851,53.69215293387575,11500.0,20915.835847374416,211.08191,0.3565013500616518,0.6229017689428752,1.0,0.0,0.0,13.799958130859713
NW150_11500m,2022-03-01 01:48:00.000000000,5.629255267365139,53.74948937194031,11500.0,20915.835847374416,210.97072,0.3585985989715761,0.6270007569929172,1.0,0.0,0.0,13.79991050882696
NW150_11500m,2022-03-01 01:49:00.000000000,5.815812675955236,53.80649305729837,11500.0,20915.835847374416,210.83371,0.36061291928988964,0.6310609603506908,1.0,0.0,0.0,13.800022438740301
NW150_11500m,2022-03-01 01:50:00.000000000,6.002906243466793,53.863174761945274,11500.0,20915.835847374416,210.67902,0.3622846291350298,0.6345931631624295,1.0,0.0,0.0,13.800079762007199
NW150_11500m,2022-03-01 01:51:00.000000000,6.190519463048881,53.91955042040538,11500.0,20915.835847374416,210.51299,0.3641077439528929,0.6384439711656594,1.0,0.0,0.0,13.800030134925539
NW150_11500m,2022-03-01 01:52:00.000000000,6.37863425991099,53.97563708366971,11500.0,20915.835847374416,210.3486,0.3649549752714298,0.6405794414522525,1.0,0.0,0.0,13.799979093957013
NW150_11500m,2022-03-01 01:53:00.000000000,6.567236342302421,54.031449832186425,11500.0,20915.835847374416,210.16821,0.3654095767124454,0.6420891629151552,1.0,0.0,0.0,13.799926512080395
NW150_11500m,2022-03-01 01:54:00.000000000,6.756311405334701,54.08700404619348,11500.0,20915.835847374416,209.97081,0.36605449415269503,0.6440017466701443,1.0,0.0,0.0,13.799949642083092
NW150_11500m,2022-03-01 01:55:00.000000000,6.945847470218504,54.1423142019007,11500.0,20915.835847374416,209.83896,0.3660130011052833,0.6444499981415593,1.0,0.0,0.0,13.800098109561839
NW150_11500m,2022-03-01 01:56:00.000000000,7.135833714601291,54.19739466442671,11500.0,20915.835847374416,209.73265,0.3660114580047699,0.644864817590145,1.0,0.0,0.0,13.800043273360885
NW150_11500m,2022-03-01 01:57:00.000000000,7.32624951374758,54.25226499267849,11500.0,20915.835847374416,209.64862,0.36628294214905527,0.6456740724767299,1.0,0.0,0.0,13.79998659383097
NW150_11500m,2022-03-01 01:58:00.000000000,7.51708051518265,54.306941683109144,11500.0,20915.835847374416,209.58713,0.36687753559910746,0.6469646737810217,1.0,0.0,0.0,13.799927921794033
NW150_11500m,2022-03-01 01:59:00.000000000,7.708312353698635,54.361441480335294,11500.0,20915.835847374416,209.57611,0.36699215218699216,0.6472100533571787,1.0,0.0,0.0,13.799940755504373
NW150_11500m,2022-03-01 02:00:00.000000000,7.899932508741545,54.41578065368137,11500.0,20915.835847374416,209.56097,0.36766148239724944,0.6484505729939765,1.0,0.0,0.0,13.800101598995504
NW150_11500m,2022-03-01 02:01:00.000000000,8.09193002481248,54.46997537527261,11500.0,20915.835847374416,209.55222,0.3684031075573445,0.6497922071083063,1.0,0.0,0.0,13.800040063524344
NW150_11500m,2022-03-01 02:02:00.000000000,8.284284693425947,54.52404547359807,11500.0,20915.835847374416,209.56049,0.3697730081535876,0.6521753000146054,1.0,0.0,0.0,13.799976116745375
NW150_11500m,2022-03-01 02:03:00.000000000,8.476982055864806,54.578008602825314,11500.0,20915.835847374416,209.56798,0.37219075195134543,0.6564121804188826,1.0,0.0,0.0,13.799909598036038
NW150_11500m,2022-03-01 02:04:00.000000000,8.670007618606233,54.63188261364137,11500.0,20915.835847374416,209.57687,0.3764798280107029,0.6639404961119997,1.0,0.0,0.0,13.800001454071461
NW150_11500m,2022-03-01 02:05:00.000000000,8.863350105501592,54.685684964836305,11500.0,20915.835847374416,209.5827,0.3810671466595577,0.672005866041878,1.0,0.0,0.0,13.800084970259018
NW150_11500m,2022-03-01 02:06:00.000000000,9.056994361144573,54.73943444851302,11500.0,20915.835847374416,209.58928,0.38621254434113544,0.6810537527701772,1.0,0.0,0.0,13.800014516598749
NW150_11500m,2022-03-01 02:07:00.000000000,9.25092252841246,54.793150181075866,11500.0,20915.835847374416,209.60098,0.39189326739982666,0.6910200922578695,1.0,0.0,0.0,13.79994097205505
NW150_11500m,2022-03-01 02:08:00.000000000,9.445119889561422,54.84685071393333,11500.0,20915.835847374416,209.61258,0.39573629295646834,0.6977472455959932,1.0,0.0,0.0,13.799884395048737
NW150_11500m,2022-03-01 02:09:00.000000000,9.639571976104216,54.90055477264747,11500.0,20915.835847374416,209.64423,0.3977237947891235,0.7011166367007408,1.0,0.0,0.0,13.800118643424014
NW150_11500m,2022-03-01 02:10:00.000000000,9.834268294393622,54.954282053483325,11500.0,20915.835847374416,209.67682,0.3986520957502076,0.7026125304867158,1.0,0.0,0.0,11.73450958673037
NW150_11500m,2022-03-01 02:10:51.020201113,10.0,55.0,11500.0,20915.835847374416,209.69232,0.39940189565033424,0.7038662347280327,1.0,0.0,0.0,0.0
NW300_11500m,2022-03-01 00:00:00.000000000,-10.0,45.0,11500.0,20915.835847374416,214.59476,0.20416863802870372,0.3487439229815942,1.0,0.0,0.0,13.800088117030738
NW300_11500m,2022-03-01 00:01:00.000000000,-9.920923466196545,45.1108246057753,11500.0,20915.835847374416,214.67651,0.19730075027977864,0.33682829882806403,1.0,0.0,0.0,13.799988483207143
NW300_11500m,2022-03-01 00:02:00.000000000,-9.841787090783592,45.221681546099504,11500.0,20915.835847374416,214.7561,0.19163911987129756,0.3269891877473403,1.0,0.0,0.0,13.799946914700234
NW300_11500m,2022-03-01 00:03:00.000000000,-9.762561776579735,45.33256126526844,11500.0,20915.835847374416,214.80676,0.1876658690224437,0.3201009213901196,1.0,0.0,0.0,13.800068521534486
NW300_11500m,2022-03-01 00:04:00.000000000,-9.683213888074711,45.4434537504612,11500.0,20915.835847374416,214.85083,0.18286620330588815,0.3118219914326574,1.0,0.0,0.0,13.799970988479854
NW300_11500m,2022-03-01 00:05:00.000000000,-9.603718788662775,45.5543483933159,11500.0,20915.835847374416,214.88333,0.1785038260830445,0.304317603209313,1.0,0.0,0.0,13.799977984898948
NW300_11500m,2022-03-01 00:06:00.000000000,-9.52404415478526,45.665235190560146,11500.0,20915.835847374416,214.90334,0.17522579284365675,0.29868918268248584,1.0,0.0,0.0,13.800053271614146
NW300_11500m,2022-03-01 00:07:00.000000000,-9.444156596605366,45.77610345079973,11500.0,20915.835847374416,214.92296,0.1718654075905035,0.2929222139243543,1.0,0.0,0.0,13.799958407928843
NW300_11500m,2022-03-01 00:08:00.000000000,-9.364032913206923,45.88694369408733,11500.0,20915.835847374416,214.92326,0.16746218024790815,0.2854166274920787,1.0,0.0,0.0,13.799999237193617
NW300_11500m,2022-03-01 00:09:00.000000000,-9.283636876814912,45.99774496547674,11500.0,20915.835847374416,214.91011,0.16342243199187753,0.2785558398809662,1.0,0.0,0.0,13.800043840610053
NW300_11500m,2022-03-01 00:10:00.000000000,-9.20293682116831,46.10849658970587,11500.0,20915.835847374416,214.88033,0.15885205069627373,0.2708199002223248,1.0,0.0,0.0,13.799952359992572
NW300_11500m,2022-03-01 00:11:00.000000000,-9.121909979302162,46.219189597896154,11500.0,20915.835847374416,214.84462,0.15454971030885936,0.2635484747306719,1.0,0.0,0.0,13.800007173565856
NW300_11500m,2022-03-01 00:12:00.000000000,-9.040516711074574,46.329811923061385,11500.0,20915.835847374416,214.83026,0.1502728688846486,0.25627950023300927,1.0,0.0,0.0,13.800041664870289
NW300_11500m,2022-03-01 00:13:00.000000000,-8.958726351769249,46.4403529319095,11500.0,20915.835847374416,214.83427,0.14574633732679618,0.2485531264833597,1.0,0.0,0.0,13.799954326590367
NW300_11500m,2022-03-01 00:14:00.000000000,-8.876516613395903,46.550803870970384,11500.0,20915.835847374416,214.8806,0.14048559702485175,0.23950730494244898,1.0,0.0,0.0,13.799997280283817
NW300_11500m,2022-03-01 00:15:00.000000000,-8.793846427705692,46.66115185137731,11500.0,20915.835847374416,214.96556,0.13466170002082659,0.22944769460629416,1.0,0.0,0.0,13.800048033196536
NW300_11500m,2022-03-01 00:16:00.000000000,-8.710682585074276,46.771385430343344,11500.0,20915.835847374416,215.06541,0.12884254941558004,0.21938538454266673,1.0,0.0,0.0,13.799965519769557
NW300_11500m,2022-03-01 00:17:00.000000000,-8.627004695416122,46.881496198262,11500.0,20915.835847374416,215.1958,0.12262081656600635,0.20860732036377386,1.0,0.0,0.0,13.799963724929322
NW300_11500m,2022-03-01 00:18:00.000000000,-8.54277404237892,46.99147130478317,11500.0,20915.835847374416,215.31671,0.11653629862368896,0.19809414399798297,1.0,0.0,0.0,13.800063990684194
NW300_11500m,2022-03-01 00:19:00.000000000,-8.45794791284715,47.101296536580705,11500.0,20915.835847374416,215.41661,0.11220535676501212,0.19060320857354385,1.0,0.0,0.0,13.799986781025158
NW300_11500m,2022-03-01 00:20:00.000000000,-8.37251091880526,47.2109644950508,11500.0,20915.835847374416,215.50307,0.10776368219344169,0.18295097936152266,1.0,0.0,0.0,13.799912907865037
NW300_11500m,2022-03-01 00:21:00.000000000,-8.286431043113016,47.320463531247256,11500.0,20915.835847374416,215.56467,0.10413286359414613,0.17671295684159952,1.0,0.0,0.0,13.800076196286195
NW300_11500m,2022-03-01 00:22:00.000000000,-8.199649672192479,47.42977453779333,11500.0,20915.835847374416,215.62515,0.10081279599942866,0.17100810362321744,1.0,0.0,0.0,13.800018562498973
NW300_11500m,2022-03-01 00:23:00.000000000,-8.112156992642236,47.538891255476045,11500.0,20915.835847374416,215.66661,0.09796588724565138,0.166131903284023,1.0,0.0,0.0,13.799950715307018
NW300_11500m,2022-03-01 00:24:00.000000000,-8.023921686547787,47.64780159840676,11500.0,20915.835847374416,215.69266,0.09579294699544806,0.1624185481593423,1.0,0.0,0.0,13.799966729329075
NW300_11500m,2022-03-01 00:25:00.000000000,-7.934900889041014,47.75648995806062,11500.0,20915.835847374416,215.74245,0.0932163945042412,0.15799627468343194,1.0,0.0,0.0,13.800061043952317
NW300_11500m,2022-03-01 00:26:00.000000000,-7.845050721883438,47.86493998285897,11500.0,20915.835847374416,215.78519,0.09135207477284435,0.15479104343541433,1.0,0.0,0.0,13.79999881680529
NW300_11500m,2022-03-01 00:27:00.000000000,-7.754356282969613,47.97314346787794,11500.0,20915.835847374416,215.81833,0.08954746019959817,0.1516989575786063,1.0,0.0,0.0,13.799941466076774
NW300_11500m,2022-03-01 00:28:00.000000000,-7.6627837598578,48.08108657824253,11500.0,20915.835847374416,215.85208,0.08820056224897563,0.1493828902620173,1.0,0.0,0.0,13.79997021160282
NW300_11500m,2022-03-01 00:29:00.000000000,-7.570288211789855,48.18875177037913,11500.0,20915.835847374416,215.88928,0.08674642921364581,0.14688248246745533,1.0,0.0,0.0,13.800056993696558
NW300_11500m,2022-03-01 00:30:00.000000000,-7.4768269238674145,48.296121649584855,11500.0,20915.835847374416,215.9284,0.08536569046754876,0.144505884977463,1.0,0.0,0.0,13.800004459888097
NW300_11500m,2022-03-01 00:31:00.000000000,-7.3823838532286254,48.40318673067621,11500.0,20915.835847374416,215.98154,0.0842317062358673,0.14253430571558354,1.0,0.0,0.0,13.799957317794943
NW300_11500m,2022-03-01 00:32:00.000000000,-7.286924476534726,48.50993160004795,11500.0,20915.835847374416,216.04797,0.08293256042960087,0.14027179640838827,1.0,0.0,0.0,13.799916002343144
NW300_11500m,2022-03-01 00:33:00.000000000,-7.190414116305575,48.61634040787918,11500.0,20915.835847374416,216.11322,0.08223642337099822,0.1390317500241623,1.0,0.0,0.0,13.800039992164178
NW300_11500m,2022-03-01 00:34:00.000000000,-7.092794628021714,48.722389156480915,11500.0,20915.835847374416,216.18498,0.08156802787452072,0.13783412362936723,1.0,0.0,0.0,13.80003247679333
NW300_11500m,2022-03-01 00:35:00.000000000,-6.9940492309502105,48.828066781329696,11500.0,20915.835847374416,216.24995,0.08087865319214856,0.136608032897545,1.0,0.0,0.0,13.79999369432162
NW300_11500m,2022-03-01 00:36:00.000000000,-6.894148187718829,48.933357730861054,11500.0,20915.835847374416,216.30017,0.08036528730837504,0.1356938414817709,1.0,0.0,0.0,13.799960458918342
NW300_11500m,2022-03-01 00:37:00.000000000,-6.793056748530032,49.03824435149423,11500.0,20915.835847374416,216.35742,0.07971897513252382,0.13454920238129778,1.0,0.0,0.0,13.799932926873588
NW300_11500m,2022-03-01 00:38:00.000000000,-6.690740214297752,49.14270850830435,11500.0,20915.835847374416,216.42955,0.07920878153673795,0.13362139931460612,1.0,0.0,0.0,13.799937843262066
NW300_11500m,2022-03-01 00:39:00.000000000,-6.587159882549535,49.24673011887382,11500.0,20915.835847374416,216.49263,0.07872846851600282,0.13275304577888053,1.0,0.0,0.0,13.800045566477195
NW300_11500m,2022-03-01 00:40:00.000000000,-6.482265790411605,49.35028438329414,11500.0,20915.835847374416,216.61967,0.07728088633357127,0.13019726111403168,1.0,0.0,0.0,13.800016892595394
NW300_11500m,2022-03-01 00:41:00.000000000,-6.376044035673477,49.453358808776436,11500.0,20915.835847374416,216.73996,0.0760206872885126,0.1279670142193776,1.0,0.0,0.0,13.799992912057345
NW300_11500m,2022-03-01 00:42:00.000000000,-6.26846086043589,49.555933366915674,11500.0,20915.835847374416,216.87038,0.07448250673441766,0.12526394205332536,1.0,0.0,0.0,13.799973513084367
NW300_11500m,2022-03-01 00:43:00.000000000,-6.159482864941991,49.65798754696593,11500.0,20915.835847374416,217.00027,0.0730540589840985,0.12274980742621007,1.0,0.0,0.0,13.799958516810614
NW300_11500m,2022-03-01 00:44:00.000000000,-6.04907708253976,49.75950036261681,11500.0,20915.835847374416,217.11668,0.07184396280702394,0.12061797943037664,1.0,0.0,0.0,13.799947680043546
NW300_11500m,2022-03-01 00:45:00.000000000,-5.937211058883334,49.86045036176974,11500.0,20915.835847374416,217.16759,0.07134234923440878,0.11973312725799407,1.0,0.0,0.0,13.799940699320981
NW300_11500m,2022-03-01 00:46:00.000000000,-5.82385293518865,49.96081563953219,11500.0,20915.835847374416,217.20758,0.07101083029773012,0.11914301077834157,1.0,0.0,0.0,13.79993721622439
NW300_11500m,2022-03-01 00:47:00.000000000,-5.7089715353039985,50.06057385464187,11500.0,20915.835847374416,217.20724,0.07093772617947026,0.11902113505906851,1.0,0.0,0.0,13.799936823868425
NW300_11500m,2022-03-01 00:48:00.000000000,-5.592536456298742,50.159702249523704,11500.0,20915.835847374416,217.16623,0.07120891640104188,0.1195103918797393,1.0,0.0,0.0,13.799986172738022
NW300_11500m,2022-03-01 00:49:00.000000000,-5.474510677882145,50.25817453206421,11500.0,20915.835847374416,217.1133,0.07158290022369163,0.12018263324583833,1.0,0.0,0.0,13.799994508596447
NW300_11500m,2022-03-01 00:50:00.000000000,-5.354871748093859,50.35596963274947,11500.0,20915.835847374416,217.06076,0.0715833912490246,0.12022777538622205,1.0,0.0,0.0,13.799983976704626
NW300_11500m,2022-03-01 00:51:00.000000000,-5.233595261598681,50.4530650192097,11500.0,20915.835847374416,216.99516,0.07187420060300231,0.12077168967668536,1.0,0.0,0.0,13.799975121025685
NW300_11500m,2022-03-01 00:52:00.000000000,-5.110654935153547,50.54943661286862,11500.0,20915.835847374416,216.94026,0.07204308466896325,0.12110219406012122,1.0,0.0,0.0,13.79996757261231
NW300_11500m,2022-03-01 00:53:00.000000000,-4.986025736245966,50.64506007770398,11500.0,20915.835847374416,216.89752,0.07220619889028508,0.12141269598208768,1.0,0.0,0.0,13.799960967134778
NW300_11500m,2022-03-01 00:54:00.000000000,-4.859683984490885,50.73991086473504,11500.0,20915.835847374416,216.84724,0.07262124445625821,0.12215311049737344,1.0,0.0,0.0,13.799954954124146
NW300_11500m,2022-03-01 00:55:00.000000000,-4.731607452826864,50.83396426092873,11500.0,20915.835847374416,216.83087,0.07258078663203213,0.12209924998154868,1.0,0.0,0.0,13.79994920606064
NW300_11500m,2022-03-01 00:56:00.000000000,-4.601775467741191,50.927195442506765,11500.0,20915.835847374416,216.81862,0.07255927062379626,0.12207350681730998,1.0,0.0,0.0,13.799943427029241
NW300_11500m,2022-03-01 00:57:00.000000000,-4.470169007705538,51.01957953258822,11500.0,20915.835847374416,216.81062,0.07250501158005787,0.12198894006083995,1.0,0.0,0.0,13.799937360774864
NW300_11500m,2022-03-01 00:58:00.000000000,-4.33677079896325,51.111091663052186,11500.0,20915.835847374416,216.84534,0.07199577952180423,0.12110286502540013,1.0,0.0,0.0,13.799930797895813
NW300_11500m,2022-03-01 00:59:00.000000000,-4.201565407776938,51.20170704045092,11500.0,20915.835847374416,216.88632,0.07155531397887127,0.12032750974983947,1.0,0.0,0.0,13.799923581988907
NW300_11500m,2022-03-01 01:00:00.000000000,-4.064539328223156,51.29140101574788,11500.0,20915.835847374416,216.9418,0.07115272724569938,0.11960404197062935,1.0,0.0,0.0,13.799971960084983
NW300_11500m,2022-03-01 01:01:00.000000000,-3.925672691250378,51.38014474820795,11500.0,20915.835847374416,217.00769,0.0707134372941592,0.11881087990094161,1.0,0.0,0.0,13.799989993696935
NW300_11500m,2022-03-01 01:02:00.000000000,-3.7849597100371453,51.467915781071916,11500.0,20915.835847374416,217.06436,0.07038625783234763,0.11821426697079243,1.0,0.0,0.0,13.799982334639
NW300_11500m,2022-03-01 01:03:00.000000000,-3.642396329501675,51.554691941817346,11500.0,20915.835847374416,217.12685,0.07014852095465164,0.11776309940918482,1.0,0.0,0.0,13.799972226780293
NW300_11500m,2022-03-01 01:04:00.000000000,-3.497977620820567,51.640449919342565,11500.0,20915.835847374416,217.18454,0.06993752372249012,0.11736164911582855,1.0,0.0,0.0,13.799959803839897
NW300_11500m,2022-03-01 01:05:00.000000000,-3.3517009350285445,51.72516694972693,11500.0,20915.835847374416,217.23488,0.06978073964254645,0.11705715405260064,1.0,0.0,0.0,13.799945275324054
NW300_11500m,2022-03-01 01:06:00.000000000,-3.203565944136362,51.80882090126587,11500.0,20915.835847374416,217.30527,0.06935256249087532,0.11628094671546872,1.0,0.0,0.0,13.799928921829492
NW300_11500m,2022-03-01 01:07:00.000000000,-3.053574671729448,51.89139036009824,11500.0,20915.835847374416,217.40315,0.06854479447193335,0.11484739887677643,1.0,0.0,0.0,13.799911088530228
NW300_11500m,2022-03-01 01:08:00.000000000,-2.901731512451368,51.9728547157803,11500.0,20915.835847374416,217.49089,0.06786192687666429,0.11363270658478253,1.0,0.0,0.0,13.799892177004786
NW300_11500m,2022-03-01 01:09:00.000000000,-2.748043239880722,52.05319424613203,11500.0,20915.835847374416,217.56378,0.06737221392678701,0.11275453718275846,1.0,0.0,0.0,13.799872635548102
NW300_11500m,2022-03-01 01:10:00.000000000,-2.592519002426449,52.13239020066219,11500.0,20915.835847374416,217.58699,0.06742795688783504,0.11282894587303278,1.0,0.0,0.0,13.799918196999815
NW300_11500m,2022-03-01 01:11:00.000000000,-2.435161734620993,52.210419305589014,11500.0,20915.835847374416,217.60378,0.06750845251050631,0.1129504167848939,1.0,0.0,0.0,13.80001727346871
NW300_11500m,2022-03-01 01:12:00.000000000,-2.2759778928155523,52.28725973598111,11500.0,20915.835847374416,217.61465,0.06766336795294395,0.11320094171547058,1.0,0.0,0.0,13.799984330624138
NW300_11500m,2022-03-01 01:13:00.000000000,-2.1149993340076914,52.36290611830523,11500.0,20915.835847374416,217.57489,0.06818507873141393,0.11410588879584344,1.0,0.0,0.0,13.799951373987865
NW300_11500m,2022-03-01 01:14:00.000000000,-1.9522445899607144,52.43734445248597,11500.0,20915.835847374416,217.52547,0.06879918635715589,0.11517369729052322,1.0,0.0,0.0,13.799919043727886
NW300_11500m,2022-03-01 01:15:00.000000000,-1.7877343600936229,52.51056208865982,11500.0,20915.835847374416,217.4609,0.06957203606718103,0.11652097605914857,1.0,0.0,0.0,13.799887962880513
NW300_11500m,2022-03-01 01:16:00.000000000,-1.6214914334946287,52.58254778697197,11500.0,20915.835847374416,217.35555,0.07068290231796087,0.1184695630642187,1.0,0.0,0.0,13.799858723777916
NW300_11500m,2022-03-01 01:17:00.000000000,-1.4535406002124682,52.65329177133451,11500.0,20915.835847374416,217.24817,0.07186964458726602,0.12054959089406295,1.0,0.0,0.0,13.799932400360657
NW300_11500m,2022-03-01 01:18:00.000000000,-1.2838968509394306,52.722776879952,11500.0,20915.835847374416,217.1574,0.07305776094119183,0.12262105509837058,1.0,0.0,0.0,13.800022895727567
NW300_11500m,2022-03-01 01:19:00.000000000,-1.112586568735346,52.79099418551142,11500.0,20915.835847374416,217.03723,0.07445034465127795,0.12506369666130876,1.0,0.0,0.0,13.799979744380856
NW300_11500m,2022-03-01 01:20:00.000000000,-0.939654493106282,52.85794941390775,11500.0,20915.835847374416,216.91246,0.07599465691058314,0.12776950401581316,1.0,0.0,0.0,13.79993980822863
NW300_11500m,2022-03-01 01:21:00.000000000,-0.7651324704414992,52.92363915934596,11500.0,20915.835847374416,216.789,0.07770466168004105,0.13075727658216424,1.0,0.0,0.0,13.799903543039914
NW300_11500m,2022-03-01 01:22:00.000000000,-0.58905376130441,52.98806164521917,11500.0,20915.835847374416,216.65108,0.07957875940984435,0.134039482314195,1.0,0.0,0.0,13.799871319328068
NW300_11500m,2022-03-01 01:23:00.000000000,-0.4114529056363683,53.05121673352388,11500.0,20915.835847374416,216.49857,0.08205158813714802,0.138350777121085,1.0,0.0,0.0,13.799883487855835
NW300_11500m,2022-03-01 01:24:00.000000000,-0.23236145040008688,53.113102325162444,11500.0,20915.835847374416,216.32748,0.0850360183241923,0.14355277218941395,1.0,0.0,0.0,13.800041638811695
NW300_11500m,2022-03-01 01:25:00.000000000,-0.05180178075359701,53.17370859885779,11500.0,20915.835847374416,216.14218,0.08810116304269189,0.14891759501067006,1.0,0.0,0.0,13.799997826361663
NW300_11500m,2022-03-01 01:26:00.000000000,0.1301688372749128,53.23305718245863,11500.0,20915.835847374416,215.94534,0.0923902765834639,0.15637859363719306,1.0,0.0,0.0,13.79995906677288
NW300_11500m,2022-03-01 01:27:00.000000000,0.31351209182943873,53.29115454024764,11500.0,20915.835847374416,215.73582,0.097468835271845,0.1652113780939601,1.0,0.0,0.0,13.799925437345752
NW300_11500m,2022-03-01 01:28:00.000000000,0.4981891081365398,53.348008707064906,11500.0,20915.835847374416,215.51656,0.10274040330151105,0.17440674947775006,1.0,0.0,0.0,13.799896927149362
NW300_11500m,2022-03-01 01:29:00.000000000,0.6841605865459447,53.40362925472488,11500.0,20915.835847374416,215.30945,0.10887184394477618,0.18507518121890137,1.0,0.0,0.0,13.799873443428513
NW300_11500m,2022-03-01 01:30:00.000000000,0.8713869372082249,53.458027252752736,11500.0,20915.835847374416,215.10242,0.11528999157144451,0.19625999666422944,1.0,0.0,0.0,13.800003277034353
NW300_11500m,2022-03-01 01:31:00.000000000,1.059841386059982,53.51120202304285,11500.0,20915.835847374416,214.89935,0.12219631632672978,0.2083007825849608,1.0,0.0,0.0,13.800022995807959
NW300_11500m,2022-03-01 01:32:00.000000000,1.2494744497163712,53.56317674160802,11500.0,20915.835847374416,214.701,0.1293568882592515,0.22080003152638747,1.0,0.0,0.0,13.799990701417501
NW300_11500m,2022-03-01 01:33:00.000000000,1.4402417277776687,53.61397145077638,11500.0,20915.835847374416,214.48265,0.13781565450610833,0.23558115178369263,1.0,0.0,0.0,13.799963553889912
NW300_11500m,2022-03-01 01:34:00.000000000,1.6321037411299624,53.66360278336795,11500.0,20915.835847374416,214.2521,0.14687096819255074,0.25144500100531486,1.0,0.0,0.0,13.79994125028068
NW300_11500m,2022-03-01 01:35:00.000000000,1.825021324003966,53.71208859964829,11500.0,20915.835847374416,213.9977,0.15705356440822602,0.26932982852677323,1.0,0.0,0.0,13.799923448384668
NW300_11500m,2022-03-01 01:36:00.000000000,2.018955721933458,53.75944792559232,11500.0,20915.835847374416,213.71657,0.16920738043710357,0.2907091311963549,1.0,0.0,0.0,13.79990977671296
NW300_11500m,2022-03-01 01:37:00.000000000,2.2138686820629156,53.80570088956387,11500.0,20915.835847374416,213.43332,0.18239748201801842,0.313951343106651,1.0,0.0,0.0,13.799948984012369
NW300_11500m,2022-03-01 01:38:00.000000000,2.4097261233968394,53.85086443783775,11500.0,20915.835847374416,213.18678,0.19638942334820014,0.3385784223934519,1.0,0.0,0.0,13.800036187046471
NW300_11500m,2022-03-01 01:39:00.000000000,2.6064941186617454,53.894956781536706,11500.0,20915.835847374416,212.95737,0.21088043515296861,0.3641008705567949,1.0,0.0,0.0,13.800015078206986
NW300_11500m,2022-03-01 01:40:00.000000000,2.8041285449179454,53.93801009691704,11500.0,20915.835847374416,212.76285,0.2248961226096395,0.3887877141435188,1.0,0.0,0.0,13.799997820944922
NW300_11500m,2022-03-01 01:41:00.000000000,3.0025939610012564,53.980048284180945,11500.0,20915.835847374416,212.62843,0.2371892126242482,0.4103936390159456,1.0,0.0,0.0,13.79998401562078
NW300_11500m,2022-03-01 01:42:00.000000000,3.2018557630111504,54.02109601742057,11500.0,20915.835847374416,212.51205,0.24898570207188744,0.4311265249360167,1.0,0.0,0.0,13.799973270276453
NW300_11500m,2022-03-01 01:43:00.000000000,3.4018802267900927,54.06117868295929,11500.0,20915.835847374416,212.43471,0.2594963126764664,0.4495489679935713,1.0,0.0,0.0,13.799965206082186
NW300_11500m,2022-03-01 01:44:00.000000000,3.602634543121369,54.10032231942916,11500.0,20915.835847374416,212.3744,0.2691023596124618,0.4663682854901949,1.0,0.0,0.0,13.799959461841203
NW300_11500m,2022-03-01 01:45:00.000000000,3.804086845940391,54.13855355989434,11500.0,20915.835847374416,212.30011,0.27963407878671404,0.4848503083336336,1.0,0.0,0.0,13.799955697547006
NW300_11500m,2022-03-01 01:46:00.000000000,4.006206233889081,54.175899576289325,11500.0,20915.835847374416,212.19759,0.2923562035830478,0.507241681609098,1.0,0.0,0.0,13.799953597046356
NW300_11500m,2022-03-01 01:47:00.000000000,4.2089627855703755,54.212388026400205,11500.0,20915.835847374416,212.05952,0.3058313118598609,0.5310857962999702,1.0,0.0,0.0,13.799952869863993
NW300_11500m,2022-03-01 01:48:00.000000000,4.412327568879176,54.24804700357823,11500.0,20915.835847374416,211.89197,0.31983031650939103,0.5559872506279635,1.0,0.0,0.0,13.800006698355082
NW300_11500m,2022-03-01 01:49:00.000000000,4.616275463747703,54.28290105533668,11500.0,20915.835847374416,211.71164,0.3328526831345712,0.5792855215976912,1.0,0.0,0.0,13.80002186330937
NW300_11500m,2022-03-01 01:50:00.000000000,4.8207773188467336,54.31698200019649,11500.0,20915.835847374416,211.54614,0.3429413634256757,0.5974656561708646,1.0,0.0,0.0,13.800015437867602
NW300_11500m,2022-03-01 01:51:00.000000000,5.025806007656997,54.35032061443085,11500.0,20915.835847374416,211.4125,0.34867262560490797,0.6079623844399009,1.0,0.0,0.0,13.800010375711302
NW300_11500m,2022-03-01 01:52:00.000000000,5.231336597381306,54.38294625060993,11500.0,20915.835847374416,211.31277,0.3516821537466736,0.6135937885872756,1.0,0.0,0.0,13.80000645900439
NW300_11500m,2022-03-01 01:53:00.000000000,5.4373451133414585,54.414888488970746,11500.0,20915.835847374416,211.28146,0.3495159411170865,0.609934485312682,1.0,0.0,0.0,13.80000349351675
NW300_11500m,2022-03-01 01:54:00.000000000,5.6438085208209365,54.446177106025864,11500.0,20915.835847374416,211.23193,0.3487050064051207,0.608707448551966,1.0,0.0,0.0,13.800001307532371
NW300_11500m,2022-03-01 01:55:00.000000000,5.850704703709083,54.47684204628585,11500.0,20915.835847374416,211.16978,0.3492470789060653,0.6098903818370464,1.0,0.0,0.0,13.799999750511848
NW300_11500m,2022-03-01 01:56:00.000000000,6.0580124402773405,54.50691339704715,11500.0,20915.835847374416,211.09125,0.35062061219254237,0.6125890998523967,1.0,0.0,0.0,13.799998691594203
NW300_11500m,2022-03-01 01:57:00.000000000,6.2657113763975225,54.53642136617987,11500.0,20915.835847374416,210.96437,0.3525284469848156,0.6164104339526635,1.0,0.0,0.0,13.79999801798738
NW300_11500m,2022-03-01 01:58:00.000000000,6.473781996489749,54.56539626283452,11500.0,20915.835847374416,210.7684,0.35521490167363534,0.6218660772523713,1.0,0.0,0.0,13.799997633300183
NW300_11500m,2022-03-01 01:59:00.000000000,6.682205592464387,54.59386848097386,11500.0,20915.835847374416,210.53099,0.35824723317488405,0.6280966375958127,1.0,0.0,0.0,13.799997455870388
NW300_11500m,2022-03-01 02:00:00.000000000,6.890964230898576,54.621868485625136,11500.0,20915.835847374416,210.26231,0.3618085475532323,0.6353945973303837,1.0,0.0,0.0,13.799997417102448
NW300_11500m,2022-03-01 02:01:00.000000000,7.100040718663574,54.64942680173841,11500.0,20915.835847374416,210.02449,0.3653179809622092,0.6424939188501314,1.0,0.0,0.0,13.799997459866288
NW300_11500m,2022-03-01 02:02:00.000000000,7.309418567195235,54.67657400552972,11500.0,20915.835847374416,209.83281,0.3684053986990509,0.6486848889664447,1.0,0.0,0.0,13.79999753696068
NW300_11500m,2022-03-01 02:03:00.000000000,7.519081955575954,54.703340718181515,11500.0,20915.835847374416,209.6408,0.3716772594160281,0.65521350551924,1.0,0.0,0.0,13.799997609654802
NW300_11500m,2022-03-01 02:04:00.000000000,7.729015692573221,54.729757601767766,11500.0,20915.835847374416,209.56862,0.3724553153868649,0.6568753743956639,1.0,0.0,0.0,13.79999764632453
NW300_11500m,2022-03-01 02:05:00.000000000,7.939205177757295,54.75585535726813,11500.0,20915.835847374416,209.5214,0.3725603807770061,0.6572496904128281,1.0,0.0,0.0,13.799997621163726
NW300_11500m,2022-03-01 02:06:00.000000000,8.149636361798798,54.781664724531794,11500.0,20915.835847374416,209.51434,0.3727056677400733,0.6575346264053644,1.0,0.0,0.0,13.799997512987824
NW300_11500m,2022-03-01 02:07:00.000000000,8.360295706026216,54.80721648405044,11500.0,20915.835847374416,209.51883,0.37284635889053186,0.6577637374133936,1.0,0.0,0.0,13.799997304104322
NW300_11500m,2022-03-01 02:08:00.000000000,8.571170141303805,54.832541460397415,11500.0,20915.835847374416,209.52444,0.37438942893928095,0.660463585901317,1.0,0.0,0.0,13.799996979248867
NW300_11500m,2022-03-01 02:09:00.000000000,8.782247026271694,54.85767052718934,11500.0,20915.835847374416,209.53743,0.37842906755774325,0.6675369428860429,1.0,0.0,0.0,13.799996524571583
NW300_11500m,2022-03-01 02:10:00.000000000,8.993514104972913,54.882634613425424,11500.0,20915.835847374416,209.5536,0.3825654943244562,0.6747659806643558,1.0,0.0,0.0,13.799995926658175
NW300_11500m,2022-03-01 02:11:00.000000000,9.204959463875928,54.907464711058445,11500.0,20915.835847374416,209.56406,0.3890917833564443,0.6862331228464829,1.0,0.0,0.0,13.799995171578816
NW300_11500m,2022-03-01 02:12:00.000000000,9.416571488286719,54.932191883650866,11500.0,20915.835847374416,209.57834,0.3943027965474846,0.695364335699541,1.0,0.0,0.0,13.79999424395057
NW300_11500m,2022-03-01 02:13:00.000000000,9.628338818131109,54.95684727596788,11500.0,20915.835847374416,209.60728,0.3977999627708135,0.7014088270228517,1.0,0.0,0.0,13.79999312600722
NW300_11500m,2022-03-01 02:14:00.000000000,9.84025030307615,54.98146212435819,11500.0,20915.835847374416,209.64539,0.3996143714941011,0.7044429774310331,1.0,0.0,0.0,10.397373788442348
NW300_11500m,2022-03-01 02:14:45.206365775,10.0,55.0,11500.0,20915.835847374416,209.67294,0.4002891167372923,0.7055135213112406,1.0,0.0,0.0,0.0
