route,time,longitude,latitude,altitude_m,air_pressure_Pa,temperature_K,rh,rhi,SAC,ISSR,PCR,leg_km
SE300_FL310,2022-03-01 00:00:00.000000000,-10.000000000000002,45.00000000000001,9448.8,28744.290737453055,221.943,0.6762677870846457,1.0956759559336215,1.0,1.0,1.0,13.800115027908165
SE300_FL310,2022-03-01 00:01:00.000000000,-9.832634228109365,45.0374989777726,9448.8,28744.290737453055,222.0512,0.6834561615154706,1.1063947439765451,1.0,1.0,1.0,13.800020549916326
SE300_FL310,2022-03-01 00:02:00.000000000,-9.665061957945106,45.074778023133646,9448.8,28744.290737453055,222.16312,0.6898463555081114,1.1157684158966736,1.0,1.0,1.0,13.799927543731021
SE300_FL310,2022-03-01 00:03:00.000000000,-9.497293172355167,45.111857647020635,9448.8,28744.290737453055,222.27332,0.6962049947367347,1.1250872275883852,1.0,1.0,1.0,13.800010362739226
SE300_FL310,2022-03-01 00:04:00.000000000,-9.329333869699752,45.148755048499964,9448.8,28744.290737453055,222.35959,0.7036592456940313,1.1363706481855278,1.0,1.0,1.0,13.8000625389665
SE300_FL310,2022-03-01 00:05:00.000000000,-9.161195059406664,45.18549293097829,9448.8,28744.290737453055,222.4374,0.7122458441062879,1.1495391473049068,1.0,1.0,1.0,13.799971646306037
SE300_FL310,2022-03-01 00:06:00.000000000,-8.992889620285059,45.222095268527376,9448.8,28744.290737453055,222.50218,0.7253175693263747,1.1700468807314073,1.0,1.0,1.0,13.799899873840282
SE300_FL310,2022-03-01 00:07:00.000000000,-8.824426642306625,45.25858271091628,9448.8,28744.290737453055,222.5195,0.7361045385524706,1.1872848558558486,1.0,1.0,1.0,13.800105239252431
SE300_FL310,2022-03-01 00:08:00.000000000,-8.65581080706178,45.2949740113112,9448.8,28744.290737453055,222.55559,0.7307781919369277,1.1783604197841215,1.0,1.0,1.0,13.80001760658135
SE300_FL310,2022-03-01 00:09:00.000000000,-8.487057177228046,45.3312945416673,9448.8,28744.290737453055,222.59181,0.7231407214170692,1.1657145348032774,1.0,1.0,1.0,13.79993231818943
SE300_FL310,2022-03-01 00:10:00.000000000,-8.31817494269894,45.36756551489382,9448.8,28744.290737453055,222.60457,0.7177571737613454,1.1569207862438164,1.0,1.0,1.0,13.799993838825486
SE300_FL310,2022-03-01 00:11:00.000000000,-8.149171301625014,45.4038082101483,9448.8,28744.290737453055,222.61728,0.7029180156598996,1.1328910894184536,1.0,1.0,1.0,13.80006634186223
SE300_FL310,2022-03-01 00:12:00.000000000,-7.980055881015995,45.44004548033964,9448.8,28744.290737453055,222.62503,0.6841089505923637,1.1025098621105298,1.0,1.0,1.0,13.799985579438726
SE300_FL310,2022-03-01 00:13:00.000000000,-7.81084018030542,45.47629954581915,9448.8,28744.290737453055,222.58635,0.6849315901199889,1.104172485532971,1.0,1.0,1.0,13.799907812990368
SE300_FL310,2022-03-01 00:14:00.000000000,-7.64153340621131,45.51259224345501,9448.8,28744.290737453055,222.56302,0.6781315796355541,1.0934069187539128,1.0,1.0,1.0,13.80005343805641
SE300_FL310,2022-03-01 00:15:00.000000000,-7.472142889633564,45.54894792999821,9448.8,28744.290737453055,222.55063,0.6698110154066146,1.08009635296015,1.0,1.0,1.0,13.800042769194542
SE300_FL310,2022-03-01 00:16:00.000000000,-7.30268005570596,45.58538865893594,9448.8,28744.290737453055,222.54848,0.6778118987763375,1.093015020734052,1.0,1.0,1.0,13.799970371522296
SE300_FL310,2022-03-01 00:17:00.000000000,-7.133155014811902,45.621936316925805,9448.8,28744.290737453055,222.57224,0.6810864651441904,1.0980909763204436,1.0,1.0,1.0,13.799901682232836
SE300_FL310,2022-03-01 00:18:00.000000000,-6.963577350434745,45.65861348889645,9448.8,28744.290737453055,222.60564,0.6850620557596524,1.104214353410738,1.0,1.0,1.0,13.800065477575464
SE300_FL310,2022-03-01 00:19:00.000000000,-6.793955919788455,45.69544792952469,9448.8,28744.290737453055,222.65746,0.6895304002422556,1.1109656405467654,1.0,1.0,1.0,13.80003693342804
SE300_FL310,2022-03-01 00:20:00.000000000,-6.62430206827496,45.732459891422764,9448.8,28744.290737453055,222.7176,0.6994472882683086,1.1264102490182974,1.0,1.0,1.0,13.799973816594894
SE300_FL310,2022-03-01 00:21:00.000000000,-6.454626108496878,45.76967183596835,9448.8,28744.290737453055,222.77441,0.7119565713356758,1.1460440567399433,1.0,1.0,1.0,13.79991501954183
SE300_FL310,2022-03-01 00:22:00.000000000,-6.284938381864701,45.807107160064675,9448.8,28744.290737453055,222.79955,0.7315942665008719,1.1774239045625072,1.0,1.0,1.0,13.80001310806428
SE300_FL310,2022-03-01 00:23:00.000000000,-6.1152496770827875,45.84479442806904,9448.8,28744.290737453055,222.82687,0.7456110264637914,1.199723904518086,1.0,1.0,1.0,13.80004905320983
SE300_FL310,2022-03-01 00:24:00.000000000,-5.945571349662257,45.8827565001216,9448.8,28744.290737453055,222.8397,0.755072820535114,1.214827607289612,1.0,1.0,1.0,13.799995207272767
SE300_FL310,2022-03-01 00:25:00.000000000,-5.775914582343945,45.92101460539857,9448.8,28744.290737453055,222.80928,0.7618407826461425,1.2260071257916823,1.0,1.0,1.0,13.799946018066104
SE300_FL310,2022-03-01 00:26:00.000000000,-5.606290874535937,45.959592928785845,9448.8,28744.290737453055,222.76987,0.7536040583492251,1.2131280553964572,1.0,1.0,1.0,13.799901826521442
SE300_FL310,2022-03-01 00:27:00.000000000,-5.436712081951,45.99851585627959,9448.8,28744.290737453055,222.71931,0.7407194992125182,1.1928592382365846,1.0,1.0,1.0,13.800049850384529
SE300_FL310,2022-03-01 00:28:00.000000000,-5.267191966322243,46.03781647078147,9448.8,28744.290737453055,222.6408,0.7254431460897578,1.168979820531892,1.0,1.0,1.0,13.800031588333269
SE300_FL310,2022-03-01 00:29:00.000000000,-5.097742422824589,46.07751300401981,9448.8,28744.290737453055,222.58876,0.700852749735096,1.1298152982478615,1.0,1.0,1.0,13.799990478669388
SE300_FL310,2022-03-01 00:30:00.000000000,-4.92837633795386,46.11762914151849,9448.8,28744.290737453055,222.5426,0.6743279971659696,1.0874485916297405,1.0,1.0,1.0,13.7999541838252
SE300_FL310,2022-03-01 00:31:00.000000000,-4.759107233713054,46.158189859635726,9448.8,28744.290737453055,222.50217,0.6443575767616961,1.0394439747622792,1.0,1.0,1.0,13.799922890616976
SE300_FL310,2022-03-01 00:32:00.000000000,-4.589949114555786,46.19922026051813,9448.8,28744.290737453055,222.479,0.6033671504974744,0.973495418262341,1.0,0.0,0.0,13.799929959565615
SE300_FL310,2022-03-01 00:33:00.000000000,-4.420917005638568,46.24074744997757,9448.8,28744.290737453055,222.46187,0.5722123671029969,0.9233567451463122,1.0,0.0,0.0,13.800043955541087
SE300_FL310,2022-03-01 00:34:00.000000000,-4.252027880874641,46.28280309951133,9448.8,28744.290737453055,222.45622,0.5529818839261967,0.8923610348986402,1.0,0.0,0.0,13.80001263583261
SE300_FL310,2022-03-01 00:35:00.000000000,-4.083295312513981,46.32540456469928,9448.8,28744.290737453055,222.44765,0.5478213385367683,0.8840963047143992,1.0,0.0,0.0,13.79998555573942
SE300_FL310,2022-03-01 00:36:00.000000000,-3.914735435139302,46.3685770941835,9448.8,28744.290737453055,222.4344,0.5526950427303349,0.892050989819816,1.0,0.0,0.0,13.799962706248108
SE300_FL310,2022-03-01 00:37:00.000000000,-3.7463649709978815,46.41234591653959,9448.8,28744.290737453055,222.41537,0.5692994786793444,0.9189886381048665,1.0,0.0,0.0,13.799944029141807
SE300_FL310,2022-03-01 00:38:00.000000000,-3.578201246424688,46.45673620162743,9448.8,28744.290737453055,222.37111,0.6110693150247535,0.9867544510722716,1.0,0.0,0.0,13.799929415534166
SE300_FL310,2022-03-01 00:39:00.000000000,-3.41026220591334,46.50177301855226,9448.8,28744.290737453055,222.32973,0.6410866214692196,1.0355611951354355,1.0,1.0,1.0,13.79991870565744
SE300_FL310,2022-03-01 00:40:00.000000000,-3.2425664234872786,46.54748129024899,9448.8,28744.290737453055,222.29593,0.6575512386611451,1.0624370647618187,1.0,1.0,1.0,13.799922852412047
SE300_FL310,2022-03-01 00:41:00.000000000,-3.0751334306903266,46.59388656047466,9448.8,28744.290737453055,222.28107,0.6532816899821129,1.0556608840020352,1.0,1.0,1.0,13.800008407530912
SE300_FL310,2022-03-01 00:42:00.000000000,-2.907985546322268,46.641019270999685,9448.8,28744.290737453055,222.29332,0.650947697849218,1.0517879894168471,1.0,1.0,1.0,13.79999152577942
SE300_FL310,2022-03-01 00:43:00.000000000,-2.74114057917694,46.68889649733604,9448.8,28744.290737453055,222.319,0.649188088100763,1.0487350577303374,1.0,1.0,1.0,13.799977274791766
SE300_FL310,2022-03-01 00:44:00.000000000,-2.5746196225871447,46.73754198383629,9448.8,28744.290737453055,222.36531,0.6517980096479031,1.0525688366192807,1.0,1.0,1.0,13.799965416219916
SE300_FL310,2022-03-01 00:45:00.000000000,-2.4084444011529893,46.78697905887585,9448.8,28744.290737453055,222.40125,0.6557315660343022,1.0586265353295838,1.0,1.0,1.0,13.799955690405685
SE300_FL310,2022-03-01 00:46:00.000000000,-2.24263725835525,46.83723057208739,9448.8,28744.290737453055,222.42297,0.6609794578881917,1.0669168099916975,1.0,1.0,1.0,13.799947822412035
SE300_FL310,2022-03-01 00:47:00.000000000,-2.077221138921509,46.88831882936984,9448.8,28744.290737453055,222.42915,0.6690768097788422,1.0799350615006742,1.0,1.0,1.0,13.799941528604728
SE300_FL310,2022-03-01 00:48:00.000000000,-1.9122195656143586,46.94026552601405,9448.8,28744.290737453055,222.39832,0.6759546306037365,1.0912998317204465,1.0,1.0,1.0,13.799936523592704
SE300_FL310,2022-03-01 00:49:00.000000000,-1.747656610142675,46.99309167833649,9448.8,28744.290737453055,222.33774,0.682475694597728,1.1023488227204608,1.0,1.0,1.0,13.799932527317191
SE300_FL310,2022-03-01 00:50:00.000000000,-1.5835568579366146,47.046817554258936,9448.8,28744.290737453055,222.2986,0.6886645245601853,1.1126847701852152,1.0,1.0,1.0,13.799929272076493
SE300_FL310,2022-03-01 00:51:00.000000000,-1.41994536657518,47.10146260331857,9448.8,28744.290737453055,222.26543,0.6941798105105499,1.1218842230094006,1.0,1.0,1.0,13.799926509251202
SE300_FL310,2022-03-01 00:52:00.000000000,-1.2568476177121715,47.15704538663485,9448.8,28744.290737453055,222.24344,0.6997897952981179,1.1311467593329878,1.0,1.0,1.0,13.799924015512413
SE300_FL310,2022-03-01 00:53:00.000000000,-1.0942894624114776,47.21358350739827,9448.8,28744.290737453055,222.26967,0.6948177455035449,1.1228776787835604,1.0,1.0,1.0,13.799921598299676
SE300_FL310,2022-03-01 00:54:00.000000000,-0.9322970598757382,47.27109354247939,9448.8,28744.290737453055,222.29874,0.6866656995645458,1.1094524643758519,1.0,1.0,1.0,13.799919100366923
SE300_FL310,2022-03-01 00:55:00.000000000,-0.7708968096326502,47.329590975783,9448.8,28744.290737453055,222.3262,0.6754874645772129,1.0911597110556557,1.0,1.0,1.0,13.799916403229442
SE300_FL310,2022-03-01 00:56:00.000000000,-0.6101152773294826,47.38909013399148,9448.8,28744.290737453055,222.32782,0.6486341498346159,1.0477689557316519,1.0,1.0,1.0,13.79991342938298
SE300_FL310,2022-03-01 00:57:00.000000000,-0.4499791143776922,47.44960412535214,9448.8,28744.290737453055,222.30742,0.6270188935081825,1.0130121570210073,1.0,1.0,1.0,13.79991014318596
SE300_FL310,2022-03-01 00:58:00.000000000,-0.2905149717839815,47.51114478216384,9448.8,28744.290737453055,222.26764,0.6094169041736894,0.9848812633394202,1.0,0.0,0.0,13.799906550367
SE300_FL310,2022-03-01 00:59:00.000000000,-0.1317494086006752,47.57372260760951,9448.8,28744.290737453055,222.20108,0.6123555109094968,0.99014240764535,1.0,0.0,0.0,13.799902696148978
SE300_FL310,2022-03-01 01:00:00.000000000,0.026291204476382772,47.63734672756016,9448.8,28744.290737453055,222.12077,0.6212504823359888,1.005152175519989,1.0,1.0,1.0,13.799898662049376
SE300_FL310,2022-03-01 01:01:00.000000000,0.1835807857402945,47.702024847945545,9448.8,28744.290737453055,222.0013,0.6369676490169855,1.0315358364072351,1.0,1.0,1.0,13.799894561448786
SE300_FL310,2022-03-01 01:02:00.000000000,0.3400936466257237,47.767763218243296,9448.8,28744.290737453055,221.89333,0.6452204719848635,1.045771872728013,1.0,1.0,1.0,13.799890534083259
SE300_FL310,2022-03-01 01:03:00.000000000,0.4958045985892688,47.834566601585344,9448.8,28744.290737453055,221.80025,0.6412262155868551,1.0400457545429078,1.0,1.0,1.0,13.799886739660096
SE300_FL310,2022-03-01 01:04:00.000000000,0.6506890618532523,47.90243825191635,9448.8,28744.290737453055,221.71063,0.653072300462934,1.0599939091968178,1.0,1.0,1.0,13.799883350808148
SE300_FL310,2022-03-01 01:05:00.000000000,0.8047231750871445,47.97137989856527,9448.8,28744.290737453055,221.63608,0.6630405787365847,1.0767888653160853,1.0,1.0,1.0,13.799880545640207
SE300_FL310,2022-03-01 01:06:00.000000000,0.9578839050532617,48.04139173850947,9448.8,28744.290737453055,221.58423,0.6783863538618919,1.1021505590783742,1.0,1.0,1.0,13.799880297337754
SE300_FL310,2022-03-01 01:07:00.000000000,1.1101490175689515,48.11247259658721,9448.8,28744.290737453055,221.53845,0.6935597095698839,1.127198878389966,1.0,1.0,1.0,13.799955765457092
SE300_FL310,2022-03-01 01:08:00.000000000,1.2614916109520389,48.18462623408982,9448.8,28744.290737453055,221.50052,0.7131448751299002,1.159367013840339,1.0,1.0,1.0,13.799946076537669
SE300_FL310,2022-03-01 01:09:00.000000000,1.4118974565169005,48.25784150407756,9448.8,28744.290737453055,221.47264,0.7232042687391506,1.1759705075218652,1.0,1.0,1.0,13.799936769163452
SE300_FL310,2022-03-01 01:10:00.000000000,1.5613479605795775,48.33211247748483,9448.8,28744.290737453055,221.45589,0.7255982437569499,1.1800158133576666,1.0,1.0,1.0,13.799928078960882
SE300_FL310,2022-03-01 01:11:00.000000000,1.7098258754552036,48.40743177483138,9448.8,28744.290737453055,221.4497,0.7190970434992279,1.1694962851689603,1.0,1.0,1.0,13.799920213907653
SE300_FL310,2022-03-01 01:12:00.000000000,1.8573153869251047,48.48379060616857,9448.8,28744.290737453055,221.44893,0.7048103843460406,1.1462690406116964,1.0,1.0,1.0,13.799913349084349
SE300_FL310,2022-03-01 01:13:00.000000000,2.00380219478423,48.561178817972646,9448.8,28744.290737453055,221.45337,0.6886022109327543,1.1198694511634188,1.0,1.0,1.0,13.799907622724088
SE300_FL310,2022-03-01 01:14:00.000000000,2.1492735857235448,48.63958494650445,9448.8,28744.290737453055,221.47371,0.6933996677120514,1.12749784315307,1.0,1.0,1.0,13.79990313363142
SE300_FL310,2022-03-01 01:15:00.000000000,2.2937184979011707,48.71899627708127,9448.8,28744.290737453055,221.49152,0.6983403592266839,1.1353760206271655,1.0,1.0,1.0,13.799899939990695
SE300_FL310,2022-03-01 01:16:00.000000000,2.437127576666514,48.79939890864313,9448.8,28744.290737453055,221.51576,0.7022943358471666,1.1415929136168759,1.0,1.0,1.0,13.799898059510873
SE300_FL310,2022-03-01 01:17:00.000000000,2.57949322101926,48.88077782294388,9448.8,28744.290737453055,221.54861,0.7038420420420026,1.143820660674146,1.0,1.0,1.0,13.799897470818289
SE300_FL310,2022-03-01 01:18:00.000000000,2.7208096205090637,48.96311695765744,9448.8,28744.290737453055,221.58556,0.701961458349542,1.1404399223653725,1.0,1.0,1.0,13.799898115948379
SE300_FL310,2022-03-01 01:19:00.000000000,2.8610727824072804,49.04639928266274,9448.8,28744.290737453055,221.62868,0.6932385239604142,1.1258955485899829,1.0,1.0,1.0,13.799899903772648
SE300_FL310,2022-03-01 01:20:00.000000000,3.0002805491083504,49.13060687875635,9448.8,28744.290737453055,221.66695,0.687265802065743,1.1158683389019235,1.0,1.0,1.0,13.799902714140295
SE300_FL310,2022-03-01 01:21:00.000000000,3.1384326058413183,49.21572101804042,9448.8,28744.290737453055,221.69731,0.6746839308205544,1.09518436945556,1.0,1.0,1.0,13.799906402511214
SE300_FL310,2022-03-01 01:22:00.000000000,3.275530478889779,49.30172224524366,9448.8,28744.290737453055,221.7081,0.6672494295593179,1.0830255745574888,1.0,1.0,1.0,13.799910804862314
SE300_FL310,2022-03-01 01:23:00.000000000,3.411577524628558,49.38859045925548,9448.8,28744.290737453055,221.71677,0.6546674675692082,1.062532021452558,1.0,1.0,1.0,13.799915742621737
SE300_FL310,2022-03-01 01:24:00.000000000,3.546578909786857,49.47630499418438,9448.8,28744.290737453055,221.71751,0.6434378966134038,1.0443012564228393,1.0,1.0,1.0,13.799921027431493
SE300_FL310,2022-03-01 01:25:00.000000000,3.6805415834364057,49.56484469929377,9448.8,28744.290737453055,221.69084,0.6376493494494682,1.035118199145091,1.0,1.0,1.0,13.799926465539238
SE300_FL310,2022-03-01 01:26:00.000000000,3.813474241281341,49.65418801721622,9448.8,28744.290737453055,221.6726,0.6333992003016129,1.0283616346694595,1.0,1.0,1.0,13.799931861647412
SE300_FL310,2022-03-01 01:27:00.000000000,3.945387282890515,49.74431305990206,9448.8,28744.290737453055,221.66965,0.6266863423221454,1.017484858437961,1.0,1.0,1.0,13.799937022113916
SE300_FL310,2022-03-01 01:28:00.000000000,4.076292762563807,49.83519768181777,9448.8,28744.290737453055,221.65836,0.6243091485883444,1.0137152159200138,1.0,1.0,1.0,13.799941757380292
SE300_FL310,2022-03-01 01:29:00.000000000,4.206204334561293,49.92681954997152,9448.8,28744.290737453055,221.64597,0.6239153701369048,1.0131728151543533,1.0,1.0,1.0,13.799945883601017
SE300_FL310,2022-03-01 01:30:00.000000000,4.335137193447722,50.01915621040786,9448.8,28744.290737453055,221.6446,0.6268670063778151,1.0179747521074032,1.0,1.0,1.0,13.799949223437263
SE300_FL310,2022-03-01 01:31:00.000000000,4.463108010316069,50.1121851508771,9448.8,28744.290737453055,221.64845,0.624388871748819,1.013923147111547,1.0,1.0,1.0,13.79995160605297
SE300_FL310,2022-03-01 01:32:00.000000000,4.590134865652553,50.20588385944899,9448.8,28744.290737453055,221.64944,0.6299163075113622,1.022888980789689,1.0,1.0,1.0,13.799952866356099
SE300_FL310,2022-03-01 01:33:00.000000000,4.716237179594008,50.300229878900765,9448.8,28744.290737453055,221.65926,0.6364434182895532,1.0334126373497292,1.0,1.0,1.0,13.799952843577072
SE300_FL310,2022-03-01 01:34:00.000000000,4.841435640306324,50.39520085676857,9448.8,28744.290737453055,221.68471,0.6414564688523475,1.041346206877091,1.0,1.0,1.0,13.799951379286926
SE300_FL310,2022-03-01 01:35:00.000000000,4.965752131182763,50.49077459100485,9448.8,28744.290737453055,221.71625,0.6451207548518081,1.0470415341240193,1.0,1.0,1.0,13.799948314979101
SE300_FL310,2022-03-01 01:36:00.000000000,5.08920965752353,50.58692907123493,9448.8,28744.290737453055,221.72346,0.6422916454464372,1.0423910243290124,1.0,1.0,1.0,13.7999434893709
SE300_FL310,2022-03-01 01:37:00.000000000,5.211832273314692,50.683642515650746,9448.8,28744.290737453055,221.7277,0.639609413088129,1.0380047692694836,1.0,1.0,1.0,13.799936735540259
SE300_FL310,2022-03-01 01:38:00.000000000,5.333645008677116,50.78089340361986,9448.8,28744.290737453055,221.72774,0.6418699774075733,1.0416730942682744,1.0,1.0,1.0,13.79992787807843
SE300_FL310,2022-03-01 01:39:00.000000000,5.454673798505399,50.87866050412251,9448.8,28744.290737453055,221.72841,0.6489175092184163,1.0531059115508568,1.0,1.0,1.0,13.799916730378694
SE300_FL310,2022-03-01 01:40:00.000000000,5.574945412764155,50.97692290015904,9448.8,28744.290737453055,221.71896,0.6624542224166086,1.0751530428645164,1.0,1.0,1.0,13.799909146879337
SE300_FL310,2022-03-01 01:41:00.000000000,5.69448698268002,51.07566027243519,9448.8,28744.290737453055,221.70259,0.6766184822689237,1.0982796745774976,1.0,1.0,1.0,13.800036502008268
SE300_FL310,2022-03-01 01:42:00.000000000,5.813317860079042,51.17485813030892,9448.8,28744.290737453055,221.68298,0.6787581009581769,1.101917268218765,1.0,1.0,1.0,13.800019343694286
SE300_FL310,2022-03-01 01:43:00.000000000,5.931476383526231,51.274490485820074,9448.8,28744.290737453055,221.65594,0.6756471262205198,1.0970951537651206,1.0,1.0,1.0,13.799999557176893
SE300_FL310,2022-03-01 01:44:00.000000000,6.048992146742065,51.37453779717241,9448.8,28744.290737453055,221.63351,0.6738245937839202,1.0943233975834374,1.0,1.0,1.0,13.799976952886416
SE300_FL310,2022-03-01 01:45:00.000000000,6.16589527157801,51.47498090580639,9448.8,28744.290737453055,221.61339,0.6709144192735234,1.08976650932192,1.0,1.0,1.0,13.799951314976644
SE300_FL310,2022-03-01 01:46:00.000000000,6.282216354420901,51.575801040761654,9448.8,28744.290737453055,221.59465,0.6686703629364947,1.0862795370467102,1.0,1.0,1.0,13.799922401731491
SE300_FL310,2022-03-01 01:47:00.000000000,6.397986416102225,51.67697982039795,9448.8,28744.290737453055,221.5756,0.663666432424051,1.078307056890482,1.0,1.0,1.0,13.799896422178843
SE300_FL310,2022-03-01 01:48:00.000000000,6.513236540852692,51.77849945999789,9448.8,28744.290737453055,221.56227,0.6580105678318553,1.0692263772364756,1.0,1.0,1.0,13.800070683038491
SE300_FL310,2022-03-01 01:49:00.000000000,6.627989237000202,51.88034855874178,9448.8,28744.290737453055,221.54665,0.6538087846594612,1.0625272761195543,1.0,1.0,1.0,13.800033136164926
SE300_FL310,2022-03-01 01:50:00.000000000,6.7422871098143675,51.982503017475295,9448.8,28744.290737453055,221.53517,0.6492098908854416,1.0551465859688922,1.0,1.0,1.0,13.79999217680041
SE300_FL310,2022-03-01 01:51:00.000000000,6.85616260126879,52.08494594286698,9448.8,28744.290737453055,221.52908,0.639430660186931,1.0393004275000362,1.0,1.0,1.0,13.799947488517821
SE300_FL310,2022-03-01 01:52:00.000000000,6.9696483812259675,52.187660808917485,9448.8,28744.290737453055,221.52559,0.626003749621344,1.0175038091935873,1.0,1.0,1.0,13.799898737232269
SE300_FL310,2022-03-01 01:53:00.000000000,7.082777318490884,52.29063144711092,9448.8,28744.290737453055,221.5152,0.6041662099605789,0.9820862367823734,1.0,0.0,0.0,13.800030398716745
SE300_FL310,2022-03-01 01:54:00.000000000,7.19557701404532,52.39384625576109,9448.8,28744.290737453055,221.50406,0.581101063940423,0.9446735002930501,1.0,0.0,0.0,13.800054345163323
SE300_FL310,2022-03-01 01:55:00.000000000,7.308085257117626,52.49728673117904,9448.8,28744.290737453055,221.49432,0.5499535649831347,0.8941080741384082,1.0,0.0,0.0,13.799996740891372
SE300_FL310,2022-03-01 01:56:00.000000000,7.420338038484323,52.60093580787837,9448.8,28744.290737453055,221.4766,0.5157216416089243,0.8385672103155998,1.0,0.0,0.0,13.799934836100903
SE300_FL310,2022-03-01 01:57:00.000000000,7.532368946100369,52.70477859337681,9448.8,28744.290737453055,221.45828,0.4803847173050837,0.7812189874519432,1.0,0.0,0.0,13.7999107047655
SE300_FL310,2022-03-01 01:58:00.000000000,7.644210999091989,52.80880120769993,9448.8,28744.290737453055,221.44272,0.4469585990200185,0.7269448639688615,1.0,0.0,0.0,13.80009727987662
SE300_FL310,2022-03-01 01:59:00.000000000,7.755895885982359,52.912992453617406,9448.8,28744.290737453055,221.42973,0.4133754173623049,0.6723925613213175,1.0,0.0,0.0,13.800026839405156
SE300_FL310,2022-03-01 02:00:00.000000000,7.867462507785084,53.01733360209722,9448.8,28744.290737453055,221.4082,0.387062168838513,0.6296951285419196,1.0,0.0,0.0,13.799951817325509
SE300_FL310,2022-03-01 02:01:00.000000000,7.97894493915904,53.12181080944994,9448.8,28744.290737453055,221.3979,0.36445298631426654,0.5929605670358218,1.0,0.0,0.0,13.799878948745755
SE300_FL310,2022-03-01 02:02:00.000000000,8.090377316599858,53.22641053966239,9448.8,28744.290737453055,221.39502,0.3562197059862738,0.5795770552696399,1.0,0.0,0.0,13.80011613732471
SE300_FL310,2022-03-01 02:03:00.000000000,8.201794722995709,53.33112242122278,9448.8,28744.290737453055,221.39507,0.3518816355417181,0.5725199760300937,1.0,0.0,0.0,13.800033244616367
SE300_FL310,2022-03-01 02:04:00.000000000,8.313233280726271,53.43592919842136,9448.8,28744.290737453055,221.39978,0.35218655054574854,0.5729961688067532,1.0,0.0,0.0,13.799945514347323
SE300_FL310,2022-03-01 02:05:00.000000000,8.42472747485294,53.54081781028977,9448.8,28744.290737453055,221.4119,0.3525739912335205,0.5735721072671683,1.0,0.0,0.0,13.799915365810826
SE300_FL310,2022-03-01 02:06:00.000000000,8.536312692536393,53.64577571103455,9448.8,28744.290737453055,221.42918,0.35041772999239024,0.5699887677909442,1.0,0.0,0.0,13.80011004309586
SE300_FL310,2022-03-01 02:07:00.000000000,8.648028278660536,53.750790832795516,9448.8,28744.290737453055,221.44394,0.35286222411715984,0.5739006201527089,1.0,0.0,0.0,13.800015304799869
SE300_FL310,2022-03-01 02:08:00.000000000,8.759906477778147,53.85584845500265,9448.8,28744.290737453055,221.45981,0.3522498149367727,0.5728358896845942,1.0,0.0,0.0,13.79991564313486
SE300_FL310,2022-03-01 02:09:00.000000000,8.871982232889263,53.96093601106962,9448.8,28744.290737453055,221.4819,0.3513325694505236,0.5712458622860355,1.0,0.0,0.0,13.800004103946796
SE300_FL310,2022-03-01 02:10:00.000000000,8.984295963690094,54.06604108818969,9448.8,28744.290737453055,221.49954,0.35074714217011776,0.5702162988202552,1.0,0.0,0.0,13.800080631551038
SE300_FL310,2022-03-01 02:11:00.000000000,9.096884905918607,54.17115044521283,9448.8,28744.290737453055,221.50566,0.35280336483728053,0.5735324046979035,1.0,0.0,0.0,13.799975069909443
SE300_FL310,2022-03-01 02:12:00.000000000,9.20978021803311,54.27625136209472,9448.8,28744.290737453055,221.51912,0.35438101227690755,0.5760386124317671,1.0,0.0,0.0,13.799864842324851
SE300_FL310,2022-03-01 02:13:00.000000000,9.323017438348389,54.38133146507345,9448.8,28744.290737453055,221.51897,0.35652854804181416,0.5795294335148339,1.0,0.0,0.0,13.800132173225244
SE300_FL310,2022-03-01 02:14:00.000000000,9.436648363691544,54.48637655428334,9448.8,28744.290737453055,221.51971,0.35835009019781017,0.582486532662073,1.0,0.0,0.0,13.800031613689772
SE300_FL310,2022-03-01 02:15:00.000000000,9.550696513269713,54.59137491446518,9448.8,28744.290737453055,221.52046,0.3574246709333377,0.5809795439914983,1.0,0.0,0.0,13.799916973248944
SE300_FL310,2022-03-01 02:16:00.000000000,9.665197626195663,54.69631414251662,9448.8,28744.290737453055,221.52461,0.35525749544630164,0.5774390186861059,1.0,0.0,0.0,13.800000285525412
SE300_FL310,2022-03-01 02:17:00.000000000,9.780198569347377,54.80118004346924,9448.8,28744.290737453055,221.51968,0.3554767760137539,0.5778172568439465,1.0,0.0,0.0,13.800086698051244
SE300_FL310,2022-03-01 02:18:00.000000000,9.895738483326229,54.90595917369293,9448.8,28744.290737453055,221.50989,0.35516564552521246,0.5773543931954823,1.0,0.0,0.0,12.396279145510631
SE300_FL310,2022-03-01 02:18:53.897617080,10.0,55.0,9448.8,28744.290737453055,221.52043,0.3492345521727822,0.5676678720538396,1.0,0.0,0.0,0.0
SE150_FL310,2022-03-01 00:00:00.000000000,-10.000000000000002,45.00000000000001,9448.8,28744.290737453055,221.943,0.6762677870846457,1.0956759559336215,1.0,1.0,1.0,13.800025280721622
SE150_FL310,2022-03-01 00:01:00.000000000,-9.848780362463852,45.06309802296491,9448.8,28744.290737453055,222.03108,0.6834189050539534,1.1065063859003241,1.0,1.0,1.0,13.800023124170625
SE150_FL310,2022-03-01 00:02:00.000000000,-9.69723892593266,45.12601025046198,9448.8,28744.290737453055,222.12866,0.6878593721411118,1.1128530275852901,1.0,1.0,1.0,13.800020919334957
SE150_FL310,2022-03-01 00:03:00.000000000,-9.545386915730079,45.18874995403247,9448.8,28744.290737453055,222.22437,0.6921208755262687,1.1189122575856556,1.0,1.0,1.0,13.80001868361511
SE150_FL310,2022-03-01 00:04:00.000000000,-9.393235477429094,45.251330452726556,9448.8,28744.290737453055,222.30415,0.6970768661743085,1.1262268561996602,1.0,1.0,1.0,13.800016434639819
SE150_FL310,2022-03-01 00:05:00.000000000,-9.240795680594678,45.31376510728148,9448.8,28744.290737453055,222.37134,0.7020979296200409,1.1337449605678873,1.0,1.0,1.0,13.800014190107833
SE150_FL310,2022-03-01 00:06:00.000000000,-9.088078522618359,45.376067314269825,9448.8,28744.290737453055,222.42264,0.7138384167223542,1.1522436535020446,1.0,1.0,1.0,13.800011967625645
SE150_FL310,2022-03-01 00:07:00.000000000,-8.935094932619785,45.43825050019791,9448.8,28744.290737453055,222.45679,0.7245100862600558,1.169158503814756,1.0,1.0,1.0,13.800009784533726
SE150_FL310,2022-03-01 00:08:00.000000000,-8.78185577539008,45.500328115534025,9448.8,28744.290737453055,222.46332,0.7355835666648947,1.1869642711155592,1.0,1.0,1.0,13.80000765772226
SE150_FL310,2022-03-01 00:09:00.000000000,-8.628371855351828,45.56231362864651,9448.8,28744.290737453055,222.46332,0.7446137446357635,1.2015356931795855,1.0,1.0,1.0,13.80000560344844
SE150_FL310,2022-03-01 00:10:00.000000000,-8.474653920510518,45.62422051963216,9448.8,28744.290737453055,222.46329,0.7519593522113226,1.2133885995053624,1.0,1.0,1.0,13.800003637143645
SE150_FL310,2022-03-01 00:11:00.000000000,-8.320712666371875,45.68606227401563,9448.8,28744.290737453055,222.4539,0.755882810648432,1.2198118759102914,1.0,1.0,1.0,13.800001773220872
SE150_FL310,2022-03-01 00:12:00.000000000,-8.166558739799713,45.74785237630135,9448.8,28744.290737453055,222.41052,0.7670471621885655,1.238247855484678,1.0,1.0,1.0,13.800000024891407
SE150_FL310,2022-03-01 00:13:00.000000000,-8.012202742788062,45.80960430335971,9448.8,28744.290737453055,222.34053,0.7730398481758267,1.2486023544051825,1.0,1.0,1.0,13.79999840397277
SE150_FL310,2022-03-01 00:14:00.000000000,-7.857655236121768,45.87133151763049,9448.8,28744.290737453055,222.28247,0.7785910593511528,1.2581413484353234,1.0,1.0,1.0,13.799996920709697
SE150_FL310,2022-03-01 00:15:00.000000000,-7.702926742899029,45.933047460127014,9448.8,28744.290737453055,222.2114,0.795289580275392,1.285830372904518,1.0,1.0,1.0,13.799995583611501
SE150_FL310,2022-03-01 00:16:00.000000000,-7.548027751889124,45.99476554322603,9448.8,28744.290737453055,222.12448,0.81600848115456,1.320222082624115,1.0,1.0,1.0,13.799994399289552
SE150_FL310,2022-03-01 00:17:00.000000000,-7.392968720698455,46.05649914322893,9448.8,28744.290737453055,222.11646,0.8135791802733663,1.316371500478266,1.0,1.0,1.0,13.799993372318367
SE150_FL310,2022-03-01 00:18:00.000000000,-7.237760078717368,46.118261592681485,9448.8,28744.290737453055,222.13365,0.80925337539996,1.3091978152156818,1.0,1.0,1.0,13.799992505114373
SE150_FL310,2022-03-01 00:19:00.000000000,-7.0824122298204,46.18006617244081,9448.8,28744.290737453055,222.17635,0.8023913606909123,1.2976662206441512,1.0,1.0,1.0,13.799991797836244
SE150_FL310,2022-03-01 00:20:00.000000000,-6.926935554791905,46.241926103479614,9448.8,28744.290737453055,222.22627,0.7949191869596346,1.285084569267768,1.0,1.0,1.0,13.799991248309139
SE150_FL310,2022-03-01 00:21:00.000000000,-6.771340413449099,46.303854538419465,9448.8,28744.290737453055,222.29211,0.7896297028699928,1.2758837061439283,1.0,1.0,1.0,13.79999085197143
SE150_FL310,2022-03-01 00:22:00.000000000,-6.615637146434141,46.36586455278655,9448.8,28744.290737453055,222.37996,0.7834709313857173,1.2650629561646243,1.0,1.0,1.0,13.79999060186101
SE150_FL310,2022-03-01 00:23:00.000000000,-6.4598360766471385,46.427969135985755,9448.8,28744.290737453055,222.46324,0.7792463164999044,1.2574223146900003,1.0,1.0,1.0,13.799990488621079
SE150_FL310,2022-03-01 00:24:00.000000000,-6.3039475102915645,46.49018118199037,9448.8,28744.290737453055,222.52507,0.7800810684510273,1.2581606172045687,1.0,1.0,1.0,13.799990500548963
SE150_FL310,2022-03-01 00:25:00.000000000,-6.147981737503878,46.552513479747134,9448.8,28744.290737453055,222.56326,0.7829374015727029,1.262392867767288,1.0,1.0,1.0,13.799990623666508
SE150_FL310,2022-03-01 00:26:00.000000000,-5.991949032539317,46.6149787032986,9448.8,28744.290737453055,222.58006,0.789151971116306,1.2722452123514998,1.0,1.0,1.0,13.799990841836957
SE150_FL310,2022-03-01 00:27:00.000000000,-5.835859653486246,46.67758940162737,9448.8,28744.290737453055,222.50421,0.7947593811334009,1.2820471875575685,1.0,1.0,1.0,13.799991136910966
SE150_FL310,2022-03-01 00:28:00.000000000,-5.679723841481787,46.740357988228865,9448.8,28744.290737453055,222.42221,0.798285536861495,1.2885607766086324,1.0,1.0,1.0,13.799991488902345
SE150_FL310,2022-03-01 00:29:00.000000000,-5.523551819402239,46.80329673042195,9448.8,28744.290737453055,222.34256,0.7932848469542622,1.2812845890821394,1.0,1.0,1.0,13.799991876206876
SE150_FL310,2022-03-01 00:30:00.000000000,-5.367353790002575,46.86641773840963,9448.8,28744.290737453055,222.26863,0.7764390340706748,1.2547943690407424,1.0,1.0,1.0,13.799992275841205
SE150_FL310,2022-03-01 00:31:00.000000000,-5.2111399334805135,46.92973295410445,9448.8,28744.290737453055,222.20125,0.7516384035324463,1.2153511015581775,1.0,1.0,1.0,13.799992663719705
SE150_FL310,2022-03-01 00:32:00.000000000,-5.05492040444159,46.993254139735846,9448.8,28744.290737453055,222.15138,0.715621147027986,1.157561750778174,1.0,1.0,1.0,13.799993014953047
SE150_FL310,2022-03-01 00:33:00.000000000,-4.89870532824359,47.05699286626,9448.8,28744.290737453055,222.12926,0.6829412054459456,1.1048918156821,1.0,1.0,1.0,13.799993304171764
SE150_FL310,2022-03-01 00:34:00.000000000,-4.7425047966999045,47.12096050159472,9448.8,28744.290737453055,222.11559,0.6535550562118231,1.0574599106233182,1.0,1.0,1.0,13.79999350586429
SE150_FL310,2022-03-01 00:35:00.000000000,-4.586328863123924,47.185168198705355,9448.8,28744.290737453055,222.13557,0.6504469971193092,1.0522692168881718,1.0,1.0,1.0,13.799993594737066
SE150_FL310,2022-03-01 00:36:00.000000000,-4.430187536698249,47.24962688356991,9448.8,28744.290737453055,222.15543,0.6530919718151936,1.0563848708807788,1.0,1.0,1.0,13.799993546077733
SE150_FL310,2022-03-01 00:37:00.000000000,-4.274090776155365,47.31434724305453,9448.8,28744.290737453055,222.18098,0.6663824262337233,1.0776688516209854,1.0,1.0,1.0,13.799993336121352
SE150_FL310,2022-03-01 00:38:00.000000000,-4.118048482758973,47.37933971273268,9448.8,28744.290737453055,222.19362,0.6815819589625656,1.1021400655601672,1.0,1.0,1.0,13.799992942424828
SE150_FL310,2022-03-01 00:39:00.000000000,-3.9620704925782735,47.44461446468435,9448.8,28744.290737453055,222.19928,0.6929025383352206,1.1203981322932106,1.0,1.0,1.0,13.7999923442172
SE150_FL310,2022-03-01 00:40:00.000000000,-3.806166568050712,47.510181395313246,9448.8,28744.290737453055,222.19061,0.6902506805832577,1.1161852918854855,1.0,1.0,1.0,13.799991522756148
SE150_FL310,2022-03-01 00:41:00.000000000,-3.6503463888319807,47.57605011322245,9448.8,28744.290737453055,222.17802,0.6851640363475098,1.108065294925449,1.0,1.0,1.0,13.799990461647935
SE150_FL310,2022-03-01 00:42:00.000000000,-3.4946195419363453,47.64222992719104,9448.8,28744.290737453055,222.17787,0.6807716443707972,1.1009650953920442,1.0,1.0,1.0,13.799989147153058
SE150_FL310,2022-03-01 00:43:00.000000000,-3.3389955111735663,47.708729834295355,9448.8,28744.290737453055,222.18576,0.6779470083901664,1.096327422178379,1.0,1.0,1.0,13.79998756845803
SE150_FL310,2022-03-01 00:44:00.000000000,-3.1834836658934074,47.775558508220634,9448.8,28744.290737453055,222.19095,0.6751273737342249,1.0917257452603537,1.0,1.0,1.0,13.79998571790615
SE150_FL310,2022-03-01 00:45:00.000000000,-3.0280932490527612,47.84272428780939,9448.8,28744.290737453055,222.19633,0.6728610637663216,1.0880158555782626,1.0,1.0,1.0,13.799983591199357
SE150_FL310,2022-03-01 00:46:00.000000000,-2.872833364624784,47.91023516589412,9448.8,28744.290737453055,222.20848,0.673789535982667,1.0894161174754124,1.0,1.0,1.0,13.799981187540997
SE150_FL310,2022-03-01 00:47:00.000000000,-2.7177129643741873,47.97809877846222,9448.8,28744.290737453055,222.22139,0.6758214225961647,1.0925907728254876,1.0,1.0,1.0,13.799978509741795
SE150_FL310,2022-03-01 00:48:00.000000000,-2.562740834027267,48.046322394201255,9448.8,28744.290737453055,222.23047,0.6768517680164098,1.0941772572135278,1.0,1.0,1.0,13.799975564268491
SE150_FL310,2022-03-01 00:49:00.000000000,-2.407925578869879,48.11491290447256,9448.8,28744.290737453055,222.24124,0.6762694024472433,1.0931454118640016,1.0,1.0,1.0,13.799972361242325
SE150_FL310,2022-03-01 00:50:00.000000000,-2.2532756088113697,48.18387681376056,9448.8,28744.290737453055,222.25136,0.6753521658527228,1.0915750862656368,1.0,1.0,1.0,13.799968914382415
SE150_FL310,2022-03-01 00:51:00.000000000,-2.0987991229566814,48.25322023064404,9448.8,28744.290737453055,222.25551,0.6745318495857573,1.0902150808589552,1.0,1.0,1.0,13.799965240897679
SE150_FL310,2022-03-01 00:52:00.000000000,-1.9445040937337181,48.3229488593347,9448.8,28744.290737453055,222.23567,0.6734970236445971,1.0887097615658619,1.0,1.0,1.0,13.799961361323575
SE150_FL310,2022-03-01 00:53:00.000000000,-1.7903982506269553,48.393067991826065,9448.8,28744.290737453055,222.17546,0.6759690071766506,1.0932175147772794,1.0,1.0,1.0,13.799957299309654
SE150_FL310,2022-03-01 00:54:00.000000000,-1.6364890635725675,48.46358250069396,9448.8,28744.290737453055,222.11661,0.6798195181878761,1.099947625919984,1.0,1.0,1.0,13.799953081365691
SE150_FL310,2022-03-01 00:55:00.000000000,-1.482783726073991,48.534496832587074,9448.8,28744.290737453055,222.04881,0.6853402866750968,1.1094627939877326,1.0,1.0,1.0,13.799948736550181
SE150_FL310,2022-03-01 00:56:00.000000000,-1.3292891381006948,48.60581500244348,9448.8,28744.290737453055,221.97412,0.691919834104554,1.1207630042228207,1.0,1.0,1.0,13.79996224359886
SE150_FL310,2022-03-01 00:57:00.000000000,-1.176012199022902,48.677541157964725,9448.8,28744.290737453055,221.91345,0.6985656297349426,1.1320579423452068,1.0,1.0,1.0,13.800015850398514
SE150_FL310,2022-03-01 00:58:00.000000000,-1.022959909011004,48.74967973493967,9448.8,28744.290737453055,221.86848,0.7057455074036902,1.144091561649022,1.0,1.0,1.0,13.800011280819982
SE150_FL310,2022-03-01 00:59:00.000000000,-0.8701372214611162,48.82223162470867,9448.8,28744.290737453055,221.81645,0.7117832192929092,1.1543438423985177,1.0,1.0,1.0,13.800006501605102
SE150_FL310,2022-03-01 01:00:00.000000000,-0.7175496815727354,48.89519906140205,9448.8,28744.290737453055,221.76189,0.7199998106543484,1.168160397134151,1.0,1.0,1.0,13.800001555312974
SE150_FL310,2022-03-01 01:01:00.000000000,-0.5652024537904219,48.96858383001156,9448.8,28744.290737453055,221.70169,0.7311308087896704,1.1867717946795633,1.0,1.0,1.0,13.79999648581086
SE150_FL310,2022-03-01 01:02:00.000000000,-0.4131003048958678,49.04238726558329,9448.8,28744.290737453055,221.64339,0.7290531431685183,1.183928234555732,1.0,1.0,1.0,13.799991337765992
SE150_FL310,2022-03-01 01:03:00.000000000,-0.2612475873906203,49.116610253279745,9448.8,28744.290737453055,221.59029,0.7167067725222458,1.1643533942348756,1.0,1.0,1.0,13.7999861561264
SE150_FL310,2022-03-01 01:04:00.000000000,-0.1096482232436474,49.1912532293119,9448.8,28744.290737453055,221.5527,0.6869432879775184,1.1163221066982572,1.0,1.0,1.0,13.799980985617015
SE150_FL310,2022-03-01 01:05:00.000000000,0.041694311923352705,49.266316182737384,9448.8,28744.290737453055,221.53104,0.6428823798825125,1.0448945526087536,1.0,1.0,1.0,13.799975870245795
SE150_FL310,2022-03-01 01:06:00.000000000,0.19277700414136667,49.341798658116055,9448.8,28744.290737453055,221.5202,0.5893003515805577,0.9578867829355147,1.0,0.0,0.0,13.799970852837674
SE150_FL310,2022-03-01 01:07:00.000000000,0.3435973158213465,49.41769975900875,9448.8,28744.290737453055,221.50107,0.5571005282234694,0.9056790207283982,1.0,0.0,0.0,13.79996597459641
SE150_FL310,2022-03-01 01:08:00.000000000,0.49415319983679507,49.49401815230074,9448.8,28744.290737453055,221.48407,0.5483957376668164,0.8916451844149423,1.0,0.0,0.0,13.799961274703167
SE150_FL310,2022-03-01 01:09:00.000000000,0.6444431128990113,49.5707520733261,9448.8,28744.290737453055,221.43633,0.5718069845757264,0.9300485692685785,1.0,0.0,0.0,13.799956789951366
SE150_FL310,2022-03-01 01:10:00.000000000,0.7944660281656921,49.647899331764975,9448.8,28744.290737453055,221.39388,0.5966201027951065,0.9707233070652763,1.0,0.0,0.0,13.799952554435153
SE150_FL310,2022-03-01 01:11:00.000000000,0.9442214470284372,49.72545731828128,9448.8,28744.290737453055,221.36642,0.6190339850919682,1.0074014575431334,1.0,1.0,1.0,13.799948599276675
SE150_FL310,2022-03-01 01:12:00.000000000,1.0937094100288882,49.803423011864275,9448.8,28744.290737453055,221.33835,0.6437849111722688,1.0479072002286913,1.0,1.0,1.0,13.79994495241215
SE150_FL310,2022-03-01 01:13:00.000000000,1.2429305068591834,49.8817929878337,9448.8,28744.290737453055,221.31096,0.6661981490423798,1.0846175540756289,1.0,1.0,1.0,13.799943970232082
SE150_FL310,2022-03-01 01:14:00.000000000,1.391885839203061,49.9605634958069,9448.8,28744.290737453055,221.3084,0.6804249695579426,1.1078013919382974,1.0,1.0,1.0,13.800018164069398
SE150_FL310,2022-03-01 01:15:00.000000000,1.5405756538199646,50.039732525500625,9448.8,28744.290737453055,221.31151,0.6920886210791682,1.1267626846410348,1.0,1.0,1.0,13.800012779561797
SE150_FL310,2022-03-01 01:16:00.000000000,1.689003811745885,50.119293133097386,9448.8,28744.290737453055,221.31813,0.700820462913324,1.140922772014644,1.0,1.0,1.0,13.800007711970267
SE150_FL310,2022-03-01 01:17:00.000000000,1.8371731915099507,50.19924036232172,9448.8,28744.290737453055,221.34047,0.703767887573309,1.1455233301391725,1.0,1.0,1.0,13.800002984178791
SE150_FL310,2022-03-01 01:18:00.000000000,1.985087255414262,50.279568902342035,9448.8,28744.290737453055,221.36998,0.7054888700073145,1.1480653527946243,1.0,1.0,1.0,13.79999861501331
SE150_FL310,2022-03-01 01:19:00.000000000,2.1327500533276282,50.36027309878075,9448.8,28744.290737453055,221.3949,0.7064815295045412,1.1494607021192842,1.0,1.0,1.0,13.799994619263725
SE150_FL310,2022-03-01 01:20:00.000000000,2.2801662254169526,50.44134696502648,9448.8,28744.290737453055,221.41815,0.7066394851273428,1.1495130125160509,1.0,1.0,1.0,13.799991007751949
SE150_FL310,2022-03-01 01:21:00.000000000,2.4273410038207826,50.52278419379153,9448.8,28744.290737453055,221.439,0.7067007384131541,1.149432607710648,1.0,1.0,1.0,13.799987787443316
SE150_FL310,2022-03-01 01:22:00.000000000,2.5742802132739526,50.604578168858964,9448.8,28744.290737453055,221.43968,0.7027890539396655,1.1430647647032384,1.0,1.0,1.0,13.799984961591031
SE150_FL310,2022-03-01 01:23:00.000000000,2.720990270699007,50.686721976962986,9448.8,28744.290737453055,221.42836,0.6964552371134478,1.1328582569581997,1.0,1.0,1.0,13.79998252990439
SE150_FL310,2022-03-01 01:24:00.000000000,2.8674781837846655,50.769208419747585,9448.8,28744.290737453055,221.41106,0.6916516626832228,1.1251937153226523,1.0,1.0,1.0,13.79998048874809
SE150_FL310,2022-03-01 01:25:00.000000000,3.013751548576857,50.85203002574966,9448.8,28744.290737453055,221.38936,0.688096534431498,1.1195987382822756,1.0,1.0,1.0,13.799978831356217
SE150_FL310,2022-03-01 01:26:00.000000000,3.1598185461124664,50.935179062353996,9448.8,28744.290737453055,221.35822,0.6834336716283588,1.1122740798750352,1.0,1.0,1.0,13.79997754806047
SE150_FL310,2022-03-01 01:27:00.000000000,3.3056879381298114,51.0186475476696,9448.8,28744.290737453055,221.32118,0.6793551102331256,1.105952121360108,1.0,1.0,1.0,13.799976626528416
SE150_FL310,2022-03-01 01:28:00.000000000,3.451369061894234,51.10242726227889,9448.8,28744.290737453055,221.26872,0.6769492873542449,1.1024786605151584,1.0,1.0,1.0,13.799976052009184
SE150_FL310,2022-03-01 01:29:00.000000000,3.596871824179734,51.18650976081355,9448.8,28744.290737453055,221.21172,0.6729009738609124,1.0963590707997453,1.0,1.0,1.0,13.79997580757543
SE150_FL310,2022-03-01 01:30:00.000000000,3.7422066944510983,51.27088638331356,9448.8,28744.290737453055,221.15173,0.6665772279834912,1.0865529897607158,1.0,1.0,1.0,13.799975874366709
SE150_FL310,2022-03-01 01:31:00.000000000,3.8873846972928505,51.35554826632859,9448.8,28744.290737453055,221.09264,0.6656708589259828,1.0855616281621299,1.0,1.0,1.0,13.799976231823901
SE150_FL310,2022-03-01 01:32:00.000000000,4.032417404133353,51.44048635372388,9448.8,28744.290737453055,221.03737,0.6635637768575703,1.0825828927330587,1.0,1.0,1.0,13.799976857923344
SE150_FL310,2022-03-01 01:33:00.000000000,4.17731692431389,51.525691407155904,9448.8,28744.290737453055,220.99553,0.6603840223684595,1.0777371851362008,1.0,1.0,1.0,13.79997772939002
SE150_FL310,2022-03-01 01:34:00.000000000,4.322095895553423,51.611154016185885,9448.8,28744.290737453055,220.97183,0.6587443892271392,1.0752576277677646,1.0,1.0,1.0,13.799978821916332
SE150_FL310,2022-03-01 01:35:00.000000000,4.466767473859694,51.69686460800298,9448.8,28744.290737453055,220.96596,0.6576523530353593,1.0735205177529243,1.0,1.0,1.0,13.79998011034861
SE150_FL310,2022-03-01 01:36:00.000000000,4.61134532293813,51.78281345673147,9448.8,28744.290737453055,220.98212,0.6552794431850181,1.0695141399712917,1.0,1.0,1.0,13.799981568886242
SE150_FL310,2022-03-01 01:37:00.000000000,4.755843603148792,51.86899069230014,9448.8,28744.290737453055,221.00513,0.6527335228163802,1.0651737232616705,1.0,1.0,1.0,13.79998317125147
SE150_FL310,2022-03-01 01:38:00.000000000,4.9002769600611895,51.95538630885467,9448.8,28744.290737453055,221.04079,0.6498874941482093,1.0602411217685175,1.0,1.0,1.0,13.799984890852482
SE150_FL310,2022-03-01 01:39:00.000000000,5.044660512655349,52.041990172697254,9448.8,28744.290737453055,221.07562,0.6477362257243722,1.0564529270054765,1.0,1.0,1.0,13.799986700946327
SE150_FL310,2022-03-01 01:40:00.000000000,5.189009841215732,52.12879202974077,9448.8,28744.290737453055,221.11014,0.6461018914035841,1.0535110756242718,1.0,1.0,1.0,13.799988574784994
SE150_FL310,2022-03-01 01:41:00.000000000,5.33334097496334,52.2157815124673,9448.8,28744.290737453055,221.1441,0.6459568024063869,1.0530017455270486,1.0,1.0,1.0,13.799990485753726
SE150_FL310,2022-03-01 01:42:00.000000000,5.477670379467894,52.30294814638437,9448.8,28744.290737453055,221.17867,0.6468371037679371,1.0541622785623102,1.0,1.0,1.0,13.799992407510803
SE150_FL310,2022-03-01 01:43:00.000000000,5.622014943881001,52.390281355974025,9448.8,28744.290737453055,221.2118,0.6498490507196377,1.0587975716448148,1.0,1.0,1.0,13.79999431411892
SE150_FL310,2022-03-01 01:44:00.000000000,5.766391968026885,52.477770470133564,9448.8,28744.290737453055,221.24213,0.6538062107954984,1.0650020560868705,1.0,1.0,1.0,13.799996180175784
SE150_FL310,2022-03-01 01:45:00.000000000,5.910819149385742,52.565404727108,9448.8,28744.290737453055,221.26157,0.6584494925588104,1.0724044183841803,1.0,1.0,1.0,13.799997980946767
SE150_FL310,2022-03-01 01:46:00.000000000,6.055314570000713,52.65317327891751,9448.8,28744.290737453055,221.28455,0.6625384967451143,1.0788758264049827,1.0,1.0,1.0,13.799999692491834
SE150_FL310,2022-03-01 01:47:00.000000000,6.19989668333652,52.74106519528474,9448.8,28744.290737453055,221.30931,0.6653336512829399,1.0832253693706997,1.0,1.0,1.0,13.80000129179735
SE150_FL310,2022-03-01 01:48:00.000000000,6.344584301114556,52.829069467069175,9448.8,28744.290737453055,221.3223,0.6613061244454655,1.0765585463619982,1.0,1.0,1.0,13.800002756917273
SE150_FL310,2022-03-01 01:49:00.000000000,6.48939658014588,52.91717500921703,9448.8,28744.290737453055,221.3353,0.656328745436816,1.0683513719997515,1.0,1.0,1.0,13.800004067102952
SE150_FL310,2022-03-01 01:50:00.000000000,6.634353009179616,53.00537066323756,9448.8,28744.290737453055,221.3504,0.6518446807177207,1.060928465478563,1.0,1.0,1.0,13.80000520294991
SE150_FL310,2022-03-01 01:51:00.000000000,6.779473395781127,53.09364519921752,9448.8,28744.290737453055,221.36325,0.648071087898054,1.0546836837933466,1.0,1.0,1.0,13.800006146536646
SE150_FL310,2022-03-01 01:52:00.000000000,6.924777853250975,53.18198731738731,9448.8,28744.290737453055,221.36607,0.6254401484383135,1.017829945145184,1.0,1.0,1.0,13.80000688157544
SE150_FL310,2022-03-01 01:53:00.000000000,7.070286787591492,53.270385649253456,9448.8,28744.290737453055,221.37343,0.599894166938206,0.976204261760213,1.0,0.0,0.0,13.800007393558275
SE150_FL310,2022-03-01 01:54:00.000000000,7.216020884525191,53.35882875831312,9448.8,28744.290737453055,221.38127,0.5730783377761194,0.9325094691237672,1.0,0.0,0.0,13.800007669900015
SE150_FL310,2022-03-01 01:55:00.000000000,7.3620010965652085,53.44730514036748,9448.8,28744.290737453055,221.38553,0.5323516744189071,0.8662124755134438,1.0,0.0,0.0,13.800007700096462
SE150_FL310,2022-03-01 01:56:00.000000000,7.508248630134886,53.53580322345174,9448.8,28744.290737453055,221.39343,0.4856266212714296,0.7901355383347033,1.0,0.0,0.0,13.800007475854803
SE150_FL310,2022-03-01 01:57:00.000000000,7.654784932730397,53.62431136740005,9448.8,28744.290737453055,221.39496,0.4465106703199018,0.7264838468161651,1.0,0.0,0.0,13.800006991241453
SE150_FL310,2022-03-01 01:58:00.000000000,7.801631680117048,53.712817863064856,9448.8,28744.290737453055,221.3981,0.41086410778444266,0.6684693933642334,1.0,0.0,0.0,13.800006242806354
SE150_FL310,2022-03-01 01:59:00.000000000,7.948810763547113,53.80131093121019,9448.8,28744.290737453055,221.41142,0.38077250380382727,0.6194481546477739,1.0,0.0,0.0,13.800005229709964
SE150_FL310,2022-03-01 02:00:00.000000000,8.096344276983887,53.889778721099525,9448.8,28744.290737453055,221.42471,0.3608751827441817,0.5870185137464947,1.0,0.0,0.0,13.800003953824296
SE150_FL310,2022-03-01 02:01:00.000000000,8.244254504314016,53.97820930879907,9448.8,28744.290737453055,221.43443,0.3478666967903839,0.5658164021260359,1.0,0.0,0.0,13.80000241982998
SE150_FL310,2022-03-01 02:02:00.000000000,8.392563906527803,54.06659069521786,9448.8,28744.290737453055,221.46216,0.3374896897458637,0.5488216685750039,1.0,0.0,0.0,13.800000635287429
SE150_FL310,2022-03-01 02:03:00.000000000,8.541295108844203,54.15491080390644,9448.8,28744.290737453055,221.49109,0.3285273842987737,0.5341274828218328,1.0,0.0,0.0,13.79999861068731
SE150_FL310,2022-03-01 02:04:00.000000000,8.690470887755579,54.24315747863636,9448.8,28744.290737453055,221.52109,0.32556099586874376,0.5291831548866796,1.0,0.0,0.0,13.799996359482744
SE150_FL310,2022-03-01 02:05:00.000000000,8.840114157964688,54.3313184807831,9448.8,28744.290737453055,221.53177,0.32843042153678687,0.5338048040228882,1.0,0.0,0.0,13.799993898086694
SE150_FL310,2022-03-01 02:06:00.000000000,8.990247959184734,54.41938148653517,9448.8,28744.290737453055,221.54895,0.3288229793034859,0.5343721441214969,1.0,0.0,0.0,13.799991245846577
SE150_FL310,2022-03-01 02:07:00.000000000,9.140895442771445,54.50733408395296,9448.8,28744.290737453055,221.5561,0.33297938536588606,0.5410965476096978,1.0,0.0,0.0,13.799988424983786
SE150_FL310,2022-03-01 02:08:00.000000000,9.292079858154782,54.595163769900566,9448.8,28744.290737453055,221.55006,0.3396459180791561,0.5519560192619871,1.0,0.0,0.0,13.799985460504125
SE150_FL310,2022-03-01 02:09:00.000000000,9.443824539036145,54.682857946874975,9448.8,28744.290737453055,221.5519,0.3404851547153954,0.5533118494958784,1.0,0.0,0.0,13.79998238006007
SE150_FL310,2022-03-01 02:10:00.000000000,9.596152889316482,54.770403919756546,9448.8,28744.290737453055,221.55142,0.3423250888992215,0.5563034622054258,1.0,0.0,0.0,13.799979213805697
SE150_FL310,2022-03-01 02:11:00.000000000,9.749088368719127,54.85778889250587,9448.8,28744.290737453055,221.53343,0.34982858439203046,0.5685752190024406,1.0,0.0,0.0,13.79997599417574
SE150_FL310,2022-03-01 02:12:00.000000000,9.902654478070929,54.944999964831716,9448.8,28744.290737453055,221.52267,0.3518626609219945,0.5719286641061772,1.0,0.0,0.0,8.71787688339356
SE150_FL310,2022-03-01 02:12:37.904240283,10.0,55.0,9448.8,28744.290737453055,221.52934,0.34935087455039543,0.5678162300151891,1.0,0.0,0.0,0.0
GC0_FL310,2022-03-01 00:00:00.000000000,-10.000000000000002,45.00000000000001,9448.8,28744.290737453055,221.943,0.6762677870846457,1.0956759559336215,1.0,1.0,1.0,13.800031261260088
GC0_FL310,2022-03-01 00:01:00.000000000,-9.876312021826006,45.08811854334467,9448.8,28744.290737453055,222.00066,0.6832972797170581,1.1065677292151987,1.0,1.0,1.0,13.800027623894355
GC0_FL310,2022-03-01 00:02:00.000000000,-9.752242252140906,45.176103215944366,9448.8,28744.290737453055,222.07497,0.6855514776161432,1.109580257672598,1.0,1.0,1.0,13.800023933454368
GC0_FL310,2022-03-01 00:03:00.000000000,-9.627788920452794,45.263953191638386,9448.8,28744.290737453055,222.14111,0.6883795583126519,1.1135887252466588,1.0,1.0,1.0,13.800020189682812
GC0_FL310,2022-03-01 00:04:00.000000000,-9.5029502525583,45.351667639156055,9448.8,28744.290737453055,222.18996,0.6899420855442404,1.1156911524203466,1.0,1.0,1.0,13.800016392336534
GC0_FL310,2022-03-01 00:05:00.000000000,-9.377724470626134,45.439245722091066,9448.8,28744.290737453055,222.23758,0.6919609633736861,1.1185406864341685,1.0,1.0,1.0,13.800012541176311
GC0_FL310,2022-03-01 00:06:00.000000000,-9.252109793282935,45.52668659887586,9448.8,28744.290737453055,222.29413,0.6916611746066396,1.117567096834108,1.0,1.0,1.0,13.800008635971807
GC0_FL310,2022-03-01 00:07:00.000000000,-9.126104435701345,45.613989422756205,9448.8,28744.290737453055,222.31163,0.6985595372536234,1.1285565748538675,1.0,1.0,1.0,13.800004676501466
GC0_FL310,2022-03-01 00:08:00.000000000,-8.999706609690397,45.701153341765824,9448.8,28744.290737453055,222.3557,0.6986792667165459,1.12836235514129,1.0,1.0,1.0,13.800000662551579
GC0_FL310,2022-03-01 00:09:00.000000000,-8.872914523788092,45.7881774987011,9448.8,28744.290737453055,222.34912,0.7030844675073137,1.135537840158186,1.0,1.0,1.0,13.799996593917113
GC0_FL310,2022-03-01 00:10:00.000000000,-8.745726383356452,45.87506103109597,9448.8,28744.290737453055,222.33728,0.7048078249388599,1.138424905090842,1.0,1.0,1.0,13.799992470403737
GC0_FL310,2022-03-01 00:11:00.000000000,-8.618140390678803,45.96180307119685,9448.8,28744.290737453055,222.31905,0.7045720832502386,1.138205194803841,1.0,1.0,1.0,13.799988291825057
GC0_FL310,2022-03-01 00:12:00.000000000,-8.490154745059604,46.04840274593778,9448.8,28744.290737453055,222.29274,0.7006215125130931,1.1320549701707887,1.0,1.0,1.0,13.799984058004643
GC0_FL310,2022-03-01 00:13:00.000000000,-8.36176764292664,46.13485917691566,9448.8,28744.290737453055,222.23009,0.6974734088173167,1.127518178307895,1.0,1.0,1.0,13.799979768777922
GC0_FL310,2022-03-01 00:14:00.000000000,-8.232977277935733,46.22117148036564,9448.8,28744.290737453055,222.17972,0.6925917685315061,1.1200638198914592,1.0,1.0,1.0,13.79997542398953
GC0_FL310,2022-03-01 00:15:00.000000000,-8.103781841077932,46.30733876713662,9448.8,28744.290737453055,222.07423,0.7056466774967723,1.1421098520849844,1.0,1.0,1.0,13.799971023496427
GC0_FL310,2022-03-01 00:16:00.000000000,-7.974179520789293,46.39336014266697,9448.8,28744.290737453055,221.98398,0.7178657466138734,1.1627005115959193,1.0,1.0,1.0,13.799966567164596
GC0_FL310,2022-03-01 00:17:00.000000000,-7.844168503063274,46.47923470696041,9448.8,28744.290737453055,221.91759,0.7289759118855075,1.181302827137153,1.0,1.0,1.0,13.8000335506074
GC0_FL310,2022-03-01 00:18:00.000000000,-7.713744387039283,46.56496062297613,9448.8,28744.290737453055,221.86172,0.745123828192152,1.207990834658454,1.0,1.0,1.0,13.800029833224963
GC0_FL310,2022-03-01 00:19:00.000000000,-7.582907908106713,46.65053789712994,9448.8,28744.290737453055,221.82292,0.7606590716623138,1.2335465307759925,1.0,1.0,1.0,13.800025836216795
GC0_FL310,2022-03-01 00:20:00.000000000,-7.451657253716138,46.73596561579989,9448.8,28744.290737453055,221.80894,0.7691463261026985,1.2474445275450423,1.0,1.0,1.0,13.800021784046535
GC0_FL310,2022-03-01 00:21:00.000000000,-7.319990601234423,46.82124285691214,9448.8,28744.290737453055,221.80861,0.7724688526330892,1.2528347435763534,1.0,1.0,1.0,13.800017676565119
GC0_FL310,2022-03-01 00:22:00.000000000,-7.187906126190921,46.90636869283971,9448.8,28744.290737453055,221.83235,0.7695832283402501,1.2479287808882682,1.0,1.0,1.0,13.800013513633964
GC0_FL310,2022-03-01 00:23:00.000000000,-7.0554020024062,46.99134219037952,9448.8,28744.290737453055,221.88196,0.7657331054421245,1.2412119143117928,1.0,1.0,1.0,13.800009295126483
GC0_FL310,2022-03-01 00:24:00.000000000,-6.922476402123702,47.07616241072962,9448.8,28744.290737453055,221.94019,0.7580308774616573,1.228171355034349,1.0,1.0,1.0,13.800005020927465
GC0_FL310,2022-03-01 00:25:00.000000000,-6.789127496144292,47.16082840946671,9448.8,28744.290737453055,222.00456,0.7505215724723354,1.2153969773250126,1.0,1.0,1.0,13.800000690938065
GC0_FL310,2022-03-01 00:26:00.000000000,-6.655353453963729,47.24533923652389,9448.8,28744.290737453055,222.04988,0.7460778779895951,1.2077780811423002,1.0,1.0,1.0,13.799996305067978
GC0_FL310,2022-03-01 00:27:00.000000000,-6.521152443913118,47.32969393616862,9448.8,28744.290737453055,222.09274,0.739569263757442,1.1968454857197512,1.0,1.0,1.0,13.799991863244522
GC0_FL310,2022-03-01 00:28:00.000000000,-6.386522633302341,47.41389154698097,9448.8,28744.290737453055,222.10825,0.7341897711293139,1.1879944898174541,1.0,1.0,1.0,13.799987365406142
GC0_FL310,2022-03-01 00:29:00.000000000,-6.251462188566615,47.49793110183218,9448.8,28744.290737453055,222.11478,0.7338776016824401,1.1874309751764425,1.0,1.0,1.0,13.79998281150992
GC0_FL310,2022-03-01 00:30:00.000000000,-6.1159692754160595,47.58181162786344,9448.8,28744.290737453055,222.11006,0.7299211796525973,1.181072724827128,1.0,1.0,1.0,13.799978201523881
GC0_FL310,2022-03-01 00:31:00.000000000,-5.980042058988454,47.66553214646499,9448.8,28744.290737453055,222.10483,0.7268412939480884,1.1761374309264219,1.0,1.0,1.0,13.799973535432741
GC0_FL310,2022-03-01 00:32:00.000000000,-5.84367870400512,47.74909167325553,9448.8,28744.290737453055,222.05835,0.7210929668271763,1.1672565379115238,1.0,1.0,1.0,13.799968813237534
GC0_FL310,2022-03-01 00:33:00.000000000,-5.70687737493005,47.832489218061895,9448.8,28744.290737453055,222.01186,0.7168716975515301,1.160841640427795,1.0,1.0,1.0,13.799964034957233
GC0_FL310,2022-03-01 00:34:00.000000000,-5.569636236132259,47.91572378489917,9448.8,28744.290737453055,221.96468,0.7115880843580189,1.1527056724510047,1.0,1.0,1.0,13.800035855280361
GC0_FL310,2022-03-01 00:35:00.000000000,-5.431950681045849,47.9987933410855,9448.8,28744.290737453055,221.91266,0.707333391601957,1.1462760751284216,1.0,1.0,1.0,13.80003208062314
GC0_FL310,2022-03-01 00:36:00.000000000,-5.2938216052343305,48.08169789082298,9448.8,28744.290737453055,221.84564,0.7047870168729417,1.1427401304699656,1.0,1.0,1.0,13.800027766635571
GC0_FL310,2022-03-01 00:37:00.000000000,-5.155247191271525,48.164436426955106,9448.8,28744.290737453055,221.79672,0.695010512804153,1.1273095623855258,1.0,1.0,1.0,13.800023396612284
GC0_FL310,2022-03-01 00:38:00.000000000,-5.016225604851381,48.24700792994952,9448.8,28744.290737453055,221.74294,0.6866471856862605,1.1142116676736438,1.0,1.0,1.0,13.800018970545228
GC0_FL310,2022-03-01 00:39:00.000000000,-4.876755012439158,48.329411374367055,9448.8,28744.290737453055,221.69447,0.6810198908544813,1.1054893161692798,1.0,1.0,1.0,13.800014488442477
GC0_FL310,2022-03-01 00:40:00.000000000,-4.7368335814541895,48.411645728843965,9448.8,28744.290737453055,221.63799,0.6783290280738765,1.101601493435801,1.0,1.0,1.0,13.800009950331221
GC0_FL310,2022-03-01 00:41:00.000000000,-4.596459480456218,48.493709956074575,9448.8,28744.290737453055,221.61612,0.683085069022652,1.1095128498333344,1.0,1.0,1.0,13.800005356252322
GC0_FL310,2022-03-01 00:42:00.000000000,-4.455630879335287,48.57560301279429,9448.8,28744.290737453055,221.59048,0.6841124619079795,1.1114004603824812,1.0,1.0,1.0,13.800000706269127
GC0_FL310,2022-03-01 00:43:00.000000000,-4.314345949505185,48.6573238497631,9448.8,28744.290737453055,221.56299,0.6827953291401883,1.1094949981123845,1.0,1.0,1.0,13.799996000461707
GC0_FL310,2022-03-01 00:44:00.000000000,-4.172602864100605,48.73887141174949,9448.8,28744.290737453055,221.53343,0.6792553280222521,1.103991394985689,1.0,1.0,1.0,13.799991238929968
GC0_FL310,2022-03-01 00:45:00.000000000,-4.030399798177934,48.8202446375148,9448.8,28744.290737453055,221.51718,0.6756543733524764,1.0982751276957805,1.0,1.0,1.0,13.79998642179239
GC0_FL310,2022-03-01 00:46:00.000000000,-3.8877349289197967,48.901442459798034,9448.8,28744.290737453055,221.5049,0.6725974521012191,1.0934104897079613,1.0,1.0,1.0,13.799981549189066
GC0_FL310,2022-03-01 00:47:00.000000000,-3.744606435843342,48.98246380530123,9448.8,28744.290737453055,221.49222,0.6666177863193459,1.0837984616454612,1.0,1.0,1.0,13.799976621281434
GC0_FL310,2022-03-01 00:48:00.000000000,-3.601012501012314,49.06330759467523,9448.8,28744.290737453055,221.49802,0.672664384489819,1.0935789277746732,1.0,1.0,1.0,13.799971638251657
GC0_FL310,2022-03-01 00:49:00.000000000,-3.456951309253031,49.14397274250603,9448.8,28744.290737453055,221.50821,0.6789878798962793,1.103770203403064,1.0,1.0,1.0,13.799966600302653
GC0_FL310,2022-03-01 00:50:00.000000000,-3.312421048374104,49.22445815730157,9448.8,28744.290737453055,221.51372,0.6843594972931082,1.1124544393334084,1.0,1.0,1.0,13.799961507663523
GC0_FL310,2022-03-01 00:51:00.000000000,-3.1674199093902,49.304762741479145,9448.8,28744.290737453055,221.5176,0.689437709117212,1.1206781272568527,1.0,1.0,1.0,13.80003811560671
GC0_FL310,2022-03-01 00:52:00.000000000,-3.021943131385752,49.3848842512864,9448.8,28744.290737453055,221.52425,0.6908815580541984,1.1229670610871925,1.0,1.0,1.0,13.80003431143209
GC0_FL310,2022-03-01 00:53:00.000000000,-2.875991817593982,49.46482269242153,9448.8,28744.290737453055,221.5361,0.6881408443398112,1.118412118592812,1.0,1.0,1.0,13.80002967563927
GC0_FL310,2022-03-01 00:54:00.000000000,-2.7295641981544376,49.54457695964448,9448.8,28744.290737453055,221.549,0.6840404663338014,1.1116355548534387,1.0,1.0,1.0,13.800024984324816
GC0_FL310,2022-03-01 00:55:00.000000000,-2.582658479303576,49.62414593078313,9448.8,28744.290737453055,221.56589,0.6790452566900348,1.1033765321088191,1.0,1.0,1.0,13.800020237683322
GC0_FL310,2022-03-01 00:56:00.000000000,-2.435272871668278,49.703528477519875,9448.8,28744.290737453055,221.57674,0.6780567060534263,1.101679458540569,1.0,1.0,1.0,13.800015435926571
GC0_FL310,2022-03-01 00:57:00.000000000,-2.2874055905140325,49.78272346538261,9448.8,28744.290737453055,221.57802,0.6801499691089479,1.1050684932638173,1.0,1.0,1.0,13.800010579292724
GC0_FL310,2022-03-01 00:58:00.000000000,-2.139054855997014,49.86172975373617,9448.8,28744.290737453055,221.587,0.6815157211799964,1.1072100931701674,1.0,1.0,1.0,13.80000566804335
GC0_FL310,2022-03-01 00:59:00.000000000,-1.990218893420634,49.940546195774644,9448.8,28744.290737453055,221.57639,0.6836416125903829,1.1107571472712485,1.0,1.0,1.0,13.800000702464757
GC0_FL310,2022-03-01 01:00:00.000000000,-1.840895933496165,50.01917163851421,9448.8,28744.290737453055,221.55626,0.6860361198705178,1.1148182362900032,1.0,1.0,1.0,13.799995682868577
GC0_FL310,2022-03-01 01:01:00.000000000,-1.6910842126076457,50.09760492278672,9448.8,28744.290737453055,221.5244,0.6879504923487465,1.1182026001688647,1.0,1.0,1.0,13.799990609591623
GC0_FL310,2022-03-01 01:02:00.000000000,-1.540781973081079,50.17584488323394,9448.8,28744.290737453055,221.4859,0.6904578437620961,1.1226073813775543,1.0,1.0,1.0,13.799985482999908
GC0_FL310,2022-03-01 01:03:00.000000000,-1.3899874634580285,50.2538903483026,9448.8,28744.290737453055,221.44211,0.6932386427369186,1.1275101292373102,1.0,1.0,1.0,13.799980303483485
GC0_FL310,2022-03-01 01:04:00.000000000,-1.2386989387734455,50.33174014024005,9448.8,28744.290737453055,221.39731,0.6950650312570988,1.130866944560654,1.0,1.0,1.0,13.799975071460995
GC0_FL310,2022-03-01 01:05:00.000000000,-1.0869146608380469,50.409393075090854,9448.8,28744.290737453055,221.34494,0.6924809828038662,1.1271160990212983,1.0,1.0,1.0,13.799969787382079
GC0_FL310,2022-03-01 01:06:00.000000000,-0.9346328985249368,50.48684796269396,9448.8,28744.290737453055,221.30467,0.6898529329820913,1.123183281085906,1.0,1.0,1.0,13.799964451722667
GC0_FL310,2022-03-01 01:07:00.000000000,-0.7818519280607622,50.56410360668077,9448.8,28744.290737453055,221.26175,0.6863957335425154,1.1179173711275028,1.0,1.0,1.0,13.79995906498832
GC0_FL310,2022-03-01 01:08:00.000000000,-0.6285700333214097,50.64115880447403,9448.8,28744.290737453055,221.23651,0.683034981081603,1.112660055482627,1.0,1.0,1.0,13.800040250558894
GC0_FL310,2022-03-01 01:09:00.000000000,-0.47478237482134333,50.71801108774824,9448.8,28744.290737453055,221.22404,0.6791474123447011,1.1064310524339456,1.0,1.0,1.0,13.800036449888243
GC0_FL310,2022-03-01 01:10:00.000000000,-0.3204903233010431,50.79466047002034,9448.8,28744.290737453055,221.23198,0.67320795075226,1.096689054053142,1.0,1.0,1.0,13.800031495581349
GC0_FL310,2022-03-01 01:11:00.000000000,-0.16569222733307076,50.87110574593124,9448.8,28744.290737453055,221.24777,0.6664778123324319,1.0855937836096132,1.0,1.0,1.0,13.80002648819227
GC0_FL310,2022-03-01 01:12:00.000000000,-0.01038640460530521,50.94734568796158,9448.8,28744.290737453055,221.27335,0.6585983640713572,1.0725494551066161,1.0,1.0,1.0,13.800021428178642
GC0_FL310,2022-03-01 01:13:00.000000000,0.14542881799142826,51.02337906239046,9448.8,28744.290737453055,221.28012,0.6526575170414768,1.0628216632643555,1.0,1.0,1.0,13.800016316031584
GC0_FL310,2022-03-01 01:14:00.000000000,0.30175510404023853,51.099204629299564,9448.8,28744.290737453055,221.27576,0.6492604719727277,1.0573249783214844,1.0,1.0,1.0,13.80001115226905
GC0_FL310,2022-03-01 01:15:00.000000000,0.45859410727043437,51.17482114257816,9448.8,28744.290737453055,221.26732,0.6477114372752077,1.054869374809844,1.0,1.0,1.0,13.8000059374454
GC0_FL310,2022-03-01 01:16:00.000000000,0.6159474712251815,51.25022734992915,9448.8,28744.290737453055,221.24757,0.6508744375393725,1.0601807280433837,1.0,1.0,1.0,13.800000672141353
GC0_FL310,2022-03-01 01:17:00.000000000,0.7738168289243615,51.325421992876,9448.8,28744.290737453055,221.21088,0.6529739595601508,1.0638989216905756,1.0,1.0,1.0,13.7999953569759
GC0_FL310,2022-03-01 01:18:00.000000000,0.932203802522942,51.400403806770754,9448.8,28744.290737453055,221.17155,0.6559643133564681,1.0690914691647067,1.0,1.0,1.0,13.799989992598045
GC0_FL310,2022-03-01 01:19:00.000000000,1.0911100029643799,51.47517152080301,9448.8,28744.290737453055,221.13612,0.6596095758134121,1.0753223303775041,1.0,1.0,1.0,13.79998457969091
GC0_FL310,2022-03-01 01:20:00.000000000,1.2505370296295943,51.549723858009905,9448.8,28744.290737453055,221.09883,0.6635782137159612,1.0820995998652676,1.0,1.0,1.0,13.799979118975191
GC0_FL310,2022-03-01 01:21:00.000000000,1.410486469980993,51.62405953528727,9448.8,28744.290737453055,221.06685,0.6683518897351447,1.0901497077475888,1.0,1.0,1.0,13.799973611204168
GC0_FL310,2022-03-01 01:22:00.000000000,1.570959899201897,51.698177263401696,9448.8,28744.290737453055,221.04073,0.6746035982494162,1.1005656584713912,1.0,1.0,1.0,13.799968057170684
GC0_FL310,2022-03-01 01:23:00.000000000,1.7319588798311787,51.77207574700383,9448.8,28744.290737453055,221.0177,0.6798336130287762,1.1092913619741676,1.0,1.0,1.0,13.799962457699413
GC0_FL310,2022-03-01 01:24:00.000000000,1.8934849613930664,51.84575368464275,9448.8,28744.290737453055,220.99968,0.6885929508636002,1.1237395524863922,1.0,1.0,1.0,13.799956813657149
GC0_FL310,2022-03-01 01:25:00.000000000,2.055539680022396,51.91920976878139,9448.8,28744.290737453055,220.98282,0.6978496948075779,1.1389882208405115,1.0,1.0,1.0,13.800042154299087
GC0_FL310,2022-03-01 01:26:00.000000000,2.2181278486239693,51.99244129650124,9448.8,28744.290737453055,220.96733,0.7064411205120883,1.1531486687043522,1.0,1.0,1.0,13.800038395347975
GC0_FL310,2022-03-01 01:27:00.000000000,2.381247755746821,52.06544829902248,9448.8,28744.290737453055,220.95338,0.7093021323904085,1.157942086615822,1.0,1.0,1.0,13.800033137066887
GC0_FL310,2022-03-01 01:28:00.000000000,2.5449008423555197,52.13822947261712,9448.8,28744.290737453055,220.93709,0.708865407693878,1.1573706904086867,1.0,1.0,1.0,13.800027830685213
GC0_FL310,2022-03-01 01:29:00.000000000,2.7090885869023626,52.210783485473385,9448.8,28744.290737453055,220.91501,0.7046699872755751,1.1507150953492895,1.0,1.0,1.0,13.800022477008898
GC0_FL310,2022-03-01 01:30:00.000000000,2.873812452494847,52.283108999789214,9448.8,28744.290737453055,220.88281,0.6976622658001135,1.139549302448764,1.0,1.0,1.0,13.800017076881304
GC0_FL310,2022-03-01 01:31:00.000000000,3.039073886492103,52.35520467179508,9448.8,28744.290737453055,220.84653,0.6950138430223667,1.135534142708299,1.0,1.0,1.0,13.8000116311833
GC0_FL310,2022-03-01 01:32:00.000000000,3.204874320096632,52.42706915177804,9448.8,28744.290737453055,220.80452,0.6976427099108234,1.140190868101401,1.0,1.0,1.0,13.80000614083744
GC0_FL310,2022-03-01 01:33:00.000000000,3.3712151679413354,52.498701084107154,9448.8,28744.290737453055,220.75847,0.6980189140550547,1.1412042804013272,1.0,1.0,1.0,13.800000606803097
GC0_FL310,2022-03-01 01:34:00.000000000,3.538097827671728,52.57009910726018,9448.8,28744.290737453055,220.71802,0.6906404107493358,1.1294863937400732,1.0,1.0,1.0,13.799995030082775
GC0_FL310,2022-03-01 01:35:00.000000000,3.705523679523632,52.64126185385161,9448.8,28744.290737453055,220.68369,0.6797705223585695,1.1119967002706903,1.0,1.0,1.0,13.799989411721297
GC0_FL310,2022-03-01 01:36:00.000000000,3.8734940858960045,52.71218795066221,9448.8,28744.290737453055,220.65001,0.6674781880486403,1.0921658658258113,1.0,1.0,1.0,13.799983752801687
GC0_FL310,2022-03-01 01:37:00.000000000,4.04201039091922,52.78287601866978,9448.8,28744.290737453055,220.62186,0.6569227170552723,1.075123130313443,1.0,1.0,1.0,13.799978054452163
GC0_FL310,2022-03-01 01:38:00.000000000,4.211073920018708,52.853324673081396,9448.8,28744.290737453055,220.61038,0.6534987536348078,1.0696115070102714,1.0,1.0,1.0,13.799972317845754
GC0_FL310,2022-03-01 01:39:00.000000000,4.380685979473958,52.92353252336716,9448.8,28744.290737453055,220.59999,0.6517061756918159,1.0667621135530014,1.0,1.0,1.0,13.79996654419649
GC0_FL310,2022-03-01 01:40:00.000000000,4.550847855972988,52.993498173295265,9448.8,28744.290737453055,220.59688,0.6526400313937563,1.0683170831076905,1.0,1.0,1.0,13.799960734763747
GC0_FL310,2022-03-01 01:41:00.000000000,4.72156081616213,53.06322022096875,9448.8,28744.290737453055,220.6255,0.6553892958764569,1.072583291482143,1.0,1.0,1.0,13.799954890854742
GC0_FL310,2022-03-01 01:42:00.000000000,4.892826106191535,53.13269725886355,9448.8,28744.290737453055,220.65434,0.6556179279846902,1.0727264992686056,1.0,1.0,1.0,13.80004369387429
GC0_FL310,2022-03-01 01:43:00.000000000,5.064648373766797,53.201926344915194,9448.8,28744.290737453055,220.68419,0.6534619118674794,1.068955924855375,1.0,1.0,1.0,13.800040019521948
GC0_FL310,2022-03-01 01:44:00.000000000,5.237025480446346,53.270907542595175,9448.8,28744.290737453055,220.71796,0.6508482777651521,1.0644075206827315,1.0,1.0,1.0,13.800034486742401
GC0_FL310,2022-03-01 01:45:00.000000000,5.409958542016128,53.339639456889614,9448.8,28744.290737453055,220.75932,0.6507633096081396,1.0639397345443793,1.0,1.0,1.0,13.800028914083532
GC0_FL310,2022-03-01 01:46:00.000000000,5.583448717588524,53.40812065808024,9448.8,28744.290737453055,220.80186,0.6538426602517063,1.068626691707466,1.0,1.0,1.0,13.80002330277767
GC0_FL310,2022-03-01 01:47:00.000000000,5.757497143428711,53.47634971103695,9448.8,28744.290737453055,220.84201,0.6605144482857421,1.0792061745400745,1.0,1.0,1.0,13.800017654102959
GC0_FL310,2022-03-01 01:48:00.000000000,5.932104932473757,53.54432517526539,9448.8,28744.290737453055,220.88693,0.6687699204489719,1.0923212664364497,1.0,1.0,1.0,13.800011969384423
GC0_FL310,2022-03-01 01:49:00.000000000,6.10727317384737,53.612045604956435,9448.8,28744.290737453055,220.9339,0.6773409216329203,1.1059285156230747,1.0,1.0,1.0,13.800006249993439
GC0_FL310,2022-03-01 01:50:00.000000000,6.283002932370696,53.679509549037114,9448.8,28744.290737453055,220.9795,0.6850235092338519,1.1180850239171285,1.0,1.0,1.0,13.800000497350158
GC0_FL310,2022-03-01 01:51:00.000000000,6.459295248068937,53.746715551223396,9448.8,28744.290737453055,221.02637,0.6898934553094054,1.1256317345486575,1.0,1.0,1.0,13.799994712920459
GC0_FL310,2022-03-01 01:52:00.000000000,6.636151135673946,53.81366215007467,9448.8,28744.290737453055,221.0737,0.694315855834156,1.1324406607819892,1.0,1.0,1.0,13.799988898221487
GC0_FL310,2022-03-01 01:53:00.000000000,6.8135715841229665,53.88034787904993,9448.8,28744.290737453055,221.11603,0.6867914285280389,1.1198080977312739,1.0,1.0,1.0,13.799983054817007
GC0_FL310,2022-03-01 01:54:00.000000000,6.991557556053451,53.94677126656574,9448.8,28744.290737453055,221.15282,0.6568164441562979,1.0706337654953608,1.0,1.0,1.0,13.79997718432221
GC0_FL310,2022-03-01 01:55:00.000000000,7.170109987294104,54.01293083605608,9448.8,28744.290737453055,221.18636,0.6212445700580873,1.012391938717264,1.0,1.0,1.0,13.799971288402922
GC0_FL310,2022-03-01 01:56:00.000000000,7.349229786352257,54.07882510603384,9448.8,28744.290737453055,221.21481,0.5709947194366675,0.9303015500083667,1.0,0.0,0.0,13.799965368775869
GC0_FL310,2022-03-01 01:57:00.000000000,7.5289178338974985,54.144452590154366,9448.8,28744.290737453055,221.24307,0.5120260473444715,0.8340481836617896,1.0,0.0,0.0,13.799959427205792
GC0_FL310,2022-03-01 01:58:00.000000000,7.709174982241969,54.20981179728059,9448.8,28744.290737453055,221.27809,0.4566647002071429,0.7436678778564665,1.0,0.0,0.0,13.799953465513312
GC0_FL310,2022-03-01 01:59:00.000000000,7.890002054816966,54.2749012315503,9448.8,28744.290737453055,221.31096,0.40807125861939836,0.6643687783410209,1.0,0.0,0.0,13.800044709298199
GC0_FL310,2022-03-01 02:00:00.000000000,8.07140336006643,54.3397177150441,9448.8,28744.290737453055,221.35063,0.3696965650221662,0.6017098083593555,1.0,0.0,0.0,13.800041165932434
GC0_FL310,2022-03-01 02:01:00.000000000,8.253376235746266,54.4042613638653,9448.8,28744.290737453055,221.39975,0.3488274862633146,0.5675287338129852,1.0,0.0,0.0,13.80003540717797
GC0_FL310,2022-03-01 02:02:00.000000000,8.435921335887098,54.46853070587913,9448.8,28744.290737453055,221.43982,0.3343225924189962,0.5437639475550097,1.0,0.0,0.0,13.800029620699759
GC0_FL310,2022-03-01 02:03:00.000000000,8.61903936252284,54.532524226953534,9448.8,28744.290737453055,221.4734,0.3281584849366682,0.5336016839592825,1.0,0.0,0.0,13.800023808234585
GC0_FL310,2022-03-01 02:04:00.000000000,8.802730986129248,54.5962404085977,9448.8,28744.290737453055,221.50328,0.32653259459694267,0.5308351399705733,1.0,0.0,0.0,13.80001797157137
GC0_FL310,2022-03-01 02:05:00.000000000,8.986996845082029,54.659677728041075,9448.8,28744.290737453055,221.53113,0.32559738154658485,0.5292012121867222,1.0,0.0,0.0,13.80001211255036
GC0_FL310,2022-03-01 02:06:00.000000000,9.171837545112288,54.72283465831418,9448.8,28744.290737453055,221.53934,0.33152194827370635,0.5387966819486684,1.0,0.0,0.0,13.800006233064313
GC0_FL310,2022-03-01 02:07:00.000000000,9.357253658759396,54.785709668331585,9448.8,28744.290737453055,221.54819,0.3340857644977593,0.5429279967236935,1.0,0.0,0.0,13.800000335060249
GC0_FL310,2022-03-01 02:08:00.000000000,9.543245724821515,54.84830122297688,9448.8,28744.290737453055,221.5488,0.3377141728154618,0.5488223139357277,1.0,0.0,0.0,13.79999442053751
GC0_FL310,2022-03-01 02:09:00.000000000,9.729814247803706,54.91060778318973,9448.8,28744.290737453055,221.53497,0.34612780556601164,0.5625533710279288,1.0,0.0,0.0,13.799988491549682
GC0_FL310,2022-03-01 02:10:00.000000000,9.916959697363977,54.97262780605501,9448.8,28744.290737453055,221.52846,0.34977649788566073,0.5685147862007074,1.0,0.0,0.0,6.1100550360113415
GC0_FL310,2022-03-01 02:10:26.566305980,10.0,55.0,9448.8,28744.290737453055,221.53246,0.34938975740540107,0.5678667409265435,1.0,0.0,0.0,0.0
NW150_FL310,2022-03-01 00:00:00.000000000,-10.000000000000002,45.00000000000001,9448.8,28744.290737453055,221.943,0.6762677870846457,1.0956759559336215,1.0,1.0,1.0,13.800014615529586
NW150_FL310,2022-03-01 00:01:00.000000000,-9.911943680217473,45.10739059751919,9448.8,28744.290737453055,221.96379,0.6831420402797986,1.1066319806870388,1.0,1.0,1.0,13.800013510743517
NW150_FL310,2022-03-01 00:02:00.000000000,-9.823535417039643,45.21470503205091,9448.8,28744.290737453055,221.9995,0.6859312669674938,1.1108462313299428,1.0,1.0,1.0,13.800012336604626
NW150_FL310,2022-03-01 00:03:00.000000000,-9.734752775491534,45.32193450949788,9448.8,28744.290737453055,222.02554,0.6856625999924765,1.1101881902961326,1.0,1.0,1.0,13.800011102228465
NW150_FL310,2022-03-01 00:04:00.000000000,-9.64557321962325,45.4290701602766,9448.8,28744.290737453055,222.03587,0.6868185796795645,1.111969151223654,1.0,1.0,1.0,13.800009817596628
NW150_FL310,2022-03-01 00:05:00.000000000,-9.555974120765597,45.53610303447345,9448.8,28744.290737453055,222.04218,0.6869994167377588,1.1122081121053893,1.0,1.0,1.0,13.800008493466299
NW150_FL310,2022-03-01 00:06:00.000000000,-9.465932766099801,45.64302409705574,9448.8,28744.290737453055,222.0416,0.6860958956207585,1.1107478100047303,1.0,1.0,1.0,13.8000071412585
NW150_FL310,2022-03-01 00:07:00.000000000,-9.37542636757764,45.74982422315823,9448.8,28744.290737453055,222.04169,0.6859943031117443,1.1105854268905828,1.0,1.0,1.0,13.800005772917848
NW150_FL310,2022-03-01 00:08:00.000000000,-9.284432071228174,45.85649419346592,9448.8,28744.290737453055,222.01984,0.6834148032347271,1.1065954895552907,1.0,1.0,1.0,13.800004400762623
NW150_FL310,2022-03-01 00:09:00.000000000,-9.192926966886413,45.96302468971482,9448.8,28744.290737453055,222.00957,0.6779963920837647,1.0979106124831186,1.0,1.0,1.0,13.800003037318143
NW150_FL310,2022-03-01 00:10:00.000000000,-9.100888098379096,46.069406290332594,9448.8,28744.290737453055,221.98038,0.665372991070102,1.0777105846749195,1.0,1.0,1.0,13.800001695131416
NW150_FL310,2022-03-01 00:11:00.000000000,-9.008292474201193,46.175629466241716,9448.8,28744.290737453055,221.94212,0.6487561763511075,1.0511074170713797,1.0,1.0,1.0,13.800000386583605
NW150_FL310,2022-03-01 00:12:00.000000000,-8.915117078716126,46.2816845768484,9448.8,28744.290737453055,221.868,0.64054037096088,1.0383923536315522,1.0,1.0,1.0,13.799999123681374
NW150_FL310,2022-03-01 00:13:00.000000000,-8.82133888391088,46.38756186624089,9448.8,28744.290737453055,221.76743,0.6430745773133332,1.0433074712046169,1.0,1.0,1.0,13.799997917859939
NW150_FL310,2022-03-01 00:14:00.000000000,-8.726934861735826,46.49325145962168,9448.8,28744.290737453055,221.6657,0.6474480618200386,1.0512255486761457,1.0,1.0,1.0,13.799996779771385
NW150_FL310,2022-03-01 00:15:00.000000000,-8.631881997057086,46.59874335999853,9448.8,28744.290737453055,221.5438,0.6528768904974711,1.0610337317131822,1.0,1.0,1.0,13.799995719077321
NW150_FL310,2022-03-01 00:16:00.000000000,-8.536157301247139,46.70402744515966,9448.8,28744.290737453055,221.42134,0.658356127498504,1.0709441753087752,1.0,1.0,1.0,13.79999474425429
NW150_FL310,2022-03-01 00:17:00.000000000,-8.439737826436936,46.809093464959474,9448.8,28744.290737453055,221.31468,0.6604821311228,1.0752782763798843,1.0,1.0,1.0,13.799993862396043
NW150_FL310,2022-03-01 00:18:00.000000000,-8.342600680450126,46.91393103894103,9448.8,28744.290737453055,221.22377,0.6603151666371648,1.0757540575893791,1.0,1.0,1.0,13.799993079039334
NW150_FL310,2022-03-01 00:19:00.000000000,-8.244723042436963,47.01852965432236,9448.8,28744.290737453055,221.1422,0.6603354648085119,1.0764571670638372,1.0,1.0,1.0,13.79999239800333
NW150_FL310,2022-03-01 00:20:00.000000000,-8.146082179222427,47.12287866437407,9448.8,28744.290737453055,221.09332,0.6567273969709451,1.0709721569243,1.0,1.0,1.0,13.799991821243808
NW150_FL310,2022-03-01 00:21:00.000000000,-8.046655462379125,47.22696728721557,9448.8,28744.290737453055,221.04178,0.6486023415992699,1.0581384861963752,1.0,1.0,1.0,13.79999134873503
NW150_FL310,2022-03-01 00:22:00.000000000,-7.946420386032092,47.33078460505782,9448.8,28744.290737453055,221.01959,0.6439011477281781,1.0506444980611058,1.0,1.0,1.0,13.799990978379531
NW150_FL310,2022-03-01 00:23:00.000000000,-7.845354585398439,47.434319563920425,9448.8,28744.290737453055,221.02371,0.6348249502461296,1.0358038672471834,1.0,1.0,1.0,13.799990705942896
NW150_FL310,2022-03-01 00:24:00.000000000,-7.743435856059993,47.537560973850695,9448.8,28744.290737453055,221.0416,0.6244272043027532,1.0186991036886208,1.0,1.0,1.0,13.799990525026583
NW150_FL310,2022-03-01 00:25:00.000000000,-7.640642173962943,47.64049750967218,9448.8,28744.290737453055,221.07263,0.6233726080602011,1.0167367434983856,1.0,1.0,1.0,13.799990427059264
NW150_FL310,2022-03-01 00:26:00.000000000,-7.536951716133178,47.743117712289695,9448.8,28744.290737453055,221.11395,0.6096359063807001,0.9940213565399617,1.0,0.0,0.0,13.799990401351167
NW150_FL310,2022-03-01 00:27:00.000000000,-7.432342882090881,47.84540999057738,9448.8,28744.290737453055,221.16884,0.6039218712349536,0.9842936348520408,1.0,0.0,0.0,13.799990435152703
NW150_FL310,2022-03-01 00:28:00.000000000,-7.32679431594254,47.94736262387532,9448.8,28744.290737453055,221.23006,0.5959017524410337,0.9707672518400902,1.0,0.0,0.0,13.799990513782763
NW150_FL310,2022-03-01 00:29:00.000000000,-7.220284929122936,48.04896376511957,9448.8,28744.290737453055,221.28978,0.5860424496140617,0.9542698846686445,1.0,0.0,0.0,13.799990620759637
NW150_FL310,2022-03-01 00:30:00.000000000,-7.112793923753648,48.15020144462874,9448.8,28744.290737453055,221.34286,0.5824987686725885,0.9481157288576992,1.0,0.0,0.0,13.799990738007454
NW150_FL310,2022-03-01 00:31:00.000000000,-7.00430081657882,48.251063574569415,9448.8,28744.290737453055,221.39491,0.5783727673622502,0.941026900965471,1.0,0.0,0.0,13.799990846062991
NW150_FL310,2022-03-01 00:32:00.000000000,-6.894785463432784,48.351537954120296,9448.8,28744.290737453055,221.43071,0.5780025316628905,0.9401669609396971,1.0,0.0,0.0,13.79999092434128
NW150_FL310,2022-03-01 00:33:00.000000000,-6.784228084187853,48.45161227535354,9448.8,28744.290737453055,221.46304,0.5757563254249853,0.9362812073569481,1.0,0.0,0.0,13.79999095142065
NW150_FL310,2022-03-01 00:34:00.000000000,-6.672609288124424,48.55127412984912,9448.8,28744.290737453055,221.48497,0.5766052903600734,0.9375030526974544,1.0,0.0,0.0,13.799990905357314
NW150_FL310,2022-03-01 00:35:00.000000000,-6.559910099659522,48.650511016055766,9448.8,28744.290737453055,221.4925,0.5725707118808223,0.9308902906570262,1.0,0.0,0.0,13.799990764032621
NW150_FL310,2022-03-01 00:36:00.000000000,-6.446111984363311,48.74931034740906,9448.8,28744.290737453055,221.47858,0.5666773455868348,0.9214074905915695,1.0,0.0,0.0,13.799990505510175
NW150_FL310,2022-03-01 00:37:00.000000000,-6.331196875187807,48.84765946121438,9448.8,28744.290737453055,221.46512,0.5757187424620757,0.9362053898347503,1.0,0.0,0.0,13.799990108416592
NW150_FL310,2022-03-01 00:38:00.000000000,-6.215147198825244,48.94554562829887,9448.8,28744.290737453055,221.43619,0.5816944720664343,0.9461312881552795,1.0,0.0,0.0,13.799989552329267
NW150_FL310,2022-03-01 00:39:00.000000000,-6.097945902109083,49.04295606343325,9448.8,28744.290737453055,221.39445,0.5958420750568841,0.9694514593105774,1.0,0.0,0.0,13.799988818168638
NW150_FL310,2022-03-01 00:40:00.000000000,-5.979576478364332,49.13987793652022,9448.8,28744.290737453055,221.35284,0.6092879089467902,0.9916474389032077,1.0,0.0,0.0,13.799987888596085
NW150_FL310,2022-03-01 00:41:00.000000000,-5.860022993609616,49.23629838454239,9448.8,28744.290737453055,221.2977,0.6129474888234148,0.9980199879616076,1.0,0.0,0.0,13.799986748391927
NW150_FL310,2022-03-01 00:42:00.000000000,-5.739270112508919,49.33220452425832,9448.8,28744.290737453055,221.26491,0.60962901999947,0.9928684063239822,1.0,0.0,0.0,13.799985384831924
NW150_FL310,2022-03-01 00:43:00.000000000,-5.617303123966524,49.42758346563079,9448.8,28744.290737453055,221.22424,0.6098269261635044,0.993496745813947,1.0,0.0,0.0,13.799983788033904
NW150_FL310,2022-03-01 00:44:00.000000000,-5.4941079662560375,49.52242232596687,9448.8,28744.290737453055,221.17717,0.5962913110018407,0.971793836570751,1.0,0.0,0.0,13.799981951284067
NW150_FL310,2022-03-01 00:45:00.000000000,-5.369671251570929,49.61670824474481,9448.8,28744.290737453055,221.16219,0.5887516455418572,0.9596178764241532,1.0,0.0,0.0,13.799979871326002
NW150_FL310,2022-03-01 00:46:00.000000000,-5.243980289882591,49.710428399097715,9448.8,28744.290737453055,221.14491,0.5825728105569239,0.9496704816667337,1.0,0.0,0.0,13.799977548611706
NW150_FL310,2022-03-01 00:47:00.000000000,-5.117023111990287,49.803570019919526,9448.8,28744.290737453055,221.14114,0.5691967700216578,0.9278911567339405,1.0,0.0,0.0,13.799974987505227
NW150_FL310,2022-03-01 00:48:00.000000000,-4.988788491647018,49.896120408553536,9448.8,28744.290737453055,221.15634,0.547954888995373,0.8931601768084485,1.0,0.0,0.0,13.799972196443608
NW150_FL310,2022-03-01 00:49:00.000000000,-4.85926596664584,49.98806695401959,9448.8,28744.290737453055,221.19466,0.5368724462235887,0.8748423167079854,1.0,0.0,0.0,13.79996918802526
NW150_FL310,2022-03-01 00:50:00.000000000,-4.728445858752139,50.079397150730635,9448.8,28744.290737453055,221.26253,0.5205635261380112,0.8478261594203833,1.0,0.0,0.0,13.799965979069924
NW150_FL310,2022-03-01 00:51:00.000000000,-4.596319292369935,50.17009861664571,9448.8,28744.290737453055,221.3183,0.5023341821288825,0.8177885203799536,1.0,0.0,0.0,13.799962590579305
NW150_FL310,2022-03-01 00:52:00.000000000,-4.462878211833166,50.26015911180118,9448.8,28744.290737453055,221.37614,0.48526872277812144,0.7896576938957306,1.0,0.0,0.0,13.799959047664926
NW150_FL310,2022-03-01 00:53:00.000000000,-4.328115397217069,50.34956655715893,9448.8,28744.290737453055,221.43245,0.47827949908201933,0.7779500191261588,1.0,0.0,0.0,13.799955379398677
NW150_FL310,2022-03-01 00:54:00.000000000,-4.192024478569649,50.43830905370571,9448.8,28744.290737453055,221.47305,0.4783978090365177,0.7778987373399987,1.0,0.0,0.0,13.799951618596008
NW150_FL310,2022-03-01 00:55:00.000000000,-4.05459994846935,50.526374901734854,9448.8,28744.290737453055,221.51341,0.4811756646924506,0.7821730305294802,1.0,0.0,0.0,13.799947801542151
NW150_FL310,2022-03-01 00:56:00.000000000,-3.915837172821923,50.61375262023863,9448.8,28744.290737453055,221.5463,0.49129350004788286,0.7984205645287201,1.0,0.0,0.0,13.799961634315533
NW150_FL310,2022-03-01 00:57:00.000000000,-3.775730534366871,50.70042998100058,9448.8,28744.290737453055,221.56224,0.510231550895913,0.8290960139870212,1.0,0.0,0.0,13.800015187556577
NW150_FL310,2022-03-01 00:58:00.000000000,-3.634272966085093,50.78639370865784,9448.8,28744.290737453055,221.57834,0.5204673279371902,0.84562273709219,1.0,0.0,0.0,13.800009923240955
NW150_FL310,2022-03-01 00:59:00.000000000,-3.491468425213449,50.87163617748502,9448.8,28744.290737453055,221.57214,0.537093422958094,0.8726779382972029,1.0,0.0,0.0,13.800004456466626
NW150_FL310,2022-03-01 01:00:00.000000000,-3.3473158711349957,50.956146985350514,9448.8,28744.290737453055,221.54198,0.5585104139935327,0.9076874123001512,1.0,0.0,0.0,13.799998839363584
NW150_FL310,2022-03-01 01:01:00.000000000,-3.201815162333295,51.03991604591398,9448.8,28744.290737453055,221.4708,0.5803462225421979,0.943687199134685,1.0,0.0,0.0,13.799993126409735
NW150_FL310,2022-03-01 01:02:00.000000000,-3.0549670550937402,51.122933607024926,9448.8,28744.290737453055,221.37856,0.5980217092669718,0.9731160523730827,1.0,0.0,0.0,13.799987373795798
NW150_FL310,2022-03-01 01:03:00.000000000,-2.9067732000863327,51.20519026867862,9448.8,28744.290737453055,221.28606,0.6146493590614225,1.000882712200433,1.0,1.0,1.0,13.799981638763203
NW150_FL310,2022-03-01 01:04:00.000000000,-2.75723613682413,51.28667700045241,9448.8,28744.290737453055,221.18004,0.6331881680134825,1.0319051642474315,1.0,1.0,1.0,13.799975978917063
NW150_FL310,2022-03-01 01:05:00.000000000,-2.6063592860038653,51.367385158347936,9448.8,28744.290737453055,221.08356,0.6463844408305823,1.0541829134835934,1.0,1.0,1.0,13.799970451534813
NW150_FL310,2022-03-01 01:06:00.000000000,-2.4541469397475377,51.44730650096773,9448.8,28744.290737453055,220.99728,0.6555152066964627,1.0697784064524145,1.0,1.0,1.0,13.799965112869177
NW150_FL310,2022-03-01 01:07:00.000000000,-2.300604249774821,51.526433204957165,9448.8,28744.290737453055,220.92712,0.6558962511907019,1.070967133250762,1.0,1.0,1.0,13.799960017463881
NW150_FL310,2022-03-01 01:08:00.000000000,-2.145737213549071,51.60475787964777,9448.8,28744.290737453055,220.8683,0.655780080785221,1.071255657062049,1.0,1.0,1.0,13.799955217494318
NW150_FL310,2022-03-01 01:09:00.000000000,-1.9895526584501013,51.682273580841326,9448.8,28744.290737453055,220.82083,0.6588637354728958,1.076681082494603,1.0,1.0,1.0,13.799950762132118
NW150_FL310,2022-03-01 01:10:00.000000000,-1.832058224038491,51.758973823679455,9448.8,28744.290737453055,220.78494,0.6621579384069145,1.0823563354810042,1.0,1.0,1.0,13.799946696952656
NW150_FL310,2022-03-01 01:11:00.000000000,-1.6732623424866224,51.83485259454882,9448.8,28744.290737453055,220.7542,0.6646326227554863,1.086655993853042,1.0,1.0,1.0,13.799943063395368
NW150_FL310,2022-03-01 01:12:00.000000000,-1.513174217261294,51.909904361977446,9448.8,28744.290737453055,220.73213,0.6670878545915044,1.0908516113193585,1.0,1.0,1.0,13.799939898272926
NW150_FL310,2022-03-01 01:13:00.000000000,-1.3518038001522044,51.98412408648381,9448.8,28744.290737453055,220.70872,0.6699988876287262,1.0958055163643763,1.0,1.0,1.0,13.799939745243607
NW150_FL310,2022-03-01 01:14:00.000000000,-1.1891615462200298,52.057507082236924,9448.8,28744.290737453055,220.68816,0.6727146885353423,1.10041976442253,1.0,1.0,1.0,13.800020924011612
NW150_FL310,2022-03-01 01:15:00.000000000,-1.0252518319892376,52.13004458185368,9448.8,28744.290737453055,220.67369,0.6751924844135393,1.104592184472323,1.0,1.0,1.0,13.800013978858964
NW150_FL310,2022-03-01 01:16:00.000000000,-0.8600941937770141,52.20173800568454,9448.8,28744.290737453055,220.6625,0.6771133127363897,1.1078256822350465,1.0,1.0,1.0,13.800007477983955
NW150_FL310,2022-03-01 01:17:00.000000000,-0.6937013373187131,52.27258437763797,9448.8,28744.290737453055,220.65002,0.6780192656380792,1.109414024164732,1.0,1.0,1.0,13.800001452770012
NW150_FL310,2022-03-01 01:18:00.000000000,-0.5260865789675423,52.34258124591907,9448.8,28744.290737453055,220.63893,0.6756700101793304,1.1056627255968754,1.0,1.0,1.0,13.799995928589095
NW150_FL310,2022-03-01 01:19:00.000000000,-0.35726381511859207,52.4117266860437,9448.8,28744.290737453055,220.63985,0.6705941185179214,1.097348925527018,1.0,1.0,1.0,13.79999092471825
NW150_FL310,2022-03-01 01:20:00.000000000,-0.1872474908346242,52.480019302721765,9448.8,28744.290737453055,220.6439,0.6650129175592021,1.0881832772720095,1.0,1.0,1.0,13.799986454317708
NW150_FL310,2022-03-01 01:21:00.000000000,-0.0160525678074433,52.54745823062341,9448.8,28744.290737453055,220.64632,0.6585120126046126,1.0775256086397982,1.0,1.0,1.0,13.799982524503399
NW150_FL310,2022-03-01 01:22:00.000000000,0.15630550821031364,52.614043134048934,9448.8,28744.290737453055,220.64641,0.6547279622365915,1.0713335634791883,1.0,1.0,1.0,13.79997913648606
NW150_FL310,2022-03-01 01:23:00.000000000,0.329810840369795,52.67977420552756,9448.8,28744.290737453055,220.64784,0.6537495005355126,1.069721014969851,1.0,1.0,1.0,13.799976285786364
NW150_FL310,2022-03-01 01:24:00.000000000,0.5044471139547051,52.74465216337665,9448.8,28744.290737453055,220.65036,0.654858767355668,1.0715160174355836,1.0,1.0,1.0,13.799973962517008
NW150_FL310,2022-03-01 01:25:00.000000000,0.680197629744843,52.80867824825721,9448.8,28744.290737453055,220.63293,0.6560777621588674,1.0736502029468356,1.0,1.0,1.0,13.799972151720771
NW150_FL310,2022-03-01 01:26:00.000000000,0.857045337388637,52.8718542187659,9448.8,28744.290737453055,220.6132,0.6584754595204254,1.077733418184627,1.0,1.0,1.0,13.799970833761792
NW150_FL310,2022-03-01 01:27:00.000000000,1.034972868662569,52.93418234610838,9448.8,28744.290737453055,220.59062,0.6617208759241523,1.0832331095125385,1.0,1.0,1.0,13.799969984769
NW150_FL310,2022-03-01 01:28:00.000000000,1.2139625705007244,52.99566540790184,9448.8,28744.290737453055,220.56088,0.66457064187578,1.088139823536077,1.0,1.0,1.0,13.799969577100743
NW150_FL310,2022-03-01 01:29:00.000000000,1.3939965376829655,53.056306681157686,9448.8,28744.290737453055,220.53575,0.6644631977655325,1.0881688789880126,1.0,1.0,1.0,13.799969579857322
NW150_FL310,2022-03-01 01:30:00.000000000,1.5750566450764563,53.11610993449817,9448.8,28744.290737453055,220.51527,0.6629441066361977,1.0858467472530422,1.0,1.0,1.0,13.799969959394309
NW150_FL310,2022-03-01 01:31:00.000000000,1.7571245793312809,53.17507941966272,9448.8,28744.290737453055,220.49956,0.6603397804377275,1.0817106218616799,1.0,1.0,1.0,13.799970679859165
NW150_FL310,2022-03-01 01:32:00.000000000,1.9401818699385918,53.23321986236095,9448.8,28744.290737453055,220.50116,0.6551180249897817,1.0731425239327876,1.0,1.0,1.0,13.799971703727884
NW150_FL310,2022-03-01 01:33:00.000000000,2.1242099195660367,53.29053645253109,9448.8,28744.290737453055,220.50713,0.6495705831696201,1.0640097366091195,1.0,1.0,1.0,13.799972992333837
NW150_FL310,2022-03-01 01:34:00.000000000,2.3091900335932243,53.34703483406254,9448.8,28744.290737453055,220.51657,0.6440459525071949,1.0548861482950689,1.0,1.0,1.0,13.799974506384897
NW150_FL310,2022-03-01 01:35:00.000000000,2.4951034487770922,53.402721094041766,9448.8,28744.290737453055,220.53186,0.6365149810201516,1.0424297116847874,1.0,1.0,1.0,13.799976206465772
NW150_FL310,2022-03-01 01:36:00.000000000,2.6819313609848683,53.457601751580526,9448.8,28744.290737453055,220.54373,0.6298772993355307,1.031465365808453,1.0,1.0,1.0,13.799978053504757
NW150_FL310,2022-03-01 01:37:00.000000000,2.8696549519397707,53.511683746284476,9448.8,28744.290737453055,220.55147,0.6219436188587579,1.018415755180296,1.0,1.0,1.0,13.799980009221503
NW150_FL310,2022-03-01 01:38:00.000000000,3.0582554149321086,53.56497442641937,9448.8,28744.290737453055,220.55653,0.6144231866355916,1.0060640411826804,1.0,1.0,1.0,13.799982036526542
NW150_FL310,2022-03-01 01:39:00.000000000,3.2477139794557783,53.61748153683056,9448.8,28744.290737453055,220.55478,0.6098095345826525,0.9985213591083881,1.0,0.0,0.0,13.799984099891018
NW150_FL310,2022-03-01 01:40:00.000000000,3.4380119347371982,53.6692132066701,9448.8,28744.290737453055,220.54234,0.6116942852327324,1.00170238515866,1.0,1.0,1.0,13.799986165670656
NW150_FL310,2022-03-01 01:41:00.000000000,3.629130652131118,53.72017793698295,9448.8,28744.290737453055,220.5205,0.6171189368765534,1.0107523348096912,1.0,1.0,1.0,13.79998820237766
NW150_FL310,2022-03-01 01:42:00.000000000,3.821051606363487,53.770384588202695,9448.8,28744.290737453055,220.48721,0.6261676239296885,1.025827637931122,1.0,1.0,1.0,13.799990180922991
NW150_FL310,2022-03-01 01:43:00.000000000,4.013756395608983,53.81984236760365,9448.8,28744.290737453055,220.44472,0.6368200262248135,1.0436147616408578,1.0,1.0,1.0,13.79999207479392
NW150_FL310,2022-03-01 01:44:00.000000000,4.207226760395775,53.868560816754226,9448.8,28744.290737453055,220.41664,0.6423707693480993,1.0529321595345844,1.0,1.0,1.0,13.79999386020077
NW150_FL310,2022-03-01 01:45:00.000000000,4.401444601336398,53.9165497990135,9448.8,28744.290737453055,220.38914,0.6449215008364635,1.057330979755084,1.0,1.0,1.0,13.799995516168021
NW150_FL310,2022-03-01 01:46:00.000000000,4.59639199568854,53.96381948710966,9448.8,28744.290737453055,220.40083,0.6374533215020837,1.044997255605748,1.0,1.0,1.0,13.799997024593432
NW150_FL310,2022-03-01 01:47:00.000000000,4.792051212754257,54.01038035083665,9448.8,28744.290737453055,220.45691,0.6208728870542213,1.0173854877092967,1.0,1.0,1.0,13.799998370255315
NW150_FL310,2022-03-01 01:48:00.000000000,4.988404728130883,54.05624314490155,9448.8,28744.290737453055,220.5224,0.6055023946842766,0.9917116668228181,1.0,0.0,0.0,13.799999540791967
NW150_FL310,2022-03-01 01:49:00.000000000,5.185435236830494,54.101418896952666,9448.8,28744.290737453055,220.5816,0.6113592799662211,1.0008565351679022,1.0,1.0,1.0,13.800000526639762
NW150_FL310,2022-03-01 01:50:00.000000000,5.383125665288684,54.14591889581483,9448.8,28744.290737453055,220.62856,0.6223587061236052,1.0185039400617144,1.0,1.0,1.0,13.800001320950413
NW150_FL310,2022-03-01 01:51:00.000000000,5.581459182286482,54.18975467995547,9448.8,28744.290737453055,220.65901,0.6378525390493209,1.043622934294839,1.0,1.0,1.0,13.800001919470516
NW150_FL310,2022-03-01 01:52:00.000000000,5.780419208811863,54.23293802620198,9448.8,28744.290737453055,220.6811,0.651859980304272,1.0663639286078945,1.0,1.0,1.0,13.800002320404134
NW150_FL310,2022-03-01 01:53:00.000000000,5.979989426890096,54.27548093872749,9448.8,28744.290737453055,220.69553,0.6653914860671146,1.0883784282978954,1.0,1.0,1.0,13.800002524262844
NW150_FL310,2022-03-01 01:54:00.000000000,6.180153787413816,54.31739563831984,9448.8,28744.290737453055,220.73668,0.6786142742144468,1.1096602796919266,1.0,1.0,1.0,13.800002533692991
NW150_FL310,2022-03-01 01:55:00.000000000,6.3808965170056196,54.35869455194499,9448.8,28744.290737453055,220.78142,0.6931437175839319,1.1330395045245283,1.0,1.0,1.0,13.800002353293928
NW150_FL310,2022-03-01 01:56:00.000000000,6.5822021239473365,54.399390302613654,9448.8,28744.290737453055,220.83444,0.7027077624521988,1.1482098674366978,1.0,1.0,1.0,13.80000198943833
NW150_FL310,2022-03-01 01:57:00.000000000,6.784055403211021,54.4394956995573,9448.8,28744.290737453055,220.89386,0.7020828629785631,1.146671298788232,1.0,1.0,1.0,13.800001450080874
NW150_FL310,2022-03-01 01:58:00.000000000,6.986441440627737,54.479023728716754,9448.8,28744.290737453055,220.95111,0.6963081863845518,1.1367473275954256,1.0,1.0,1.0,13.800000744570198
NW150_FL310,2022-03-01 01:59:00.000000000,7.18934561623043,54.51798754354435,9448.8,28744.290737453055,221.0034,0.6378188454869204,1.0408492265464315,1.0,1.0,1.0,13.799999883471097
NW150_FL310,2022-03-01 02:00:00.000000000,7.392753606807693,54.55640045611831,9448.8,28744.290737453055,221.0532,0.5729504202464627,0.9346366663303964,1.0,0.0,0.0,13.799998878381079
NW150_FL310,2022-03-01 02:01:00.000000000,7.596651387704953,54.594275928565615,9448.8,28744.290737453055,221.10583,0.5059712962330382,0.8250457946887718,1.0,0.0,0.0,13.799997741767196
NW150_FL310,2022-03-01 02:02:00.000000000,7.801025233909899,54.63162756478736,9448.8,28744.290737453055,221.1655,0.4437249935072106,0.7232159919764529,1.0,0.0,0.0,13.799996486806835
NW150_FL310,2022-03-01 02:03:00.000000000,8.005861720458118,54.66846910247922,9448.8,28744.290737453055,221.22874,0.3885100277511324,0.6329192743967251,1.0,0.0,0.0,13.799995127240448
NW150_FL310,2022-03-01 02:04:00.000000000,8.21114772219488,54.70481440543687,9448.8,28744.290737453055,221.29631,0.36462899889643263,0.5937066709654898,1.0,0.0,0.0,13.799993677240758
NW150_FL310,2022-03-01 02:05:00.000000000,8.416870412928134,54.74067745613532,9448.8,28744.290737453055,221.3617,0.34595546297651425,0.5630214151298543,1.0,0.0,0.0,13.799992151289874
NW150_FL310,2022-03-01 02:06:00.000000000,8.623017264007114,54.77607234856892,9448.8,28744.290737453055,221.41635,0.3369578236573844,0.5481482194937133,1.0,0.0,0.0,13.799990564074568
NW150_FL310,2022-03-01 02:07:00.000000000,8.829576042360262,54.81101328133762,9448.8,28744.290737453055,221.4594,0.33394194233754304,0.5430629656044399,1.0,0.0,0.0,13.799988930389441
NW150_FL310,2022-03-01 02:08:00.000000000,9.036534808025143,54.845514550963514,9448.8,28744.290737453055,221.4934,0.33286335128528166,0.5411685415863996,1.0,0.0,0.0,13.799987265057572
NW150_FL310,2022-03-01 02:09:00.000000000,9.243881911202225,54.87959054542058,9448.8,28744.290737453055,221.51476,0.33507690470040874,0.5446771799834307,1.0,0.0,0.0,13.799985582857834
NW150_FL310,2022-03-01 02:10:00.000000000,9.451605988863491,54.91325573785914,9448.8,28744.290737453055,221.5299,0.33604954273926335,0.5461949513878217,1.0,0.0,0.0,13.799983898464221
NW150_FL310,2022-03-01 02:11:00.000000000,9.659695960945642,54.94652468050605,9448.8,28744.290737453055,221.52855,0.34233701492782204,0.5564217352805709,1.0,0.0,0.0,13.799982226394873
NW150_FL310,2022-03-01 02:12:00.000000000,9.868141026157087,54.97941199871997,9448.8,28744.290737453055,221.52596,0.3477130607895896,0.5651700004481203,1.0,0.0,0.0,8.717907553283178
NW150_FL310,2022-03-01 02:12:37.904240283,10.0,55.0,9448.8,28744.290737453055,221.52934,0.34935087455039543,0.5678162300151891,1.0,0.0,0.0,0.0
NW300_FL310,2022-03-01 00:00:00.000000000,-10.000000000000002,45.00000000000001,9448.8,28744.290737453055,221.943,0.6762677870846457,1.0956759559336215,1.0,1.0,1.0,13.800034843118594
NW300_FL310,2022-03-01 00:01:00.000000000,-9.948323151402047,45.11861698721326,9448.8,28744.290737453055,221.92795,0.6829368007338001,1.1066090572289666,1.0,1.0,1.0,13.800006665435859
NW300_FL310,2022-03-01 00:02:00.000000000,-9.896402137726424,45.2372040256995,9448.8,28744.290737453055,221.92308,0.6869491172970104,1.1131516211594779,1.0,1.0,1.0,13.799977763173437
NW300_FL310,2022-03-01 00:03:00.000000000,-9.844205048187119,45.355754336568715,9448.8,28744.290737453055,221.90448,0.6867713930023649,1.1130239508155155,1.0,1.0,1.0,13.800003201880159
NW300_FL310,2022-03-01 00:04:00.000000000,-9.79169221545635,45.47425993803365,9448.8,28744.290737453055,221.88576,0.6859079156757778,1.111784139531677,1.0,1.0,1.0,13.800019831035982
NW300_FL310,2022-03-01 00:05:00.000000000,-9.73883020753365,45.592713564836444,9448.8,28744.290737453055,221.83578,0.6867639167226229,1.113603214238868,1.0,1.0,1.0,13.799990542186567
NW300_FL310,2022-03-01 00:06:00.000000000,-9.68559173693477,45.711108893423734,9448.8,28744.290737453055,221.78406,0.6876860889869506,1.1155419658310788,1.0,1.0,1.0,13.799966575556896
NW300_FL310,2022-03-01 00:07:00.000000000,-9.631942676019541,45.82943851868831,9448.8,28744.290737453055,221.72064,0.6869934957607625,1.1149639150389221,1.0,1.0,1.0,13.800034470564826
NW300_FL310,2022-03-01 00:08:00.000000000,-9.577832641962,45.94769216492699,9448.8,28744.290737453055,221.65288,0.6861642860629967,1.114197620153801,1.0,1.0,1.0,13.800004853679956
NW300_FL310,2022-03-01 00:09:00.000000000,-9.523242741476356,46.0658646319852,9448.8,28744.290737453055,221.57867,0.6772728568089358,1.1003872951133016,1.0,1.0,1.0,13.799975174589125
NW300_FL310,2022-03-01 00:10:00.000000000,-9.468138670649463,46.1839481275579,9448.8,28744.290737453055,221.49342,0.6607611124248228,1.0742635702590375,1.0,1.0,1.0,13.799996337513656
NW300_FL310,2022-03-01 00:11:00.000000000,-9.412475134560134,46.30193273606196,9448.8,28744.290737453055,221.40887,0.6469980421572387,1.0525686767183564,1.0,1.0,1.0,13.80002177829723
NW300_FL310,2022-03-01 00:12:00.000000000,-9.356214232217248,46.41980959140651,9448.8,28744.290737453055,221.31792,0.6379149707901629,1.0385163566621716,1.0,1.0,1.0,13.799991978487872
NW300_FL310,2022-03-01 00:13:00.000000000,-9.299331078055891,46.53757207105862,9448.8,28744.290737453055,221.23038,0.6323323335690514,1.030114349973625,1.0,1.0,1.0,13.79996288903523
NW300_FL310,2022-03-01 00:14:00.000000000,-9.2417896335749,46.65521139046437,9448.8,28744.290737453055,221.15,0.6344998441525638,1.034276998363246,1.0,1.0,1.0,13.800017586397669
NW300_FL310,2022-03-01 00:15:00.000000000,-9.183533336757865,46.77271458254579,9448.8,28744.290737453055,221.06645,0.6383869554655789,1.0412769390017056,1.0,1.0,1.0,13.800012642606154
NW300_FL310,2022-03-01 00:16:00.000000000,-9.124537269676559,46.8900744241367,9448.8,28744.290737453055,221.01471,0.6452494831153746,1.0528853630380823,1.0,1.0,1.0,13.799983478538548
NW300_FL310,2022-03-01 00:17:00.000000000,-9.06476959695927,47.00728223711839,9448.8,28744.290737453055,220.95183,0.65199535976988,1.0643999679727278,1.0,1.0,1.0,13.799955874461615
NW300_FL310,2022-03-01 00:18:00.000000000,-9.004192371172094,47.124327917170994,9448.8,28744.290737453055,220.88196,0.6598768585890888,1.0778366138021553,1.0,1.0,1.0,13.800022795812414
NW300_FL310,2022-03-01 00:19:00.000000000,-8.942742331284771,47.241195837621795,9448.8,28744.290737453055,220.80281,0.666259902727866,1.088915919961056,1.0,1.0,1.0,13.80000943014113
NW300_FL310,2022-03-01 00:20:00.000000000,-8.880399361758288,47.35787881023055,9448.8,28744.290737453055,220.74162,0.6727205138884514,1.0999843458687935,1.0,1.0,1.0,13.79998144097103
NW300_FL310,2022-03-01 00:21:00.000000000,-8.81712804662872,47.47436632203423,9448.8,28744.290737453055,220.67427,0.6788794138539428,1.110616863203096,1.0,1.0,1.0,13.799955751288898
NW300_FL310,2022-03-01 00:22:00.000000000,-8.752888484884062,47.59064660231162,9448.8,28744.290737453055,220.59789,0.6833616949366448,1.1185956721593446,1.0,1.0,1.0,13.79999974357544
NW300_FL310,2022-03-01 00:23:00.000000000,-8.687621184744504,47.70670318021615,9448.8,28744.290737453055,220.53745,0.6861859784668318,1.1237303064678257,1.0,1.0,1.0,13.800014603485252
NW300_FL310,2022-03-01 00:24:00.000000000,-8.6212916133352,47.822524520353284,9448.8,28744.290737453055,220.48026,0.6893440672065937,1.1293885431913886,1.0,1.0,1.0,13.799987752859257
NW300_FL310,2022-03-01 00:25:00.000000000,-8.553869741791866,47.93809981100981,9448.8,28744.290737453055,220.42781,0.6941060939005196,1.1376372651800564,1.0,1.0,1.0,13.79996366704769
NW300_FL310,2022-03-01 00:26:00.000000000,-8.485313856181833,48.05341525950304,9448.8,28744.290737453055,220.37808,0.6975246180691368,1.1436662104486246,1.0,1.0,1.0,13.799942842235483
NW300_FL310,2022-03-01 00:27:00.000000000,-8.415581801578655,48.16845651097662,9448.8,28744.290737453055,220.33627,0.6958470620970295,1.1412749542558613,1.0,1.0,1.0,13.800016914087612
NW300_FL310,2022-03-01 00:28:00.000000000,-8.344603841813232,48.28320205518647,9448.8,28744.290737453055,220.30466,0.6939800519779135,1.1384808553471069,1.0,1.0,1.0,13.800004972425114
NW300_FL310,2022-03-01 00:29:00.000000000,-8.272359617391693,48.397641532390416,9448.8,28744.290737453055,220.28543,0.688921948908391,1.1303478817023727,1.0,1.0,1.0,13.799981440007572
NW300_FL310,2022-03-01 00:30:00.000000000,-8.198809767667017,48.511759680983936,9448.8,28744.290737453055,220.2728,0.682214520643547,1.119444418256506,1.0,1.0,1.0,13.799961128930406
NW300_FL310,2022-03-01 00:31:00.000000000,-8.123910851857396,48.62553969747014,9448.8,28744.290737453055,220.29768,0.6689242377665707,1.097433619802544,1.0,1.0,1.0,13.79994434951923
NW300_FL310,2022-03-01 00:32:00.000000000,-8.047619175060253,48.73896411389615,9448.8,28744.290737453055,220.3196,0.6534970682005313,1.0719498377004117,1.0,1.0,1.0,13.799949522704459
NW300_FL310,2022-03-01 00:33:00.000000000,-7.969885434552368,48.85201334557368,9448.8,28744.290737453055,220.3936,0.6472203535957425,1.061064859237975,1.0,1.0,1.0,13.800014181102688
NW300_FL310,2022-03-01 00:34:00.000000000,-7.890648069563789,48.96466371012504,9448.8,28744.290737453055,220.47984,0.6449693274394016,1.0566879573078831,1.0,1.0,1.0,13.799992650903825
NW300_FL310,2022-03-01 00:35:00.000000000,-7.809886021383044,49.076901625594274,9448.8,28744.290737453055,220.56805,0.6399241282627361,1.0477275858026862,1.0,1.0,1.0,13.799974108707389
NW300_FL310,2022-03-01 00:36:00.000000000,-7.727555347093408,49.1887068387166,9448.8,28744.290737453055,220.65207,0.6356433804934294,1.0400579734144737,1.0,1.0,1.0,13.799958655833514
NW300_FL310,2022-03-01 00:37:00.000000000,-7.643612181951804,49.30005836390617,9448.8,28744.290737453055,220.69809,0.6342381395725297,1.0373992460786317,1.0,1.0,1.0,13.799946336900428
NW300_FL310,2022-03-01 00:38:00.000000000,-7.558012825338964,49.41093447592809,9448.8,28744.290737453055,220.71104,0.6319360721453452,1.0335337077150857,1.0,1.0,1.0,13.799937139245799
NW300_FL310,2022-03-01 00:39:00.000000000,-7.470713833585899,49.52131270557739,9448.8,28744.290737453055,220.71638,0.6268360958235699,1.0251514753540814,1.0,1.0,1.0,13.799930993467326
NW300_FL310,2022-03-01 00:40:00.000000000,-7.381672119623329,49.63116983869982,9448.8,28744.290737453055,220.7215,0.6103518671741235,0.9981547447735539,1.0,0.0,0.0,13.799935080408797
NW300_FL310,2022-03-01 00:41:00.000000000,-7.290842991180416,49.740481273968314,9448.8,28744.290737453055,220.71637,0.5962893537520744,0.9751943121191357,1.0,0.0,0.0,13.79999350665374
NW300_FL310,2022-03-01 00:42:00.000000000,-7.198169519410879,49.84921753340485,9448.8,28744.290737453055,220.75693,0.5722321677910295,0.9355638498650598,1.0,0.0,0.0,13.799978927303988
NW300_FL310,2022-03-01 00:43:00.000000000,-7.103628498314238,49.95735875096998,9448.8,28744.290737453055,220.81055,0.5500639441411841,0.898957228132439,1.0,0.0,0.0,13.799966433137888
NW300_FL310,2022-03-01 00:44:00.000000000,-7.0071795140932345,50.06487885572919,9448.8,28744.290737453055,220.88133,0.5267496664684826,0.8603930953173138,1.0,0.0,0.0,13.79995586908043
NW300_FL310,2022-03-01 00:45:00.000000000,-6.9087830925656055,50.171751090152405,9448.8,28744.290737453055,220.96452,0.5036118303027372,0.8220811408690177,1.0,0.0,0.0,13.799947052381834
NW300_FL310,2022-03-01 00:46:00.000000000,-6.808400832996052,50.27794803570585,9448.8,28744.290737453055,221.02852,0.47940083772219594,0.782179206484212,1.0,0.0,0.0,13.799939778560672
NW300_FL310,2022-03-01 00:47:00.000000000,-6.705995546066805,50.38344164394248,9448.8,28744.290737453055,221.05443,0.4423188800637333,0.7215341154670795,1.0,0.0,0.0,13.799933827852389
NW300_FL310,2022-03-01 00:48:00.000000000,-6.601531395219343,50.48820327332102,9448.8,28744.290737453055,221.08076,0.3991408295769441,0.650969624277414,1.0,0.0,0.0,13.799928972027583
NW300_FL310,2022-03-01 00:49:00.000000000,-6.494974040497284,50.592203731941304,9448.8,28744.290737453055,221.05913,0.35242930470443506,0.5748805574007156,1.0,0.0,0.0,13.799924981403041
NW300_FL310,2022-03-01 00:50:00.000000000,-6.386290783920157,50.69541332633463,9448.8,28744.290737453055,221.05072,0.29941959112863054,0.4884433406628379,1.0,0.0,0.0,13.799921631877607
NW300_FL310,2022-03-01 00:51:00.000000000,-6.2754507153220995,50.797801916390625,9448.8,28744.290737453055,221.0103,0.26821923369119444,0.4376812471027573,1.0,0.0,0.0,13.799918711778243
NW300_FL310,2022-03-01 00:52:00.000000000,-6.162424857501622,50.89933897643868,9448.8,28744.290737453055,220.95761,0.26548456198064846,0.4333925445090118,1.0,0.0,0.0,13.799916028361567
NW300_FL310,2022-03-01 00:53:00.000000000,-6.0471863094495175,50.99999366243146,9448.8,28744.290737453055,220.93375,0.26648194939793035,0.4350986358454413,1.0,0.0,0.0,13.799913413752241
NW300_FL310,2022-03-01 00:54:00.000000000,-5.929710386355748,51.099734885102215,9448.8,28744.290737453055,220.87947,0.2943249640178112,0.48075729495804664,1.0,0.0,0.0,13.799910730138198
NW300_FL310,2022-03-01 00:55:00.000000000,-5.8099747550443395,51.19853138888636,9448.8,28744.290737453055,220.8347,0.32123052544903835,0.5248825073899459,1.0,0.0,0.0,13.799907874076975
NW300_FL310,2022-03-01 00:56:00.000000000,-5.687959563450105,51.296351836313654,9448.8,28744.290737453055,220.80135,0.33963956883636176,0.5551029684791225,1.0,0.0,0.0,13.79990477972228
NW300_FL310,2022-03-01 00:57:00.000000000,-5.56364756273571,51.39316489749046,9448.8,28744.290737453055,220.76378,0.35044464470581854,0.5729254981745284,1.0,0.0,0.0,13.799901420893251
NW300_FL310,2022-03-01 00:58:00.000000000,-5.4370242206528845,51.48893934420452,9448.8,28744.290737453055,220.7232,0.3605524291795761,0.5896318306067765,1.0,0.0,0.0,13.799897811846515
NW300_FL310,2022-03-01 00:59:00.000000000,-5.308077824779514,51.583644148098536,9448.8,28744.290737453055,220.69902,0.36920216466592426,0.6038869533459804,1.0,0.0,0.0,13.799894006728076
NW300_FL310,2022-03-01 01:00:00.000000000,-5.176799574316013,51.67724858227623,9448.8,28744.290737453055,220.64969,0.38190249420050354,0.6248926147743474,1.0,0.0,0.0,13.799890097668875
NW300_FL310,2022-03-01 01:01:00.000000000,-5.043183659200432,51.76972232562682,9448.8,28744.290737453055,220.59811,0.39466588105207184,0.6460285547275488,1.0,0.0,0.0,13.799886211544619
NW300_FL310,2022-03-01 01:02:00.000000000,-4.907227325401263,51.8610355690834,9448.8,28744.290737453055,220.56488,0.4075407461469592,0.6672702058801304,1.0,0.0,0.0,13.799882505488926
NW300_FL310,2022-03-01 01:03:00.000000000,-4.768930925370678,51.95115912296934,9448.8,28744.290737453055,220.51614,0.4246267692763316,0.6955009979053842,1.0,0.0,0.0,13.799879161238978
NW300_FL310,2022-03-01 01:04:00.000000000,-4.628297952786058,52.04006452453659,9448.8,28744.290737453055,220.45193,0.44014774769205917,0.7212702014963789,1.0,0.0,0.0,13.79987637850337
NW300_FL310,2022-03-01 01:05:00.000000000,-4.485335060872928,52.127724144762055,9448.8,28744.290737453055,220.4049,0.449148625358224,0.7362787074616802,1.0,0.0,0.0,13.799874367506506
NW300_FL310,2022-03-01 01:06:00.000000000,-4.340052063785224,52.214111293444496,9448.8,28744.290737453055,220.3691,0.4584076571086071,0.7516601781558043,1.0,0.0,0.0,13.799875260345667
NW300_FL310,2022-03-01 01:07:00.000000000,-4.192461576710146,52.299200123019176,9448.8,28744.290737453055,220.3432,0.4650678394053669,0.7627275774845308,1.0,0.0,0.0,13.799958362399373
NW300_FL310,2022-03-01 01:08:00.000000000,-4.042565505808821,52.382957721133714,9448.8,28744.290737453055,220.31673,0.470589016945003,0.7719370374781953,1.0,0.0,0.0,13.79994634307932
NW300_FL310,2022-03-01 01:09:00.000000000,-3.8903976137133776,52.4653690353782,9448.8,28744.290737453055,220.27773,0.4850061031397385,0.795816882179849,1.0,0.0,0.0,13.799934758524605
NW300_FL310,2022-03-01 01:10:00.000000000,-3.7359801900362437,52.5464122011229,9448.8,28744.290737453055,220.2565,0.4990087547680309,0.8189253998337791,1.0,0.0,0.0,13.799923893437573
NW300_FL310,2022-03-01 01:11:00.000000000,-3.5793384277428935,52.62606676530347,9448.8,28744.290737453055,220.25284,0.5088173865153962,0.8350431392145916,1.0,0.0,0.0,13.799914005702364
NW300_FL310,2022-03-01 01:12:00.000000000,-3.420500321548006,52.70431376094036,9448.8,28744.290737453055,220.23204,0.5170383304876877,0.8486676597355469,1.0,0.0,0.0,13.799905318758915
NW300_FL310,2022-03-01 01:13:00.000000000,-3.2594965516209413,52.78113577383572,9448.8,28744.290737453055,220.21394,0.5191026868316501,0.8521715729019006,1.0,0.0,0.0,13.799898015093248
NW300_FL310,2022-03-01 01:14:00.000000000,-3.0963603537213,52.85651700087687,9448.8,28744.290737453055,220.18654,0.5161408274782587,0.8474847568297402,1.0,0.0,0.0,13.799892231080968
NW300_FL310,2022-03-01 01:15:00.000000000,-2.93112737703906,52.93044329948208,9448.8,28744.290737453055,220.15282,0.514401284451801,0.8448387472121223,1.0,0.0,0.0,13.79988805331851
NW300_FL310,2022-03-01 01:16:00.000000000,-2.7638355311439367,53.00290222783783,9448.8,28744.290737453055,220.10602,0.5131693512991102,0.8431110803017168,1.0,0.0,0.0,13.799885516550193
NW300_FL310,2022-03-01 01:17:00.000000000,-2.594524823554262,53.07388307569488,9448.8,28744.290737453055,220.09128,0.5133818142097114,0.8435516753376741,1.0,0.0,0.0,13.799884603266875
NW300_FL310,2022-03-01 01:18:00.000000000,-2.4232371895126836,53.14337688560977,9448.8,28744.290737453055,220.06195,0.5205191051177604,0.855468027077621,1.0,0.0,0.0,13.799885244947372
NW300_FL310,2022-03-01 01:19:00.000000000,-2.250016315606625,53.21137646463753,9448.8,28744.290737453055,220.01514,0.5355263214322433,0.880437557083171,1.0,0.0,0.0,13.799887324900999
NW300_FL310,2022-03-01 01:20:00.000000000,-2.0749074588928185,53.277876386596866,9448.8,28744.290737453055,219.99599,0.5573542236259339,0.916455077755379,1.0,0.0,0.0,13.799890682600761
NW300_FL310,2022-03-01 01:21:00.000000000,-1.8979572631798203,53.34287298513899,9448.8,28744.290737453055,219.98384,0.5746998988781312,0.9450620540836573,1.0,0.0,0.0,13.799895119344866
NW300_FL310,2022-03-01 01:22:00.000000000,-1.719213574090673,53.406364337953896,9448.8,28744.290737453055,219.95358,0.5916567583861656,0.9731670502056384,1.0,0.0,0.0,13.799900405062836
NW300_FL310,2022-03-01 01:23:00.000000000,-1.538725254472115,53.46835024254097,9448.8,28744.290737453055,219.89188,0.6058325427461765,0.9969386318812663,1.0,0.0,0.0,13.79990628602072
NW300_FL310,2022-03-01 01:24:00.000000000,-1.356542001638573,53.52883218405242,9448.8,28744.290737453055,219.83702,0.6162213033855592,1.014446356341966,1.0,1.0,1.0,13.79991249319038
NW300_FL310,2022-03-01 01:25:00.000000000,-1.172714167843412,53.58781329578929,9448.8,28744.290737453055,219.80534,0.6190459662545023,1.0193373839827993,1.0,1.0,1.0,13.799918750991056
NW300_FL310,2022-03-01 01:26:00.000000000,-0.9872925852565602,53.64529831298643,9448.8,28744.290737453055,219.76736,0.6292937347058558,1.036504118364198,1.0,1.0,1.0,13.799924786167315
NW300_FL310,2022-03-01 01:27:00.000000000,-0.800328396603329,53.7012935205683,9448.8,28744.290737453055,219.74611,0.6410955657022396,1.0561087034400063,1.0,1.0,1.0,13.79993033648061
NW300_FL310,2022-03-01 01:28:00.000000000,-0.6118728924847379,53.75580669558846,9448.8,28744.290737453055,219.73627,0.654928191167916,1.0789766217227978,1.0,1.0,1.0,13.799935159022626
NW300_FL310,2022-03-01 01:29:00.000000000,-0.42197735625945404,53.80884704508488,9448.8,28744.290737453055,219.76549,0.6547394026065065,1.0784281058808887,1.0,1.0,1.0,13.799939037850189
NW300_FL310,2022-03-01 01:30:00.000000000,-0.23069291722504956,53.86042514008997,9448.8,28744.290737453055,219.7866,0.6536679385773742,1.0764966479189497,1.0,1.0,1.0,13.79994179078318
NW300_FL310,2022-03-01 01:31:00.000000000,-0.03807041269302599,53.910552846529505,9448.8,28744.290737453055,219.80199,0.6549206855192917,1.0784393431524613,1.0,1.0,1.0,13.799943275155096
NW300_FL310,2022-03-01 01:32:00.000000000,0.1558397405871601,53.95924325373014,9448.8,28744.290737453055,219.83727,0.6574080667330678,1.082248289327065,1.0,1.0,1.0,13.799943392385876
NW300_FL310,2022-03-01 01:33:00.000000000,0.35098766533486897,54.00651060123104,9448.8,28744.290737453055,219.8715,0.6638899182664407,1.0926402756085958,1.0,1.0,1.0,13.799942091276058
NW300_FL310,2022-03-01 01:34:00.000000000,0.5473241327828376,54.05237020456364,9448.8,28744.290737453055,219.906,0.671465658171987,1.104825792698878,1.0,1.0,1.0,13.799939369947783
NW300_FL310,2022-03-01 01:35:00.000000000,0.7448006617853401,54.09683838062501,9448.8,28744.290737453055,219.9397,0.6745624962950015,1.1096439167570125,1.0,1.0,1.0,13.79993527641069
NW300_FL310,2022-03-01 01:36:00.000000000,0.943369608024376,54.139932373227055,9448.8,28744.290737453055,219.95354,0.6782213730577447,1.1155502338592098,1.0,1.0,1.0,13.799929907760507
NW300_FL310,2022-03-01 01:37:00.000000000,1.142984243446075,54.18167027935618,9448.8,28744.290737453055,219.96489,0.6813829123195683,1.120653347343018,1.0,1.0,1.0,13.799923408062723
NW300_FL310,2022-03-01 01:38:00.000000000,1.3435988261461758,54.22207097662803,9448.8,28744.290737453055,219.9755,0.6860291907344361,1.128207275080248,1.0,1.0,1.0,13.799915964977409
NW300_FL310,2022-03-01 01:39:00.000000000,1.545168660997899,54.26115405237014,9448.8,28744.290737453055,219.98491,0.69335066946235,1.1401681527771614,1.0,1.0,1.0,13.799907805259913
NW300_FL310,2022-03-01 01:40:00.000000000,1.7476501513793214,54.298939734713336,9448.8,28744.290737453055,219.99562,0.7014955147567198,1.1534714873760903,1.0,1.0,1.0,13.799905225618216
NW300_FL310,2022-03-01 01:41:00.000000000,1.951001321706038,54.3354480988425,9448.8,28744.290737453055,220.0077,0.7063028281723563,1.1612701393758753,1.0,1.0,1.0,13.80003550067695
NW300_FL310,2022-03-01 01:42:00.000000000,2.1551912888926434,54.370684072582705,9448.8,28744.290737453055,220.02287,0.7006980891607482,1.1519233116724368,1.0,1.0,1.0,13.80001194060027
NW300_FL310,2022-03-01 01:43:00.000000000,2.3601687814981553,54.404685818447064,9448.8,28744.290737453055,220.04819,0.690588643811217,1.1350922805299024,1.0,1.0,1.0,13.799988050689471
NW300_FL310,2022-03-01 01:44:00.000000000,2.5658948749977406,54.43747558046449,9448.8,28744.290737453055,220.08485,0.6797631430797589,1.1169904240081834,1.0,1.0,1.0,13.799964294443889
NW300_FL310,2022-03-01 01:45:00.000000000,2.772331890772268,54.46907594249486,9448.8,28744.290737453055,220.12756,0.6709141710037891,1.1021026926804856,1.0,1.0,1.0,13.79994113566568
NW300_FL310,2022-03-01 01:46:00.000000000,2.9794434044374127,54.49950977601977,9448.8,28744.290737453055,220.1805,0.6667447496042109,1.0948179234854172,1.0,1.0,1.0,13.799919029035573
NW300_FL310,2022-03-01 01:47:00.000000000,3.1871942485890172,54.528800191289015,9448.8,28744.290737453055,220.24539,0.6674787155827415,1.0954894663154662,1.0,1.0,1.0,13.799903858262315
NW300_FL310,2022-03-01 01:48:00.000000000,3.395550879759554,54.55696978407656,9448.8,28744.290737453055,220.29308,0.6744808857327714,1.1065871968152043,1.0,1.0,1.0,13.800055039082034
NW300_FL310,2022-03-01 01:49:00.000000000,3.604491615359623,54.58402008165235,9448.8,28744.290737453055,220.33035,0.6826570042997738,1.1196888105326575,1.0,1.0,1.0,13.800015441936033
NW300_FL310,2022-03-01 01:50:00.000000000,3.8139728517228146,54.60999719041869,9448.8,28744.290737453055,220.34999,0.6853154239218301,1.123888426896297,1.0,1.0,1.0,13.799978645815921
NW300_FL310,2022-03-01 01:51:00.000000000,4.023964354506401,54.63492486350083,9448.8,28744.290737453055,220.33577,0.6747565816152147,1.1066882495990407,1.0,1.0,1.0,13.799945081809751
NW300_FL310,2022-03-01 01:52:00.000000000,4.234437101686992,54.658826899104795,9448.8,28744.290737453055,220.33136,0.6599802654473101,1.082488673056868,1.0,1.0,1.0,13.799915120264668
NW300_FL310,2022-03-01 01:53:00.000000000,4.445363262970964,54.68172711119074,9448.8,28744.290737453055,220.3672,0.6250389953388301,1.0249033984112763,1.0,1.0,1.0,13.800015788586125
NW300_FL310,2022-03-01 01:54:00.000000000,4.65672372489985,54.70363128764721,9448.8,28744.290737453055,220.42123,0.5898050323813542,0.9667373382594007,1.0,0.0,0.0,13.800026752290783
NW300_FL310,2022-03-01 01:55:00.000000000,4.868487720428609,54.7245739875963,9448.8,28744.290737453055,220.49742,0.564342215436549,0.9244698506509151,1.0,0.0,0.0,13.799983572061933
NW300_FL310,2022-03-01 01:56:00.000000000,5.080627538644073,54.74458663851475,9448.8,28744.290737453055,220.57623,0.5534084900564322,0.9060222732395616,1.0,0.0,0.0,13.799945817559948
NW300_FL310,2022-03-01 01:57:00.000000000,5.293119881497206,54.763692990803875,9448.8,28744.290737453055,220.62978,0.5597513473893373,0.9160358951873038,1.0,0.0,0.0,13.799938516635832
NW300_FL310,2022-03-01 01:58:00.000000000,5.505943868646182,54.78191294381553,9448.8,28744.290737453055,220.64578,0.5896869709206668,0.9649087525822966,1.0,0.0,0.0,13.800050656767903
NW300_FL310,2022-03-01 01:59:00.000000000,5.719084419011531,54.79925175731836,9448.8,28744.290737453055,220.63658,0.6184931036818899,1.012116914453138,1.0,1.0,1.0,13.800003204209666
NW300_FL310,2022-03-01 02:00:00.000000000,5.932512825652237,54.81575578710652,9448.8,28744.290737453055,220.62209,0.6434136811657198,1.053013472262591,1.0,1.0,1.0,13.799962666862402
NW300_FL310,2022-03-01 02:01:00.000000000,6.1462099113233615,54.83144846222197,9448.8,28744.290737453055,220.62872,0.6666080732966874,1.0909178926547154,1.0,1.0,1.0,13.799932359184918
NW300_FL310,2022-03-01 02:02:00.000000000,6.3601576187555455,54.846352522537195,9448.8,28744.290737453055,220.65242,0.6906226043223707,1.1300178587515073,1.0,1.0,1.0,13.800051701259331
NW300_FL310,2022-03-01 02:03:00.000000000,6.574345601833692,54.860467055141825,9448.8,28744.290737453055,220.68922,0.708224194078252,1.1584929521859235,1.0,1.0,1.0,13.80000554177809
NW300_FL310,2022-03-01 02:04:00.000000000,6.788749289172524,54.87384091232076,9448.8,28744.290737453055,220.73943,0.7113787781896194,1.1632112636330407,1.0,1.0,1.0,13.799967129490193
NW300_FL310,2022-03-01 02:05:00.000000000,7.0033531669792195,54.88649708306962,9448.8,28744.290737453055,220.79677,0.7109726194816912,1.1620475479297343,1.0,1.0,1.0,13.799960623388825
NW300_FL310,2022-03-01 02:06:00.000000000,7.218143656439326,54.89845407593597,9448.8,28744.290737453055,220.85664,0.6476739524513787,1.058107183101563,1.0,1.0,1.0,13.8000381484042
NW300_FL310,2022-03-01 02:07:00.000000000,7.433110284466571,54.90971982486474,9448.8,28744.290737453055,220.92102,0.5778580892072327,0.9435892630621736,1.0,0.0,0.0,13.799997707739267
NW300_FL310,2022-03-01 02:08:00.000000000,7.648234507949747,54.92033751497244,9448.8,28744.290737453055,220.99411,0.5133399201121288,0.837772554061139,1.0,0.0,0.0,13.799965046205028
NW300_FL310,2022-03-01 02:09:00.000000000,7.863504016276233,54.93032968835278,9448.8,28744.290737453055,221.07016,0.45403723458536793,0.740562980948161,1.0,0.0,0.0,13.799998359184581
NW300_FL310,2022-03-01 02:10:00.000000000,8.078909613694025,54.93970734956771,9448.8,28744.290737453055,221.14705,0.4093829193672127,0.6673377809475043,1.0,0.0,0.0,13.800019524346945
NW300_FL310,2022-03-01 02:11:00.000000000,8.294439602046854,54.94849485749177,9448.8,28744.290737453055,221.22571,0.38533973778685254,0.627768814948181,1.0,0.0,0.0,13.799987344744515
NW300_FL310,2022-03-01 02:12:00.000000000,8.51008135994762,54.95672549342708,9448.8,28744.290737453055,221.30145,0.36413403381741877,0.5928796902230573,1.0,0.0,0.0,13.799962217577544
NW300_FL310,2022-03-01 02:13:00.000000000,8.725825342473327,54.96442143190606,9448.8,28744.290737453055,221.36597,0.35415804581563676,0.5763506803619923,1.0,0.0,0.0,13.800030591944905
NW300_FL310,2022-03-01 02:14:00.000000000,8.941665815844612,54.97158610280672,9448.8,28744.290737453055,221.4237,0.34442671467949937,0.5602669119524802,1.0,0.0,0.0,13.800003074592663
NW300_FL310,2022-03-01 02:15:00.000000000,9.157590658160426,54.97826150894907,9448.8,28744.290737453055,221.4666,0.33931379456773797,0.551768113176555,1.0,0.0,0.0,13.799979693093027
NW300_FL310,2022-03-01 02:16:00.000000000,9.373592057318856,54.984470163858454,9448.8,28744.290737453055,221.4955,0.3381205166071364,0.5497070068165503,1.0,0.0,0.0,13.799998894018712
NW300_FL310,2022-03-01 02:17:00.000000000,9.58966406355943,54.990225655978996,9448.8,28744.290737453055,221.51024,0.34066463906283634,0.5537802263676213,1.0,0.0,0.0,13.800013114578606
NW300_FL310,2022-03-01 02:18:00.000000000,9.805799607243536,54.995551318891,9448.8,28744.290737453055,221.51514,0.34552858050680246,0.5616660299783083,1.0,0.0,0.0,12.396422411584279
NW300_FL310,2022-03-01 02:18:53.897617080,9.999999999999996,55.0,9448.8,28744.290737453055,221.52043,0.3492345521727822,0.5676678720538396,1.0,0.0,0.0,0.0
SE300_FL320,2022-03-01 00:00:00.000000000,-10.000000000000002,45.00000000000001,9753.6,27448.480002484983,218.9977,0.6422209698571949,1.0638029400486007,1.0,1.0,1.0,13.800115027908165
SE300_FL320,2022-03-01 00:01:00.000000000,-9.832634228109365,45.0374989777726,9753.6,27448.480002484983,219.07144,0.6541824150107043,1.0830287340582285,1.0,1.0,1.0,13.800020549916326
SE300_FL320,2022-03-01 00:02:00.000000000,-9.665061957945106,45.074778023133646,9753.6,27448.480002484983,219.17021,0.6664470337986625,1.10253691906756,1.0,1.0,1.0,13.799927543731021
SE300_FL320,2022-03-01 00:03:00.000000000,-9.497293172355167,45.111857647020635,9753.6,27448.480002484983,219.28043,0.6793594699853531,1.1229924444948245,1.0,1.0,1.0,13.800010362739226
SE300_FL320,2022-03-01 00:04:00.000000000,-9.329333869699752,45.148755048499964,9753.6,27448.480002484983,219.37914,0.6917816293536198,1.142696674553159,1.0,1.0,1.0,13.8000625389665
SE300_FL320,2022-03-01 00:05:00.000000000,-9.161195059406664,45.18549293097829,9753.6,27448.480002484983,219.47272,0.7024329398405462,1.1594931735725913,1.0,1.0,1.0,13.799971646306037
SE300_FL320,2022-03-01 00:06:00.000000000,-8.992889620285059,45.222095268527376,9753.6,27448.480002484983,219.55113,0.7140325213164938,1.1779575437619745,1.0,1.0,1.0,13.799899873840282
SE300_FL320,2022-03-01 00:07:00.000000000,-8.824426642306625,45.25858271091628,9753.6,27448.480002484983,219.61182,0.7142166785708183,1.1777325218456038,1.0,1.0,1.0,13.800105239252431
SE300_FL320,2022-03-01 00:08:00.000000000,-8.65581080706178,45.2949740113112,9753.6,27448.480002484983,219.696,0.7002285120226037,1.1539486026948724,1.0,1.0,1.0,13.80001760658135
SE300_FL320,2022-03-01 00:09:00.000000000,-8.487057177228046,45.3312945416673,9753.6,27448.480002484983,219.77301,0.6848981714352982,1.1280427264442043,1.0,1.0,1.0,13.79993231818943
SE300_FL320,2022-03-01 00:10:00.000000000,-8.31817494269894,45.36756551489382,9753.6,27448.480002484983,219.82988,0.6727622154610085,1.1075839609957796,1.0,1.0,1.0,13.799993838825486
SE300_FL320,2022-03-01 00:11:00.000000000,-8.149171301625014,45.4038082101483,9753.6,27448.480002484983,219.88496,0.656177968550074,1.0798406519960078,1.0,1.0,1.0,13.80006634186223
SE300_FL320,2022-03-01 00:12:00.000000000,-7.980055881015995,45.44004548033964,9753.6,27448.480002484983,219.936,0.6387339653119934,1.0507363779134453,1.0,1.0,1.0,13.799985579438726
SE300_FL320,2022-03-01 00:13:00.000000000,-7.81084018030542,45.47629954581915,9753.6,27448.480002484983,219.94803,0.6363267204438583,1.0466835342664862,1.0,1.0,1.0,13.799907812990368
SE300_FL320,2022-03-01 00:14:00.000000000,-7.64153340621131,45.51259224345501,9753.6,27448.480002484983,219.97217,0.6277156047322902,1.032331890538077,1.0,1.0,1.0,13.80005343805641
SE300_FL320,2022-03-01 00:15:00.000000000,-7.472142889633564,45.54894792999821,9753.6,27448.480002484983,220.00294,0.6182136196744201,1.0164733004659738,1.0,1.0,1.0,13.800042769194542
SE300_FL320,2022-03-01 00:16:00.000000000,-7.30268005570596,45.58538865893594,9753.6,27448.480002484983,220.04213,0.6222493754676168,1.0228113505487901,1.0,1.0,1.0,13.799970371522296
SE300_FL320,2022-03-01 00:17:00.000000000,-7.133155014811902,45.621936316925805,9753.6,27448.480002484983,220.10124,0.6247622669155193,1.0264874603262302,1.0,1.0,1.0,13.799901682232836
SE300_FL320,2022-03-01 00:18:00.000000000,-6.963577350434745,45.65861348889645,9753.6,27448.480002484983,220.16446,0.6290588879720368,1.0330610010419337,1.0,1.0,1.0,13.800065477575464
SE300_FL320,2022-03-01 00:19:00.000000000,-6.793955919788455,45.69544792952469,9753.6,27448.480002484983,220.2372,0.6349967180303386,1.0422432359842222,1.0,1.0,1.0,13.80003693342804
SE300_FL320,2022-03-01 00:20:00.000000000,-6.62430206827496,45.732459891422764,9753.6,27448.480002484983,220.30148,0.6463571682254009,1.060379917354106,1.0,1.0,1.0,13.799973816594894
SE300_FL320,2022-03-01 00:21:00.000000000,-6.454626108496878,45.76967183596835,9753.6,27448.480002484983,220.35611,0.6586394299342092,1.0800898459863935,1.0,1.0,1.0,13.79991501954183
SE300_FL320,2022-03-01 00:22:00.000000000,-6.284938381864701,45.807107160064675,9753.6,27448.480002484983,220.38098,0.6736715210495514,1.1045343050873184,1.0,1.0,1.0,13.80001310806428
SE300_FL320,2022-03-01 00:23:00.000000000,-6.1152496770827875,45.84479442806904,9753.6,27448.480002484983,220.41298,0.6801645392233738,1.1149090396557946,1.0,1.0,1.0,13.80004905320983
SE300_FL320,2022-03-01 00:24:00.000000000,-5.945571349662257,45.8827565001216,9753.6,27448.480002484983,220.43806,0.6812929125826341,1.1165510847808946,1.0,1.0,1.0,13.799995207272767
SE300_FL320,2022-03-01 00:25:00.000000000,-5.775914582343945,45.92101460539857,9753.6,27448.480002484983,220.43375,0.6792163049249516,1.113184194500379,1.0,1.0,1.0,13.799946018066104
SE300_FL320,2022-03-01 00:26:00.000000000,-5.606290874535937,45.959592928785845,9753.6,27448.480002484983,220.4166,0.6704183148020977,1.0989062317598086,1.0,1.0,1.0,13.799901826521442
SE300_FL320,2022-03-01 00:27:00.000000000,-5.436712081951,45.99851585627959,9753.6,27448.480002484983,220.38669,0.6623355669820187,1.0859010038068344,1.0,1.0,1.0,13.800049850384529
SE300_FL320,2022-03-01 00:28:00.000000000,-5.267191966322243,46.03781647078147,9753.6,27448.480002484983,220.31903,0.6574716027281873,1.078471492036219,1.0,1.0,1.0,13.800031588333269
SE300_FL320,2022-03-01 00:29:00.000000000,-5.097742422824589,46.07751300401981,9753.6,27448.480002484983,220.25313,0.6583097967375737,1.0803826201463298,1.0,1.0,1.0,13.799990478669388
SE300_FL320,2022-03-01 00:30:00.000000000,-4.92837633795386,46.11762914151849,9753.6,27448.480002484983,220.19112,0.6554146192142735,1.076127527344497,1.0,1.0,1.0,13.7999541838252
SE300_FL320,2022-03-01 00:31:00.000000000,-4.759107233713054,46.158189859635726,9753.6,27448.480002484983,220.13544,0.6454917050874693,1.0602792576660607,1.0,1.0,1.0,13.799922890616976
SE300_FL320,2022-03-01 00:32:00.000000000,-4.589949114555786,46.19922026051813,9753.6,27448.480002484983,220.09598,0.6206983068729998,1.019851411970793,1.0,1.0,1.0,13.799929959565615
SE300_FL320,2022-03-01 00:33:00.000000000,-4.420917005638568,46.24074744997757,9753.6,27448.480002484983,220.04936,0.6012816125198316,0.9882920262092966,1.0,0.0,0.0,13.800043955541087
SE300_FL320,2022-03-01 00:34:00.000000000,-4.252027880874641,46.28280309951133,9753.6,27448.480002484983,219.99399,0.5875155387477309,0.9660632025756987,1.0,0.0,0.0,13.80001263583261
SE300_FL320,2022-03-01 00:35:00.000000000,-4.083295312513981,46.32540456469928,9753.6,27448.480002484983,219.94392,0.5780531984374624,0.950858896293512,1.0,0.0,0.0,13.79998555573942
SE300_FL320,2022-03-01 00:36:00.000000000,-3.914735435139302,46.3685770941835,9753.6,27448.480002484983,219.8939,0.5705095016864427,0.9387995810404571,1.0,0.0,0.0,13.799962706248108
SE300_FL320,2022-03-01 00:37:00.000000000,-3.7463649709978815,46.41234591653959,9753.6,27448.480002484983,219.84378,0.5662862971206999,0.9321963809177186,1.0,0.0,0.0,13.799944029141807
SE300_FL320,2022-03-01 00:38:00.000000000,-3.578201246424688,46.45673620162743,9753.6,27448.480002484983,219.78816,0.5956312620507836,0.9809078584511294,1.0,0.0,0.0,13.799929415534166
SE300_FL320,2022-03-01 00:39:00.000000000,-3.41026220591334,46.50177301855226,9753.6,27448.480002484983,219.73416,0.6202553258038573,1.0218678399805838,1.0,1.0,1.0,13.79991870565744
SE300_FL320,2022-03-01 00:40:00.000000000,-3.2425664234872786,46.54748129024899,9753.6,27448.480002484983,219.68541,0.6374445320142796,1.0505643946470937,1.0,1.0,1.0,13.799922852412047
SE300_FL320,2022-03-01 00:41:00.000000000,-3.0751334306903266,46.59388656047466,9753.6,27448.480002484983,219.65068,0.6397894845231124,1.0547035254706902,1.0,1.0,1.0,13.800008407530912
SE300_FL320,2022-03-01 00:42:00.000000000,-2.907985546322268,46.641019270999685,9753.6,27448.480002484983,219.63997,0.6399907425044353,1.0551174013389184,1.0,1.0,1.0,13.79999152577942
SE300_FL320,2022-03-01 00:43:00.000000000,-2.74114057917694,46.68889649733604,9753.6,27448.480002484983,219.6386,0.6386715080261255,1.052953708404206,1.0,1.0,1.0,13.799977274791766
SE300_FL320,2022-03-01 00:44:00.000000000,-2.5746196225871447,46.73754198383629,9753.6,27448.480002484983,219.66902,0.6374963346774154,1.0507807906101811,1.0,1.0,1.0,13.799965416219916
SE300_FL320,2022-03-01 00:45:00.000000000,-2.4084444011529893,46.78697905887585,9753.6,27448.480002484983,219.70561,0.6380020505728895,1.0513260044656139,1.0,1.0,1.0,13.799955690405685
SE300_FL320,2022-03-01 00:46:00.000000000,-2.24263725835525,46.83723057208739,9753.6,27448.480002484983,219.73956,0.6395492890746597,1.053611888095833,1.0,1.0,1.0,13.799947822412035
SE300_FL320,2022-03-01 00:47:00.000000000,-2.077221138921509,46.88831882936984,9753.6,27448.480002484983,219.77534,0.6428378713479348,1.0587499107035203,1.0,1.0,1.0,13.799941528604728
SE300_FL320,2022-03-01 00:48:00.000000000,-1.9122195656143586,46.94026552601405,9753.6,27448.480002484983,219.78525,0.6460020914813942,1.0638815575083878,1.0,1.0,1.0,13.799936523592704
SE300_FL320,2022-03-01 00:49:00.000000000,-1.747656610142675,46.99309167833649,9753.6,27448.480002484983,219.77838,0.6506837211703325,1.0716480185105737,1.0,1.0,1.0,13.799932527317191
SE300_FL320,2022-03-01 00:50:00.000000000,-1.5835568579366146,47.046817554258936,9753.6,27448.480002484983,219.79013,0.657650334581959,1.0830268163886667,1.0,1.0,1.0,13.799929272076493
SE300_FL320,2022-03-01 00:51:00.000000000,-1.41994536657518,47.10146260331857,9753.6,27448.480002484983,219.80293,0.6659217640740374,1.09654600678839,1.0,1.0,1.0,13.799926509251202
SE300_FL320,2022-03-01 00:52:00.000000000,-1.2568476177121715,47.15704538663485,9753.6,27448.480002484983,219.8183,0.6767722868943529,1.1142848168751853,1.0,1.0,1.0,13.799924015512413
SE300_FL320,2022-03-01 00:53:00.000000000,-1.0942894624114776,47.21358350739827,9753.6,27448.480002484983,219.83824,0.6744333525844054,1.1102703650955,1.0,1.0,1.0,13.799921598299676
SE300_FL320,2022-03-01 00:54:00.000000000,-0.9322970598757382,47.27109354247939,9753.6,27448.480002484983,219.85129,0.669168433717028,1.1014932807221154,1.0,1.0,1.0,13.799919100366923
SE300_FL320,2022-03-01 00:55:00.000000000,-0.7708968096326502,47.329590975783,9753.6,27448.480002484983,219.85591,0.6584605151952689,1.0838309797393824,1.0,1.0,1.0,13.799916403229442
SE300_FL320,2022-03-01 00:56:00.000000000,-0.6101152773294826,47.38909013399148,9753.6,27448.480002484983,219.83064,0.6337656765588885,1.0433804064039074,1.0,1.0,1.0,13.79991342938298
SE300_FL320,2022-03-01 00:57:00.000000000,-0.4499791143776922,47.44960412535214,9753.6,27448.480002484983,219.79398,0.6126715900552451,1.0089285083044919,1.0,1.0,1.0,13.79991014318596
SE300_FL320,2022-03-01 00:58:00.000000000,-0.2905149717839815,47.51114478216384,9753.6,27448.480002484983,219.73952,0.5972290553457763,0.9838926973102642,1.0,0.0,0.0,13.799906550367
SE300_FL320,2022-03-01 00:59:00.000000000,-0.1317494086006752,47.57372260760951,9753.6,27448.480002484983,219.6794,0.5959593637319047,0.9822385329529592,1.0,0.0,0.0,13.799902696148978
SE300_FL320,2022-03-01 01:00:00.000000000,0.026291204476382772,47.63734672756016,9753.6,27448.480002484983,219.61058,0.5988581939315261,0.9875181356509324,1.0,0.0,0.0,13.799898662049376
SE300_FL320,2022-03-01 01:01:00.000000000,0.1835807857402945,47.702024847945545,9753.6,27448.480002484983,219.49312,0.6119899795149202,1.0100494625892453,1.0,1.0,1.0,13.799894561448786
SE300_FL320,2022-03-01 01:02:00.000000000,0.3400936466257237,47.767763218243296,9753.6,27448.480002484983,219.38538,0.6195302696137494,1.0233049292394019,1.0,1.0,1.0,13.799890534083259
SE300_FL320,2022-03-01 01:03:00.000000000,0.4958045985892688,47.834566601585344,9753.6,27448.480002484983,219.29095,0.618490764801587,1.02229490648648,1.0,1.0,1.0,13.799886739660096
SE300_FL320,2022-03-01 01:04:00.000000000,0.6506890618532523,47.90243825191635,9753.6,27448.480002484983,219.1952,0.6369956375890407,1.0536215013824302,1.0,1.0,1.0,13.799883350808148
SE300_FL320,2022-03-01 01:05:00.000000000,0.8047231750871445,47.97137989856527,9753.6,27448.480002484983,219.1163,0.6478979786500575,1.0722746739149527,1.0,1.0,1.0,13.799880545640207
SE300_FL320,2022-03-01 01:06:00.000000000,0.9578839050532617,48.04139173850947,9753.6,27448.480002484983,219.06047,0.6606901303061903,1.09389010921964,1.0,1.0,1.0,13.799880297337754
SE300_FL320,2022-03-01 01:07:00.000000000,1.1101490175689515,48.11247259658721,9753.6,27448.480002484983,219.00945,0.6715211081914226,1.1122388454098227,1.0,1.0,1.0,13.799955765457092
SE300_FL320,2022-03-01 01:08:00.000000000,1.2614916109520389,48.18462623408982,9753.6,27448.480002484983,218.96518,0.6839557806263012,1.1331978177641124,1.0,1.0,1.0,13.799946076537669
SE300_FL320,2022-03-01 01:09:00.000000000,1.4118974565169005,48.25784150407756,9753.6,27448.480002484983,218.92072,0.6779840792139252,1.1236686526862696,1.0,1.0,1.0,13.799936769163452
SE300_FL320,2022-03-01 01:10:00.000000000,1.5613479605795775,48.33211247748483,9753.6,27448.480002484983,218.88556,0.6711229059341163,1.112585014433364,1.0,1.0,1.0,13.799928078960882
SE300_FL320,2022-03-01 01:11:00.000000000,1.7098258754552036,48.40743177483138,9753.6,27448.480002484983,218.85507,0.6633243098547215,1.0998980674544956,1.0,1.0,1.0,13.799920213907653
SE300_FL320,2022-03-01 01:12:00.000000000,1.8573153869251047,48.48379060616857,9753.6,27448.480002484983,218.82382,0.6531428404626966,1.0832611893726585,1.0,1.0,1.0,13.799913349084349
SE300_FL320,2022-03-01 01:13:00.000000000,2.00380219478423,48.561178817972646,9753.6,27448.480002484983,218.7989,0.643066632446691,1.06674507905595,1.0,1.0,1.0,13.799907622724088
SE300_FL320,2022-03-01 01:14:00.000000000,2.1492735857235448,48.63958494650445,9753.6,27448.480002484983,218.80992,0.6427868154281163,1.0661935306458536,1.0,1.0,1.0,13.79990313363142
SE300_FL320,2022-03-01 01:15:00.000000000,2.2937184979011707,48.71899627708127,9753.6,27448.480002484983,218.81686,0.641986311415654,1.0648138704099344,1.0,1.0,1.0,13.799899939990695
SE300_FL320,2022-03-01 01:16:00.000000000,2.437127576666514,48.79939890864313,9753.6,27448.480002484983,218.83455,0.6407715256935814,1.062661007247,1.0,1.0,1.0,13.799898059510873
SE300_FL320,2022-03-01 01:17:00.000000000,2.57949322101926,48.88077782294388,9753.6,27448.480002484983,218.86647,0.6384444102639445,1.0585556257175575,1.0,1.0,1.0,13.799897470818289
SE300_FL320,2022-03-01 01:18:00.000000000,2.7208096205090637,48.96311695765744,9753.6,27448.480002484983,218.91158,0.6334698138705982,1.0499632407732233,1.0,1.0,1.0,13.799898115948379
SE300_FL320,2022-03-01 01:19:00.000000000,2.8610727824072804,49.04639928266274,9753.6,27448.480002484983,218.96278,0.6248967271503718,1.0353659915520406,1.0,1.0,1.0,13.799899903772648
SE300_FL320,2022-03-01 01:20:00.000000000,3.0002805491083504,49.13060687875635,9753.6,27448.480002484983,219.00551,0.6201231894148692,1.0271380756480366,1.0,1.0,1.0,13.799902714140295
SE300_FL320,2022-03-01 01:21:00.000000000,3.1384326058413183,49.21572101804042,9753.6,27448.480002484983,219.04561,0.6133962484728657,1.0156991255980692,1.0,1.0,1.0,13.799906402511214
SE300_FL320,2022-03-01 01:22:00.000000000,3.275530478889779,49.30172224524366,9753.6,27448.480002484983,219.06064,0.6116429274887746,1.0126831476289704,1.0,1.0,1.0,13.799910804862314
SE300_FL320,2022-03-01 01:23:00.000000000,3.411577524628558,49.38859045925548,9753.6,27448.480002484983,219.06128,0.6073938897353851,1.0056435336835272,1.0,1.0,1.0,13.799915742621737
SE300_FL320,2022-03-01 01:24:00.000000000,3.546578909786857,49.47630499418438,9753.6,27448.480002484983,219.05528,0.6034889699423643,0.9992224893057738,1.0,0.0,0.0,13.799921027431493
SE300_FL320,2022-03-01 01:25:00.000000000,3.6805415834364057,49.56484469929377,9753.6,27448.480002484983,219.02718,0.5990654835925654,0.992101108602186,1.0,0.0,0.0,13.799926465539238
SE300_FL320,2022-03-01 01:26:00.000000000,3.813474241281341,49.65418801721622,9753.6,27448.480002484983,218.99765,0.5973821203716434,0.9895282834635655,1.0,0.0,0.0,13.799931861647412
SE300_FL320,2022-03-01 01:27:00.000000000,3.945387282890515,49.74431305990206,9753.6,27448.480002484983,218.974,0.5956071105984375,0.9867555154952895,1.0,0.0,0.0,13.799937022113916
SE300_FL320,2022-03-01 01:28:00.000000000,4.076292762563807,49.83519768181777,9753.6,27448.480002484983,218.9481,0.5909326624755384,0.9791961003905245,1.0,0.0,0.0,13.799941757380292
SE300_FL320,2022-03-01 01:29:00.000000000,4.206204334561293,49.92681954997152,9753.6,27448.480002484983,218.9251,0.585943620384782,0.971093885863853,1.0,0.0,0.0,13.799945883601017
SE300_FL320,2022-03-01 01:30:00.000000000,4.335137193447722,50.01915621040786,9753.6,27448.480002484983,218.91754,0.5830245158897983,0.966307431615202,1.0,0.0,0.0,13.799949223437263
SE300_FL320,2022-03-01 01:31:00.000000000,4.463108010316069,50.1121851508771,9753.6,27448.480002484983,218.91931,0.5743317208544125,0.9518883110299771,1.0,0.0,0.0,13.79995160605297
SE300_FL320,2022-03-01 01:32:00.000000000,4.590134865652553,50.20588385944899,9753.6,27448.480002484983,218.92958,0.5703508146438101,0.9452207487281744,1.0,0.0,0.0,13.799952866356099
SE300_FL320,2022-03-01 01:33:00.000000000,4.716237179594008,50.300229878900765,9753.6,27448.480002484983,218.95125,0.5691748119426726,0.9431222037752778,1.0,0.0,0.0,13.799952843577072
SE300_FL320,2022-03-01 01:34:00.000000000,4.841435640306324,50.39520085676857,9753.6,27448.480002484983,218.99506,0.5706474017751312,0.9452610691782046,1.0,0.0,0.0,13.799951379286926
SE300_FL320,2022-03-01 01:35:00.000000000,4.965752131182763,50.49077459100485,9753.6,27448.480002484983,219.04657,0.573420769265033,0.9494984086923034,1.0,0.0,0.0,13.799948314979101
SE300_FL320,2022-03-01 01:36:00.000000000,5.08920965752353,50.58692907123493,9753.6,27448.480002484983,219.07933,0.579308699451214,0.9590179898971974,1.0,0.0,0.0,13.7999434893709
SE300_FL320,2022-03-01 01:37:00.000000000,5.211832273314692,50.683642515650746,9753.6,27448.480002484983,219.11098,0.5871288959727695,0.9717400993544577,1.0,0.0,0.0,13.799936735540259
SE300_FL320,2022-03-01 01:38:00.000000000,5.333645008677116,50.78089340361986,9753.6,27448.480002484983,219.13913,0.5977079858201358,0.9890462153437732,1.0,0.0,0.0,13.79992787807843
SE300_FL320,2022-03-01 01:39:00.000000000,5.454673798505399,50.87866050412251,9753.6,27448.480002484983,219.1661,0.6110504331740706,1.0109215679514871,1.0,1.0,1.0,13.799916730378694
SE300_FL320,2022-03-01 01:40:00.000000000,5.574945412764155,50.97692290015904,9753.6,27448.480002484983,219.17854,0.6269382927610146,1.0371117868352289,1.0,1.0,1.0,13.799909146879337
SE300_FL320,2022-03-01 01:41:00.000000000,5.69448698268002,51.07566027243519,9753.6,27448.480002484983,219.17964,0.6414761921139204,1.0611551185537282,1.0,1.0,1.0,13.800036502008268
SE300_FL320,2022-03-01 01:42:00.000000000,5.813317860079042,51.17485813030892,9753.6,27448.480002484983,219.17857,0.6412117957440181,1.06072543927014,1.0,1.0,1.0,13.800019343694286
SE300_FL320,2022-03-01 01:43:00.000000000,5.931476383526231,51.274490485820074,9753.6,27448.480002484983,219.17122,0.6352885858489714,1.05098229329082,1.0,1.0,1.0,13.799999557176893
SE300_FL320,2022-03-01 01:44:00.000000000,6.048992146742065,51.37453779717241,9753.6,27448.480002484983,219.16666,0.6331035031913474,1.0474040900514074,1.0,1.0,1.0,13.799976952886416
SE300_FL320,2022-03-01 01:45:00.000000000,6.16589527157801,51.47498090580639,9753.6,27448.480002484983,219.16716,0.6297342673672162,1.0418222023981063,1.0,1.0,1.0,13.799951314976644
SE300_FL320,2022-03-01 01:46:00.000000000,6.282216354420901,51.575801040761654,9753.6,27448.480002484983,219.1706,0.6267437579622711,1.0368526021135533,1.0,1.0,1.0,13.799922401731491
SE300_FL320,2022-03-01 01:47:00.000000000,6.397986416102225,51.67697982039795,9753.6,27448.480002484983,219.1872,0.6221063451429661,1.029053957799469,1.0,1.0,1.0,13.799896422178843
SE300_FL320,2022-03-01 01:48:00.000000000,6.513236540852692,51.77849945999789,9753.6,27448.480002484983,219.21645,0.612837407594285,1.0135065744962262,1.0,1.0,1.0,13.800070683038491
SE300_FL320,2022-03-01 01:49:00.000000000,6.627989237000202,51.88034855874178,9753.6,27448.480002484983,219.23476,0.5980829131066276,0.9889739326704936,1.0,0.0,0.0,13.800033136164926
SE300_FL320,2022-03-01 01:50:00.000000000,6.7422871098143675,51.982503017475295,9753.6,27448.480002484983,219.2634,0.5804892997332494,0.9596771264831084,1.0,0.0,0.0,13.79999217680041
SE300_FL320,2022-03-01 01:51:00.000000000,6.85616260126879,52.08494594286698,9753.6,27448.480002484983,219.29044,0.5432440043335122,0.8979257005318195,1.0,0.0,0.0,13.799947488517821
SE300_FL320,2022-03-01 01:52:00.000000000,6.9696483812259675,52.187660808917485,9753.6,27448.480002484983,219.32326,0.5000438303247179,0.82631936964923,1.0,0.0,0.0,13.799898737232269
SE300_FL320,2022-03-01 01:53:00.000000000,7.082777318490884,52.29063144711092,9753.6,27448.480002484983,219.33023,0.46117029135887005,0.762043496307927,1.0,0.0,0.0,13.800030398716745
SE300_FL320,2022-03-01 01:54:00.000000000,7.19557701404532,52.39384625576109,9753.6,27448.480002484983,219.33197,0.4280201781616258,0.7072563147772412,1.0,0.0,0.0,13.800054345163323
SE300_FL320,2022-03-01 01:55:00.000000000,7.308085257117626,52.49728673117904,9753.6,27448.480002484983,219.32977,0.39503784491164634,0.6527665345473402,1.0,0.0,0.0,13.799996740891372
SE300_FL320,2022-03-01 01:56:00.000000000,7.420338038484323,52.60093580787837,9753.6,27448.480002484983,219.30408,0.3735514467732445,0.6173799748856361,1.0,0.0,0.0,13.799934836100903
SE300_FL320,2022-03-01 01:57:00.000000000,7.532368946100369,52.70477859337681,9753.6,27448.480002484983,219.27605,0.3557385136505518,0.5880605848989785,1.0,0.0,0.0,13.7999107047655
SE300_FL320,2022-03-01 01:58:00.000000000,7.644210999091989,52.80880120769993,9753.6,27448.480002484983,219.25356,0.34298984091927703,0.5670792450857474,1.0,0.0,0.0,13.80009727987662
SE300_FL320,2022-03-01 01:59:00.000000000,7.755895885982359,52.912992453617406,9753.6,27448.480002484983,219.23601,0.3307183160485193,0.5468614846999857,1.0,0.0,0.0,13.800026839405156
SE300_FL320,2022-03-01 02:00:00.000000000,7.867462507785084,53.01733360209722,9753.6,27448.480002484983,219.19829,0.32905086928122507,0.5442540650349444,1.0,0.0,0.0,13.799951817325509
SE300_FL320,2022-03-01 02:01:00.000000000,7.97894493915904,53.12181080944994,9753.6,27448.480002484983,219.18008,0.3302110256968423,0.5462459884372718,1.0,0.0,0.0,13.799878948745755
SE300_FL320,2022-03-01 02:02:00.000000000,8.090377316599858,53.22641053966239,9753.6,27448.480002484983,219.17894,0.3322183816715162,0.5495718657057183,1.0,0.0,0.0,13.80011613732471
SE300_FL320,2022-03-01 02:03:00.000000000,8.201794722995709,53.33112242122278,9753.6,27448.480002484983,219.1804,0.3350689169697356,0.554281570194562,1.0,0.0,0.0,13.800033244616367
SE300_FL320,2022-03-01 02:04:00.000000000,8.313233280726271,53.43592919842136,9753.6,27448.480002484983,219.18828,0.3383381969454517,0.5596561723057789,1.0,0.0,0.0,13.799945514347323
SE300_FL320,2022-03-01 02:05:00.000000000,8.42472747485294,53.54081781028977,9753.6,27448.480002484983,219.20532,0.33874372777282274,0.5602563635796791,1.0,0.0,0.0,13.799915365810826
SE300_FL320,2022-03-01 02:06:00.000000000,8.536312692536393,53.64577571103455,9753.6,27448.480002484983,219.22676,0.33581589141052126,0.5553277432514026,1.0,0.0,0.0,13.80011004309586
SE300_FL320,2022-03-01 02:07:00.000000000,8.648028278660536,53.750790832795516,9753.6,27448.480002484983,219.24393,0.3362705218946115,0.5560091067248567,1.0,0.0,0.0,13.800015304799869
SE300_FL320,2022-03-01 02:08:00.000000000,8.759906477778147,53.85584845500265,9753.6,27448.480002484983,219.25757,0.3347879979999408,0.5535018384994295,1.0,0.0,0.0,13.79991564313486
SE300_FL320,2022-03-01 02:09:00.000000000,8.871982232889263,53.96093601106962,9753.6,27448.480002484983,219.28084,0.3316584191794279,0.5482338183869941,1.0,0.0,0.0,13.800004103946796
SE300_FL320,2022-03-01 02:10:00.000000000,8.984295963690094,54.06604108818969,9753.6,27448.480002484983,219.2967,0.33021876448821613,0.5457915121849998,1.0,0.0,0.0,13.800080631551038
SE300_FL320,2022-03-01 02:11:00.000000000,9.096884905918607,54.17115044521283,9753.6,27448.480002484983,219.30211,0.3318234150262107,0.5484219419938298,1.0,0.0,0.0,13.799975069909443
SE300_FL320,2022-03-01 02:12:00.000000000,9.20978021803311,54.27625136209472,9753.6,27448.480002484983,219.31793,0.3301039245916511,0.545516380972818,1.0,0.0,0.0,13.799864842324851
SE300_FL320,2022-03-01 02:13:00.000000000,9.323017438348389,54.38133146507345,9753.6,27448.480002484983,219.31425,0.3329260521692317,0.5501944761369982,1.0,0.0,0.0,13.800132173225244
SE300_FL320,2022-03-01 02:14:00.000000000,9.436648363691544,54.48637655428334,9753.6,27448.480002484983,219.31276,0.33517847523871075,0.5539238679535912,1.0,0.0,0.0,13.800031613689772
SE300_FL320,2022-03-01 02:15:00.000000000,9.550696513269713,54.59137491446518,9753.6,27448.480002484983,219.30914,0.3358829029376095,0.5551027250780908,1.0,0.0,0.0,13.799916973248944
SE300_FL320,2022-03-01 02:16:00.000000000,9.665197626195663,54.69631414251662,9753.6,27448.480002484983,219.3101,0.33406709661482575,0.5520977978715808,1.0,0.0,0.0,13.800000285525412
SE300_FL320,2022-03-01 02:17:00.000000000,9.780198569347377,54.80118004346924,9753.6,27448.480002484983,219.29883,0.33635900282263914,0.5559317431832007,1.0,0.0,0.0,13.800086698051244
SE300_FL320,2022-03-01 02:18:00.000000000,9.895738483326229,54.90595917369293,9753.6,27448.480002484983,219.28049,0.3404592859560089,0.5627846712384188,1.0,0.0,0.0,12.396279145510631
SE300_FL320,2022-03-01 02:18:53.897617080,10.0,55.0,9753.6,27448.480002484983,219.28717,0.3350870361272941,0.5538752699187283,1.0,0.0,0.0,0.0
SE150_FL320,2022-03-01 00:00:00.000000000,-10.000000000000002,45.00000000000001,9753.6,27448.480002484983,218.9977,0.6422209698571949,1.0638029400486007,1.0,1.0,1.0,13.800025280721622
SE150_FL320,2022-03-01 00:01:00.000000000,-9.848780362463852,45.06309802296491,9753.6,27448.480002484983,219.05717,0.653246926810086,1.0815934445914253,1.0,1.0,1.0,13.800023124170625
SE150_FL320,2022-03-01 00:02:00.000000000,-9.69723892593266,45.12601025046198,9753.6,27448.480002484983,219.1432,0.6624814634991942,1.0961966909598908,1.0,1.0,1.0,13.800020919334957
SE150_FL320,2022-03-01 00:03:00.000000000,-9.545386915730079,45.18874995403247,9753.6,27448.480002484983,219.24002,0.6725050329327393,1.111990752567175,1.0,1.0,1.0,13.80001868361511
SE150_FL320,2022-03-01 00:04:00.000000000,-9.393235477429094,45.251330452726556,9753.6,27448.480002484983,219.32866,0.6820909376186913,1.1271082643779315,1.0,1.0,1.0,13.800016434639819
SE150_FL320,2022-03-01 00:05:00.000000000,-9.240795680594678,45.31376510728148,9753.6,27448.480002484983,219.41368,0.6890852651703105,1.137954958208632,1.0,1.0,1.0,13.800014190107833
SE150_FL320,2022-03-01 00:06:00.000000000,-9.088078522618359,45.376067314269825,9753.6,27448.480002484983,219.47916,0.6972233950947776,1.1508396802805028,1.0,1.0,1.0,13.800011967625645
SE150_FL320,2022-03-01 00:07:00.000000000,-8.935094932619785,45.43825050019791,9753.6,27448.480002484983,219.53696,0.7007198733729731,1.1561173010787846,1.0,1.0,1.0,13.800009784533726
SE150_FL320,2022-03-01 00:08:00.000000000,-8.78185577539008,45.500328115534025,9753.6,27448.480002484983,219.58089,0.7000817515456906,1.1546892203058592,1.0,1.0,1.0,13.80000765772226
SE150_FL320,2022-03-01 00:09:00.000000000,-8.628371855351828,45.56231362864651,9753.6,27448.480002484983,219.59943,0.6968810574659557,1.149253695096431,1.0,1.0,1.0,13.80000560344844
SE150_FL320,2022-03-01 00:10:00.000000000,-8.474653920510518,45.62422051963216,9753.6,27448.480002484983,219.61716,0.6928010835426311,1.1423777241092257,1.0,1.0,1.0,13.800003637143645
SE150_FL320,2022-03-01 00:11:00.000000000,-8.320712666371875,45.68606227401563,9753.6,27448.480002484983,219.62831,0.6876506301942196,1.1337882056614441,1.0,1.0,1.0,13.800001773220872
SE150_FL320,2022-03-01 00:12:00.000000000,-8.166558739799713,45.74785237630135,9753.6,27448.480002484983,219.60803,0.6888333932836823,1.1359084204784848,1.0,1.0,1.0,13.800000024891407
SE150_FL320,2022-03-01 00:13:00.000000000,-8.012202742788062,45.80960430335971,9753.6,27448.480002484983,219.5736,0.6872473422685577,1.1335821738712362,1.0,1.0,1.0,13.79999840397277
SE150_FL320,2022-03-01 00:14:00.000000000,-7.857655236121768,45.87133151763049,9753.6,27448.480002484983,219.55286,0.685896023180101,1.1315269211989099,1.0,1.0,1.0,13.799996920709697
SE150_FL320,2022-03-01 00:15:00.000000000,-7.702926742899029,45.933047460127014,9753.6,27448.480002484983,219.51926,0.6937977187899387,1.1448462782904298,1.0,1.0,1.0,13.799995583611501
SE150_FL320,2022-03-01 00:16:00.000000000,-7.548027751889124,45.99476554322603,9753.6,27448.480002484983,219.48178,0.7083001676328019,1.1691007611914106,1.0,1.0,1.0,13.799994399289552
SE150_FL320,2022-03-01 00:17:00.000000000,-7.392968720698455,46.05649914322893,9753.6,27448.480002484983,219.50978,0.7077824841640864,1.1680021148209319,1.0,1.0,1.0,13.799993372318367
SE150_FL320,2022-03-01 00:18:00.000000000,-7.237760078717368,46.118261592681485,9753.6,27448.480002484983,219.55835,0.7076245052769367,1.1673232132625944,1.0,1.0,1.0,13.799992505114373
SE150_FL320,2022-03-01 00:19:00.000000000,-7.0824122298204,46.18006617244081,9753.6,27448.480002484983,219.62242,0.7070480915452483,1.1658237351406395,1.0,1.0,1.0,13.799991797836244
SE150_FL320,2022-03-01 00:20:00.000000000,-6.926935554791905,46.241926103479614,9753.6,27448.480002484983,219.69035,0.7046695544263157,1.1613167484324525,1.0,1.0,1.0,13.799991248309139
SE150_FL320,2022-03-01 00:21:00.000000000,-6.771340413449099,46.303854538419465,9753.6,27448.480002484983,219.77008,0.6991793457492382,1.1515896085582658,1.0,1.0,1.0,13.79999085197143
SE150_FL320,2022-03-01 00:22:00.000000000,-6.615637146434141,46.36586455278655,9753.6,27448.480002484983,219.8639,0.6926994092720093,1.1401232321857682,1.0,1.0,1.0,13.79999060186101
SE150_FL320,2022-03-01 00:23:00.000000000,-6.4598360766471385,46.427969135985755,9753.6,27448.480002484983,219.95898,0.6880301407618743,1.1316357786721338,1.0,1.0,1.0,13.799990488621079
SE150_FL320,2022-03-01 00:24:00.000000000,-6.3039475102915645,46.49018118199037,9753.6,27448.480002484983,220.03886,0.6884180493089535,1.1316012798035342,1.0,1.0,1.0,13.799990500548963
SE150_FL320,2022-03-01 00:25:00.000000000,-6.147981737503878,46.552513479747134,9753.6,27448.480002484983,220.10388,0.6912498410959204,1.1357058523824615,1.0,1.0,1.0,13.799990623666508
SE150_FL320,2022-03-01 00:26:00.000000000,-5.991949032539317,46.6149787032986,9753.6,27448.480002484983,220.14989,0.6974364353543154,1.145478516237535,1.0,1.0,1.0,13.799990841836957
SE150_FL320,2022-03-01 00:27:00.000000000,-5.835859653486246,46.67758940162737,9753.6,27448.480002484983,220.09947,0.7044750322293516,1.157472525873068,1.0,1.0,1.0,13.799991136910966
SE150_FL320,2022-03-01 00:28:00.000000000,-5.679723841481787,46.740357988228865,9753.6,27448.480002484983,220.03073,0.7115426381143583,1.1696867944722338,1.0,1.0,1.0,13.799991488902345
SE150_FL320,2022-03-01 00:29:00.000000000,-5.523551819402239,46.80329673042195,9753.6,27448.480002484983,219.9497,0.713614226820395,1.1737985906637805,1.0,1.0,1.0,13.799991876206876
SE150_FL320,2022-03-01 00:30:00.000000000,-5.367353790002575,46.86641773840963,9753.6,27448.480002484983,219.8575,0.7096943891949599,1.1681489171615251,1.0,1.0,1.0,13.799992275841205
SE150_FL320,2022-03-01 00:31:00.000000000,-5.2111399334805135,46.92973295410445,9753.6,27448.480002484983,219.77016,0.7041618095842797,1.1597937954061621,1.0,1.0,1.0,13.799992663719705
SE150_FL320,2022-03-01 00:32:00.000000000,-5.05492040444159,46.993254139735846,9753.6,27448.480002484983,219.69699,0.6938574613799962,1.1434431078760359,1.0,1.0,1.0,13.799993014953047
SE150_FL320,2022-03-01 00:33:00.000000000,-4.89870532824359,47.05699286626,9753.6,27448.480002484983,219.64464,0.6764720202893305,1.115222301792793,1.0,1.0,1.0,13.799993304171764
SE150_FL320,2022-03-01 00:34:00.000000000,-4.7425047966999045,47.12096050159472,9753.6,27448.480002484983,219.59749,0.6572363018296878,1.0838918457658084,1.0,1.0,1.0,13.79999350586429
SE150_FL320,2022-03-01 00:35:00.000000000,-4.586328863123924,47.185168198705355,9753.6,27448.480002484983,219.57848,0.6427278177287137,1.0601111503442553,1.0,1.0,1.0,13.799993594737066
SE150_FL320,2022-03-01 00:36:00.000000000,-4.430187536698249,47.24962688356991,9753.6,27448.480002484983,219.56877,0.6351601460605006,1.0477048427916016,1.0,1.0,1.0,13.799993546077733
SE150_FL320,2022-03-01 00:37:00.000000000,-4.274090776155365,47.31434724305453,9753.6,27448.480002484983,219.57977,0.6389426396407232,1.0538569059687395,1.0,1.0,1.0,13.799993336121352
SE150_FL320,2022-03-01 00:38:00.000000000,-4.118048482758973,47.37933971273268,9753.6,27448.480002484983,219.58095,0.6435414632735801,1.0614338073821463,1.0,1.0,1.0,13.799992942424828
SE150_FL320,2022-03-01 00:39:00.000000000,-3.9620704925782735,47.44461446468435,9753.6,27448.480002484983,219.57982,0.6482015588218818,1.0691260091493302,1.0,1.0,1.0,13.7999923442172
SE150_FL320,2022-03-01 00:40:00.000000000,-3.806166568050712,47.510181395313246,9753.6,27448.480002484983,219.56375,0.649555266402891,1.0714891937896047,1.0,1.0,1.0,13.799991522756148
SE150_FL320,2022-03-01 00:41:00.000000000,-3.6503463888319807,47.57605011322245,9753.6,27448.480002484983,219.53761,0.6491295663055274,1.0709960646558119,1.0,1.0,1.0,13.799990461647935
SE150_FL320,2022-03-01 00:42:00.000000000,-3.4946195419363453,47.64222992719104,9753.6,27448.480002484983,219.52362,0.6470248575538832,1.0676307251234807,1.0,1.0,1.0,13.799989147153058
SE150_FL320,2022-03-01 00:43:00.000000000,-3.3389955111735663,47.708729834295355,9753.6,27448.480002484983,219.51006,0.6415574984367204,1.0587147123369247,1.0,1.0,1.0,13.79998756845803
SE150_FL320,2022-03-01 00:44:00.000000000,-3.1834836658934074,47.775558508220634,9753.6,27448.480002484983,219.48743,0.6358916637488021,1.0495405304333083,1.0,1.0,1.0,13.79998571790615
SE150_FL320,2022-03-01 00:45:00.000000000,-3.0280932490527612,47.84272428780939,9753.6,27448.480002484983,219.4559,0.63105046680532,1.041792698165304,1.0,1.0,1.0,13.799983591199357
SE150_FL320,2022-03-01 00:46:00.000000000,-2.872833364624784,47.91023516589412,9753.6,27448.480002484983,219.43205,0.6276095740957232,1.0362939014939034,1.0,1.0,1.0,13.799981187540997
SE150_FL320,2022-03-01 00:47:00.000000000,-2.7177129643741873,47.97809877846222,9753.6,27448.480002484983,219.4101,0.6250867142122594,1.0322949888668855,1.0,1.0,1.0,13.799978509741795
SE150_FL320,2022-03-01 00:48:00.000000000,-2.562740834027267,48.046322394201255,9753.6,27448.480002484983,219.38835,0.6270122581970209,1.0356386946728133,1.0,1.0,1.0,13.799975564268491
SE150_FL320,2022-03-01 00:49:00.000000000,-2.407925578869879,48.11491290447256,9753.6,27448.480002484983,219.37518,0.6294034162304766,1.0396898560205037,1.0,1.0,1.0,13.799972361242325
SE150_FL320,2022-03-01 00:50:00.000000000,-2.2532756088113697,48.18387681376056,9753.6,27448.480002484983,219.36562,0.6317595142530601,1.0436546541000813,1.0,1.0,1.0,13.799968914382415
SE150_FL320,2022-03-01 00:51:00.000000000,-2.0987991229566814,48.25322023064404,9753.6,27448.480002484983,219.3545,0.634268494381014,1.047883851486235,1.0,1.0,1.0,13.799965240897679
SE150_FL320,2022-03-01 00:52:00.000000000,-1.9445040937337181,48.3229488593347,9753.6,27448.480002484983,219.32309,0.6398088957714753,1.0572828791132987,1.0,1.0,1.0,13.799961361323575
SE150_FL320,2022-03-01 00:53:00.000000000,-1.7903982506269553,48.393067991826065,9753.6,27448.480002484983,219.25801,0.6508340506147579,1.0760161003295248,1.0,1.0,1.0,13.799957299309654
SE150_FL320,2022-03-01 00:54:00.000000000,-1.6364890635725675,48.46358250069396,9753.6,27448.480002484983,219.19472,0.6616620625239318,1.094427060239467,1.0,1.0,1.0,13.799953081365691
SE150_FL320,2022-03-01 00:55:00.000000000,-1.482783726073991,48.534496832587074,9753.6,27448.480002484983,219.12306,0.6716424963824588,1.1115161858704692,1.0,1.0,1.0,13.799948736550181
SE150_FL320,2022-03-01 00:56:00.000000000,-1.3292891381006948,48.60581500244348,9753.6,27448.480002484983,219.05132,0.6804979817060473,1.1267622845036085,1.0,1.0,1.0,13.79996224359886
SE150_FL320,2022-03-01 00:57:00.000000000,-1.176012199022902,48.677541157964725,9753.6,27448.480002484983,219.00073,0.6874729932764092,1.138730963680929,1.0,1.0,1.0,13.800015850398514
SE150_FL320,2022-03-01 00:58:00.000000000,-1.022959909011004,48.74967973493967,9753.6,27448.480002484983,218.97443,0.6937271258477199,1.1493094028992301,1.0,1.0,1.0,13.800011280819982
SE150_FL320,2022-03-01 00:59:00.000000000,-0.8701372214611162,48.82223162470867,9753.6,27448.480002484983,218.95973,0.702036927121929,1.163202297072037,1.0,1.0,1.0,13.800006501605102
SE150_FL320,2022-03-01 01:00:00.000000000,-0.7175496815727354,48.89519906140205,9753.6,27448.480002484983,218.94754,0.7127404269310751,1.181045253772381,1.0,1.0,1.0,13.800001555312974
SE150_FL320,2022-03-01 01:01:00.000000000,-0.5652024537904219,48.96858383001156,9753.6,27448.480002484983,218.93733,0.7265874006828174,1.204078951798259,1.0,1.0,1.0,13.79999648581086
SE150_FL320,2022-03-01 01:02:00.000000000,-0.4131003048958678,49.04238726558329,9753.6,27448.480002484983,218.92229,0.7326255415717412,1.2142179554250032,1.0,1.0,1.0,13.799991337765992
SE150_FL320,2022-03-01 01:03:00.000000000,-0.2612475873906203,49.116610253279745,9753.6,27448.480002484983,218.90825,0.7313312815523236,1.2121965364720753,1.0,1.0,1.0,13.7999861561264
SE150_FL320,2022-03-01 01:04:00.000000000,-0.1096482232436474,49.1912532293119,9753.6,27448.480002484983,218.8923,0.7181792943134292,1.1905355579141175,1.0,1.0,1.0,13.799980985617015
SE150_FL320,2022-03-01 01:05:00.000000000,0.041694311923352705,49.266316182737384,9753.6,27448.480002484983,218.88586,0.6850557890797324,1.1356774936830973,1.0,1.0,1.0,13.799975870245795
SE150_FL320,2022-03-01 01:06:00.000000000,0.19277700414136667,49.341798658116055,9753.6,27448.480002484983,218.89986,0.620823491525826,1.0290908284176254,1.0,1.0,1.0,13.799970852837674
SE150_FL320,2022-03-01 01:07:00.000000000,0.3435973158213465,49.41769975900875,9753.6,27448.480002484983,218.91187,0.574008504048775,0.9514045417353083,1.0,0.0,0.0,13.79996597459641
SE150_FL320,2022-03-01 01:08:00.000000000,0.49415319983679507,49.49401815230074,9753.6,27448.480002484983,218.93037,0.5446762069257046,0.9026669929979632,1.0,0.0,0.0,13.799961274703167
SE150_FL320,2022-03-01 01:09:00.000000000,0.6444431128990113,49.5707520733261,9753.6,27448.480002484983,218.91928,0.5475893378054095,0.9075678708665071,1.0,0.0,0.0,13.799956789951366
SE150_FL320,2022-03-01 01:10:00.000000000,0.7944660281656921,49.647899331764975,9753.6,27448.480002484983,218.90387,0.5573989560842756,0.9239285159856666,1.0,0.0,0.0,13.799952554435153
SE150_FL320,2022-03-01 01:11:00.000000000,0.9442214470284372,49.72545731828128,9753.6,27448.480002484983,218.88261,0.5753689636019436,0.953865321355191,1.0,0.0,0.0,13.799948599276675
SE150_FL320,2022-03-01 01:12:00.000000000,1.0937094100288882,49.803423011864275,9753.6,27448.480002484983,218.84094,0.6017774465458223,0.9979458410138398,1.0,0.0,0.0,13.79994495241215
SE150_FL320,2022-03-01 01:13:00.000000000,1.2429305068591834,49.8817929878337,9753.6,27448.480002484983,218.79688,0.6260289807943613,1.038497631778366,1.0,1.0,1.0,13.799943970232082
SE150_FL320,2022-03-01 01:14:00.000000000,1.391885839203061,49.9605634958069,9753.6,27448.480002484983,218.76382,0.6349499858220681,1.0535469702655023,1.0,1.0,1.0,13.800018164069398
SE150_FL320,2022-03-01 01:15:00.000000000,1.5405756538199646,50.039732525500625,9753.6,27448.480002484983,218.73508,0.6413858417602399,1.064449327368056,1.0,1.0,1.0,13.800012779561797
SE150_FL320,2022-03-01 01:16:00.000000000,1.689003811745885,50.119293133097386,9753.6,27448.480002484983,218.70908,0.646897265576667,1.0737987265837374,1.0,1.0,1.0,13.800007711970267
SE150_FL320,2022-03-01 01:17:00.000000000,1.8371731915099507,50.19924036232172,9753.6,27448.480002484983,218.7126,0.647277725893048,1.0744008348638538,1.0,1.0,1.0,13.800002984178791
SE150_FL320,2022-03-01 01:18:00.000000000,1.985087255414262,50.279568902342035,9753.6,27448.480002484983,218.72588,0.6459780335776549,1.0721414770171502,1.0,1.0,1.0,13.79999861501331
SE150_FL320,2022-03-01 01:19:00.000000000,2.1327500533276282,50.36027309878075,9753.6,27448.480002484983,218.73532,0.646127885493285,1.0723181251570864,1.0,1.0,1.0,13.799994619263725
SE150_FL320,2022-03-01 01:20:00.000000000,2.2801662254169526,50.44134696502648,9753.6,27448.480002484983,218.753,0.6471311681632665,1.073845958020536,1.0,1.0,1.0,13.799991007751949
SE150_FL320,2022-03-01 01:21:00.000000000,2.4273410038207826,50.52278419379153,9753.6,27448.480002484983,218.76923,0.6495531271204252,1.0777351662803565,1.0,1.0,1.0,13.799987787443316
SE150_FL320,2022-03-01 01:22:00.000000000,2.5742802132739526,50.604578168858964,9753.6,27448.480002484983,218.76144,0.6532402202390493,1.0839143465575998,1.0,1.0,1.0,13.799984961591031
SE150_FL320,2022-03-01 01:23:00.000000000,2.720990270699007,50.686721976962986,9753.6,27448.480002484983,218.73985,0.6576169709002702,1.091347445546108,1.0,1.0,1.0,13.79998252990439
SE150_FL320,2022-03-01 01:24:00.000000000,2.8674781837846655,50.769208419747585,9753.6,27448.480002484983,218.70996,0.6608579413723336,1.096962712150849,1.0,1.0,1.0,13.79998048874809
SE150_FL320,2022-03-01 01:25:00.000000000,3.013751548576857,50.85203002574966,9753.6,27448.480002484983,218.67427,0.6644403894234356,1.103194212502693,1.0,1.0,1.0,13.799978831356217
SE150_FL320,2022-03-01 01:26:00.000000000,3.1598185461124664,50.935179062353996,9753.6,27448.480002484983,218.6204,0.6636947262328522,1.1023893147142598,1.0,1.0,1.0,13.79997754806047
SE150_FL320,2022-03-01 01:27:00.000000000,3.3056879381298114,51.0186475476696,9753.6,27448.480002484983,218.5625,0.6614027106870678,1.0990423170860468,1.0,1.0,1.0,13.799976626528416
SE150_FL320,2022-03-01 01:28:00.000000000,3.451369061894234,51.10242726227889,9753.6,27448.480002484983,218.4861,0.6582052051912703,1.0943326835495173,1.0,1.0,1.0,13.799976052009184
SE150_FL320,2022-03-01 01:29:00.000000000,3.596871824179734,51.18650976081355,9753.6,27448.480002484983,218.40526,0.6544273974330262,1.0886872734367234,1.0,1.0,1.0,13.79997580757543
SE150_FL320,2022-03-01 01:30:00.000000000,3.7422066944510983,51.27088638331356,9753.6,27448.480002484983,218.3225,0.6501635375571027,1.0822378776972386,1.0,1.0,1.0,13.799975874366709
SE150_FL320,2022-03-01 01:31:00.000000000,3.8873846972928505,51.35554826632859,9753.6,27448.480002484983,218.2546,0.6494892648435707,1.0816442887929936,1.0,1.0,1.0,13.799976231823901
SE150_FL320,2022-03-01 01:32:00.000000000,4.032417404133353,51.44048635372388,9753.6,27448.480002484983,218.19446,0.6477111472788643,1.0791483172664944,1.0,1.0,1.0,13.799976857923344
SE150_FL320,2022-03-01 01:33:00.000000000,4.17731692431389,51.525691407155904,9753.6,27448.480002484983,218.15526,0.6441532512518059,1.0735213349662982,1.0,1.0,1.0,13.79997772939002
SE150_FL320,2022-03-01 01:34:00.000000000,4.322095895553423,51.611154016185885,9753.6,27448.480002484983,218.1414,0.6391638520672365,1.0653130690266324,1.0,1.0,1.0,13.799978821916332
SE150_FL320,2022-03-01 01:35:00.000000000,4.466767473859694,51.69686460800298,9753.6,27448.480002484983,218.15204,0.6333543127763175,1.0555480383220055,1.0,1.0,1.0,13.79998011034861
SE150_FL320,2022-03-01 01:36:00.000000000,4.61134532293813,51.78281345673147,9753.6,27448.480002484983,218.189,0.6258718560038626,1.042803321730012,1.0,1.0,1.0,13.799981568886242
SE150_FL320,2022-03-01 01:37:00.000000000,4.755843603148792,51.86899069230014,9753.6,27448.480002484983,218.22891,0.6192053032291044,1.0313988128005165,1.0,1.0,1.0,13.79998317125147
SE150_FL320,2022-03-01 01:38:00.000000000,4.9002769600611895,51.95538630885467,9753.6,27448.480002484983,218.28572,0.6118331197007507,1.0187039487391845,1.0,1.0,1.0,13.799984890852482
SE150_FL320,2022-03-01 01:39:00.000000000,5.044660512655349,52.041990172697254,9753.6,27448.480002484983,218.33188,0.610422471639816,1.0160170316275727,1.0,1.0,1.0,13.799986700946327
SE150_FL320,2022-03-01 01:40:00.000000000,5.189009841215732,52.12879202974077,9753.6,27448.480002484983,218.36629,0.6165177295041987,1.0259106300958747,1.0,1.0,1.0,13.799988574784994
SE150_FL320,2022-03-01 01:41:00.000000000,5.33334097496334,52.2157815124673,9753.6,27448.480002484983,218.40149,0.6227006902148563,1.035934491543874,1.0,1.0,1.0,13.799990485753726
SE150_FL320,2022-03-01 01:42:00.000000000,5.477670379467894,52.30294814638437,9753.6,27448.480002484983,218.44,0.627082617779789,1.0429337171176742,1.0,1.0,1.0,13.799992407510803
SE150_FL320,2022-03-01 01:43:00.000000000,5.622014943881001,52.390281355974025,9753.6,27448.480002484983,218.4778,0.6288832199679916,1.0456433903347309,1.0,1.0,1.0,13.79999431411892
SE150_FL320,2022-03-01 01:44:00.000000000,5.766391968026885,52.477770470133564,9753.6,27448.480002484983,218.51476,0.628516393788537,1.0447557973991135,1.0,1.0,1.0,13.799996180175784
SE150_FL320,2022-03-01 01:45:00.000000000,5.910819149385742,52.565404727108,9753.6,27448.480002484983,218.56812,0.6213070717213458,1.0323743506262302,1.0,1.0,1.0,13.799997980946767
SE150_FL320,2022-03-01 01:46:00.000000000,6.055314570000713,52.65317327891751,9753.6,27448.480002484983,218.62619,0.6138881494057793,1.019617616583722,1.0,1.0,1.0,13.799999692491834
SE150_FL320,2022-03-01 01:47:00.000000000,6.19989668333652,52.74106519528474,9753.6,27448.480002484983,218.6953,0.6045305395260794,1.0035726332446768,1.0,1.0,1.0,13.80000129179735
SE150_FL320,2022-03-01 01:48:00.000000000,6.344584301114556,52.829069467069175,9753.6,27448.480002484983,218.76212,0.5890094833332534,0.977332666933381,1.0,0.0,0.0,13.800002756917273
SE150_FL320,2022-03-01 01:49:00.000000000,6.48939658014588,52.91717500921703,9753.6,27448.480002484983,218.83075,0.5724115010478535,0.9493189132610838,1.0,0.0,0.0,13.800004067102952
SE150_FL320,2022-03-01 01:50:00.000000000,6.634353009179616,53.00537066323756,9753.6,27448.480002484983,218.90433,0.5545282846777073,0.919168350437996,1.0,0.0,0.0,13.80000520294991
SE150_FL320,2022-03-01 01:51:00.000000000,6.779473395781127,53.09364519921752,9753.6,27448.480002484983,218.96725,0.5434390119789033,0.9003743023039152,1.0,0.0,0.0,13.800006146536646
SE150_FL320,2022-03-01 01:52:00.000000000,6.924777853250975,53.18198731738731,9753.6,27448.480002484983,219.00264,0.5167915709672268,0.8560021231551229,1.0,0.0,0.0,13.80000688157544
SE150_FL320,2022-03-01 01:53:00.000000000,7.070286787591492,53.270385649253456,9753.6,27448.480002484983,219.04091,0.4955319459380158,0.8205596492253177,1.0,0.0,0.0,13.800007393558275
SE150_FL320,2022-03-01 01:54:00.000000000,7.216020884525191,53.35882875831312,9753.6,27448.480002484983,219.07559,0.48094259501949466,0.7961999722632775,1.0,0.0,0.0,13.800007669900015
SE150_FL320,2022-03-01 01:55:00.000000000,7.3620010965652085,53.44730514036748,9753.6,27448.480002484983,219.09326,0.46441695173194547,0.7687402923064627,1.0,0.0,0.0,13.800007700096462
SE150_FL320,2022-03-01 01:56:00.000000000,7.508248630134886,53.53580322345174,9753.6,27448.480002484983,219.11694,0.4412817026610997,0.7303191690772127,1.0,0.0,0.0,13.800007475854803
SE150_FL320,2022-03-01 01:57:00.000000000,7.654784932730397,53.62431136740005,9753.6,27448.480002484983,219.12941,0.4225992784573685,0.6993360824387063,1.0,0.0,0.0,13.800006991241453
SE150_FL320,2022-03-01 01:58:00.000000000,7.801631680117048,53.712817863064856,9753.6,27448.480002484983,219.14278,0.40512328115203167,0.6703515281264145,1.0,0.0,0.0,13.800006242806354
SE150_FL320,2022-03-01 01:59:00.000000000,7.948810763547113,53.80131093121019,9753.6,27448.480002484983,219.16768,0.38399047261383024,0.6352653675516774,1.0,0.0,0.0,13.800005229709964
SE150_FL320,2022-03-01 02:00:00.000000000,8.096344276983887,53.889778721099525,9753.6,27448.480002484983,219.18742,0.3679243840003377,0.6085987366167637,1.0,0.0,0.0,13.800003953824296
SE150_FL320,2022-03-01 02:01:00.000000000,8.244254504314016,53.97820930879907,9753.6,27448.480002484983,219.19884,0.3572253120828072,0.5908524748237451,1.0,0.0,0.0,13.80000241982998
SE150_FL320,2022-03-01 02:02:00.000000000,8.392563906527803,54.06659069521786,9753.6,27448.480002484983,219.2279,0.3432578721730896,0.567628597830793,1.0,0.0,0.0,13.800000635287429
SE150_FL320,2022-03-01 02:03:00.000000000,8.541295108844203,54.15491080390644,9753.6,27448.480002484983,219.25873,0.3306531204686487,0.5466613761113667,1.0,0.0,0.0,13.79999861068731
SE150_FL320,2022-03-01 02:04:00.000000000,8.690470887755579,54.24315747863636,9753.6,27448.480002484983,219.2934,0.32499137903557607,0.5371649732901506,1.0,0.0,0.0,13.799996359482744
SE150_FL320,2022-03-01 02:05:00.000000000,8.840114157964688,54.3313184807831,9753.6,27448.480002484983,219.30118,0.32657429443846353,0.5397491054386832,1.0,0.0,0.0,13.799993898086694
SE150_FL320,2022-03-01 02:06:00.000000000,8.990247959184734,54.41938148653517,9753.6,27448.480002484983,219.32002,0.325043025501856,0.5371458442556268,1.0,0.0,0.0,13.799991245846577
SE150_FL320,2022-03-01 02:07:00.000000000,9.140895442771445,54.50733408395296,9753.6,27448.480002484983,219.33052,0.3257155631716754,0.5382138391538015,1.0,0.0,0.0,13.799988424983786
SE150_FL320,2022-03-01 02:08:00.000000000,9.292079858154782,54.595163769900566,9753.6,27448.480002484983,219.32266,0.3304541984295176,0.5460757192695537,1.0,0.0,0.0,13.799985460504125
SE150_FL320,2022-03-01 02:09:00.000000000,9.443824539036145,54.682857946874975,9753.6,27448.480002484983,219.32568,0.3302920397342354,0.5457966998925013,1.0,0.0,0.0,13.79998238006007
SE150_FL320,2022-03-01 02:10:00.000000000,9.596152889316482,54.770403919756546,9753.6,27448.480002484983,219.32608,0.3298766193204941,0.5451086230440559,1.0,0.0,0.0,13.799979213805697
SE150_FL320,2022-03-01 02:11:00.000000000,9.749088368719127,54.85778889250587,9753.6,27448.480002484983,219.30272,0.3360775657110292,0.5554505175213867,1.0,0.0,0.0,13.79997599417574
SE150_FL320,2022-03-01 02:12:00.000000000,9.902654478070929,54.944999964831716,9753.6,27448.480002484983,219.29044,0.338051913520848,0.5587645677502493,1.0,0.0,0.0,8.71787688339356
SE150_FL320,2022-03-01 02:12:37.904240283,10.0,55.0,9753.6,27448.480002484983,219.2987,0.3330432241578592,0.550451648010567,1.0,0.0,0.0,0.0
GC0_FL320,2022-03-01 00:00:00.000000000,-10.000000000000002,45.00000000000001,9753.6,27448.480002484983,218.9977,0.6422209698571949,1.0638029400486007,1.0,1.0,1.0,13.800031261260088
GC0_FL320,2022-03-01 00:01:00.000000000,-9.876312021826006,45.08811854334467,9753.6,27448.480002484983,219.03426,0.6518021914806614,1.0793798380957615,1.0,1.0,1.0,13.800027623894355
GC0_FL320,2022-03-01 00:02:00.000000000,-9.752242252140906,45.176103215944366,9753.6,27448.480002484983,219.09871,0.6571425002683965,1.087714238354163,1.0,1.0,1.0,13.800023933454368
GC0_FL320,2022-03-01 00:03:00.000000000,-9.627788920452794,45.263953191638386,9753.6,27448.480002484983,219.17143,0.6644921830553955,1.0992940460098783,1.0,1.0,1.0,13.800020189682812
GC0_FL320,2022-03-01 00:04:00.000000000,-9.5029502525583,45.351667639156055,9753.6,27448.480002484983,219.238,0.6707459320546856,1.1090983348216121,1.0,1.0,1.0,13.800016392336534
GC0_FL320,2022-03-01 00:05:00.000000000,-9.377724470626134,45.439245722091066,9753.6,27448.480002484983,219.3051,0.6732921619282439,1.1127605293698324,1.0,1.0,1.0,13.800012541176311
GC0_FL320,2022-03-01 00:06:00.000000000,-9.252109793282935,45.52668659887586,9753.6,27448.480002484983,219.37874,0.6708649841909657,1.1081498961652472,1.0,1.0,1.0,13.800008635971807
GC0_FL320,2022-03-01 00:07:00.000000000,-9.126104435701345,45.613989422756205,9753.6,27448.480002484983,219.42844,0.6726446360999856,1.1106837970841172,1.0,1.0,1.0,13.800004676501466
GC0_FL320,2022-03-01 00:08:00.000000000,-8.999706609690397,45.701153341765824,9753.6,27448.480002484983,219.49133,0.6661814678809427,1.0995016095198098,1.0,1.0,1.0,13.800000662551579
GC0_FL320,2022-03-01 00:09:00.000000000,-8.872914523788092,45.7881774987011,9753.6,27448.480002484983,219.5023,0.6582844925769978,1.0863808165236133,1.0,1.0,1.0,13.799996593917113
GC0_FL320,2022-03-01 00:10:00.000000000,-8.745726383356452,45.87506103109597,9753.6,27448.480002484983,219.50491,0.6486685264123188,1.0704915827591541,1.0,1.0,1.0,13.799992470403737
GC0_FL320,2022-03-01 00:11:00.000000000,-8.618140390678803,45.96180307119685,9753.6,27448.480002484983,219.48946,0.6417589336529407,1.0592087517280568,1.0,1.0,1.0,13.799988291825057
GC0_FL320,2022-03-01 00:12:00.000000000,-8.490154745059604,46.04840274593778,9753.6,27448.480002484983,219.44963,0.637438217319754,1.052385754124603,1.0,1.0,1.0,13.799984058004643
GC0_FL320,2022-03-01 00:13:00.000000000,-8.36176764292664,46.13485917691566,9753.6,27448.480002484983,219.386,0.6369227130255907,1.0520264888927144,1.0,1.0,1.0,13.799979768777922
GC0_FL320,2022-03-01 00:14:00.000000000,-8.232977277935733,46.22117148036564,9753.6,27448.480002484983,219.3193,0.6373278845998491,1.0532132720513463,1.0,1.0,1.0,13.79997542398953
GC0_FL320,2022-03-01 00:15:00.000000000,-8.103781841077932,46.30733876713662,9753.6,27448.480002484983,219.22914,0.6464645198125081,1.0690159346254753,1.0,1.0,1.0,13.799971023496427
GC0_FL320,2022-03-01 00:16:00.000000000,-7.974179520789293,46.39336014266697,9753.6,27448.480002484983,219.14912,0.6580126903839028,1.0887552455864453,1.0,1.0,1.0,13.799966567164596
GC0_FL320,2022-03-01 00:17:00.000000000,-7.844168503063274,46.47923470696041,9753.6,27448.480002484983,219.09537,0.669174470499617,1.1076573159947334,1.0,1.0,1.0,13.8000335506074
GC0_FL320,2022-03-01 00:18:00.000000000,-7.713744387039283,46.56496062297613,9753.6,27448.480002484983,219.05775,0.677344702273788,1.1214858930603524,1.0,1.0,1.0,13.800029833224963
GC0_FL320,2022-03-01 00:19:00.000000000,-7.582907908106713,46.65053789712994,9753.6,27448.480002484983,219.03955,0.6844899347081573,1.133472393678393,1.0,1.0,1.0,13.800025836216795
GC0_FL320,2022-03-01 00:20:00.000000000,-7.451657253716138,46.73596561579989,9753.6,27448.480002484983,219.03699,0.6913134023761791,1.144788686395497,1.0,1.0,1.0,13.800021784046535
GC0_FL320,2022-03-01 00:21:00.000000000,-7.319990601234423,46.82124285691214,9753.6,27448.480002484983,219.07292,0.6941855407249709,1.1492455172013862,1.0,1.0,1.0,13.800017676565119
GC0_FL320,2022-03-01 00:22:00.000000000,-7.187906126190921,46.90636869283971,9753.6,27448.480002484983,219.13235,0.6901122017054687,1.142004006251794,1.0,1.0,1.0,13.800013513633964
GC0_FL320,2022-03-01 00:23:00.000000000,-7.0554020024062,46.99134219037952,9753.6,27448.480002484983,219.21466,0.680851130221566,1.1260025306400836,1.0,1.0,1.0,13.800009295126483
GC0_FL320,2022-03-01 00:24:00.000000000,-6.922476402123702,47.07616241072962,9753.6,27448.480002484983,219.3261,0.6646005551383056,1.0982272708999503,1.0,1.0,1.0,13.800005020927465
GC0_FL320,2022-03-01 00:25:00.000000000,-6.789127496144292,47.16082840946671,9753.6,27448.480002484983,219.43806,0.6463311723706898,1.067161711815539,1.0,1.0,1.0,13.800000690938065
GC0_FL320,2022-03-01 00:26:00.000000000,-6.655353453963729,47.24533923652389,9753.6,27448.480002484983,219.52463,0.6360676434056645,1.0495432986529787,1.0,1.0,1.0,13.799996305067978
GC0_FL320,2022-03-01 00:27:00.000000000,-6.521152443913118,47.32969393616862,9753.6,27448.480002484983,219.60973,0.6322800265536458,1.042636404973376,1.0,1.0,1.0,13.799991863244522
GC0_FL320,2022-03-01 00:28:00.000000000,-6.386522633302341,47.41389154698097,9753.6,27448.480002484983,219.65399,0.6298238032054598,1.0382470111509823,1.0,1.0,1.0,13.799987365406142
GC0_FL320,2022-03-01 00:29:00.000000000,-6.251462188566615,47.49793110183218,9753.6,27448.480002484983,219.66312,0.6313574795121994,1.0407079627968707,1.0,1.0,1.0,13.79998281150992
GC0_FL320,2022-03-01 00:30:00.000000000,-6.1159692754160595,47.58181162786344,9753.6,27448.480002484983,219.66075,0.635437662857259,1.0474500085052174,1.0,1.0,1.0,13.799978201523881
GC0_FL320,2022-03-01 00:31:00.000000000,-5.980042058988454,47.66553214646499,9753.6,27448.480002484983,219.64899,0.6378532306132679,1.051524173778082,1.0,1.0,1.0,13.799973535432741
GC0_FL320,2022-03-01 00:32:00.000000000,-5.84367870400512,47.74909167325553,9753.6,27448.480002484983,219.59059,0.6363512390732058,1.0495001714558323,1.0,1.0,1.0,13.799968813237534
GC0_FL320,2022-03-01 00:33:00.000000000,-5.70687737493005,47.832489218061895,9753.6,27448.480002484983,219.53271,0.6381139593335622,1.052855417965189,1.0,1.0,1.0,13.799964034957233
GC0_FL320,2022-03-01 00:34:00.000000000,-5.569636236132259,47.91572378489917,9753.6,27448.480002484983,219.47252,0.6379890336155627,1.0531154718473772,1.0,1.0,1.0,13.800035855280361
GC0_FL320,2022-03-01 00:35:00.000000000,-5.431950681045849,47.9987933410855,9753.6,27448.480002484983,219.4027,0.6372037259653772,1.0523623047916049,1.0,1.0,1.0,13.80003208062314
GC0_FL320,2022-03-01 00:36:00.000000000,-5.2938216052343305,48.08169789082298,9753.6,27448.480002484983,219.31523,0.6424995890374758,1.0617891377963018,1.0,1.0,1.0,13.800027766635571
GC0_FL320,2022-03-01 00:37:00.000000000,-5.155247191271525,48.164436426955106,9753.6,27448.480002484983,219.24486,0.6432684603798312,1.0636094409992005,1.0,1.0,1.0,13.800023396612284
GC0_FL320,2022-03-01 00:38:00.000000000,-5.016225604851381,48.24700792994952,9753.6,27448.480002484983,219.17128,0.6431608591275932,1.0640053132035472,1.0,1.0,1.0,13.800018970545228
GC0_FL320,2022-03-01 00:39:00.000000000,-4.876755012439158,48.329411374367055,9753.6,27448.480002484983,219.10443,0.646438753296275,1.0699527398774886,1.0,1.0,1.0,13.800014488442477
GC0_FL320,2022-03-01 00:40:00.000000000,-4.7368335814541895,48.411645728843965,9753.6,27448.480002484983,219.03157,0.6492016987649875,1.0750978739895518,1.0,1.0,1.0,13.800009950331221
GC0_FL320,2022-03-01 00:41:00.000000000,-4.596459480456218,48.493709956074575,9753.6,27448.480002484983,218.99495,0.6515543254878158,1.079281657249522,1.0,1.0,1.0,13.800005356252322
GC0_FL320,2022-03-01 00:42:00.000000000,-4.455630879335287,48.57560301279429,9753.6,27448.480002484983,218.95512,0.6518566489807028,1.0800967599991755,1.0,1.0,1.0,13.800000706269127
GC0_FL320,2022-03-01 00:43:00.000000000,-4.314345949505185,48.6573238497631,9753.6,27448.480002484983,218.91399,0.6500414775781127,1.0774107401028699,1.0,1.0,1.0,13.799996000461707
GC0_FL320,2022-03-01 00:44:00.000000000,-4.172602864100605,48.73887141174949,9753.6,27448.480002484983,218.86981,0.646541130947383,1.0719536064546282,1.0,1.0,1.0,13.799991238929968
GC0_FL320,2022-03-01 00:45:00.000000000,-4.030399798177934,48.8202446375148,9753.6,27448.480002484983,218.84824,0.6451258083176946,1.0697760522332385,1.0,1.0,1.0,13.79998642179239
GC0_FL320,2022-03-01 00:46:00.000000000,-3.8877349289197967,48.901442459798034,9753.6,27448.480002484983,218.83525,0.6454055156552733,1.0703407817418944,1.0,1.0,1.0,13.799981549189066
GC0_FL320,2022-03-01 00:47:00.000000000,-3.744606435843342,48.98246380530123,9753.6,27448.480002484983,218.8237,0.6440954933005544,1.0682565442328609,1.0,1.0,1.0,13.799976621281434
GC0_FL320,2022-03-01 00:48:00.000000000,-3.601012501012314,49.06330759467523,9753.6,27448.480002484983,218.83044,0.6439653198627938,1.0679909421473956,1.0,1.0,1.0,13.799971638251657
GC0_FL320,2022-03-01 00:49:00.000000000,-3.456951309253031,49.14397274250603,9753.6,27448.480002484983,218.84296,0.6435733697864646,1.0672416649735055,1.0,1.0,1.0,13.799966600302653
GC0_FL320,2022-03-01 00:50:00.000000000,-3.312421048374104,49.22445815730157,9753.6,27448.480002484983,218.85167,0.6425903458574341,1.065543380831279,1.0,1.0,1.0,13.799961507663523
GC0_FL320,2022-03-01 00:51:00.000000000,-3.1674199093902,49.304762741479145,9753.6,27448.480002484983,218.85632,0.6410595291913301,1.0629710975702256,1.0,1.0,1.0,13.80003811560671
GC0_FL320,2022-03-01 00:52:00.000000000,-3.021943131385752,49.3848842512864,9753.6,27448.480002484983,218.86058,0.6390880249671284,1.0596684099619769,1.0,1.0,1.0,13.80003431143209
GC0_FL320,2022-03-01 00:53:00.000000000,-2.875991817593982,49.46482269242153,9753.6,27448.480002484983,218.86394,0.6381832144481001,1.0581412906650824,1.0,1.0,1.0,13.80002967563927
GC0_FL320,2022-03-01 00:54:00.000000000,-2.7295641981544376,49.54457695964448,9753.6,27448.480002484983,218.85672,0.6376456754475347,1.057307215673311,1.0,1.0,1.0,13.800024984324816
GC0_FL320,2022-03-01 00:55:00.000000000,-2.582658479303576,49.62414593078313,9753.6,27448.480002484983,218.84622,0.6381923552372715,1.0582923979232177,1.0,1.0,1.0,13.800020237683322
GC0_FL320,2022-03-01 00:56:00.000000000,-2.435272871668278,49.703528477519875,9753.6,27448.480002484983,218.82578,0.6400890330513463,1.0615955708150944,1.0,1.0,1.0,13.800015435926571
GC0_FL320,2022-03-01 00:57:00.000000000,-2.2874055905140325,49.78272346538261,9753.6,27448.480002484983,218.79662,0.6423384303310574,1.0655531137441954,1.0,1.0,1.0,13.800010579292724
GC0_FL320,2022-03-01 00:58:00.000000000,-2.139054855997014,49.86172975373617,9753.6,27448.480002484983,218.77325,0.6455263793498885,1.0710242298366364,1.0,1.0,1.0,13.80000566804335
GC0_FL320,2022-03-01 00:59:00.000000000,-1.990218893420634,49.940546195774644,9753.6,27448.480002484983,218.73715,0.6492362187119256,1.0774617374844184,1.0,1.0,1.0,13.800000702464757
GC0_FL320,2022-03-01 01:00:00.000000000,-1.840895933496165,50.01917163851421,9753.6,27448.480002484983,218.70145,0.6539655592955831,1.0855911328033951,1.0,1.0,1.0,13.799995682868577
GC0_FL320,2022-03-01 01:01:00.000000000,-1.6910842126076457,50.09760492278672,9753.6,27448.480002484983,218.6641,0.6581298056373476,1.0928005007562904,1.0,1.0,1.0,13.799990609591623
GC0_FL320,2022-03-01 01:02:00.000000000,-1.540781973081079,50.17584488323394,9753.6,27448.480002484983,218.62831,0.6609696996109109,1.0977999056852021,1.0,1.0,1.0,13.799985482999908
GC0_FL320,2022-03-01 01:03:00.000000000,-1.3899874634580285,50.2538903483026,9753.6,27448.480002484983,218.59468,0.6632590971704097,1.1018686123437307,1.0,1.0,1.0,13.799980303483485
GC0_FL320,2022-03-01 01:04:00.000000000,-1.2386989387734455,50.33174014024005,9753.6,27448.480002484983,218.56273,0.6643435652154208,1.1039279351064866,1.0,1.0,1.0,13.799975071460995
GC0_FL320,2022-03-01 01:05:00.000000000,-1.0869146608380469,50.409393075090854,9753.6,27448.480002484983,218.52502,0.6635336878909248,1.1028826155667097,1.0,1.0,1.0,13.799969787382079
GC0_FL320,2022-03-01 01:06:00.000000000,-0.9346328985249368,50.48684796269396,9753.6,27448.480002484983,218.49739,0.6616824798133573,1.1000230869193777,1.0,1.0,1.0,13.799964451722667
GC0_FL320,2022-03-01 01:07:00.000000000,-0.7818519280607622,50.56410360668077,9753.6,27448.480002484983,218.47145,0.6593757487115037,1.0963967345345649,1.0,1.0,1.0,13.79995906498832
GC0_FL320,2022-03-01 01:08:00.000000000,-0.6285700333214097,50.64115880447403,9753.6,27448.480002484983,218.46791,0.6564985682537872,1.091638055890949,1.0,1.0,1.0,13.800040250558894
GC0_FL320,2022-03-01 01:09:00.000000000,-0.47478237482134333,50.71801108774824,9753.6,27448.480002484983,218.47557,0.6528029353677182,1.0854314904115248,1.0,1.0,1.0,13.800036449888243
GC0_FL320,2022-03-01 01:10:00.000000000,-0.3204903233010431,50.79466047002034,9753.6,27448.480002484983,218.50114,0.6454888942561231,1.0730736456312124,1.0,1.0,1.0,13.800031495581349
GC0_FL320,2022-03-01 01:11:00.000000000,-0.16569222733307076,50.87110574593124,9753.6,27448.480002484983,218.53487,0.6370514853972454,1.0587896616977166,1.0,1.0,1.0,13.80002648819227
GC0_FL320,2022-03-01 01:12:00.000000000,-0.01038640460530521,50.94734568796158,9753.6,27448.480002484983,218.57796,0.6273665023959826,1.0423678016624318,1.0,1.0,1.0,13.800021428178642
GC0_FL320,2022-03-01 01:13:00.000000000,0.14542881799142826,51.02337906239046,9753.6,27448.480002484983,218.59059,0.617480467563988,1.0258508106200475,1.0,1.0,1.0,13.800016316031584
GC0_FL320,2022-03-01 01:14:00.000000000,0.30175510404023853,51.099204629299564,9753.6,27448.480002484983,218.59077,0.609880534367046,1.0132202040941483,1.0,1.0,1.0,13.80001115226905
GC0_FL320,2022-03-01 01:15:00.000000000,0.45859410727043437,51.17482114257816,9753.6,27448.480002484983,218.58531,0.6042690490389658,1.0039374078022434,1.0,1.0,1.0,13.8000059374454
GC0_FL320,2022-03-01 01:16:00.000000000,0.6159474712251815,51.25022734992915,9753.6,27448.480002484983,218.56442,0.603698339080703,1.0031431256716397,1.0,1.0,1.0,13.800000672141353
GC0_FL320,2022-03-01 01:17:00.000000000,0.7738168289243615,51.325421992876,9753.6,27448.480002484983,218.53139,0.6014043000673027,0.9995686297047214,1.0,0.0,0.0,13.7999953569759
GC0_FL320,2022-03-01 01:18:00.000000000,0.932203802522942,51.400403806770754,9753.6,27448.480002484983,218.49603,0.6037072749087178,1.0036522356364206,1.0,1.0,1.0,13.799989992598045
GC0_FL320,2022-03-01 01:19:00.000000000,1.0911100029643799,51.47517152080301,9753.6,27448.480002484983,218.46404,0.6086362085762023,1.0120807185593845,1.0,1.0,1.0,13.79998457969091
GC0_FL320,2022-03-01 01:20:00.000000000,1.2505370296295943,51.549723858009905,9753.6,27448.480002484983,218.43083,0.6135754643415403,1.0205361162259912,1.0,1.0,1.0,13.799979118975191
GC0_FL320,2022-03-01 01:21:00.000000000,1.410486469980993,51.62405953528727,9753.6,27448.480002484983,218.40262,0.6206856326918876,1.0325722176539187,1.0,1.0,1.0,13.799973611204168
GC0_FL320,2022-03-01 01:22:00.000000000,1.570959899201897,51.698177263401696,9753.6,27448.480002484983,218.37927,0.628143532556928,1.0451587701526497,1.0,1.0,1.0,13.799968057170684
GC0_FL320,2022-03-01 01:23:00.000000000,1.7319588798311787,51.77207574700383,9753.6,27448.480002484983,218.35913,0.6346111952206719,1.05607118891493,1.0,1.0,1.0,13.799962457699413
GC0_FL320,2022-03-01 01:24:00.000000000,1.8934849613930664,51.84575368464275,9753.6,27448.480002484983,218.34422,0.642684307285042,1.069621031464629,1.0,1.0,1.0,13.799956813657149
GC0_FL320,2022-03-01 01:25:00.000000000,2.055539680022396,51.91920976878139,9753.6,27448.480002484983,218.33101,0.6512577644054939,1.0839924301584238,1.0,1.0,1.0,13.800042154299087
GC0_FL320,2022-03-01 01:26:00.000000000,2.2181278486239693,51.99244129650124,9753.6,27448.480002484983,218.32063,0.6590731760805192,1.0970819327194075,1.0,1.0,1.0,13.800038395347975
GC0_FL320,2022-03-01 01:27:00.000000000,2.381247755746821,52.06544829902248,9753.6,27448.480002484983,218.30734,0.6672389240283932,1.1107818393937114,1.0,1.0,1.0,13.800033137066887
GC0_FL320,2022-03-01 01:28:00.000000000,2.5449008423555197,52.13822947261712,9753.6,27448.480002484983,218.29004,0.6736862675151779,1.1216540145677039,1.0,1.0,1.0,13.800027830685213
GC0_FL320,2022-03-01 01:29:00.000000000,2.7090885869023626,52.210783485473385,9753.6,27448.480002484983,218.26413,0.675851080482375,1.1254691851767655,1.0,1.0,1.0,13.800022477008898
GC0_FL320,2022-03-01 01:30:00.000000000,2.873812452494847,52.283108999789214,9753.6,27448.480002484983,218.22368,0.6716238477737824,1.1187563723319005,1.0,1.0,1.0,13.800017076881304
GC0_FL320,2022-03-01 01:31:00.000000000,3.039073886492103,52.35520467179508,9753.6,27448.480002484983,218.17783,0.6692064354133282,1.1150951066772352,1.0,1.0,1.0,13.8000116311833
GC0_FL320,2022-03-01 01:32:00.000000000,3.204874320096632,52.42706915177804,9753.6,27448.480002484983,218.12378,0.671594426218143,1.1195078979322075,1.0,1.0,1.0,13.80000614083744
GC0_FL320,2022-03-01 01:33:00.000000000,3.3712151679413354,52.498701084107154,9753.6,27448.480002484983,218.06345,0.6699859555811832,1.1173086199956184,1.0,1.0,1.0,13.800000606803097
GC0_FL320,2022-03-01 01:34:00.000000000,3.538097827671728,52.57009910726018,9753.6,27448.480002484983,218.00958,0.6673308600440103,1.113308744253288,1.0,1.0,1.0,13.799995030082775
GC0_FL320,2022-03-01 01:35:00.000000000,3.705523679523632,52.64126185385161,9753.6,27448.480002484983,217.9619,0.6647597939912575,1.109399006797521,1.0,1.0,1.0,13.799989411721297
GC0_FL320,2022-03-01 01:36:00.000000000,3.8734940858960045,52.71218795066221,9753.6,27448.480002484983,217.91399,0.6579349022055888,1.0983836411455938,1.0,1.0,1.0,13.799983752801687
GC0_FL320,2022-03-01 01:37:00.000000000,4.04201039091922,52.78287601866978,9753.6,27448.480002484983,217.87444,0.6512933543502906,1.087604741432615,1.0,1.0,1.0,13.799978054452163
GC0_FL320,2022-03-01 01:38:00.000000000,4.211073920018708,52.853324673081396,9753.6,27448.480002484983,217.85957,0.6503611302291809,1.0861621663620558,1.0,1.0,1.0,13.799972317845754
GC0_FL320,2022-03-01 01:39:00.000000000,4.380685979473958,52.92353252336716,9753.6,27448.480002484983,217.84798,0.6489907121825872,1.0839616733924704,1.0,1.0,1.0,13.79996654419649
GC0_FL320,2022-03-01 01:40:00.000000000,4.550847855972988,52.993498173295265,9753.6,27448.480002484983,217.84619,0.6450633806755932,1.0774163304325064,1.0,1.0,1.0,13.799960734763747
GC0_FL320,2022-03-01 01:41:00.000000000,4.72156081616213,53.06322022096875,9753.6,27448.480002484983,217.88281,0.6379523637217666,1.065262120919723,1.0,1.0,1.0,13.799954890854742
GC0_FL320,2022-03-01 01:42:00.000000000,4.892826106191535,53.13269725886355,9753.6,27448.480002484983,217.91791,0.6289187653711689,1.0499132566064386,1.0,1.0,1.0,13.80004369387429
GC0_FL320,2022-03-01 01:43:00.000000000,5.064648373766797,53.201926344915194,9753.6,27448.480002484983,217.94801,0.6201473669692098,1.0350500176176904,1.0,1.0,1.0,13.800040019521948
GC0_FL320,2022-03-01 01:44:00.000000000,5.237025480446346,53.270907542595175,9753.6,27448.480002484983,217.972,0.6164895910331688,1.028769983044574,1.0,1.0,1.0,13.800034486742401
GC0_FL320,2022-03-01 01:45:00.000000000,5.409958542016128,53.339639456889614,9753.6,27448.480002484983,218.01042,0.6147145970861362,1.0255242871576022,1.0,1.0,1.0,13.800028914083532
GC0_FL320,2022-03-01 01:46:00.000000000,5.583448717588524,53.40812065808024,9753.6,27448.480002484983,218.04875,0.6154863937833787,1.026529767101957,1.0,1.0,1.0,13.80002330277767
GC0_FL320,2022-03-01 01:47:00.000000000,5.757497143428711,53.47634971103695,9753.6,27448.480002484983,218.07977,0.6192693856315258,1.0326084962060145,1.0,1.0,1.0,13.800017654102959
GC0_FL320,2022-03-01 01:48:00.000000000,5.932104932473757,53.54432517526539,9753.6,27448.480002484983,218.14078,0.62314121447909,1.0386115398833078,1.0,1.0,1.0,13.800011969384423
GC0_FL320,2022-03-01 01:49:00.000000000,6.10727317384737,53.612045604956435,9753.6,27448.480002484983,218.21156,0.6275391486777147,1.0454117577643076,1.0,1.0,1.0,13.800006249993439
GC0_FL320,2022-03-01 01:50:00.000000000,6.283002932370696,53.679509549037114,9753.6,27448.480002484983,218.28345,0.6330686838657269,1.0540776877644276,1.0,1.0,1.0,13.800000497350158
GC0_FL320,2022-03-01 01:51:00.000000000,6.459295248068937,53.746715551223396,9753.6,27448.480002484983,218.37093,0.6406543246755526,1.066035889049425,1.0,1.0,1.0,13.799994712920459
GC0_FL320,2022-03-01 01:52:00.000000000,6.636151135673946,53.81366215007467,9753.6,27448.480002484983,218.46562,0.6457227951206435,1.073738788374935,1.0,1.0,1.0,13.799988898221487
GC0_FL320,2022-03-01 01:53:00.000000000,6.8135715841229665,53.88034787904993,9753.6,27448.480002484983,218.55075,0.6425295809795254,1.0677729965234242,1.0,1.0,1.0,13.799983054817007
GC0_FL320,2022-03-01 01:54:00.000000000,6.991557556053451,53.94677126656574,9753.6,27448.480002484983,218.63148,0.6296730478455116,1.045794538608202,1.0,1.0,1.0,13.79997718432221
GC0_FL320,2022-03-01 01:55:00.000000000,7.170109987294104,54.01293083605608,9753.6,27448.480002484983,218.70859,0.6091306564336889,1.0111106611924643,1.0,1.0,1.0,13.799971288402922
GC0_FL320,2022-03-01 01:56:00.000000000,7.349229786352257,54.07882510603384,9753.6,27448.480002484983,218.77681,0.575605766570434,0.9549912520835216,1.0,0.0,0.0,13.799965368775869
GC0_FL320,2022-03-01 01:57:00.000000000,7.5289178338974985,54.144452590154366,9753.6,27448.480002484983,218.84085,0.5361448582834751,0.889107487396382,1.0,0.0,0.0,13.799959427205792
GC0_FL320,2022-03-01 01:58:00.000000000,7.709174982241969,54.20981179728059,9753.6,27448.480002484983,218.90703,0.4930504451373501,0.8172459844209926,1.0,0.0,0.0,13.799953465513312
GC0_FL320,2022-03-01 01:59:00.000000000,7.890002054816966,54.2749012315503,9753.6,27448.480002484983,218.9642,0.45094792412646506,0.747149177831396,1.0,0.0,0.0,13.800044709298199
GC0_FL320,2022-03-01 02:00:00.000000000,8.07140336006643,54.3397177150441,9753.6,27448.480002484983,219.02362,0.41281857987191206,0.6836787323567758,1.0,0.0,0.0,13.800041165932434
GC0_FL320,2022-03-01 02:01:00.000000000,8.253376235746266,54.4042613638653,9753.6,27448.480002484983,219.08856,0.3826577133773028,0.633429448615452,1.0,0.0,0.0,13.80003540717797
GC0_FL320,2022-03-01 02:02:00.000000000,8.435921335887098,54.46853070587913,9753.6,27448.480002484983,219.1391,0.3609818983649692,0.5973271017721867,1.0,0.0,0.0,13.800029620699759
GC0_FL320,2022-03-01 02:03:00.000000000,8.61903936252284,54.532524226953534,9753.6,27448.480002484983,219.18277,0.3496027676177903,0.5783125535366116,1.0,0.0,0.0,13.800023808234585
GC0_FL320,2022-03-01 02:04:00.000000000,8.802730986129248,54.5962404085977,9753.6,27448.480002484983,219.2231,0.34347965464822827,0.5680147270636551,1.0,0.0,0.0,13.80001797157137
GC0_FL320,2022-03-01 02:05:00.000000000,8.986996845082029,54.659677728041075,9753.6,27448.480002484983,219.26315,0.3372032811214364,0.557472328092742,1.0,0.0,0.0,13.80001211255036
GC0_FL320,2022-03-01 02:06:00.000000000,9.171837545112288,54.72283465831418,9753.6,27448.480002484983,219.28,0.33757817835660897,0.5580240780333795,1.0,0.0,0.0,13.800006233064313
GC0_FL320,2022-03-01 02:07:00.000000000,9.357253658759396,54.785709668331585,9753.6,27448.480002484983,219.29764,0.3361324429226884,0.555561801164361,1.0,0.0,0.0,13.800000335060249
GC0_FL320,2022-03-01 02:08:00.000000000,9.543245724821515,54.84830122297688,9753.6,27448.480002484983,219.30449,0.3359522896421002,0.5552368148391933,1.0,0.0,0.0,13.79999442053751
GC0_FL320,2022-03-01 02:09:00.000000000,9.729814247803706,54.91060778318973,9753.6,27448.480002484983,219.29388,0.338428772050973,0.5593731342084753,1.0,0.0,0.0,13.799988491549682
GC0_FL320,2022-03-01 02:10:00.000000000,9.916959697363977,54.97262780605501,9753.6,27448.480002484983,219.2943,0.3364474389230494,0.5560963008821885,1.0,0.0,0.0,6.1100550360113415
GC0_FL320,2022-03-01 02:10:26.566305980,10.0,55.0,9753.6,27448.480002484983,219.30272,0.33233094311778805,0.5492583057503623,1.0,0.0,0.0,0.0
NW150_FL320,2022-03-01 00:00:00.000000000,-10.000000000000002,45.00000000000001,9753.6,27448.480002484983,218.9977,0.6422209698571949,1.0638029400486007,1.0,1.0,1.0,13.800014615529586
NW150_FL320,2022-03-01 00:01:00.000000000,-9.911943680217473,45.10739059751919,9753.6,27448.480002484983,219.00523,0.6500662435860634,1.0767353137335214,1.0,1.0,1.0,13.800013510743517
NW150_FL320,2022-03-01 00:02:00.000000000,-9.823535417039643,45.21470503205091,9753.6,27448.480002484983,219.03694,0.6543588455489209,1.0835953736652053,1.0,1.0,1.0,13.800012336604626
NW150_FL320,2022-03-01 00:03:00.000000000,-9.734752775491534,45.32193450949788,9753.6,27448.480002484983,219.07898,0.6569250514532337,1.0875094572409396,1.0,1.0,1.0,13.800011102228465
NW150_FL320,2022-03-01 00:04:00.000000000,-9.64557321962325,45.4290701602766,9753.6,27448.480002484983,219.1139,0.6615083290655653,1.094817249027905,1.0,1.0,1.0,13.800009817596628
NW150_FL320,2022-03-01 00:05:00.000000000,-9.555974120765597,45.53610303447345,9753.6,27448.480002484983,219.15067,0.6640025587758315,1.0986491890620396,1.0,1.0,1.0,13.800008493466299
NW150_FL320,2022-03-01 00:06:00.000000000,-9.465932766099801,45.64302409705574,9753.6,27448.480002484983,219.19484,0.6616867848791551,1.0944653442186205,1.0,1.0,1.0,13.8000071412585
NW150_FL320,2022-03-01 00:07:00.000000000,-9.37542636757764,45.74982422315823,9753.6,27448.480002484983,219.23695,0.6585782918149532,1.0889888432407246,1.0,1.0,1.0,13.800005772917848
NW150_FL320,2022-03-01 00:08:00.000000000,-9.284432071228174,45.85649419346592,9753.6,27448.480002484983,219.26291,0.6511755189551374,1.0765393659569802,1.0,1.0,1.0,13.800004400762623
NW150_FL320,2022-03-01 00:09:00.000000000,-9.192926966886413,45.96302468971482,9753.6,27448.480002484983,219.29599,0.6379564589640555,1.0544322103677366,1.0,1.0,1.0,13.800003037318143
NW150_FL320,2022-03-01 00:10:00.000000000,-9.100888098379096,46.069406290332594,9753.6,27448.480002484983,219.30466,0.6191708072016802,1.0233168847044396,1.0,1.0,1.0,13.800001695131416
NW150_FL320,2022-03-01 00:11:00.000000000,-9.008292474201193,46.175629466241716,9753.6,27448.480002484983,219.30858,0.59757544543453,0.9875989261142084,1.0,0.0,0.0,13.800000386583605
NW150_FL320,2022-03-01 00:12:00.000000000,-8.915117078716126,46.2816845768484,9753.6,27448.480002484983,219.24529,0.5890244254945894,0.9739168173441944,1.0,0.0,0.0,13.799999123681374
NW150_FL320,2022-03-01 00:13:00.000000000,-8.82133888391088,46.38756186624089,9753.6,27448.480002484983,219.13885,0.5920435209344206,0.9796722575128022,1.0,0.0,0.0,13.799997917859939
NW150_FL320,2022-03-01 00:14:00.000000000,-8.726934861735826,46.49325145962168,9753.6,27448.480002484983,219.03497,0.5962624578119966,0.9874040567827848,1.0,0.0,0.0,13.799996779771385
NW150_FL320,2022-03-01 00:15:00.000000000,-8.631881997057086,46.59874335999853,9753.6,27448.480002484983,218.90927,0.6066166309643073,1.0054683510851679,1.0,1.0,1.0,13.799995719077321
NW150_FL320,2022-03-01 00:16:00.000000000,-8.536157301247139,46.70402744515966,9753.6,27448.480002484983,218.7963,0.6125971835707167,1.0162200223399216,1.0,1.0,1.0,13.79999474425429
NW150_FL320,2022-03-01 00:17:00.000000000,-8.439737826436936,46.809093464959474,9753.6,27448.480002484983,218.70943,0.614827839273698,1.020564765095008,1.0,1.0,1.0,13.799993862396043
NW150_FL320,2022-03-01 00:18:00.000000000,-8.342600680450126,46.91393103894103,9753.6,27448.480002484983,218.6417,0.615064613201401,1.0214570042969617,1.0,1.0,1.0,13.799993079039334
NW150_FL320,2022-03-01 00:19:00.000000000,-8.244723042436963,47.01852965432236,9753.6,27448.480002484983,218.58594,0.6136078876295016,1.0194489128565358,1.0,1.0,1.0,13.79999239800333
NW150_FL320,2022-03-01 00:20:00.000000000,-8.146082179222427,47.12287866437407,9753.6,27448.480002484983,218.57504,0.6076000714558628,1.0095475038769235,1.0,1.0,1.0,13.799991821243808
NW150_FL320,2022-03-01 00:21:00.000000000,-8.046655462379125,47.22696728721557,9753.6,27448.480002484983,218.57141,0.5993221125089668,0.9958190123497314,1.0,0.0,0.0,13.79999134873503
NW150_FL320,2022-03-01 00:22:00.000000000,-7.946420386032092,47.33078460505782,9753.6,27448.480002484983,218.57741,0.5981319136752821,0.9937964319681762,1.0,0.0,0.0,13.799990978379531
NW150_FL320,2022-03-01 00:23:00.000000000,-7.845354585398439,47.434319563920425,9753.6,27448.480002484983,218.61421,0.5958815036462273,0.9897962987094805,1.0,0.0,0.0,13.799990705942896
NW150_FL320,2022-03-01 00:24:00.000000000,-7.743435856059993,47.537560973850695,9753.6,27448.480002484983,218.66632,0.5902557814103817,0.9800816941502019,1.0,0.0,0.0,13.799990525026583
NW150_FL320,2022-03-01 00:25:00.000000000,-7.640642173962943,47.64049750967218,9753.6,27448.480002484983,218.7043,0.588335408508342,0.9766231669832245,1.0,0.0,0.0,13.799990427059264
NW150_FL320,2022-03-01 00:26:00.000000000,-7.536951716133178,47.743117712289695,9753.6,27448.480002484983,218.78085,0.5778656665771033,0.9587123962653544,1.0,0.0,0.0,13.799990401351167
NW150_FL320,2022-03-01 00:27:00.000000000,-7.432342882090881,47.84540999057738,9753.6,27448.480002484983,218.8461,0.5695428183373599,0.9444550384114049,1.0,0.0,0.0,13.799990435152703
NW150_FL320,2022-03-01 00:28:00.000000000,-7.32679431594254,47.94736262387532,9753.6,27448.480002484983,218.91403,0.5594106364153151,0.9271964094485812,1.0,0.0,0.0,13.799990513782763
NW150_FL320,2022-03-01 00:29:00.000000000,-7.220284929122936,48.04896376511957,9753.6,27448.480002484983,218.98,0.549514666797506,0.9103550726716784,1.0,0.0,0.0,13.799990620759637
NW150_FL320,2022-03-01 00:30:00.000000000,-7.112793923753648,48.15020144462874,9753.6,27448.480002484983,219.02507,0.5466237801294185,0.9052670291022992,1.0,0.0,0.0,13.799990738007454
NW150_FL320,2022-03-01 00:31:00.000000000,-7.00430081657882,48.251063574569415,9753.6,27448.480002484983,219.06879,0.5436328334895305,0.9000273696083753,1.0,0.0,0.0,13.799990846062991
NW150_FL320,2022-03-01 00:32:00.000000000,-6.894785463432784,48.351537954120296,9753.6,27448.480002484983,219.09349,0.5459710125652092,0.903732804455514,1.0,0.0,0.0,13.79999092434128
NW150_FL320,2022-03-01 00:33:00.000000000,-6.784228084187853,48.45161227535354,9753.6,27448.480002484983,219.11578,0.5485989754312762,0.9079380143340643,1.0,0.0,0.0,13.79999095142065
NW150_FL320,2022-03-01 00:34:00.000000000,-6.672609288124424,48.55127412984912,9753.6,27448.480002484983,219.12683,0.5528964384529479,0.9149764851776612,1.0,0.0,0.0,13.799990905357314
NW150_FL320,2022-03-01 00:35:00.000000000,-6.559910099659522,48.650511016055766,9753.6,27448.480002484983,219.12195,0.5557152335228426,0.9196726484777888,1.0,0.0,0.0,13.799990764032621
NW150_FL320,2022-03-01 00:36:00.000000000,-6.446111984363311,48.74931034740906,9753.6,27448.480002484983,219.092,0.5607431103095897,0.9281981098488646,1.0,0.0,0.0,13.799990505510175
NW150_FL320,2022-03-01 00:37:00.000000000,-6.331196875187807,48.84765946121438,9753.6,27448.480002484983,219.0759,0.562290173878408,0.9308661139289227,1.0,0.0,0.0,13.799990108416592
NW150_FL320,2022-03-01 00:38:00.000000000,-6.215147198825244,48.94554562829887,9753.6,27448.480002484983,219.04268,0.5640562642104263,0.9340192120589544,1.0,0.0,0.0,13.799989552329267
NW150_FL320,2022-03-01 00:39:00.000000000,-6.097945902109083,49.04295606343325,9753.6,27448.480002484983,218.99892,0.5712531264641642,0.9462372062077062,1.0,0.0,0.0,13.799988818168638
NW150_FL320,2022-03-01 00:40:00.000000000,-5.979576478364332,49.13987793652022,9753.6,27448.480002484983,218.9645,0.5766423855876874,0.9554024277787139,1.0,0.0,0.0,13.799987888596085
NW150_FL320,2022-03-01 00:41:00.000000000,-5.860022993609616,49.23629838454239,9753.6,27448.480002484983,218.9138,0.5773728886756473,0.9569687072818275,1.0,0.0,0.0,13.799986748391927
NW150_FL320,2022-03-01 00:42:00.000000000,-5.739270112508919,49.33220452425832,9753.6,27448.480002484983,218.89354,0.5667752421170339,0.9395398056439519,1.0,0.0,0.0,13.799985384831924
NW150_FL320,2022-03-01 00:43:00.000000000,-5.617303123966524,49.42758346563079,9753.6,27448.480002484983,218.87343,0.5594023907030096,0.9274547029357189,1.0,0.0,0.0,13.799983788033904
NW150_FL320,2022-03-01 00:44:00.000000000,-5.4941079662560375,49.52242232596687,9753.6,27448.480002484983,218.85901,0.5399059007279043,0.8952234537664993,1.0,0.0,0.0,13.799981951284067
NW150_FL320,2022-03-01 00:45:00.000000000,-5.369671251570929,49.61670824474481,9753.6,27448.480002484983,218.89046,0.5200694751043727,0.8621380204500256,1.0,0.0,0.0,13.799979871326002
NW150_FL320,2022-03-01 00:46:00.000000000,-5.243980289882591,49.710428399097715,9753.6,27448.480002484983,218.92131,0.5020204000161814,0.8320286446551034,1.0,0.0,0.0,13.799977548611706
NW150_FL320,2022-03-01 00:47:00.000000000,-5.117023111990287,49.803570019919526,9753.6,27448.480002484983,218.9818,0.49006505115738,0.811857961184824,1.0,0.0,0.0,13.799974987505227
NW150_FL320,2022-03-01 00:48:00.000000000,-4.988788491647018,49.896120408553536,9753.6,27448.480002484983,219.06807,0.47421238775989794,0.7850996822195946,1.0,0.0,0.0,13.799972196443608
NW150_FL320,2022-03-01 00:49:00.000000000,-4.85926596664584,49.98806695401959,9753.6,27448.480002484983,219.13689,0.4592698150987548,0.7599786748121014,1.0,0.0,0.0,13.79996918802526
NW150_FL320,2022-03-01 00:50:00.000000000,-4.728445858752139,50.079397150730635,9753.6,27448.480002484983,219.22083,0.44816444059172683,0.7411472343885527,1.0,0.0,0.0,13.799965979069924
NW150_FL320,2022-03-01 00:51:00.000000000,-4.596319292369935,50.17009861664571,9753.6,27448.480002484983,219.28056,0.43890161573009745,0.7255097101962973,1.0,0.0,0.0,13.799962590579305
NW150_FL320,2022-03-01 00:52:00.000000000,-4.462878211833166,50.26015911180118,9753.6,27448.480002484983,219.34032,0.4280074019050172,0.7071914772877036,1.0,0.0,0.0,13.799959047664926
NW150_FL320,2022-03-01 00:53:00.000000000,-4.328115397217069,50.34956655715893,9753.6,27448.480002484983,219.38821,0.4171776555068722,0.6890542350282297,1.0,0.0,0.0,13.799955379398677
NW150_FL320,2022-03-01 00:54:00.000000000,-4.192024478569649,50.43830905370571,9753.6,27448.480002484983,219.41971,0.411945850379701,0.6802572131734782,1.0,0.0,0.0,13.799951618596008
NW150_FL320,2022-03-01 00:55:00.000000000,-4.05459994846935,50.526374901734854,9753.6,27448.480002484983,219.44597,0.4081520620917438,0.6738620945297709,1.0,0.0,0.0,13.799947801542151
NW150_FL320,2022-03-01 00:56:00.000000000,-3.915837172821923,50.61375262023863,9753.6,27448.480002484983,219.46753,0.4109715225593236,0.6784086856001007,1.0,0.0,0.0,13.799961634315533
NW150_FL320,2022-03-01 00:57:00.000000000,-3.775730534366871,50.70042998100058,9753.6,27448.480002484983,219.47531,0.4229581490522402,0.6981561968458604,1.0,0.0,0.0,13.800015187556577
NW150_FL320,2022-03-01 00:58:00.000000000,-3.634272966085093,50.78639370865784,9753.6,27448.480002484983,219.46796,0.4296744796439849,0.7092786844090739,1.0,0.0,0.0,13.800009923240955
NW150_FL320,2022-03-01 00:59:00.000000000,-3.491468425213449,50.87163617748502,9753.6,27448.480002484983,219.43602,0.4444209305701615,0.7337958408113173,1.0,0.0,0.0,13.800004456466626
NW150_FL320,2022-03-01 01:00:00.000000000,-3.3473158711349957,50.956146985350514,9753.6,27448.480002484983,219.38857,0.46617165880834055,0.7699769768887262,1.0,0.0,0.0,13.799998839363584
NW150_FL320,2022-03-01 01:01:00.000000000,-3.201815162333295,51.03991604591398,9753.6,27448.480002484983,219.29868,0.48961127791739184,0.8092266407809166,1.0,0.0,0.0,13.799993126409735
NW150_FL320,2022-03-01 01:02:00.000000000,-3.0549670550937402,51.122933607024926,9753.6,27448.480002484983,219.1933,0.5085267695150758,0.8411383848632613,1.0,0.0,0.0,13.799987373795798
NW150_FL320,2022-03-01 01:03:00.000000000,-2.9067732000863327,51.20519026867862,9753.6,27448.480002484983,219.10156,0.5266625876980727,0.8717207885941711,1.0,0.0,0.0,13.799981638763203
NW150_FL320,2022-03-01 01:04:00.000000000,-2.75723613682413,51.28667700045241,9753.6,27448.480002484983,218.99292,0.5492830259761217,0.9098854147461,1.0,0.0,0.0,13.799975978917063
NW150_FL320,2022-03-01 01:05:00.000000000,-2.6063592860038653,51.367385158347936,9753.6,27448.480002484983,218.88965,0.5671327687024275,0.9401595185840003,1.0,0.0,0.0,13.799970451534813
NW150_FL320,2022-03-01 01:06:00.000000000,-2.4541469397475377,51.44730650096773,9753.6,27448.480002484983,218.80394,0.5848209566378344,0.9700875137961787,1.0,0.0,0.0,13.799965112869177
NW150_FL320,2022-03-01 01:07:00.000000000,-2.300604249774821,51.526433204957165,9753.6,27448.480002484983,218.71286,0.5951764556308483,0.9879183014048191,1.0,0.0,0.0,13.799960017463881
NW150_FL320,2022-03-01 01:08:00.000000000,-2.145737213549071,51.60475787964777,9753.6,27448.480002484983,218.6241,0.6023354224858355,1.000444125271105,1.0,1.0,1.0,13.799955217494318
NW150_FL320,2022-03-01 01:09:00.000000000,-1.9895526584501013,51.682273580841326,9753.6,27448.480002484983,218.54803,0.6111088840357766,1.0155765410328883,1.0,1.0,1.0,13.799950762132118
NW150_FL320,2022-03-01 01:10:00.000000000,-1.832058224038491,51.758973823679455,9753.6,27448.480002484983,218.47145,0.6158261327290842,1.0239833088866492,1.0,1.0,1.0,13.799946696952656
NW150_FL320,2022-03-01 01:11:00.000000000,-1.6732623424866224,51.83485259454882,9753.6,27448.480002484983,218.40547,0.6201739675044887,1.0316994375859208,1.0,1.0,1.0,13.799943063395368
NW150_FL320,2022-03-01 01:12:00.000000000,-1.513174217261294,51.909904361977446,9753.6,27448.480002484983,218.3529,0.6242417494929718,1.0388606208982145,1.0,1.0,1.0,13.799939898272926
NW150_FL320,2022-03-01 01:13:00.000000000,-1.3518038001522044,51.98412408648381,9753.6,27448.480002484983,218.30249,0.6274190139527366,1.0445293314604323,1.0,1.0,1.0,13.799939745243607
NW150_FL320,2022-03-01 01:14:00.000000000,-1.1891615462200298,52.057507082236924,9753.6,27448.480002484983,218.26253,0.6315669984001113,1.0517365967463228,1.0,1.0,1.0,13.800020924011612
NW150_FL320,2022-03-01 01:15:00.000000000,-1.0252518319892376,52.13004458185368,9753.6,27448.480002484983,218.23767,0.6356152733366742,1.058664568933273,1.0,1.0,1.0,13.800013978858964
NW150_FL320,2022-03-01 01:16:00.000000000,-0.8600941937770141,52.20173800568454,9753.6,27448.480002484983,218.22844,0.6379307747297162,1.0625926656146147,1.0,1.0,1.0,13.800007477983955
NW150_FL320,2022-03-01 01:17:00.000000000,-0.6937013373187131,52.27258437763797,9753.6,27448.480002484983,218.21768,0.6392923061575261,1.064942492581953,1.0,1.0,1.0,13.800001452770012
NW150_FL320,2022-03-01 01:18:00.000000000,-0.5260865789675423,52.34258124591907,9753.6,27448.480002484983,218.20557,0.638283207007673,1.0633577576577191,1.0,1.0,1.0,13.799995928589095
NW150_FL320,2022-03-01 01:19:00.000000000,-0.35726381511859207,52.4117266860437,9753.6,27448.480002484983,218.20537,0.6321892863307217,1.053206213270624,1.0,1.0,1.0,13.79999092471825
NW150_FL320,2022-03-01 01:20:00.000000000,-0.1872474908346242,52.480019302721765,9753.6,27448.480002484983,218.20738,0.624841100085824,1.040947455549714,1.0,1.0,1.0,13.799986454317708
NW150_FL320,2022-03-01 01:21:00.000000000,-0.0160525678074433,52.54745823062341,9753.6,27448.480002484983,218.19794,0.6174647135016377,1.0287288937225447,1.0,1.0,1.0,13.799982524503399
NW150_FL320,2022-03-01 01:22:00.000000000,0.15630550821031364,52.614043134048934,9753.6,27448.480002484983,218.18059,0.6096926834528176,1.015906218742397,1.0,1.0,1.0,13.79997913648606
NW150_FL320,2022-03-01 01:23:00.000000000,0.329810840369795,52.67977420552756,9753.6,27448.480002484983,218.16214,0.6032660931259662,1.0053318314857869,1.0,1.0,1.0,13.799976285786364
NW150_FL320,2022-03-01 01:24:00.000000000,0.5044471139547051,52.74465216337665,9753.6,27448.480002484983,218.14351,0.5987854749365499,0.9979986581228946,1.0,0.0,0.0,13.799973962517008
NW150_FL320,2022-03-01 01:25:00.000000000,0.680197629744843,52.80867824825721,9753.6,27448.480002484983,218.10426,0.6001401665385632,1.000538001772301,1.0,1.0,1.0,13.799972151720771
NW150_FL320,2022-03-01 01:26:00.000000000,0.857045337388637,52.8718542187659,9753.6,27448.480002484983,218.06561,0.6008900093614546,1.0020631045937414,1.0,1.0,1.0,13.799970833761792
NW150_FL320,2022-03-01 01:27:00.000000000,1.034972868662569,52.93418234610838,9753.6,27448.480002484983,218.02649,0.6005844396851264,1.0018370010752127,1.0,1.0,1.0,13.799969984769
NW150_FL320,2022-03-01 01:28:00.000000000,1.2139625705007244,52.99566540790184,9753.6,27448.480002484983,217.98334,0.5982919836432484,0.998320434367272,1.0,0.0,0.0,13.799969577100743
NW150_FL320,2022-03-01 01:29:00.000000000,1.3939965376829655,53.056306681157686,9753.6,27448.480002484983,217.95142,0.5962181358395079,0.9950868664427588,1.0,0.0,0.0,13.799969579857322
NW150_FL320,2022-03-01 01:30:00.000000000,1.5750566450764563,53.11610993449817,9753.6,27448.480002484983,217.9295,0.5932252843015386,0.990246090219773,1.0,0.0,0.0,13.799969959394309
NW150_FL320,2022-03-01 01:31:00.000000000,1.7571245793312809,53.17507941966272,9753.6,27448.480002484983,217.91658,0.5894345942062931,0.9840103909389671,1.0,0.0,0.0,13.799970679859165
NW150_FL320,2022-03-01 01:32:00.000000000,1.9401818699385918,53.23321986236095,9753.6,27448.480002484983,217.92241,0.5886202791095649,0.9826090314138839,1.0,0.0,0.0,13.799971703727884
NW150_FL320,2022-03-01 01:33:00.000000000,2.1242099195660367,53.29053645253109,9753.6,27448.480002484983,217.92932,0.5878389547394066,0.9812536037981597,1.0,0.0,0.0,13.799972992333837
NW150_FL320,2022-03-01 01:34:00.000000000,2.3091900335932243,53.34703483406254,9753.6,27448.480002484983,217.93637,0.5886004646258053,0.982480889657386,1.0,0.0,0.0,13.799974506384897
NW150_FL320,2022-03-01 01:35:00.000000000,2.4951034487770922,53.402721094041766,9753.6,27448.480002484983,217.95143,0.5904322860694363,0.985430051477583,1.0,0.0,0.0,13.799976206465772
NW150_FL320,2022-03-01 01:36:00.000000000,2.6819313609848683,53.457601751580526,9753.6,27448.480002484983,217.9636,0.5922392334792764,0.9883600198827593,1.0,0.0,0.0,13.799978053504757
NW150_FL320,2022-03-01 01:37:00.000000000,2.8696549519397707,53.511683746284476,9753.6,27448.480002484983,217.97943,0.592317445297331,0.988379581517498,1.0,0.0,0.0,13.799980009221503
NW150_FL320,2022-03-01 01:38:00.000000000,3.0582554149321086,53.56497442641937,9753.6,27448.480002484983,217.9983,0.5930212949786009,0.9894183927964357,1.0,0.0,0.0,13.799982036526542
NW150_FL320,2022-03-01 01:39:00.000000000,3.2477139794557783,53.61748153683056,9753.6,27448.480002484983,218.0058,0.5974258937102453,0.9967137679587137,1.0,0.0,0.0,13.799984099891018
NW150_FL320,2022-03-01 01:40:00.000000000,3.4380119347371982,53.6692132066701,9753.6,27448.480002484983,217.99895,0.6084440885902268,1.0151466760229866,1.0,1.0,1.0,13.799986165670656
NW150_FL320,2022-03-01 01:41:00.000000000,3.629130652131118,53.72017793698295,9753.6,27448.480002484983,217.97913,0.6210603004351797,1.0363424552670795,1.0,1.0,1.0,13.79998820237766
NW150_FL320,2022-03-01 01:42:00.000000000,3.821051606363487,53.770384588202695,9753.6,27448.480002484983,217.94302,0.6372377119643563,1.0636107074386054,1.0,1.0,1.0,13.799990180922991
NW150_FL320,2022-03-01 01:43:00.000000000,4.013756395608983,53.81984236760365,9753.6,27448.480002484983,217.8931,0.6546470923856419,1.0930569442602256,1.0,1.0,1.0,13.79999207479392
NW150_FL320,2022-03-01 01:44:00.000000000,4.207226760395775,53.868560816754226,9753.6,27448.480002484983,217.87286,0.65371293820573,1.0916573986790392,1.0,1.0,1.0,13.79999386020077
NW150_FL320,2022-03-01 01:45:00.000000000,4.401444601336398,53.9165497990135,9753.6,27448.480002484983,217.86037,0.6482281057178708,1.0825932251456543,1.0,1.0,1.0,13.799995516168021
NW150_FL320,2022-03-01 01:46:00.000000000,4.59639199568854,53.96381948710966,9753.6,27448.480002484983,217.88771,0.6266748287599639,1.0463930848408542,1.0,1.0,1.0,13.799997024593432
NW150_FL320,2022-03-01 01:47:00.000000000,4.792051212754257,54.01038035083665,9753.6,27448.480002484983,217.95761,0.5910271142209703,0.9863778085320862,1.0,0.0,0.0,13.799998370255315
NW150_FL320,2022-03-01 01:48:00.000000000,4.988404728130883,54.05624314490155,9753.6,27448.480002484983,218.03117,0.5596984810076323,0.9336040038825681,1.0,0.0,0.0,13.799999540791967
NW150_FL320,2022-03-01 01:49:00.000000000,5.185435236830494,54.101418896952666,9753.6,27448.480002484983,218.05948,0.5610113346902568,0.9356010740988299,1.0,0.0,0.0,13.800000526639762
NW150_FL320,2022-03-01 01:50:00.000000000,5.383125665288684,54.14591889581483,9753.6,27448.480002484983,218.06615,0.5700712254154935,0.9506651203354479,1.0,0.0,0.0,13.800001320950413
NW150_FL320,2022-03-01 01:51:00.000000000,5.581459182286482,54.18975467995547,9753.6,27448.480002484983,218.04636,0.5855129833877167,0.9765559031953344,1.0,0.0,0.0,13.800001919470516
NW150_FL320,2022-03-01 01:52:00.000000000,5.780419208811863,54.23293802620198,9753.6,27448.480002484983,218.01872,0.6011045514523513,1.0027576686899993,1.0,1.0,1.0,13.800002320404134
NW150_FL320,2022-03-01 01:53:00.000000000,5.979989426890096,54.27548093872749,9753.6,27448.480002484983,217.99547,0.6159526975130206,1.0277002316328672,1.0,1.0,1.0,13.800002524262844
NW150_FL320,2022-03-01 01:54:00.000000000,6.180153787413816,54.31739563831984,9753.6,27448.480002484983,218.0293,0.6285749188479229,1.0485056656805216,1.0,1.0,1.0,13.800002533692991
NW150_FL320,2022-03-01 01:55:00.000000000,6.3808965170056196,54.35869455194499,9753.6,27448.480002484983,218.07704,0.6412540264174295,1.0692890565198903,1.0,1.0,1.0,13.800002353293928
NW150_FL320,2022-03-01 01:56:00.000000000,6.5822021239473365,54.399390302613654,9753.6,27448.480002484983,218.1482,0.6529187771451633,1.0881866587735771,1.0,1.0,1.0,13.80000198943833
NW150_FL320,2022-03-01 01:57:00.000000000,6.784055403211021,54.4394956995573,9753.6,27448.480002484983,218.24069,0.6646011524908525,1.106920574887304,1.0,1.0,1.0,13.800001450080874
NW150_FL320,2022-03-01 01:58:00.000000000,6.986441440627737,54.479023728716754,9753.6,27448.480002484983,218.3271,0.6823865860693009,1.1358375719962228,1.0,1.0,1.0,13.800000744570198
NW150_FL320,2022-03-01 01:59:00.000000000,7.18934561623043,54.51798754354435,9753.6,27448.480002484983,218.41414,0.6585180469575624,1.0954212979086186,1.0,1.0,1.0,13.799999883471097
NW150_FL320,2022-03-01 02:00:00.000000000,7.392753606807693,54.55640045611831,9753.6,27448.480002484983,218.50514,0.6270606111670167,1.0424099201368233,1.0,1.0,1.0,13.799998878381079
NW150_FL320,2022-03-01 02:01:00.000000000,7.596651387704953,54.594275928565615,9753.6,27448.480002484983,218.59799,0.5799081219383515,0.9633779461472886,1.0,0.0,0.0,13.799997741767196
NW150_FL320,2022-03-01 02:02:00.000000000,7.801025233909899,54.63162756478736,9753.6,27448.480002484983,218.6975,0.52103464012681,0.8649492423790087,1.0,0.0,0.0,13.799996486806835
NW150_FL320,2022-03-01 02:03:00.000000000,8.005861720458118,54.66846910247922,9753.6,27448.480002484983,218.7994,0.4667290407634558,0.7742233188709278,1.0,0.0,0.0,13.799995127240448
NW150_FL320,2022-03-01 02:04:00.000000000,8.21114772219488,54.70481440543687,9753.6,27448.480002484983,218.89667,0.42648587888568357,0.7069669495683123,1.0,0.0,0.0,13.799993677240758
NW150_FL320,2022-03-01 02:05:00.000000000,8.416870412928134,54.74067745613532,9753.6,27448.480002484983,218.99352,0.39467759228308996,0.6537806833865695,1.0,0.0,0.0,13.799992151289874
NW150_FL320,2022-03-01 02:06:00.000000000,8.623017264007114,54.77607234856892,9753.6,27448.480002484983,219.07481,0.37545277283816253,0.6215635215760843,1.0,0.0,0.0,13.799990564074568
NW150_FL320,2022-03-01 02:07:00.000000000,8.829576042360262,54.81101328133762,9753.6,27448.480002484983,219.13882,0.3642929904791153,0.6028067298047668,1.0,0.0,0.0,13.799988930389441
NW150_FL320,2022-03-01 02:08:00.000000000,9.036534808025143,54.845514550963514,9753.6,27448.480002484983,219.19154,0.356483611922714,0.5896565894217322,1.0,0.0,0.0,13.799987265057572
NW150_FL320,2022-03-01 02:09:00.000000000,9.243881911202225,54.87959054542058,9753.6,27448.480002484983,219.23044,0.3524609046918776,0.5828378263520347,1.0,0.0,0.0,13.799985582857834
NW150_FL320,2022-03-01 02:10:00.000000000,9.451605988863491,54.91325573785914,9753.6,27448.480002484983,219.26213,0.34631672363621335,0.572544359872411,1.0,0.0,0.0,13.799983898464221
NW150_FL320,2022-03-01 02:11:00.000000000,9.659695960945642,54.94652468050605,9753.6,27448.480002484983,219.27379,0.3432065450869106,0.567353221305716,1.0,0.0,0.0,13.799982226394873
NW150_FL320,2022-03-01 02:12:00.000000000,9.868141026157087,54.97941199871997,9753.6,27448.480002484983,219.28516,0.3385982379348366,0.5596895893305376,1.0,0.0,0.0,8.717907553283178
NW150_FL320,2022-03-01 02:12:37.904240283,10.0,55.0,9753.6,27448.480002484983,219.2987,0.3330432241578592,0.550451648010567,1.0,0.0,0.0,0.0
NW300_FL320,2022-03-01 00:00:00.000000000,-10.000000000000002,45.00000000000001,9753.6,27448.480002484983,218.9977,0.6422209698571949,1.0638029400486007,1.0,1.0,1.0,13.800034843118594
NW300_FL320,2022-03-01 00:01:00.000000000,-9.948323151402047,45.11861698721326,9753.6,27448.480002484983,218.97633,0.6483379031946122,1.0740991852218769,1.0,1.0,1.0,13.800006665435859
NW300_FL320,2022-03-01 00:02:00.000000000,-9.896402137726424,45.2372040256995,9753.6,27448.480002484983,218.97055,0.6521644343720153,1.0804827536747705,1.0,1.0,1.0,13.799977763173437
NW300_FL320,2022-03-01 00:03:00.000000000,-9.844205048187119,45.355754336568715,9753.6,27448.480002484983,218.97592,0.6536243679862302,1.0828627061217184,1.0,1.0,1.0,13.800003201880159
NW300_FL320,2022-03-01 00:04:00.000000000,-9.79169221545635,45.47425993803365,9753.6,27448.480002484983,218.98453,0.6546076905511947,1.0844219473857917,1.0,1.0,1.0,13.800019831035982
NW300_FL320,2022-03-01 00:05:00.000000000,-9.73883020753365,45.592713564836444,9753.6,27448.480002484983,218.97536,0.6575658396081729,1.089394635603018,1.0,1.0,1.0,13.799990542186567
NW300_FL320,2022-03-01 00:06:00.000000000,-9.68559173693477,45.711108893423734,9753.6,27448.480002484983,218.9701,0.6592369870868937,1.0922087413272885,1.0,1.0,1.0,13.799966575556896
NW300_FL320,2022-03-01 00:07:00.000000000,-9.631942676019541,45.82943851868831,9753.6,27448.480002484983,218.95691,0.6587196110881023,1.091453207906893,1.0,1.0,1.0,13.800034470564826
NW300_FL320,2022-03-01 00:08:00.000000000,-9.577832641962,45.94769216492699,9753.6,27448.480002484983,218.9417,0.6571686426000825,1.0890049736674652,1.0,1.0,1.0,13.800004853679956
NW300_FL320,2022-03-01 00:09:00.000000000,-9.523242741476356,46.0658646319852,9753.6,27448.480002484983,218.91975,0.6466152605761292,1.0716886536495236,1.0,1.0,1.0,13.799975174589125
NW300_FL320,2022-03-01 00:10:00.000000000,-9.468138670649463,46.1839481275579,9753.6,27448.480002484983,218.88718,0.6277200310170118,1.0406161655580157,1.0,1.0,1.0,13.799996337513656
NW300_FL320,2022-03-01 00:11:00.000000000,-9.412475134560134,46.30193273606196,9753.6,27448.480002484983,218.83876,0.6134878223882544,1.0173810897369915,1.0,1.0,1.0,13.80002177829723
NW300_FL320,2022-03-01 00:12:00.000000000,-9.356214232217248,46.41980959140651,9753.6,27448.480002484983,218.7669,0.6063812181351051,1.0061238973355382,1.0,1.0,1.0,13.799991978487872
NW300_FL320,2022-03-01 00:13:00.000000000,-9.299331078055891,46.53757207105862,9753.6,27448.480002484983,218.68925,0.603459174876679,1.001837884699506,1.0,1.0,1.0,13.79996288903523
NW300_FL320,2022-03-01 00:14:00.000000000,-9.2417896335749,46.65521139046437,9753.6,27448.480002484983,218.59254,0.611380532318799,1.0157019739178574,1.0,1.0,1.0,13.800017586397669
NW300_FL320,2022-03-01 00:15:00.000000000,-9.183533336757865,46.77271458254579,9753.6,27448.480002484983,218.48878,0.6195253204643211,1.03000400930747,1.0,1.0,1.0,13.800012642606154
NW300_FL320,2022-03-01 00:16:00.000000000,-9.124537269676559,46.8900744241367,9753.6,27448.480002484983,218.40443,0.6248321552539771,1.0394562914778689,1.0,1.0,1.0,13.799983478538548
NW300_FL320,2022-03-01 00:17:00.000000000,-9.06476959695927,47.00728223711839,9753.6,27448.480002484983,218.31544,0.6312086178320494,1.050737245213308,1.0,1.0,1.0,13.799955874461615
NW300_FL320,2022-03-01 00:18:00.000000000,-9.004192371172094,47.124327917170994,9753.6,27448.480002484983,218.22313,0.6393886076993884,1.0650649372962901,1.0,1.0,1.0,13.800022795812414
NW300_FL320,2022-03-01 00:19:00.000000000,-8.942742331284771,47.241195837621795,9753.6,27448.480002484983,218.1265,0.6472637293533399,1.0789297797141724,1.0,1.0,1.0,13.80000943014113
NW300_FL320,2022-03-01 00:20:00.000000000,-8.880399361758288,47.35787881023055,9753.6,27448.480002484983,218.03827,0.6518752997618293,1.0873004260779866,1.0,1.0,1.0,13.79998144097103
NW300_FL320,2022-03-01 00:21:00.000000000,-8.81712804662872,47.47436632203423,9753.6,27448.480002484983,217.94678,0.656390889775479,1.0955489035642243,1.0,1.0,1.0,13.799955751288898
NW300_FL320,2022-03-01 00:22:00.000000000,-8.752888484884062,47.59064660231162,9753.6,27448.480002484983,217.84091,0.6582929515171317,1.0995559272065434,1.0,1.0,1.0,13.79999974357544
NW300_FL320,2022-03-01 00:23:00.000000000,-8.687621184744504,47.70670318021615,9753.6,27448.480002484983,217.76433,0.6562711959984058,1.0967773360571886,1.0,1.0,1.0,13.800014603485252
NW300_FL320,2022-03-01 00:24:00.000000000,-8.6212916133352,47.822524520353284,9753.6,27448.480002484983,217.69461,0.6542175034115251,1.0938865743316932,1.0,1.0,1.0,13.799987752859257
NW300_FL320,2022-03-01 00:25:00.000000000,-8.553869741791866,47.93809981100981,9753.6,27448.480002484983,217.62843,0.6530328876671017,1.0924184720221557,1.0,1.0,1.0,13.79996366704769
NW300_FL320,2022-03-01 00:26:00.000000000,-8.485313856181833,48.05341525950304,9753.6,27448.480002484983,217.57263,0.6510115488159013,1.089467053683872,1.0,1.0,1.0,13.799942842235483
NW300_FL320,2022-03-01 00:27:00.000000000,-8.415581801578655,48.16845651097662,9753.6,27448.480002484983,217.53453,0.6445339369024828,1.0789183349712794,1.0,1.0,1.0,13.800016914087612
NW300_FL320,2022-03-01 00:28:00.000000000,-8.344603841813232,48.28320205518647,9753.6,27448.480002484983,217.504,0.636206817485897,1.0652075807584618,1.0,1.0,1.0,13.800004972425114
NW300_FL320,2022-03-01 00:29:00.000000000,-8.272359617391693,48.397641532390416,9753.6,27448.480002484983,217.49303,0.6253502744249932,1.0471142736513313,1.0,1.0,1.0,13.799981440007572
NW300_FL320,2022-03-01 00:30:00.000000000,-8.198809767667017,48.511759680983936,9753.6,27448.480002484983,217.49353,0.6120923745904024,1.0249095014913914,1.0,1.0,1.0,13.799961128930406
NW300_FL320,2022-03-01 00:31:00.000000000,-8.123910851857396,48.62553969747014,9753.6,27448.480002484983,217.54665,0.5969892499872449,0.9992449154589825,1.0,0.0,0.0,13.79994434951923
NW300_FL320,2022-03-01 00:32:00.000000000,-8.047619175060253,48.73896411389615,9753.6,27448.480002484983,217.58566,0.5784448526920245,0.9679384698960964,1.0,0.0,0.0,13.799949522704459
NW300_FL320,2022-03-01 00:33:00.000000000,-7.969885434552368,48.85201334557368,9753.6,27448.480002484983,217.69768,0.5742146736907136,0.9600948751901408,1.0,0.0,0.0,13.800014181102688
NW300_FL320,2022-03-01 00:34:00.000000000,-7.890648069563789,48.96466371012504,9753.6,27448.480002484983,217.82228,0.5740319623533471,0.9589411796358129,1.0,0.0,0.0,13.799992650903825
NW300_FL320,2022-03-01 00:35:00.000000000,-7.809886021383044,49.076901625594274,9753.6,27448.480002484983,217.94307,0.567791382525025,0.9476982561952068,1.0,0.0,0.0,13.799974108707389
NW300_FL320,2022-03-01 00:36:00.000000000,-7.727555347093408,49.1887068387166,9753.6,27448.480002484983,218.05382,0.5616687513086368,0.9367367449685029,1.0,0.0,0.0,13.799958655833514
NW300_FL320,2022-03-01 00:37:00.000000000,-7.643612181951804,49.30005836390617,9753.6,27448.480002484983,218.12091,0.5562524572514052,0.9272589207220149,1.0,0.0,0.0,13.799946336900428
NW300_FL320,2022-03-01 00:38:00.000000000,-7.558012825338964,49.41093447592809,9753.6,27448.480002484983,218.16052,0.5482008275769396,0.9135768369762548,1.0,0.0,0.0,13.799937139245799
NW300_FL320,2022-03-01 00:39:00.000000000,-7.470713833585899,49.52131270557739,9753.6,27448.480002484983,218.20866,0.5380802166270789,0.896399994680996,1.0,0.0,0.0,13.799930993467326
NW300_FL320,2022-03-01 00:40:00.000000000,-7.381672119623329,49.63116983869982,9753.6,27448.480002484983,218.306,0.5130554055703992,0.8541145043074391,1.0,0.0,0.0,13.799935080408797
NW300_FL320,2022-03-01 00:41:00.000000000,-7.290842991180416,49.740481273968314,9753.6,27448.480002484983,218.38167,0.49678484657835686,0.8265779325507469,1.0,0.0,0.0,13.79999350665374
NW300_FL320,2022-03-01 00:42:00.000000000,-7.198169519410879,49.84921753340485,9753.6,27448.480002484983,218.5369,0.45824842718846553,0.76160486268174,1.0,0.0,0.0,13.799978927303988
NW300_FL320,2022-03-01 00:43:00.000000000,-7.103628498314238,49.95735875096998,9753.6,27448.480002484983,218.66722,0.4238081073052827,0.7037011602415617,1.0,0.0,0.0,13.799966433137888
NW300_FL320,2022-03-01 00:44:00.000000000,-7.0071795140932345,50.06487885572919,9753.6,27448.480002484983,218.77142,0.38841332538918005,0.6444420612166998,1.0,0.0,0.0,13.79995586908043
NW300_FL320,2022-03-01 00:45:00.000000000,-6.9087830925656055,50.171751090152405,9753.6,27448.480002484983,218.88231,0.3464805232561588,0.5744070842457307,1.0,0.0,0.0,13.799947052381834
NW300_FL320,2022-03-01 00:46:00.000000000,-6.808400832996052,50.27794803570585,9753.6,27448.480002484983,218.96918,0.3045691277726215,0.5046053983415322,1.0,0.0,0.0,13.799939778560672
NW300_FL320,2022-03-01 00:47:00.000000000,-6.705995546066805,50.38344164394248,9753.6,27448.480002484983,219.05745,0.2562793820593614,0.42432549695624006,1.0,0.0,0.0,13.799933827852389
NW300_FL320,2022-03-01 00:48:00.000000000,-6.601531395219343,50.48820327332102,9753.6,27448.480002484983,219.16797,0.20301231085680338,0.3358593176014776,1.0,0.0,0.0,13.799928972027583
NW300_FL320,2022-03-01 00:49:00.000000000,-6.494974040497284,50.592203731941304,9753.6,27448.480002484983,219.291,0.1673740367358608,0.27665068406195964,1.0,0.0,0.0,13.799924981403041
NW300_FL320,2022-03-01 00:50:00.000000000,-6.386290783920157,50.69541332633463,9753.6,27448.480002484983,219.45302,0.1344777399819864,0.22201229560560215,1.0,0.0,0.0,13.799921631877607
NW300_FL320,2022-03-01 00:51:00.000000000,-6.2754507153220995,50.797801916390625,9753.6,27448.480002484983,219.58534,0.11531351593175641,0.19018766100416767,1.0,0.0,0.0,13.799918711778243
NW300_FL320,2022-03-01 00:52:00.000000000,-6.162424857501622,50.89933897643868,9753.6,27448.480002484983,219.67868,0.10944723682863737,0.1803881147744358,1.0,0.0,0.0,13.799916028361567
NW300_FL320,2022-03-01 00:53:00.000000000,-6.0471863094495175,50.99999366243146,9753.6,27448.480002484983,219.77576,0.10369348803725094,0.17078194562323543,1.0,0.0,0.0,13.799913413752241
NW300_FL320,2022-03-01 00:54:00.000000000,-5.929710386355748,51.099734885102215,9753.6,27448.480002484983,219.77364,0.10884468742933773,0.1792689807149227,1.0,0.0,0.0,13.799910730138198
NW300_FL320,2022-03-01 00:55:00.000000000,-5.8099747550443395,51.19853138888636,9753.6,27448.480002484983,219.77742,0.11225122176785268,0.18487391072192805,1.0,0.0,0.0,13.799907874076975
NW300_FL320,2022-03-01 00:56:00.000000000,-5.687959563450105,51.296351836313654,9753.6,27448.480002484983,219.76984,0.11319257141819657,0.18643502562382477,1.0,0.0,0.0,13.79990477972228
NW300_FL320,2022-03-01 00:57:00.000000000,-5.56364756273571,51.39316489749046,9753.6,27448.480002484983,219.74014,0.1118808756846242,0.18431510599246864,1.0,0.0,0.0,13.799901420893251
NW300_FL320,2022-03-01 00:58:00.000000000,-5.4370242206528845,51.48893934420452,9753.6,27448.480002484983,219.70572,0.10924844119409462,0.18002395332755775,1.0,0.0,0.0,13.799897811846515
NW300_FL320,2022-03-01 00:59:00.000000000,-5.308077824779514,51.583644148098536,9753.6,27448.480002484983,219.65251,0.11184941886724174,0.18438300933195417,1.0,0.0,0.0,13.799894006728076
NW300_FL320,2022-03-01 01:00:00.000000000,-5.176799574316013,51.67724858227623,9753.6,27448.480002484983,219.57007,0.11640225349685006,0.1920050201233963,1.0,0.0,0.0,13.799890097668875
NW300_FL320,2022-03-01 01:01:00.000000000,-5.043183659200432,51.76972232562682,9753.6,27448.480002484983,219.46672,0.12423923409985865,0.2050880188271119,1.0,0.0,0.0,13.799886211544619
NW300_FL320,2022-03-01 01:02:00.000000000,-4.907227325401263,51.8610355690834,9753.6,27448.480002484983,219.36699,0.13681392363571301,0.2260115341538723,1.0,0.0,0.0,13.799882505488926
NW300_FL320,2022-03-01 01:03:00.000000000,-4.768930925370678,51.95115912296934,9753.6,27448.480002484983,219.2565,0.1523231962742409,0.2518373156607035,1.0,0.0,0.0,13.799879161238978
NW300_FL320,2022-03-01 01:04:00.000000000,-4.628297952786058,52.04006452453659,9753.6,27448.480002484983,219.14635,0.1686789453043834,0.27910288886722434,1.0,0.0,0.0,13.79987637850337
NW300_FL320,2022-03-01 01:05:00.000000000,-4.485335060872928,52.127724144762055,9753.6,27448.480002484983,219.0638,0.18114822096215347,0.2999161949465181,1.0,0.0,0.0,13.799874367506506
NW300_FL320,2022-03-01 01:06:00.000000000,-4.340052063785224,52.214111293444496,9753.6,27448.480002484983,218.97217,0.19601224042934146,0.3247429774706449,1.0,0.0,0.0,13.799875260345667
NW300_FL320,2022-03-01 01:07:00.000000000,-4.192461576710146,52.299200123019176,9753.6,27448.480002484983,218.91026,0.20885454956611274,0.3461755804279752,1.0,0.0,0.0,13.799958362399373
NW300_FL320,2022-03-01 01:08:00.000000000,-4.042565505808821,52.382957721133714,9753.6,27448.480002484983,218.86984,0.21988144023388428,0.3645594209729263,1.0,0.0,0.0,13.79994634307932
NW300_FL320,2022-03-01 01:09:00.000000000,-3.8903976137133776,52.4653690353782,9753.6,27448.480002484983,218.80057,0.23884951404214377,0.3962079408677816,1.0,0.0,0.0,13.799934758524605
NW300_FL320,2022-03-01 01:10:00.000000000,-3.7359801900362437,52.5464122011229,9753.6,27448.480002484983,218.74365,0.2559003714833064,0.4246670803388567,1.0,0.0,0.0,13.799923893437573
NW300_FL320,2022-03-01 01:11:00.000000000,-3.5793384277428935,52.62606676530347,9753.6,27448.480002484983,218.7092,0.2692393971666183,0.4469160976753711,1.0,0.0,0.0,13.799914005702364
NW300_FL320,2022-03-01 01:12:00.000000000,-3.420500321548006,52.70431376094036,9753.6,27448.480002484983,218.67307,0.27899118358627445,0.46322372195738776,1.0,0.0,0.0,13.799905318758915
NW300_FL320,2022-03-01 01:13:00.000000000,-3.2594965516209413,52.78113577383572,9753.6,27448.480002484983,218.64215,0.2823687175181754,0.4689369382915931,1.0,0.0,0.0,13.799898015093248
NW300_FL320,2022-03-01 01:14:00.000000000,-3.0963603537213,52.85651700087687,9753.6,27448.480002484983,218.6181,0.27851094885446126,0.46261145133827547,1.0,0.0,0.0,13.799892231080968
NW300_FL320,2022-03-01 01:15:00.000000000,-2.93112737703906,52.93044329948208,9753.6,27448.480002484983,218.5802,0.2780394550596684,0.46195477356755454,1.0,0.0,0.0,13.79988805331851
NW300_FL320,2022-03-01 01:16:00.000000000,-2.7638355311439367,53.00290222783783,9753.6,27448.480002484983,218.52101,0.2784267109862689,0.4627963264089334,1.0,0.0,0.0,13.799885516550193
NW300_FL320,2022-03-01 01:17:00.000000000,-2.594524823554262,53.07388307569488,9753.6,27448.480002484983,218.46886,0.28783499709948096,0.4786149852446962,1.0,0.0,0.0,13.799884603266875
NW300_FL320,2022-03-01 01:18:00.000000000,-2.4232371895126836,53.14337688560977,9753.6,27448.480002484983,218.39333,0.3004546303144921,0.49987115229440887,1.0,0.0,0.0,13.799885244947372
NW300_FL320,2022-03-01 01:19:00.000000000,-2.250016315606625,53.21137646463753,9753.6,27448.480002484983,218.29294,0.315845960542195,0.5258577042747983,1.0,0.0,0.0,13.799887324900999
NW300_FL320,2022-03-01 01:20:00.000000000,-2.0749074588928185,53.277876386596866,9753.6,27448.480002484983,218.19,0.34889240864911064,0.5813058335296901,1.0,0.0,0.0,13.799890682600761
NW300_FL320,2022-03-01 01:21:00.000000000,-1.8979572631798203,53.34287298513899,9753.6,27448.480002484983,218.10486,0.3767100760051369,0.6280365988439912,1.0,0.0,0.0,13.799895119344866
NW300_FL320,2022-03-01 01:22:00.000000000,-1.719213574090673,53.406364337953896,9753.6,27448.480002484983,218.01672,0.4000271527245835,0.6673317669171291,1.0,0.0,0.0,13.799900405062836
NW300_FL320,2022-03-01 01:23:00.000000000,-1.538725254472115,53.46835024254097,9753.6,27448.480002484983,217.92526,0.41838398308748365,0.698410576897631,1.0,0.0,0.0,13.79990628602072
NW300_FL320,2022-03-01 01:24:00.000000000,-1.356542001638573,53.52883218405242,9753.6,27448.480002484983,217.83789,0.4353142517675478,0.7271259560357305,1.0,0.0,0.0,13.79991249319038
NW300_FL320,2022-03-01 01:25:00.000000000,-1.172714167843412,53.58781329578929,9753.6,27448.480002484983,217.776,0.4488527144743407,0.7500702975093517,1.0,0.0,0.0,13.799918750991056
NW300_FL320,2022-03-01 01:26:00.000000000,-0.9872925852565602,53.64529831298643,9753.6,27448.480002484983,217.6933,0.4676086812984862,0.7818716366206305,1.0,0.0,0.0,13.799924786167315
NW300_FL320,2022-03-01 01:27:00.000000000,-0.800328396603329,53.7012935205683,9753.6,27448.480002484983,217.62009,0.48716127878925863,0.8149900010478143,1.0,0.0,0.0,13.79993033648061
NW300_FL320,2022-03-01 01:28:00.000000000,-0.6118728924847379,53.75580669558846,9753.6,27448.480002484983,217.54872,0.5126300997429932,0.8580328454088474,1.0,0.0,0.0,13.799935159022626
NW300_FL320,2022-03-01 01:29:00.000000000,-0.42197735625945404,53.80884704508488,9753.6,27448.480002484983,217.53899,0.5246509248809963,0.8782116958743217,1.0,0.0,0.0,13.799939037850189
NW300_FL320,2022-03-01 01:30:00.000000000,-0.23069291722504956,53.86042514008997,9753.6,27448.480002484983,217.53223,0.5322740670396239,0.8910163381432733,1.0,0.0,0.0,13.79994179078318
NW300_FL320,2022-03-01 01:31:00.000000000,-0.03807041269302599,53.910552846529505,9753.6,27448.480002484983,217.51392,0.5460234916857041,0.9141509261956439,1.0,0.0,0.0,13.799943275155096
NW300_FL320,2022-03-01 01:32:00.000000000,0.1558397405871601,53.95924325373014,9753.6,27448.480002484983,217.52266,0.5551746222421987,0.9294130237718226,1.0,0.0,0.0,13.799943392385876
NW300_FL320,2022-03-01 01:33:00.000000000,0.35098766533486897,54.00651060123104,9753.6,27448.480002484983,217.52408,0.5699978721593286,0.9542196647217039,1.0,0.0,0.0,13.799942091276058
NW300_FL320,2022-03-01 01:34:00.000000000,0.5473241327828376,54.05237020456364,9753.6,27448.480002484983,217.52487,0.5867695619789293,0.9822927443354117,1.0,0.0,0.0,13.799939369947783
NW300_FL320,2022-03-01 01:35:00.000000000,0.7448006617853401,54.09683838062501,9753.6,27448.480002484983,217.53046,0.5969546761375303,0.9993020734768803,1.0,0.0,0.0,13.79993527641069
NW300_FL320,2022-03-01 01:36:00.000000000,0.943369608024376,54.139932373227055,9753.6,27448.480002484983,217.52264,0.6033494103242307,1.0100637050466692,1.0,1.0,1.0,13.799929907760507
NW300_FL320,2022-03-01 01:37:00.000000000,1.142984243446075,54.18167027935618,9753.6,27448.480002484983,217.5064,0.6122639376165631,1.0251038907108352,1.0,1.0,1.0,13.799923408062723
NW300_FL320,2022-03-01 01:38:00.000000000,1.3435988261461758,54.22207097662803,9753.6,27448.480002484983,217.48703,0.6220814790416859,1.041684003485187,1.0,1.0,1.0,13.799915964977409
NW300_FL320,2022-03-01 01:39:00.000000000,1.545168660997899,54.26115405237014,9753.6,27448.480002484983,217.46596,0.6324567549119492,1.0592145490295504,1.0,1.0,1.0,13.799907805259913
NW300_FL320,2022-03-01 01:40:00.000000000,1.7476501513793214,54.298939734713336,9753.6,27448.480002484983,217.44682,0.6421171833108027,1.075541592828402,1.0,1.0,1.0,13.799905225618216
NW300_FL320,2022-03-01 01:41:00.000000000,1.951001321706038,54.3354480988425,9753.6,27448.480002484983,217.43312,0.6461085174004649,1.082330176736856,1.0,1.0,1.0,13.80003550067695
NW300_FL320,2022-03-01 01:42:00.000000000,2.1551912888926434,54.370684072582705,9753.6,27448.480002484983,217.41925,0.6489293043494688,1.0871639519509608,1.0,1.0,1.0,13.80001194060027
NW300_FL320,2022-03-01 01:43:00.000000000,2.3601687814981553,54.404685818447064,9753.6,27448.480002484983,217.42593,0.6539321248079898,1.0954914825375206,1.0,1.0,1.0,13.799988050689471
NW300_FL320,2022-03-01 01:44:00.000000000,2.5658948749977406,54.43747558046449,9753.6,27448.480002484983,217.45888,0.6597284504122025,1.1049440692215806,1.0,1.0,1.0,13.799964294443889
NW300_FL320,2022-03-01 01:45:00.000000000,2.772331890772268,54.46907594249486,9753.6,27448.480002484983,217.51538,0.6623584009651107,1.108904124917009,1.0,1.0,1.0,13.79994113566568
NW300_FL320,2022-03-01 01:46:00.000000000,2.9794434044374127,54.49950977601977,9753.6,27448.480002484983,217.60916,0.6555472393193786,1.0967746419717526,1.0,1.0,1.0,13.799919029035573
NW300_FL320,2022-03-01 01:47:00.000000000,3.1871942485890172,54.528800191289015,9753.6,27448.480002484983,217.71696,0.6496464955235096,1.0860687854767217,1.0,1.0,1.0,13.799903858262315
NW300_FL320,2022-03-01 01:48:00.000000000,3.395550879759554,54.55696978407656,9753.6,27448.480002484983,217.79155,0.6525531243745938,1.0903534007609903,1.0,1.0,1.0,13.800055039082034
NW300_FL320,2022-03-01 01:49:00.000000000,3.604491615359623,54.58402008165235,9753.6,27448.480002484983,217.84604,0.6607393319679474,1.103600269997298,1.0,1.0,1.0,13.800015441936033
NW300_FL320,2022-03-01 01:50:00.000000000,3.8139728517228146,54.60999719041869,9753.6,27448.480002484983,217.87573,0.6695431153822499,1.1180668842318378,1.0,1.0,1.0,13.799978645815921
NW300_FL320,2022-03-01 01:51:00.000000000,4.023964354506401,54.63492486350083,9753.6,27448.480002484983,217.86516,0.6744186148424781,1.1262961116231334,1.0,1.0,1.0,13.799945081809751
NW300_FL320,2022-03-01 01:52:00.000000000,4.234437101686992,54.658826899104795,9753.6,27448.480002484983,217.86925,0.672165542520503,1.122500483844421,1.0,1.0,1.0,13.799915120264668
NW300_FL320,2022-03-01 01:53:00.000000000,4.445363262970964,54.68172711119074,9753.6,27448.480002484983,217.93587,0.6302358352941436,1.0519779739169355,1.0,1.0,1.0,13.800015788586125
NW300_FL320,2022-03-01 01:54:00.000000000,4.65672372489985,54.70363128764721,9753.6,27448.480002484983,218.0159,0.5863410842110345,0.9781501523966453,1.0,0.0,0.0,13.800026752290783
NW300_FL320,2022-03-01 01:55:00.000000000,4.868487720428609,54.7245739875963,9753.6,27448.480002484983,218.09972,0.5511919558321747,0.9189614221238807,1.0,0.0,0.0,13.799983572061933
NW300_FL320,2022-03-01 01:56:00.000000000,5.080627538644073,54.74458663851475,9753.6,27448.480002484983,218.16585,0.5305682839501833,0.884159254849863,1.0,0.0,0.0,13.799945817559948
NW300_FL320,2022-03-01 01:57:00.000000000,5.293119881497206,54.763692990803875,9753.6,27448.480002484983,218.1855,0.5296953514638523,0.8825799766920794,1.0,0.0,0.0,13.799938516635832
NW300_FL320,2022-03-01 01:58:00.000000000,5.505943868646182,54.78191294381553,9753.6,27448.480002484983,218.13556,0.5576307856172743,0.929459217364826,1.0,0.0,0.0,13.800050656767903
NW300_FL320,2022-03-01 01:59:00.000000000,5.719084419011531,54.79925175731836,9753.6,27448.480002484983,218.06288,0.5828570120269526,0.9720124280747361,1.0,0.0,0.0,13.800003204209666
NW300_FL320,2022-03-01 02:00:00.000000000,5.932512825652237,54.81575578710652,9753.6,27448.480002484983,217.98848,0.6041484199803551,1.0080539521458127,1.0,1.0,1.0,13.799962666862402
NW300_FL320,2022-03-01 02:01:00.000000000,6.1462099113233615,54.83144846222197,9753.6,27448.480002484983,217.95358,0.6201448682943037,1.0350028481991895,1.0,1.0,1.0,13.799932359184918
NW300_FL320,2022-03-01 02:02:00.000000000,6.3601576187555455,54.846352522537195,9753.6,27448.480002484983,217.9523,0.6325746508176895,1.0557565345103177,1.0,1.0,1.0,13.800051701259331
NW300_FL320,2022-03-01 02:03:00.000000000,6.574345601833692,54.860467055141825,9753.6,27448.480002484983,217.97884,0.6494495856777991,1.0837160471972094,1.0,1.0,1.0,13.80000554177809
NW300_FL320,2022-03-01 02:04:00.000000000,6.788749289172524,54.87384091232076,9753.6,27448.480002484983,218.034,0.6776283409529829,1.1302914414153893,1.0,1.0,1.0,13.799967129490193
NW300_FL320,2022-03-01 02:05:00.000000000,7.0033531669792195,54.88649708306962,9753.6,27448.480002484983,218.10516,0.7077993682595736,1.180014636422919,1.0,1.0,1.0,13.799960623388825
NW300_FL320,2022-03-01 02:06:00.000000000,7.218143656439326,54.89845407593597,9753.6,27448.480002484983,218.19562,0.6812430666581663,1.135007490915226,1.0,1.0,1.0,13.8000381484042
NW300_FL320,2022-03-01 02:07:00.000000000,7.433110284466571,54.90971982486474,9753.6,27448.480002484983,218.2906,0.6495521873278629,1.08146948594509,1.0,1.0,1.0,13.799997707739267
NW300_FL320,2022-03-01 02:08:00.000000000,7.648234507949747,54.92033751497244,9753.6,27448.480002484983,218.40744,0.5979873620490046,0.9947782192911114,1.0,0.0,0.0,13.799965046205028
NW300_FL320,2022-03-01 02:09:00.000000000,7.863504016276233,54.93032968835278,9753.6,27448.480002484983,218.5326,0.5416657239181663,0.9002725682321114,1.0,0.0,0.0,13.799998359184581
NW300_FL320,2022-03-01 02:10:00.000000000,8.078909613694025,54.93970734956771,9753.6,27448.480002484983,218.65698,0.49364427179179476,0.8197202658790402,1.0,0.0,0.0,13.800019524346945
NW300_FL320,2022-03-01 02:11:00.000000000,8.294439602046854,54.94849485749177,9753.6,27448.480002484983,218.78088,0.4542347607014464,0.7536017237262286,1.0,0.0,0.0,13.799987344744515
NW300_FL320,2022-03-01 02:12:00.000000000,8.51008135994762,54.95672549342708,9753.6,27448.480002484983,218.89836,0.4193030569358372,0.6950537002586066,1.0,0.0,0.0,13.799962217577544
NW300_FL320,2022-03-01 02:13:00.000000000,8.725825342473327,54.96442143190606,9753.6,27448.480002484983,218.99332,0.39948711679237553,0.6617467804705874,1.0,0.0,0.0,13.800030591944905
NW300_FL320,2022-03-01 02:14:00.000000000,8.941665815844612,54.97158610280672,9753.6,27448.480002484983,219.07819,0.3833930561127075,0.6346939152025295,1.0,0.0,0.0,13.800003074592663
NW300_FL320,2022-03-01 02:15:00.000000000,9.157590658160426,54.97826150894907,9753.6,27448.480002484983,219.14764,0.3710355706233603,0.6139239213281216,1.0,0.0,0.0,13.799979693093027
NW300_FL320,2022-03-01 02:16:00.000000000,9.373592057318856,54.984470163858454,9753.6,27448.480002484983,219.20143,0.360565714316407,0.5963654312966592,1.0,0.0,0.0,13.799998894018712
NW300_FL320,2022-03-01 02:17:00.000000000,9.58966406355943,54.990225655978996,9753.6,27448.480002484983,219.23828,0.3516339102609279,0.5814364723012204,1.0,0.0,0.0,13.800013114578606
NW300_FL320,2022-03-01 02:18:00.000000000,9.805799607243536,54.995551318891,9753.6,27448.480002484983,219.2634,0.343472426294802,0.5678358433897877,1.0,0.0,0.0,12.396422411584279
NW300_FL320,2022-03-01 02:18:53.897617080,9.999999999999996,55.0,9753.6,27448.480002484983,219.28717,0.3350870361272941,0.5538752699187283,1.0,0.0,0.0,0.0
SE300_FL330,2022-03-01 00:00:00.000000000,-10.000000000000002,45.00000000000001,10058.4,26200.382022635047,216.48128,0.704215650854562,1.1875518593467234,1.0,1.0,1.0,13.800115027908165
SE300_FL330,2022-03-01 00:01:00.000000000,-9.832634228109365,45.0374989777726,10058.4,26200.382022635047,216.5359,0.7093944787133393,1.195831753805545,1.0,1.0,1.0,13.800020549916326
SE300_FL330,2022-03-01 00:02:00.000000000,-9.665061957945106,45.074778023133646,10058.4,26200.382022635047,216.60646,0.7164870286606393,1.207195127563842,1.0,1.0,1.0,13.799927543731021
SE300_FL330,2022-03-01 00:03:00.000000000,-9.497293172355167,45.111857647020635,10058.4,26200.382022635047,216.68642,0.7248809787652244,1.220661478482291,1.0,1.0,1.0,13.800010362739226
SE300_FL330,2022-03-01 00:04:00.000000000,-9.329333869699752,45.148755048499964,10058.4,26200.382022635047,216.75926,0.7327261140649217,1.2332464399887504,1.0,1.0,1.0,13.8000625389665
SE300_FL330,2022-03-01 00:05:00.000000000,-9.161195059406664,45.18549293097829,10058.4,26200.382022635047,216.82611,0.7397624490083904,1.2445107079649127,1.0,1.0,1.0,13.799971646306037
SE300_FL330,2022-03-01 00:06:00.000000000,-8.992889620285059,45.222095268527376,10058.4,26200.382022635047,216.88116,0.7479740174815849,1.2578390093566363,1.0,1.0,1.0,13.799899873840282
SE300_FL330,2022-03-01 00:07:00.000000000,-8.824426642306625,45.25858271091628,10058.4,26200.382022635047,216.9255,0.7464273580534767,1.254849117336198,1.0,1.0,1.0,13.800105239252431
SE300_FL330,2022-03-01 00:08:00.000000000,-8.65581080706178,45.2949740113112,10058.4,26200.382022635047,216.9867,0.7347900882825262,1.2347541998874387,1.0,1.0,1.0,13.80001760658135
SE300_FL330,2022-03-01 00:09:00.000000000,-8.487057177228046,45.3312945416673,10058.4,26200.382022635047,217.03772,0.7228093301152392,1.2141885682228348,1.0,1.0,1.0,13.79993231818943
SE300_FL330,2022-03-01 00:10:00.000000000,-8.31817494269894,45.36756551489382,10058.4,26200.382022635047,217.07793,0.7123232528640165,1.1962363458465204,1.0,1.0,1.0,13.799993838825486
SE300_FL330,2022-03-01 00:11:00.000000000,-8.149171301625014,45.4038082101483,10058.4,26200.382022635047,217.11865,0.7008173643374714,1.1765778434093224,1.0,1.0,1.0,13.80006634186223
SE300_FL330,2022-03-01 00:12:00.000000000,-7.980055881015995,45.44004548033964,10058.4,26200.382022635047,217.15828,0.6901830560754879,1.1584007032912647,1.0,1.0,1.0,13.799985579438726
SE300_FL330,2022-03-01 00:13:00.000000000,-7.81084018030542,45.47629954581915,10058.4,26200.382022635047,217.17381,0.6903180403059733,1.1585012250178333,1.0,1.0,1.0,13.799907812990368
SE300_FL330,2022-03-01 00:14:00.000000000,-7.64153340621131,45.51259224345501,10058.4,26200.382022635047,217.20378,0.6872031213510904,1.1530315189899418,1.0,1.0,1.0,13.80005343805641
SE300_FL330,2022-03-01 00:15:00.000000000,-7.472142889633564,45.54894792999821,10058.4,26200.382022635047,217.24408,0.6834025369665003,1.1463309772140025,1.0,1.0,1.0,13.800042769194542
SE300_FL330,2022-03-01 00:16:00.000000000,-7.30268005570596,45.58538865893594,10058.4,26200.382022635047,217.30211,0.6895567726502403,1.1561802825775775,1.0,1.0,1.0,13.799970371522296
SE300_FL330,2022-03-01 00:17:00.000000000,-7.133155014811902,45.621936316925805,10058.4,26200.382022635047,217.37355,0.6939365391203698,1.1629373377613559,1.0,1.0,1.0,13.799901682232836
SE300_FL330,2022-03-01 00:18:00.000000000,-6.963577350434745,45.65861348889645,10058.4,26200.382022635047,217.44669,0.6986665912027878,1.1702604900755236,1.0,1.0,1.0,13.800065477575464
SE300_FL330,2022-03-01 00:19:00.000000000,-6.793955919788455,45.69544792952469,10058.4,26200.382022635047,217.52771,0.703049280498578,1.1769261327231133,1.0,1.0,1.0,13.80003693342804
SE300_FL330,2022-03-01 00:20:00.000000000,-6.62430206827496,45.732459891422764,10058.4,26200.382022635047,217.59145,0.7088734720464517,1.1861405958292803,1.0,1.0,1.0,13.799973816594894
SE300_FL330,2022-03-01 00:21:00.000000000,-6.454626108496878,45.76967183596835,10058.4,26200.382022635047,217.64645,0.7131934371247679,1.1929040168361429,1.0,1.0,1.0,13.79991501954183
SE300_FL330,2022-03-01 00:22:00.000000000,-6.284938381864701,45.807107160064675,10058.4,26200.382022635047,217.68079,0.7174986521292348,1.1998112577613071,1.0,1.0,1.0,13.80001310806428
SE300_FL330,2022-03-01 00:23:00.000000000,-6.1152496770827875,45.84479442806904,10058.4,26200.382022635047,217.71832,0.7185975881046583,1.201332813212876,1.0,1.0,1.0,13.80004905320983
SE300_FL330,2022-03-01 00:24:00.000000000,-5.945571349662257,45.8827565001216,10058.4,26200.382022635047,217.75238,0.7173217482172031,1.1989090815131462,1.0,1.0,1.0,13.799995207272767
SE300_FL330,2022-03-01 00:25:00.000000000,-5.775914582343945,45.92101460539857,10058.4,26200.382022635047,217.7706,0.7138609926761688,1.1929659299295055,1.0,1.0,1.0,13.799946018066104
SE300_FL330,2022-03-01 00:26:00.000000000,-5.606290874535937,45.959592928785845,10058.4,26200.382022635047,217.7825,0.706160279879662,1.179997817701874,1.0,1.0,1.0,13.799901826521442
SE300_FL330,2022-03-01 00:27:00.000000000,-5.436712081951,45.99851585627959,10058.4,26200.382022635047,217.79039,0.6980281826663659,1.1663444454361924,1.0,1.0,1.0,13.800049850384529
SE300_FL330,2022-03-01 00:28:00.000000000,-5.267191966322243,46.03781647078147,10058.4,26200.382022635047,217.77818,0.6894380139332811,1.1520891539415536,1.0,1.0,1.0,13.800031588333269
SE300_FL330,2022-03-01 00:29:00.000000000,-5.097742422824589,46.07751300401981,10058.4,26200.382022635047,217.74687,0.6827257560009915,1.1411295802265613,1.0,1.0,1.0,13.799990478669388
SE300_FL330,2022-03-01 00:30:00.000000000,-4.92837633795386,46.11762914151849,10058.4,26200.382022635047,217.71211,0.6751918243542417,1.1288172913484018,1.0,1.0,1.0,13.7999541838252
SE300_FL330,2022-03-01 00:31:00.000000000,-4.759107233713054,46.158189859635726,10058.4,26200.382022635047,217.67699,0.6650541745210533,1.1121461189915713,1.0,1.0,1.0,13.799922890616976
SE300_FL330,2022-03-01 00:32:00.000000000,-4.589949114555786,46.19922026051813,10058.4,26200.382022635047,217.6439,0.6468657666553159,1.081982062727788,1.0,1.0,1.0,13.799929959565615
SE300_FL330,2022-03-01 00:33:00.000000000,-4.420917005638568,46.24074744997757,10058.4,26200.382022635047,217.5953,0.6329293955246699,1.0590372563257084,1.0,1.0,1.0,13.800043955541087
SE300_FL330,2022-03-01 00:34:00.000000000,-4.252027880874641,46.28280309951133,10058.4,26200.382022635047,217.52223,0.6218916753850433,1.0411086246633696,1.0,1.0,1.0,13.80001263583261
SE300_FL330,2022-03-01 00:35:00.000000000,-4.083295312513981,46.32540456469928,10058.4,26200.382022635047,217.44664,0.6137618022289715,1.028046042387489,1.0,1.0,1.0,13.79998555573942
SE300_FL330,2022-03-01 00:36:00.000000000,-3.914735435139302,46.3685770941835,10058.4,26200.382022635047,217.36873,0.6063812948157816,1.0162431568687675,1.0,1.0,1.0,13.799962706248108
SE300_FL330,2022-03-01 00:37:00.000000000,-3.7463649709978815,46.41234591653959,10058.4,26200.382022635047,217.2905,0.6005202259839768,1.0069754570844676,1.0,1.0,1.0,13.799944029141807
SE300_FL330,2022-03-01 00:38:00.000000000,-3.578201246424688,46.45673620162743,10058.4,26200.382022635047,217.22806,0.6199850173132397,1.04007164694053,1.0,1.0,1.0,13.799929415534166
SE300_FL330,2022-03-01 00:39:00.000000000,-3.41026220591334,46.50177301855226,10058.4,26200.382022635047,217.17009,0.6359809751824219,1.067339186556943,1.0,1.0,1.0,13.79991870565744
SE300_FL330,2022-03-01 00:40:00.000000000,-3.2425664234872786,46.54748129024899,10058.4,26200.382022635047,217.11647,0.6466270099828368,1.0856173395560877,1.0,1.0,1.0,13.799922852412047
SE300_FL330,2022-03-01 00:41:00.000000000,-3.0751334306903266,46.59388656047466,10058.4,26200.382022635047,217.07645,0.6474401807818124,1.0872902056655944,1.0,1.0,1.0,13.800008407530912
SE300_FL330,2022-03-01 00:42:00.000000000,-2.907985546322268,46.641019270999685,10058.4,26200.382022635047,217.05286,0.6470979408758506,1.0868928644179263,1.0,1.0,1.0,13.79999152577942
SE300_FL330,2022-03-01 00:43:00.000000000,-2.74114057917694,46.68889649733604,10058.4,26200.382022635047,217.03596,0.6458151992710314,1.08486719512576,1.0,1.0,1.0,13.799977274791766
SE300_FL330,2022-03-01 00:44:00.000000000,-2.5746196225871447,46.73754198383629,10058.4,26200.382022635047,217.04037,0.6463579713906777,1.0857444801572615,1.0,1.0,1.0,13.799965416219916
SE300_FL330,2022-03-01 00:45:00.000000000,-2.4084444011529893,46.78697905887585,10058.4,26200.382022635047,217.05028,0.647881908986949,1.0882290187401547,1.0,1.0,1.0,13.799955690405685
SE300_FL330,2022-03-01 00:46:00.000000000,-2.24263725835525,46.83723057208739,10058.4,26200.382022635047,217.05978,0.6501940929394839,1.0920412488034905,1.0,1.0,1.0,13.799947822412035
SE300_FL330,2022-03-01 00:47:00.000000000,-2.077221138921509,46.88831882936984,10058.4,26200.382022635047,217.0728,0.653835339902172,1.0980557782709541,1.0,1.0,1.0,13.799941528604728
SE300_FL330,2022-03-01 00:48:00.000000000,-1.9122195656143586,46.94026552601405,10058.4,26200.382022635047,217.0667,0.6598236924204516,1.1081601786065796,1.0,1.0,1.0,13.799936523592704
SE300_FL330,2022-03-01 00:49:00.000000000,-1.747656610142675,46.99309167833649,10058.4,26200.382022635047,217.04689,0.6692052263631119,1.1240704665661436,1.0,1.0,1.0,13.799932527317191
SE300_FL330,2022-03-01 00:50:00.000000000,-1.5835568579366146,47.046817554258936,10058.4,26200.382022635047,217.03932,0.6796147110775322,1.1416211582415703,1.0,1.0,1.0,13.799929272076493
SE300_FL330,2022-03-01 00:51:00.000000000,-1.41994536657518,47.10146260331857,10058.4,26200.382022635047,217.0348,0.6906877206971535,1.1602547642431043,1.0,1.0,1.0,13.799926509251202
SE300_FL330,2022-03-01 00:52:00.000000000,-1.2568476177121715,47.15704538663485,10058.4,26200.382022635047,217.03679,0.7035364890232969,1.181821828845527,1.0,1.0,1.0,13.799924015512413
SE300_FL330,2022-03-01 00:53:00.000000000,-1.0942894624114776,47.21358350739827,10058.4,26200.382022635047,217.05956,0.7010733712936253,1.1774976241080195,1.0,1.0,1.0,13.799921598299676
SE300_FL330,2022-03-01 00:54:00.000000000,-0.9322970598757382,47.27109354247939,10058.4,26200.382022635047,217.08002,0.6951012830056541,1.1672968846313174,1.0,1.0,1.0,13.799919100366923
SE300_FL330,2022-03-01 00:55:00.000000000,-0.7708968096326502,47.329590975783,10058.4,26200.382022635047,217.09576,0.6820754214285567,1.1452974831740337,1.0,1.0,1.0,13.799916403229442
SE300_FL330,2022-03-01 00:56:00.000000000,-0.6101152773294826,47.38909013399148,10058.4,26200.382022635047,217.08751,0.6546001585132053,1.0992254869594598,1.0,1.0,1.0,13.79991342938298
SE300_FL330,2022-03-01 00:57:00.000000000,-0.4499791143776922,47.44960412535214,10058.4,26200.382022635047,217.0681,0.632020810124443,1.0614546780985654,1.0,1.0,1.0,13.79991014318596
SE300_FL330,2022-03-01 00:58:00.000000000,-0.2905149717839815,47.51114478216384,10058.4,26200.382022635047,217.02097,0.6201088377031732,1.041793504574931,1.0,1.0,1.0,13.799906550367
SE300_FL330,2022-03-01 00:59:00.000000000,-0.1317494086006752,47.57372260760951,10058.4,26200.382022635047,216.96568,0.621475569734713,1.0444949230067662,1.0,1.0,1.0,13.799902696148978
SE300_FL330,2022-03-01 01:00:00.000000000,0.026291204476382772,47.63734672756016,10058.4,26200.382022635047,216.90132,0.6291613178993488,1.0578878965041132,1.0,1.0,1.0,13.799898662049376
SE300_FL330,2022-03-01 01:01:00.000000000,0.1835807857402945,47.702024847945545,10058.4,26200.382022635047,216.7961,0.6538002649205911,1.1001251184205731,1.0,1.0,1.0,13.799894561448786
SE300_FL330,2022-03-01 01:02:00.000000000,0.3400936466257237,47.767763218243296,10058.4,26200.382022635047,216.70113,0.6702808663613973,1.1286025756215825,1.0,1.0,1.0,13.799890534083259
SE300_FL330,2022-03-01 01:03:00.000000000,0.4958045985892688,47.834566601585344,10058.4,26200.382022635047,216.61787,0.6761369205115365,1.139123724688072,1.0,1.0,1.0,13.799886739660096
SE300_FL330,2022-03-01 01:04:00.000000000,0.6506890618532523,47.90243825191635,10058.4,26200.382022635047,216.54875,0.6902169487872304,1.1634018272785753,1.0,1.0,1.0,13.799883350808148
SE300_FL330,2022-03-01 01:05:00.000000000,0.8047231750871445,47.97137989856527,10058.4,26200.382022635047,216.49121,0.6979177722177421,1.1768514534270227,1.0,1.0,1.0,13.799880545640207
SE300_FL330,2022-03-01 01:06:00.000000000,0.9578839050532617,48.04139173850947,10058.4,26200.382022635047,216.45207,0.7003346379381263,1.1812477472862364,1.0,1.0,1.0,13.799880297337754
SE300_FL330,2022-03-01 01:07:00.000000000,1.1101490175689515,48.11247259658721,10058.4,26200.382022635047,216.41801,0.699976024394375,1.1809192077667128,1.0,1.0,1.0,13.799955765457092
SE300_FL330,2022-03-01 01:08:00.000000000,1.2614916109520389,48.18462623408982,10058.4,26200.382022635047,216.384,0.7033347266899411,1.1868663774128874,1.0,1.0,1.0,13.799946076537669
SE300_FL330,2022-03-01 01:09:00.000000000,1.4118974565169005,48.25784150407756,10058.4,26200.382022635047,216.34956,0.6949414663819728,1.1729812793278935,1.0,1.0,1.0,13.799936769163452
SE300_FL330,2022-03-01 01:10:00.000000000,1.5613479605795775,48.33211247748483,10058.4,26200.382022635047,216.32277,0.6864571722720075,1.1588754202496447,1.0,1.0,1.0,13.799928078960882
SE300_FL330,2022-03-01 01:11:00.000000000,1.7098258754552036,48.40743177483138,10058.4,26200.382022635047,216.29857,0.6787979354237513,1.1461358969010176,1.0,1.0,1.0,13.799920213907653
SE300_FL330,2022-03-01 01:12:00.000000000,1.8573153869251047,48.48379060616857,10058.4,26200.382022635047,216.27318,0.6697152485798652,1.1309993627445616,1.0,1.0,1.0,13.799913349084349
SE300_FL330,2022-03-01 01:13:00.000000000,2.00380219478423,48.561178817972646,10058.4,26200.382022635047,216.2504,0.6595039124038218,1.1139292272697257,1.0,1.0,1.0,13.799907622724088
SE300_FL330,2022-03-01 01:14:00.000000000,2.1492735857235448,48.63958494650445,10058.4,26200.382022635047,216.27934,0.6509684258261925,1.0992934294289547,1.0,1.0,1.0,13.79990313363142
SE300_FL330,2022-03-01 01:15:00.000000000,2.2937184979011707,48.71899627708127,10058.4,26200.382022635047,216.30261,0.6429476001929879,1.0855742434400018,1.0,1.0,1.0,13.799899939990695
SE300_FL330,2022-03-01 01:16:00.000000000,2.437127576666514,48.79939890864313,10058.4,26200.382022635047,216.33383,0.6330636236090532,1.068654300933034,1.0,1.0,1.0,13.799898059510873
SE300_FL330,2022-03-01 01:17:00.000000000,2.57949322101926,48.88077782294388,10058.4,26200.382022635047,216.37695,0.6206206886497142,1.047337291008492,1.0,1.0,1.0,13.799897470818289
SE300_FL330,2022-03-01 01:18:00.000000000,2.7208096205090637,48.96311695765744,10058.4,26200.382022635047,216.43358,0.6051086656241946,1.0207604120234048,1.0,1.0,1.0,13.799898115948379
SE300_FL330,2022-03-01 01:19:00.000000000,2.8610727824072804,49.04639928266274,10058.4,26200.382022635047,216.47885,0.5923946308859901,0.9990004667725424,1.0,0.0,0.0,13.799899903772648
SE300_FL330,2022-03-01 01:20:00.000000000,3.0002805491083504,49.13060687875635,10058.4,26200.382022635047,216.51439,0.5847203941425517,0.9858153061400898,1.0,0.0,0.0,13.799902714140295
SE300_FL330,2022-03-01 01:21:00.000000000,3.1384326058413183,49.21572101804042,10058.4,26200.382022635047,216.53905,0.5816575666616373,0.980485110456971,1.0,0.0,0.0,13.799906402511214
SE300_FL330,2022-03-01 01:22:00.000000000,3.275530478889779,49.30172224524366,10058.4,26200.382022635047,216.54779,0.5824177792038747,0.9817048840123896,1.0,0.0,0.0,13.799910804862314
SE300_FL330,2022-03-01 01:23:00.000000000,3.411577524628558,49.38859045925548,10058.4,26200.382022635047,216.52614,0.5858002333894038,0.987554557868787,1.0,0.0,0.0,13.799915742621737
SE300_FL330,2022-03-01 01:24:00.000000000,3.546578909786857,49.47630499418438,10058.4,26200.382022635047,216.50197,0.5889075009168232,0.9929598211034536,1.0,0.0,0.0,13.799921027431493
SE300_FL330,2022-03-01 01:25:00.000000000,3.6805415834364057,49.56484469929377,10058.4,26200.382022635047,216.48016,0.5881019969195241,0.9917520830701047,1.0,0.0,0.0,13.799926465539238
SE300_FL330,2022-03-01 01:26:00.000000000,3.813474241281341,49.65418801721622,10058.4,26200.382022635047,216.45413,0.5908123324424395,0.9965028736484073,1.0,0.0,0.0,13.799931861647412
SE300_FL330,2022-03-01 01:27:00.000000000,3.945387282890515,49.74431305990206,10058.4,26200.382022635047,216.42596,0.5958159625884676,1.005136281755956,1.0,1.0,1.0,13.799937022113916
SE300_FL330,2022-03-01 01:28:00.000000000,4.076292762563807,49.83519768181777,10058.4,26200.382022635047,216.4156,0.594485924279823,1.0029680812084896,1.0,1.0,1.0,13.799941757380292
SE300_FL330,2022-03-01 01:29:00.000000000,4.206204334561293,49.92681954997152,10058.4,26200.382022635047,216.4116,0.5916646666824337,0.9982365472767722,1.0,0.0,0.0,13.799945883601017
SE300_FL330,2022-03-01 01:30:00.000000000,4.335137193447722,50.01915621040786,10058.4,26200.382022635047,216.40758,0.5904297210131155,0.99617920663026,1.0,0.0,0.0,13.799949223437263
SE300_FL330,2022-03-01 01:31:00.000000000,4.463108010316069,50.1121851508771,10058.4,26200.382022635047,216.40742,0.5837628077438305,0.9849314675750077,1.0,0.0,0.0,13.79995160605297
SE300_FL330,2022-03-01 01:32:00.000000000,4.590134865652553,50.20588385944899,10058.4,26200.382022635047,216.4095,0.5783469400919915,0.9757793977436443,1.0,0.0,0.0,13.799952866356099
SE300_FL330,2022-03-01 01:33:00.000000000,4.716237179594008,50.300229878900765,10058.4,26200.382022635047,216.41435,0.5750381745515784,0.9701635300532906,1.0,0.0,0.0,13.799952843577072
SE300_FL330,2022-03-01 01:34:00.000000000,4.841435640306324,50.39520085676857,10058.4,26200.382022635047,216.43149,0.574403231932228,0.9689776186819544,1.0,0.0,0.0,13.799951379286926
SE300_FL330,2022-03-01 01:35:00.000000000,4.965752131182763,50.49077459100485,10058.4,26200.382022635047,216.45143,0.575430996243858,0.9705769648010187,1.0,0.0,0.0,13.799948314979101
SE300_FL330,2022-03-01 01:36:00.000000000,5.08920965752353,50.58692907123493,10058.4,26200.382022635047,216.4708,0.5804313519936575,0.978879508830349,1.0,0.0,0.0,13.7999434893709
SE300_FL330,2022-03-01 01:37:00.000000000,5.211832273314692,50.683642515650746,10058.4,26200.382022635047,216.49147,0.5898304606260417,0.9945880987699507,1.0,0.0,0.0,13.799936735540259
SE300_FL330,2022-03-01 01:38:00.000000000,5.333645008677116,50.78089340361986,10058.4,26200.382022635047,216.51534,0.6009871123141486,1.013235043711164,1.0,1.0,1.0,13.79992787807843
SE300_FL330,2022-03-01 01:39:00.000000000,5.454673798505399,50.87866050412251,10058.4,26200.382022635047,216.54259,0.6137712241972094,1.0345923358258549,1.0,1.0,1.0,13.799916730378694
SE300_FL330,2022-03-01 01:40:00.000000000,5.574945412764155,50.97692290015904,10058.4,26200.382022635047,216.56834,0.6256666529050958,1.0544548724824667,1.0,1.0,1.0,13.799909146879337
SE300_FL330,2022-03-01 01:41:00.000000000,5.69448698268002,51.07566027243519,10058.4,26200.382022635047,216.58792,0.6335705317926755,1.067629960402211,1.0,1.0,1.0,13.800036502008268
SE300_FL330,2022-03-01 01:42:00.000000000,5.813317860079042,51.17485813030892,10058.4,26200.382022635047,216.60739,0.6278797752145256,1.0578971440300855,1.0,1.0,1.0,13.800019343694286
SE300_FL330,2022-03-01 01:43:00.000000000,5.931476383526231,51.274490485820074,10058.4,26200.382022635047,216.62404,0.6164833165107558,1.038578184270597,1.0,1.0,1.0,13.799999557176893
SE300_FL330,2022-03-01 01:44:00.000000000,6.048992146742065,51.37453779717241,10058.4,26200.382022635047,216.63675,0.6086633200422037,1.0253101914760798,1.0,1.0,1.0,13.799976952886416
SE300_FL330,2022-03-01 01:45:00.000000000,6.16589527157801,51.47498090580639,10058.4,26200.382022635047,216.64992,0.600099865974885,1.0107933457577432,1.0,1.0,1.0,13.799951314976644
SE300_FL330,2022-03-01 01:46:00.000000000,6.282216354420901,51.575801040761654,10058.4,26200.382022635047,216.66309,0.5923091845820493,0.997580554514929,1.0,0.0,0.0,13.799922401731491
SE300_FL330,2022-03-01 01:47:00.000000000,6.397986416102225,51.67697982039795,10058.4,26200.382022635047,216.6859,0.5808545179073022,0.9781316765691545,1.0,0.0,0.0,13.799896422178843
SE300_FL330,2022-03-01 01:48:00.000000000,6.513236540852692,51.77849945999789,10058.4,26200.382022635047,216.71109,0.5690118681851033,0.9580210843681345,1.0,0.0,0.0,13.800070683038491
SE300_FL330,2022-03-01 01:49:00.000000000,6.627989237000202,51.88034855874178,10058.4,26200.382022635047,216.72961,0.55281028589128,0.930622872096585,1.0,0.0,0.0,13.800033136164926
SE300_FL330,2022-03-01 01:50:00.000000000,6.7422871098143675,51.982503017475295,10058.4,26200.382022635047,216.75214,0.5360289081493738,0.9022304352788721,1.0,0.0,0.0,13.79999217680041
SE300_FL330,2022-03-01 01:51:00.000000000,6.85616260126879,52.08494594286698,10058.4,26200.382022635047,216.7737,0.5044132507818156,0.8488905644846725,1.0,0.0,0.0,13.799947488517821
SE300_FL330,2022-03-01 01:52:00.000000000,6.9696483812259675,52.187660808917485,10058.4,26200.382022635047,216.79652,0.4690900498528632,0.7893177492996076,1.0,0.0,0.0,13.799898737232269
SE300_FL330,2022-03-01 01:53:00.000000000,7.082777318490884,52.29063144711092,10058.4,26200.382022635047,216.80347,0.43974778168090584,0.7399082553425506,1.0,0.0,0.0,13.800030398716745
SE300_FL330,2022-03-01 01:54:00.000000000,7.19557701404532,52.39384625576109,10058.4,26200.382022635047,216.80916,0.4145837146708717,0.6975401829362088,1.0,0.0,0.0,13.800054345163323
SE300_FL330,2022-03-01 01:55:00.000000000,7.308085257117626,52.49728673117904,10058.4,26200.382022635047,216.81577,0.38928738803612634,0.6549482274298838,1.0,0.0,0.0,13.799996740891372
SE300_FL330,2022-03-01 01:56:00.000000000,7.420338038484323,52.60093580787837,10058.4,26200.382022635047,216.81053,0.37271828016276765,0.6270959251075532,1.0,0.0,0.0,13.799934836100903
SE300_FL330,2022-03-01 01:57:00.000000000,7.532368946100369,52.70477859337681,10058.4,26200.382022635047,216.80411,0.3586508884575248,0.6034530446061096,1.0,0.0,0.0,13.7999107047655
SE300_FL330,2022-03-01 01:58:00.000000000,7.644210999091989,52.80880120769993,10058.4,26200.382022635047,216.80104,0.34860989158850264,0.5865726090539596,1.0,0.0,0.0,13.80009727987662
SE300_FL330,2022-03-01 01:59:00.000000000,7.755895885982359,52.912992453617406,10058.4,26200.382022635047,216.80042,0.33920579607630946,0.570751277814983,1.0,0.0,0.0,13.800026839405156
SE300_FL330,2022-03-01 02:00:00.000000000,7.867462507785084,53.01733360209722,10058.4,26200.382022635047,216.78511,0.34067014422158365,0.5732764724963465,1.0,0.0,0.0,13.799951817325509
SE300_FL330,2022-03-01 02:01:00.000000000,7.97894493915904,53.12181080944994,10058.4,26200.382022635047,216.78273,0.34018965850732813,0.5724770446121904,1.0,0.0,0.0,13.799878948745755
SE300_FL330,2022-03-01 02:02:00.000000000,8.090377316599858,53.22641053966239,10058.4,26200.382022635047,216.78389,0.3420358923916153,0.5755795395941851,1.0,0.0,0.0,13.80011613732471
SE300_FL330,2022-03-01 02:03:00.000000000,8.201794722995709,53.33112242122278,10058.4,26200.382022635047,216.78395,0.34548342144865574,0.581379752373309,1.0,0.0,0.0,13.800033244616367
SE300_FL330,2022-03-01 02:04:00.000000000,8.313233280726271,53.43592919842136,10058.4,26200.382022635047,216.78706,0.34948411390408723,0.5881005308386343,1.0,0.0,0.0,13.799945514347323
SE300_FL330,2022-03-01 02:05:00.000000000,8.42472747485294,53.54081781028977,10058.4,26200.382022635047,216.79778,0.34992856222837754,0.5888036242293396,1.0,0.0,0.0,13.799915365810826
SE300_FL330,2022-03-01 02:06:00.000000000,8.536312692536393,53.64577571103455,10058.4,26200.382022635047,216.80727,0.34850637561038716,0.5863715059450982,1.0,0.0,0.0,13.80011004309586
SE300_FL330,2022-03-01 02:07:00.000000000,8.648028278660536,53.750790832795516,10058.4,26200.382022635047,216.80836,0.35275974407256755,0.5935235835640057,1.0,0.0,0.0,13.800015304799869
SE300_FL330,2022-03-01 02:08:00.000000000,8.759906477778147,53.85584845500265,10058.4,26200.382022635047,216.81248,0.35353105935662005,0.5948043033599917,1.0,0.0,0.0,13.79991564313486
SE300_FL330,2022-03-01 02:09:00.000000000,8.871982232889263,53.96093601106962,10058.4,26200.382022635047,216.8286,0.35172651413936606,0.5917029325448979,1.0,0.0,0.0,13.800004103946796
SE300_FL330,2022-03-01 02:10:00.000000000,8.984295963690094,54.06604108818969,10058.4,26200.382022635047,216.8355,0.35159192260044514,0.591446181873881,1.0,0.0,0.0,13.800080631551038
SE300_FL330,2022-03-01 02:11:00.000000000,9.096884905918607,54.17115044521283,10058.4,26200.382022635047,216.83043,0.3546663946054376,0.5966404377968032,1.0,0.0,0.0,13.799975069909443
SE300_FL330,2022-03-01 02:12:00.000000000,9.20978021803311,54.27625136209472,10058.4,26200.382022635047,216.84152,0.35281136450864997,0.59347443622224,1.0,0.0,0.0,13.799864842324851
SE300_FL330,2022-03-01 02:13:00.000000000,9.323017438348389,54.38133146507345,10058.4,26200.382022635047,216.82967,0.35608293058074975,0.5990261740943552,1.0,0.0,0.0,13.800132173225244
SE300_FL330,2022-03-01 02:14:00.000000000,9.436648363691544,54.48637655428334,10058.4,26200.382022635047,216.82056,0.35827908616293147,0.6027596307957468,1.0,0.0,0.0,13.800031613689772
SE300_FL330,2022-03-01 02:15:00.000000000,9.550696513269713,54.59137491446518,10058.4,26200.382022635047,216.81331,0.35821653590361624,0.6026838010269315,1.0,0.0,0.0,13.799916973248944
SE300_FL330,2022-03-01 02:16:00.000000000,9.665197626195663,54.69631414251662,10058.4,26200.382022635047,216.81207,0.3555666810646211,0.5982312603279827,1.0,0.0,0.0,13.800000285525412
SE300_FL330,2022-03-01 02:17:00.000000000,9.780198569347377,54.80118004346924,10058.4,26200.382022635047,216.8001,0.3568693676794585,0.6004726292491844,1.0,0.0,0.0,13.800086698051244
SE300_FL330,2022-03-01 02:18:00.000000000,9.895738483326229,54.90595917369293,10058.4,26200.382022635047,216.77725,0.36064802699157905,0.6069282324593899,1.0,0.0,0.0,12.396279145510631
SE300_FL330,2022-03-01 02:18:53.897617080,10.0,55.0,10058.4,26200.382022635047,216.77946,0.3554505723427351,0.5981737730148635,1.0,0.0,0.0,0.0
SE150_FL330,2022-03-01 00:00:00.000000000,-10.000000000000002,45.00000000000001,10058.4,26200.382022635047,216.48128,0.704215650854562,1.1875518593467234,1.0,1.0,1.0,13.800025280721622
SE150_FL330,2022-03-01 00:01:00.000000000,-9.848780362463852,45.06309802296491,10058.4,26200.382022635047,216.51784,0.7082456591790535,1.194044930968541,1.0,1.0,1.0,13.800023124170625
SE150_FL330,2022-03-01 00:02:00.000000000,-9.69723892593266,45.12601025046198,10058.4,26200.382022635047,216.56929,0.7141686367117029,1.2036019024023497,1.0,1.0,1.0,13.800020919334957
SE150_FL330,2022-03-01 00:03:00.000000000,-9.545386915730079,45.18874995403247,10058.4,26200.382022635047,216.63055,0.7219738950810017,1.216237243520463,1.0,1.0,1.0,13.80001868361511
SE150_FL330,2022-03-01 00:04:00.000000000,-9.393235477429094,45.251330452726556,10058.4,26200.382022635047,216.68636,0.7293261536833896,1.2281462886772232,1.0,1.0,1.0,13.800016434639819
SE150_FL330,2022-03-01 00:05:00.000000000,-9.240795680594678,45.31376510728148,10058.4,26200.382022635047,216.74968,0.732443481925382,1.232853987908966,1.0,1.0,1.0,13.800014190107833
SE150_FL330,2022-03-01 00:06:00.000000000,-9.088078522618359,45.376067314269825,10058.4,26200.382022635047,216.79599,0.7377209712991657,1.24133557410353,1.0,1.0,1.0,13.800011967625645
SE150_FL330,2022-03-01 00:07:00.000000000,-8.935094932619785,45.43825050019791,10058.4,26200.382022635047,216.83551,0.7391449575410193,1.243388409141248,1.0,1.0,1.0,13.800009784533726
SE150_FL330,2022-03-01 00:08:00.000000000,-8.78185577539008,45.500328115534025,10058.4,26200.382022635047,216.8651,0.7365781537543629,1.238815628827219,1.0,1.0,1.0,13.80000765772226
SE150_FL330,2022-03-01 00:09:00.000000000,-8.628371855351828,45.56231362864651,10058.4,26200.382022635047,216.87119,0.7312175496480167,1.2297468475026136,1.0,1.0,1.0,13.80000560344844
SE150_FL330,2022-03-01 00:10:00.000000000,-8.474653920510518,45.62422051963216,10058.4,26200.382022635047,216.87419,0.7254879257677483,1.2200832088897555,1.0,1.0,1.0,13.800003637143645
SE150_FL330,2022-03-01 00:11:00.000000000,-8.320712666371875,45.68606227401563,10058.4,26200.382022635047,216.86426,0.7197684926136412,1.210551782273743,1.0,1.0,1.0,13.800001773220872
SE150_FL330,2022-03-01 00:12:00.000000000,-8.166558739799713,45.74785237630135,10058.4,26200.382022635047,216.82755,0.7194623439368405,1.210346867553984,1.0,1.0,1.0,13.800000024891407
SE150_FL330,2022-03-01 00:13:00.000000000,-8.012202742788062,45.80960430335971,10058.4,26200.382022635047,216.78474,0.7159455584409077,1.2047899527656747,1.0,1.0,1.0,13.79999840397277
SE150_FL330,2022-03-01 00:14:00.000000000,-7.857655236121768,45.87133151763049,10058.4,26200.382022635047,216.76497,0.7131634861186741,1.2002731520665433,1.0,1.0,1.0,13.799996920709697
SE150_FL330,2022-03-01 00:15:00.000000000,-7.702926742899029,45.933047460127014,10058.4,26200.382022635047,216.74008,0.715923467285468,1.2051285150892703,1.0,1.0,1.0,13.799995583611501
SE150_FL330,2022-03-01 00:16:00.000000000,-7.548027751889124,45.99476554322603,10058.4,26200.382022635047,216.72487,0.7224433525854561,1.2162293937446993,1.0,1.0,1.0,13.799994399289552
SE150_FL330,2022-03-01 00:17:00.000000000,-7.392968720698455,46.05649914322893,10058.4,26200.382022635047,216.78065,0.7218079742776594,1.2146902094033882,1.0,1.0,1.0,13.799993372318367
SE150_FL330,2022-03-01 00:18:00.000000000,-7.237760078717368,46.118261592681485,10058.4,26200.382022635047,216.86168,0.7212784163181782,1.2131135468660628,1.0,1.0,1.0,13.799992505114373
SE150_FL330,2022-03-01 00:19:00.000000000,-7.0824122298204,46.18006617244081,10058.4,26200.382022635047,216.95572,0.7197469612764743,1.2097378173070148,1.0,1.0,1.0,13.799991797836244
SE150_FL330,2022-03-01 00:20:00.000000000,-6.926935554791905,46.241926103479614,10058.4,26200.382022635047,217.05217,0.716785875329171,1.2039488928161066,1.0,1.0,1.0,13.799991248309139
SE150_FL330,2022-03-01 00:21:00.000000000,-6.771340413449099,46.303854538419465,10058.4,26200.382022635047,217.16429,0.7115970566466547,1.1942925241160824,1.0,1.0,1.0,13.79999085197143
SE150_FL330,2022-03-01 00:22:00.000000000,-6.615637146434141,46.36586455278655,10058.4,26200.382022635047,217.27254,0.7041610976160751,1.1809137835010857,1.0,1.0,1.0,13.79999060186101
SE150_FL330,2022-03-01 00:23:00.000000000,-6.4598360766471385,46.427969135985755,10058.4,26200.382022635047,217.38187,0.6969883686651214,1.1679842220948335,1.0,1.0,1.0,13.799990488621079
SE150_FL330,2022-03-01 00:24:00.000000000,-6.3039475102915645,46.49018118199037,10058.4,26200.382022635047,217.47589,0.6934934060268745,1.161353876769863,1.0,1.0,1.0,13.799990500548963
SE150_FL330,2022-03-01 00:25:00.000000000,-6.147981737503878,46.552513479747134,10058.4,26200.382022635047,217.55022,0.6936730137290852,1.161047245081539,1.0,1.0,1.0,13.799990623666508
SE150_FL330,2022-03-01 00:26:00.000000000,-5.991949032539317,46.6149787032986,10058.4,26200.382022635047,217.60591,0.6971505314316488,1.1664064331233817,1.0,1.0,1.0,13.799990841836957
SE150_FL330,2022-03-01 00:27:00.000000000,-5.835859653486246,46.67758940162737,10058.4,26200.382022635047,217.59196,0.7044292297713183,1.1787002321893258,1.0,1.0,1.0,13.799991136910966
SE150_FL330,2022-03-01 00:28:00.000000000,-5.679723841481787,46.740357988228865,10058.4,26200.382022635047,217.56235,0.7103257233665929,1.1888176393022358,1.0,1.0,1.0,13.799991488902345
SE150_FL330,2022-03-01 00:29:00.000000000,-5.523551819402239,46.80329673042195,10058.4,26200.382022635047,217.51363,0.7132880766008565,1.1941858760416901,1.0,1.0,1.0,13.799991876206876
SE150_FL330,2022-03-01 00:30:00.000000000,-5.367353790002575,46.86641773840963,10058.4,26200.382022635047,217.44774,0.7102618096686723,1.189675303780865,1.0,1.0,1.0,13.799992275841205
SE150_FL330,2022-03-01 00:31:00.000000000,-5.2111399334805135,46.92973295410445,10058.4,26200.382022635047,217.37857,0.7049398502942921,1.1813376524686685,1.0,1.0,1.0,13.799992663719705
SE150_FL330,2022-03-01 00:32:00.000000000,-5.05492040444159,46.993254139735846,10058.4,26200.382022635047,217.3065,0.6955938273324423,1.1662654614125967,1.0,1.0,1.0,13.799993014953047
SE150_FL330,2022-03-01 00:33:00.000000000,-4.89870532824359,47.05699286626,10058.4,26200.382022635047,217.23463,0.6837517336465557,1.1469943898789374,1.0,1.0,1.0,13.799993304171764
SE150_FL330,2022-03-01 00:34:00.000000000,-4.7425047966999045,47.12096050159472,10058.4,26200.382022635047,217.16096,0.6710900215914254,1.1263362101602252,1.0,1.0,1.0,13.79999350586429
SE150_FL330,2022-03-01 00:35:00.000000000,-4.586328863123924,47.185168198705355,10058.4,26200.382022635047,217.09296,0.6605364706191349,1.1091513592904847,1.0,1.0,1.0,13.799993594737066
SE150_FL330,2022-03-01 00:36:00.000000000,-4.430187536698249,47.24962688356991,10058.4,26200.382022635047,217.03171,0.6542535497409506,1.0990766733877448,1.0,1.0,1.0,13.799993546077733
SE150_FL330,2022-03-01 00:37:00.000000000,-4.274090776155365,47.31434724305453,10058.4,26200.382022635047,216.98688,0.6558069370019309,1.1020293592054655,1.0,1.0,1.0,13.799993336121352
SE150_FL330,2022-03-01 00:38:00.000000000,-4.118048482758973,47.37933971273268,10058.4,26200.382022635047,216.93517,0.6579014615024179,1.1059516148590378,1.0,1.0,1.0,13.799992942424828
SE150_FL330,2022-03-01 00:39:00.000000000,-3.9620704925782735,47.44461446468435,10058.4,26200.382022635047,216.88705,0.6607318413904117,1.1110825726284577,1.0,1.0,1.0,13.7999923442172
SE150_FL330,2022-03-01 00:40:00.000000000,-3.806166568050712,47.510181395313246,10058.4,26200.382022635047,216.84573,0.6607615321533723,1.1114544242245994,1.0,1.0,1.0,13.799991522756148
SE150_FL330,2022-03-01 00:41:00.000000000,-3.6503463888319807,47.57605011322245,10058.4,26200.382022635047,216.80487,0.6593438649951985,1.1093855992413444,1.0,1.0,1.0,13.799990461647935
SE150_FL330,2022-03-01 00:42:00.000000000,-3.4946195419363453,47.64222992719104,10058.4,26200.382022635047,216.77748,0.6569791936902865,1.1056176440698315,1.0,1.0,1.0,13.799989147153058
SE150_FL330,2022-03-01 00:43:00.000000000,-3.3389955111735663,47.708729834295355,10058.4,26200.382022635047,216.76341,0.6516419130110469,1.096742361367592,1.0,1.0,1.0,13.79998756845803
SE150_FL330,2022-03-01 00:44:00.000000000,-3.1834836658934074,47.775558508220634,10058.4,26200.382022635047,216.73836,0.6468408279445916,1.0888503034142112,1.0,1.0,1.0,13.79998571790615
SE150_FL330,2022-03-01 00:45:00.000000000,-3.0280932490527612,47.84272428780939,10058.4,26200.382022635047,216.69908,0.6435254875901052,1.0835662046612533,1.0,1.0,1.0,13.799983591199357
SE150_FL330,2022-03-01 00:46:00.000000000,-2.872833364624784,47.91023516589412,10058.4,26200.382022635047,216.65883,0.6422663237723395,1.081749013846055,1.0,1.0,1.0,13.799981187540997
SE150_FL330,2022-03-01 00:47:00.000000000,-2.7177129643741873,47.97809877846222,10058.4,26200.382022635047,216.61772,0.6420577886887897,1.0817075720278688,1.0,1.0,1.0,13.799978509741795
SE150_FL330,2022-03-01 00:48:00.000000000,-2.562740834027267,48.046322394201255,10058.4,26200.382022635047,216.57089,0.6451334048350014,1.0872453240127002,1.0,1.0,1.0,13.799975564268491
SE150_FL330,2022-03-01 00:49:00.000000000,-2.407925578869879,48.11491290447256,10058.4,26200.382022635047,216.53021,0.6479582770506062,1.0923127112627975,1.0,1.0,1.0,13.799972361242325
SE150_FL330,2022-03-01 00:50:00.000000000,-2.2532756088113697,48.18387681376056,10058.4,26200.382022635047,216.49118,0.6507225223441979,1.0972685311136061,1.0,1.0,1.0,13.799968914382415
SE150_FL330,2022-03-01 00:51:00.000000000,-2.0987991229566814,48.25322023064404,10058.4,26200.382022635047,216.44627,0.6540305566562129,1.1031907347167198,1.0,1.0,1.0,13.799965240897679
SE150_FL330,2022-03-01 00:52:00.000000000,-1.9445040937337181,48.3229488593347,10058.4,26200.382022635047,216.38956,0.6606973687317707,1.114873268628332,1.0,1.0,1.0,13.799961361323575
SE150_FL330,2022-03-01 00:53:00.000000000,-1.7903982506269553,48.393067991826065,10058.4,26200.382022635047,216.30426,0.6743039862149197,1.1385030742169524,1.0,1.0,1.0,13.799957299309654
SE150_FL330,2022-03-01 00:54:00.000000000,-1.6364890635725675,48.46358250069396,10058.4,26200.382022635047,216.22359,0.6874500666862966,1.1613451284026952,1.0,1.0,1.0,13.799953081365691
SE150_FL330,2022-03-01 00:55:00.000000000,-1.482783726073991,48.534496832587074,10058.4,26200.382022635047,216.14009,0.6995563592800881,1.1824769487835762,1.0,1.0,1.0,13.799948736550181
SE150_FL330,2022-03-01 00:56:00.000000000,-1.3292891381006948,48.60581500244348,10058.4,26200.382022635047,216.08488,0.7090811102971154,1.1990336847861933,1.0,1.0,1.0,13.79996224359886
SE150_FL330,2022-03-01 00:57:00.000000000,-1.176012199022902,48.677541157964725,10058.4,26200.382022635047,216.0652,0.7152525060857223,1.2096318810962827,1.0,1.0,1.0,13.800015850398514
SE150_FL330,2022-03-01 00:58:00.000000000,-1.022959909011004,48.74967973493967,10058.4,26200.382022635047,216.08975,0.7189567150643632,1.2156892795635084,1.0,1.0,1.0,13.800011280819982
SE150_FL330,2022-03-01 00:59:00.000000000,-0.8701372214611162,48.82223162470867,10058.4,26200.382022635047,216.14,0.7241177286896541,1.223994487135187,1.0,1.0,1.0,13.800006501605102
SE150_FL330,2022-03-01 01:00:00.000000000,-0.7175496815727354,48.89519906140205,10058.4,26200.382022635047,216.19266,0.7307720629673238,1.2347945573031422,1.0,1.0,1.0,13.800001555312974
SE150_FL330,2022-03-01 01:01:00.000000000,-0.5652024537904219,48.96858383001156,10058.4,26200.382022635047,216.24832,0.7381422846667702,1.2467724135023286,1.0,1.0,1.0,13.79999648581086
SE150_FL330,2022-03-01 01:02:00.000000000,-0.4131003048958678,49.04238726558329,10058.4,26200.382022635047,216.28323,0.7414149831117429,1.2519965323771676,1.0,1.0,1.0,13.799991337765992
SE150_FL330,2022-03-01 01:03:00.000000000,-0.2612475873906203,49.116610253279745,10058.4,26200.382022635047,216.30441,0.7405653964768404,1.2503804748483403,1.0,1.0,1.0,13.7999861561264
SE150_FL330,2022-03-01 01:04:00.000000000,-0.1096482232436474,49.1912532293119,10058.4,26200.382022635047,216.30013,0.73418113000151,1.2396356762733003,1.0,1.0,1.0,13.799980985617015
SE150_FL330,2022-03-01 01:05:00.000000000,0.041694311923352705,49.266316182737384,10058.4,26200.382022635047,216.29057,0.7117241524667264,1.201798982419617,1.0,1.0,1.0,13.799975870245795
SE150_FL330,2022-03-01 01:06:00.000000000,0.19277700414136667,49.341798658116055,10058.4,26200.382022635047,216.28204,0.65908224695142,1.1129774865660542,1.0,1.0,1.0,13.799970852837674
SE150_FL330,2022-03-01 01:07:00.000000000,0.3435973158213465,49.41769975900875,10058.4,26200.382022635047,216.27214,0.6193167096092749,1.0458977184748768,1.0,1.0,1.0,13.79996597459641
SE150_FL330,2022-03-01 01:08:00.000000000,0.49415319983679507,49.49401815230074,10058.4,26200.382022635047,216.2638,0.5918140663469024,0.9995052797654694,1.0,0.0,0.0,13.799961274703167
SE150_FL330,2022-03-01 01:09:00.000000000,0.6444431128990113,49.5707520733261,10058.4,26200.382022635047,216.23694,0.5873482562360296,0.9921475036827283,1.0,0.0,0.0,13.799956789951366
SE150_FL330,2022-03-01 01:10:00.000000000,0.7944660281656921,49.647899331764975,10058.4,26200.382022635047,216.20795,0.5895966699873822,0.9961445283723774,1.0,0.0,0.0,13.799952554435153
SE150_FL330,2022-03-01 01:11:00.000000000,0.9442214470284372,49.72545731828128,10058.4,26200.382022635047,216.17538,0.6015102219764126,1.016501577231789,1.0,1.0,1.0,13.799948599276675
SE150_FL330,2022-03-01 01:12:00.000000000,1.0937094100288882,49.803423011864275,10058.4,26200.382022635047,216.12282,0.6220535267787066,1.0515990569975955,1.0,1.0,1.0,13.79994495241215
SE150_FL330,2022-03-01 01:13:00.000000000,1.2429305068591834,49.8817929878337,10058.4,26200.382022635047,216.07037,0.6416219281659525,1.0850692202629535,1.0,1.0,1.0,13.799943970232082
SE150_FL330,2022-03-01 01:14:00.000000000,1.391885839203061,49.9605634958069,10058.4,26200.382022635047,216.02003,0.6527666789146713,1.1043009816357672,1.0,1.0,1.0,13.800018164069398
SE150_FL330,2022-03-01 01:15:00.000000000,1.5405756538199646,50.039732525500625,10058.4,26200.382022635047,215.97227,0.662720273016846,1.1215039891511613,1.0,1.0,1.0,13.800012779561797
SE150_FL330,2022-03-01 01:16:00.000000000,1.689003811745885,50.119293133097386,10058.4,26200.382022635047,215.93164,0.6700639819514463,1.134250428147618,1.0,1.0,1.0,13.800007711970267
SE150_FL330,2022-03-01 01:17:00.000000000,1.8371731915099507,50.19924036232172,10058.4,26200.382022635047,215.92117,0.6715620947311289,1.1368670284055018,1.0,1.0,1.0,13.800002984178791
SE150_FL330,2022-03-01 01:18:00.000000000,1.985087255414262,50.279568902342035,10058.4,26200.382022635047,215.92018,0.6716172183148078,1.1369685907983167,1.0,1.0,1.0,13.79999861501331
SE150_FL330,2022-03-01 01:19:00.000000000,2.1327500533276282,50.36027309878075,10058.4,26200.382022635047,215.92314,0.67207311125342,1.1377147119461426,1.0,1.0,1.0,13.799994619263725
SE150_FL330,2022-03-01 01:20:00.000000000,2.2801662254169526,50.44134696502648,10058.4,26200.382022635047,215.9352,0.6728927824253239,1.1390080328776826,1.0,1.0,1.0,13.799991007751949
SE150_FL330,2022-03-01 01:21:00.000000000,2.4273410038207826,50.52278419379153,10058.4,26200.382022635047,215.94307,0.6752734192712142,1.1429763525628842,1.0,1.0,1.0,13.799987787443316
SE150_FL330,2022-03-01 01:22:00.000000000,2.5742802132739526,50.604578168858964,10058.4,26200.382022635047,215.93661,0.6781303277278264,1.1478630921651696,1.0,1.0,1.0,13.799984961591031
SE150_FL330,2022-03-01 01:23:00.000000000,2.720990270699007,50.686721976962986,10058.4,26200.382022635047,215.92381,0.6812244583836079,1.1532034577314025,1.0,1.0,1.0,13.79998252990439
SE150_FL330,2022-03-01 01:24:00.000000000,2.8674781837846655,50.769208419747585,10058.4,26200.382022635047,215.90656,0.6830637053660965,1.156453362681018,1.0,1.0,1.0,13.79998048874809
SE150_FL330,2022-03-01 01:25:00.000000000,3.013751548576857,50.85203002574966,10058.4,26200.382022635047,215.88605,0.684707627710829,1.1593987371753907,1.0,1.0,1.0,13.799978831356217
SE150_FL330,2022-03-01 01:26:00.000000000,3.1598185461124664,50.935179062353996,10058.4,26200.382022635047,215.85837,0.6812884312716773,1.153828041541708,1.0,1.0,1.0,13.79997754806047
SE150_FL330,2022-03-01 01:27:00.000000000,3.3056879381298114,51.0186475476696,10058.4,26200.382022635047,215.82826,0.6762313782190807,1.1455007251429472,1.0,1.0,1.0,13.799976626528416
SE150_FL330,2022-03-01 01:28:00.000000000,3.451369061894234,51.10242726227889,10058.4,26200.382022635047,215.78699,0.6699117347695189,1.135113631867655,1.0,1.0,1.0,13.799976052009184
SE150_FL330,2022-03-01 01:29:00.000000000,3.596871824179734,51.18650976081355,10058.4,26200.382022635047,215.74533,0.6627805532699911,1.1233485791937203,1.0,1.0,1.0,13.79997580757543
SE150_FL330,2022-03-01 01:30:00.000000000,3.7422066944510983,51.27088638331356,10058.4,26200.382022635047,215.70674,0.6549288360252051,1.1103357797835534,1.0,1.0,1.0,13.799975874366709
SE150_FL330,2022-03-01 01:31:00.000000000,3.8873846972928505,51.35554826632859,10058.4,26200.382022635047,215.69737,0.6504080773909108,1.1027425569939822,1.0,1.0,1.0,13.799976231823901
SE150_FL330,2022-03-01 01:32:00.000000000,4.032417404133353,51.44048635372388,10058.4,26200.382022635047,215.69492,0.6453261763827093,1.094142834939268,1.0,1.0,1.0,13.799976857923344
SE150_FL330,2022-03-01 01:33:00.000000000,4.17731692431389,51.525691407155904,10058.4,26200.382022635047,215.70485,0.6391065307854831,1.0835257340347422,1.0,1.0,1.0,13.79997772939002
SE150_FL330,2022-03-01 01:34:00.000000000,4.322095895553423,51.611154016185885,10058.4,26200.382022635047,215.72952,0.6312261036401448,1.0699837950427833,1.0,1.0,1.0,13.799978821916332
SE150_FL330,2022-03-01 01:35:00.000000000,4.466767473859694,51.69686460800298,10058.4,26200.382022635047,215.76819,0.6222301793614695,1.0544560184710086,1.0,1.0,1.0,13.79998011034861
SE150_FL330,2022-03-01 01:36:00.000000000,4.61134532293813,51.78281345673147,10058.4,26200.382022635047,215.81007,0.6155173578167433,1.04278196046588,1.0,1.0,1.0,13.799981568886242
SE150_FL330,2022-03-01 01:37:00.000000000,4.755843603148792,51.86899069230014,10058.4,26200.382022635047,215.84642,0.6094324313324977,1.0322179336174904,1.0,1.0,1.0,13.79998317125147
SE150_FL330,2022-03-01 01:38:00.000000000,4.9002769600611895,51.95538630885467,10058.4,26200.382022635047,215.88806,0.604840020484452,1.0241450250694668,1.0,1.0,1.0,13.799984890852482
SE150_FL330,2022-03-01 01:39:00.000000000,5.044660512655349,52.041990172697254,10058.4,26200.382022635047,215.91963,0.6044746827064577,1.0233076604659637,1.0,1.0,1.0,13.799986700946327
SE150_FL330,2022-03-01 01:40:00.000000000,5.189009841215732,52.12879202974077,10058.4,26200.382022635047,215.94005,0.6103875206342108,1.033171194269262,1.0,1.0,1.0,13.799988574784994
SE150_FL330,2022-03-01 01:41:00.000000000,5.33334097496334,52.2157815124673,10058.4,26200.382022635047,215.96158,0.6169419276334999,1.0441138891782866,1.0,1.0,1.0,13.799990485753726
SE150_FL330,2022-03-01 01:42:00.000000000,5.477670379467894,52.30294814638437,10058.4,26200.382022635047,215.98499,0.6229307602514582,1.054079721072972,1.0,1.0,1.0,13.799992407510803
SE150_FL330,2022-03-01 01:43:00.000000000,5.622014943881001,52.390281355974025,10058.4,26200.382022635047,216.00327,0.6277879609567006,1.0621624445853075,1.0,1.0,1.0,13.79999431411892
SE150_FL330,2022-03-01 01:44:00.000000000,5.766391968026885,52.477770470133564,10058.4,26200.382022635047,216.01851,0.6310752469016718,1.06761514993319,1.0,1.0,1.0,13.799996180175784
SE150_FL330,2022-03-01 01:45:00.000000000,5.910819149385742,52.565404727108,10058.4,26200.382022635047,216.04724,0.6284633114110604,1.0629873751206658,1.0,1.0,1.0,13.799997980946767
SE150_FL330,2022-03-01 01:46:00.000000000,6.055314570000713,52.65317327891751,10058.4,26200.382022635047,216.07668,0.6257808771250792,1.0582341448039208,1.0,1.0,1.0,13.799999692491834
SE150_FL330,2022-03-01 01:47:00.000000000,6.19989668333652,52.74106519528474,10058.4,26200.382022635047,216.11415,0.6213787547617016,1.0505198270108513,1.0,1.0,1.0,13.80000129179735
SE150_FL330,2022-03-01 01:48:00.000000000,6.344584301114556,52.829069467069175,10058.4,26200.382022635047,216.1579,0.6099482683368664,1.0308858428907937,1.0,1.0,1.0,13.800002756917273
SE150_FL330,2022-03-01 01:49:00.000000000,6.48939658014588,52.91717500921703,10058.4,26200.382022635047,216.20192,0.5987041385268842,1.0115742437299766,1.0,1.0,1.0,13.800004067102952
SE150_FL330,2022-03-01 01:50:00.000000000,6.634353009179616,53.00537066323756,10058.4,26200.382022635047,216.24767,0.5881498980379087,0.9934292369378457,1.0,0.0,0.0,13.80000520294991
SE150_FL330,2022-03-01 01:51:00.000000000,6.779473395781127,53.09364519921752,10058.4,26200.382022635047,216.29254,0.5789525967870323,0.9775902591224465,1.0,0.0,0.0,13.800006146536646
SE150_FL330,2022-03-01 01:52:00.000000000,6.924777853250975,53.18198731738731,10058.4,26200.382022635047,216.32811,0.5540707898419701,0.935347307318009,1.0,0.0,0.0,13.80000688157544
SE150_FL330,2022-03-01 01:53:00.000000000,7.070286787591492,53.270385649253456,10058.4,26200.382022635047,216.36221,0.5349787565673982,0.9029040564732962,1.0,0.0,0.0,13.800007393558275
SE150_FL330,2022-03-01 01:54:00.000000000,7.216020884525191,53.35882875831312,10058.4,26200.382022635047,216.39642,0.5212262294422808,0.8794850519660785,1.0,0.0,0.0,13.800007669900015
SE150_FL330,2022-03-01 01:55:00.000000000,7.3620010965652085,53.44730514036748,10058.4,26200.382022635047,216.42949,0.5020062788819444,0.8468610901944588,1.0,0.0,0.0,13.800007700096462
SE150_FL330,2022-03-01 01:56:00.000000000,7.508248630134886,53.53580322345174,10058.4,26200.382022635047,216.46211,0.47838887925278,0.8068368277269874,1.0,0.0,0.0,13.800007475854803
SE150_FL330,2022-03-01 01:57:00.000000000,7.654784932730397,53.62431136740005,10058.4,26200.382022635047,216.48833,0.4580487893128205,0.7723911475790926,1.0,0.0,0.0,13.800006991241453
SE150_FL330,2022-03-01 01:58:00.000000000,7.801631680117048,53.712817863064856,10058.4,26200.382022635047,216.515,0.4387298659317904,0.7396782927609219,1.0,0.0,0.0,13.800006242806354
SE150_FL330,2022-03-01 01:59:00.000000000,7.948810763547113,53.80131093121019,10058.4,26200.382022635047,216.54591,0.41705044828460136,0.7029753668950692,1.0,0.0,0.0,13.800005229709964
SE150_FL330,2022-03-01 02:00:00.000000000,8.096344276983887,53.889778721099525,10058.4,26200.382022635047,216.56975,0.40153983144352084,0.676720606082068,1.0,0.0,0.0,13.800003953824296
SE150_FL330,2022-03-01 02:01:00.000000000,8.244254504314016,53.97820930879907,10058.4,26200.382022635047,216.58995,0.3907053834222953,0.6583684990810373,1.0,0.0,0.0,13.80000241982998
SE150_FL330,2022-03-01 02:02:00.000000000,8.392563906527803,54.06659069521786,10058.4,26200.382022635047,216.62032,0.37579702311894775,0.6331118649415775,1.0,0.0,0.0,13.800000635287429
SE150_FL330,2022-03-01 02:03:00.000000000,8.541295108844203,54.15491080390644,10058.4,26200.382022635047,216.65114,0.36258112373217277,0.6107174358108267,1.0,0.0,0.0,13.79999861068731
SE150_FL330,2022-03-01 02:04:00.000000000,8.690470887755579,54.24315747863636,10058.4,26200.382022635047,216.68852,0.35492182598478644,0.5976616524808402,1.0,0.0,0.0,13.799996359482744
SE150_FL330,2022-03-01 02:05:00.000000000,8.840114157964688,54.3313184807831,10058.4,26200.382022635047,216.70709,0.35591800842481763,0.5992607863282992,1.0,0.0,0.0,13.799993898086694
SE150_FL330,2022-03-01 02:06:00.000000000,8.990247959184734,54.41938148653517,10058.4,26200.382022635047,216.73267,0.35274681383545187,0.5938161591386546,1.0,0.0,0.0,13.799991245846577
SE150_FL330,2022-03-01 02:07:00.000000000,9.140895442771445,54.50733408395296,10058.4,26200.382022635047,216.75505,0.35182046104849707,0.5921638786327469,1.0,0.0,0.0,13.799988424983786
SE150_FL330,2022-03-01 02:08:00.000000000,9.292079858154782,54.595163769900566,10058.4,26200.382022635047,216.76375,0.35540068516037226,0.5981546091759059,1.0,0.0,0.0,13.799985460504125
SE150_FL330,2022-03-01 02:09:00.000000000,9.443824539036145,54.682857946874975,10058.4,26200.382022635047,216.77924,0.35309736963044824,0.5942127299167802,1.0,0.0,0.0,13.79998238006007
SE150_FL330,2022-03-01 02:10:00.000000000,9.596152889316482,54.770403919756546,10058.4,26200.382022635047,216.79358,0.3508151337282894,0.5903129810981799,1.0,0.0,0.0,13.799979213805697
SE150_FL330,2022-03-01 02:11:00.000000000,9.749088368719127,54.85778889250587,10058.4,26200.382022635047,216.78859,0.3562122484567,0.5994156331970157,1.0,0.0,0.0,13.79997599417574
SE150_FL330,2022-03-01 02:12:00.000000000,9.902654478070929,54.944999964831716,10058.4,26200.382022635047,216.78404,0.3580376176901987,0.602506546059279,1.0,0.0,0.0,8.71787688339356
SE150_FL330,2022-03-01 02:12:37.904240283,10.0,55.0,10058.4,26200.382022635047,216.79686,0.3533202355633792,0.5945151833126691,1.0,0.0,0.0,0.0
GC0_FL330,2022-03-01 00:00:00.000000000,-10.000000000000002,45.00000000000001,10058.4,26200.382022635047,216.48128,0.704215650854562,1.1875518593467234,1.0,1.0,1.0,13.800031261260088
GC0_FL330,2022-03-01 00:01:00.000000000,-9.876312021826006,45.08811854334467,10058.4,26200.382022635047,216.49341,0.706529651534213,1.1913551541508105,1.0,1.0,1.0,13.800027623894355
GC0_FL330,2022-03-01 00:02:00.000000000,-9.752242252140906,45.176103215944366,10058.4,26200.382022635047,216.51826,0.7103257125757461,1.1975479853817883,1.0,1.0,1.0,13.800023933454368
GC0_FL330,2022-03-01 00:03:00.000000000,-9.627788920452794,45.263953191638386,10058.4,26200.382022635047,216.55713,0.715783878929385,1.206426494945168,1.0,1.0,1.0,13.800020189682812
GC0_FL330,2022-03-01 00:04:00.000000000,-9.5029502525583,45.351667639156055,10058.4,26200.382022635047,216.61243,0.7172735858610021,1.2084693060031393,1.0,1.0,1.0,13.800016392336534
GC0_FL330,2022-03-01 00:05:00.000000000,-9.377724470626134,45.439245722091066,10058.4,26200.382022635047,216.65607,0.7176965565728146,1.2088162909353053,1.0,1.0,1.0,13.800012541176311
GC0_FL330,2022-03-01 00:06:00.000000000,-9.252109793282935,45.52668659887586,10058.4,26200.382022635047,216.70491,0.7166809475200998,1.20669464539229,1.0,1.0,1.0,13.800008635971807
GC0_FL330,2022-03-01 00:07:00.000000000,-9.126104435701345,45.613989422756205,10058.4,26200.382022635047,216.76184,0.7130649844535293,1.200131535826534,1.0,1.0,1.0,13.800004676501466
GC0_FL330,2022-03-01 00:08:00.000000000,-8.999706609690397,45.701153341765824,10058.4,26200.382022635047,216.81113,0.7062635104367563,1.1882793417863005,1.0,1.0,1.0,13.800000662551579
GC0_FL330,2022-03-01 00:09:00.000000000,-8.872914523788092,45.7881774987011,10058.4,26200.382022635047,216.81871,0.6953828302056646,1.1699079150592688,1.0,1.0,1.0,13.799996593917113
GC0_FL330,2022-03-01 00:10:00.000000000,-8.745726383356452,45.87506103109597,10058.4,26200.382022635047,216.82364,0.681813559681685,1.1470401023033776,1.0,1.0,1.0,13.799992470403737
GC0_FL330,2022-03-01 00:11:00.000000000,-8.618140390678803,45.96180307119685,10058.4,26200.382022635047,216.79263,0.6730573989959874,1.132552627647965,1.0,1.0,1.0,13.799988291825057
GC0_FL330,2022-03-01 00:12:00.000000000,-8.490154745059604,46.04840274593778,10058.4,26200.382022635047,216.72784,0.6683968840819845,1.1252205565614293,1.0,1.0,1.0,13.799984058004643
GC0_FL330,2022-03-01 00:13:00.000000000,-8.36176764292664,46.13485917691566,10058.4,26200.382022635047,216.65211,0.6664059027320534,1.1224591149672718,1.0,1.0,1.0,13.799979768777922
GC0_FL330,2022-03-01 00:14:00.000000000,-8.232977277935733,46.22117148036564,10058.4,26200.382022635047,216.55855,0.6676877135978777,1.1253509984719992,1.0,1.0,1.0,13.79997542398953
GC0_FL330,2022-03-01 00:15:00.000000000,-8.103781841077932,46.30733876713662,10058.4,26200.382022635047,216.48094,0.6738732320329706,1.1363877821052668,1.0,1.0,1.0,13.799971023496427
GC0_FL330,2022-03-01 00:16:00.000000000,-7.974179520789293,46.39336014266697,10058.4,26200.382022635047,216.41757,0.6834417553877187,1.1530303423538129,1.0,1.0,1.0,13.799966567164596
GC0_FL330,2022-03-01 00:17:00.000000000,-7.844168503063274,46.47923470696041,10058.4,26200.382022635047,216.3892,0.6927313130780892,1.1689307986489852,1.0,1.0,1.0,13.8000335506074
GC0_FL330,2022-03-01 00:18:00.000000000,-7.713744387039283,46.56496062297613,10058.4,26200.382022635047,216.39343,0.6982053188010426,1.178133739340356,1.0,1.0,1.0,13.800029833224963
GC0_FL330,2022-03-01 00:19:00.000000000,-7.582907908106713,46.65053789712994,10058.4,26200.382022635047,216.42726,0.7012684859958285,1.1830262859997722,1.0,1.0,1.0,13.800025836216795
GC0_FL330,2022-03-01 00:20:00.000000000,-7.451657253716138,46.73596561579989,10058.4,26200.382022635047,216.46965,0.704033968759182,1.1873405093644396,1.0,1.0,1.0,13.800021784046535
GC0_FL330,2022-03-01 00:21:00.000000000,-7.319990601234423,46.82124285691214,10058.4,26200.382022635047,216.56044,0.7008774350834152,1.1812759352737259,1.0,1.0,1.0,13.800017676565119
GC0_FL330,2022-03-01 00:22:00.000000000,-7.187906126190921,46.90636869283971,10058.4,26200.382022635047,216.66899,0.6928734176708062,1.166906053061529,1.0,1.0,1.0,13.800013513633964
GC0_FL330,2022-03-01 00:23:00.000000000,-7.0554020024062,46.99134219037952,10058.4,26200.382022635047,216.79118,0.6809689349499406,1.1458814988828485,1.0,1.0,1.0,13.800009295126483
GC0_FL330,2022-03-01 00:24:00.000000000,-6.922476402123702,47.07616241072962,10058.4,26200.382022635047,216.94756,0.6635436593030928,1.1153358639718969,1.0,1.0,1.0,13.800005020927465
GC0_FL330,2022-03-01 00:25:00.000000000,-6.789127496144292,47.16082840946671,10058.4,26200.382022635047,217.09465,0.6466050581619526,1.0857483043370741,1.0,1.0,1.0,13.800000690938065
GC0_FL330,2022-03-01 00:26:00.000000000,-6.655353453963729,47.24533923652389,10058.4,26200.382022635047,217.20255,0.6372016867440742,1.069146392560337,1.0,1.0,1.0,13.799996305067978
GC0_FL330,2022-03-01 00:27:00.000000000,-6.521152443913118,47.32969393616862,10058.4,26200.382022635047,217.30988,0.6300802226113221,1.056400609348928,1.0,1.0,1.0,13.799991863244522
GC0_FL330,2022-03-01 00:28:00.000000000,-6.386522633302341,47.41389154698097,10058.4,26200.382022635047,217.37091,0.626484074432605,1.0499205323178427,1.0,1.0,1.0,13.799987365406142
GC0_FL330,2022-03-01 00:29:00.000000000,-6.251462188566615,47.49793110183218,10058.4,26200.382022635047,217.38055,0.6277080856303622,1.0518972954755097,1.0,1.0,1.0,13.79998281150992
GC0_FL330,2022-03-01 00:30:00.000000000,-6.1159692754160595,47.58181162786344,10058.4,26200.382022635047,217.38051,0.6300576407605437,1.0558349946514536,1.0,1.0,1.0,13.799978201523881
GC0_FL330,2022-03-01 00:31:00.000000000,-5.980042058988454,47.66553214646499,10058.4,26200.382022635047,217.36018,0.6330078751946586,1.0609317519297328,1.0,1.0,1.0,13.799973535432741
GC0_FL330,2022-03-01 00:32:00.000000000,-5.84367870400512,47.74909167325553,10058.4,26200.382022635047,217.29303,0.634153904556666,1.0633550580431261,1.0,1.0,1.0,13.799968813237534
GC0_FL330,2022-03-01 00:33:00.000000000,-5.70687737493005,47.832489218061895,10058.4,26200.382022635047,217.22495,0.6383991368719686,1.070988516337625,1.0,1.0,1.0,13.799964034957233
GC0_FL330,2022-03-01 00:34:00.000000000,-5.569636236132259,47.91572378489917,10058.4,26200.382022635047,217.15657,0.6408635836369286,1.0756387842911699,1.0,1.0,1.0,13.800035855280361
GC0_FL330,2022-03-01 00:35:00.000000000,-5.431950681045849,47.9987933410855,10058.4,26200.382022635047,217.07816,0.6424609712757134,1.0789121417205985,1.0,1.0,1.0,13.80003208062314
GC0_FL330,2022-03-01 00:36:00.000000000,-5.2938216052343305,48.08169789082298,10058.4,26200.382022635047,216.99448,0.6476198103485097,1.088213305663728,1.0,1.0,1.0,13.800027766635571
GC0_FL330,2022-03-01 00:37:00.000000000,-5.155247191271525,48.164436426955106,10058.4,26200.382022635047,216.91743,0.6498446821867112,1.0925442351871586,1.0,1.0,1.0,13.800023396612284
GC0_FL330,2022-03-01 00:38:00.000000000,-5.016225604851381,48.24700792994952,10058.4,26200.382022635047,216.83575,0.6513557424861166,1.0957071959699942,1.0,1.0,1.0,13.800018970545228
GC0_FL330,2022-03-01 00:39:00.000000000,-4.876755012439158,48.329411374367055,10058.4,26200.382022635047,216.75739,0.6557537701686513,1.1037102045386349,1.0,1.0,1.0,13.800014488442477
GC0_FL330,2022-03-01 00:40:00.000000000,-4.7368335814541895,48.411645728843965,10058.4,26200.382022635047,216.67683,0.659301657864389,1.1103036183624233,1.0,1.0,1.0,13.800009950331221
GC0_FL330,2022-03-01 00:41:00.000000000,-4.596459480456218,48.493709956074575,10058.4,26200.382022635047,216.62111,0.6609056931339659,1.1134347151699142,1.0,1.0,1.0,13.800005356252322
GC0_FL330,2022-03-01 00:42:00.000000000,-4.455630879335287,48.57560301279429,10058.4,26200.382022635047,216.56558,0.6599176999493164,1.1121997686788128,1.0,1.0,1.0,13.800000706269127
GC0_FL330,2022-03-01 00:43:00.000000000,-4.314345949505185,48.6573238497631,10058.4,26200.382022635047,216.51129,0.657742738049483,1.10895393398604,1.0,1.0,1.0,13.799996000461707
GC0_FL330,2022-03-01 00:44:00.000000000,-4.172602864100605,48.73887141174949,10058.4,26200.382022635047,216.45653,0.6544952687199016,1.103895999939207,1.0,1.0,1.0,13.799991238929968
GC0_FL330,2022-03-01 00:45:00.000000000,-4.030399798177934,48.8202446375148,10058.4,26200.382022635047,216.40959,0.6528665383319455,1.1015051038587997,1.0,1.0,1.0,13.79998642179239
GC0_FL330,2022-03-01 00:46:00.000000000,-3.8877349289197967,48.901442459798034,10058.4,26200.382022635047,216.37106,0.6534380073154814,1.102763308529983,1.0,1.0,1.0,13.799981549189066
GC0_FL330,2022-03-01 00:47:00.000000000,-3.744606435843342,48.98246380530123,10058.4,26200.382022635047,216.33514,0.653402388531061,1.1029781467785211,1.0,1.0,1.0,13.799976621281434
GC0_FL330,2022-03-01 00:48:00.000000000,-3.601012501012314,49.06330759467523,10058.4,26200.382022635047,216.31323,0.6531712881870676,1.1027545631534554,1.0,1.0,1.0,13.799971638251657
GC0_FL330,2022-03-01 00:49:00.000000000,-3.456951309253031,49.14397274250603,10058.4,26200.382022635047,216.29652,0.6526417588540103,1.1019870093004196,1.0,1.0,1.0,13.799966600302653
GC0_FL330,2022-03-01 00:50:00.000000000,-3.312421048374104,49.22445815730157,10058.4,26200.382022635047,216.27826,0.6516594354991061,1.1004663163870032,1.0,1.0,1.0,13.799961507663523
GC0_FL330,2022-03-01 00:51:00.000000000,-3.1674199093902,49.304762741479145,10058.4,26200.382022635047,216.25955,0.6497845994370892,1.0974439666457616,1.0,1.0,1.0,13.80003811560671
GC0_FL330,2022-03-01 00:52:00.000000000,-3.021943131385752,49.3848842512864,10058.4,26200.382022635047,216.2393,0.647703713268277,1.0940803339523189,1.0,1.0,1.0,13.80003431143209
GC0_FL330,2022-03-01 00:53:00.000000000,-2.875991817593982,49.46482269242153,10058.4,26200.382022635047,216.21019,0.6472205250769655,1.0934834254442187,1.0,1.0,1.0,13.80002967563927
GC0_FL330,2022-03-01 00:54:00.000000000,-2.7295641981544376,49.54457695964448,10058.4,26200.382022635047,216.16931,0.6474593606384358,1.0941985952789675,1.0,1.0,1.0,13.800024984324816
GC0_FL330,2022-03-01 00:55:00.000000000,-2.582658479303576,49.62414593078313,10058.4,26200.382022635047,216.1238,0.6485835689349191,1.096441011745334,1.0,1.0,1.0,13.800020237683322
GC0_FL330,2022-03-01 00:56:00.000000000,-2.435272871668278,49.703528477519875,10058.4,26200.382022635047,216.0509,0.6517528479090159,1.1023499019243597,1.0,1.0,1.0,13.800015435926571
GC0_FL330,2022-03-01 00:57:00.000000000,-2.2874055905140325,49.78272346538261,10058.4,26200.382022635047,215.95058,0.6564207066262855,1.1110097909833216,1.0,1.0,1.0,13.800010579292724
GC0_FL330,2022-03-01 00:58:00.000000000,-2.139054855997014,49.86172975373617,10058.4,26200.382022635047,215.85983,0.662832514604174,1.1225601182360874,1.0,1.0,1.0,13.80000566804335
GC0_FL330,2022-03-01 00:59:00.000000000,-1.990218893420634,49.940546195774644,10058.4,26200.382022635047,215.75197,0.6701681133120837,1.1358210568416596,1.0,1.0,1.0,13.800000702464757
GC0_FL330,2022-03-01 01:00:00.000000000,-1.840895933496165,50.01917163851421,10058.4,26200.382022635047,215.6499,0.6814334835532121,1.1557169346486524,1.0,1.0,1.0,13.799995682868577
GC0_FL330,2022-03-01 01:01:00.000000000,-1.6910842126076457,50.09760492278672,10058.4,26200.382022635047,215.58119,0.6921949418542059,1.174518337372104,1.0,1.0,1.0,13.799990609591623
GC0_FL330,2022-03-01 01:02:00.000000000,-1.540781973081079,50.17584488323394,10058.4,26200.382022635047,215.55289,0.6983929656658054,1.1852619436036302,1.0,1.0,1.0,13.799985482999908
GC0_FL330,2022-03-01 01:03:00.000000000,-1.3899874634580285,50.2538903483026,10058.4,26200.382022635047,215.54803,0.7030668896139153,1.1932367590990285,1.0,1.0,1.0,13.799980303483485
GC0_FL330,2022-03-01 01:04:00.000000000,-1.2386989387734455,50.33174014024005,10058.4,26200.382022635047,215.56386,0.7067736877636746,1.1993966819993054,1.0,1.0,1.0,13.799975071460995
GC0_FL330,2022-03-01 01:05:00.000000000,-1.0869146608380469,50.409393075090854,10058.4,26200.382022635047,215.63008,0.6963664388340567,1.1812033931516785,1.0,1.0,1.0,13.799969787382079
GC0_FL330,2022-03-01 01:06:00.000000000,-0.9346328985249368,50.48684796269396,10058.4,26200.382022635047,215.68425,0.6845338701380319,1.160704499605054,1.0,1.0,1.0,13.799964451722667
GC0_FL330,2022-03-01 01:07:00.000000000,-0.7818519280607622,50.56410360668077,10058.4,26200.382022635047,215.74464,0.6725026723156026,1.1398324725810987,1.0,1.0,1.0,13.79995906498832
GC0_FL330,2022-03-01 01:08:00.000000000,-0.6285700333214097,50.64115880447403,10058.4,26200.382022635047,215.79257,0.6624640741133719,1.1224504370468573,1.0,1.0,1.0,13.800040250558894
GC0_FL330,2022-03-01 01:09:00.000000000,-0.47478237482134333,50.71801108774824,10058.4,26200.382022635047,215.82993,0.6536603173183455,1.1072514267463078,1.0,1.0,1.0,13.800036449888243
GC0_FL330,2022-03-01 01:10:00.000000000,-0.3204903233010431,50.79466047002034,10058.4,26200.382022635047,215.84984,0.6479691129907842,1.0974636855724125,1.0,1.0,1.0,13.800031495581349
GC0_FL330,2022-03-01 01:11:00.000000000,-0.16569222733307076,50.87110574593124,10058.4,26200.382022635047,215.8715,0.6422688098408099,1.0876475970319848,1.0,1.0,1.0,13.80002648819227
GC0_FL330,2022-03-01 01:12:00.000000000,-0.01038640460530521,50.94734568796158,10058.4,26200.382022635047,215.8892,0.6369815521441305,1.0785625805921928,1.0,1.0,1.0,13.800021428178642
GC0_FL330,2022-03-01 01:13:00.000000000,0.14542881799142826,51.02337906239046,10058.4,26200.382022635047,215.86078,0.635114657527531,1.075607493888527,1.0,1.0,1.0,13.800016316031584
GC0_FL330,2022-03-01 01:14:00.000000000,0.30175510404023853,51.099204629299564,10058.4,26200.382022635047,215.83002,0.6349610435734127,1.0755759060928969,1.0,1.0,1.0,13.80001115226905
GC0_FL330,2022-03-01 01:15:00.000000000,0.45859410727043437,51.17482114257816,10058.4,26200.382022635047,215.79367,0.637348782027071,1.079888510440125,1.0,1.0,1.0,13.8000059374454
GC0_FL330,2022-03-01 01:16:00.000000000,0.6159474712251815,51.25022734992915,10058.4,26200.382022635047,215.74626,0.6433459517907889,1.0904032057517057,1.0,1.0,1.0,13.800000672141353
GC0_FL330,2022-03-01 01:17:00.000000000,0.7738168289243615,51.325421992876,10058.4,26200.382022635047,215.70091,0.6461308739474152,1.095463412963224,1.0,1.0,1.0,13.7999953569759
GC0_FL330,2022-03-01 01:18:00.000000000,0.932203802522942,51.400403806770754,10058.4,26200.382022635047,215.66718,0.6491262273200878,1.10079361751667,1.0,1.0,1.0,13.799989992598045
GC0_FL330,2022-03-01 01:19:00.000000000,1.0911100029643799,51.47517152080301,10058.4,26200.382022635047,215.62888,0.6533916596925586,1.1083148978226924,1.0,1.0,1.0,13.79998457969091
GC0_FL330,2022-03-01 01:20:00.000000000,1.2505370296295943,51.549723858009905,10058.4,26200.382022635047,215.59267,0.6571233393921342,1.1149222759013804,1.0,1.0,1.0,13.799979118975191
GC0_FL330,2022-03-01 01:21:00.000000000,1.410486469980993,51.62405953528727,10058.4,26200.382022635047,215.5798,0.6603595185602421,1.1205127964738781,1.0,1.0,1.0,13.799973611204168
GC0_FL330,2022-03-01 01:22:00.000000000,1.570959899201897,51.698177263401696,10058.4,26200.382022635047,215.5603,0.664658107476766,1.1279558048936493,1.0,1.0,1.0,13.799968057170684
GC0_FL330,2022-03-01 01:23:00.000000000,1.7319588798311787,51.77207574700383,10058.4,26200.382022635047,215.55025,0.6680916583985365,1.1338587026538718,1.0,1.0,1.0,13.799962457699413
GC0_FL330,2022-03-01 01:24:00.000000000,1.8934849613930664,51.84575368464275,10058.4,26200.382022635047,215.55177,0.6711153442752092,1.1389785810420527,1.0,1.0,1.0,13.799956813657149
GC0_FL330,2022-03-01 01:25:00.000000000,2.055539680022396,51.91920976878139,10058.4,26200.382022635047,215.55319,0.6745320081287826,1.1447661413367987,1.0,1.0,1.0,13.800042154299087
GC0_FL330,2022-03-01 01:26:00.000000000,2.2181278486239693,51.99244129650124,10058.4,26200.382022635047,215.553,0.6779082325063074,1.150496956407902,1.0,1.0,1.0,13.800038395347975
GC0_FL330,2022-03-01 01:27:00.000000000,2.381247755746821,52.06544829902248,10058.4,26200.382022635047,215.55849,0.6823658422165224,1.1580182091173479,1.0,1.0,1.0,13.800033137066887
GC0_FL330,2022-03-01 01:28:00.000000000,2.5449008423555197,52.13822947261712,10058.4,26200.382022635047,215.56215,0.6853957229990565,1.1631358588285206,1.0,1.0,1.0,13.800027830685213
GC0_FL330,2022-03-01 01:29:00.000000000,2.7090885869023626,52.210783485473385,10058.4,26200.382022635047,215.56152,0.6854237910103405,1.163185129761692,1.0,1.0,1.0,13.800022477008898
GC0_FL330,2022-03-01 01:30:00.000000000,2.873812452494847,52.283108999789214,10058.4,26200.382022635047,215.55354,0.6808303089443187,1.1554526054663006,1.0,1.0,1.0,13.800017076881304
GC0_FL330,2022-03-01 01:31:00.000000000,3.039073886492103,52.35520467179508,10058.4,26200.382022635047,215.54298,0.6773040218278913,1.1495506196797238,1.0,1.0,1.0,13.8000116311833
GC0_FL330,2022-03-01 01:32:00.000000000,3.204874320096632,52.42706915177804,10058.4,26200.382022635047,215.52777,0.6770645388497325,1.1492622179506642,1.0,1.0,1.0,13.80000614083744
GC0_FL330,2022-03-01 01:33:00.000000000,3.3712151679413354,52.498701084107154,10058.4,26200.382022635047,215.51045,0.6743689905310147,1.1448233008536288,1.0,1.0,1.0,13.800000606803097
GC0_FL330,2022-03-01 01:34:00.000000000,3.538097827671728,52.57009910726018,10058.4,26200.382022635047,215.49832,0.6709129134146451,1.1390504605401968,1.0,1.0,1.0,13.799995030082775
GC0_FL330,2022-03-01 01:35:00.000000000,3.705523679523632,52.64126185385161,10058.4,26200.382022635047,215.49123,0.6666907379616076,1.1319351584017479,1.0,1.0,1.0,13.799989411721297
GC0_FL330,2022-03-01 01:36:00.000000000,3.8734940858960045,52.71218795066221,10058.4,26200.382022635047,215.48624,0.6597327491882223,1.120159264127658,1.0,1.0,1.0,13.799983752801687
GC0_FL330,2022-03-01 01:37:00.000000000,4.04201039091922,52.78287601866978,10058.4,26200.382022635047,215.48883,0.6528655336634741,1.1084796817806153,1.0,1.0,1.0,13.799978054452163
GC0_FL330,2022-03-01 01:38:00.000000000,4.211073920018708,52.853324673081396,10058.4,26200.382022635047,215.50957,0.6493649367680904,1.1023798199081485,1.0,1.0,1.0,13.799972317845754
GC0_FL330,2022-03-01 01:39:00.000000000,4.380685979473958,52.92353252336716,10058.4,26200.382022635047,215.53523,0.6453893690349041,1.0954398549460516,1.0,1.0,1.0,13.79996654419649
GC0_FL330,2022-03-01 01:40:00.000000000,4.550847855972988,52.993498173295265,10058.4,26200.382022635047,215.56242,0.639267596964754,1.0848495344733318,1.0,1.0,1.0,13.799960734763747
GC0_FL330,2022-03-01 01:41:00.000000000,4.72156081616213,53.06322022096875,10058.4,26200.382022635047,215.59688,0.6302630304518835,1.069317372222743,1.0,1.0,1.0,13.799954890854742
GC0_FL330,2022-03-01 01:42:00.000000000,4.892826106191535,53.13269725886355,10058.4,26200.382022635047,215.62746,0.6206567820984927,1.0528006032632382,1.0,1.0,1.0,13.80004369387429
GC0_FL330,2022-03-01 01:43:00.000000000,5.064648373766797,53.201926344915194,10058.4,26200.382022635047,215.64679,0.6130968429517364,1.0398379954301051,1.0,1.0,1.0,13.800040019521948
GC0_FL330,2022-03-01 01:44:00.000000000,5.237025480446346,53.270907542595175,10058.4,26200.382022635047,215.64784,0.6122388837531628,1.0383769169837964,1.0,1.0,1.0,13.800034486742401
GC0_FL330,2022-03-01 01:45:00.000000000,5.409958542016128,53.339639456889614,10058.4,26200.382022635047,215.6578,0.6132811709183853,1.0400740467766856,1.0,1.0,1.0,13.800028914083532
GC0_FL330,2022-03-01 01:46:00.000000000,5.583448717588524,53.40812065808024,10058.4,26200.382022635047,215.66698,0.6166518434495752,1.0457243291020506,1.0,1.0,1.0,13.80002330277767
GC0_FL330,2022-03-01 01:47:00.000000000,5.757497143428711,53.47634971103695,10058.4,26200.382022635047,215.67049,0.6226604394567575,1.0558895056528685,1.0,1.0,1.0,13.800017654102959
GC0_FL330,2022-03-01 01:48:00.000000000,5.932104932473757,53.54432517526539,10058.4,26200.382022635047,215.70038,0.6292719041713766,1.066883809571577,1.0,1.0,1.0,13.800011969384423
GC0_FL330,2022-03-01 01:49:00.000000000,6.10727317384737,53.612045604956435,10058.4,26200.382022635047,215.73921,0.6362266356117308,1.0783892621664628,1.0,1.0,1.0,13.800006249993439
GC0_FL330,2022-03-01 01:50:00.000000000,6.283002932370696,53.679509549037114,10058.4,26200.382022635047,215.78123,0.6431163844005913,1.089754317248374,1.0,1.0,1.0,13.800000497350158
GC0_FL330,2022-03-01 01:51:00.000000000,6.459295248068937,53.746715551223396,10058.4,26200.382022635047,215.83896,0.6506215826670696,1.1020370398703794,1.0,1.0,1.0,13.799994712920459
GC0_FL330,2022-03-01 01:52:00.000000000,6.636151135673946,53.81366215007467,10058.4,26200.382022635047,215.9027,0.6558475155085188,1.110406087790789,1.0,1.0,1.0,13.799988898221487
GC0_FL330,2022-03-01 01:53:00.000000000,6.8135715841229665,53.88034787904993,10058.4,26200.382022635047,215.96097,0.6541927088245792,1.1071591979324191,1.0,1.0,1.0,13.799983054817007
GC0_FL330,2022-03-01 01:54:00.000000000,6.991557556053451,53.94677126656574,10058.4,26200.382022635047,216.01387,0.6465464205436573,1.0938205641088488,1.0,1.0,1.0,13.79997718432221
GC0_FL330,2022-03-01 01:55:00.000000000,7.170109987294104,54.01293083605608,10058.4,26200.382022635047,216.06804,0.6308287031911755,1.066833882085851,1.0,1.0,1.0,13.799971288402922
GC0_FL330,2022-03-01 01:56:00.000000000,7.349229786352257,54.07882510603384,10058.4,26200.382022635047,216.1174,0.6041018754142673,1.0212869610022228,1.0,1.0,1.0,13.799965368775869
GC0_FL330,2022-03-01 01:57:00.000000000,7.5289178338974985,54.144452590154366,10058.4,26200.382022635047,216.1616,0.5733227009018246,0.9689599839888247,1.0,0.0,0.0,13.799959427205792
GC0_FL330,2022-03-01 01:58:00.000000000,7.709174982241969,54.20981179728059,10058.4,26200.382022635047,216.20558,0.5394253542829385,0.9113943502890949,1.0,0.0,0.0,13.799953465513312
GC0_FL330,2022-03-01 01:59:00.000000000,7.890002054816966,54.2749012315503,10058.4,26200.382022635047,216.25433,0.5025704613791789,0.848839738638574,1.0,0.0,0.0,13.800044709298199
GC0_FL330,2022-03-01 02:00:00.000000000,8.07140336006643,54.3397177150441,10058.4,26200.382022635047,216.30516,0.4676968168481204,0.789661255125078,1.0,0.0,0.0,13.800041165932434
GC0_FL330,2022-03-01 02:01:00.000000000,8.253376235746266,54.4042613638653,10058.4,26200.382022635047,216.36118,0.43681777434475544,0.7372397202173789,1.0,0.0,0.0,13.80003540717797
GC0_FL330,2022-03-01 02:02:00.000000000,8.435921335887098,54.46853070587913,10058.4,26200.382022635047,216.41902,0.4122739113393143,0.6955378880510583,1.0,0.0,0.0,13.800029620699759
GC0_FL330,2022-03-01 02:03:00.000000000,8.61903936252284,54.532524226953534,10058.4,26200.382022635047,216.47949,0.3962363875755516,0.668201361270503,1.0,0.0,0.0,13.800023808234585
GC0_FL330,2022-03-01 02:04:00.000000000,8.802730986129248,54.5962404085977,10058.4,26200.382022635047,216.5409,0.38406660564262807,0.6474022230923504,1.0,0.0,0.0,13.80001797157137
GC0_FL330,2022-03-01 02:05:00.000000000,8.986996845082029,54.659677728041075,10058.4,26200.382022635047,216.60161,0.37225348836305744,0.6272255397342724,1.0,0.0,0.0,13.80001211255036
GC0_FL330,2022-03-01 02:06:00.000000000,9.171837545112288,54.72283465831418,10058.4,26200.382022635047,216.65196,0.3683558702034851,0.6204393044499404,1.0,0.0,0.0,13.800006233064313
GC0_FL330,2022-03-01 02:07:00.000000000,9.357253658759396,54.785709668331585,10058.4,26200.382022635047,216.7018,0.3615119258940363,0.6087015176605375,1.0,0.0,0.0,13.800000335060249
GC0_FL330,2022-03-01 02:08:00.000000000,9.543245724821515,54.84830122297688,10058.4,26200.382022635047,216.74019,0.3569082030649068,0.6007905494471178,1.0,0.0,0.0,13.79999442053751
GC0_FL330,2022-03-01 02:09:00.000000000,9.729814247803706,54.91060778318973,10058.4,26200.382022635047,216.76321,0.3582923026974167,0.6030224047723811,1.0,0.0,0.0,13.799988491549682
GC0_FL330,2022-03-01 02:10:00.000000000,9.916959697363977,54.97262780605501,10058.4,26200.382022635047,216.78554,0.3563792881511914,0.5997086837377228,1.0,0.0,0.0,6.1100550360113415
GC0_FL330,2022-03-01 02:10:26.566305980,10.0,55.0,10058.4,26200.382022635047,216.80293,0.3525782207666313,0.5932410494460604,1.0,0.0,0.0,0.0
NW150_FL330,2022-03-01 00:00:00.000000000,-10.000000000000002,45.00000000000001,10058.4,26200.382022635047,216.48128,0.704215650854562,1.1875518593467234,1.0,1.0,1.0,13.800014615529586
NW150_FL330,2022-03-01 00:01:00.000000000,-9.911943680217473,45.10739059751919,10058.4,26200.382022635047,216.4661,0.7044593472846464,1.1880892146125548,1.0,1.0,1.0,13.800013510743517
NW150_FL330,2022-03-01 00:02:00.000000000,-9.823535417039643,45.21470503205091,10058.4,26200.382022635047,216.46167,0.7060630838018654,1.190828035639031,1.0,1.0,1.0,13.800012336604626
NW150_FL330,2022-03-01 00:03:00.000000000,-9.734752775491534,45.32193450949788,10058.4,26200.382022635047,216.4851,0.7054039070523819,1.1895235916943385,1.0,1.0,1.0,13.800011102228465
NW150_FL330,2022-03-01 00:04:00.000000000,-9.64557321962325,45.4290701602766,10058.4,26200.382022635047,216.51584,0.7038174811745834,1.1865983343553952,1.0,1.0,1.0,13.800009817596628
NW150_FL330,2022-03-01 00:05:00.000000000,-9.555974120765597,45.53610303447345,10058.4,26200.382022635047,216.55676,0.7006315519691028,1.1808900263476865,1.0,1.0,1.0,13.800008493466299
NW150_FL330,2022-03-01 00:06:00.000000000,-9.465932766099801,45.64302409705574,10058.4,26200.382022635047,216.61967,0.6934042872608334,1.1681975107843694,1.0,1.0,1.0,13.8000071412585
NW150_FL330,2022-03-01 00:07:00.000000000,-9.37542636757764,45.74982422315823,10058.4,26200.382022635047,216.67517,0.6863978064188205,1.1559481438238473,1.0,1.0,1.0,13.800005772917848
NW150_FL330,2022-03-01 00:08:00.000000000,-9.284432071228174,45.85649419346592,10058.4,26200.382022635047,216.74586,0.6733915713844524,1.1334865367679028,1.0,1.0,1.0,13.800004400762623
NW150_FL330,2022-03-01 00:09:00.000000000,-9.192926966886413,45.96302468971482,10058.4,26200.382022635047,216.80568,0.6566800361896575,1.1048964616864028,1.0,1.0,1.0,13.800003037318143
NW150_FL330,2022-03-01 00:10:00.000000000,-9.100888098379096,46.069406290332594,10058.4,26200.382022635047,216.84804,0.6353386803855811,1.0686732245992987,1.0,1.0,1.0,13.800001695131416
NW150_FL330,2022-03-01 00:11:00.000000000,-9.008292474201193,46.175629466241716,10058.4,26200.382022635047,216.88306,0.6118301373062744,1.0288789542808705,1.0,1.0,1.0,13.800000386583605
NW150_FL330,2022-03-01 00:12:00.000000000,-8.915117078716126,46.2816845768484,10058.4,26200.382022635047,216.84158,0.5992476368168033,1.0080124586390622,1.0,1.0,1.0,13.799999123681374
NW150_FL330,2022-03-01 00:13:00.000000000,-8.82133888391088,46.38756186624089,10058.4,26200.382022635047,216.75482,0.5973045483237415,1.0053491281070754,1.0,1.0,1.0,13.799997917859939
NW150_FL330,2022-03-01 00:14:00.000000000,-8.726934861735826,46.49325145962168,10058.4,26200.382022635047,216.66768,0.5980620871405871,1.0072368691021347,1.0,1.0,1.0,13.799996779771385
NW150_FL330,2022-03-01 00:15:00.000000000,-8.631881997057086,46.59874335999853,10058.4,26200.382022635047,216.56029,0.6069437004993861,1.0229571799281731,1.0,1.0,1.0,13.799995719077321
NW150_FL330,2022-03-01 00:16:00.000000000,-8.536157301247139,46.70402744515966,10058.4,26200.382022635047,216.4773,0.6133446499796887,1.0343411000323852,1.0,1.0,1.0,13.79999474425429
NW150_FL330,2022-03-01 00:17:00.000000000,-8.439737826436936,46.809093464959474,10058.4,26200.382022635047,216.42715,0.6150190948359764,1.0375253125969592,1.0,1.0,1.0,13.799993862396043
NW150_FL330,2022-03-01 00:18:00.000000000,-8.342600680450126,46.91393103894103,10058.4,26200.382022635047,216.39679,0.6135537340987778,1.0352703245900745,1.0,1.0,1.0,13.799993079039334
NW150_FL330,2022-03-01 00:19:00.000000000,-8.244723042436963,47.01852965432236,10058.4,26200.382022635047,216.37839,0.6104847775147825,1.030221759876205,1.0,1.0,1.0,13.79999239800333
NW150_FL330,2022-03-01 00:20:00.000000000,-8.146082179222427,47.12287866437407,10058.4,26200.382022635047,216.39992,0.6007638666109416,1.013668965309357,1.0,1.0,1.0,13.799991821243808
NW150_FL330,2022-03-01 00:21:00.000000000,-8.046655462379125,47.22696728721557,10058.4,26200.382022635047,216.43399,0.5882753806515091,0.9923604088238965,1.0,0.0,0.0,13.79999134873503
NW150_FL330,2022-03-01 00:22:00.000000000,-7.946420386032092,47.33078460505782,10058.4,26200.382022635047,216.47533,0.5799408750920789,0.9780211708156703,1.0,0.0,0.0,13.799990978379531
NW150_FL330,2022-03-01 00:23:00.000000000,-7.845354585398439,47.434319563920425,10058.4,26200.382022635047,216.55182,0.5716112189089804,0.9634626424136856,1.0,0.0,0.0,13.799990705942896
NW150_FL330,2022-03-01 00:24:00.000000000,-7.743435856059993,47.537560973850695,10058.4,26200.382022635047,216.6445,0.5617318184960499,0.9462035256896337,1.0,0.0,0.0,13.799990525026583
NW150_FL330,2022-03-01 00:25:00.000000000,-7.640642173962943,47.64049750967218,10058.4,26200.382022635047,216.7151,0.5550450275431688,0.9344804977847075,1.0,0.0,0.0,13.799990427059264
NW150_FL330,2022-03-01 00:26:00.000000000,-7.536951716133178,47.743117712289695,10058.4,26200.382022635047,216.82504,0.5418382781835925,0.9115458014960623,1.0,0.0,0.0,13.799990401351167
NW150_FL330,2022-03-01 00:27:00.000000000,-7.432342882090881,47.84540999057738,10058.4,26200.382022635047,216.91872,0.5308543899213894,0.8924827667210112,1.0,0.0,0.0,13.799990435152703
NW150_FL330,2022-03-01 00:28:00.000000000,-7.32679431594254,47.94736262387532,10058.4,26200.382022635047,217.00822,0.5191114530329927,0.8721944013366855,1.0,0.0,0.0,13.799990513782763
NW150_FL330,2022-03-01 00:29:00.000000000,-7.220284929122936,48.04896376511957,10058.4,26200.382022635047,217.08414,0.5073948221609877,0.852054587646785,1.0,0.0,0.0,13.799990620759637
NW150_FL330,2022-03-01 00:30:00.000000000,-7.112793923753648,48.15020144462874,10058.4,26200.382022635047,217.13239,0.5010622786822491,0.8411343855851529,1.0,0.0,0.0,13.799990738007454
NW150_FL330,2022-03-01 00:31:00.000000000,-7.00430081657882,48.251063574569415,10058.4,26200.382022635047,217.1781,0.495193161362074,0.8310167130827879,1.0,0.0,0.0,13.799990846062991
NW150_FL330,2022-03-01 00:32:00.000000000,-6.894785463432784,48.351537954120296,10058.4,26200.382022635047,217.19244,0.4952378523495698,0.8310082664857427,1.0,0.0,0.0,13.79999092434128
NW150_FL330,2022-03-01 00:33:00.000000000,-6.784228084187853,48.45161227535354,10058.4,26200.382022635047,217.19687,0.49688362934715785,0.8337427642829554,1.0,0.0,0.0,13.79999095142065
NW150_FL330,2022-03-01 00:34:00.000000000,-6.672609288124424,48.55127412984912,10058.4,26200.382022635047,217.20113,0.49868423569035847,0.8367397166082511,1.0,0.0,0.0,13.799990905357314
NW150_FL330,2022-03-01 00:35:00.000000000,-6.559910099659522,48.650511016055766,10058.4,26200.382022635047,217.19312,0.497506029269876,0.834810535939017,1.0,0.0,0.0,13.799990764032621
NW150_FL330,2022-03-01 00:36:00.000000000,-6.446111984363311,48.74931034740906,10058.4,26200.382022635047,217.15448,0.49800119334104787,0.8358676664604459,1.0,0.0,0.0,13.799990505510175
NW150_FL330,2022-03-01 00:37:00.000000000,-6.331196875187807,48.84765946121438,10058.4,26200.382022635047,217.1396,0.4922662056123266,0.8263295775328237,1.0,0.0,0.0,13.799990108416592
NW150_FL330,2022-03-01 00:38:00.000000000,-6.215147198825244,48.94554562829887,10058.4,26200.382022635047,217.1033,0.4870041854309501,0.8177023454877157,1.0,0.0,0.0,13.799989552329267
NW150_FL330,2022-03-01 00:39:00.000000000,-6.097945902109083,49.04295606343325,10058.4,26200.382022635047,217.06433,0.4891660520390062,0.8215581577653323,1.0,0.0,0.0,13.799988818168638
NW150_FL330,2022-03-01 00:40:00.000000000,-5.979576478364332,49.13987793652022,10058.4,26200.382022635047,217.03577,0.4905507618885012,0.8240480014034658,1.0,0.0,0.0,13.799987888596085
NW150_FL330,2022-03-01 00:41:00.000000000,-5.860022993609616,49.23629838454239,10058.4,26200.382022635047,216.99042,0.48844969298329605,0.8207790902404908,1.0,0.0,0.0,13.799986748391927
NW150_FL330,2022-03-01 00:42:00.000000000,-5.739270112508919,49.33220452425832,10058.4,26200.382022635047,216.97649,0.47980082536501056,0.8063251303864138,1.0,0.0,0.0,13.799985384831924
NW150_FL330,2022-03-01 00:43:00.000000000,-5.617303123966524,49.42758346563079,10058.4,26200.382022635047,216.96725,0.47413244576085667,0.7968497288706267,1.0,0.0,0.0,13.799983788033904
NW150_FL330,2022-03-01 00:44:00.000000000,-5.4941079662560375,49.52242232596687,10058.4,26200.382022635047,216.96402,0.45758774569929733,0.7690608862713061,1.0,0.0,0.0,13.799981951284067
NW150_FL330,2022-03-01 00:45:00.000000000,-5.369671251570929,49.61670824474481,10058.4,26200.382022635047,216.99568,0.443301613241218,0.7448859983682532,1.0,0.0,0.0,13.799979871326002
NW150_FL330,2022-03-01 00:46:00.000000000,-5.243980289882591,49.710428399097715,10058.4,26200.382022635047,217.02815,0.4297201995886571,0.721899621004307,1.0,0.0,0.0,13.799977548611706
NW150_FL330,2022-03-01 00:47:00.000000000,-5.117023111990287,49.803570019919526,10058.4,26200.382022635047,217.07996,0.4160528821546213,0.6986867438655943,1.0,0.0,0.0,13.799974987505227
NW150_FL330,2022-03-01 00:48:00.000000000,-4.988788491647018,49.896120408553536,10058.4,26200.382022635047,217.148,0.3997622562601943,0.6710097053424418,1.0,0.0,0.0,13.799972196443608
NW150_FL330,2022-03-01 00:49:00.000000000,-4.85926596664584,49.98806695401959,10058.4,26200.382022635047,217.2044,0.390136222984953,0.6545929339629765,1.0,0.0,0.0,13.79996918802526
NW150_FL330,2022-03-01 00:50:00.000000000,-4.728445858752139,50.079397150730635,10058.4,26200.382022635047,217.27014,0.38281359982499474,0.6420090710967693,1.0,0.0,0.0,13.799965979069924
NW150_FL330,2022-03-01 00:51:00.000000000,-4.596319292369935,50.17009861664571,10058.4,26200.382022635047,217.3263,0.37274654800222523,0.624878377946962,1.0,0.0,0.0,13.799962590579305
NW150_FL330,2022-03-01 00:52:00.000000000,-4.462878211833166,50.26015911180118,10058.4,26200.382022635047,217.37845,0.36335974257898584,0.6089181047916407,1.0,0.0,0.0,13.799959047664926
NW150_FL330,2022-03-01 00:53:00.000000000,-4.328115397217069,50.34956655715893,10058.4,26200.382022635047,217.41095,0.35886900230468427,0.601254107992498,1.0,0.0,0.0,13.799955379398677
NW150_FL330,2022-03-01 00:54:00.000000000,-4.192024478569649,50.43830905370571,10058.4,26200.382022635047,217.43535,0.3560338501055022,0.5964011816882913,1.0,0.0,0.0,13.799951618596008
NW150_FL330,2022-03-01 00:55:00.000000000,-4.05459994846935,50.526374901734854,10058.4,26200.382022635047,217.44336,0.3565912069294762,0.5973017913202586,1.0,0.0,0.0,13.799947801542151
NW150_FL330,2022-03-01 00:56:00.000000000,-3.915837172821923,50.61375262023863,10058.4,26200.382022635047,217.43921,0.3623564766285709,0.6069761807321553,1.0,0.0,0.0,13.799961634315533
NW150_FL330,2022-03-01 00:57:00.000000000,-3.775730534366871,50.70042998100058,10058.4,26200.382022635047,217.43324,0.37240163241782664,0.6238292320016614,1.0,0.0,0.0,13.800015187556577
NW150_FL330,2022-03-01 00:58:00.000000000,-3.634272966085093,50.78639370865784,10058.4,26200.382022635047,217.37929,0.38260014384048113,0.6411569346995515,1.0,0.0,0.0,13.800009923240955
NW150_FL330,2022-03-01 00:59:00.000000000,-3.491468425213449,50.87163617748502,10058.4,26200.382022635047,217.29903,0.3992602333218479,0.6694542470022298,1.0,0.0,0.0,13.800004456466626
NW150_FL330,2022-03-01 01:00:00.000000000,-3.3473158711349957,50.956146985350514,10058.4,26200.382022635047,217.21727,0.41784724573246884,0.7010235357990482,1.0,0.0,0.0,13.799998839363584
NW150_FL330,2022-03-01 01:01:00.000000000,-3.201815162333295,51.03991604591398,10058.4,26200.382022635047,217.10893,0.43687530521786705,0.7335045698691338,1.0,0.0,0.0,13.799993126409735
NW150_FL330,2022-03-01 01:02:00.000000000,-3.0549670550937402,51.122933607024926,10058.4,26200.382022635047,216.99138,0.45178211081186237,0.7591597275462193,1.0,0.0,0.0,13.799987373795798
NW150_FL330,2022-03-01 01:03:00.000000000,-2.9067732000863327,51.20519026867862,10058.4,26200.382022635047,216.90213,0.4642684507159953,0.780627688835584,1.0,0.0,0.0,13.799981638763203
NW150_FL330,2022-03-01 01:04:00.000000000,-2.75723613682413,51.28667700045241,10058.4,26200.382022635047,216.81679,0.4802646146019189,0.8080053493345762,1.0,0.0,0.0,13.799975978917063
NW150_FL330,2022-03-01 01:05:00.000000000,-2.6063592860038653,51.367385158347936,10058.4,26200.382022635047,216.73175,0.4950205297306167,0.8333263340444803,1.0,0.0,0.0,13.799970451534813
NW150_FL330,2022-03-01 01:06:00.000000000,-2.4541469397475377,51.44730650096773,10058.4,26200.382022635047,216.67029,0.5088050306988887,0.8568962797908258,1.0,0.0,0.0,13.799965112869177
NW150_FL330,2022-03-01 01:07:00.000000000,-2.300604249774821,51.526433204957165,10058.4,26200.382022635047,216.60762,0.5192581685551275,0.8748831374282745,1.0,0.0,0.0,13.799960017463881
NW150_FL330,2022-03-01 01:08:00.000000000,-2.145737213549071,51.60475787964777,10058.4,26200.382022635047,216.5345,0.5268427607556673,0.8881118928957688,1.0,0.0,0.0,13.799955217494318
NW150_FL330,2022-03-01 01:09:00.000000000,-1.9895526584501013,51.682273580841326,10058.4,26200.382022635047,216.48047,0.5338937405263824,0.9003361892260671,1.0,0.0,0.0,13.799950762132118
NW150_FL330,2022-03-01 01:10:00.000000000,-1.832058224038491,51.758973823679455,10058.4,26200.382022635047,216.4317,0.5362852662329322,0.9046727554391686,1.0,0.0,0.0,13.799946696952656
NW150_FL330,2022-03-01 01:11:00.000000000,-1.6732623424866224,51.83485259454882,10058.4,26200.382022635047,216.38086,0.536852548541901,0.9059510248235593,1.0,0.0,0.0,13.799943063395368
NW150_FL330,2022-03-01 01:12:00.000000000,-1.513174217261294,51.909904361977446,10058.4,26200.382022635047,216.34038,0.5369434142439482,0.9063565979132802,1.0,0.0,0.0,13.799939898272926
NW150_FL330,2022-03-01 01:13:00.000000000,-1.3518038001522044,51.98412408648381,10058.4,26200.382022635047,216.30673,0.5343589766446456,0.9022039201165868,1.0,0.0,0.0,13.799939745243607
NW150_FL330,2022-03-01 01:14:00.000000000,-1.1891615462200298,52.057507082236924,10058.4,26200.382022635047,216.27644,0.5324078867917926,0.8990968841198013,1.0,0.0,0.0,13.800020924011612
NW150_FL330,2022-03-01 01:15:00.000000000,-1.0252518319892376,52.13004458185368,10058.4,26200.382022635047,216.25725,0.5301763555658355,0.8954475424672222,1.0,0.0,0.0,13.800013978858964
NW150_FL330,2022-03-01 01:16:00.000000000,-0.8600941937770141,52.20173800568454,10058.4,26200.382022635047,216.25702,0.524333368558599,0.8855798610927863,1.0,0.0,0.0,13.800007477983955
NW150_FL330,2022-03-01 01:17:00.000000000,-0.6937013373187131,52.27258437763797,10058.4,26200.382022635047,216.2552,0.5184011118709134,0.8755714400677049,1.0,0.0,0.0,13.800001452770012
NW150_FL330,2022-03-01 01:18:00.000000000,-0.5260865789675423,52.34258124591907,10058.4,26200.382022635047,216.25093,0.5117362077054753,0.8643398937171052,1.0,0.0,0.0,13.799995928589095
NW150_FL330,2022-03-01 01:19:00.000000000,-0.35726381511859207,52.4117266860437,10058.4,26200.382022635047,216.25616,0.503438428706195,0.8502944058329198,1.0,0.0,0.0,13.79999092471825
NW150_FL330,2022-03-01 01:20:00.000000000,-0.1872474908346242,52.480019302721765,10058.4,26200.382022635047,216.26416,0.49478368970678616,0.8356312734621262,1.0,0.0,0.0,13.799986454317708
NW150_FL330,2022-03-01 01:21:00.000000000,-0.0160525678074433,52.54745823062341,10058.4,26200.382022635047,216.26399,0.48706933242097905,0.8226038900393235,1.0,0.0,0.0,13.799982524503399
NW150_FL330,2022-03-01 01:22:00.000000000,0.15630550821031364,52.614043134048934,10058.4,26200.382022635047,216.22665,0.4891724741647178,0.826369015026348,1.0,0.0,0.0,13.79997913648606
NW150_FL330,2022-03-01 01:23:00.000000000,0.329810840369795,52.67977420552756,10058.4,26200.382022635047,216.19171,0.4906792128456998,0.8291137442519249,1.0,0.0,0.0,13.799976285786364
NW150_FL330,2022-03-01 01:24:00.000000000,0.5044471139547051,52.74465216337665,10058.4,26200.382022635047,216.16077,0.49174411705104243,0.8310876621855273,1.0,0.0,0.0,13.799973962517008
NW150_FL330,2022-03-01 01:25:00.000000000,0.680197629744843,52.80867824825721,10058.4,26200.382022635047,216.08241,0.5054840878969418,0.8547714384618466,1.0,0.0,0.0,13.799972151720771
NW150_FL330,2022-03-01 01:26:00.000000000,0.857045337388637,52.8718542187659,10058.4,26200.382022635047,216.0033,0.5186184581653198,0.8774584642456317,1.0,0.0,0.0,13.799970833761792
NW150_FL330,2022-03-01 01:27:00.000000000,1.034972868662569,52.93418234610838,10058.4,26200.382022635047,215.92216,0.5316425904381025,0.8999935402280338,1.0,0.0,0.0,13.799969984769
NW150_FL330,2022-03-01 01:28:00.000000000,1.2139625705007244,52.99566540790184,10058.4,26200.382022635047,215.82944,0.5467246586062415,0.9261137827393466,1.0,0.0,0.0,13.799969577100743
NW150_FL330,2022-03-01 01:29:00.000000000,1.3939965376829655,53.056306681157686,10058.4,26200.382022635047,215.74348,0.5609428919607037,0.9507580346274418,1.0,0.0,0.0,13.799969579857322
NW150_FL330,2022-03-01 01:30:00.000000000,1.5750566450764563,53.11610993449817,10058.4,26200.382022635047,215.66574,0.5741228440815528,0.973612633172428,1.0,0.0,0.0,13.799969959394309
NW150_FL330,2022-03-01 01:31:00.000000000,1.7571245793312809,53.17507941966272,10058.4,26200.382022635047,215.59644,0.5867147549605546,0.9954354369273261,1.0,0.0,0.0,13.799970679859165
NW150_FL330,2022-03-01 01:32:00.000000000,1.9401818699385918,53.23321986236095,10058.4,26200.382022635047,215.55737,0.5962284946270271,1.0118451005742672,1.0,1.0,1.0,13.799971703727884
NW150_FL330,2022-03-01 01:33:00.000000000,2.1242099195660367,53.29053645253109,10058.4,26200.382022635047,215.51752,0.606192398106282,1.0290332832795432,1.0,1.0,1.0,13.799972992333837
NW150_FL330,2022-03-01 01:34:00.000000000,2.3091900335932243,53.34703483406254,10058.4,26200.382022635047,215.48744,0.6154629990985298,1.0449861392940947,1.0,1.0,1.0,13.799974506384897
NW150_FL330,2022-03-01 01:35:00.000000000,2.4951034487770922,53.402721094041766,10058.4,26200.382022635047,215.48042,0.6219033649186457,1.0559703762654542,1.0,1.0,1.0,13.799976206465772
NW150_FL330,2022-03-01 01:36:00.000000000,2.6819313609848683,53.457601751580526,10058.4,26200.382022635047,215.47345,0.6279312696606094,1.0662549772392043,1.0,1.0,1.0,13.799978053504757
NW150_FL330,2022-03-01 01:37:00.000000000,2.8696549519397707,53.511683746284476,10058.4,26200.382022635047,215.47588,0.630338809271473,1.0703270214028726,1.0,1.0,1.0,13.799980009221503
NW150_FL330,2022-03-01 01:38:00.000000000,3.0582554149321086,53.56497442641937,10058.4,26200.382022635047,215.484,0.631588269060133,1.0723862071066743,1.0,1.0,1.0,13.799982036526542
NW150_FL330,2022-03-01 01:39:00.000000000,3.2477139794557783,53.61748153683056,10058.4,26200.382022635047,215.48912,0.6340876987606701,1.0765941098247136,1.0,1.0,1.0,13.799984099891018
NW150_FL330,2022-03-01 01:40:00.000000000,3.4380119347371982,53.6692132066701,10058.4,26200.382022635047,215.49579,0.637121789012056,1.0816962116080255,1.0,1.0,1.0,13.799986165670656
NW150_FL330,2022-03-01 01:41:00.000000000,3.629130652131118,53.72017793698295,10058.4,26200.382022635047,215.50056,0.6418052251986132,1.0896142162938616,1.0,1.0,1.0,13.79998820237766
NW150_FL330,2022-03-01 01:42:00.000000000,3.821051606363487,53.770384588202695,10058.4,26200.382022635047,215.50105,0.6492933575658355,1.102323791957697,1.0,1.0,1.0,13.799990180922991
NW150_FL330,2022-03-01 01:43:00.000000000,4.013756395608983,53.81984236760365,10058.4,26200.382022635047,215.4996,0.6575232482095229,1.1163055384116702,1.0,1.0,1.0,13.79999207479392
NW150_FL330,2022-03-01 01:44:00.000000000,4.207226760395775,53.868560816754226,10058.4,26200.382022635047,215.53178,0.6517229926311201,1.106216666051239,1.0,1.0,1.0,13.79999386020077
NW150_FL330,2022-03-01 01:45:00.000000000,4.401444601336398,53.9165497990135,10058.4,26200.382022635047,215.57375,0.6420915332464369,1.089558794318345,1.0,1.0,1.0,13.799995516168021
NW150_FL330,2022-03-01 01:46:00.000000000,4.59639199568854,53.96381948710966,10058.4,26200.382022635047,215.6247,0.6204963757717186,1.0525478276153561,1.0,1.0,1.0,13.799997024593432
NW150_FL330,2022-03-01 01:47:00.000000000,4.792051212754257,54.01038035083665,10058.4,26200.382022635047,215.68321,0.5888031122581796,0.9983896643236511,1.0,0.0,0.0,13.799998370255315
NW150_FL330,2022-03-01 01:48:00.000000000,4.988404728130883,54.05624314490155,10058.4,26200.382022635047,215.73804,0.5618645654439083,0.9523554974703989,1.0,0.0,0.0,13.799999540791967
NW150_FL330,2022-03-01 01:49:00.000000000,5.185435236830494,54.101418896952666,10058.4,26200.382022635047,215.73074,0.5651153947796203,0.9579106308537663,1.0,0.0,0.0,13.800000526639762
NW150_FL330,2022-03-01 01:50:00.000000000,5.383125665288684,54.14591889581483,10058.4,26200.382022635047,215.70447,0.5757531237526937,0.9761197051579578,1.0,0.0,0.0,13.800001320950413
NW150_FL330,2022-03-01 01:51:00.000000000,5.581459182286482,54.18975467995547,10058.4,26200.382022635047,215.65762,0.5932029180802233,1.0060256293106669,1.0,1.0,1.0,13.800001919470516
NW150_FL330,2022-03-01 01:52:00.000000000,5.780419208811863,54.23293802620198,10058.4,26200.382022635047,215.6101,0.6118098143030721,1.0379165592910118,1.0,1.0,1.0,13.800002320404134
NW150_FL330,2022-03-01 01:53:00.000000000,5.979989426890096,54.27548093872749,10058.4,26200.382022635047,215.57254,0.6284671138793583,1.0664464658555284,1.0,1.0,1.0,13.800002524262844
NW150_FL330,2022-03-01 01:54:00.000000000,6.180153787413816,54.31739563831984,10058.4,26200.382022635047,215.58405,0.6395681328505444,1.085197432454954,1.0,1.0,1.0,13.800002533692991
NW150_FL330,2022-03-01 01:55:00.000000000,6.3808965170056196,54.35869455194499,10058.4,26200.382022635047,215.60962,0.6488512875869858,1.10075907044931,1.0,1.0,1.0,13.800002353293928
NW150_FL330,2022-03-01 01:56:00.000000000,6.5822021239473365,54.399390302613654,10058.4,26200.382022635047,215.65523,0.6570857212288307,1.114380884131344,1.0,1.0,1.0,13.80000198943833
NW150_FL330,2022-03-01 01:57:00.000000000,6.784055403211021,54.4394956995573,10058.4,26200.382022635047,215.71869,0.6660743556911529,1.1291389485995904,1.0,1.0,1.0,13.800001450080874
NW150_FL330,2022-03-01 01:58:00.000000000,6.986441440627737,54.479023728716754,10058.4,26200.382022635047,215.7806,0.6791653414348363,1.150842908149907,1.0,1.0,1.0,13.800000744570198
NW150_FL330,2022-03-01 01:59:00.000000000,7.18934561623043,54.51798754354435,10058.4,26200.382022635047,215.83276,0.6661498957194584,1.1283854526929882,1.0,1.0,1.0,13.799999883471097
NW150_FL330,2022-03-01 02:00:00.000000000,7.392753606807693,54.55640045611831,10058.4,26200.382022635047,215.88707,0.6476575336662533,1.096655134021505,1.0,1.0,1.0,13.799998878381079
NW150_FL330,2022-03-01 02:01:00.000000000,7.596651387704953,54.594275928565615,10058.4,26200.382022635047,215.94652,0.6143570230543467,1.0398433232270519,1.0,1.0,1.0,13.799997741767196
NW150_FL330,2022-03-01 02:02:00.000000000,7.801025233909899,54.63162756478736,10058.4,26200.382022635047,216.00981,0.5705056412308918,0.9652048717914276,1.0,0.0,0.0,13.799996486806835
NW150_FL330,2022-03-01 02:03:00.000000000,8.005861720458118,54.66846910247922,10058.4,26200.382022635047,216.07239,0.5301989885638609,0.8966258148278744,1.0,0.0,0.0,13.799995127240448
NW150_FL330,2022-03-01 02:04:00.000000000,8.21114772219488,54.70481440543687,10058.4,26200.382022635047,216.15521,0.4886216494693471,0.825844680584615,1.0,0.0,0.0,13.799993677240758
NW150_FL330,2022-03-01 02:05:00.000000000,8.416870412928134,54.74067745613532,10058.4,26200.382022635047,216.23355,0.45620673180030724,0.7706419002651002,1.0,0.0,0.0,13.799992151289874
NW150_FL330,2022-03-01 02:06:00.000000000,8.623017264007114,54.77607234856892,10058.4,26200.382022635047,216.32037,0.43139829101717864,0.7282982420411849,1.0,0.0,0.0,13.799990564074568
NW150_FL330,2022-03-01 02:07:00.000000000,8.829576042360262,54.81101328133762,10058.4,26200.382022635047,216.41164,0.41137477565415187,0.6940563483424597,1.0,0.0,0.0,13.799988930389441
NW150_FL330,2022-03-01 02:08:00.000000000,9.036534808025143,54.845514550963514,10058.4,26200.382022635047,216.49687,0.39532533664441116,0.6665834785175612,1.0,0.0,0.0,13.799987265057572
NW150_FL330,2022-03-01 02:09:00.000000000,9.243881911202225,54.87959054542058,10058.4,26200.382022635047,216.58116,0.38226411169141133,0.6441828514936239,1.0,0.0,0.0,13.799985582857834
NW150_FL330,2022-03-01 02:10:00.000000000,9.451605988863491,54.91325573785914,10058.4,26200.382022635047,216.65591,0.36948314985374564,0.6223220389257891,1.0,0.0,0.0,13.799983898464221
NW150_FL330,2022-03-01 02:11:00.000000000,9.659695960945642,54.94652468050605,10058.4,26200.382022635047,216.71327,0.36362718983449205,0.6122143746184371,1.0,0.0,0.0,13.799982226394873
NW150_FL330,2022-03-01 02:12:00.000000000,9.868141026157087,54.97941199871997,10058.4,26200.382022635047,216.76305,0.35844257994267775,0.6032767510694488,1.0,0.0,0.0,8.717907553283178
NW150_FL330,2022-03-01 02:12:37.904240283,10.0,55.0,10058.4,26200.382022635047,216.79686,0.3533202355633792,0.5945151833126691,1.0,0.0,0.0,0.0
NW300_FL330,2022-03-01 00:00:00.000000000,-10.000000000000002,45.00000000000001,10058.4,26200.382022635047,216.48128,0.704215650854562,1.1875518593467234,1.0,1.0,1.0,13.800034843118594
NW300_FL330,2022-03-01 00:01:00.000000000,-9.948323151402047,45.11861698721326,10058.4,26200.382022635047,216.44113,0.7024499980168171,1.1849064435169552,1.0,1.0,1.0,13.800006665435859
NW300_FL330,2022-03-01 00:02:00.000000000,-9.896402137726424,45.2372040256995,10058.4,26200.382022635047,216.4069,0.7016380391145164,1.1838161517137165,1.0,1.0,1.0,13.799977763173437
NW300_FL330,2022-03-01 00:03:00.000000000,-9.844205048187119,45.355754336568715,10058.4,26200.382022635047,216.4116,0.6969002456304506,1.175786444871256,1.0,1.0,1.0,13.800003201880159
NW300_FL330,2022-03-01 00:04:00.000000000,-9.79169221545635,45.47425993803365,10058.4,26200.382022635047,216.41867,0.69209048421976,1.1676110039213619,1.0,1.0,1.0,13.800019831035982
NW300_FL330,2022-03-01 00:05:00.000000000,-9.73883020753365,45.592713564836444,10058.4,26200.382022635047,216.45148,0.6855480692893379,1.1563103108158252,1.0,1.0,1.0,13.799990542186567
NW300_FL330,2022-03-01 00:06:00.000000000,-9.68559173693477,45.711108893423734,10058.4,26200.382022635047,216.49124,0.6776210580953421,1.1426265068477486,1.0,1.0,1.0,13.799966575556896
NW300_FL330,2022-03-01 00:07:00.000000000,-9.631942676019541,45.82943851868831,10058.4,26200.382022635047,216.54619,0.6682334893926157,1.1263669765799718,1.0,1.0,1.0,13.800034470564826
NW300_FL330,2022-03-01 00:08:00.000000000,-9.577832641962,45.94769216492699,10058.4,26200.382022635047,216.608,0.6579453558655945,1.1085499784484687,1.0,1.0,1.0,13.800004853679956
NW300_FL330,2022-03-01 00:09:00.000000000,-9.523242741476356,46.0658646319852,10058.4,26200.382022635047,216.66287,0.6404501177642814,1.078660792875742,1.0,1.0,1.0,13.799975174589125
NW300_FL330,2022-03-01 00:10:00.000000000,-9.468138670649463,46.1839481275579,10058.4,26200.382022635047,216.70712,0.616076846366869,1.037289452426402,1.0,1.0,1.0,13.799996337513656
NW300_FL330,2022-03-01 00:11:00.000000000,-9.412475134560134,46.30193273606196,10058.4,26200.382022635047,216.7111,0.5967153239717861,1.0046641287060694,1.0,1.0,1.0,13.80002177829723
NW300_FL330,2022-03-01 00:12:00.000000000,-9.356214232217248,46.41980959140651,10058.4,26200.382022635047,216.67459,0.5832798900471211,0.98229502822901,1.0,0.0,0.0,13.799991978487872
NW300_FL330,2022-03-01 00:13:00.000000000,-9.299331078055891,46.53757207105862,10058.4,26200.382022635047,216.61258,0.5758330053782911,0.9701697694023531,1.0,0.0,0.0,13.79996288903523
NW300_FL330,2022-03-01 00:14:00.000000000,-9.2417896335749,46.65521139046437,10058.4,26200.382022635047,216.49199,0.5826668750542601,0.9825064992689035,1.0,0.0,0.0,13.800017586397669
NW300_FL330,2022-03-01 00:15:00.000000000,-9.183533336757865,46.77271458254579,10058.4,26200.382022635047,216.35338,0.5929046523308826,1.0007291866257582,1.0,1.0,1.0,13.800012642606154
NW300_FL330,2022-03-01 00:16:00.000000000,-9.124537269676559,46.8900744241367,10058.4,26200.382022635047,216.18102,0.6101683522724267,1.0310934027266057,1.0,1.0,1.0,13.799983478538548
NW300_FL330,2022-03-01 00:17:00.000000000,-9.06476959695927,47.00728223711839,10058.4,26200.382022635047,216.03113,0.6255372043396474,1.0581539918155856,1.0,1.0,1.0,13.799955874461615
NW300_FL330,2022-03-01 00:18:00.000000000,-9.004192371172094,47.124327917170994,10058.4,26200.382022635047,215.9216,0.637419397118374,1.079065292349049,1.0,1.0,1.0,13.800022795812414
NW300_FL330,2022-03-01 00:19:00.000000000,-8.942742331284771,47.241195837621795,10058.4,26200.382022635047,215.82935,0.6467732373391799,1.0955898754435351,1.0,1.0,1.0,13.80000943014113
NW300_FL330,2022-03-01 00:20:00.000000000,-8.880399361758288,47.35787881023055,10058.4,26200.382022635047,215.7292,0.653291612443203,1.1073898006229184,1.0,1.0,1.0,13.79998144097103
NW300_FL330,2022-03-01 00:21:00.000000000,-8.81712804662872,47.47436632203423,10058.4,26200.382022635047,215.65344,0.6552970025530835,1.1113637076662384,1.0,1.0,1.0,13.799955751288898
NW300_FL330,2022-03-01 00:22:00.000000000,-8.752888484884062,47.59064660231162,10058.4,26200.382022635047,215.59547,0.6503867127006447,1.1034707171991613,1.0,1.0,1.0,13.79999974357544
NW300_FL330,2022-03-01 00:23:00.000000000,-8.687621184744504,47.70670318021615,10058.4,26200.382022635047,215.55052,0.6418362714693147,1.0892967783988539,1.0,1.0,1.0,13.800014603485252
NW300_FL330,2022-03-01 00:24:00.000000000,-8.6212916133352,47.822524520353284,10058.4,26200.382022635047,215.54604,0.6282739999330059,1.0663127395380179,1.0,1.0,1.0,13.799987752859257
NW300_FL330,2022-03-01 00:25:00.000000000,-8.553869741791866,47.93809981100981,10058.4,26200.382022635047,215.56189,0.6133504830709825,1.0408716727236893,1.0,1.0,1.0,13.79996366704769
NW300_FL330,2022-03-01 00:26:00.000000000,-8.485313856181833,48.05341525950304,10058.4,26200.382022635047,215.60233,0.595852870706548,1.0108993127693933,1.0,1.0,1.0,13.799942842235483
NW300_FL330,2022-03-01 00:27:00.000000000,-8.415581801578655,48.16845651097662,10058.4,26200.382022635047,215.65962,0.5756010282788503,0.9761591989149696,1.0,0.0,0.0,13.800016914087612
NW300_FL330,2022-03-01 00:28:00.000000000,-8.344603841813232,48.28320205518647,10058.4,26200.382022635047,215.71988,0.5551426970484344,0.9410784089916495,1.0,0.0,0.0,13.800004972425114
NW300_FL330,2022-03-01 00:29:00.000000000,-8.272359617391693,48.397641532390416,10058.4,26200.382022635047,215.8034,0.5320709691256288,0.9014522367443936,1.0,0.0,0.0,13.799981440007572
NW300_FL330,2022-03-01 00:30:00.000000000,-8.198809767667017,48.511759680983936,10058.4,26200.382022635047,215.8965,0.5081506451653374,0.8603763807502975,1.0,0.0,0.0,13.799961128930406
NW300_FL330,2022-03-01 00:31:00.000000000,-8.123910851857396,48.62553969747014,10058.4,26200.382022635047,216.02829,0.4842485181293458,0.8191666974592925,1.0,0.0,0.0,13.79994434951923
NW300_FL330,2022-03-01 00:32:00.000000000,-8.047619175060253,48.73896411389615,10058.4,26200.382022635047,216.14812,0.45974290386473704,0.7770734038235217,1.0,0.0,0.0,13.799949522704459
NW300_FL330,2022-03-01 00:33:00.000000000,-7.969885434552368,48.85201334557368,10058.4,26200.382022635047,216.28131,0.44531533996592493,0.7519962464851091,1.0,0.0,0.0,13.800014181102688
NW300_FL330,2022-03-01 00:34:00.000000000,-7.890648069563789,48.96466371012504,10058.4,26200.382022635047,216.40704,0.434229906101706,0.7326387005052611,1.0,0.0,0.0,13.799992650903825
NW300_FL330,2022-03-01 00:35:00.000000000,-7.809886021383044,49.076901625594274,10058.4,26200.382022635047,216.5121,0.4224843992260023,0.7123028777258996,1.0,0.0,0.0,13.799974108707389
NW300_FL330,2022-03-01 00:36:00.000000000,-7.727555347093408,49.1887068387166,10058.4,26200.382022635047,216.5997,0.412454460230206,0.6949701492601311,1.0,0.0,0.0,13.799958655833514
NW300_FL330,2022-03-01 00:37:00.000000000,-7.643612181951804,49.30005836390617,10058.4,26200.382022635047,216.65695,0.40447457382207463,0.6812534345438221,1.0,0.0,0.0,13.799946336900428
NW300_FL330,2022-03-01 00:38:00.000000000,-7.558012825338964,49.41093447592809,10058.4,26200.382022635047,216.69945,0.39593892994026875,0.6666797287321928,1.0,0.0,0.0,13.799937139245799
NW300_FL330,2022-03-01 00:39:00.000000000,-7.470713833585899,49.52131270557739,10058.4,26200.382022635047,216.74866,0.38678335659846597,0.6510397751947417,1.0,0.0,0.0,13.799930993467326
NW300_FL330,2022-03-01 00:40:00.000000000,-7.381672119623329,49.63116983869982,10058.4,26200.382022635047,216.84764,0.36938938100344604,0.6213332317756389,1.0,0.0,0.0,13.799935080408797
NW300_FL330,2022-03-01 00:41:00.000000000,-7.290842991180416,49.740481273968314,10058.4,26200.382022635047,216.91666,0.35795017124734335,0.6018018894004471,1.0,0.0,0.0,13.79999350665374
NW300_FL330,2022-03-01 00:42:00.000000000,-7.198169519410879,49.84921753340485,10058.4,26200.382022635047,217.07494,0.3325294680495622,0.5584443082354701,1.0,0.0,0.0,13.799978927303988
NW300_FL330,2022-03-01 00:43:00.000000000,-7.103628498314238,49.95735875096998,10058.4,26200.382022635047,217.20583,0.30965996396602286,0.5195600368370689,1.0,0.0,0.0,13.799966433137888
NW300_FL330,2022-03-01 00:44:00.000000000,-7.0071795140932345,50.06487885572919,10058.4,26200.382022635047,217.31183,0.28675716659615375,0.4807740567600871,1.0,0.0,0.0,13.79995586908043
NW300_FL330,2022-03-01 00:45:00.000000000,-6.9087830925656055,50.171751090152405,10058.4,26200.382022635047,217.43619,0.25982715281754165,0.4352408162747433,1.0,0.0,0.0,13.799947052381834
NW300_FL330,2022-03-01 00:46:00.000000000,-6.808400832996052,50.27794803570585,10058.4,26200.382022635047,217.54753,0.23308072630060306,0.3901294726939991,1.0,0.0,0.0,13.799939778560672
NW300_FL330,2022-03-01 00:47:00.000000000,-6.705995546066805,50.38344164394248,10058.4,26200.382022635047,217.66542,0.20328388787568077,0.33997118526049047,1.0,0.0,0.0,13.799933827852389
NW300_FL330,2022-03-01 00:48:00.000000000,-6.601531395219343,50.48820327332102,10058.4,26200.382022635047,217.79726,0.1709341527612421,0.2856025125975545,1.0,0.0,0.0,13.799928972027583
NW300_FL330,2022-03-01 00:49:00.000000000,-6.494974040497284,50.592203731941304,10058.4,26200.382022635047,217.92087,0.14878089605213154,0.24836895328363617,1.0,0.0,0.0,13.799924981403041
NW300_FL330,2022-03-01 00:50:00.000000000,-6.386290783920157,50.69541332633463,10058.4,26200.382022635047,218.05498,0.12810871221950462,0.21365473424094883,1.0,0.0,0.0,13.799921631877607
NW300_FL330,2022-03-01 00:51:00.000000000,-6.2754507153220995,50.797801916390625,10058.4,26200.382022635047,218.16261,0.11522370458672586,0.19201749069688034,1.0,0.0,0.0,13.799918711778243
NW300_FL330,2022-03-01 00:52:00.000000000,-6.162424857501622,50.89933897643868,10058.4,26200.382022635047,218.23557,0.11002691687101453,0.1832610530542418,1.0,0.0,0.0,13.799916028361567
NW300_FL330,2022-03-01 00:53:00.000000000,-6.0471863094495175,50.99999366243146,10058.4,26200.382022635047,218.3079,0.1047231413510223,0.17433659414859445,1.0,0.0,0.0,13.799913413752241
NW300_FL330,2022-03-01 00:54:00.000000000,-5.929710386355748,51.099734885102215,10058.4,26200.382022635047,218.33098,0.1066602217719264,0.17753170829267367,1.0,0.0,0.0,13.799910730138198
NW300_FL330,2022-03-01 00:55:00.000000000,-5.8099747550443395,51.19853138888636,10058.4,26200.382022635047,218.35898,0.10742902138547891,0.17877551648783002,1.0,0.0,0.0,13.799907874076975
NW300_FL330,2022-03-01 00:56:00.000000000,-5.687959563450105,51.296351836313654,10058.4,26200.382022635047,218.37831,0.10712683852033247,0.17824726225822185,1.0,0.0,0.0,13.79990477972228
NW300_FL330,2022-03-01 00:57:00.000000000,-5.56364756273571,51.39316489749046,10058.4,26200.382022635047,218.38426,0.10579131732720462,0.17601787666103508,1.0,0.0,0.0,13.799901420893251
NW300_FL330,2022-03-01 00:58:00.000000000,-5.4370242206528845,51.48893934420452,10058.4,26200.382022635047,218.38329,0.10372346911183962,0.17257852550390576,1.0,0.0,0.0,13.799897811846515
NW300_FL330,2022-03-01 00:59:00.000000000,-5.308077824779514,51.583644148098536,10058.4,26200.382022635047,218.37044,0.10548150386006405,0.1755200179869973,1.0,0.0,0.0,13.799894006728076
NW300_FL330,2022-03-01 01:00:00.000000000,-5.176799574316013,51.67724858227623,10058.4,26200.382022635047,218.3436,0.10789567441553966,0.17957214872674807,1.0,0.0,0.0,13.799890097668875
NW300_FL330,2022-03-01 01:01:00.000000000,-5.043183659200432,51.76972232562682,10058.4,26200.382022635047,218.29175,0.11227989570898458,0.18693822076255748,1.0,0.0,0.0,13.799886211544619
NW300_FL330,2022-03-01 01:02:00.000000000,-4.907227325401263,51.8610355690834,10058.4,26200.382022635047,218.23264,0.11975442601038667,0.19946742770334502,1.0,0.0,0.0,13.799882505488926
NW300_FL330,2022-03-01 01:03:00.000000000,-4.768930925370678,51.95115912296934,10058.4,26200.382022635047,218.16931,0.12839578036353638,0.2139579654143673,1.0,0.0,0.0,13.799879161238978
NW300_FL330,2022-03-01 01:04:00.000000000,-4.628297952786058,52.04006452453659,10058.4,26200.382022635047,218.11757,0.1369822711784204,0.22835173718909527,1.0,0.0,0.0,13.79987637850337
NW300_FL330,2022-03-01 01:05:00.000000000,-4.485335060872928,52.127724144762055,10058.4,26200.382022635047,218.08221,0.14367446858972538,0.23956788112112515,1.0,0.0,0.0,13.799874367506506
NW300_FL330,2022-03-01 01:06:00.000000000,-4.340052063785224,52.214111293444496,10058.4,26200.382022635047,218.02295,0.15211188193476807,0.2537447013259218,1.0,0.0,0.0,13.799875260345667
NW300_FL330,2022-03-01 01:07:00.000000000,-4.192461576710146,52.299200123019176,10058.4,26200.382022635047,217.98582,0.15914706183058322,0.2655512740992268,1.0,0.0,0.0,13.799958362399373
NW300_FL330,2022-03-01 01:08:00.000000000,-4.042565505808821,52.382957721133714,10058.4,26200.382022635047,217.96767,0.1649548999996402,0.2752774908246457,1.0,0.0,0.0,13.79994634307932
NW300_FL330,2022-03-01 01:09:00.000000000,-3.8903976137133776,52.4653690353782,10058.4,26200.382022635047,217.92514,0.17479840983963063,0.2917924586017837,1.0,0.0,0.0,13.799934758524605
NW300_FL330,2022-03-01 01:10:00.000000000,-3.7359801900362437,52.5464122011229,10058.4,26200.382022635047,217.8828,0.18361364715706202,0.3066007644050585,1.0,0.0,0.0,13.799923893437573
NW300_FL330,2022-03-01 01:11:00.000000000,-3.5793384277428935,52.62606676530347,10058.4,26200.382022635047,217.84761,0.19080018922756053,0.31868049254971825,1.0,0.0,0.0,13.799914005702364
NW300_FL330,2022-03-01 01:12:00.000000000,-3.420500321548006,52.70431376094036,10058.4,26200.382022635047,217.81708,0.1962182793008437,0.327801695574008,1.0,0.0,0.0,13.799905318758915
NW300_FL330,2022-03-01 01:13:00.000000000,-3.2594965516209413,52.78113577383572,10058.4,26200.382022635047,217.79018,0.19826738089710721,0.3312878629514123,1.0,0.0,0.0,13.799898015093248
NW300_FL330,2022-03-01 01:14:00.000000000,-3.0963603537213,52.85651700087687,10058.4,26200.382022635047,217.77171,0.19658509867987473,0.32852104845691693,1.0,0.0,0.0,13.799892231080968
NW300_FL330,2022-03-01 01:15:00.000000000,-2.93112737703906,52.93044329948208,10058.4,26200.382022635047,217.74069,0.1965656778299118,0.3285599570059668,1.0,0.0,0.0,13.79988805331851
NW300_FL330,2022-03-01 01:16:00.000000000,-2.7638355311439367,53.00290222783783,10058.4,26200.382022635047,217.69301,0.19653303183926382,0.32861795938381827,1.0,0.0,0.0,13.799885516550193
NW300_FL330,2022-03-01 01:17:00.000000000,-2.594524823554262,53.07388307569488,10058.4,26200.382022635047,217.63586,0.2017757235482433,0.33751957209179184,1.0,0.0,0.0,13.799884603266875
NW300_FL330,2022-03-01 01:18:00.000000000,-2.4232371895126836,53.14337688560977,10058.4,26200.382022635047,217.56233,0.20864249568453935,0.3491889947015297,1.0,0.0,0.0,13.799885244947372
NW300_FL330,2022-03-01 01:19:00.000000000,-2.250016315606625,53.21137646463753,10058.4,26200.382022635047,217.47281,0.21679223177971058,0.3630579729970043,1.0,0.0,0.0,13.799887324900999
NW300_FL330,2022-03-01 01:20:00.000000000,-2.0749074588928185,53.277876386596866,10058.4,26200.382022635047,217.35423,0.2354444822479889,0.39462492166735413,1.0,0.0,0.0,13.799890682600761
NW300_FL330,2022-03-01 01:21:00.000000000,-1.8979572631798203,53.34287298513899,10058.4,26200.382022635047,217.24767,0.25176222776178275,0.42229239094162624,1.0,0.0,0.0,13.799895119344866
NW300_FL330,2022-03-01 01:22:00.000000000,-1.719213574090673,53.406364337953896,10058.4,26200.382022635047,217.14311,0.26603020026550506,0.44655260494714716,1.0,0.0,0.0,13.799900405062836
NW300_FL330,2022-03-01 01:23:00.000000000,-1.538725254472115,53.46835024254097,10058.4,26200.382022635047,217.03937,0.27779446887589343,0.46663923091393594,1.0,0.0,0.0,13.79990628602072
NW300_FL330,2022-03-01 01:24:00.000000000,-1.356542001638573,53.52883218405242,10058.4,26200.382022635047,216.9387,0.2883066946224958,0.48463887849455495,1.0,0.0,0.0,13.79991249319038
NW300_FL330,2022-03-01 01:25:00.000000000,-1.172714167843412,53.58781329578929,10058.4,26200.382022635047,216.85338,0.29759336331790953,0.5005482491774419,1.0,0.0,0.0,13.799918750991056
NW300_FL330,2022-03-01 01:26:00.000000000,-0.9872925852565602,53.64529831298643,10058.4,26200.382022635047,216.75415,0.30950928582141524,0.520950730493887,1.0,0.0,0.0,13.799924786167315
NW300_FL330,2022-03-01 01:27:00.000000000,-0.800328396603329,53.7012935205683,10058.4,26200.382022635047,216.66763,0.3217138876105825,0.5418193230357718,1.0,0.0,0.0,13.79993033648061
NW300_FL330,2022-03-01 01:28:00.000000000,-0.6118728924847379,53.75580669558846,10058.4,26200.382022635047,216.57886,0.33713391077135985,0.5681402289927896,1.0,0.0,0.0,13.799935159022626
NW300_FL330,2022-03-01 01:29:00.000000000,-0.42197735625945404,53.80884704508488,10058.4,26200.382022635047,216.53929,0.34602579459870303,0.5832850401876045,1.0,0.0,0.0,13.799939037850189
NW300_FL330,2022-03-01 01:30:00.000000000,-0.23069291722504956,53.86042514008997,10058.4,26200.382022635047,216.50871,0.3514837729742768,0.5926109307484372,1.0,0.0,0.0,13.79994179078318
NW300_FL330,2022-03-01 01:31:00.000000000,-0.03807041269302599,53.910552846529505,10058.4,26200.382022635047,216.46373,0.35971048425895846,0.6066704035556212,1.0,0.0,0.0,13.799943275155096
NW300_FL330,2022-03-01 01:32:00.000000000,0.1558397405871601,53.95924325373014,10058.4,26200.382022635047,216.42657,0.3676411892486153,0.6202059229579414,1.0,0.0,0.0,13.799943392385876
NW300_FL330,2022-03-01 01:33:00.000000000,0.35098766533486897,54.00651060123104,10058.4,26200.382022635047,216.3681,0.37984273948068775,0.6410481168403181,1.0,0.0,0.0,13.799942091276058
NW300_FL330,2022-03-01 01:34:00.000000000,0.5473241327828376,54.05237020456364,10058.4,26200.382022635047,216.29347,0.39516970375583116,0.6672601799319344,1.0,0.0,0.0,13.799939369947783
NW300_FL330,2022-03-01 01:35:00.000000000,0.7448006617853401,54.09683838062501,10058.4,26200.382022635047,216.20908,0.41061470813357137,0.6937428750660896,1.0,0.0,0.0,13.79993527641069
NW300_FL330,2022-03-01 01:36:00.000000000,0.943369608024376,54.139932373227055,10058.4,26200.382022635047,216.12083,0.42633370129467674,0.7207377467420805,1.0,0.0,0.0,13.799929907760507
NW300_FL330,2022-03-01 01:37:00.000000000,1.142984243446075,54.18167027935618,10058.4,26200.382022635047,216.00682,0.44762740212736996,0.7573291393372775,1.0,0.0,0.0,13.799923408062723
NW300_FL330,2022-03-01 01:38:00.000000000,1.3435988261461758,54.22207097662803,10058.4,26200.382022635047,215.88545,0.47180328453207865,0.7988976517554967,1.0,0.0,0.0,13.799915964977409
NW300_FL330,2022-03-01 01:39:00.000000000,1.545168660997899,54.26115405237014,10058.4,26200.382022635047,215.76657,0.4973599511019706,0.8428548501874784,1.0,0.0,0.0,13.799907805259913
NW300_FL330,2022-03-01 01:40:00.000000000,1.7476501513793214,54.298939734713336,10058.4,26200.382022635047,215.65561,0.5241729522173786,0.8889656385366708,1.0,0.0,0.0,13.799905225618216
NW300_FL330,2022-03-01 01:41:00.000000000,1.951001321706038,54.3354480988425,10058.4,26200.382022635047,215.5706,0.545575987376808,0.9258012330569959,1.0,0.0,0.0,13.80003550067695
NW300_FL330,2022-03-01 01:42:00.000000000,2.1551912888926434,54.370684072582705,10058.4,26200.382022635047,215.4875,0.5673986179547323,0.9633758645395379,1.0,0.0,0.0,13.80001194060027
NW300_FL330,2022-03-01 01:43:00.000000000,2.3601687814981553,54.404685818447064,10058.4,26200.382022635047,215.42027,0.5915591898654178,1.0048567443532386,1.0,1.0,1.0,13.799988050689471
NW300_FL330,2022-03-01 01:44:00.000000000,2.5658948749977406,54.43747558046449,10058.4,26200.382022635047,215.37149,0.6174636735330263,1.049207357778603,1.0,1.0,1.0,13.799964294443889
NW300_FL330,2022-03-01 01:45:00.000000000,2.772331890772268,54.46907594249486,10058.4,26200.382022635047,215.34953,0.6401631373162096,1.0879384161464563,1.0,1.0,1.0,13.79994113566568
NW300_FL330,2022-03-01 01:46:00.000000000,2.9794434044374127,54.49950977601977,10058.4,26200.382022635047,215.37077,0.6480653587573375,1.101210191997539,1.0,1.0,1.0,13.799919029035573
NW300_FL330,2022-03-01 01:47:00.000000000,3.1871942485890172,54.528800191289015,10058.4,26200.382022635047,215.39375,0.6577203147258808,1.1174418449439671,1.0,1.0,1.0,13.799903858262315
NW300_FL330,2022-03-01 01:48:00.000000000,3.395550879759554,54.55696978407656,10058.4,26200.382022635047,215.42049,0.6638079321270799,1.1275792685909447,1.0,1.0,1.0,13.800055039082034
NW300_FL330,2022-03-01 01:49:00.000000000,3.604491615359623,54.58402008165235,10058.4,26200.382022635047,215.44867,0.6679013563898483,1.1343185386040113,1.0,1.0,1.0,13.800015441936033
NW300_FL330,2022-03-01 01:50:00.000000000,3.8139728517228146,54.60999719041869,10058.4,26200.382022635047,215.47641,0.6710931117970855,1.1395225363649666,1.0,1.0,1.0,13.799978645815921
NW300_FL330,2022-03-01 01:51:00.000000000,4.023964354506401,54.63492486350083,10058.4,26200.382022635047,215.51067,0.6694577865168205,1.1364815915896422,1.0,1.0,1.0,13.799945081809751
NW300_FL330,2022-03-01 01:52:00.000000000,4.234437101686992,54.658826899104795,10058.4,26200.382022635047,215.55682,0.6621045845720824,1.1236470058719568,1.0,1.0,1.0,13.799915120264668
NW300_FL330,2022-03-01 01:53:00.000000000,4.445363262970964,54.68172711119074,10058.4,26200.382022635047,215.65648,0.6223199351048598,1.0554121316704006,1.0,1.0,1.0,13.800015788586125
NW300_FL330,2022-03-01 01:54:00.000000000,4.65672372489985,54.70363128764721,10058.4,26200.382022635047,215.75523,0.5820275377632612,0.9864147943423263,1.0,0.0,0.0,13.800026752290783
NW300_FL330,2022-03-01 01:55:00.000000000,4.868487720428609,54.7245739875963,10058.4,26200.382022635047,215.82338,0.5521128220038964,0.9352803351056137,1.0,0.0,0.0,13.799983572061933
NW300_FL330,2022-03-01 01:56:00.000000000,5.080627538644073,54.74458663851475,10058.4,26200.382022635047,215.85078,0.5367238772532412,0.9090403797563739,1.0,0.0,0.0,13.799945817559948
NW300_FL330,2022-03-01 01:57:00.000000000,5.293119881497206,54.763692990803875,10058.4,26200.382022635047,215.83263,0.5387116588691461,0.9125227743293702,1.0,0.0,0.0,13.799938516635832
NW300_FL330,2022-03-01 01:58:00.000000000,5.505943868646182,54.78191294381553,10058.4,26200.382022635047,215.74498,0.5665847886707535,0.9603103946849084,1.0,0.0,0.0,13.800050656767903
NW300_FL330,2022-03-01 01:59:00.000000000,5.719084419011531,54.79925175731836,10058.4,26200.382022635047,215.64876,0.5916551172360316,1.0034601568436898,1.0,1.0,1.0,13.800003204209666
NW300_FL330,2022-03-01 02:00:00.000000000,5.932512825652237,54.81575578710652,10058.4,26200.382022635047,215.56374,0.6137379382915557,1.041517505065724,1.0,1.0,1.0,13.799962666862402
NW300_FL330,2022-03-01 02:01:00.000000000,6.1462099113233615,54.83144846222197,10058.4,26200.382022635047,215.51816,0.6287309853155452,1.0672905474170336,1.0,1.0,1.0,13.799932359184918
NW300_FL330,2022-03-01 02:02:00.000000000,6.3601576187555455,54.846352522537195,10058.4,26200.382022635047,215.50323,0.6384667809815001,1.083926357438473,1.0,1.0,1.0,13.800051701259331
NW300_FL330,2022-03-01 02:03:00.000000000,6.574345601833692,54.860467055141825,10058.4,26200.382022635047,215.51442,0.6500742489664841,1.1035504402994956,1.0,1.0,1.0,13.80000554177809
NW300_FL330,2022-03-01 02:04:00.000000000,6.788749289172524,54.87384091232076,10058.4,26200.382022635047,215.55319,0.6694300711762848,1.1361075089693642,1.0,1.0,1.0,13.799967129490193
NW300_FL330,2022-03-01 02:05:00.000000000,7.0033531669792195,54.88649708306962,10058.4,26200.382022635047,215.60579,0.6904102963848103,1.1712937079221388,1.0,1.0,1.0,13.799960623388825
NW300_FL330,2022-03-01 02:06:00.000000000,7.218143656439326,54.89845407593597,10058.4,26200.382022635047,215.66238,0.6766442454936441,1.147495871156724,1.0,1.0,1.0,13.8000381484042
NW300_FL330,2022-03-01 02:07:00.000000000,7.433110284466571,54.90971982486474,10058.4,26200.382022635047,215.72191,0.6597732291318265,1.1184324552251117,1.0,1.0,1.0,13.799997707739267
NW300_FL330,2022-03-01 02:08:00.000000000,7.648234507949747,54.92033751497244,10058.4,26200.382022635047,215.79134,0.6278661189536983,1.0638388612573388,1.0,1.0,1.0,13.799965046205028
NW300_FL330,2022-03-01 02:09:00.000000000,7.863504016276233,54.93032968835278,10058.4,26200.382022635047,215.86555,0.5910736651670663,1.00099294873172,1.0,1.0,1.0,13.799998359184581
NW300_FL330,2022-03-01 02:10:00.000000000,8.078909613694025,54.93970734956771,10058.4,26200.382022635047,215.9455,0.5556577222484825,0.9404991305990452,1.0,0.0,0.0,13.800019524346945
NW300_FL330,2022-03-01 02:11:00.000000000,8.294439602046854,54.94849485749177,10058.4,26200.382022635047,216.03497,0.5199279383860929,0.8794832635576918,1.0,0.0,0.0,13.799987344744515
NW300_FL330,2022-03-01 02:12:00.000000000,8.51008135994762,54.95672549342708,10058.4,26200.382022635047,216.12859,0.48573557659550015,0.8211170248267432,1.0,0.0,0.0,13.799962217577544
NW300_FL330,2022-03-01 02:13:00.000000000,8.725825342473327,54.96442143190606,10058.4,26200.382022635047,216.2394,0.4562786639239814,0.7707311455106975,1.0,0.0,0.0,13.800030591944905
NW300_FL330,2022-03-01 02:14:00.000000000,8.941665815844612,54.97158610280672,10058.4,26200.382022635047,216.34235,0.43091549810683,0.7273720410511619,1.0,0.0,0.0,13.800003074592663
NW300_FL330,2022-03-01 02:15:00.000000000,9.157590658160426,54.97826150894907,10058.4,26200.382022635047,216.45045,0.4074780996746001,0.687297017492657,1.0,0.0,0.0,13.799979693093027
NW300_FL330,2022-03-01 02:16:00.000000000,9.373592057318856,54.984470163858454,10058.4,26200.382022635047,216.55261,0.387788437287355,0.6536234820655149,1.0,0.0,0.0,13.799998894018712
NW300_FL330,2022-03-01 02:17:00.000000000,9.58966406355943,54.990225655978996,10058.4,26200.382022635047,216.6417,0.3735176723008806,0.6291811386190694,1.0,0.0,0.0,13.800013114578606
NW300_FL330,2022-03-01 02:18:00.000000000,9.805799607243536,54.995551318891,10058.4,26200.382022635047,216.71858,0.3634435760273009,0.6118829673212612,1.0,0.0,0.0,12.396422411584279
NW300_FL330,2022-03-01 02:18:53.897617080,9.999999999999996,55.0,10058.4,26200.382022635047,216.77946,0.3554505723427351,0.5981737730148635,1.0,0.0,0.0,0.0
SE300_FL340,2022-03-01 00:00:00.000000000,-10.000000000000002,45.00000000000001,10363.2,24998.640987310537,214.05959,0.7491062854041566,1.2841136473307446,1.0,1.0,1.0,13.800115027908165
SE300_FL340,2022-03-01 00:01:00.000000000,-9.832634228109365,45.0374989777726,10363.2,24998.640987310537,214.09569,0.7422746233713867,1.272097931997344,1.0,1.0,1.0,13.800020549916326
SE300_FL340,2022-03-01 00:02:00.000000000,-9.665061957945106,45.074778023133646,10363.2,24998.640987310537,214.13902,0.7393493316147198,1.2667219809272403,1.0,1.0,1.0,13.799927543731021
SE300_FL340,2022-03-01 00:03:00.000000000,-9.497293172355167,45.111857647020635,10363.2,24998.640987310537,214.18976,0.7384538791246141,1.2647626011356292,1.0,1.0,1.0,13.800010362739226
SE300_FL340,2022-03-01 00:04:00.000000000,-9.329333869699752,45.148755048499964,10363.2,24998.640987310537,214.23766,0.7369906165341269,1.261854892079211,1.0,1.0,1.0,13.8000625389665
SE300_FL340,2022-03-01 00:05:00.000000000,-9.161195059406664,45.18549293097829,10363.2,24998.640987310537,214.27872,0.7362047198079146,1.2601678673992882,1.0,1.0,1.0,13.799971646306037
SE300_FL340,2022-03-01 00:06:00.000000000,-8.992889620285059,45.222095268527376,10363.2,24998.640987310537,214.31123,0.7369011004851935,1.2610900047653948,1.0,1.0,1.0,13.799899873840282
SE300_FL340,2022-03-01 00:07:00.000000000,-8.824426642306625,45.25858271091628,10363.2,24998.640987310537,214.33981,0.7317893047942435,1.252104643193695,1.0,1.0,1.0,13.800105239252431
SE300_FL340,2022-03-01 00:08:00.000000000,-8.65581080706178,45.2949740113112,10363.2,24998.640987310537,214.37885,0.7240605366107191,1.2385571838657183,1.0,1.0,1.0,13.80001760658135
SE300_FL340,2022-03-01 00:09:00.000000000,-8.487057177228046,45.3312945416673,10363.2,24998.640987310537,214.40483,0.7176184182289445,1.2273267192755601,1.0,1.0,1.0,13.79993231818943
SE300_FL340,2022-03-01 00:10:00.000000000,-8.31817494269894,45.36756551489382,10363.2,24998.640987310537,214.42897,0.7101837257443372,1.214415131306736,1.0,1.0,1.0,13.799993838825486
SE300_FL340,2022-03-01 00:11:00.000000000,-8.149171301625014,45.4038082101483,10363.2,24998.640987310537,214.45584,0.707840571503569,1.2101927011136968,1.0,1.0,1.0,13.80006634186223
SE300_FL340,2022-03-01 00:12:00.000000000,-7.980055881015995,45.44004548033964,10363.2,24998.640987310537,214.48442,0.7094534620301945,1.2127204115987762,1.0,1.0,1.0,13.799985579438726
SE300_FL340,2022-03-01 00:13:00.000000000,-7.81084018030542,45.47629954581915,10363.2,24998.640987310537,214.50327,0.7141048352679327,1.2205182179716563,1.0,1.0,1.0,13.799907812990368
SE300_FL340,2022-03-01 00:14:00.000000000,-7.64153340621131,45.51259224345501,10363.2,24998.640987310537,214.53876,0.7209919785034258,1.231999844857433,1.0,1.0,1.0,13.80005343805641
SE300_FL340,2022-03-01 00:15:00.000000000,-7.472142889633564,45.54894792999821,10363.2,24998.640987310537,214.58813,0.7277229228046201,1.243091575207321,1.0,1.0,1.0,13.800042769194542
SE300_FL340,2022-03-01 00:16:00.000000000,-7.30268005570596,45.58538865893594,10363.2,24998.640987310537,214.66422,0.7376453994800949,1.2593995910637275,1.0,1.0,1.0,13.799970371522296
SE300_FL340,2022-03-01 00:17:00.000000000,-7.133155014811902,45.621936316925805,10363.2,24998.640987310537,214.74745,0.7452965212491544,1.271755462894498,1.0,1.0,1.0,13.799901682232836
SE300_FL340,2022-03-01 00:18:00.000000000,-6.963577350434745,45.65861348889645,10363.2,24998.640987310537,214.83006,0.7507473968692747,1.2803477142363549,1.0,1.0,1.0,13.800065477575464
SE300_FL340,2022-03-01 00:19:00.000000000,-6.793955919788455,45.69544792952469,10363.2,24998.640987310537,214.919,0.7524947456837414,1.2825639554318498,1.0,1.0,1.0,13.80003693342804
SE300_FL340,2022-03-01 00:20:00.000000000,-6.62430206827496,45.732459891422764,10363.2,24998.640987310537,214.98215,0.7485281598160792,1.2752627071659528,1.0,1.0,1.0,13.799973816594894
SE300_FL340,2022-03-01 00:21:00.000000000,-6.454626108496878,45.76967183596835,10363.2,24998.640987310537,215.03749,0.7391497476817831,1.2588150678582348,1.0,1.0,1.0,13.79991501954183
SE300_FL340,2022-03-01 00:22:00.000000000,-6.284938381864701,45.807107160064675,10363.2,24998.640987310537,215.08089,0.7255234768543316,1.235249412792908,1.0,1.0,1.0,13.80001310806428
SE300_FL340,2022-03-01 00:23:00.000000000,-6.1152496770827875,45.84479442806904,10363.2,24998.640987310537,215.12375,0.7178174592245339,1.221775220401254,1.0,1.0,1.0,13.80004905320983
SE300_FL340,2022-03-01 00:24:00.000000000,-5.945571349662257,45.8827565001216,10363.2,24998.640987310537,215.16643,0.7131267461881245,1.2134411532523206,1.0,1.0,1.0,13.799995207272767
SE300_FL340,2022-03-01 00:25:00.000000000,-5.775914582343945,45.92101460539857,10363.2,24998.640987310537,215.20633,0.7087929301839604,1.2057383266429735,1.0,1.0,1.0,13.799946018066104
SE300_FL340,2022-03-01 00:26:00.000000000,-5.606290874535937,45.959592928785845,10363.2,24998.640987310537,215.24617,0.7049702892067927,1.1989164005358643,1.0,1.0,1.0,13.799901826521442
SE300_FL340,2022-03-01 00:27:00.000000000,-5.436712081951,45.99851585627959,10363.2,24998.640987310537,215.29039,0.6991636957720633,1.188686129097556,1.0,1.0,1.0,13.800049850384529
SE300_FL340,2022-03-01 00:28:00.000000000,-5.267191966322243,46.03781647078147,10363.2,24998.640987310537,215.33151,0.6876178432905209,1.1687289533889418,1.0,1.0,1.0,13.800031588333269
SE300_FL340,2022-03-01 00:29:00.000000000,-5.097742422824589,46.07751300401981,10363.2,24998.640987310537,215.3335,0.6707655374737429,1.1400719603792353,1.0,1.0,1.0,13.799990478669388
SE300_FL340,2022-03-01 00:30:00.000000000,-4.92837633795386,46.11762914151849,10363.2,24998.640987310537,215.32497,0.657565327270437,1.117699977515334,1.0,1.0,1.0,13.7999541838252
SE300_FL340,2022-03-01 00:31:00.000000000,-4.759107233713054,46.158189859635726,10363.2,24998.640987310537,215.30963,0.6486735051961824,1.1027034567617326,1.0,1.0,1.0,13.799922890616976
SE300_FL340,2022-03-01 00:32:00.000000000,-4.589949114555786,46.19922026051813,10363.2,24998.640987310537,215.28271,0.6424420183607611,1.0923075361372683,1.0,1.0,1.0,13.799929959565615
SE300_FL340,2022-03-01 00:33:00.000000000,-4.420917005638568,46.24074744997757,10363.2,24998.640987310537,215.23222,0.638023229299654,1.0851649428465542,1.0,1.0,1.0,13.800043955541087
SE300_FL340,2022-03-01 00:34:00.000000000,-4.252027880874641,46.28280309951133,10363.2,24998.640987310537,215.14212,0.6313981978745636,1.0745491305380288,1.0,1.0,1.0,13.80001263583261
SE300_FL340,2022-03-01 00:35:00.000000000,-4.083295312513981,46.32540456469928,10363.2,24998.640987310537,215.04199,0.6250155539434272,1.0644072555675466,1.0,1.0,1.0,13.79998555573942
SE300_FL340,2022-03-01 00:36:00.000000000,-3.914735435139302,46.3685770941835,10363.2,24998.640987310537,214.93727,0.6174067279325028,1.0521873748107762,1.0,1.0,1.0,13.799962706248108
SE300_FL340,2022-03-01 00:37:00.000000000,-3.7463649709978815,46.41234591653959,10363.2,24998.640987310537,214.83199,0.6082771980410605,1.0373609711044551,1.0,1.0,1.0,13.799944029141807
SE300_FL340,2022-03-01 00:38:00.000000000,-3.578201246424688,46.45673620162743,10363.2,24998.640987310537,214.763,0.6097914401732308,1.040426446089983,1.0,1.0,1.0,13.799929415534166
SE300_FL340,2022-03-01 00:39:00.000000000,-3.41026220591334,46.50177301855226,10363.2,24998.640987310537,214.70125,0.6101992028035764,1.0415498730638257,1.0,1.0,1.0,13.79991870565744
SE300_FL340,2022-03-01 00:40:00.000000000,-3.2425664234872786,46.54748129024899,10363.2,24998.640987310537,214.64293,0.6090104351823065,1.0399264670214445,1.0,1.0,1.0,13.799922852412047
SE300_FL340,2022-03-01 00:41:00.000000000,-3.0751334306903266,46.59388656047466,10363.2,24998.640987310537,214.59784,0.6069249287905036,1.0366763290615804,1.0,1.0,1.0,13.800008407530912
SE300_FL340,2022-03-01 00:42:00.000000000,-2.907985546322268,46.641019270999685,10363.2,24998.640987310537,214.56187,0.605017427430851,1.0336667845897995,1.0,1.0,1.0,13.79999152577942
SE300_FL340,2022-03-01 00:43:00.000000000,-2.74114057917694,46.68889649733604,10363.2,24998.640987310537,214.5301,0.6030602333022622,1.0305408400366889,1.0,1.0,1.0,13.799977274791766
SE300_FL340,2022-03-01 00:44:00.000000000,-2.5746196225871447,46.73754198383629,10363.2,24998.640987310537,214.50948,0.6050285374572043,1.034048763358034,1.0,1.0,1.0,13.799965416219916
SE300_FL340,2022-03-01 00:45:00.000000000,-2.4084444011529893,46.78697905887585,10363.2,24998.640987310537,214.49367,0.6067172643104374,1.0370411033303797,1.0,1.0,1.0,13.799955690405685
SE300_FL340,2022-03-01 00:46:00.000000000,-2.24263725835525,46.83723057208739,10363.2,24998.640987310537,214.4796,0.6088045295575554,1.040707390630364,1.0,1.0,1.0,13.799947822412035
SE300_FL340,2022-03-01 00:47:00.000000000,-2.077221138921509,46.88831882936984,10363.2,24998.640987310537,214.47066,0.6114852505250107,1.0453510425569321,1.0,1.0,1.0,13.799941528604728
SE300_FL340,2022-03-01 00:48:00.000000000,-1.9122195656143586,46.94026552601405,10363.2,24998.640987310537,214.44911,0.6207884207978663,1.0614108915053162,1.0,1.0,1.0,13.799936523592704
SE300_FL340,2022-03-01 00:49:00.000000000,-1.747656610142675,46.99309167833649,10363.2,24998.640987310537,214.41681,0.6364923760472059,1.0884928092760033,1.0,1.0,1.0,13.799932527317191
SE300_FL340,2022-03-01 00:50:00.000000000,-1.5835568579366146,47.046817554258936,10363.2,24998.640987310537,214.39067,0.6506830408967386,1.112954644604019,1.0,1.0,1.0,13.799929272076493
SE300_FL340,2022-03-01 00:51:00.000000000,-1.41994536657518,47.10146260331857,10363.2,24998.640987310537,214.3695,0.664481160211581,1.1367117533192816,1.0,1.0,1.0,13.799926509251202
SE300_FL340,2022-03-01 00:52:00.000000000,-1.2568476177121715,47.15704538663485,10363.2,24998.640987310537,214.35866,0.678720030187116,1.1611559489352286,1.0,1.0,1.0,13.799924015512413
SE300_FL340,2022-03-01 00:53:00.000000000,-1.0942894624114776,47.21358350739827,10363.2,24998.640987310537,214.38416,0.6764882643145511,1.1571431733107254,1.0,1.0,1.0,13.799921598299676
SE300_FL340,2022-03-01 00:54:00.000000000,-0.9322970598757382,47.27109354247939,10363.2,24998.640987310537,214.41171,0.6703533622270056,1.1464383263213804,1.0,1.0,1.0,13.799919100366923
SE300_FL340,2022-03-01 00:55:00.000000000,-0.7708968096326502,47.329590975783,10363.2,24998.640987310537,214.43817,0.6552929042458355,1.1204834250215097,1.0,1.0,1.0,13.799916403229442
SE300_FL340,2022-03-01 00:56:00.000000000,-0.6101152773294826,47.38909013399148,10363.2,24998.640987310537,214.44623,0.6266691625852551,1.0714822978899483,1.0,1.0,1.0,13.79991342938298
SE300_FL340,2022-03-01 00:57:00.000000000,-0.4499791143776922,47.44960412535214,10363.2,24998.640987310537,214.44339,0.6046022172655393,1.033771465608687,1.0,1.0,1.0,13.79991014318596
SE300_FL340,2022-03-01 00:58:00.000000000,-0.2905149717839815,47.51114478216384,10363.2,24998.640987310537,214.40327,0.6000952360667025,1.02634139707851,1.0,1.0,1.0,13.799906550367
SE300_FL340,2022-03-01 00:59:00.000000000,-0.1317494086006752,47.57372260760951,10363.2,24998.640987310537,214.35269,0.605936482581154,1.0366786485694885,1.0,1.0,1.0,13.799902696148978
SE300_FL340,2022-03-01 01:00:00.000000000,0.026291204476382772,47.63734672756016,10363.2,24998.640987310537,214.29263,0.6210966842529347,1.0630404832044493,1.0,1.0,1.0,13.799898662049376
SE300_FL340,2022-03-01 01:01:00.000000000,0.1835807857402945,47.702024847945545,10363.2,24998.640987310537,214.19926,0.6632310579884347,1.1358571803163204,1.0,1.0,1.0,13.799894561448786
SE300_FL340,2022-03-01 01:02:00.000000000,0.3400936466257237,47.767763218243296,10363.2,24998.640987310537,214.11668,0.6936351598278326,1.1885736343382352,1.0,1.0,1.0,13.799890534083259
SE300_FL340,2022-03-01 01:03:00.000000000,0.4958045985892688,47.834566601585344,10363.2,24998.640987310537,214.04427,0.7108679639113175,1.2186883379624434,1.0,1.0,1.0,13.799886739660096
SE300_FL340,2022-03-01 01:04:00.000000000,0.6506890618532523,47.90243825191635,10363.2,24998.640987310537,214.00085,0.7172134826719625,1.2299201240237414,1.0,1.0,1.0,13.799883350808148
SE300_FL340,2022-03-01 01:05:00.000000000,0.8047231750871445,47.97137989856527,10363.2,24998.640987310537,213.96399,0.7196905418913859,1.2344675229999031,1.0,1.0,1.0,13.799880545640207
SE300_FL340,2022-03-01 01:06:00.000000000,0.9578839050532617,48.04139173850947,10363.2,24998.640987310537,213.941,0.7053769871917763,1.2100981670669033,1.0,1.0,1.0,13.799880297337754
SE300_FL340,2022-03-01 01:07:00.000000000,1.1101490175689515,48.11247259658721,10363.2,24998.640987310537,213.92336,0.6873293862467792,1.1792745419838042,1.0,1.0,1.0,13.799955765457092
SE300_FL340,2022-03-01 01:08:00.000000000,1.2614916109520389,48.18462623408982,10363.2,24998.640987310537,213.8993,0.6759365375498321,1.1599118814794314,1.0,1.0,1.0,13.799946076537669
SE300_FL340,2022-03-01 01:09:00.000000000,1.4118974565169005,48.25784150407756,10363.2,24998.640987310537,213.8746,0.6647364662274668,1.1408757696491205,1.0,1.0,1.0,13.799936769163452
SE300_FL340,2022-03-01 01:10:00.000000000,1.5613479605795775,48.33211247748483,10363.2,24998.640987310537,213.85597,0.654685368873561,1.1237635573858202,1.0,1.0,1.0,13.799928078960882
SE300_FL340,2022-03-01 01:11:00.000000000,1.7098258754552036,48.40743177483138,10363.2,24998.640987310537,213.8379,0.6481675909011733,1.1127088952789976,1.0,1.0,1.0,13.799920213907653
SE300_FL340,2022-03-01 01:12:00.000000000,1.8573153869251047,48.48379060616857,10363.2,24998.640987310537,213.81825,0.641884512666173,1.102060854208052,1.0,1.0,1.0,13.799913349084349
SE300_FL340,2022-03-01 01:13:00.000000000,2.00380219478423,48.561178817972646,10363.2,24998.640987310537,213.79762,0.6323490346103546,1.0858403457992465,1.0,1.0,1.0,13.799907622724088
SE300_FL340,2022-03-01 01:14:00.000000000,2.1492735857235448,48.63958494650445,10363.2,24998.640987310537,213.84381,0.6120107434124619,1.0505983258513867,1.0,1.0,1.0,13.79990313363142
SE300_FL340,2022-03-01 01:15:00.000000000,2.2937184979011707,48.71899627708127,10363.2,24998.640987310537,213.88281,0.5938040794534016,1.0190821323367865,1.0,1.0,1.0,13.799899939990695
SE300_FL340,2022-03-01 01:16:00.000000000,2.437127576666514,48.79939890864313,10363.2,24998.640987310537,213.92705,0.5714685667342888,0.9804632983340996,1.0,0.0,0.0,13.799898059510873
SE300_FL340,2022-03-01 01:17:00.000000000,2.57949322101926,48.88077782294388,10363.2,24998.640987310537,213.9809,0.5444058976459701,0.9337000435566809,1.0,0.0,0.0,13.799897470818289
SE300_FL340,2022-03-01 01:18:00.000000000,2.7208096205090637,48.96311695765744,10363.2,24998.640987310537,214.04855,0.5139400424014452,0.8810560278672446,1.0,0.0,0.0,13.799898115948379
SE300_FL340,2022-03-01 01:19:00.000000000,2.8610727824072804,49.04639928266274,10363.2,24998.640987310537,214.08806,0.4952755431869442,0.8488381698197311,1.0,0.0,0.0,13.799899903772648
SE300_FL340,2022-03-01 01:20:00.000000000,3.0002805491083504,49.13060687875635,10363.2,24998.640987310537,214.11665,0.4831531737137852,0.8279048285208946,1.0,0.0,0.0,13.799902714140295
SE300_FL340,2022-03-01 01:21:00.000000000,3.1384326058413183,49.21572101804042,10363.2,24998.640987310537,214.12643,0.48533037012479463,0.8315803282695726,1.0,0.0,0.0,13.799906402511214
SE300_FL340,2022-03-01 01:22:00.000000000,3.275530478889779,49.30172224524366,10363.2,24998.640987310537,214.12907,0.4897240187169462,0.8390975552215555,1.0,0.0,0.0,13.799910804862314
SE300_FL340,2022-03-01 01:23:00.000000000,3.411577524628558,49.38859045925548,10363.2,24998.640987310537,214.08601,0.5038545847373141,0.8635546907182853,1.0,0.0,0.0,13.799915742621737
SE300_FL340,2022-03-01 01:24:00.000000000,3.546578909786857,49.47630499418438,10363.2,24998.640987310537,214.04436,0.5170547394619578,0.8864204895005815,1.0,0.0,0.0,13.799921027431493
SE300_FL340,2022-03-01 01:25:00.000000000,3.6805415834364057,49.56484469929377,10363.2,24998.640987310537,214.02863,0.5225192979010113,0.8958838382266944,1.0,0.0,0.0,13.799926465539238
SE300_FL340,2022-03-01 01:26:00.000000000,3.813474241281341,49.65418801721622,10363.2,24998.640987310537,214.006,0.5323042460518437,0.9127947175951076,1.0,0.0,0.0,13.799931861647412
SE300_FL340,2022-03-01 01:27:00.000000000,3.945387282890515,49.74431305990206,10363.2,24998.640987310537,213.97348,0.5476653006529093,0.9393371223930863,1.0,0.0,0.0,13.799937022113916
SE300_FL340,2022-03-01 01:28:00.000000000,4.076292762563807,49.83519768181777,10363.2,24998.640987310537,213.97807,0.5526343850424325,0.9478318400143969,1.0,0.0,0.0,13.799941757380292
SE300_FL340,2022-03-01 01:29:00.000000000,4.206204334561293,49.92681954997152,10363.2,24998.640987310537,213.99239,0.5544427955745008,0.9508425407994103,1.0,0.0,0.0,13.799945883601017
SE300_FL340,2022-03-01 01:30:00.000000000,4.335137193447722,50.01915621040786,10363.2,24998.640987310537,213.99176,0.5561814190130587,0.9538297998155085,1.0,0.0,0.0,13.799949223437263
SE300_FL340,2022-03-01 01:31:00.000000000,4.463108010316069,50.1121851508771,10363.2,24998.640987310537,213.98978,0.553221822380971,0.9487667591608199,1.0,0.0,0.0,13.79995160605297
SE300_FL340,2022-03-01 01:32:00.000000000,4.590134865652553,50.20588385944899,10363.2,24998.640987310537,213.984,0.5455477299642727,0.9356405461715915,1.0,0.0,0.0,13.799952866356099
SE300_FL340,2022-03-01 01:33:00.000000000,4.716237179594008,50.300229878900765,10363.2,24998.640987310537,213.97269,0.538288859593985,0.9232600336611071,1.0,0.0,0.0,13.799952843577072
SE300_FL340,2022-03-01 01:34:00.000000000,4.841435640306324,50.39520085676857,10363.2,24998.640987310537,213.96416,0.5330448574521383,0.9143167159395652,1.0,0.0,0.0,13.799951379286926
SE300_FL340,2022-03-01 01:35:00.000000000,4.965752131182763,50.49077459100485,10363.2,24998.640987310537,213.95374,0.5296239698323606,0.9085108514705381,1.0,0.0,0.0,13.799948314979101
SE300_FL340,2022-03-01 01:36:00.000000000,5.08920965752353,50.58692907123493,10363.2,24998.640987310537,213.96019,0.5320847013844207,0.9126945785115629,1.0,0.0,0.0,13.7999434893709
SE300_FL340,2022-03-01 01:37:00.000000000,5.211832273314692,50.683642515650746,10363.2,24998.640987310537,213.97025,0.5427564170370666,0.9309386222120352,1.0,0.0,0.0,13.799936735540259
SE300_FL340,2022-03-01 01:38:00.000000000,5.333645008677116,50.78089340361986,10363.2,24998.640987310537,213.98991,0.5537128777653811,0.9496075383459158,1.0,0.0,0.0,13.79992787807843
SE300_FL340,2022-03-01 01:39:00.000000000,5.454673798505399,50.87866050412251,10363.2,24998.640987310537,214.01735,0.5645127720039999,0.9679531422406537,1.0,0.0,0.0,13.799916730378694
SE300_FL340,2022-03-01 01:40:00.000000000,5.574945412764155,50.97692290015904,10363.2,24998.640987310537,214.05586,0.5695224870924432,0.9762969191617341,1.0,0.0,0.0,13.799909146879337
SE300_FL340,2022-03-01 01:41:00.000000000,5.69448698268002,51.07566027243519,10363.2,24998.640987310537,214.0931,0.5668946457125142,0.9715517281916808,1.0,0.0,0.0,13.800036502008268
SE300_FL340,2022-03-01 01:42:00.000000000,5.813317860079042,51.17485813030892,10363.2,24998.640987310537,214.13225,0.5540133674802906,0.9492291348412998,1.0,0.0,0.0,13.800019343694286
SE300_FL340,2022-03-01 01:43:00.000000000,5.931476383526231,51.274490485820074,10363.2,24998.640987310537,214.17194,0.5360696679835671,0.9182468969750486,1.0,0.0,0.0,13.799999557176893
SE300_FL340,2022-03-01 01:44:00.000000000,6.048992146742065,51.37453779717241,10363.2,24998.640987310537,214.20119,0.5207791108643166,0.8918824729424737,1.0,0.0,0.0,13.799976952886416
SE300_FL340,2022-03-01 01:45:00.000000000,6.16589527157801,51.47498090580639,10363.2,24998.640987310537,214.22647,0.5052874337272627,0.8652039782034906,1.0,0.0,0.0,13.799951314976644
SE300_FL340,2022-03-01 01:46:00.000000000,6.282216354420901,51.575801040761654,10363.2,24998.640987310537,214.24895,0.4909842947913937,0.8405875053495604,1.0,0.0,0.0,13.799922401731491
SE300_FL340,2022-03-01 01:47:00.000000000,6.397986416102225,51.67697982039795,10363.2,24998.640987310537,214.27771,0.46986642982255467,0.8042801977219965,1.0,0.0,0.0,13.799896422178843
SE300_FL340,2022-03-01 01:48:00.000000000,6.513236540852692,51.77849945999789,10363.2,24998.640987310537,214.299,0.45457972883581765,0.7780042823968925,1.0,0.0,0.0,13.800070683038491
SE300_FL340,2022-03-01 01:49:00.000000000,6.627989237000202,51.88034855874178,10363.2,24998.640987310537,214.31775,0.43734419062910135,0.7484136179029544,1.0,0.0,0.0,13.800033136164926
SE300_FL340,2022-03-01 01:50:00.000000000,6.7422871098143675,51.982503017475295,10363.2,24998.640987310537,214.3344,0.4228323394762833,0.7234990791425854,1.0,0.0,0.0,13.79999217680041
SE300_FL340,2022-03-01 01:51:00.000000000,6.85616260126879,52.08494594286698,10363.2,24998.640987310537,214.35072,0.4024748582279549,0.6885902728310143,1.0,0.0,0.0,13.799947488517821
SE300_FL340,2022-03-01 01:52:00.000000000,6.9696483812259675,52.187660808917485,10363.2,24998.640987310537,214.36398,0.38214416676501484,0.6537493481581628,1.0,0.0,0.0,13.799898737232269
SE300_FL340,2022-03-01 01:53:00.000000000,7.082777318490884,52.29063144711092,10363.2,24998.640987310537,214.37091,0.3705358680125105,0.6338630245302299,1.0,0.0,0.0,13.800030398716745
SE300_FL340,2022-03-01 01:54:00.000000000,7.19557701404532,52.39384625576109,10363.2,24998.640987310537,214.38045,0.3604315638285012,0.6165380518978754,1.0,0.0,0.0,13.800054345163323
SE300_FL340,2022-03-01 01:55:00.000000000,7.308085257117626,52.49728673117904,10363.2,24998.640987310537,214.39555,0.3498449558525518,0.5983684605636038,1.0,0.0,0.0,13.799996740891372
SE300_FL340,2022-03-01 01:56:00.000000000,7.420338038484323,52.60093580787837,10363.2,24998.640987310537,214.41002,0.34311060503622454,0.5867947157107403,1.0,0.0,0.0,13.799934836100903
SE300_FL340,2022-03-01 01:57:00.000000000,7.532368946100369,52.70477859337681,10363.2,24998.640987310537,214.42441,0.3367093956028477,0.5757924557478921,1.0,0.0,0.0,13.7999107047655
SE300_FL340,2022-03-01 01:58:00.000000000,7.644210999091989,52.80880120769993,10363.2,24998.640987310537,214.44003,0.33222807519261904,0.5680691874013085,1.0,0.0,0.0,13.80009727987662
SE300_FL340,2022-03-01 01:59:00.000000000,7.755895885982359,52.912992453617406,10363.2,24998.640987310537,214.45572,0.3284503297835231,0.5615508178863438,1.0,0.0,0.0,13.800026839405156
SE300_FL340,2022-03-01 02:00:00.000000000,7.867462507785084,53.01733360209722,10363.2,24998.640987310537,214.46193,0.33524480802202117,0.5731450225812637,1.0,0.0,0.0,13.799951817325509
SE300_FL340,2022-03-01 02:01:00.000000000,7.97894493915904,53.12181080944994,10363.2,24998.640987310537,214.47476,0.33256209325247454,0.5685081496669868,1.0,0.0,0.0,13.799878948745755
SE300_FL340,2022-03-01 02:02:00.000000000,8.090377316599858,53.22641053966239,10363.2,24998.640987310537,214.47813,0.33408082254937105,0.5710930652426031,1.0,0.0,0.0,13.80011613732471
SE300_FL340,2022-03-01 02:03:00.000000000,8.201794722995709,53.33112242122278,10363.2,24998.640987310537,214.4768,0.338198556591993,0.578137000956281,1.0,0.0,0.0,13.800033244616367
SE300_FL340,2022-03-01 02:04:00.000000000,8.313233280726271,53.43592919842136,10363.2,24998.640987310537,214.47533,0.3429713624038897,0.5863025751044103,1.0,0.0,0.0,13.799945514347323
SE300_FL340,2022-03-01 02:05:00.000000000,8.42472747485294,53.54081781028977,10363.2,24998.640987310537,214.47995,0.34331264588685684,0.5868666895398057,1.0,0.0,0.0,13.799915365810826
SE300_FL340,2022-03-01 02:06:00.000000000,8.536312692536393,53.64577571103455,10363.2,24998.640987310537,214.4779,0.3441026966589084,0.5882249029611578,1.0,0.0,0.0,13.80011004309586
SE300_FL340,2022-03-01 02:07:00.000000000,8.648028278660536,53.750790832795516,10363.2,24998.640987310537,214.46356,0.3537115846825221,0.6047084203641457,1.0,0.0,0.0,13.800015304799869
SE300_FL340,2022-03-01 02:08:00.000000000,8.759906477778147,53.85584845500265,10363.2,24998.640987310537,214.4585,0.35780689727140547,0.6117305340432153,1.0,0.0,0.0,13.79991564313486
SE300_FL340,2022-03-01 02:09:00.000000000,8.871982232889263,53.96093601106962,10363.2,24998.640987310537,214.46768,0.35810490118039184,0.6122014147829984,1.0,0.0,0.0,13.800004103946796
SE300_FL340,2022-03-01 02:10:00.000000000,8.984295963690094,54.06604108818969,10363.2,24998.640987310537,214.46594,0.3598814061127717,0.615246498693795,1.0,0.0,0.0,13.800080631551038
SE300_FL340,2022-03-01 02:11:00.000000000,9.096884905918607,54.17115044521283,10363.2,24998.640987310537,214.4508,0.3648673691695153,0.6238331724729147,1.0,0.0,0.0,13.799975069909443
SE300_FL340,2022-03-01 02:12:00.000000000,9.20978021803311,54.27625136209472,10363.2,24998.640987310537,214.45732,0.3628516523937945,0.6203599235497367,1.0,0.0,0.0,13.799864842324851
SE300_FL340,2022-03-01 02:13:00.000000000,9.323017438348389,54.38133146507345,10363.2,24998.640987310537,214.43759,0.36643226659573047,0.6265637979213542,1.0,0.0,0.0,13.800132173225244
SE300_FL340,2022-03-01 02:14:00.000000000,9.436648363691544,54.48637655428334,10363.2,24998.640987310537,214.42117,0.3682180699313369,0.6296862082970687,1.0,0.0,0.0,13.800031613689772
SE300_FL340,2022-03-01 02:15:00.000000000,9.550696513269713,54.59137491446518,10363.2,24998.640987310537,214.41043,0.36685115837293975,0.6273942071648949,1.0,0.0,0.0,13.799916973248944
SE300_FL340,2022-03-01 02:16:00.000000000,9.665197626195663,54.69631414251662,10363.2,24998.640987310537,214.40709,0.3630194959630851,0.6208549738370063,1.0,0.0,0.0,13.800000285525412
SE300_FL340,2022-03-01 02:17:00.000000000,9.780198569347377,54.80118004346924,10363.2,24998.640987310537,214.39442,0.3626114713498523,0.6202099160749401,1.0,0.0,0.0,13.800086698051244
SE300_FL340,2022-03-01 02:18:00.000000000,9.895738483326229,54.90595917369293,10363.2,24998.640987310537,214.3673,0.3654729186752617,0.6252162291409923,1.0,0.0,0.0,12.396279145510631
SE300_FL340,2022-03-01 02:18:53.897617080,10.0,55.0,10363.2,24998.640987310537,214.36517,0.36086829127249787,0.6173474546112542,1.0,0.0,0.0,0.0
SE150_FL340,2022-03-01 00:00:00.000000000,-10.000000000000002,45.00000000000001,10363.2,24998.640987310537,214.05959,0.7491062854041566,1.2841136473307446,1.0,1.0,1.0,13.800025280721622
SE150_FL340,2022-03-01 00:01:00.000000000,-9.848780362463852,45.06309802296491,10363.2,24998.640987310537,214.074,0.7407047873625064,1.2695890610553175,1.0,1.0,1.0,13.800023124170625
SE150_FL340,2022-03-01 00:02:00.000000000,-9.69723892593266,45.12601025046198,10363.2,24998.640987310537,214.0921,0.7394584117481048,1.2673026319750909,1.0,1.0,1.0,13.800020919334957
SE150_FL340,2022-03-01 00:03:00.000000000,-9.545386915730079,45.18874995403247,10363.2,24998.640987310537,214.11911,0.74154846501415,1.270657428865869,1.0,1.0,1.0,13.80001868361511
SE150_FL340,2022-03-01 00:04:00.000000000,-9.393235477429094,45.251330452726556,10363.2,24998.640987310537,214.14322,0.7431783711942632,1.2732463416533821,1.0,1.0,1.0,13.800016434639819
SE150_FL340,2022-03-01 00:05:00.000000000,-9.240795680594678,45.31376510728148,10363.2,24998.640987310537,214.18561,0.7386221377101041,1.2650851176015232,1.0,1.0,1.0,13.800014190107833
SE150_FL340,2022-03-01 00:06:00.000000000,-9.088078522618359,45.376067314269825,10363.2,24998.640987310537,214.21341,0.7377524197599341,1.2633644006630407,1.0,1.0,1.0,13.800011967625645
SE150_FL340,2022-03-01 00:07:00.000000000,-8.935094932619785,45.43825050019791,10363.2,24998.640987310537,214.2353,0.7346854732303162,1.257929249408242,1.0,1.0,1.0,13.800009784533726
SE150_FL340,2022-03-01 00:08:00.000000000,-8.78185577539008,45.500328115534025,10363.2,24998.640987310537,214.25107,0.7283972568461101,1.2470320618584907,1.0,1.0,1.0,13.80000765772226
SE150_FL340,2022-03-01 00:09:00.000000000,-8.628371855351828,45.56231362864651,10363.2,24998.640987310537,214.24516,0.7192328420804807,1.2313909413832151,1.0,1.0,1.0,13.80000560344844
SE150_FL340,2022-03-01 00:10:00.000000000,-8.474653920510518,45.62422051963216,10363.2,24998.640987310537,214.234,0.7104542229560127,1.216449147224767,1.0,1.0,1.0,13.800003637143645
SE150_FL340,2022-03-01 00:11:00.000000000,-8.320712666371875,45.68606227401563,10363.2,24998.640987310537,214.20375,0.7031580217993939,1.2042024380298038,1.0,1.0,1.0,13.800001773220872
SE150_FL340,2022-03-01 00:12:00.000000000,-8.166558739799713,45.74785237630135,10363.2,24998.640987310537,214.15123,0.6993443416458338,1.1980858901122684,1.0,1.0,1.0,13.800000024891407
SE150_FL340,2022-03-01 00:13:00.000000000,-8.012202742788062,45.80960430335971,10363.2,24998.640987310537,214.1004,0.6923053022393586,1.1864251835569168,1.0,1.0,1.0,13.79999840397277
SE150_FL340,2022-03-01 00:14:00.000000000,-7.857655236121768,45.87133151763049,10363.2,24998.640987310537,214.0815,0.6873618768143226,1.1780985092164078,1.0,1.0,1.0,13.799996920709697
SE150_FL340,2022-03-01 00:15:00.000000000,-7.702926742899029,45.933047460127014,10363.2,24998.640987310537,214.06497,0.6814529452884566,1.1681004196917966,1.0,1.0,1.0,13.799995583611501
SE150_FL340,2022-03-01 00:16:00.000000000,-7.548027751889124,45.99476554322603,10363.2,24998.640987310537,214.07118,0.6749514621331573,1.1569082970888698,1.0,1.0,1.0,13.799994399289552
SE150_FL340,2022-03-01 00:17:00.000000000,-7.392968720698455,46.05649914322893,10363.2,24998.640987310537,214.15369,0.6760198970189072,1.1581068586268874,1.0,1.0,1.0,13.799993372318367
SE150_FL340,2022-03-01 00:18:00.000000000,-7.237760078717368,46.118261592681485,10363.2,24998.640987310537,214.26588,0.677046560149381,1.1590075164480078,1.0,1.0,1.0,13.799992505114373
SE150_FL340,2022-03-01 00:19:00.000000000,-7.0824122298204,46.18006617244081,10363.2,24998.640987310537,214.38873,0.6760109401776643,1.1562913956520382,1.0,1.0,1.0,13.799991797836244
SE150_FL340,2022-03-01 00:20:00.000000000,-6.926935554791905,46.241926103479614,10363.2,24998.640987310537,214.51259,0.6741930985027523,1.1522286068960927,1.0,1.0,1.0,13.799991248309139
SE150_FL340,2022-03-01 00:21:00.000000000,-6.771340413449099,46.303854538419465,10363.2,24998.640987310537,214.65582,0.6719816169394007,1.1473525464314849,1.0,1.0,1.0,13.79999085197143
SE150_FL340,2022-03-01 00:22:00.000000000,-6.615637146434141,46.36586455278655,10363.2,24998.640987310537,214.7779,0.6645802005164229,1.1337921302310483,1.0,1.0,1.0,13.79999060186101
SE150_FL340,2022-03-01 00:23:00.000000000,-6.4598360766471385,46.427969135985755,10363.2,24998.640987310537,214.9009,0.6548715158294244,1.1163089820679062,1.0,1.0,1.0,13.799990488621079
SE150_FL340,2022-03-01 00:24:00.000000000,-6.3039475102915645,46.49018118199037,10363.2,24998.640987310537,215.00847,0.646270606692932,1.1008511357646555,1.0,1.0,1.0,13.799990500548963
SE150_FL340,2022-03-01 00:25:00.000000000,-6.147981737503878,46.552513479747134,10363.2,24998.640987310537,215.09174,0.6427802459431156,1.0942908997933563,1.0,1.0,1.0,13.799990623666508
SE150_FL340,2022-03-01 00:26:00.000000000,-5.991949032539317,46.6149787032986,10363.2,24998.640987310537,215.15668,0.6422422219207414,1.0928962860808293,1.0,1.0,1.0,13.799990841836957
SE150_FL340,2022-03-01 00:27:00.000000000,-5.835859653486246,46.67758940162737,10363.2,24998.640987310537,215.17781,0.6513800725306907,1.1082900799239805,1.0,1.0,1.0,13.799991136910966
SE150_FL340,2022-03-01 00:28:00.000000000,-5.679723841481787,46.740357988228865,10363.2,24998.640987310537,215.18579,0.6571073967325783,1.1179732431173135,1.0,1.0,1.0,13.799991488902345
SE150_FL340,2022-03-01 00:29:00.000000000,-5.523551819402239,46.80329673042195,10363.2,24998.640987310537,215.16815,0.6629648511469223,1.1280745667363825,1.0,1.0,1.0,13.799991876206876
SE150_FL340,2022-03-01 00:30:00.000000000,-5.367353790002575,46.86641773840963,10363.2,24998.640987310537,215.1276,0.6628558076509039,1.1281972111321785,1.0,1.0,1.0,13.799992275841205
SE150_FL340,2022-03-01 00:31:00.000000000,-5.2111399334805135,46.92973295410445,10363.2,24998.640987310537,215.07594,0.6590714869314427,1.1221453062996003,1.0,1.0,1.0,13.799992663719705
SE150_FL340,2022-03-01 00:32:00.000000000,-5.05492040444159,46.993254139735846,10363.2,24998.640987310537,215.00493,0.6517924828967513,1.110284028203351,1.0,1.0,1.0,13.799993014953047
SE150_FL340,2022-03-01 00:33:00.000000000,-4.89870532824359,47.05699286626,10363.2,24998.640987310537,214.9143,0.6483589739440719,1.105106182063664,1.0,1.0,1.0,13.799993304171764
SE150_FL340,2022-03-01 00:34:00.000000000,-4.7425047966999045,47.12096050159472,10363.2,24998.640987310537,214.81514,0.6455596561105907,1.1010694730312283,1.0,1.0,1.0,13.79999350586429
SE150_FL340,2022-03-01 00:35:00.000000000,-4.586328863123924,47.185168198705355,10363.2,24998.640987310537,214.7,0.6397225433605391,1.0919540170099464,1.0,1.0,1.0,13.799993594737066
SE150_FL340,2022-03-01 00:36:00.000000000,-4.430187536698249,47.24962688356991,10363.2,24998.640987310537,214.58916,0.6335437891549459,1.0822077086465343,1.0,1.0,1.0,13.799993546077733
SE150_FL340,2022-03-01 00:37:00.000000000,-4.274090776155365,47.31434724305453,10363.2,24998.640987310537,214.49057,0.6286034064973662,1.0744745679719987,1.0,1.0,1.0,13.799993336121352
SE150_FL340,2022-03-01 00:38:00.000000000,-4.118048482758973,47.37933971273268,10363.2,24998.640987310537,214.38797,0.6236146087917669,1.0666731104201619,1.0,1.0,1.0,13.799992942424828
SE150_FL340,2022-03-01 00:39:00.000000000,-3.9620704925782735,47.44461446468435,10363.2,24998.640987310537,214.29462,0.620524012151015,1.062046069490095,1.0,1.0,1.0,13.7999923442172
SE150_FL340,2022-03-01 00:40:00.000000000,-3.806166568050712,47.510181395313246,10363.2,24998.640987310537,214.22899,0.616830395928969,1.0561840508623963,1.0,1.0,1.0,13.799991522756148
SE150_FL340,2022-03-01 00:41:00.000000000,-3.6503463888319807,47.57605011322245,10363.2,24998.640987310537,214.17393,0.6129506684290157,1.0499224149257482,1.0,1.0,1.0,13.799990461647935
SE150_FL340,2022-03-01 00:42:00.000000000,-3.4946195419363453,47.64222992719104,10363.2,24998.640987310537,214.13362,0.6095514060905053,1.0443781475775722,1.0,1.0,1.0,13.799989147153058
SE150_FL340,2022-03-01 00:43:00.000000000,-3.3389955111735663,47.708729834295355,10363.2,24998.640987310537,214.11903,0.6049060836154022,1.0365176822753588,1.0,1.0,1.0,13.79998756845803
SE150_FL340,2022-03-01 00:44:00.000000000,-3.1834836658934074,47.775558508220634,10363.2,24998.640987310537,214.09164,0.6018674903068383,1.031496103922512,1.0,1.0,1.0,13.79998571790615
SE150_FL340,2022-03-01 00:45:00.000000000,-3.0280932490527612,47.84272428780939,10363.2,24998.640987310537,214.04492,0.6009832925772064,1.03029954837985,1.0,1.0,1.0,13.799983591199357
SE150_FL340,2022-03-01 00:46:00.000000000,-2.872833364624784,47.91023516589412,10363.2,24998.640987310537,213.9889,0.602600733551849,1.0334568944235412,1.0,1.0,1.0,13.799981187540997
SE150_FL340,2022-03-01 00:47:00.000000000,-2.7177129643741873,47.97809877846222,10363.2,24998.640987310537,213.92941,0.6052595644114556,1.0384237230269135,1.0,1.0,1.0,13.799978509741795
SE150_FL340,2022-03-01 00:48:00.000000000,-2.562740834027267,48.046322394201255,10363.2,24998.640987310537,213.8585,0.6085218314666485,1.0445064111106521,1.0,1.0,1.0,13.799975564268491
SE150_FL340,2022-03-01 00:49:00.000000000,-2.407925578869879,48.11491290447256,10363.2,24998.640987310537,213.79143,0.6101479638437636,1.0477610525653411,1.0,1.0,1.0,13.799972361242325
SE150_FL340,2022-03-01 00:50:00.000000000,-2.2532756088113697,48.18387681376056,10363.2,24998.640987310537,213.72412,0.6115289722732247,1.0505961715819585,1.0,1.0,1.0,13.799968914382415
SE150_FL340,2022-03-01 00:51:00.000000000,-2.0987991229566814,48.25322023064404,10363.2,24998.640987310537,213.64674,0.6137763309701857,1.054989475278359,1.0,1.0,1.0,13.799965240897679
SE150_FL340,2022-03-01 00:52:00.000000000,-1.9445040937337181,48.3229488593347,10363.2,24998.640987310537,213.56573,0.6200109498033426,1.0662718667418178,1.0,1.0,1.0,13.799961361323575
SE150_FL340,2022-03-01 00:53:00.000000000,-1.7903982506269553,48.393067991826065,10363.2,24998.640987310537,213.46115,0.6351762873462012,1.0930994413588053,1.0,1.0,1.0,13.799957299309654
SE150_FL340,2022-03-01 00:54:00.000000000,-1.6364890635725675,48.46358250069396,10363.2,24998.640987310537,213.36388,0.649618260230955,1.1186595425655836,1.0,1.0,1.0,13.799953081365691
SE150_FL340,2022-03-01 00:55:00.000000000,-1.482783726073991,48.534496832587074,10363.2,24998.640987310537,213.26913,0.6631204988119339,1.142618093913108,1.0,1.0,1.0,13.799948736550181
SE150_FL340,2022-03-01 00:56:00.000000000,-1.3292891381006948,48.60581500244348,10363.2,24998.640987310537,213.22993,0.6736295112041154,1.1610184864384199,1.0,1.0,1.0,13.79996224359886
SE150_FL340,2022-03-01 00:57:00.000000000,-1.176012199022902,48.677541157964725,10363.2,24998.640987310537,213.24002,0.6795740429761723,1.1711901098638282,1.0,1.0,1.0,13.800015850398514
SE150_FL340,2022-03-01 00:58:00.000000000,-1.022959909011004,48.74967973493967,10363.2,24998.640987310537,213.31346,0.6816444480551037,1.174197134873245,1.0,1.0,1.0,13.800011280819982
SE150_FL340,2022-03-01 00:59:00.000000000,-0.8701372214611162,48.82223162470867,10363.2,24998.640987310537,213.4261,0.6849653490703453,1.1790519315173118,1.0,1.0,1.0,13.800006501605102
SE150_FL340,2022-03-01 01:00:00.000000000,-0.7175496815727354,48.89519906140205,10363.2,24998.640987310537,213.54105,0.6881373295498356,1.1836252869722421,1.0,1.0,1.0,13.800001555312974
SE150_FL340,2022-03-01 01:01:00.000000000,-0.5652024537904219,48.96858383001156,10363.2,24998.640987310537,213.65993,0.6880642008463621,1.1825782055224916,1.0,1.0,1.0,13.79999648581086
SE150_FL340,2022-03-01 01:02:00.000000000,-0.4131003048958678,49.04238726558329,10363.2,24998.640987310537,213.7428,0.6896330270373134,1.1846297554914138,1.0,1.0,1.0,13.799991337765992
SE150_FL340,2022-03-01 01:03:00.000000000,-0.2612475873906203,49.116610253279745,10363.2,24998.640987310537,213.79774,0.6918321304783241,1.1879784305026673,1.0,1.0,1.0,13.7999861561264
SE150_FL340,2022-03-01 01:04:00.000000000,-0.1096482232436474,49.1912532293119,10363.2,24998.640987310537,213.8046,0.6978630548804088,1.1982807704187124,1.0,1.0,1.0,13.799980985617015
SE150_FL340,2022-03-01 01:05:00.000000000,0.041694311923352705,49.266316182737384,10363.2,24998.640987310537,213.79202,0.6947503863197116,1.1930358845197249,1.0,1.0,1.0,13.799975870245795
SE150_FL340,2022-03-01 01:06:00.000000000,0.19277700414136667,49.341798658116055,10363.2,24998.640987310537,213.76183,0.6647978172060326,1.1418264411508243,1.0,1.0,1.0,13.799970852837674
SE150_FL340,2022-03-01 01:07:00.000000000,0.3435973158213465,49.41769975900875,10363.2,24998.640987310537,213.73085,0.6394110231672965,1.0984467212523923,1.0,1.0,1.0,13.79996597459641
SE150_FL340,2022-03-01 01:08:00.000000000,0.49415319983679507,49.49401815230074,10363.2,24998.640987310537,213.6967,0.6164955138267267,1.0593192851454791,1.0,1.0,1.0,13.799961274703167
SE150_FL340,2022-03-01 01:09:00.000000000,0.6444431128990113,49.5707520733261,10363.2,24998.640987310537,213.65474,0.5994210069906822,1.030261832118769,1.0,1.0,1.0,13.799956789951366
SE150_FL340,2022-03-01 01:10:00.000000000,0.7944660281656921,49.647899331764975,10363.2,24998.640987310537,213.6127,0.5881035398275829,1.0110886774781829,1.0,1.0,1.0,13.799952554435153
SE150_FL340,2022-03-01 01:11:00.000000000,0.9442214470284372,49.72545731828128,10363.2,24998.640987310537,213.5693,0.5880692012967685,1.0113169356101865,1.0,1.0,1.0,13.799948599276675
SE150_FL340,2022-03-01 01:12:00.000000000,1.0937094100288882,49.803423011864275,10363.2,24998.640987310537,213.50633,0.5960411988123675,1.0254485095775487,1.0,1.0,1.0,13.79994495241215
SE150_FL340,2022-03-01 01:13:00.000000000,1.2429305068591834,49.8817929878337,10363.2,24998.640987310537,213.4459,0.6051701247825909,1.041563321100021,1.0,1.0,1.0,13.799943970232082
SE150_FL340,2022-03-01 01:14:00.000000000,1.391885839203061,49.9605634958069,10363.2,24998.640987310537,213.37901,0.6179687054183577,1.0640535364207526,1.0,1.0,1.0,13.800018164069398
SE150_FL340,2022-03-01 01:15:00.000000000,1.5405756538199646,50.039732525500625,10363.2,24998.640987310537,213.31305,0.6318026857051113,1.0883412149590999,1.0,1.0,1.0,13.800012779561797
SE150_FL340,2022-03-01 01:16:00.000000000,1.689003811745885,50.119293133097386,10363.2,24998.640987310537,213.25842,0.6406497924168176,1.103977776162263,1.0,1.0,1.0,13.800007711970267
SE150_FL340,2022-03-01 01:17:00.000000000,1.8371731915099507,50.19924036232172,10363.2,24998.640987310537,213.23457,0.6431127088505383,1.1083912410925465,1.0,1.0,1.0,13.800002984178791
SE150_FL340,2022-03-01 01:18:00.000000000,1.985087255414262,50.279568902342035,10363.2,24998.640987310537,213.21991,0.6447071285084253,1.1112429554034393,1.0,1.0,1.0,13.79999861501331
SE150_FL340,2022-03-01 01:19:00.000000000,2.1327500533276282,50.36027309878075,10363.2,24998.640987310537,213.21667,0.6452769306621343,1.1122502357467272,1.0,1.0,1.0,13.799994619263725
SE150_FL340,2022-03-01 01:20:00.000000000,2.2801662254169526,50.44134696502648,10363.2,24998.640987310537,213.22331,0.6453895744219251,1.112396173625126,1.0,1.0,1.0,13.799991007751949
SE150_FL340,2022-03-01 01:21:00.000000000,2.4273410038207826,50.52278419379153,10363.2,24998.640987310537,213.22318,0.6469830250026847,1.1151443959876226,1.0,1.0,1.0,13.799987787443316
SE150_FL340,2022-03-01 01:22:00.000000000,2.5742802132739526,50.604578168858964,10363.2,24998.640987310537,213.21796,0.648146508457597,1.1171865422144514,1.0,1.0,1.0,13.799984961591031
SE150_FL340,2022-03-01 01:23:00.000000000,2.720990270699007,50.686721976962986,10363.2,24998.640987310537,213.2136,0.6491607158716236,1.118966610831624,1.0,1.0,1.0,13.79998252990439
SE150_FL340,2022-03-01 01:24:00.000000000,2.8674781837846655,50.769208419747585,10363.2,24998.640987310537,213.20845,0.649077819381143,1.1188585321468372,1.0,1.0,1.0,13.79998048874809
SE150_FL340,2022-03-01 01:25:00.000000000,3.013751548576857,50.85203002574966,10363.2,24998.640987310537,213.20253,0.6480420847429872,1.1171176813405956,1.0,1.0,1.0,13.799978831356217
SE150_FL340,2022-03-01 01:26:00.000000000,3.1598185461124664,50.935179062353996,10363.2,24998.640987310537,213.19998,0.6418610318363049,1.106482600861921,1.0,1.0,1.0,13.79997754806047
SE150_FL340,2022-03-01 01:27:00.000000000,3.3056879381298114,51.0186475476696,10363.2,24998.640987310537,213.19658,0.6341632646476139,1.0932336233479942,1.0,1.0,1.0,13.799976626528416
SE150_FL340,2022-03-01 01:28:00.000000000,3.451369061894234,51.10242726227889,10363.2,24998.640987310537,213.18907,0.6251280431784896,1.0777135615194207,1.0,1.0,1.0,13.799976052009184
SE150_FL340,2022-03-01 01:29:00.000000000,3.596871824179734,51.18650976081355,10363.2,24998.640987310537,213.18512,0.6152057522118661,1.0606316777255558,1.0,1.0,1.0,13.79997580757543
SE150_FL340,2022-03-01 01:30:00.000000000,3.7422066944510983,51.27088638331356,10363.2,24998.640987310537,213.18896,0.6045370573967404,1.0422136944004121,1.0,1.0,1.0,13.799975874366709
SE150_FL340,2022-03-01 01:31:00.000000000,3.8873846972928505,51.35554826632859,10363.2,24998.640987310537,213.23593,0.5973338125141028,1.0294826232521217,1.0,1.0,1.0,13.799976231823901
SE150_FL340,2022-03-01 01:32:00.000000000,4.032417404133353,51.44048635372388,10363.2,24998.640987310537,213.28896,0.5904709709086011,1.0173042844064974,1.0,1.0,1.0,13.799976857923344
SE150_FL340,2022-03-01 01:33:00.000000000,4.17731692431389,51.525691407155904,10363.2,24998.640987310537,213.34613,0.583127725357887,1.0042790183896069,1.0,1.0,1.0,13.79997772939002
SE150_FL340,2022-03-01 01:34:00.000000000,4.322095895553423,51.611154016185885,10363.2,24998.640987310537,213.40784,0.5733046935619204,0.9869642775885007,1.0,0.0,0.0,13.799978821916332
SE150_FL340,2022-03-01 01:35:00.000000000,4.466767473859694,51.69686460800298,10363.2,24998.640987310537,213.47343,0.5614408295779,0.9661277781101857,1.0,0.0,0.0,13.79998011034861
SE150_FL340,2022-03-01 01:36:00.000000000,4.61134532293813,51.78281345673147,10363.2,24998.640987310537,213.52003,0.5567152387244985,0.9577062011500277,1.0,0.0,0.0,13.799981568886242
SE150_FL340,2022-03-01 01:37:00.000000000,4.755843603148792,51.86899069230014,10363.2,24998.640987310537,213.55295,0.5518329160580902,0.9491018609000622,1.0,0.0,0.0,13.79998317125147
SE150_FL340,2022-03-01 01:38:00.000000000,4.9002769600611895,51.95538630885467,10363.2,24998.640987310537,213.57997,0.5512285828923507,0.9478943216732115,1.0,0.0,0.0,13.799984890852482
SE150_FL340,2022-03-01 01:39:00.000000000,5.044660512655349,52.041990172697254,10363.2,24998.640987310537,213.59749,0.5518629943173872,0.9488752125714928,1.0,0.0,0.0,13.799986700946327
SE150_FL340,2022-03-01 01:40:00.000000000,5.189009841215732,52.12879202974077,10363.2,24998.640987310537,213.60442,0.5563833099706795,0.9566055648828059,1.0,0.0,0.0,13.799988574784994
SE150_FL340,2022-03-01 01:41:00.000000000,5.33334097496334,52.2157815124673,10363.2,24998.640987310537,213.61276,0.5623867967054911,0.9668733813693957,1.0,0.0,0.0,13.799990485753726
SE150_FL340,2022-03-01 01:42:00.000000000,5.477670379467894,52.30294814638437,10363.2,24998.640987310537,213.62158,0.5697508600976663,0.979479196749672,1.0,0.0,0.0,13.799992407510803
SE150_FL340,2022-03-01 01:43:00.000000000,5.622014943881001,52.390281355974025,10363.2,24998.640987310537,213.62103,0.578154394202739,0.9939302615457983,1.0,0.0,0.0,13.79999431411892
SE150_FL340,2022-03-01 01:44:00.000000000,5.766391968026885,52.477770470133564,10363.2,24998.640987310537,213.61536,0.5859834578310823,1.0074258543927703,1.0,1.0,1.0,13.799996180175784
SE150_FL340,2022-03-01 01:45:00.000000000,5.910819149385742,52.565404727108,10363.2,24998.640987310537,213.62033,0.5898212840642081,1.0139903055147748,1.0,1.0,1.0,13.799997980946767
SE150_FL340,2022-03-01 01:46:00.000000000,6.055314570000713,52.65317327891751,10363.2,24998.640987310537,213.62221,0.5937047171374538,1.0206525214389277,1.0,1.0,1.0,13.799999692491834
SE150_FL340,2022-03-01 01:47:00.000000000,6.19989668333652,52.74106519528474,10363.2,24998.640987310537,213.6292,0.5963438976504623,1.0251441201169713,1.0,1.0,1.0,13.80000129179735
SE150_FL340,2022-03-01 01:48:00.000000000,6.344584301114556,52.829069467069175,10363.2,24998.640987310537,213.65074,0.5916452547978722,1.016923141989134,1.0,1.0,1.0,13.800002756917273
SE150_FL340,2022-03-01 01:49:00.000000000,6.48939658014588,52.91717500921703,10363.2,24998.640987310537,213.6711,0.5892498232530999,1.012670686721704,1.0,1.0,1.0,13.800004067102952
SE150_FL340,2022-03-01 01:50:00.000000000,6.634353009179616,53.00537066323756,10363.2,24998.640987310537,213.6901,0.5907941120180672,1.0151996393184703,1.0,1.0,1.0,13.80000520294991
SE150_FL340,2022-03-01 01:51:00.000000000,6.779473395781127,53.09364519921752,10363.2,24998.640987310537,213.71765,0.5849666613178165,1.0050035605708845,1.0,1.0,1.0,13.800006146536646
SE150_FL340,2022-03-01 01:52:00.000000000,6.924777853250975,53.18198731738731,10363.2,24998.640987310537,213.75345,0.5654131989287516,0.9711817851937642,1.0,0.0,0.0,13.80000688157544
SE150_FL340,2022-03-01 01:53:00.000000000,7.070286787591492,53.270385649253456,10363.2,24998.640987310537,213.78365,0.5516248836101736,0.9473117755861953,1.0,0.0,0.0,13.800007393558275
SE150_FL340,2022-03-01 01:54:00.000000000,7.216020884525191,53.35882875831312,10363.2,24998.640987310537,213.81746,0.5405751621408916,0.9281269285693373,1.0,0.0,0.0,13.800007669900015
SE150_FL340,2022-03-01 01:55:00.000000000,7.3620010965652085,53.44730514036748,10363.2,24998.640987310537,213.86537,0.5191077618104089,0.8909905667336117,1.0,0.0,0.0,13.800007700096462
SE150_FL340,2022-03-01 01:56:00.000000000,7.508248630134886,53.53580322345174,10363.2,24998.640987310537,213.90663,0.49712415236878116,0.8530250464344576,1.0,0.0,0.0,13.800007475854803
SE150_FL340,2022-03-01 01:57:00.000000000,7.654784932730397,53.62431136740005,10363.2,24998.640987310537,213.94609,0.4762436235920964,0.8169855443312628,1.0,0.0,0.0,13.800006991241453
SE150_FL340,2022-03-01 01:58:00.000000000,7.801631680117048,53.712817863064856,10363.2,24998.640987310537,213.98557,0.455939886090124,0.7819504406583608,1.0,0.0,0.0,13.800006242806354
SE150_FL340,2022-03-01 01:59:00.000000000,7.948810763547113,53.80131093121019,10363.2,24998.640987310537,214.02225,0.4354295007411294,0.7465943308856037,1.0,0.0,0.0,13.800005229709964
SE150_FL340,2022-03-01 02:00:00.000000000,8.096344276983887,53.889778721099525,10363.2,24998.640987310537,214.04999,0.42230734937735387,0.7239627445790078,1.0,0.0,0.0,13.800003953824296
SE150_FL340,2022-03-01 02:01:00.000000000,8.244254504314016,53.97820930879907,10363.2,24998.640987310537,214.07861,0.41238995931263733,0.7068270004216022,1.0,0.0,0.0,13.80000241982998
SE150_FL340,2022-03-01 02:02:00.000000000,8.392563906527803,54.06659069521786,10363.2,24998.640987310537,214.1102,0.3972585456106393,0.6807506823275675,1.0,0.0,0.0,13.800000635287429
SE150_FL340,2022-03-01 02:03:00.000000000,8.541295108844203,54.15491080390644,10363.2,24998.640987310537,214.14098,0.38419471579459397,0.6582309230672431,1.0,0.0,0.0,13.79999861068731
SE150_FL340,2022-03-01 02:04:00.000000000,8.690470887755579,54.24315747863636,10363.2,24998.640987310537,214.18092,0.3739716631082743,0.6405455044829202,1.0,0.0,0.0,13.799996359482744
SE150_FL340,2022-03-01 02:05:00.000000000,8.840114157964688,54.3313184807831,10363.2,24998.640987310537,214.20985,0.37413291419279987,0.6406987584743382,1.0,0.0,0.0,13.799993898086694
SE150_FL340,2022-03-01 02:06:00.000000000,8.990247959184734,54.41938148653517,10363.2,24998.640987310537,214.24185,0.36867942747011806,0.6312272235869415,1.0,0.0,0.0,13.799991245846577
SE150_FL340,2022-03-01 02:07:00.000000000,9.140895442771445,54.50733408395296,10363.2,24998.640987310537,214.27563,0.3654557001699113,0.6255672009178649,1.0,0.0,0.0,13.799988424983786
SE150_FL340,2022-03-01 02:08:00.000000000,9.292079858154782,54.595163769900566,10363.2,24998.640987310537,214.30026,0.3671848014987151,0.6284240325095523,1.0,0.0,0.0,13.799985460504125
SE150_FL340,2022-03-01 02:09:00.000000000,9.443824539036145,54.682857946874975,10363.2,24998.640987310537,214.32771,0.3618437225330171,0.6191702708096745,1.0,0.0,0.0,13.79998238006007
SE150_FL340,2022-03-01 02:10:00.000000000,9.596152889316482,54.770403919756546,10363.2,24998.640987310537,214.35545,0.3570121078560571,0.6107900774479825,1.0,0.0,0.0,13.799979213805697
SE150_FL340,2022-03-01 02:11:00.000000000,9.749088368719127,54.85778889250587,10363.2,24998.640987310537,214.36815,0.3610689324177414,0.6176794496636818,1.0,0.0,0.0,13.79997599417574
SE150_FL340,2022-03-01 02:12:00.000000000,9.902654478070929,54.944999964831716,10363.2,24998.640987310537,214.37105,0.36267347796878713,0.6204118266450939,1.0,0.0,0.0,8.71787688339356
SE150_FL340,2022-03-01 02:12:37.904240283,10.0,55.0,10363.2,24998.640987310537,214.38821,0.3588935413725339,0.6138765818155618,1.0,0.0,0.0,0.0
GC0_FL340,2022-03-01 00:00:00.000000000,-10.000000000000002,45.00000000000001,10363.2,24998.640987310537,214.05959,0.7491062854041566,1.2841136473307446,1.0,1.0,1.0,13.800031261260088
GC0_FL340,2022-03-01 00:01:00.000000000,-9.876312021826006,45.08811854334467,10363.2,24998.640987310537,214.04819,0.7386007259976298,1.2662006610404992,1.0,1.0,1.0,13.800027623894355
GC0_FL340,2022-03-01 00:02:00.000000000,-9.752242252140906,45.176103215944366,10363.2,24998.640987310537,214.03487,0.738063789677754,1.2653891118283735,1.0,1.0,1.0,13.800023933454368
GC0_FL340,2022-03-01 00:03:00.000000000,-9.627788920452794,45.263953191638386,10363.2,24998.640987310537,214.04109,0.7386068433152699,1.2662692954739925,1.0,1.0,1.0,13.800020189682812
GC0_FL340,2022-03-01 00:04:00.000000000,-9.5029502525583,45.351667639156055,10363.2,24998.640987310537,214.08548,0.7316527265824766,1.2539786165736249,1.0,1.0,1.0,13.800016392336534
GC0_FL340,2022-03-01 00:05:00.000000000,-9.377724470626134,45.439245722091066,10363.2,24998.640987310537,214.10652,0.7275097121136922,1.2467050421601331,1.0,1.0,1.0,13.800012541176311
GC0_FL340,2022-03-01 00:06:00.000000000,-9.252109793282935,45.52668659887586,10363.2,24998.640987310537,214.13144,0.7278754714987596,1.247126744948143,1.0,1.0,1.0,13.800008635971807
GC0_FL340,2022-03-01 00:07:00.000000000,-9.126104435701345,45.613989422756205,10363.2,24998.640987310537,214.19528,0.7159752250897159,1.226218943281635,1.0,1.0,1.0,13.800004676501466
GC0_FL340,2022-03-01 00:08:00.000000000,-8.999706609690397,45.701153341765824,10363.2,24998.640987310537,214.23141,0.7086594401704018,1.2133987154967865,1.0,1.0,1.0,13.800000662551579
GC0_FL340,2022-03-01 00:09:00.000000000,-8.872914523788092,45.7881774987011,10363.2,24998.640987310537,214.23573,0.6936137578642905,1.1876045801483424,1.0,1.0,1.0,13.799996593917113
GC0_FL340,2022-03-01 00:10:00.000000000,-8.745726383356452,45.87506103109597,10363.2,24998.640987310537,214.24287,0.6747721346346249,1.1552872837450365,1.0,1.0,1.0,13.799992470403737
GC0_FL340,2022-03-01 00:11:00.000000000,-8.618140390678803,45.96180307119685,10363.2,24998.640987310537,214.19691,0.6629153478099487,1.1353339673245546,1.0,1.0,1.0,13.799988291825057
GC0_FL340,2022-03-01 00:12:00.000000000,-8.490154745059604,46.04840274593778,10363.2,24998.640987310537,214.10811,0.6567967506151929,1.125515513589783,1.0,1.0,1.0,13.799984058004643
GC0_FL340,2022-03-01 00:13:00.000000000,-8.36176764292664,46.13485917691566,10363.2,24998.640987310537,214.0208,0.6517604326808099,1.117529232675611,1.0,1.0,1.0,13.799979768777922
GC0_FL340,2022-03-01 00:14:00.000000000,-8.232977277935733,46.22117148036564,10363.2,24998.640987310537,213.90143,0.6528919324257704,1.1203497987618256,1.0,1.0,1.0,13.79997542398953
GC0_FL340,2022-03-01 00:15:00.000000000,-8.103781841077932,46.30733876713662,10363.2,24998.640987310537,213.83597,0.6539243166678365,1.1226047424902894,1.0,1.0,1.0,13.799971023496427
GC0_FL340,2022-03-01 00:16:00.000000000,-7.974179520789293,46.39336014266697,10363.2,24998.640987310537,213.78868,0.6599389657276812,1.1332833357331833,1.0,1.0,1.0,13.799966567164596
GC0_FL340,2022-03-01 00:17:00.000000000,-7.844168503063274,46.47923470696041,10363.2,24998.640987310537,213.7848,0.6664698954498519,1.1445273051279927,1.0,1.0,1.0,13.8000335506074
GC0_FL340,2022-03-01 00:18:00.000000000,-7.713744387039283,46.56496062297613,10363.2,24998.640987310537,213.82935,0.6691777802542097,1.1488406739146357,1.0,1.0,1.0,13.800029833224963
GC0_FL340,2022-03-01 00:19:00.000000000,-7.582907908106713,46.65053789712994,10363.2,24998.640987310537,213.9133,0.6680556606087114,1.146280834220919,1.0,1.0,1.0,13.800025836216795
GC0_FL340,2022-03-01 00:20:00.000000000,-7.451657253716138,46.73596561579989,10363.2,24998.640987310537,213.99901,0.6664241215160432,1.1428367780697515,1.0,1.0,1.0,13.800021784046535
GC0_FL340,2022-03-01 00:21:00.000000000,-7.319990601234423,46.82124285691214,10363.2,24998.640987310537,214.14262,0.6568676384293934,1.12537831050277,1.0,1.0,1.0,13.800017676565119
GC0_FL340,2022-03-01 00:22:00.000000000,-7.187906126190921,46.90636869283971,10363.2,24998.640987310537,214.29848,0.6459903097067723,1.1056032540455427,1.0,1.0,1.0,13.800013513633964
GC0_FL340,2022-03-01 00:23:00.000000000,-7.0554020024062,46.99134219037952,10363.2,24998.640987310537,214.45903,0.6330412461184491,1.082285285481348,1.0,1.0,1.0,13.800009295126483
GC0_FL340,2022-03-01 00:24:00.000000000,-6.922476402123702,47.07616241072962,10363.2,24998.640987310537,214.65865,0.617464049130948,1.054253075529148,1.0,1.0,1.0,13.800005020927465
GC0_FL340,2022-03-01 00:25:00.000000000,-6.789127496144292,47.16082840946671,10363.2,24998.640987310537,214.83951,0.605572419570226,1.032696479643798,1.0,1.0,1.0,13.800000690938065
GC0_FL340,2022-03-01 00:26:00.000000000,-6.655353453963729,47.24533923652389,10363.2,24998.640987310537,214.96791,0.5991937156166948,1.0209403180920464,1.0,1.0,1.0,13.799996305067978
GC0_FL340,2022-03-01 00:27:00.000000000,-6.521152443913118,47.32969393616862,10363.2,24998.640987310537,215.09659,0.5885340588803648,1.0019101891494337,1.0,1.0,1.0,13.799991863244522
GC0_FL340,2022-03-01 00:28:00.000000000,-6.386522633302341,47.41389154698097,10363.2,24998.640987310537,215.17375,0.5842387125738443,0.9940802090128104,1.0,0.0,0.0,13.799987365406142
GC0_FL340,2022-03-01 00:29:00.000000000,-6.251462188566615,47.49793110183218,10363.2,24998.640987310537,215.18387,0.584959087528875,0.995236485797962,1.0,0.0,0.0,13.79998281150992
GC0_FL340,2022-03-01 00:30:00.000000000,-6.1159692754160595,47.58181162786344,10363.2,24998.640987310537,215.18604,0.5846571459143765,0.9947078573621019,1.0,0.0,0.0,13.799978201523881
GC0_FL340,2022-03-01 00:31:00.000000000,-5.980042058988454,47.66553214646499,10363.2,24998.640987310537,215.15746,0.5878460835261744,1.0003254766257585,1.0,1.0,1.0,13.799973535432741
GC0_FL340,2022-03-01 00:32:00.000000000,-5.84367870400512,47.74909167325553,10363.2,24998.640987310537,215.08188,0.5924923201530762,1.0087467453867753,1.0,1.0,1.0,13.799968813237534
GC0_FL340,2022-03-01 00:33:00.000000000,-5.70687737493005,47.832489218061895,10363.2,24998.640987310537,215.00395,0.5997499233941448,1.0216371375350057,1.0,1.0,1.0,13.799964034957233
GC0_FL340,2022-03-01 00:34:00.000000000,-5.569636236132259,47.91572378489917,10363.2,24998.640987310537,214.92767,0.605595842018588,1.0321241656306928,1.0,1.0,1.0,13.800035855280361
GC0_FL340,2022-03-01 00:35:00.000000000,-5.431950681045849,47.9987933410855,10363.2,24998.640987310537,214.84097,0.6102885130323699,1.0407283854821348,1.0,1.0,1.0,13.80003208062314
GC0_FL340,2022-03-01 00:36:00.000000000,-5.2938216052343305,48.08169789082298,10363.2,24998.640987310537,214.76086,0.6149893503815196,1.0493095868864224,1.0,1.0,1.0,13.800027766635571
GC0_FL340,2022-03-01 00:37:00.000000000,-5.155247191271525,48.164436426955106,10363.2,24998.640987310537,214.67737,0.6189429231627901,1.0566417142233124,1.0,1.0,1.0,13.800023396612284
GC0_FL340,2022-03-01 00:38:00.000000000,-5.016225604851381,48.24700792994952,10363.2,24998.640987310537,214.58784,0.62240866265632,1.0631932209988337,1.0,1.0,1.0,13.800018970545228
GC0_FL340,2022-03-01 00:39:00.000000000,-4.876755012439158,48.329411374367055,10363.2,24998.640987310537,214.49835,0.6276581400652167,1.0728015859207292,1.0,1.0,1.0,13.800014488442477
GC0_FL340,2022-03-01 00:40:00.000000000,-4.7368335814541895,48.411645728843965,10363.2,24998.640987310537,214.4103,0.6317641950962397,1.0804520495719825,1.0,1.0,1.0,13.800009950331221
GC0_FL340,2022-03-01 00:41:00.000000000,-4.596459480456218,48.493709956074575,10363.2,24998.640987310537,214.33612,0.6311645947904804,1.0799595781882485,1.0,1.0,1.0,13.800005356252322
GC0_FL340,2022-03-01 00:42:00.000000000,-4.455630879335287,48.57560301279429,10363.2,24998.640987310537,214.26544,0.6274335333139048,1.0740782059617429,1.0,1.0,1.0,13.800000706269127
GC0_FL340,2022-03-01 00:43:00.000000000,-4.314345949505185,48.6573238497631,10363.2,24998.640987310537,214.19846,0.6241664796054057,1.0689589843299159,1.0,1.0,1.0,13.799996000461707
GC0_FL340,2022-03-01 00:44:00.000000000,-4.172602864100605,48.73887141174949,10363.2,24998.640987310537,214.13344,0.6209764858353423,1.0639550628584054,1.0,1.0,1.0,13.799991238929968
GC0_FL340,2022-03-01 00:45:00.000000000,-4.030399798177934,48.8202446375148,10363.2,24998.640987310537,214.06206,0.6178560026342822,1.0591060464820772,1.0,1.0,1.0,13.79998642179239
GC0_FL340,2022-03-01 00:46:00.000000000,-3.8877349289197967,48.901442459798034,10363.2,24998.640987310537,213.99893,0.6175501600183946,1.0590222709659596,1.0,1.0,1.0,13.799981549189066
GC0_FL340,2022-03-01 00:47:00.000000000,-3.744606435843342,48.98246380530123,10363.2,24998.640987310537,213.93954,0.6183096290046257,1.0607379846729506,1.0,1.0,1.0,13.799976621281434
GC0_FL340,2022-03-01 00:48:00.000000000,-3.601012501012314,49.06330759467523,10363.2,24998.640987310537,213.89006,0.6164624288606757,1.057916415552261,1.0,1.0,1.0,13.799971638251657
GC0_FL340,2022-03-01 00:49:00.000000000,-3.456951309253031,49.14397274250603,10363.2,24998.640987310537,213.84521,0.6142382198762454,1.0544102248331189,1.0,1.0,1.0,13.799966600302653
GC0_FL340,2022-03-01 00:50:00.000000000,-3.312421048374104,49.22445815730157,10363.2,24998.640987310537,213.801,0.6119057860686747,1.0507130182388817,1.0,1.0,1.0,13.799961507663523
GC0_FL340,2022-03-01 00:51:00.000000000,-3.1674199093902,49.304762741479145,10363.2,24998.640987310537,213.7598,0.6083621510983169,1.0449088573682124,1.0,1.0,1.0,13.80003811560671
GC0_FL340,2022-03-01 00:52:00.000000000,-3.021943131385752,49.3848842512864,10363.2,24998.640987310537,213.71597,0.6049373695374095,1.0393257082940286,1.0,1.0,1.0,13.80003431143209
GC0_FL340,2022-03-01 00:53:00.000000000,-2.875991817593982,49.46482269242153,10363.2,24998.640987310537,213.65564,0.6033836197467602,1.0370681233499173,1.0,1.0,1.0,13.80002967563927
GC0_FL340,2022-03-01 00:54:00.000000000,-2.7295641981544376,49.54457695964448,10363.2,24998.640987310537,213.58241,0.6029681642080987,1.036847556303437,1.0,1.0,1.0,13.800024984324816
GC0_FL340,2022-03-01 00:55:00.000000000,-2.582658479303576,49.62414593078313,10363.2,24998.640987310537,213.50328,0.6028953248801352,1.0372580084557104,1.0,1.0,1.0,13.800020237683322
GC0_FL340,2022-03-01 00:56:00.000000000,-2.435272871668278,49.703528477519875,10363.2,24998.640987310537,213.38,0.6047347660524747,1.0412594686985417,1.0,1.0,1.0,13.800015435926571
GC0_FL340,2022-03-01 00:57:00.000000000,-2.2874055905140325,49.78272346538261,10363.2,24998.640987310537,213.21144,0.6086051906985395,1.0490759143625317,1.0,1.0,1.0,13.800010579292724
GC0_FL340,2022-03-01 00:58:00.000000000,-2.139054855997014,49.86172975373617,10363.2,24998.640987310537,213.05605,0.6155780830143662,1.06216318499397,1.0,1.0,1.0,13.80000566804335
GC0_FL340,2022-03-01 00:59:00.000000000,-1.990218893420634,49.940546195774644,10363.2,24998.640987310537,212.87935,0.6236605087241375,1.0773406103003078,1.0,1.0,1.0,13.800000702464757
GC0_FL340,2022-03-01 01:00:00.000000000,-1.840895933496165,50.01917163851421,10363.2,24998.640987310537,212.71368,0.6407872058351531,1.1081050490601996,1.0,1.0,1.0,13.799995682868577
GC0_FL340,2022-03-01 01:01:00.000000000,-1.6910842126076457,50.09760492278672,10363.2,24998.640987310537,212.61494,0.6600711333227346,1.142177747742702,1.0,1.0,1.0,13.799990609591623
GC0_FL340,2022-03-01 01:02:00.000000000,-1.540781973081079,50.17584488323394,10363.2,24998.640987310537,212.59389,0.6721020547027631,1.1631553795757639,1.0,1.0,1.0,13.799985482999908
GC0_FL340,2022-03-01 01:03:00.000000000,-1.3899874634580285,50.2538903483026,10363.2,24998.640987310537,212.61674,0.6824351075832147,1.1808619472944741,1.0,1.0,1.0,13.799980303483485
GC0_FL340,2022-03-01 01:04:00.000000000,-1.2386989387734455,50.33174014024005,10363.2,24998.640987310537,212.6785,0.69351111207406,1.1995526811911263,1.0,1.0,1.0,13.799975071460995
GC0_FL340,2022-03-01 01:05:00.000000000,-1.0869146608380469,50.409393075090854,10363.2,24998.640987310537,212.84454,0.6735003503645953,1.1636968582991156,1.0,1.0,1.0,13.799969787382079
GC0_FL340,2022-03-01 01:06:00.000000000,-0.9346328985249368,50.48684796269396,10363.2,24998.640987310537,212.97725,0.6504068764163722,1.122830692095273,1.0,1.0,1.0,13.799964451722667
GC0_FL340,2022-03-01 01:07:00.000000000,-0.7818519280607622,50.56410360668077,10363.2,24998.640987310537,213.12054,0.6280778072174034,1.0832808539261742,1.0,1.0,1.0,13.79995906498832
GC0_FL340,2022-03-01 01:08:00.000000000,-0.6285700333214097,50.64115880447403,10363.2,24998.640987310537,213.21783,0.6100015814412286,1.0514384987761334,1.0,1.0,1.0,13.800040250558894
GC0_FL340,2022-03-01 01:09:00.000000000,-0.47478237482134333,50.71801108774824,10363.2,24998.640987310537,213.28358,0.5952739074982466,1.025614860918386,1.0,1.0,1.0,13.800036449888243
GC0_FL340,2022-03-01 01:10:00.000000000,-0.3204903233010431,50.79466047002034,10363.2,24998.640987310537,213.29797,0.5925438575695176,1.020814719397008,1.0,1.0,1.0,13.800031495581349
GC0_FL340,2022-03-01 01:11:00.000000000,-0.16569222733307076,50.87110574593124,10363.2,24998.640987310537,213.30792,0.5913301304784617,1.0186593890029516,1.0,1.0,1.0,13.80002648819227
GC0_FL340,2022-03-01 01:12:00.000000000,-0.01038640460530521,50.94734568796158,10363.2,24998.640987310537,213.30106,0.5925776872245727,1.0208539795019849,1.0,1.0,1.0,13.800021428178642
GC0_FL340,2022-03-01 01:13:00.000000000,0.14542881799142826,51.02337906239046,10363.2,24998.640987310537,213.2331,0.6022492837461486,1.0379734088434753,1.0,1.0,1.0,13.800016316031584
GC0_FL340,2022-03-01 01:14:00.000000000,0.30175510404023853,51.099204629299564,10363.2,24998.640987310537,213.17255,0.6132263448655422,1.057306942375136,1.0,1.0,1.0,13.80001115226905
GC0_FL340,2022-03-01 01:15:00.000000000,0.45859410727043437,51.17482114257816,10363.2,24998.640987310537,213.10649,0.6275869494315958,1.082529742872732,1.0,1.0,1.0,13.8000059374454
GC0_FL340,2022-03-01 01:16:00.000000000,0.6159474712251815,51.25022734992915,10363.2,24998.640987310537,213.0336,0.6430088158970365,1.1096557433588319,1.0,1.0,1.0,13.800000672141353
GC0_FL340,2022-03-01 01:17:00.000000000,0.7738168289243615,51.325421992876,10363.2,24998.640987310537,212.97647,0.6537276777121656,1.1285682891410052,1.0,1.0,1.0,13.7999953569759
GC0_FL340,2022-03-01 01:18:00.000000000,0.932203802522942,51.400403806770754,10363.2,24998.640987310537,212.94438,0.657617443456632,1.1355219720126366,1.0,1.0,1.0,13.799989992598045
GC0_FL340,2022-03-01 01:19:00.000000000,1.0911100029643799,51.47517152080301,10363.2,24998.640987310537,212.90015,0.6598729794261131,1.139742693558783,1.0,1.0,1.0,13.79998457969091
GC0_FL340,2022-03-01 01:20:00.000000000,1.2505370296295943,51.549723858009905,10363.2,24998.640987310537,212.86115,0.6608556710540793,1.1417275655880317,1.0,1.0,1.0,13.799979118975191
GC0_FL340,2022-03-01 01:21:00.000000000,1.410486469980993,51.62405953528727,10363.2,24998.640987310537,212.8631,0.657674688068656,1.1362154749586768,1.0,1.0,1.0,13.799973611204168
GC0_FL340,2022-03-01 01:22:00.000000000,1.570959899201897,51.698177263401696,10363.2,24998.640987310537,212.84737,0.6561250202174191,1.1336542157477094,1.0,1.0,1.0,13.799968057170684
GC0_FL340,2022-03-01 01:23:00.000000000,1.7319588798311787,51.77207574700383,10363.2,24998.640987310537,212.84703,0.6543925279738835,1.1306621747040315,1.0,1.0,1.0,13.799962457699413
GC0_FL340,2022-03-01 01:24:00.000000000,1.8934849613930664,51.84575368464275,10363.2,24998.640987310537,212.86433,0.6491899397921662,1.1215479891889952,1.0,1.0,1.0,13.799956813657149
GC0_FL340,2022-03-01 01:25:00.000000000,2.055539680022396,51.91920976878139,10363.2,24998.640987310537,212.87984,0.6441189764691736,1.1126777719608218,1.0,1.0,1.0,13.800042154299087
GC0_FL340,2022-03-01 01:26:00.000000000,2.2181278486239693,51.99244129650124,10363.2,24998.640987310537,212.8894,0.6400544644873686,1.1055863942896078,1.0,1.0,1.0,13.800038395347975
GC0_FL340,2022-03-01 01:27:00.000000000,2.381247755746821,52.06544829902248,10363.2,24998.640987310537,212.91292,0.6387932296072508,1.1032410927032075,1.0,1.0,1.0,13.800033137066887
GC0_FL340,2022-03-01 01:28:00.000000000,2.5449008423555197,52.13822947261712,10363.2,24998.640987310537,212.93672,0.6369479801018377,1.0998873453152762,1.0,1.0,1.0,13.800027830685213
GC0_FL340,2022-03-01 01:29:00.000000000,2.7090885869023626,52.210783485473385,10363.2,24998.640987310537,212.96036,0.6348827896979872,1.096154481106077,1.0,1.0,1.0,13.800022477008898
GC0_FL340,2022-03-01 01:30:00.000000000,2.873812452494847,52.283108999789214,10363.2,24998.640987310537,212.98358,0.6320667262780901,1.0911258908991273,1.0,1.0,1.0,13.800017076881304
GC0_FL340,2022-03-01 01:31:00.000000000,3.039073886492103,52.35520467179508,10363.2,24998.640987310537,213.00694,0.6290834846399849,1.0858112284161696,1.0,1.0,1.0,13.8000116311833
GC0_FL340,2022-03-01 01:32:00.000000000,3.204874320096632,52.42706915177804,10363.2,24998.640987310537,213.02905,0.6267313698068511,1.0815986812239824,1.0,1.0,1.0,13.80000614083744
GC0_FL340,2022-03-01 01:33:00.000000000,3.3712151679413354,52.498701084107154,10363.2,24998.640987310537,213.0531,0.6249232234618155,1.0783106685987707,1.0,1.0,1.0,13.800000606803097
GC0_FL340,2022-03-01 01:34:00.000000000,3.538097827671728,52.57009910726018,10363.2,24998.640987310537,213.08109,0.6227660811039408,1.07439285569249,1.0,1.0,1.0,13.799995030082775
GC0_FL340,2022-03-01 01:35:00.000000000,3.705523679523632,52.64126185385161,10363.2,24998.640987310537,213.11299,0.6184179557101415,1.0666711019712427,1.0,1.0,1.0,13.799989411721297
GC0_FL340,2022-03-01 01:36:00.000000000,3.8734940858960045,52.71218795066221,10363.2,24998.640987310537,213.14928,0.6140422255477692,1.0588731513131522,1.0,1.0,1.0,13.799983752801687
GC0_FL340,2022-03-01 01:37:00.000000000,4.04201039091922,52.78287601866978,10363.2,24998.640987310537,213.19235,0.6094711392303271,1.0507000702194893,1.0,1.0,1.0,13.799978054452163
GC0_FL340,2022-03-01 01:38:00.000000000,4.211073920018708,52.853324673081396,10363.2,24998.640987310537,213.24728,0.6039832224653588,1.0408636620570662,1.0,1.0,1.0,13.799972317845754
GC0_FL340,2022-03-01 01:39:00.000000000,4.380685979473958,52.92353252336716,10363.2,24998.640987310537,213.3087,0.598089432633556,1.0302987168337716,1.0,1.0,1.0,13.79996654419649
GC0_FL340,2022-03-01 01:40:00.000000000,4.550847855972988,52.993498173295265,10363.2,24998.640987310537,213.36372,0.5904196617958908,1.016719073340536,1.0,1.0,1.0,13.799960734763747
GC0_FL340,2022-03-01 01:41:00.000000000,4.72156081616213,53.06322022096875,10363.2,24998.640987310537,213.39603,0.5790062729732303,0.9968568253006059,1.0,0.0,0.0,13.799954890854742
GC0_FL340,2022-03-01 01:42:00.000000000,4.892826106191535,53.13269725886355,10363.2,24998.640987310537,213.42223,0.5689411516682185,0.979360656613118,1.0,0.0,0.0,13.80004369387429
GC0_FL340,2022-03-01 01:43:00.000000000,5.064648373766797,53.201926344915194,10363.2,24998.640987310537,213.43117,0.563231015382939,0.9694736285347547,1.0,0.0,0.0,13.800040019521948
GC0_FL340,2022-03-01 01:44:00.000000000,5.237025480446346,53.270907542595175,10363.2,24998.640987310537,213.41013,0.5656759794509737,0.973816391401544,1.0,0.0,0.0,13.800034486742401
GC0_FL340,2022-03-01 01:45:00.000000000,5.409958542016128,53.339639456889614,10363.2,24998.640987310537,213.3927,0.5697103396723293,0.9808733104616426,1.0,0.0,0.0,13.800028914083532
GC0_FL340,2022-03-01 01:46:00.000000000,5.583448717588524,53.40812065808024,10363.2,24998.640987310537,213.37381,0.5755601734187624,0.9910663925062544,1.0,0.0,0.0,13.80002330277767
GC0_FL340,2022-03-01 01:47:00.000000000,5.757497143428711,53.47634971103695,10363.2,24998.640987310537,213.35081,0.583358228284061,1.004645967094461,1.0,1.0,1.0,13.800017654102959
GC0_FL340,2022-03-01 01:48:00.000000000,5.932104932473757,53.54432517526539,10363.2,24998.640987310537,213.35077,0.5923905727770937,1.0202005276787967,1.0,1.0,1.0,13.800011969384423
GC0_FL340,2022-03-01 01:49:00.000000000,6.10727317384737,53.612045604956435,10363.2,24998.640987310537,213.35883,0.601423279603729,1.0357036349014819,1.0,1.0,1.0,13.800006249993439
GC0_FL340,2022-03-01 01:50:00.000000000,6.283002932370696,53.679509549037114,10363.2,24998.640987310537,213.37213,0.6085615653976334,1.047904946097572,1.0,1.0,1.0,13.800000497350158
GC0_FL340,2022-03-01 01:51:00.000000000,6.459295248068937,53.746715551223396,10363.2,24998.640987310537,213.40125,0.6139126902469801,1.0569163602626002,1.0,1.0,1.0,13.799994712920459
GC0_FL340,2022-03-01 01:52:00.000000000,6.636151135673946,53.81366215007467,10363.2,24998.640987310537,213.43524,0.6174485663986231,1.0627674938569915,1.0,1.0,1.0,13.799988898221487
GC0_FL340,2022-03-01 01:53:00.000000000,6.8135715841229665,53.88034787904993,10363.2,24998.640987310537,213.46773,0.6171322128367067,1.061999932257945,1.0,1.0,1.0,13.799983054817007
GC0_FL340,2022-03-01 01:54:00.000000000,6.991557556053451,53.94677126656574,10363.2,24998.640987310537,213.49396,0.6174182145777785,1.0623088851892926,1.0,1.0,1.0,13.79997718432221
GC0_FL340,2022-03-01 01:55:00.000000000,7.170109987294104,54.01293083605608,10363.2,24998.640987310537,213.5262,0.610085572643307,1.0494725693144618,1.0,1.0,1.0,13.799971288402922
GC0_FL340,2022-03-01 01:56:00.000000000,7.349229786352257,54.07882510603384,10363.2,24998.640987310537,213.5575,0.5963782012308755,1.0256847972095662,1.0,1.0,1.0,13.799965368775869
GC0_FL340,2022-03-01 01:57:00.000000000,7.5289178338974985,54.144452590154366,10363.2,24998.640987310537,213.5827,0.5823079627765949,1.0013191480081631,1.0,1.0,1.0,13.799959427205792
GC0_FL340,2022-03-01 01:58:00.000000000,7.709174982241969,54.20981179728059,10363.2,24998.640987310537,213.6054,0.5664440989168363,0.973897343784543,1.0,0.0,0.0,13.799953465513312
GC0_FL340,2022-03-01 01:59:00.000000000,7.890002054816966,54.2749012315503,10363.2,24998.640987310537,213.64604,0.5418357912178562,0.9313402841413327,1.0,0.0,0.0,13.800044709298199
GC0_FL340,2022-03-01 02:00:00.000000000,8.07140336006643,54.3397177150441,10363.2,24998.640987310537,213.68861,0.5157015373256849,0.886171417674706,1.0,0.0,0.0,13.800041165932434
GC0_FL340,2022-03-01 02:01:00.000000000,8.253376235746266,54.4042613638653,10363.2,24998.640987310537,213.73602,0.4864662159867868,0.8356735194082757,1.0,0.0,0.0,13.80003540717797
GC0_FL340,2022-03-01 02:02:00.000000000,8.435921335887098,54.46853070587913,10363.2,24998.640987310537,213.80084,0.4596031607518822,0.7891910605960789,1.0,0.0,0.0,13.800029620699759
GC0_FL340,2022-03-01 02:03:00.000000000,8.61903936252284,54.532524226953534,10363.2,24998.640987310537,213.87741,0.437541182657213,0.7509283921973883,1.0,0.0,0.0,13.800023808234585
GC0_FL340,2022-03-01 02:04:00.000000000,8.802730986129248,54.5962404085977,10363.2,24998.640987310537,213.959,0.4167361774532825,0.7148400614709386,1.0,0.0,0.0,13.80001797157137
GC0_FL340,2022-03-01 02:05:00.000000000,8.986996845082029,54.659677728041075,10363.2,24998.640987310537,214.03954,0.39714947311848997,0.6808797054540926,1.0,0.0,0.0,13.80001211255036
GC0_FL340,2022-03-01 02:06:00.000000000,9.171837545112288,54.72283465831418,10363.2,24998.640987310537,214.12206,0.38717267250040116,0.6634158057488412,1.0,0.0,0.0,13.800006233064313
GC0_FL340,2022-03-01 02:07:00.000000000,9.357253658759396,54.785709668331585,10363.2,24998.640987310537,214.20284,0.37269625742288304,0.6382685424557072,1.0,0.0,0.0,13.800000335060249
GC0_FL340,2022-03-01 02:08:00.000000000,9.543245724821515,54.84830122297688,10363.2,24998.640987310537,214.27153,0.3619302094399343,0.6195494489421249,1.0,0.0,0.0,13.79999442053751
GC0_FL340,2022-03-01 02:09:00.000000000,9.729814247803706,54.91060778318973,10363.2,24998.640987310537,214.3269,0.362172706525587,0.6197365907563719,1.0,0.0,0.0,13.799988491549682
GC0_FL340,2022-03-01 02:10:00.000000000,9.916959697363977,54.97262780605501,10363.2,24998.640987310537,214.37029,0.36100650121710326,0.6175625252726675,1.0,0.0,0.0,6.1100550360113415
GC0_FL340,2022-03-01 02:10:26.566305980,10.0,55.0,10363.2,24998.640987310537,214.39627,0.35820580794864376,0.6126661193988864,1.0,0.0,0.0,0.0
NW150_FL340,2022-03-01 00:00:00.000000000,-10.000000000000002,45.00000000000001,10363.2,24998.640987310537,214.05959,0.7491062854041566,1.2841136473307446,1.0,1.0,1.0,13.800014615529586
NW150_FL340,2022-03-01 00:01:00.000000000,-9.911943680217473,45.10739059751919,10363.2,24998.640987310537,214.02255,0.7361813618203022,1.2622658293735327,1.0,1.0,1.0,13.800013510743517
NW150_FL340,2022-03-01 00:02:00.000000000,-9.823535417039643,45.21470503205091,10363.2,24998.640987310537,213.98335,0.7318557630687299,1.2551746423950743,1.0,1.0,1.0,13.800012336604626
NW150_FL340,2022-03-01 00:03:00.000000000,-9.734752775491534,45.32193450949788,10363.2,24998.640987310537,213.98888,0.7252249802012167,1.2437552028261365,1.0,1.0,1.0,13.800011102228465
NW150_FL340,2022-03-01 00:04:00.000000000,-9.64557321962325,45.4290701602766,10363.2,24998.640987310537,214.01555,0.713466661862422,1.2233746207817382,1.0,1.0,1.0,13.800009817596628
NW150_FL340,2022-03-01 00:05:00.000000000,-9.555974120765597,45.53610303447345,10363.2,24998.640987310537,214.06046,0.7014336270329756,1.2023838554132769,1.0,1.0,1.0,13.800008493466299
NW150_FL340,2022-03-01 00:06:00.000000000,-9.465932766099801,45.64302409705574,10363.2,24998.640987310537,214.14133,0.6877005640880928,1.178216332733107,1.0,1.0,1.0,13.8000071412585
NW150_FL340,2022-03-01 00:07:00.000000000,-9.37542636757764,45.74982422315823,10363.2,24998.640987310537,214.20964,0.6756002437256098,1.156962379874092,1.0,1.0,1.0,13.800005772917848
NW150_FL340,2022-03-01 00:08:00.000000000,-9.284432071228174,45.85649419346592,10363.2,24998.640987310537,214.32333,0.6567245801862893,1.123788947402446,1.0,1.0,1.0,13.800004400762623
NW150_FL340,2022-03-01 00:09:00.000000000,-9.192926966886413,45.96302468971482,10363.2,24998.640987310537,214.40881,0.6369815805139928,1.0893861934570388,1.0,1.0,1.0,13.800003037318143
NW150_FL340,2022-03-01 00:10:00.000000000,-9.100888098379096,46.069406290332594,10363.2,24998.640987310537,214.48357,0.6146991234753295,1.0507570919067253,1.0,1.0,1.0,13.800001695131416
NW150_FL340,2022-03-01 00:11:00.000000000,-9.008292474201193,46.175629466241716,10363.2,24998.640987310537,214.54845,0.5912101131410097,1.0101681163608913,1.0,1.0,1.0,13.800000386583605
NW150_FL340,2022-03-01 00:12:00.000000000,-8.915117078716126,46.2816845768484,10363.2,24998.640987310537,214.528,0.5740151992314091,0.9809227461812171,1.0,0.0,0.0,13.799999123681374
NW150_FL340,2022-03-01 00:13:00.000000000,-8.82133888391088,46.38756186624089,10363.2,24998.640987310537,214.46022,0.565149315471915,0.9662066813552265,1.0,0.0,0.0,13.799997917859939
NW150_FL340,2022-03-01 00:14:00.000000000,-8.726934861735826,46.49325145962168,10363.2,24998.640987310537,214.38925,0.5610673624282388,0.9596800828102484,1.0,0.0,0.0,13.799996779771385
NW150_FL340,2022-03-01 00:15:00.000000000,-8.631881997057086,46.59874335999853,10363.2,24998.640987310537,214.29962,0.567736230906277,0.9716627205209064,1.0,0.0,0.0,13.799995719077321
NW150_FL340,2022-03-01 00:16:00.000000000,-8.536157301247139,46.70402744515966,10363.2,24998.640987310537,214.24557,0.5755819449722342,0.9854443195688287,1.0,0.0,0.0,13.79999474425429
NW150_FL340,2022-03-01 00:17:00.000000000,-8.439737826436936,46.809093464959474,10363.2,24998.640987310537,214.23087,0.5778229512131366,0.9893800871694882,1.0,0.0,0.0,13.799993862396043
NW150_FL340,2022-03-01 00:18:00.000000000,-8.342600680450126,46.91393103894103,10363.2,24998.640987310537,214.23659,0.5754059665269327,0.9852037089027376,1.0,0.0,0.0,13.799993079039334
NW150_FL340,2022-03-01 00:19:00.000000000,-8.244723042436963,47.01852965432236,10363.2,24998.640987310537,214.25424,0.5716200137611788,0.9786077742284879,1.0,0.0,0.0,13.79999239800333
NW150_FL340,2022-03-01 00:20:00.000000000,-8.146082179222427,47.12287866437407,10363.2,24998.640987310537,214.30707,0.5582461006618399,0.9553760369784629,1.0,0.0,0.0,13.799991821243808
NW150_FL340,2022-03-01 00:21:00.000000000,-8.046655462379125,47.22696728721557,10363.2,24998.640987310537,214.37752,0.5417531428408474,0.9267177072593661,1.0,0.0,0.0,13.79999134873503
NW150_FL340,2022-03-01 00:22:00.000000000,-7.946420386032092,47.33078460505782,10363.2,24998.640987310537,214.45293,0.5248511279194953,0.8973557927982266,1.0,0.0,0.0,13.799990978379531
NW150_FL340,2022-03-01 00:23:00.000000000,-7.845354585398439,47.434319563920425,10363.2,24998.640987310537,214.56767,0.5098235497536544,0.8709955993437413,1.0,0.0,0.0,13.799990705942896
NW150_FL340,2022-03-01 00:24:00.000000000,-7.743435856059993,47.537560973850695,10363.2,24998.640987310537,214.69943,0.4960697630544301,0.8467530268458036,1.0,0.0,0.0,13.799990525026583
NW150_FL340,2022-03-01 00:25:00.000000000,-7.640642173962943,47.64049750967218,10363.2,24998.640987310537,214.80145,0.48431452965462385,0.8261243032947904,1.0,0.0,0.0,13.799990427059264
NW150_FL340,2022-03-01 00:26:00.000000000,-7.536951716133178,47.743117712289695,10363.2,24998.640987310537,214.9435,0.4692818144605364,0.7997186934684447,1.0,0.0,0.0,13.799990401351167
NW150_FL340,2022-03-01 00:27:00.000000000,-7.432342882090881,47.84540999057738,10363.2,24998.640987310537,215.0645,0.4562562435929123,0.7768893110937576,1.0,0.0,0.0,13.799990435152703
NW150_FL340,2022-03-01 00:28:00.000000000,-7.32679431594254,47.94736262387532,10363.2,24998.640987310537,215.17474,0.4436687758726281,0.754895606008876,1.0,0.0,0.0,13.799990513782763
NW150_FL340,2022-03-01 00:29:00.000000000,-7.220284929122936,48.04896376511957,10363.2,24998.640987310537,215.26018,0.43032651476761913,0.7317705005108021,1.0,0.0,0.0,13.799990620759637
NW150_FL340,2022-03-01 00:30:00.000000000,-7.112793923753648,48.15020144462874,10363.2,24998.640987310537,215.31145,0.4196287773054304,0.7133315469139103,1.0,0.0,0.0,13.799990738007454
NW150_FL340,2022-03-01 00:31:00.000000000,-7.00430081657882,48.251063574569415,10363.2,24998.640987310537,215.35904,0.4101150702792999,0.6969339455685764,1.0,0.0,0.0,13.799990846062991
NW150_FL340,2022-03-01 00:32:00.000000000,-6.894785463432784,48.351537954120296,10363.2,24998.640987310537,215.36336,0.40656662233918706,0.6908838063338868,1.0,0.0,0.0,13.79999092434128
NW150_FL340,2022-03-01 00:33:00.000000000,-6.784228084187853,48.45161227535354,10363.2,24998.640987310537,215.35057,0.4060274403370782,0.6900280035115344,1.0,0.0,0.0,13.79999095142065
NW150_FL340,2022-03-01 00:34:00.000000000,-6.672609288124424,48.55127412984912,10363.2,24998.640987310537,215.34825,0.4039917107838213,0.6865800226520213,1.0,0.0,0.0,13.799990905357314
NW150_FL340,2022-03-01 00:35:00.000000000,-6.559910099659522,48.650511016055766,10363.2,24998.640987310537,215.33716,0.3971388467903126,0.6749838788644902,1.0,0.0,0.0,13.799990764032621
NW150_FL340,2022-03-01 00:36:00.000000000,-6.446111984363311,48.74931034740906,10363.2,24998.640987310537,215.29013,0.39083871284337873,0.6644870947897066,1.0,0.0,0.0,13.799990505510175
NW150_FL340,2022-03-01 00:37:00.000000000,-6.331196875187807,48.84765946121438,10363.2,24998.640987310537,215.27641,0.375188469370055,0.6379373368687109,1.0,0.0,0.0,13.799990108416592
NW150_FL340,2022-03-01 00:38:00.000000000,-6.215147198825244,48.94554562829887,10363.2,24998.640987310537,215.23708,0.36009987927124976,0.6124460216409753,1.0,0.0,0.0,13.799989552329267
NW150_FL340,2022-03-01 00:39:00.000000000,-6.097945902109083,49.04295606343325,10363.2,24998.640987310537,215.20267,0.35534600845627523,0.6045004059882844,1.0,0.0,0.0,13.799988818168638
NW150_FL340,2022-03-01 00:40:00.000000000,-5.979576478364332,49.13987793652022,10363.2,24998.640987310537,215.1797,0.35136772985571346,0.5978272092062878,1.0,0.0,0.0,13.799987888596085
NW150_FL340,2022-03-01 00:41:00.000000000,-5.860022993609616,49.23629838454239,10363.2,24998.640987310537,215.13945,0.3456376468912508,0.5882361877664193,1.0,0.0,0.0,13.799986748391927
NW150_FL340,2022-03-01 00:42:00.000000000,-5.739270112508919,49.33220452425832,10363.2,24998.640987310537,215.1316,0.3403718069503801,0.5793045871197192,1.0,0.0,0.0,13.799985384831924
NW150_FL340,2022-03-01 00:43:00.000000000,-5.617303123966524,49.42758346563079,10363.2,24998.640987310537,215.13283,0.3378636910646861,0.5750313948383123,1.0,0.0,0.0,13.799983788033904
NW150_FL340,2022-03-01 00:44:00.000000000,-5.4941079662560375,49.52242232596687,10363.2,24998.640987310537,215.14035,0.3266132985086822,0.5558558729863877,1.0,0.0,0.0,13.799981951284067
NW150_FL340,2022-03-01 00:45:00.000000000,-5.369671251570929,49.61670824474481,10363.2,24998.640987310537,215.17224,0.3205890894696082,0.5454861476130415,1.0,0.0,0.0,13.799979871326002
NW150_FL340,2022-03-01 00:46:00.000000000,-5.243980289882591,49.710428399097715,10363.2,24998.640987310537,215.20625,0.3138065555075071,0.5338242086426975,1.0,0.0,0.0,13.799977548611706
NW150_FL340,2022-03-01 00:47:00.000000000,-5.117023111990287,49.803570019919526,10363.2,24998.640987310537,215.24973,0.29792180007009783,0.5066509130435087,1.0,0.0,0.0,13.799974987505227
NW150_FL340,2022-03-01 00:48:00.000000000,-4.988788491647018,49.896120408553536,10363.2,24998.640987310537,215.3002,0.2808658462355935,0.4774826069608538,1.0,0.0,0.0,13.799972196443608
NW150_FL340,2022-03-01 00:49:00.000000000,-4.85926596664584,49.98806695401959,10363.2,24998.640987310537,215.3447,0.27852466909640644,0.4733606167258473,1.0,0.0,0.0,13.79996918802526
NW150_FL340,2022-03-01 00:50:00.000000000,-4.728445858752139,50.079397150730635,10363.2,24998.640987310537,215.39288,0.27606125996441944,0.46902027613770114,1.0,0.0,0.0,13.799965979069924
NW150_FL340,2022-03-01 00:51:00.000000000,-4.596319292369935,50.17009861664571,10363.2,24998.640987310537,215.44557,0.26516525818283726,0.4503476948808374,1.0,0.0,0.0,13.799962590579305
NW150_FL340,2022-03-01 00:52:00.000000000,-4.462878211833166,50.26015911180118,10363.2,24998.640987310537,215.49036,0.25800170085169394,0.43804761642891954,1.0,0.0,0.0,13.799959047664926
NW150_FL340,2022-03-01 00:53:00.000000000,-4.328115397217069,50.34956655715893,10363.2,24998.640987310537,215.50797,0.26203139716047474,0.4448372499383585,1.0,0.0,0.0,13.799955379398677
NW150_FL340,2022-03-01 00:54:00.000000000,-4.192024478569649,50.43830905370571,10363.2,24998.640987310537,215.52547,0.2624431577640492,0.44548278522450585,1.0,0.0,0.0,13.799951618596008
NW150_FL340,2022-03-01 00:55:00.000000000,-4.05459994846935,50.526374901734854,10363.2,24998.640987310537,215.51585,0.2684587690591697,0.4557234404753854,1.0,0.0,0.0,13.799947801542151
NW150_FL340,2022-03-01 00:56:00.000000000,-3.915837172821923,50.61375262023863,10363.2,24998.640987310537,215.48691,0.27721477464528554,0.47068039137515577,1.0,0.0,0.0,13.799961634315533
NW150_FL340,2022-03-01 00:57:00.000000000,-3.775730534366871,50.70042998100058,10363.2,24998.640987310537,215.46764,0.2835188671167483,0.4814470131755024,1.0,0.0,0.0,13.800015187556577
NW150_FL340,2022-03-01 00:58:00.000000000,-3.634272966085093,50.78639370865784,10363.2,24998.640987310537,215.36882,0.2964152459018509,0.503684025007518,1.0,0.0,0.0,13.800009923240955
NW150_FL340,2022-03-01 00:59:00.000000000,-3.491468425213449,50.87163617748502,10363.2,24998.640987310537,215.24211,0.3130594844372195,0.5324224927135883,1.0,0.0,0.0,13.800004456466626
NW150_FL340,2022-03-01 01:00:00.000000000,-3.3473158711349957,50.956146985350514,10363.2,24998.640987310537,215.12735,0.3245066466235171,0.5523191096286115,1.0,0.0,0.0,13.799998839363584
NW150_FL340,2022-03-01 01:01:00.000000000,-3.201815162333295,51.03991604591398,10363.2,24998.640987310537,215.00131,0.3350226268753207,0.5707011875508555,1.0,0.0,0.0,13.799993126409735
NW150_FL340,2022-03-01 01:02:00.000000000,-3.0549670550937402,51.122933607024926,10363.2,24998.640987310537,214.87212,0.3424160097406495,0.5838024857120472,1.0,0.0,0.0,13.799987373795798
NW150_FL340,2022-03-01 01:03:00.000000000,-2.9067732000863327,51.20519026867862,10363.2,24998.640987310537,214.78531,0.3457982611628152,0.5899115581096536,1.0,0.0,0.0,13.799981638763203
NW150_FL340,2022-03-01 01:04:00.000000000,-2.75723613682413,51.28667700045241,10363.2,24998.640987310537,214.72237,0.352218208773691,0.6011175529641448,1.0,0.0,0.0,13.799975978917063
NW150_FL340,2022-03-01 01:05:00.000000000,-2.6063592860038653,51.367385158347936,10363.2,24998.640987310537,214.65488,0.36252730146500534,0.6189910931483998,1.0,0.0,0.0,13.799970451534813
NW150_FL340,2022-03-01 01:06:00.000000000,-2.4541469397475377,51.44730650096773,10363.2,24998.640987310537,214.61676,0.3711620145474991,0.6338941949216084,1.0,0.0,0.0,13.799965112869177
NW150_FL340,2022-03-01 01:07:00.000000000,-2.300604249774821,51.526433204957165,10363.2,24998.640987310537,214.58144,0.3828207576469427,0.6539601698183901,1.0,0.0,0.0,13.799960017463881
NW150_FL340,2022-03-01 01:08:00.000000000,-2.145737213549071,51.60475787964777,10363.2,24998.640987310537,214.5234,0.3914710678819848,0.6689959951748773,1.0,0.0,0.0,13.799955217494318
NW150_FL340,2022-03-01 01:09:00.000000000,-1.9895526584501013,51.682273580841326,10363.2,24998.640987310537,214.49059,0.39690589263220366,0.6784325050246127,1.0,0.0,0.0,13.799950762132118
NW150_FL340,2022-03-01 01:10:00.000000000,-1.832058224038491,51.758973823679455,10363.2,24998.640987310537,214.4686,0.3974013885880418,0.6793798847252163,1.0,0.0,0.0,13.799946696952656
NW150_FL340,2022-03-01 01:11:00.000000000,-1.6732623424866224,51.83485259454882,10363.2,24998.640987310537,214.43236,0.39334641491752614,0.6726091272417527,1.0,0.0,0.0,13.799943063395368
NW150_FL340,2022-03-01 01:12:00.000000000,-1.513174217261294,51.909904361977446,10363.2,24998.640987310537,214.40353,0.38840876585006484,0.66429375690508,1.0,0.0,0.0,13.799939898272926
NW150_FL340,2022-03-01 01:13:00.000000000,-1.3518038001522044,51.98412408648381,10363.2,24998.640987310537,214.38602,0.3787001732301355,0.6477635223409842,1.0,0.0,0.0,13.799939745243607
NW150_FL340,2022-03-01 01:14:00.000000000,-1.1891615462200298,52.057507082236924,10363.2,24998.640987310537,214.36507,0.3687180864534987,0.6307778450694899,1.0,0.0,0.0,13.800020924011612
NW150_FL340,2022-03-01 01:15:00.000000000,-1.0252518319892376,52.13004458185368,10363.2,24998.640987310537,214.35129,0.35800183008898984,0.6125018888647031,1.0,0.0,0.0,13.800013978858964
NW150_FL340,2022-03-01 01:16:00.000000000,-0.8600941937770141,52.20173800568454,10363.2,24998.640987310537,214.35968,0.34143828669356346,0.5841288485371893,1.0,0.0,0.0,13.800007477983955
NW150_FL340,2022-03-01 01:17:00.000000000,-0.6937013373187131,52.27258437763797,10363.2,24998.640987310537,214.36641,0.3260540282191689,0.5577844655443807,1.0,0.0,0.0,13.800001452770012
NW150_FL340,2022-03-01 01:18:00.000000000,-0.5260865789675423,52.34258124591907,10363.2,24998.640987310537,214.36964,0.3122232670231904,0.5341127726028062,1.0,0.0,0.0,13.799995928589095
NW150_FL340,2022-03-01 01:19:00.000000000,-0.35726381511859207,52.4117266860437,10363.2,24998.640987310537,214.38,0.301564342214311,0.5158436521475275,1.0,0.0,0.0,13.79999092471825
NW150_FL340,2022-03-01 01:20:00.000000000,-0.1872474908346242,52.480019302721765,10363.2,24998.640987310537,214.39365,0.29187175177188623,0.4992189044289739,1.0,0.0,0.0,13.799986454317708
NW150_FL340,2022-03-01 01:21:00.000000000,-0.0160525678074433,52.54745823062341,10363.2,24998.640987310537,214.40234,0.2846602199874323,0.4868569772483046,1.0,0.0,0.0,13.799982524503399
NW150_FL340,2022-03-01 01:22:00.000000000,0.15630550821031364,52.614043134048934,10363.2,24998.640987310537,214.34576,0.2991427575832706,0.5118178766900386,1.0,0.0,0.0,13.79997913648606
NW150_FL340,2022-03-01 01:23:00.000000000,0.329810840369795,52.67977420552756,10363.2,24998.640987310537,214.29489,0.31065540358626414,0.5316954272551576,1.0,0.0,0.0,13.799976285786364
NW150_FL340,2022-03-01 01:24:00.000000000,0.5044471139547051,52.74465216337665,10363.2,24998.640987310537,214.25206,0.31870266252996804,0.5456227639459985,1.0,0.0,0.0,13.799973962517008
NW150_FL340,2022-03-01 01:25:00.000000000,0.680197629744843,52.80867824825721,10363.2,24998.640987310537,214.13612,0.34693937477472947,0.5944198498891249,1.0,0.0,0.0,13.799972151720771
NW150_FL340,2022-03-01 01:26:00.000000000,0.857045337388637,52.8718542187659,10363.2,24998.640987310537,214.01816,0.3747472056032835,0.6425649471442061,1.0,0.0,0.0,13.799970833761792
NW150_FL340,2022-03-01 01:27:00.000000000,1.034972868662569,52.93418234610838,10363.2,24998.640987310537,213.89665,0.40398417322154184,0.6932513682088809,1.0,0.0,0.0,13.799969984769
NW150_FL340,2022-03-01 01:28:00.000000000,1.2139625705007244,52.99566540790184,10363.2,24998.640987310537,213.7563,0.4410287454555238,0.7575189796317932,1.0,0.0,0.0,13.799969577100743
NW150_FL340,2022-03-01 01:29:00.000000000,1.3939965376829655,53.056306681157686,10363.2,24998.640987310537,213.61848,0.47586658023840755,0.8180956506540608,1.0,0.0,0.0,13.799969579857322
NW150_FL340,2022-03-01 01:30:00.000000000,1.5750566450764563,53.11610993449817,10363.2,24998.640987310537,213.48712,0.5099352533618958,0.877417747746961,1.0,0.0,0.0,13.799969959394309
NW150_FL340,2022-03-01 01:31:00.000000000,1.7571245793312809,53.17507941966272,10363.2,24998.640987310537,213.36365,0.5442474369950249,0.9372112544991141,1.0,0.0,0.0,13.799970679859165
NW150_FL340,2022-03-01 01:32:00.000000000,1.9401818699385918,53.23321986236095,10363.2,24998.640987310537,213.28146,0.5672143569253247,0.9772851615265709,1.0,0.0,0.0,13.799971703727884
NW150_FL340,2022-03-01 01:33:00.000000000,2.1242099195660367,53.29053645253109,10363.2,24998.640987310537,213.19664,0.5914194402021439,1.0195481853420538,1.0,1.0,1.0,13.799972992333837
NW150_FL340,2022-03-01 01:34:00.000000000,2.3091900335932243,53.34703483406254,10363.2,24998.640987310537,213.13087,0.6120365369265797,1.0555401185356217,1.0,1.0,1.0,13.799974506384897
NW150_FL340,2022-03-01 01:35:00.000000000,2.4951034487770922,53.402721094041766,10363.2,24998.640987310537,213.1026,0.6245164988075615,1.0772624265978699,1.0,1.0,1.0,13.799976206465772
NW150_FL340,2022-03-01 01:36:00.000000000,2.6819313609848683,53.457601751580526,10363.2,24998.640987310537,213.0772,0.6361437523931556,1.097499794851389,1.0,1.0,1.0,13.799978053504757
NW150_FL340,2022-03-01 01:37:00.000000000,2.8696549519397707,53.511683746284476,10363.2,24998.640987310537,213.06668,0.6416367292940297,1.1070497577395626,1.0,1.0,1.0,13.799980009221503
NW150_FL340,2022-03-01 01:38:00.000000000,3.0582554149321086,53.56497442641937,10363.2,24998.640987310537,213.06442,0.6432737474424776,1.1098905761122035,1.0,1.0,1.0,13.799982036526542
NW150_FL340,2022-03-01 01:39:00.000000000,3.2477139794557783,53.61748153683056,10363.2,24998.640987310537,213.0672,0.6423990993366443,1.1083607454286228,1.0,1.0,1.0,13.799984099891018
NW150_FL340,2022-03-01 01:40:00.000000000,3.4380119347371982,53.6692132066701,10363.2,24998.640987310537,213.08684,0.632775898020655,1.091620277773921,1.0,1.0,1.0,13.799986165670656
NW150_FL340,2022-03-01 01:41:00.000000000,3.629130652131118,53.72017793698295,10363.2,24998.640987310537,213.1152,0.6253510441226318,1.0786125412792684,1.0,1.0,1.0,13.79998820237766
NW150_FL340,2022-03-01 01:42:00.000000000,3.821051606363487,53.770384588202695,10363.2,24998.640987310537,213.15077,0.6200245779700003,1.0691793323504246,1.0,1.0,1.0,13.799990180922991
NW150_FL340,2022-03-01 01:43:00.000000000,4.013756395608983,53.81984236760365,10363.2,24998.640987310537,213.19589,0.6154502791642762,1.0609833811118787,1.0,1.0,1.0,13.79999207479392
NW150_FL340,2022-03-01 01:44:00.000000000,4.207226760395775,53.868560816754226,10363.2,24998.640987310537,213.27838,0.6050859030994094,1.0425548370477757,1.0,1.0,1.0,13.79999386020077
NW150_FL340,2022-03-01 01:45:00.000000000,4.401444601336398,53.9165497990135,10363.2,24998.640987310537,213.37256,0.5924135846458234,1.0200962772272093,1.0,1.0,1.0,13.799995516168021
NW150_FL340,2022-03-01 01:46:00.000000000,4.59639199568854,53.96381948710966,10363.2,24998.640987310537,213.44614,0.573276974699967,0.9866711326301902,1.0,0.0,0.0,13.799997024593432
NW150_FL340,2022-03-01 01:47:00.000000000,4.792051212754257,54.01038035083665,10363.2,24998.640987310537,213.49358,0.5491444650898764,0.9448438151352783,1.0,0.0,0.0,13.799998370255315
NW150_FL340,2022-03-01 01:48:00.000000000,4.988404728130883,54.05624314490155,10363.2,24998.640987310537,213.53024,0.5299107976768864,0.9115319863019695,1.0,0.0,0.0,13.799999540791967
NW150_FL340,2022-03-01 01:49:00.000000000,5.185435236830494,54.101418896952666,10363.2,24998.640987310537,213.48865,0.5345077459346134,0.9196889390475353,1.0,0.0,0.0,13.800000526639762
NW150_FL340,2022-03-01 01:50:00.000000000,5.383125665288684,54.14591889581483,10363.2,24998.640987310537,213.43065,0.5455107565030777,0.9389780488520764,1.0,0.0,0.0,13.800001320950413
NW150_FL340,2022-03-01 01:51:00.000000000,5.581459182286482,54.18975467995547,10363.2,24998.640987310537,213.35776,0.5637034006768561,0.9707528136150027,1.0,0.0,0.0,13.800001919470516
NW150_FL340,2022-03-01 01:52:00.000000000,5.780419208811863,54.23293802620198,10363.2,24998.640987310537,213.2911,0.5848267778786931,1.007564881929568,1.0,1.0,1.0,13.800002320404134
NW150_FL340,2022-03-01 01:53:00.000000000,5.979989426890096,54.27548093872749,10363.2,24998.640987310537,213.23973,0.6024606216326612,1.0382922309655198,1.0,1.0,1.0,13.800002524262844
NW150_FL340,2022-03-01 01:54:00.000000000,6.180153787413816,54.31739563831984,10363.2,24998.640987310537,213.22974,0.6092960975760023,1.0501413494080918,1.0,1.0,1.0,13.800002533692991
NW150_FL340,2022-03-01 01:55:00.000000000,6.3808965170056196,54.35869455194499,10363.2,24998.640987310537,213.234,0.6113897689822122,1.053719814755542,1.0,1.0,1.0,13.800002353293928
NW150_FL340,2022-03-01 01:56:00.000000000,6.5822021239473365,54.399390302613654,10363.2,24998.640987310537,213.25505,0.6122013907821952,1.0549761290619537,1.0,1.0,1.0,13.80000198943833
NW150_FL340,2022-03-01 01:57:00.000000000,6.784055403211021,54.4394956995573,10363.2,24998.640987310537,213.29063,0.614618282444226,1.058896677146668,1.0,1.0,1.0,13.800001450080874
NW150_FL340,2022-03-01 01:58:00.000000000,6.986441440627737,54.479023728716754,10363.2,24998.640987310537,213.329,0.6176597896574771,1.0638692466970376,1.0,1.0,1.0,13.800000744570198
NW150_FL340,2022-03-01 01:59:00.000000000,7.18934561623043,54.51798754354435,10363.2,24998.640987310537,213.34775,0.6216457283848795,1.0706025313653404,1.0,1.0,1.0,13.799999883471097
NW150_FL340,2022-03-01 02:00:00.000000000,7.392753606807693,54.55640045611831,10363.2,24998.640987310537,213.36685,0.6244008330480241,1.075216853695243,1.0,1.0,1.0,13.799998878381079
NW150_FL340,2022-03-01 02:01:00.000000000,7.596651387704953,54.594275928565615,10363.2,24998.640987310537,213.39427,0.6157896276721936,1.0601978156884857,1.0,1.0,1.0,13.799997741767196
NW150_FL340,2022-03-01 02:02:00.000000000,7.801025233909899,54.63162756478736,10363.2,24998.640987310537,213.4228,0.6000517846113341,1.0329105539337182,1.0,1.0,1.0,13.799996486806835
NW150_FL340,2022-03-01 02:03:00.000000000,8.005861720458118,54.66846910247922,10363.2,24998.640987310537,213.44765,0.5863591883173154,1.0091769608552879,1.0,1.0,1.0,13.799995127240448
NW150_FL340,2022-03-01 02:04:00.000000000,8.21114772219488,54.70481440543687,10363.2,24998.640987310537,213.51654,0.5463627985004689,0.9399165485414647,1.0,0.0,0.0,13.799993677240758
NW150_FL340,2022-03-01 02:05:00.000000000,8.416870412928134,54.74067745613532,10363.2,24998.640987310537,213.57709,0.5158469903173861,0.8870683820669141,1.0,0.0,0.0,13.799992151289874
NW150_FL340,2022-03-01 02:06:00.000000000,8.623017264007114,54.77607234856892,10363.2,24998.640987310537,213.66917,0.4841141949542114,0.8319980255776409,1.0,0.0,0.0,13.799990564074568
NW150_FL340,2022-03-01 02:07:00.000000000,8.829576042360262,54.81101328133762,10363.2,24998.640987310537,213.78658,0.45149865372503173,0.7753460160701228,1.0,0.0,0.0,13.799988930389441
NW150_FL340,2022-03-01 02:08:00.000000000,9.036534808025143,54.845514550963514,10363.2,24998.640987310537,213.903,0.4237270918158801,0.7271000039490154,1.0,0.0,0.0,13.799987265057572
NW150_FL340,2022-03-01 02:09:00.000000000,9.243881911202225,54.87959054542058,10363.2,24998.640987310537,214.03088,0.39772725867041003,0.6819103428779253,1.0,0.0,0.0,13.799985582857834
NW150_FL340,2022-03-01 02:10:00.000000000,9.451605988863491,54.91325573785914,10363.2,24998.640987310537,214.14699,0.37607902904563145,0.6443009548760398,1.0,0.0,0.0,13.799983898464221
NW150_FL340,2022-03-01 02:11:00.000000000,9.659695960945642,54.94652468050605,10363.2,24998.640987310537,214.24825,0.3672903205609313,0.628821683420506,1.0,0.0,0.0,13.799982226394873
NW150_FL340,2022-03-01 02:12:00.000000000,9.868141026157087,54.97941199871997,10363.2,24998.640987310537,214.33493,0.36246993130042654,0.620211701874858,1.0,0.0,0.0,8.717907553283178
NW150_FL340,2022-03-01 02:12:37.904240283,10.0,55.0,10363.2,24998.640987310537,214.38821,0.3588935413725339,0.6138765818155618,1.0,0.0,0.0,0.0
NW300_FL340,2022-03-01 00:00:00.000000000,-10.000000000000002,45.00000000000001,10363.2,24998.640987310537,214.05959,0.7491062854041566,1.2841136473307446,1.0,1.0,1.0,13.800034843118594
NW300_FL340,2022-03-01 00:01:00.000000000,-9.948323151402047,45.11861698721326,10363.2,24998.640987310537,214.00145,0.7339928275299734,1.2586896448704359,1.0,1.0,1.0,13.800006665435859
NW300_FL340,2022-03-01 00:02:00.000000000,-9.896402137726424,45.2372040256995,10363.2,24998.640987310537,213.9399,0.7245383127893704,1.2429789027590443,1.0,1.0,1.0,13.799977763173437
NW300_FL340,2022-03-01 00:03:00.000000000,-9.844205048187119,45.355754336568715,10363.2,24998.640987310537,213.94395,0.7100272972133229,1.218050817585709,1.0,1.0,1.0,13.800003201880159
NW300_FL340,2022-03-01 00:04:00.000000000,-9.79169221545635,45.47425993803365,10363.2,24998.640987310537,213.94955,0.6960720896044942,1.1940682747745037,1.0,1.0,1.0,13.800019831035982
NW300_FL340,2022-03-01 00:05:00.000000000,-9.73883020753365,45.592713564836444,10363.2,24998.640987310537,214.02274,0.6765128798982203,1.1599578597666087,1.0,1.0,1.0,13.799990542186567
NW300_FL340,2022-03-01 00:06:00.000000000,-9.68559173693477,45.711108893423734,10363.2,24998.640987310537,214.10585,0.6558789737957872,1.1239606575335976,1.0,1.0,1.0,13.799966575556896
NW300_FL340,2022-03-01 00:07:00.000000000,-9.631942676019541,45.82943851868831,10363.2,24998.640987310537,214.22632,0.6363872323611018,1.0896881409487293,1.0,1.0,1.0,13.800034470564826
NW300_FL340,2022-03-01 00:08:00.000000000,-9.577832641962,45.94769216492699,10363.2,24998.640987310537,214.36221,0.6168920542097737,1.0553567345777484,1.0,1.0,1.0,13.800004853679956
NW300_FL340,2022-03-01 00:09:00.000000000,-9.523242741476356,46.0658646319852,10363.2,24998.640987310537,214.49098,0.5935016248890213,1.014470867426521,1.0,1.0,1.0,13.799975174589125
NW300_FL340,2022-03-01 00:10:00.000000000,-9.468138670649463,46.1839481275579,10363.2,24998.640987310537,214.60916,0.5657765395998894,0.9663175260042511,1.0,0.0,0.0,13.799996337513656
NW300_FL340,2022-03-01 00:11:00.000000000,-9.412475134560134,46.30193273606196,10363.2,24998.640987310537,214.66359,0.5421151604091886,0.9255701021927883,1.0,0.0,0.0,13.80002177829723
NW300_FL340,2022-03-01 00:12:00.000000000,-9.356214232217248,46.41980959140651,10363.2,24998.640987310537,214.66116,0.5215666878129234,0.890501327906641,1.0,0.0,0.0,13.799991978487872
NW300_FL340,2022-03-01 00:13:00.000000000,-9.299331078055891,46.53757207105862,10363.2,24998.640987310537,214.61435,0.5085025633893993,0.8684691167024899,1.0,0.0,0.0,13.79996288903523
NW300_FL340,2022-03-01 00:14:00.000000000,-9.2417896335749,46.65521139046437,10363.2,24998.640987310537,214.47098,0.5122009553478232,0.875619036484587,1.0,0.0,0.0,13.800017586397669
NW300_FL340,2022-03-01 00:15:00.000000000,-9.183533336757865,46.77271458254579,10363.2,24998.640987310537,214.29907,0.5231966264212567,0.8954401230343949,1.0,0.0,0.0,13.800012642606154
NW300_FL340,2022-03-01 00:16:00.000000000,-9.124537269676559,46.8900744241367,10363.2,24998.640987310537,214.04236,0.5529932986703875,0.9480463314664898,1.0,0.0,0.0,13.799983478538548
NW300_FL340,2022-03-01 00:17:00.000000000,-9.06476959695927,47.00728223711839,10363.2,24998.640987310537,213.83415,0.5780566065764643,0.992373499778344,1.0,0.0,0.0,13.799955874461615
NW300_FL340,2022-03-01 00:18:00.000000000,-9.004192371172094,47.124327917170994,10363.2,24998.640987310537,213.70827,0.5939149419055468,1.0204414793183907,1.0,1.0,1.0,13.800022795812414
NW300_FL340,2022-03-01 00:19:00.000000000,-8.942742331284771,47.241195837621795,10363.2,24998.640987310537,213.62042,0.6050205987132847,1.0401214292197871,1.0,1.0,1.0,13.80000943014113
NW300_FL340,2022-03-01 00:20:00.000000000,-8.880399361758288,47.35787881023055,10363.2,24998.640987310537,213.50896,0.6133644391569725,1.0552318926315545,1.0,1.0,1.0,13.79998144097103
NW300_FL340,2022-03-01 00:21:00.000000000,-8.81712804662872,47.47436632203423,10363.2,24998.640987310537,213.44849,0.6120121137527622,1.053320469759623,1.0,1.0,1.0,13.799955751288898
NW300_FL340,2022-03-01 00:22:00.000000000,-8.752888484884062,47.59064660231162,10363.2,24998.640987310537,213.4367,0.5992090358083292,1.0313669349048549,1.0,1.0,1.0,13.79999974357544
NW300_FL340,2022-03-01 00:23:00.000000000,-8.687621184744504,47.70670318021615,10363.2,24998.640987310537,213.42227,0.582759782754421,1.0031482075590858,1.0,1.0,1.0,13.800014603485252
NW300_FL340,2022-03-01 00:24:00.000000000,-8.6212916133352,47.822524520353284,10363.2,24998.640987310537,213.4806,0.5559715731782503,0.9566713528839371,1.0,0.0,0.0,13.799987752859257
NW300_FL340,2022-03-01 00:25:00.000000000,-8.553869741791866,47.93809981100981,10363.2,24998.640987310537,213.57536,0.5258260995026807,0.9042386639314989,1.0,0.0,0.0,13.79996366704769
NW300_FL340,2022-03-01 00:26:00.000000000,-8.485313856181833,48.05341525950304,10363.2,24998.640987310537,213.70837,0.49195938028536795,0.8452632938237378,1.0,0.0,0.0,13.799942842235483
NW300_FL340,2022-03-01 00:27:00.000000000,-8.415581801578655,48.16845651097662,10363.2,24998.640987310537,213.85738,0.4583248745502972,0.7867049853564033,1.0,0.0,0.0,13.800016914087612
NW300_FL340,2022-03-01 00:28:00.000000000,-8.344603841813232,48.28320205518647,10363.2,24998.640987310537,214.0049,0.42687928993045143,0.7320184102379499,1.0,0.0,0.0,13.800004972425114
NW300_FL340,2022-03-01 00:29:00.000000000,-8.272359617391693,48.397641532390416,10363.2,24998.640987310537,214.17923,0.39329749057698526,0.6736532338341565,1.0,0.0,0.0,13.799981440007572
NW300_FL340,2022-03-01 00:30:00.000000000,-8.198809767667017,48.511759680983936,10363.2,24998.640987310537,214.36127,0.3610893755886994,0.617742936843192,1.0,0.0,0.0,13.799961128930406
NW300_FL340,2022-03-01 00:31:00.000000000,-8.123910851857396,48.62553969747014,10363.2,24998.640987310537,214.5686,0.3307515461671462,0.5650608934025383,1.0,0.0,0.0,13.79994434951923
NW300_FL340,2022-03-01 00:32:00.000000000,-8.047619175060253,48.73896411389615,10363.2,24998.640987310537,214.76604,0.3035606865113825,0.5179247292133374,1.0,0.0,0.0,13.799949522704459
NW300_FL340,2022-03-01 00:33:00.000000000,-7.969885434552368,48.85201334557368,10363.2,24998.640987310537,214.9195,0.2779669611489092,0.47376875425726434,1.0,0.0,0.0,13.800014181102688
NW300_FL340,2022-03-01 00:34:00.000000000,-7.890648069563789,48.96466371012504,10363.2,24998.640987310537,215.0462,0.25376318046385643,0.43214761964028936,1.0,0.0,0.0,13.799992650903825
NW300_FL340,2022-03-01 00:35:00.000000000,-7.809886021383044,49.076901625594274,10363.2,24998.640987310537,215.13605,0.234610804201463,0.3992900332093154,1.0,0.0,0.0,13.799974108707389
NW300_FL340,2022-03-01 00:36:00.000000000,-7.727555347093408,49.1887068387166,10363.2,24998.640987310537,215.20131,0.21863748910997083,0.3719412601124821,1.0,0.0,0.0,13.799958655833514
NW300_FL340,2022-03-01 00:37:00.000000000,-7.643612181951804,49.30005836390617,10363.2,24998.640987310537,215.24905,0.20707775675702866,0.3521627104040939,1.0,0.0,0.0,13.799946336900428
NW300_FL340,2022-03-01 00:38:00.000000000,-7.558012825338964,49.41093447592809,10363.2,24998.640987310537,215.29431,0.19831360197128872,0.3371548972953006,1.0,0.0,0.0,13.799937139245799
NW300_FL340,2022-03-01 00:39:00.000000000,-7.470713833585899,49.52131270557739,10363.2,24998.640987310537,215.34453,0.19064830184715667,0.3240125317606577,1.0,0.0,0.0,13.799930993467326
NW300_FL340,2022-03-01 00:40:00.000000000,-7.381672119623329,49.63116983869982,10363.2,24998.640987310537,215.44507,0.18328784547096322,0.31129083207632857,1.0,0.0,0.0,13.799935080408797
NW300_FL340,2022-03-01 00:41:00.000000000,-7.290842991180416,49.740481273968314,10363.2,24998.640987310537,215.5077,0.17779113204183694,0.3018266432131555,1.0,0.0,0.0,13.79999350665374
NW300_FL340,2022-03-01 00:42:00.000000000,-7.198169519410879,49.84921753340485,10363.2,24998.640987310537,215.66885,0.16951008898744152,0.2874533792933773,1.0,0.0,0.0,13.799978927303988
NW300_FL340,2022-03-01 00:43:00.000000000,-7.103628498314238,49.95735875096998,10363.2,24998.640987310537,215.80028,0.16162264662265677,0.27383235158618496,1.0,0.0,0.0,13.799966433137888
NW300_FL340,2022-03-01 00:44:00.000000000,-7.0071795140932345,50.06487885572919,10363.2,24998.640987310537,215.90799,0.15486246105707666,0.2621853873314779,1.0,0.0,0.0,13.79995586908043
NW300_FL340,2022-03-01 00:45:00.000000000,-6.9087830925656055,50.171751090152405,10363.2,24998.640987310537,216.04527,0.14765002204716984,0.24973955380849716,1.0,0.0,0.0,13.799947052381834
NW300_FL340,2022-03-01 00:46:00.000000000,-6.808400832996052,50.27794803570585,10363.2,24998.640987310537,216.18011,0.14095815129093373,0.23819966507805532,1.0,0.0,0.0,13.799939778560672
NW300_FL340,2022-03-01 00:47:00.000000000,-6.705995546066805,50.38344164394248,10363.2,24998.640987310537,216.3264,0.13516771925349313,0.22818387315028882,1.0,0.0,0.0,13.799933827852389
NW300_FL340,2022-03-01 00:48:00.000000000,-6.601531395219343,50.48820327332102,10363.2,24998.640987310537,216.47867,0.12928183382128997,0.2180179631481023,1.0,0.0,0.0,13.799928972027583
NW300_FL340,2022-03-01 00:49:00.000000000,-6.494974040497284,50.592203731941304,10363.2,24998.640987310537,216.60274,0.12390927957576804,0.20877796402824014,1.0,0.0,0.0,13.799924981403041
NW300_FL340,2022-03-01 00:50:00.000000000,-6.386290783920157,50.69541332633463,10363.2,24998.640987310537,216.70993,0.11828017902646436,0.1991450443676859,1.0,0.0,0.0,13.799921631877607
NW300_FL340,2022-03-01 00:51:00.000000000,-6.2754507153220995,50.797801916390625,10363.2,24998.640987310537,216.79375,0.11320885448919471,0.19049522974503988,1.0,0.0,0.0,13.799918711778243
NW300_FL340,2022-03-01 00:52:00.000000000,-6.162424857501622,50.89933897643868,10363.2,24998.640987310537,216.84708,0.10886153931707827,0.1831121225770852,1.0,0.0,0.0,13.799916028361567
NW300_FL340,2022-03-01 00:53:00.000000000,-6.0471863094495175,50.99999366243146,10363.2,24998.640987310537,216.89558,0.10413634265756926,0.17510472803765273,1.0,0.0,0.0,13.799913413752241
NW300_FL340,2022-03-01 00:54:00.000000000,-5.929710386355748,51.099734885102215,10363.2,24998.640987310537,216.94289,0.10214470005510029,0.17169899495827953,1.0,0.0,0.0,13.799910730138198
NW300_FL340,2022-03-01 00:55:00.000000000,-5.8099747550443395,51.19853138888636,10363.2,24998.640987310537,216.99417,0.09975752058206189,0.167626036014163,1.0,0.0,0.0,13.799907874076975
NW300_FL340,2022-03-01 00:56:00.000000000,-5.687959563450105,51.296351836313654,10363.2,24998.640987310537,217.03941,0.09806677954913905,0.1647328883680369,1.0,0.0,0.0,13.79990477972228
NW300_FL340,2022-03-01 00:57:00.000000000,-5.56364756273571,51.39316489749046,10363.2,24998.640987310537,217.0797,0.09689527050752075,0.1627186135955732,1.0,0.0,0.0,13.799901420893251
NW300_FL340,2022-03-01 00:58:00.000000000,-5.4370242206528845,51.48893934420452,10363.2,24998.640987310537,217.11093,0.0956895302232077,0.16065843251398837,1.0,0.0,0.0,13.799897811846515
NW300_FL340,2022-03-01 00:59:00.000000000,-5.308077824779514,51.583644148098536,10363.2,24998.640987310537,217.13693,0.09659486966826689,0.16214905967473286,1.0,0.0,0.0,13.799894006728076
NW300_FL340,2022-03-01 01:00:00.000000000,-5.176799574316013,51.67724858227623,10363.2,24998.640987310537,217.16365,0.09671371219218611,0.16231840478141785,1.0,0.0,0.0,13.799890097668875
NW300_FL340,2022-03-01 01:01:00.000000000,-5.043183659200432,51.76972232562682,10363.2,24998.640987310537,217.1614,0.09729458835686361,0.16329557540462805,1.0,0.0,0.0,13.799886211544619
NW300_FL340,2022-03-01 01:02:00.000000000,-4.907227325401263,51.8610355690834,10363.2,24998.640987310537,217.14143,0.09906743509431691,0.16629461936936596,1.0,0.0,0.0,13.799882505488926
NW300_FL340,2022-03-01 01:03:00.000000000,-4.768930925370678,51.95115912296934,10363.2,24998.640987310537,217.12354,0.10016062787769968,0.16815052221938534,1.0,0.0,0.0,13.799879161238978
NW300_FL340,2022-03-01 01:04:00.000000000,-4.628297952786058,52.04006452453659,10363.2,24998.640987310537,217.12804,0.1004896695844268,0.16869756654697837,1.0,0.0,0.0,13.79987637850337
NW300_FL340,2022-03-01 01:05:00.000000000,-4.485335060872928,52.127724144762055,10363.2,24998.640987310537,217.13814,0.10123927617803125,0.16994447481788294,1.0,0.0,0.0,13.799874367506506
NW300_FL340,2022-03-01 01:06:00.000000000,-4.340052063785224,52.214111293444496,10363.2,24998.640987310537,217.11005,0.10294424137444619,0.17284040470648362,1.0,0.0,0.0,13.799875260345667
NW300_FL340,2022-03-01 01:07:00.000000000,-4.192461576710146,52.299200123019176,10363.2,24998.640987310537,217.09676,0.1039273172766166,0.17450713294012782,1.0,0.0,0.0,13.799958362399373
NW300_FL340,2022-03-01 01:08:00.000000000,-4.042565505808821,52.382957721133714,10363.2,24998.640987310537,217.10002,0.10436484794329931,0.175237928280682,1.0,0.0,0.0,13.79994634307932
NW300_FL340,2022-03-01 01:09:00.000000000,-3.8903976137133776,52.4653690353782,10363.2,24998.640987310537,217.08324,0.10473330952104493,0.17587710707177304,1.0,0.0,0.0,13.799934758524605
NW300_FL340,2022-03-01 01:10:00.000000000,-3.7359801900362437,52.5464122011229,10363.2,24998.640987310537,217.05493,0.10490431112609301,0.17619940361128122,1.0,0.0,0.0,13.799923893437573
NW300_FL340,2022-03-01 01:11:00.000000000,-3.5793384277428935,52.62606676530347,10363.2,24998.640987310537,217.01904,0.10540612266612852,0.17708636346525847,1.0,0.0,0.0,13.799914005702364
NW300_FL340,2022-03-01 01:12:00.000000000,-3.420500321548006,52.70431376094036,10363.2,24998.640987310537,216.99394,0.10625733657681721,0.17854804714541633,1.0,0.0,0.0,13.799905318758915
NW300_FL340,2022-03-01 01:13:00.000000000,-3.2594965516209413,52.78113577383572,10363.2,24998.640987310537,216.97095,0.10695686101567592,0.17975217668083013,1.0,0.0,0.0,13.799898015093248
NW300_FL340,2022-03-01 01:14:00.000000000,-3.0963603537213,52.85651700087687,10363.2,24998.640987310537,216.95789,0.10774776754835975,0.1810981363437255,1.0,0.0,0.0,13.799892231080968
NW300_FL340,2022-03-01 01:15:00.000000000,-2.93112737703906,52.93044329948208,10363.2,24998.640987310537,216.93352,0.1083659673455572,0.1821681695686267,1.0,0.0,0.0,13.79988805331851
NW300_FL340,2022-03-01 01:16:00.000000000,-2.7638355311439367,53.00290222783783,10363.2,24998.640987310537,216.89691,0.10814321589909565,0.18184043754442905,1.0,0.0,0.0,13.799885516550193
NW300_FL340,2022-03-01 01:17:00.000000000,-2.594524823554262,53.07388307569488,10363.2,24998.640987310537,216.83499,0.10877461829169813,0.18298088795488027,1.0,0.0,0.0,13.799884603266875
NW300_FL340,2022-03-01 01:18:00.000000000,-2.4232371895126836,53.14337688560977,10363.2,24998.640987310537,216.7634,0.1094890451439071,0.18427503560299163,1.0,0.0,0.0,13.799885244947372
NW300_FL340,2022-03-01 01:19:00.000000000,-2.250016315606625,53.21137646463753,10363.2,24998.640987310537,216.68433,0.11013642399837038,0.1854666867008829,1.0,0.0,0.0,13.799887324900999
NW300_FL340,2022-03-01 01:20:00.000000000,-2.0749074588928185,53.277876386596866,10363.2,24998.640987310537,216.55072,0.11281022921379774,0.19014569342820595,1.0,0.0,0.0,13.799890682600761
NW300_FL340,2022-03-01 01:21:00.000000000,-1.8979572631798203,53.34287298513899,10363.2,24998.640987310537,216.42355,0.11593531019398491,0.1955852357303302,1.0,0.0,0.0,13.799895119344866
NW300_FL340,2022-03-01 01:22:00.000000000,-1.719213574090673,53.406364337953896,10363.2,24998.640987310537,216.30325,0.11971503739624041,0.2021300954487999,1.0,0.0,0.0,13.799900405062836
NW300_FL340,2022-03-01 01:23:00.000000000,-1.538725254472115,53.46835024254097,10363.2,24998.640987310537,216.18774,0.12374685274811377,0.20910352263013887,1.0,0.0,0.0,13.79990628602072
NW300_FL340,2022-03-01 01:24:00.000000000,-1.356542001638573,53.52883218405242,10363.2,24998.640987310537,216.07437,0.12662668214780426,0.21413680321046408,1.0,0.0,0.0,13.79991249319038
NW300_FL340,2022-03-01 01:25:00.000000000,-1.172714167843412,53.58781329578929,10363.2,24998.640987310537,215.96654,0.13015258172162203,0.22026284879471955,1.0,0.0,0.0,13.799918750991056
NW300_FL340,2022-03-01 01:26:00.000000000,-0.9872925852565602,53.64529831298643,10363.2,24998.640987310537,215.85147,0.13368335003681195,0.2264163863815469,1.0,0.0,0.0,13.799924786167315
NW300_FL340,2022-03-01 01:27:00.000000000,-0.800328396603329,53.7012935205683,10363.2,24998.640987310537,215.75217,0.13702741983781522,0.2322381826796875,1.0,0.0,0.0,13.79993033648061
NW300_FL340,2022-03-01 01:28:00.000000000,-0.6118728924847379,53.75580669558846,10363.2,24998.640987310537,215.64667,0.14028776304377938,0.23793435975259847,1.0,0.0,0.0,13.799935159022626
NW300_FL340,2022-03-01 01:29:00.000000000,-0.42197735625945404,53.80884704508488,10363.2,24998.640987310537,215.5784,0.14401093735423098,0.24436264355841686,1.0,0.0,0.0,13.799939037850189
NW300_FL340,2022-03-01 01:30:00.000000000,-0.23069291722504956,53.86042514008997,10363.2,24998.640987310537,215.52484,0.14566835423491703,0.24726506637703857,1.0,0.0,0.0,13.79994179078318
NW300_FL340,2022-03-01 01:31:00.000000000,-0.03807041269302599,53.910552846529505,10363.2,24998.640987310537,215.45421,0.14605224912305453,0.24803635271216068,1.0,0.0,0.0,13.799943275155096
NW300_FL340,2022-03-01 01:32:00.000000000,0.1558397405871601,53.95924325373014,10363.2,24998.640987310537,215.37283,0.14979180246312668,0.2545268815316283,1.0,0.0,0.0,13.799943392385876
NW300_FL340,2022-03-01 01:33:00.000000000,0.35098766533486897,54.00651060123104,10363.2,24998.640987310537,215.25671,0.15514253262345418,0.263826451639862,1.0,0.0,0.0,13.799942091276058
NW300_FL340,2022-03-01 01:34:00.000000000,0.5473241327828376,54.05237020456364,10363.2,24998.640987310537,215.10947,0.16371892504969202,0.2786870194739049,1.0,0.0,0.0,13.799939369947783
NW300_FL340,2022-03-01 01:35:00.000000000,0.7448006617853401,54.09683838062501,10363.2,24998.640987310537,214.93849,0.17921518256670732,0.30541775118020675,1.0,0.0,0.0,13.79993527641069
NW300_FL340,2022-03-01 01:36:00.000000000,0.943369608024376,54.139932373227055,10363.2,24998.640987310537,214.77281,0.20059634352402492,0.34223393409261027,1.0,0.0,0.0,13.799929907760507
NW300_FL340,2022-03-01 01:37:00.000000000,1.142984243446075,54.18167027935618,10363.2,24998.640987310537,214.56474,0.23027289162768003,0.39341109927703954,1.0,0.0,0.0,13.799923408062723
NW300_FL340,2022-03-01 01:38:00.000000000,1.3435988261461758,54.22207097662803,10363.2,24998.640987310537,214.34526,0.2653292200064697,0.4539659544551181,1.0,0.0,0.0,13.799915964977409
NW300_FL340,2022-03-01 01:39:00.000000000,1.545168660997899,54.26115405237014,10363.2,24998.640987310537,214.13228,0.3034940196723334,0.519996890309684,1.0,0.0,0.0,13.799907805259913
NW300_FL340,2022-03-01 01:40:00.000000000,1.7476501513793214,54.298939734713336,10363.2,24998.640987310537,213.93295,0.3463802407867653,0.5942586665020977,1.0,0.0,0.0,13.799905225618216
NW300_FL340,2022-03-01 01:41:00.000000000,1.951001321706038,54.3354480988425,10363.2,24998.640987310537,213.7793,0.3862859988211022,0.6633917682740977,1.0,0.0,0.0,13.80003550067695
NW300_FL340,2022-03-01 01:42:00.000000000,2.1551912888926434,54.370684072582705,10363.2,24998.640987310537,213.62955,0.42947895314137213,0.7382933949337186,1.0,0.0,0.0,13.80001194060027
NW300_FL340,2022-03-01 01:43:00.000000000,2.3601687814981553,54.404685818447064,10363.2,24998.640987310537,213.49113,0.4754777010206026,0.8181067647783494,1.0,0.0,0.0,13.799988050689471
NW300_FL340,2022-03-01 01:44:00.000000000,2.5658948749977406,54.43747558046449,10363.2,24998.640987310537,213.3637,0.5247363764137447,0.9036112371325025,1.0,0.0,0.0,13.799964294443889
NW300_FL340,2022-03-01 01:45:00.000000000,2.772331890772268,54.46907594249486,10363.2,24998.640987310537,213.26614,0.5718088544208384,0.9852965099003328,1.0,0.0,0.0,13.79994113566568
NW300_FL340,2022-03-01 01:46:00.000000000,2.9794434044374127,54.49950977601977,10363.2,24998.640987310537,213.21756,0.597869298821503,1.030528454972455,1.0,1.0,1.0,13.799919029035573
NW300_FL340,2022-03-01 01:47:00.000000000,3.1871942485890172,54.528800191289015,10363.2,24998.640987310537,213.15883,0.6268640563439517,1.0809179244730323,1.0,1.0,1.0,13.799903858262315
NW300_FL340,2022-03-01 01:48:00.000000000,3.395550879759554,54.55696978407656,10363.2,24998.640987310537,213.13942,0.6353326633161345,1.0956572084062903,1.0,1.0,1.0,13.800055039082034
NW300_FL340,2022-03-01 01:49:00.000000000,3.604491615359623,54.58402008165235,10363.2,24998.640987310537,213.14218,0.631480033092646,1.0889957945838096,1.0,1.0,1.0,13.800015441936033
NW300_FL340,2022-03-01 01:50:00.000000000,3.8139728517228146,54.60999719041869,10363.2,24998.640987310537,213.16786,0.6255310762206164,1.0785553667940062,1.0,1.0,1.0,13.799978645815921
NW300_FL340,2022-03-01 01:51:00.000000000,4.023964354506401,54.63492486350083,10363.2,24998.640987310537,213.24506,0.6161938558096434,1.0619218678180122,1.0,1.0,1.0,13.799945081809751
NW300_FL340,2022-03-01 01:52:00.000000000,4.234437101686992,54.658826899104795,10363.2,24998.640987310537,213.33145,0.6037037530072541,1.0398144784762509,1.0,1.0,1.0,13.799915120264668
NW300_FL340,2022-03-01 01:53:00.000000000,4.445363262970964,54.68172711119074,10363.2,24998.640987310537,213.46265,0.5715625166501775,0.9836142858690976,1.0,0.0,0.0,13.800015788586125
NW300_FL340,2022-03-01 01:54:00.000000000,4.65672372489985,54.70363128764721,10363.2,24998.640987310537,213.57915,0.5402424250827003,0.9290061950677775,1.0,0.0,0.0,13.800026752290783
NW300_FL340,2022-03-01 01:55:00.000000000,4.868487720428609,54.7245739875963,10363.2,24998.640987310537,213.63203,0.5196004487739201,0.8932019136025554,1.0,0.0,0.0,13.799983572061933
NW300_FL340,2022-03-01 01:56:00.000000000,5.080627538644073,54.74458663851475,10363.2,24998.640987310537,213.62202,0.5117926613325079,0.8798375424427494,1.0,0.0,0.0,13.799945817559948
NW300_FL340,2022-03-01 01:57:00.000000000,5.293119881497206,54.763692990803875,10363.2,24998.640987310537,213.56738,0.5166778727324141,0.8885521734217712,1.0,0.0,0.0,13.799938516635832
NW300_FL340,2022-03-01 01:58:00.000000000,5.505943868646182,54.78191294381553,10363.2,24998.640987310537,213.44345,0.5409733047911369,0.9310881811093846,1.0,0.0,0.0,13.800050656767903
NW300_FL340,2022-03-01 01:59:00.000000000,5.719084419011531,54.79925175731836,10363.2,24998.640987310537,213.32455,0.5629061133823102,0.9695875834803755,1.0,0.0,0.0,13.800003204209666
NW300_FL340,2022-03-01 02:00:00.000000000,5.932512825652237,54.81575578710652,10363.2,24998.640987310537,213.22928,0.5840664663151501,1.0066605216575808,1.0,1.0,1.0,13.799962666862402
NW300_FL340,2022-03-01 02:01:00.000000000,6.1462099113233615,54.83144846222197,10363.2,24998.640987310537,213.17339,0.5958032922355221,1.0272608577733129,1.0,1.0,1.0,13.799932359184918
NW300_FL340,2022-03-01 02:02:00.000000000,6.3601576187555455,54.846352522537195,10363.2,24998.640987310537,213.14531,0.5998299201762662,1.0343935966841071,1.0,1.0,1.0,13.800051701259331
NW300_FL340,2022-03-01 02:03:00.000000000,6.574345601833692,54.860467055141825,10363.2,24998.640987310537,213.14172,0.6013357830390922,1.0370144429269403,1.0,1.0,1.0,13.80000554177809
NW300_FL340,2022-03-01 02:04:00.000000000,6.788749289172524,54.87384091232076,10363.2,24998.640987310537,213.16476,0.6041330241019666,1.0416819791467928,1.0,1.0,1.0,13.799967129490193
NW300_FL340,2022-03-01 02:05:00.000000000,7.0033531669792195,54.88649708306962,10363.2,24998.640987310537,213.19954,0.6075511744627682,1.0473383905163849,1.0,1.0,1.0,13.799960623388825
NW300_FL340,2022-03-01 02:06:00.000000000,7.218143656439326,54.89845407593597,10363.2,24998.640987310537,213.22363,0.6136775370671178,1.0577360353570309,1.0,1.0,1.0,13.8000381484042
NW300_FL340,2022-03-01 02:07:00.000000000,7.433110284466571,54.90971982486474,10363.2,24998.640987310537,213.24916,0.6205908912301389,1.0694730451378154,1.0,1.0,1.0,13.799997707739267
NW300_FL340,2022-03-01 02:08:00.000000000,7.648234507949747,54.92033751497244,10363.2,24998.640987310537,213.27307,0.6217732161622308,1.0713433101288574,1.0,1.0,1.0,13.799965046205028
NW300_FL340,2022-03-01 02:09:00.000000000,7.863504016276233,54.93032968835278,10363.2,24998.640987310537,213.29842,0.6191163308170365,1.0665909060196148,1.0,1.0,1.0,13.799998359184581
NW300_FL340,2022-03-01 02:10:00.000000000,8.078909613694025,54.93970734956771,10363.2,24998.640987310537,213.33563,0.6071358743013641,1.0456973891379633,1.0,1.0,1.0,13.800019524346945
NW300_FL340,2022-03-01 02:11:00.000000000,8.294439602046854,54.94849485749177,10363.2,24998.640987310537,213.39201,0.5804441430063344,0.9993579912024233,1.0,0.0,0.0,13.799987344744515
NW300_FL340,2022-03-01 02:12:00.000000000,8.51008135994762,54.95672549342708,10363.2,24998.640987310537,213.46269,0.5505541064751028,0.947459827588144,1.0,0.0,0.0,13.799962217577544
NW300_FL340,2022-03-01 02:13:00.000000000,8.725825342473327,54.96442143190606,10363.2,24998.640987310537,213.58868,0.5079015116706974,0.8733383245313131,1.0,0.0,0.0,13.800030591944905
NW300_FL340,2022-03-01 02:14:00.000000000,8.941665815844612,54.97158610280672,10363.2,24998.640987310537,213.70895,0.4696522571308945,0.8069342978046792,1.0,0.0,0.0,13.800003074592663
NW300_FL340,2022-03-01 02:15:00.000000000,9.157590658160426,54.97826150894907,10363.2,24998.640987310537,213.85417,0.4305947281602452,0.7391207821027239,1.0,0.0,0.0,13.799979693093027
NW300_FL340,2022-03-01 02:16:00.000000000,9.373592057318856,54.984470163858454,10363.2,24998.640987310537,214.00276,0.39844268681543077,0.6832643738800368,1.0,0.0,0.0,13.799998894018712
NW300_FL340,2022-03-01 02:17:00.000000000,9.58966406355943,54.990225655978996,10363.2,24998.640987310537,214.14203,0.3778707535357475,0.6473898370237744,1.0,0.0,0.0,13.800013114578606
NW300_FL340,2022-03-01 02:18:00.000000000,9.805799607243536,54.995551318891,10363.2,24998.640987310537,214.26865,0.36674773559786866,0.6278077394401801,1.0,0.0,0.0,12.396422411584279
NW300_FL340,2022-03-01 02:18:53.897617080,9.999999999999996,55.0,10363.2,24998.640987310537,214.36517,0.36086829127249787,0.6173474546112542,1.0,0.0,0.0,0.0
SE300_FL350,2022-03-01 00:00:00.000000000,-10.000000000000002,45.00000000000001,10668.0,23841.928016066504,212.79758,0.7065500127521043,1.221170295362016,1.0,1.0,1.0,13.800115027908165
SE300_FL350,2022-03-01 00:01:00.000000000,-9.832634228109365,45.0374989777726,10668.0,23841.928016066504,212.73808,0.7081086425038021,1.224333650820363,1.0,1.0,1.0,13.800020549916326
SE300_FL350,2022-03-01 00:02:00.000000000,-9.665061957945106,45.074778023133646,10668.0,23841.928016066504,212.68633,0.7101288319104275,1.228232107994892,1.0,1.0,1.0,13.799927543731021
SE300_FL350,2022-03-01 00:03:00.000000000,-9.497293172355167,45.111857647020635,10668.0,23841.928016066504,212.64952,0.7108745540369892,1.229813897333962,1.0,1.0,1.0,13.800010362739226
SE300_FL350,2022-03-01 00:04:00.000000000,-9.329333869699752,45.148755048499964,10668.0,23841.928016066504,212.62834,0.7137440733745999,1.2349456983989706,1.0,1.0,1.0,13.8000625389665
SE300_FL350,2022-03-01 00:05:00.000000000,-9.161195059406664,45.18549293097829,10668.0,23841.928016066504,212.6059,0.71871268842625,1.243725322702219,1.0,1.0,1.0,13.799971646306037
SE300_FL350,2022-03-01 00:06:00.000000000,-8.992889620285059,45.222095268527376,10668.0,23841.928016066504,212.57898,0.7262124375941172,1.2569198498433471,1.0,1.0,1.0,13.799899873840282
SE300_FL350,2022-03-01 00:07:00.000000000,-8.824426642306625,45.25858271091628,10668.0,23841.928016066504,212.57782,0.7259536729282697,1.2564792337632913,1.0,1.0,1.0,13.800105239252431
SE300_FL350,2022-03-01 00:08:00.000000000,-8.65581080706178,45.2949740113112,10668.0,23841.928016066504,212.57587,0.7253527656281464,1.2554548557486875,1.0,1.0,1.0,13.80001760658135
SE300_FL350,2022-03-01 00:09:00.000000000,-8.487057177228046,45.3312945416673,10668.0,23841.928016066504,212.56001,0.7268864248176781,1.2582374213376621,1.0,1.0,1.0,13.79993231818943
SE300_FL350,2022-03-01 00:10:00.000000000,-8.31817494269894,45.36756551489382,10668.0,23841.928016066504,212.54814,0.7287461043209847,1.2615528385116173,1.0,1.0,1.0,13.799993838825486
SE300_FL350,2022-03-01 00:11:00.000000000,-8.149171301625014,45.4038082101483,10668.0,23841.928016066504,212.52548,0.7278475884672891,1.2601817055746374,1.0,1.0,1.0,13.80006634186223
SE300_FL350,2022-03-01 00:12:00.000000000,-7.980055881015995,45.44004548033964,10668.0,23841.928016066504,212.49667,0.7262027055617614,1.257566437099917,1.0,1.0,1.0,13.799985579438726
SE300_FL350,2022-03-01 00:13:00.000000000,-7.81084018030542,45.47629954581915,10668.0,23841.928016066504,212.46803,0.7271057417221201,1.2593581103634708,1.0,1.0,1.0,13.799907812990368
SE300_FL350,2022-03-01 00:14:00.000000000,-7.64153340621131,45.51259224345501,10668.0,23841.928016066504,212.44095,0.726959006746436,1.2593225836474344,1.0,1.0,1.0,13.80005343805641
SE300_FL350,2022-03-01 00:15:00.000000000,-7.472142889633564,45.54894792999821,10668.0,23841.928016066504,212.42221,0.7258825833983321,1.2576098033902432,1.0,1.0,1.0,13.800042769194542
SE300_FL350,2022-03-01 00:16:00.000000000,-7.30268005570596,45.58538865893594,10668.0,23841.928016066504,212.43483,0.7307277637339458,1.2659016898052735,1.0,1.0,1.0,13.799970371522296
SE300_FL350,2022-03-01 00:17:00.000000000,-7.133155014811902,45.621936316925805,10668.0,23841.928016066504,212.45967,0.7349817495324553,1.273070222571026,1.0,1.0,1.0,13.799901682232836
SE300_FL350,2022-03-01 00:18:00.000000000,-6.963577350434745,45.65861348889645,10668.0,23841.928016066504,212.48627,0.7387185238393499,1.2793252204223753,1.0,1.0,1.0,13.800065477575464
SE300_FL350,2022-03-01 00:19:00.000000000,-6.793955919788455,45.69544792952469,10668.0,23841.928016066504,212.5217,0.7418097338919442,1.2843874683445324,1.0,1.0,1.0,13.80003693342804
SE300_FL350,2022-03-01 00:20:00.000000000,-6.62430206827496,45.732459891422764,10668.0,23841.928016066504,212.54637,0.7408572060825563,1.2825341035058262,1.0,1.0,1.0,13.799973816594894
SE300_FL350,2022-03-01 00:21:00.000000000,-6.454626108496878,45.76967183596835,10668.0,23841.928016066504,212.57214,0.7364801268297008,1.2747451968790169,1.0,1.0,1.0,13.79991501954183
SE300_FL350,2022-03-01 00:22:00.000000000,-6.284938381864701,45.807107160064675,10668.0,23841.928016066504,212.59874,0.7306438661006874,1.264428170091331,1.0,1.0,1.0,13.80001310806428
SE300_FL350,2022-03-01 00:23:00.000000000,-6.1152496770827875,45.84479442806904,10668.0,23841.928016066504,212.62323,0.7308616225107074,1.2646039954707653,1.0,1.0,1.0,13.80004905320983
SE300_FL350,2022-03-01 00:24:00.000000000,-5.945571349662257,45.8827565001216,10668.0,23841.928016066504,212.65094,0.7328344525007003,1.2677962127605928,1.0,1.0,1.0,13.799995207272767
SE300_FL350,2022-03-01 00:25:00.000000000,-5.775914582343945,45.92101460539857,10668.0,23841.928016066504,212.68698,0.7331562033279937,1.2680584989517851,1.0,1.0,1.0,13.799946018066104
SE300_FL350,2022-03-01 00:26:00.000000000,-5.606290874535937,45.959592928785845,10668.0,23841.928016066504,212.7216,0.7315199897426788,1.2649465655044099,1.0,1.0,1.0,13.799901826521442
SE300_FL350,2022-03-01 00:27:00.000000000,-5.436712081951,45.99851585627959,10668.0,23841.928016066504,212.75986,0.7268931065700784,1.256635286997378,1.0,1.0,1.0,13.800049850384529
SE300_FL350,2022-03-01 00:28:00.000000000,-5.267191966322243,46.03781647078147,10668.0,23841.928016066504,212.81393,0.7158551718703695,1.237122303653655,1.0,1.0,1.0,13.800031588333269
SE300_FL350,2022-03-01 00:29:00.000000000,-5.097742422824589,46.07751300401981,10668.0,23841.928016066504,212.84123,0.7018055612719541,1.2126291040178687,1.0,1.0,1.0,13.799990478669388
SE300_FL350,2022-03-01 00:30:00.000000000,-4.92837633795386,46.11762914151849,10668.0,23841.928016066504,212.85628,0.6893283946089196,1.1909527606208876,1.0,1.0,1.0,13.7999541838252
SE300_FL350,2022-03-01 00:31:00.000000000,-4.759107233713054,46.158189859635726,10668.0,23841.928016066504,212.86043,0.6783505923140304,1.171956076490238,1.0,1.0,1.0,13.799922890616976
SE300_FL350,2022-03-01 00:32:00.000000000,-4.589949114555786,46.19922026051813,10668.0,23841.928016066504,212.84659,0.6672434016474541,1.1528686123273502,1.0,1.0,1.0,13.799929959565615
SE300_FL350,2022-03-01 00:33:00.000000000,-4.420917005638568,46.24074744997757,10668.0,23841.928016066504,212.8021,0.6578653492650678,1.1369927050848734,1.0,1.0,1.0,13.800043955541087
SE300_FL350,2022-03-01 00:34:00.000000000,-4.252027880874641,46.28280309951133,10668.0,23841.928016066504,212.71515,0.6489441490678304,1.122201363249044,1.0,1.0,1.0,13.80001263583261
SE300_FL350,2022-03-01 00:35:00.000000000,-4.083295312513981,46.32540456469928,10668.0,23841.928016066504,212.62454,0.6415128948638493,1.1099954914118666,1.0,1.0,1.0,13.79998555573942
SE300_FL350,2022-03-01 00:36:00.000000000,-3.914735435139302,46.3685770941835,10668.0,23841.928016066504,212.52937,0.6339872483480151,1.097647738703718,1.0,1.0,1.0,13.799962706248108
SE300_FL350,2022-03-01 00:37:00.000000000,-3.7463649709978815,46.41234591653959,10668.0,23841.928016066504,212.4319,0.6259679762480131,1.084436824635831,1.0,1.0,1.0,13.799944029141807
SE300_FL350,2022-03-01 00:38:00.000000000,-3.578201246424688,46.45673620162743,10668.0,23841.928016066504,212.36633,0.6254581301322351,1.0840112523295793,1.0,1.0,1.0,13.799929415534166
SE300_FL350,2022-03-01 00:39:00.000000000,-3.41026220591334,46.50177301855226,10668.0,23841.928016066504,212.30914,0.6244057349870792,1.0825804089163076,1.0,1.0,1.0,13.79991870565744
SE300_FL350,2022-03-01 00:40:00.000000000,-3.2425664234872786,46.54748129024899,10668.0,23841.928016066504,212.25867,0.6222566136289538,1.0792015546515346,1.0,1.0,1.0,13.799922852412047
SE300_FL350,2022-03-01 00:41:00.000000000,-3.0751334306903266,46.59388656047466,10668.0,23841.928016066504,212.23206,0.6198569417185108,1.0752234556126448,1.0,1.0,1.0,13.800008407530912
SE300_FL350,2022-03-01 00:42:00.000000000,-2.907985546322268,46.641019270999685,10668.0,23841.928016066504,212.21292,0.6181523573789184,1.0723971441867948,1.0,1.0,1.0,13.79999152577942
SE300_FL350,2022-03-01 00:43:00.000000000,-2.74114057917694,46.68889649733604,10668.0,23841.928016066504,212.19662,0.6168555701331582,1.070257412983894,1.0,1.0,1.0,13.799977274791766
SE300_FL350,2022-03-01 00:44:00.000000000,-2.5746196225871447,46.73754198383629,10668.0,23841.928016066504,212.16736,0.620927571868092,1.07752302490045,1.0,1.0,1.0,13.799965416219916
SE300_FL350,2022-03-01 00:45:00.000000000,-2.4084444011529893,46.78697905887585,10668.0,23841.928016066504,212.12141,0.6262856806924465,1.0871408665973603,1.0,1.0,1.0,13.799955690405685
SE300_FL350,2022-03-01 00:46:00.000000000,-2.24263725835525,46.83723057208739,10668.0,23841.928016066504,212.06592,0.6329573890328887,1.0991093253549524,1.0,1.0,1.0,13.799947822412035
SE300_FL350,2022-03-01 00:47:00.000000000,-2.077221138921509,46.88831882936984,10668.0,23841.928016066504,211.99602,0.6416271758146651,1.1146562413974221,1.0,1.0,1.0,13.799941528604728
SE300_FL350,2022-03-01 00:48:00.000000000,-1.9122195656143586,46.94026552601405,10668.0,23841.928016066504,211.92459,0.6537979961568805,1.1363149903134637,1.0,1.0,1.0,13.799936523592704
SE300_FL350,2022-03-01 00:49:00.000000000,-1.747656610142675,46.99309167833649,10668.0,23841.928016066504,211.85152,0.6695924484121434,1.1643058200232481,1.0,1.0,1.0,13.799932527317191
SE300_FL350,2022-03-01 00:50:00.000000000,-1.5835568579366146,47.046817554258936,10668.0,23841.928016066504,211.82777,0.6798682021602712,1.182353627623385,1.0,1.0,1.0,13.799929272076493
SE300_FL350,2022-03-01 00:51:00.000000000,-1.41994536657518,47.10146260331857,10668.0,23841.928016066504,211.82646,0.6879439734062512,1.1964078281790733,1.0,1.0,1.0,13.799926509251202
SE300_FL350,2022-03-01 00:52:00.000000000,-1.2568476177121715,47.15704538663485,10668.0,23841.928016066504,211.84854,0.6949546865033627,1.208429483249005,1.0,1.0,1.0,13.799924015512413
SE300_FL350,2022-03-01 00:53:00.000000000,-1.0942894624114776,47.21358350739827,10668.0,23841.928016066504,211.86925,0.6920414426639823,1.2032037188250047,1.0,1.0,1.0,13.799921598299676
SE300_FL350,2022-03-01 00:54:00.000000000,-0.9322970598757382,47.27109354247939,10668.0,23841.928016066504,211.88628,0.686830547631172,1.1940167848613334,1.0,1.0,1.0,13.799919100366923
SE300_FL350,2022-03-01 00:55:00.000000000,-0.7708968096326502,47.329590975783,10668.0,23841.928016066504,211.90352,0.6748881053122481,1.1731261799359358,1.0,1.0,1.0,13.799916403229442
SE300_FL350,2022-03-01 00:56:00.000000000,-0.6101152773294826,47.38909013399148,10668.0,23841.928016066504,211.87492,0.655713349328578,1.1400040727792247,1.0,1.0,1.0,13.79991342938298
SE300_FL350,2022-03-01 00:57:00.000000000,-0.4499791143776922,47.44960412535214,10668.0,23841.928016066504,211.8401,0.6411062083863354,1.1148534160153976,1.0,1.0,1.0,13.79991014318596
SE300_FL350,2022-03-01 00:58:00.000000000,-0.2905149717839815,47.51114478216384,10668.0,23841.928016066504,211.80289,0.6383801556390052,1.110376462089386,1.0,1.0,1.0,13.799906550367
SE300_FL350,2022-03-01 00:59:00.000000000,-0.1317494086006752,47.57372260760951,10668.0,23841.928016066504,211.76094,0.644535868891863,1.1213800919891754,1.0,1.0,1.0,13.799902696148978
SE300_FL350,2022-03-01 01:00:00.000000000,0.026291204476382772,47.63734672756016,10668.0,23841.928016066504,211.72511,0.6570965118833124,1.143489562530338,1.0,1.0,1.0,13.799898662049376
SE300_FL350,2022-03-01 01:01:00.000000000,0.1835807857402945,47.702024847945545,10668.0,23841.928016066504,211.7289,0.6855445778717639,1.192968611117677,1.0,1.0,1.0,13.799894561448786
SE300_FL350,2022-03-01 01:02:00.000000000,0.3400936466257237,47.767763218243296,10668.0,23841.928016066504,211.73418,0.7054907279675661,1.2276377032495926,1.0,1.0,1.0,13.799890534083259
SE300_FL350,2022-03-01 01:03:00.000000000,0.4958045985892688,47.834566601585344,10668.0,23841.928016066504,211.73918,0.7169215886910427,1.2474911169330583,1.0,1.0,1.0,13.799886739660096
SE300_FL350,2022-03-01 01:04:00.000000000,0.6506890618532523,47.90243825191635,10668.0,23841.928016066504,211.77994,0.7174224721952984,1.2480394043694782,1.0,1.0,1.0,13.799883350808148
SE300_FL350,2022-03-01 01:05:00.000000000,0.8047231750871445,47.97137989856527,10668.0,23841.928016066504,211.82472,0.7147860083247806,1.2431022628359856,1.0,1.0,1.0,13.799880545640207
SE300_FL350,2022-03-01 01:06:00.000000000,0.9578839050532617,48.04139173850947,10668.0,23841.928016066504,211.88376,0.7012605200607206,1.2191238591286966,1.0,1.0,1.0,13.799880297337754
SE300_FL350,2022-03-01 01:07:00.000000000,1.1101490175689515,48.11247259658721,10668.0,23841.928016066504,211.95055,0.6842395628636857,1.1890290472504792,1.0,1.0,1.0,13.799955765457092
SE300_FL350,2022-03-01 01:08:00.000000000,1.2614916109520389,48.18462623408982,10668.0,23841.928016066504,212.0151,0.6698705038609473,1.1635814458606608,1.0,1.0,1.0,13.799946076537669
SE300_FL350,2022-03-01 01:09:00.000000000,1.4118974565169005,48.25784150407756,10668.0,23841.928016066504,212.092,0.6499531152670912,1.1284308707404016,1.0,1.0,1.0,13.799936769163452
SE300_FL350,2022-03-01 01:10:00.000000000,1.5613479605795775,48.33211247748483,10668.0,23841.928016066504,212.16463,0.6317824269716095,1.096380640092498,1.0,1.0,1.0,13.799928078960882
SE300_FL350,2022-03-01 01:11:00.000000000,1.7098258754552036,48.40743177483138,10668.0,23841.928016066504,212.23161,0.6174158448651368,1.0709922178293565,1.0,1.0,1.0,13.799920213907653
SE300_FL350,2022-03-01 01:12:00.000000000,1.8573153869251047,48.48379060616857,10668.0,23841.928016066504,212.29507,0.6046520213550772,1.0484253890694304,1.0,1.0,1.0,13.799913349084349
SE300_FL350,2022-03-01 01:13:00.000000000,2.00380219478423,48.561178817972646,10668.0,23841.928016066504,212.35437,0.5908403770170697,1.0240905317928852,1.0,1.0,1.0,13.799907622724088
SE300_FL350,2022-03-01 01:14:00.000000000,2.1492735857235448,48.63958494650445,10668.0,23841.928016066504,212.40659,0.573168014632196,0.9931267602512959,1.0,0.0,0.0,13.79990313363142
SE300_FL350,2022-03-01 01:15:00.000000000,2.2937184979011707,48.71899627708127,10668.0,23841.928016066504,212.45406,0.557021218611488,0.9648565151209431,1.0,0.0,0.0,13.799899939990695
SE300_FL350,2022-03-01 01:16:00.000000000,2.437127576666514,48.79939890864313,10668.0,23841.928016066504,212.49384,0.5389781422873908,0.9333639031037002,1.0,0.0,0.0,13.799898059510873
SE300_FL350,2022-03-01 01:17:00.000000000,2.57949322101926,48.88077782294388,10668.0,23841.928016066504,212.52557,0.5191192837367434,0.8987915577277209,1.0,0.0,0.0,13.799897470818289
SE300_FL350,2022-03-01 01:18:00.000000000,2.7208096205090637,48.96311695765744,10668.0,23841.928016066504,212.54742,0.49855727044416637,0.8630724604384173,1.0,0.0,0.0,13.799898115948379
SE300_FL350,2022-03-01 01:19:00.000000000,2.8610727824072804,49.04639928266274,10668.0,23841.928016066504,212.5461,0.4859341860185759,0.8412249252522177,1.0,0.0,0.0,13.799899903772648
SE300_FL350,2022-03-01 01:20:00.000000000,3.0002805491083504,49.13060687875635,10668.0,23841.928016066504,212.53766,0.47763977738368035,0.8269102359243891,1.0,0.0,0.0,13.799902714140295
SE300_FL350,2022-03-01 01:21:00.000000000,3.1384326058413183,49.21572101804042,10668.0,23841.928016066504,212.5136,0.4787643783106233,0.8289871676458236,1.0,0.0,0.0,13.799906402511214
SE300_FL350,2022-03-01 01:22:00.000000000,3.275530478889779,49.30172224524366,10668.0,23841.928016066504,212.4896,0.4811645396525702,0.8332693607804671,1.0,0.0,0.0,13.799910804862314
SE300_FL350,2022-03-01 01:23:00.000000000,3.411577524628558,49.38859045925548,10668.0,23841.928016066504,212.45317,0.48841544034223944,0.8460234678644445,1.0,0.0,0.0,13.799915742621737
SE300_FL350,2022-03-01 01:24:00.000000000,3.546578909786857,49.47630499418438,10668.0,23841.928016066504,212.42119,0.4947522226908829,0.8571778459592795,1.0,0.0,0.0,13.799921027431493
SE300_FL350,2022-03-01 01:25:00.000000000,3.6805415834364057,49.56484469929377,10668.0,23841.928016066504,212.41603,0.49532871461077577,0.8582029305945503,1.0,0.0,0.0,13.799926465539238
SE300_FL350,2022-03-01 01:26:00.000000000,3.813474241281341,49.65418801721622,10668.0,23841.928016066504,212.40866,0.49905977780555844,0.8647085577163351,1.0,0.0,0.0,13.799931861647412
SE300_FL350,2022-03-01 01:27:00.000000000,3.945387282890515,49.74431305990206,10668.0,23841.928016066504,212.39604,0.5068373924340202,0.8782554605998635,1.0,0.0,0.0,13.799937022113916
SE300_FL350,2022-03-01 01:28:00.000000000,4.076292762563807,49.83519768181777,10668.0,23841.928016066504,212.41441,0.5081837722692486,0.8804852535058288,1.0,0.0,0.0,13.799941757380292
SE300_FL350,2022-03-01 01:29:00.000000000,4.206204334561293,49.92681954997152,10668.0,23841.928016066504,212.43765,0.5079698548701229,0.8799818500789668,1.0,0.0,0.0,13.799945883601017
SE300_FL350,2022-03-01 01:30:00.000000000,4.335137193447722,50.01915621040786,10668.0,23841.928016066504,212.45049,0.5086555579684273,0.8810975013373159,1.0,0.0,0.0,13.799949223437263
SE300_FL350,2022-03-01 01:31:00.000000000,4.463108010316069,50.1121851508771,10668.0,23841.928016066504,212.46976,0.5060994943884706,0.8765644477211606,1.0,0.0,0.0,13.79995160605297
SE300_FL350,2022-03-01 01:32:00.000000000,4.590134865652553,50.20588385944899,10668.0,23841.928016066504,212.47775,0.5001376732363733,0.8661920532627014,1.0,0.0,0.0,13.799952866356099
SE300_FL350,2022-03-01 01:33:00.000000000,4.716237179594008,50.300229878900765,10668.0,23841.928016066504,212.47247,0.4944027517176028,0.8562906911452973,1.0,0.0,0.0,13.799952843577072
SE300_FL350,2022-03-01 01:34:00.000000000,4.841435640306324,50.39520085676857,10668.0,23841.928016066504,212.4598,0.4895490318955792,0.8479539480221564,1.0,0.0,0.0,13.799951379286926
SE300_FL350,2022-03-01 01:35:00.000000000,4.965752131182763,50.49077459100485,10668.0,23841.928016066504,212.44615,0.485467030902131,0.8409558514416889,1.0,0.0,0.0,13.799948314979101
SE300_FL350,2022-03-01 01:36:00.000000000,5.08920965752353,50.58692907123493,10668.0,23841.928016066504,212.41174,0.4864031197377502,0.8427620178030166,1.0,0.0,0.0,13.7999434893709
SE300_FL350,2022-03-01 01:37:00.000000000,5.211832273314692,50.683642515650746,10668.0,23841.928016066504,212.37292,0.49330569259833973,0.8549352232380518,1.0,0.0,0.0,13.799936735540259
SE300_FL350,2022-03-01 01:38:00.000000000,5.333645008677116,50.78089340361986,10668.0,23841.928016066504,212.34015,0.5016971940045685,0.8696599499998902,1.0,0.0,0.0,13.79992787807843
SE300_FL350,2022-03-01 01:39:00.000000000,5.454673798505399,50.87866050412251,10668.0,23841.928016066504,212.31091,0.5109592128058585,0.885879790484461,1.0,0.0,0.0,13.799916730378694
SE300_FL350,2022-03-01 01:40:00.000000000,5.574945412764155,50.97692290015904,10668.0,23841.928016066504,212.28139,0.5186044071840067,0.8993024277583512,1.0,0.0,0.0,13.799909146879337
SE300_FL350,2022-03-01 01:41:00.000000000,5.69448698268002,51.07566027243519,10668.0,23841.928016066504,212.23831,0.5229741399738824,0.9071295872018972,1.0,0.0,0.0,13.800036502008268
SE300_FL350,2022-03-01 01:42:00.000000000,5.813317860079042,51.17485813030892,10668.0,23841.928016066504,212.21024,0.5196667342579462,0.901554573967244,1.0,0.0,0.0,13.800019343694286
SE300_FL350,2022-03-01 01:43:00.000000000,5.931476383526231,51.274490485820074,10668.0,23841.928016066504,212.19225,0.512340607301965,0.8889456843435358,1.0,0.0,0.0,13.799999557176893
SE300_FL350,2022-03-01 01:44:00.000000000,6.048992146742065,51.37453779717241,10668.0,23841.928016066504,212.16597,0.5067310422844695,0.8793626929312763,1.0,0.0,0.0,13.799976952886416
SE300_FL350,2022-03-01 01:45:00.000000000,6.16589527157801,51.47498090580639,10668.0,23841.928016066504,212.13747,0.5009999562354226,0.8695730355472983,1.0,0.0,0.0,13.799951314976644
SE300_FL350,2022-03-01 01:46:00.000000000,6.282216354420901,51.575801040761654,10668.0,23841.928016066504,212.11879,0.4941474914442286,0.8577820814008018,1.0,0.0,0.0,13.799922401731491
SE300_FL350,2022-03-01 01:47:00.000000000,6.397986416102225,51.67697982039795,10668.0,23841.928016066504,212.14833,0.47768983433025686,0.8290562868253387,1.0,0.0,0.0,13.799896422178843
SE300_FL350,2022-03-01 01:48:00.000000000,6.513236540852692,51.77849945999789,10668.0,23841.928016066504,212.17148,0.46541288718500035,0.8076298259916496,1.0,0.0,0.0,13.800070683038491
SE300_FL350,2022-03-01 01:49:00.000000000,6.627989237000202,51.88034855874178,10668.0,23841.928016066504,212.19795,0.4510379085969427,0.7825554169024046,1.0,0.0,0.0,13.800033136164926
SE300_FL350,2022-03-01 01:50:00.000000000,6.7422871098143675,51.982503017475295,10668.0,23841.928016066504,212.2225,0.43863439552872513,0.7609152988959864,1.0,0.0,0.0,13.79999217680041
SE300_FL350,2022-03-01 01:51:00.000000000,6.85616260126879,52.08494594286698,10668.0,23841.928016066504,212.2667,0.420538309790703,0.7293171497034466,1.0,0.0,0.0,13.799947488517821
SE300_FL350,2022-03-01 01:52:00.000000000,6.9696483812259675,52.187660808917485,10668.0,23841.928016066504,212.31334,0.4023268241517496,0.6975268628486173,1.0,0.0,0.0,13.799898737232269
SE300_FL350,2022-03-01 01:53:00.000000000,7.082777318490884,52.29063144711092,10668.0,23841.928016066504,212.34883,0.39161907865978013,0.6788093610545329,1.0,0.0,0.0,13.800030398716745
SE300_FL350,2022-03-01 01:54:00.000000000,7.19557701404532,52.39384625576109,10668.0,23841.928016066504,212.38702,0.38193360141037014,0.661858233737605,1.0,0.0,0.0,13.800054345163323
SE300_FL350,2022-03-01 01:55:00.000000000,7.308085257117626,52.49728673117904,10668.0,23841.928016066504,212.42921,0.37186767653071706,0.6442415538781159,1.0,0.0,0.0,13.799996740891372
SE300_FL350,2022-03-01 01:56:00.000000000,7.420338038484323,52.60093580787837,10668.0,23841.928016066504,212.46468,0.3651296754771704,0.6324235911236437,1.0,0.0,0.0,13.799934836100903
SE300_FL350,2022-03-01 01:57:00.000000000,7.532368946100369,52.70477859337681,10668.0,23841.928016066504,212.49516,0.3590247929821007,0.6217287982169828,1.0,0.0,0.0,13.7999107047655
SE300_FL350,2022-03-01 01:58:00.000000000,7.644210999091989,52.80880120769993,10668.0,23841.928016066504,212.52084,0.35427016424915847,0.6133944719094971,1.0,0.0,0.0,13.80009727987662
SE300_FL350,2022-03-01 01:59:00.000000000,7.755895885982359,52.912992453617406,10668.0,23841.928016066504,212.54784,0.34973463912039066,0.6054371731299973,1.0,0.0,0.0,13.800026839405156
SE300_FL350,2022-03-01 02:00:00.000000000,7.867462507785084,53.01733360209722,10668.0,23841.928016066504,212.54955,0.35467624518549457,0.6139842349313902,1.0,0.0,0.0,13.799951817325509
SE300_FL350,2022-03-01 02:01:00.000000000,7.97894493915904,53.12181080944994,10668.0,23841.928016066504,212.55019,0.3528876373952259,0.6108852808871219,1.0,0.0,0.0,13.799878948745755
SE300_FL350,2022-03-01 02:02:00.000000000,8.090377316599858,53.22641053966239,10668.0,23841.928016066504,212.54051,0.3559349713743714,0.6161997183094617,1.0,0.0,0.0,13.80011613732471
SE300_FL350,2022-03-01 02:03:00.000000000,8.201794722995709,53.33112242122278,10668.0,23841.928016066504,212.52797,0.36108833905795795,0.6251704050188088,1.0,0.0,0.0,13.800033244616367
SE300_FL350,2022-03-01 02:04:00.000000000,8.313233280726271,53.43592919842136,10668.0,23841.928016066504,212.51147,0.3668536389360931,0.6352193601216427,1.0,0.0,0.0,13.799945514347323
SE300_FL350,2022-03-01 02:05:00.000000000,8.42472747485294,53.54081781028977,10668.0,23841.928016066504,212.49281,0.3688490507734653,0.638752773566148,1.0,0.0,0.0,13.799915365810826
SE300_FL350,2022-03-01 02:06:00.000000000,8.536312692536393,53.64577571103455,10668.0,23841.928016066504,212.47067,0.37123975023995176,0.6429831016751564,1.0,0.0,0.0,13.80011004309586
SE300_FL350,2022-03-01 02:07:00.000000000,8.648028278660536,53.750790832795516,10668.0,23841.928016066504,212.44572,0.38117947178534906,0.6603045757847252,1.0,0.0,0.0,13.800015304799869
SE300_FL350,2022-03-01 02:08:00.000000000,8.759906477778147,53.85584845500265,10668.0,23841.928016066504,212.42458,0.38614734118604044,0.6690010072054057,1.0,0.0,0.0,13.79991564313486
SE300_FL350,2022-03-01 02:09:00.000000000,8.871982232889263,53.96093601106962,10668.0,23841.928016066504,212.40773,0.3875143371010867,0.6714409634714258,1.0,0.0,0.0,13.800004103946796
SE300_FL350,2022-03-01 02:10:00.000000000,8.984295963690094,54.06604108818969,10668.0,23841.928016066504,212.38719,0.39017204049039356,0.6761343532398347,1.0,0.0,0.0,13.800080631551038
SE300_FL350,2022-03-01 02:11:00.000000000,9.096884905918607,54.17115044521283,10668.0,23841.928016066504,212.36903,0.3951822600085648,0.6848972661093261,1.0,0.0,0.0,13.799975069909443
SE300_FL350,2022-03-01 02:12:00.000000000,9.20978021803311,54.27625136209472,10668.0,23841.928016066504,212.36023,0.39421421034590354,0.6832565337260506,1.0,0.0,0.0,13.799864842324851
SE300_FL350,2022-03-01 02:13:00.000000000,9.323017438348389,54.38133146507345,10668.0,23841.928016066504,212.3438,0.3980430767419456,0.6899660846130563,1.0,0.0,0.0,13.800132173225244
SE300_FL350,2022-03-01 02:14:00.000000000,9.436648363691544,54.48637655428334,10668.0,23841.928016066504,212.32887,0.4000303619931033,0.6934777908675326,1.0,0.0,0.0,13.800031613689772
SE300_FL350,2022-03-01 02:15:00.000000000,9.550696513269713,54.59137491446518,10668.0,23841.928016066504,212.31853,0.3993534289472635,0.6923496688037181,1.0,0.0,0.0,13.799916973248944
SE300_FL350,2022-03-01 02:16:00.000000000,9.665197626195663,54.69631414251662,10668.0,23841.928016066504,212.3121,0.3961099650306917,0.6867532506172782,1.0,0.0,0.0,13.800000285525412
SE300_FL350,2022-03-01 02:17:00.000000000,9.780198569347377,54.80118004346924,10668.0,23841.928016066504,212.30309,0.39550639604793264,0.685746494325727,1.0,0.0,0.0,13.800086698051244
SE300_FL350,2022-03-01 02:18:00.000000000,9.895738483326229,54.90595917369293,10668.0,23841.928016066504,212.28767,0.39730668190680823,0.6889366383076257,1.0,0.0,0.0,12.396279145510631
SE300_FL350,2022-03-01 02:18:53.897617080,10.0,55.0,10668.0,23841.928016066504,212.28018,0.39306285319681833,0.6816090816543332,1.0,0.0,0.0,0.0
SE150_FL350,2022-03-01 00:00:00.000000000,-10.000000000000002,45.00000000000001,10668.0,23841.928016066504,212.79758,0.7065500127521043,1.221170295362016,1.0,1.0,1.0,13.800025280721622
SE150_FL350,2022-03-01 00:01:00.000000000,-9.848780362463852,45.06309802296491,10668.0,23841.928016066504,212.74278,0.7042461543842478,1.2176161531960228,1.0,1.0,1.0,13.800023124170625
SE150_FL350,2022-03-01 00:02:00.000000000,-9.69723892593266,45.12601025046198,10668.0,23841.928016066504,212.67305,0.708478634785618,1.2254842667165007,1.0,1.0,1.0,13.800020919334957
SE150_FL350,2022-03-01 00:03:00.000000000,-9.545386915730079,45.18874995403247,10668.0,23841.928016066504,212.61827,0.7123075664669111,1.2325408694715427,1.0,1.0,1.0,13.80001868361511
SE150_FL350,2022-03-01 00:04:00.000000000,-9.393235477429094,45.251330452726556,10668.0,23841.928016066504,212.57393,0.7174357690593931,1.2417709760509048,1.0,1.0,1.0,13.800016434639819
SE150_FL350,2022-03-01 00:05:00.000000000,-9.240795680594678,45.31376510728148,10668.0,23841.928016066504,212.5576,0.7169556952395523,1.2410665677859647,1.0,1.0,1.0,13.800014190107833
SE150_FL350,2022-03-01 00:06:00.000000000,-9.088078522618359,45.376067314269825,10668.0,23841.928016066504,212.5311,0.7218638866989338,1.2497771073641766,1.0,1.0,1.0,13.800011967625645
SE150_FL350,2022-03-01 00:07:00.000000000,-8.935094932619785,45.43825050019791,10668.0,23841.928016066504,212.51147,0.7236835631646359,1.2530823225773455,1.0,1.0,1.0,13.800009784533726
SE150_FL350,2022-03-01 00:08:00.000000000,-8.78185577539008,45.500328115534025,10668.0,23841.928016066504,212.50705,0.7204428947528081,1.2475080522138102,1.0,1.0,1.0,13.80000765772226
SE150_FL350,2022-03-01 00:09:00.000000000,-8.628371855351828,45.56231362864651,10668.0,23841.928016066504,212.48096,0.7147884501461923,1.2379237979411033,1.0,1.0,1.0,13.80000560344844
SE150_FL350,2022-03-01 00:10:00.000000000,-8.474653920510518,45.62422051963216,10668.0,23841.928016066504,212.44775,0.7106984959102406,1.231101914244942,1.0,1.0,1.0,13.800003637143645
SE150_FL350,2022-03-01 00:11:00.000000000,-8.320712666371875,45.68606227401563,10668.0,23841.928016066504,212.40132,0.71048008006949,1.2310900067991717,1.0,1.0,1.0,13.800001773220872
SE150_FL350,2022-03-01 00:12:00.000000000,-8.166558739799713,45.74785237630135,10668.0,23841.928016066504,212.33772,0.7112128881639699,1.2328604505848784,1.0,1.0,1.0,13.800000024891407
SE150_FL350,2022-03-01 00:13:00.000000000,-8.012202742788062,45.80960430335971,10668.0,23841.928016066504,212.28136,0.7067028460855937,1.2254818970514991,1.0,1.0,1.0,13.79999840397277
SE150_FL350,2022-03-01 00:14:00.000000000,-7.857655236121768,45.87133151763049,10668.0,23841.928016066504,212.24765,0.699858078057954,1.213872996360712,1.0,1.0,1.0,13.799996920709697
SE150_FL350,2022-03-01 00:15:00.000000000,-7.702926742899029,45.933047460127014,10668.0,23841.928016066504,212.2262,0.6934258124646908,1.202882649579378,1.0,1.0,1.0,13.799995583611501
SE150_FL350,2022-03-01 00:16:00.000000000,-7.548027751889124,45.99476554322603,10668.0,23841.928016066504,212.22566,0.6871322893982844,1.1919678397937212,1.0,1.0,1.0,13.799994399289552
SE150_FL350,2022-03-01 00:17:00.000000000,-7.392968720698455,46.05649914322893,10668.0,23841.928016066504,212.29008,0.6826164862221805,1.1836520882514088,1.0,1.0,1.0,13.799993372318367
SE150_FL350,2022-03-01 00:18:00.000000000,-7.237760078717368,46.118261592681485,10668.0,23841.928016066504,212.3807,0.6793358305507587,1.1772798538028415,1.0,1.0,1.0,13.799992505114373
SE150_FL350,2022-03-01 00:19:00.000000000,-7.0824122298204,46.18006617244081,10668.0,23841.928016066504,212.48022,0.6770349177841744,1.172542857749127,1.0,1.0,1.0,13.799991797836244
SE150_FL350,2022-03-01 00:20:00.000000000,-6.926935554791905,46.241926103479614,10668.0,23841.928016066504,212.57953,0.6749179212924792,1.1681344460830523,1.0,1.0,1.0,13.799991248309139
SE150_FL350,2022-03-01 00:21:00.000000000,-6.771340413449099,46.303854538419465,10668.0,23841.928016066504,212.69952,0.6688998928443309,1.1568256370725118,1.0,1.0,1.0,13.79999085197143
SE150_FL350,2022-03-01 00:22:00.000000000,-6.615637146434141,46.36586455278655,10668.0,23841.928016066504,212.78996,0.6627464746722408,1.1455183393761705,1.0,1.0,1.0,13.79999060186101
SE150_FL350,2022-03-01 00:23:00.000000000,-6.4598360766471385,46.427969135985755,10668.0,23841.928016066504,212.87524,0.6573838857733223,1.1356252239613478,1.0,1.0,1.0,13.799990488621079
SE150_FL350,2022-03-01 00:24:00.000000000,-6.3039475102915645,46.49018118199037,10668.0,23841.928016066504,212.9453,0.6546998128252072,1.1304762354410305,1.0,1.0,1.0,13.799990500548963
SE150_FL350,2022-03-01 00:25:00.000000000,-6.147981737503878,46.552513479747134,10668.0,23841.928016066504,212.99182,0.6564291910099176,1.133121967195438,1.0,1.0,1.0,13.799990623666508
SE150_FL350,2022-03-01 00:26:00.000000000,-5.991949032539317,46.6149787032986,10668.0,23841.928016066504,213.01807,0.662844190182712,1.1440023898775433,1.0,1.0,1.0,13.799990841836957
SE150_FL350,2022-03-01 00:27:00.000000000,-5.835859653486246,46.67758940162737,10668.0,23841.928016066504,213.02823,0.6735880170758356,1.1624667751672304,1.0,1.0,1.0,13.799991136910966
SE150_FL350,2022-03-01 00:28:00.000000000,-5.679723841481787,46.740357988228865,10668.0,23841.928016066504,213.03131,0.6822333565732613,1.1773636774431282,1.0,1.0,1.0,13.799991488902345
SE150_FL350,2022-03-01 00:29:00.000000000,-5.523551819402239,46.80329673042195,10668.0,23841.928016066504,213.01988,0.6886550780821034,1.1885339683809353,1.0,1.0,1.0,13.799991876206876
SE150_FL350,2022-03-01 00:30:00.000000000,-5.367353790002575,46.86641773840963,10668.0,23841.928016066504,212.997,0.6844725951632397,1.1814906704454147,1.0,1.0,1.0,13.799992275841205
SE150_FL350,2022-03-01 00:31:00.000000000,-5.2111399334805135,46.92973295410445,10668.0,23841.928016066504,212.9626,0.678151630721751,1.1708386301968614,1.0,1.0,1.0,13.799992663719705
SE150_FL350,2022-03-01 00:32:00.000000000,-5.05492040444159,46.993254139735846,10668.0,23841.928016066504,212.91519,0.6682961484204117,1.1541798016168037,1.0,1.0,1.0,13.799993014953047
SE150_FL350,2022-03-01 00:33:00.000000000,-4.89870532824359,47.05699286626,10668.0,23841.928016066504,212.83064,0.6618263652121018,1.1436286120487826,1.0,1.0,1.0,13.799993304171764
SE150_FL350,2022-03-01 00:34:00.000000000,-4.7425047966999045,47.12096050159472,10668.0,23841.928016066504,212.7314,0.6561881831391284,1.1346112311018115,1.0,1.0,1.0,13.79999350586429
SE150_FL350,2022-03-01 00:35:00.000000000,-4.586328863123924,47.185168198705355,10668.0,23841.928016066504,212.60097,0.6485755957304439,1.1223878074092635,1.0,1.0,1.0,13.799993594737066
SE150_FL350,2022-03-01 00:36:00.000000000,-4.430187536698249,47.24962688356991,10668.0,23841.928016066504,212.46786,0.6418023307508658,1.1116121291588996,1.0,1.0,1.0,13.799993546077733
SE150_FL350,2022-03-01 00:37:00.000000000,-4.274090776155365,47.31434724305453,10668.0,23841.928016066504,212.33324,0.637575360204926,1.105242744480063,1.0,1.0,1.0,13.799993336121352
SE150_FL350,2022-03-01 00:38:00.000000000,-4.118048482758973,47.37933971273268,10668.0,23841.928016066504,212.19853,0.6338474121790801,1.0997249060914334,1.0,1.0,1.0,13.799992942424828
SE150_FL350,2022-03-01 00:39:00.000000000,-3.9620704925782735,47.44461446468435,10668.0,23841.928016066504,212.07236,0.6315156180294285,1.0965607491900196,1.0,1.0,1.0,13.7999923442172
SE150_FL350,2022-03-01 00:40:00.000000000,-3.806166568050712,47.510181395313246,10668.0,23841.928016066504,211.98206,0.6287383790034239,1.0923637225744753,1.0,1.0,1.0,13.799991522756148
SE150_FL350,2022-03-01 00:41:00.000000000,-3.6503463888319807,47.57605011322245,10668.0,23841.928016066504,211.90674,0.6256798262713769,1.087570076768505,1.0,1.0,1.0,13.799990461647935
SE150_FL350,2022-03-01 00:42:00.000000000,-3.4946195419363453,47.64222992719104,10668.0,23841.928016066504,211.83836,0.6230984478820044,1.083550234817215,1.0,1.0,1.0,13.799989147153058
SE150_FL350,2022-03-01 00:43:00.000000000,-3.3389955111735663,47.708729834295355,10668.0,23841.928016066504,211.79337,0.6196894622688536,1.0779317351961102,1.0,1.0,1.0,13.79998756845803
SE150_FL350,2022-03-01 00:44:00.000000000,-3.1834836658934074,47.775558508220634,10668.0,23841.928016066504,211.75021,0.6177355122066065,1.074823969703664,1.0,1.0,1.0,13.79998571790615
SE150_FL350,2022-03-01 00:45:00.000000000,-3.0280932490527612,47.84272428780939,10668.0,23841.928016066504,211.71288,0.6172456489173911,1.0742256971061115,1.0,1.0,1.0,13.799983591199357
SE150_FL350,2022-03-01 00:46:00.000000000,-2.872833364624784,47.91023516589412,10668.0,23841.928016066504,211.67966,0.6181865386527415,1.0760897510094491,1.0,1.0,1.0,13.799981187540997
SE150_FL350,2022-03-01 00:47:00.000000000,-2.7177129643741873,47.97809877846222,10668.0,23841.928016066504,211.64874,0.6199058812664616,1.079291933526535,1.0,1.0,1.0,13.799978509741795
SE150_FL350,2022-03-01 00:48:00.000000000,-2.562740834027267,48.046322394201255,10668.0,23841.928016066504,211.62509,0.6220872726454509,1.0832504291350988,1.0,1.0,1.0,13.799975564268491
SE150_FL350,2022-03-01 00:49:00.000000000,-2.407925578869879,48.11491290447256,10668.0,23841.928016066504,211.59695,0.6225125072351299,1.0841863781471044,1.0,1.0,1.0,13.799972361242325
SE150_FL350,2022-03-01 00:50:00.000000000,-2.2532756088113697,48.18387681376056,10668.0,23841.928016066504,211.56404,0.6226769840088686,1.0846957177481367,1.0,1.0,1.0,13.799968914382415
SE150_FL350,2022-03-01 00:51:00.000000000,-2.0987991229566814,48.25322023064404,10668.0,23841.928016066504,211.5206,0.6237910421593389,1.086930884498933,1.0,1.0,1.0,13.799965240897679
SE150_FL350,2022-03-01 00:52:00.000000000,-1.9445040937337181,48.3229488593347,10668.0,23841.928016066504,211.49655,0.6268543960481453,1.092434901126478,1.0,1.0,1.0,13.799961361323575
SE150_FL350,2022-03-01 00:53:00.000000000,-1.7903982506269553,48.393067991826065,10668.0,23841.928016066504,211.50146,0.633506266014926,1.1039931873390765,1.0,1.0,1.0,13.799957299309654
SE150_FL350,2022-03-01 00:54:00.000000000,-1.6364890635725675,48.46358250069396,10668.0,23841.928016066504,211.51378,0.6388955663766045,1.1133009977200248,1.0,1.0,1.0,13.799953081365691
SE150_FL350,2022-03-01 00:55:00.000000000,-1.482783726073991,48.534496832587074,10668.0,23841.928016066504,211.53482,0.6425602824680617,1.1195356343764646,1.0,1.0,1.0,13.799948736550181
SE150_FL350,2022-03-01 00:56:00.000000000,-1.3292891381006948,48.60581500244348,10668.0,23841.928016066504,211.59906,0.6433227048075173,1.120412063149994,1.0,1.0,1.0,13.79996224359886
SE150_FL350,2022-03-01 00:57:00.000000000,-1.176012199022902,48.677541157964725,10668.0,23841.928016066504,211.65099,0.6444963827868951,1.1220918195876983,1.0,1.0,1.0,13.800015850398514
SE150_FL350,2022-03-01 00:58:00.000000000,-1.022959909011004,48.74967973493967,10668.0,23841.928016066504,211.69951,0.6473304823726171,1.1266804794264913,1.0,1.0,1.0,13.800011280819982
SE150_FL350,2022-03-01 00:59:00.000000000,-0.8701372214611162,48.82223162470867,10668.0,23841.928016066504,211.7538,0.6531305667969735,1.1363836684827944,1.0,1.0,1.0,13.800006501605102
SE150_FL350,2022-03-01 01:00:00.000000000,-0.7175496815727354,48.89519906140205,10668.0,23841.928016066504,211.79715,0.6601710648964147,1.1483183992404267,1.0,1.0,1.0,13.800001555312974
SE150_FL350,2022-03-01 01:01:00.000000000,-0.5652024537904219,48.96858383001156,10668.0,23841.928016066504,211.80745,0.6682724175814171,1.1623346858439503,1.0,1.0,1.0,13.79999648581086
SE150_FL350,2022-03-01 01:02:00.000000000,-0.4131003048958678,49.04238726558329,10668.0,23841.928016066504,211.80032,0.6762247882936037,1.176220371705405,1.0,1.0,1.0,13.799991337765992
SE150_FL350,2022-03-01 01:03:00.000000000,-0.2612475873906203,49.116610253279745,10668.0,23841.928016066504,211.77498,0.6839248550874936,1.1898031578976573,1.0,1.0,1.0,13.7999861561264
SE150_FL350,2022-03-01 01:04:00.000000000,-0.1096482232436474,49.1912532293119,10668.0,23841.928016066504,211.72495,0.6942699041831236,1.2081831366522087,1.0,1.0,1.0,13.799980985617015
SE150_FL350,2022-03-01 01:05:00.000000000,0.041694311923352705,49.266316182737384,10668.0,23841.928016066504,211.67532,0.6981024520747832,1.2152322972392742,1.0,1.0,1.0,13.799975870245795
SE150_FL350,2022-03-01 01:06:00.000000000,0.19277700414136667,49.341798658116055,10668.0,23841.928016066504,211.64676,0.6796126553202914,1.1832590105226144,1.0,1.0,1.0,13.799970852837674
SE150_FL350,2022-03-01 01:07:00.000000000,0.3435973158213465,49.41769975900875,10668.0,23841.928016066504,211.62389,0.6634893250240684,1.1553535963305785,1.0,1.0,1.0,13.79996597459641
SE150_FL350,2022-03-01 01:08:00.000000000,0.49415319983679507,49.49401815230074,10668.0,23841.928016066504,211.60077,0.6472417134316812,1.1272276640604684,1.0,1.0,1.0,13.799961274703167
SE150_FL350,2022-03-01 01:09:00.000000000,0.6444431128990113,49.5707520733261,10668.0,23841.928016066504,211.59274,0.6315419018976443,1.0999384570565456,1.0,1.0,1.0,13.799956789951366
SE150_FL350,2022-03-01 01:10:00.000000000,0.7944660281656921,49.647899331764975,10668.0,23841.928016066504,211.58675,0.6195134964948917,1.0790302241619305,1.0,1.0,1.0,13.799952554435153
SE150_FL350,2022-03-01 01:11:00.000000000,0.9442214470284372,49.72545731828128,10668.0,23841.928016066504,211.58038,0.6150541873905148,1.0713052909393173,1.0,1.0,1.0,13.799948599276675
SE150_FL350,2022-03-01 01:12:00.000000000,1.0937094100288882,49.803423011864275,10668.0,23841.928016066504,211.56755,0.6152704082222048,1.0717689593842332,1.0,1.0,1.0,13.79994495241215
SE150_FL350,2022-03-01 01:13:00.000000000,1.2429305068591834,49.8817929878337,10668.0,23841.928016066504,211.55902,0.616123998508245,1.0733120799688032,1.0,1.0,1.0,13.799943970232082
SE150_FL350,2022-03-01 01:14:00.000000000,1.391885839203061,49.9605634958069,10668.0,23841.928016066504,211.56204,0.6194557734621778,1.07909656811175,1.0,1.0,1.0,13.800018164069398
SE150_FL350,2022-03-01 01:15:00.000000000,1.5405756538199646,50.039732525500625,10668.0,23841.928016066504,211.56728,0.6234604687514763,1.0860386250153513,1.0,1.0,1.0,13.800012779561797
SE150_FL350,2022-03-01 01:16:00.000000000,1.689003811745885,50.119293133097386,10668.0,23841.928016066504,211.58466,0.6239007216096937,1.086687121456452,1.0,1.0,1.0,13.800007711970267
SE150_FL350,2022-03-01 01:17:00.000000000,1.8371731915099507,50.19924036232172,10668.0,23841.928016066504,211.6154,0.6213614460717103,1.0820533575651237,1.0,1.0,1.0,13.800002984178791
SE150_FL350,2022-03-01 01:18:00.000000000,1.985087255414262,50.279568902342035,10668.0,23841.928016066504,211.64807,0.6193228135843682,1.0782816018387926,1.0,1.0,1.0,13.79999861501331
SE150_FL350,2022-03-01 01:19:00.000000000,2.1327500533276282,50.36027309878075,10668.0,23841.928016066504,211.67418,0.6190723835180536,1.077668299545944,1.0,1.0,1.0,13.799994619263725
SE150_FL350,2022-03-01 01:20:00.000000000,2.2801662254169526,50.44134696502648,10668.0,23841.928016066504,211.69144,0.6212019568489411,1.081256698509976,1.0,1.0,1.0,13.799991007751949
SE150_FL350,2022-03-01 01:21:00.000000000,2.4273410038207826,50.52278419379153,10668.0,23841.928016066504,211.69737,0.6259033354882256,1.0893988570499502,1.0,1.0,1.0,13.799987787443316
SE150_FL350,2022-03-01 01:22:00.000000000,2.5742802132739526,50.604578168858964,10668.0,23841.928016066504,211.68439,0.6303242255573865,1.0971820099440446,1.0,1.0,1.0,13.799984961591031
SE150_FL350,2022-03-01 01:23:00.000000000,2.720990270699007,50.686721976962986,10668.0,23841.928016066504,211.65396,0.6352170116165274,1.1059114498896254,1.0,1.0,1.0,13.79998252990439
SE150_FL350,2022-03-01 01:24:00.000000000,2.8674781837846655,50.769208419747585,10668.0,23841.928016066504,211.61641,0.6394486224432125,1.1135454856692384,1.0,1.0,1.0,13.79998048874809
SE150_FL350,2022-03-01 01:25:00.000000000,3.013751548576857,50.85203002574966,10668.0,23841.928016066504,211.57509,0.6432291418729584,1.1204204069448829,1.0,1.0,1.0,13.799978831356217
SE150_FL350,2022-03-01 01:26:00.000000000,3.1598185461124664,50.935179062353996,10668.0,23841.928016066504,211.53549,0.6406649550301576,1.116232729227806,1.0,1.0,1.0,13.79997754806047
SE150_FL350,2022-03-01 01:27:00.000000000,3.3056879381298114,51.0186475476696,10668.0,23841.928016066504,211.50641,0.6357350202362501,1.1078453351116921,1.0,1.0,1.0,13.799976626528416
SE150_FL350,2022-03-01 01:28:00.000000000,3.451369061894234,51.10242726227889,10668.0,23841.928016066504,211.49521,0.6275329422257554,1.093628763090743,1.0,1.0,1.0,13.799976052009184
SE150_FL350,2022-03-01 01:29:00.000000000,3.596871824179734,51.18650976081355,10668.0,23841.928016066504,211.48816,0.6182860414547277,1.0775599333172616,1.0,1.0,1.0,13.79997580757543
SE150_FL350,2022-03-01 01:30:00.000000000,3.7422066944510983,51.27088638331356,10668.0,23841.928016066504,211.48344,0.6085523518443763,1.0606289469514614,1.0,1.0,1.0,13.799975874366709
SE150_FL350,2022-03-01 01:31:00.000000000,3.8873846972928505,51.35554826632859,10668.0,23841.928016066504,211.54114,0.5976318821870038,1.0412188894439751,1.0,1.0,1.0,13.799976231823901
SE150_FL350,2022-03-01 01:32:00.000000000,4.032417404133353,51.44048635372388,10668.0,23841.928016066504,211.59528,0.5874742105950379,1.0231726288776741,1.0,1.0,1.0,13.799976857923344
SE150_FL350,2022-03-01 01:33:00.000000000,4.17731692431389,51.525691407155904,10668.0,23841.928016066504,211.64206,0.5776953518705302,1.0058432612777028,1.0,1.0,1.0,13.79997772939002
SE150_FL350,2022-03-01 01:34:00.000000000,4.322095895553423,51.611154016185885,10668.0,23841.928016066504,211.69524,0.5660686577664258,0.9852710408526454,1.0,0.0,0.0,13.799978821916332
SE150_FL350,2022-03-01 01:35:00.000000000,4.466767473859694,51.69686460800298,10668.0,23841.928016066504,211.74608,0.5535323483361662,0.9631392585368478,1.0,0.0,0.0,13.79998011034861
SE150_FL350,2022-03-01 01:36:00.000000000,4.61134532293813,51.78281345673147,10668.0,23841.928016066504,211.77415,0.5467717860191051,0.9512092411540357,1.0,0.0,0.0,13.799981568886242
SE150_FL350,2022-03-01 01:37:00.000000000,4.755843603148792,51.86899069230014,10668.0,23841.928016066504,211.78691,0.54022300961886,0.9397386583839876,1.0,0.0,0.0,13.79998317125147
SE150_FL350,2022-03-01 01:38:00.000000000,4.9002769600611895,51.95538630885467,10668.0,23841.928016066504,211.79974,0.5369459479587905,0.9339626566588813,1.0,0.0,0.0,13.799984890852482
SE150_FL350,2022-03-01 01:39:00.000000000,5.044660512655349,52.041990172697254,10668.0,23841.928016066504,211.79968,0.5354420998567303,0.9313479641025149,1.0,0.0,0.0,13.799986700946327
SE150_FL350,2022-03-01 01:40:00.000000000,5.189009841215732,52.12879202974077,10668.0,23841.928016066504,211.78459,0.5377688760451733,0.9354830043182923,1.0,0.0,0.0,13.799988574784994
SE150_FL350,2022-03-01 01:41:00.000000000,5.33334097496334,52.2157815124673,10668.0,23841.928016066504,211.75537,0.5426510288182074,0.9441503848363804,1.0,0.0,0.0,13.799990485753726
SE150_FL350,2022-03-01 01:42:00.000000000,5.477670379467894,52.30294814638437,10668.0,23841.928016066504,211.71692,0.5493776485168259,0.9560873726980466,1.0,0.0,0.0,13.799992407510803
SE150_FL350,2022-03-01 01:43:00.000000000,5.622014943881001,52.390281355974025,10668.0,23841.928016066504,211.66833,0.5573615949245055,0.970279694847772,1.0,0.0,0.0,13.79999431411892
SE150_FL350,2022-03-01 01:44:00.000000000,5.766391968026885,52.477770470133564,10668.0,23841.928016066504,211.61809,0.5650814780479715,0.98403019349331,1.0,0.0,0.0,13.799996180175784
SE150_FL350,2022-03-01 01:45:00.000000000,5.910819149385742,52.565404727108,10668.0,23841.928016066504,211.575,0.5712845535171855,0.9951012450596768,1.0,0.0,0.0,13.799997980946767
SE150_FL350,2022-03-01 01:46:00.000000000,6.055314570000713,52.65317327891751,10668.0,23841.928016066504,211.53911,0.5770012515643304,1.0052872078392574,1.0,1.0,1.0,13.799999692491834
SE150_FL350,2022-03-01 01:47:00.000000000,6.19989668333652,52.74106519528474,10668.0,23841.928016066504,211.51158,0.5817945171915317,1.0138134444851106,1.0,1.0,1.0,13.80000129179735
SE150_FL350,2022-03-01 01:48:00.000000000,6.344584301114556,52.829069467069175,10668.0,23841.928016066504,211.5234,0.5785474263286713,1.0080797202063883,1.0,1.0,1.0,13.800002756917273
SE150_FL350,2022-03-01 01:49:00.000000000,6.48939658014588,52.91717500921703,10668.0,23841.928016066504,211.55211,0.5753004397745791,1.0022401148453526,1.0,1.0,1.0,13.800004067102952
SE150_FL350,2022-03-01 01:50:00.000000000,6.634353009179616,53.00537066323756,10668.0,23841.928016066504,211.5907,0.5738169181353846,0.9994135597358306,1.0,0.0,0.0,13.80000520294991
SE150_FL350,2022-03-01 01:51:00.000000000,6.779473395781127,53.09364519921752,10668.0,23841.928016066504,211.64343,0.5660254246398637,0.9855170485954056,1.0,0.0,0.0,13.800006146536646
SE150_FL350,2022-03-01 01:52:00.000000000,6.924777853250975,53.18198731738731,10668.0,23841.928016066504,211.73975,0.5440518593927749,0.9466808379042931,1.0,0.0,0.0,13.80000688157544
SE150_FL350,2022-03-01 01:53:00.000000000,7.070286787591492,53.270385649253456,10668.0,23841.928016066504,211.83208,0.5265015985530899,0.915608011554728,1.0,0.0,0.0,13.800007393558275
SE150_FL350,2022-03-01 01:54:00.000000000,7.216020884525191,53.35882875831312,10668.0,23841.928016066504,211.92375,0.511522165866377,0.8890427474464186,1.0,0.0,0.0,13.800007669900015
SE150_FL350,2022-03-01 01:55:00.000000000,7.3620010965652085,53.44730514036748,10668.0,23841.928016066504,212.00702,0.49089564056883767,0.8527423388252126,1.0,0.0,0.0,13.800007700096462
SE150_FL350,2022-03-01 01:56:00.000000000,7.508248630134886,53.53580322345174,10668.0,23841.928016066504,212.0854,0.4700701421111816,0.8161598183799509,1.0,0.0,0.0,13.800007475854803
SE150_FL350,2022-03-01 01:57:00.000000000,7.654784932730397,53.62431136740005,10668.0,23841.928016066504,212.14243,0.45267925015389987,0.7856794929086113,1.0,0.0,0.0,13.800006991241453
SE150_FL350,2022-03-01 01:58:00.000000000,7.801631680117048,53.712817863064856,10668.0,23841.928016066504,212.1879,0.43681986566031755,0.7579354241847095,1.0,0.0,0.0,13.800006242806354
SE150_FL350,2022-03-01 01:59:00.000000000,7.948810763547113,53.80131093121019,10668.0,23841.928016066504,212.21028,0.4224181054456696,0.7328406575227933,1.0,0.0,0.0,13.800005229709964
SE150_FL350,2022-03-01 02:00:00.000000000,8.096344276983887,53.889778721099525,10668.0,23841.928016066504,212.22197,0.41416716506216245,0.7184736035696557,1.0,0.0,0.0,13.800003953824296
SE150_FL350,2022-03-01 02:01:00.000000000,8.244254504314016,53.97820930879907,10668.0,23841.928016066504,212.22867,0.40903618722648705,0.7095422876884989,1.0,0.0,0.0,13.80000241982998
SE150_FL350,2022-03-01 02:02:00.000000000,8.392563906527803,54.06659069521786,10668.0,23841.928016066504,212.22247,0.4001411885441565,0.6941397173958536,1.0,0.0,0.0,13.800000635287429
SE150_FL350,2022-03-01 02:03:00.000000000,8.541295108844203,54.15491080390644,10668.0,23841.928016066504,212.21707,0.39261054815461616,0.6810989224967694,1.0,0.0,0.0,13.79999861068731
SE150_FL350,2022-03-01 02:04:00.000000000,8.690470887755579,54.24315747863636,10668.0,23841.928016066504,212.2168,0.3873981079513729,0.6720581685256752,1.0,0.0,0.0,13.799996359482744
SE150_FL350,2022-03-01 02:05:00.000000000,8.840114157964688,54.3313184807831,10668.0,23841.928016066504,212.21867,0.3905110691018708,0.6774501226632493,1.0,0.0,0.0,13.799993898086694
SE150_FL350,2022-03-01 02:06:00.000000000,8.990247959184734,54.41938148653517,10668.0,23841.928016066504,212.2234,0.38903152714202405,0.6748639014075344,1.0,0.0,0.0,13.799991245846577
SE150_FL350,2022-03-01 02:07:00.000000000,9.140895442771445,54.50733408395296,10668.0,23841.928016066504,212.23729,0.3892271813768918,0.6751433352883603,1.0,0.0,0.0,13.799988424983786
SE150_FL350,2022-03-01 02:08:00.000000000,9.292079858154782,54.595163769900566,10668.0,23841.928016066504,212.25096,0.3932588632950622,0.6820763890912275,1.0,0.0,0.0,13.799985460504125
SE150_FL350,2022-03-01 02:09:00.000000000,9.443824539036145,54.682857946874975,10668.0,23841.928016066504,212.26595,0.3911694352957989,0.6783875740624703,1.0,0.0,0.0,13.79998238006007
SE150_FL350,2022-03-01 02:10:00.000000000,9.596152889316482,54.770403919756546,10668.0,23841.928016066504,212.28331,0.3885106820838557,0.6737028595297594,1.0,0.0,0.0,13.799979213805697
SE150_FL350,2022-03-01 02:11:00.000000000,9.749088368719127,54.85778889250587,10668.0,23841.928016066504,212.29922,0.39251624233935817,0.6805789285059852,1.0,0.0,0.0,13.79997599417574
SE150_FL350,2022-03-01 02:12:00.000000000,9.902654478070929,54.944999964831716,10668.0,23841.928016066504,212.3042,0.39403222292942575,0.6831857633585628,1.0,0.0,0.0,8.71787688339356
SE150_FL350,2022-03-01 02:12:37.904240283,10.0,55.0,10668.0,23841.928016066504,212.31227,0.39103885946075134,0.6779604971583311,1.0,0.0,0.0,0.0
GC0_FL350,2022-03-01 00:00:00.000000000,-10.000000000000002,45.00000000000001,10668.0,23841.928016066504,212.79758,0.7065500127521043,1.221170295362016,1.0,1.0,1.0,13.800031261260088
GC0_FL350,2022-03-01 00:01:00.000000000,-9.876312021826006,45.08811854334467,10668.0,23841.928016066504,212.75504,0.6988987390869491,1.208277842202379,1.0,1.0,1.0,13.800027623894355
GC0_FL350,2022-03-01 00:02:00.000000000,-9.752242252140906,45.176103215944366,10668.0,23841.928016066504,212.67044,0.7042565840529517,1.2182053461010267,1.0,1.0,1.0,13.800023933454368
GC0_FL350,2022-03-01 00:03:00.000000000,-9.627788920452794,45.263953191638386,10668.0,23841.928016066504,212.62018,0.7054031489060161,1.2205817606647038,1.0,1.0,1.0,13.800020189682812
GC0_FL350,2022-03-01 00:04:00.000000000,-9.5029502525583,45.351667639156055,10668.0,23841.928016066504,212.61128,0.7000072067514523,1.2113101791540022,1.0,1.0,1.0,13.800016392336534
GC0_FL350,2022-03-01 00:05:00.000000000,-9.377724470626134,45.439245722091066,10668.0,23841.928016066504,212.58768,0.6986661078509029,1.2091740730698974,1.0,1.0,1.0,13.800012541176311
GC0_FL350,2022-03-01 00:06:00.000000000,-9.252109793282935,45.52668659887586,10668.0,23841.928016066504,212.54047,0.7042111473226219,1.2191381237405636,1.0,1.0,1.0,13.800008635971807
GC0_FL350,2022-03-01 00:07:00.000000000,-9.126104435701345,45.613989422756205,10668.0,23841.928016066504,212.5646,0.6960600508061291,1.2048407590813237,1.0,1.0,1.0,13.800004676501466
GC0_FL350,2022-03-01 00:08:00.000000000,-8.999706609690397,45.701153341765824,10668.0,23841.928016066504,212.5448,0.6926582093134472,1.199107610905931,1.0,1.0,1.0,13.800000662551579
GC0_FL350,2022-03-01 00:09:00.000000000,-8.872914523788092,45.7881774987011,10668.0,23841.928016066504,212.53818,0.6772232515980582,1.172436324743382,1.0,1.0,1.0,13.799996593917113
GC0_FL350,2022-03-01 00:10:00.000000000,-8.745726383356452,45.87506103109597,10668.0,23841.928016066504,212.53307,0.6578919052191261,1.139007728927458,1.0,1.0,1.0,13.799992470403737
GC0_FL350,2022-03-01 00:11:00.000000000,-8.618140390678803,45.96180307119685,10668.0,23841.928016066504,212.48705,0.6468114232888615,1.1201522361902145,1.0,1.0,1.0,13.799988291825057
GC0_FL350,2022-03-01 00:12:00.000000000,-8.490154745059604,46.04840274593778,10668.0,23841.928016066504,212.4109,0.6412535923821946,1.1110680713409111,1.0,1.0,1.0,13.799984058004643
GC0_FL350,2022-03-01 00:13:00.000000000,-8.36176764292664,46.13485917691566,10668.0,23841.928016066504,212.3545,0.6377880207082928,1.1054617510570257,1.0,1.0,1.0,13.799979768777922
GC0_FL350,2022-03-01 00:14:00.000000000,-8.232977277935733,46.22117148036564,10668.0,23841.928016066504,212.27007,0.6377971080725664,1.1060729858070073,1.0,1.0,1.0,13.79997542398953
GC0_FL350,2022-03-01 00:15:00.000000000,-8.103781841077932,46.30733876713662,10668.0,23841.928016066504,212.26569,0.6296912268526225,1.0920474610473783,1.0,1.0,1.0,13.799971023496427
GC0_FL350,2022-03-01 00:16:00.000000000,-7.974179520789293,46.39336014266697,10668.0,23841.928016066504,212.28479,0.622238728956091,1.0789909502307886,1.0,1.0,1.0,13.799966567164596
GC0_FL350,2022-03-01 00:17:00.000000000,-7.844168503063274,46.47923470696041,10668.0,23841.928016066504,212.33519,0.6145502245375661,1.0653160300194846,1.0,1.0,1.0,13.8000335506074
GC0_FL350,2022-03-01 00:18:00.000000000,-7.713744387039283,46.56496062297613,10668.0,23841.928016066504,212.4526,0.5997837868942885,1.038937578746907,1.0,1.0,1.0,13.800029833224963
GC0_FL350,2022-03-01 00:19:00.000000000,-7.582907908106713,46.65053789712994,10668.0,23841.928016066504,212.60852,0.5814660161187906,1.0062038004266662,1.0,1.0,1.0,13.800025836216795
GC0_FL350,2022-03-01 00:20:00.000000000,-7.451657253716138,46.73596561579989,10668.0,23841.928016066504,212.75793,0.5643124078015495,0.975581019496974,1.0,0.0,0.0,13.800021784046535
GC0_FL350,2022-03-01 00:21:00.000000000,-7.319990601234423,46.82124285691214,10668.0,23841.928016066504,212.95792,0.5429373190609548,0.9374203782932816,1.0,0.0,0.0,13.800017676565119
GC0_FL350,2022-03-01 00:22:00.000000000,-7.187906126190921,46.90636869283971,10668.0,23841.928016066504,213.15582,0.5222990036333629,0.9006316413976473,1.0,0.0,0.0,13.800013513633964
GC0_FL350,2022-03-01 00:23:00.000000000,-7.0554020024062,46.99134219037952,10668.0,23841.928016066504,213.33249,0.503131338660366,0.8665827488635919,1.0,0.0,0.0,13.800009295126483
GC0_FL350,2022-03-01 00:24:00.000000000,-6.922476402123702,47.07616241072962,10668.0,23841.928016066504,213.53615,0.4850427655753734,0.8343188885187909,1.0,0.0,0.0,13.800005020927465
GC0_FL350,2022-03-01 00:25:00.000000000,-6.789127496144292,47.16082840946671,10668.0,23841.928016066504,213.71832,0.47030121285986476,0.8079976132434995,1.0,0.0,0.0,13.800000690938065
GC0_FL350,2022-03-01 00:26:00.000000000,-6.655353453963729,47.24533923652389,10668.0,23841.928016066504,213.83318,0.4666035673843172,0.8010425406635431,1.0,0.0,0.0,13.799996305067978
GC0_FL350,2022-03-01 00:27:00.000000000,-6.521152443913118,47.32969393616862,10668.0,23841.928016066504,213.93675,0.4645710185774058,0.7970091843992038,1.0,0.0,0.0,13.799991863244522
GC0_FL350,2022-03-01 00:28:00.000000000,-6.386522633302341,47.41389154698097,10668.0,23841.928016066504,214.0012,0.46782344951090615,0.8022480683996341,1.0,0.0,0.0,13.799987365406142
GC0_FL350,2022-03-01 00:29:00.000000000,-6.251462188566615,47.49793110183218,10668.0,23841.928016066504,214.00562,0.4762955069868783,0.8167510507241569,1.0,0.0,0.0,13.79998281150992
GC0_FL350,2022-03-01 00:30:00.000000000,-6.1159692754160595,47.58181162786344,10668.0,23841.928016066504,213.9913,0.4867239871914986,0.8347133295667194,1.0,0.0,0.0,13.799978201523881
GC0_FL350,2022-03-01 00:31:00.000000000,-5.980042058988454,47.66553214646499,10668.0,23841.928016066504,213.9553,0.4984638885806452,0.8550520674347433,1.0,0.0,0.0,13.799973535432741
GC0_FL350,2022-03-01 00:32:00.000000000,-5.84367870400512,47.74909167325553,10668.0,23841.928016066504,213.86674,0.5123321485592457,0.8793526398584832,1.0,0.0,0.0,13.799968813237534
GC0_FL350,2022-03-01 00:33:00.000000000,-5.70687737493005,47.832489218061895,10668.0,23841.928016066504,213.76524,0.52722968863673,0.9055258576701468,1.0,0.0,0.0,13.799964034957233
GC0_FL350,2022-03-01 00:34:00.000000000,-5.569636236132259,47.91572378489917,10668.0,23841.928016066504,213.6663,0.5404781029100546,0.9288820618564263,1.0,0.0,0.0,13.800035855280361
GC0_FL350,2022-03-01 00:35:00.000000000,-5.431950681045849,47.9987933410855,10668.0,23841.928016066504,213.55104,0.5538112506151008,0.9525178421246113,1.0,0.0,0.0,13.80003208062314
GC0_FL350,2022-03-01 00:36:00.000000000,-5.2938216052343305,48.08169789082298,10668.0,23841.928016066504,213.42822,0.5633766371444004,0.9697444177785262,1.0,0.0,0.0,13.800027766635571
GC0_FL350,2022-03-01 00:37:00.000000000,-5.155247191271525,48.164436426955106,10668.0,23841.928016066504,213.30167,0.5731489852955048,0.9873774839539495,1.0,0.0,0.0,13.800023396612284
GC0_FL350,2022-03-01 00:38:00.000000000,-5.016225604851381,48.24700792994952,10668.0,23841.928016066504,213.16057,0.586655064008335,1.0115734681994948,1.0,1.0,1.0,13.800018970545228
GC0_FL350,2022-03-01 00:39:00.000000000,-4.876755012439158,48.329411374367055,10668.0,23841.928016066504,213.0124,0.5956444345896835,1.0280607338818646,1.0,1.0,1.0,13.800014488442477
GC0_FL350,2022-03-01 00:40:00.000000000,-4.7368335814541895,48.411645728843965,10668.0,23841.928016066504,212.8628,0.6081289999794603,1.0506220934657517,1.0,1.0,1.0,13.800009950331221
GC0_FL350,2022-03-01 00:41:00.000000000,-4.596459480456218,48.493709956074575,10668.0,23841.928016066504,212.73242,0.609309100655834,1.053542201588993,1.0,1.0,1.0,13.800005356252322
GC0_FL350,2022-03-01 00:42:00.000000000,-4.455630879335287,48.57560301279429,10668.0,23841.928016066504,212.6032,0.609545735234866,1.0548283039493385,1.0,1.0,1.0,13.800000706269127
GC0_FL350,2022-03-01 00:43:00.000000000,-4.314345949505185,48.6573238497631,10668.0,23841.928016066504,212.48686,0.6120205572391672,1.059904410330893,1.0,1.0,1.0,13.799996000461707
GC0_FL350,2022-03-01 00:44:00.000000000,-4.172602864100605,48.73887141174949,10668.0,23841.928016066504,212.37561,0.6155628670190225,1.0667963863822594,1.0,1.0,1.0,13.799991238929968
GC0_FL350,2022-03-01 00:45:00.000000000,-4.030399798177934,48.8202446375148,10668.0,23841.928016066504,212.26122,0.6152843785757299,1.0670934778853671,1.0,1.0,1.0,13.79998642179239
GC0_FL350,2022-03-01 00:46:00.000000000,-3.8877349289197967,48.901442459798034,10668.0,23841.928016066504,212.17278,0.6123941518763123,1.0626790062913816,1.0,1.0,1.0,13.799981549189066
GC0_FL350,2022-03-01 00:47:00.000000000,-3.744606435843342,48.98246380530123,10668.0,23841.928016066504,212.07922,0.6101689475537856,1.0594477611807782,1.0,1.0,1.0,13.799976621281434
GC0_FL350,2022-03-01 00:48:00.000000000,-3.601012501012314,49.06330759467523,10668.0,23841.928016066504,212.01654,0.6072769712505,1.0548454440182675,1.0,1.0,1.0,13.799971638251657
GC0_FL350,2022-03-01 00:49:00.000000000,-3.456951309253031,49.14397274250603,10668.0,23841.928016066504,211.95123,0.6054797410652601,1.0521624450476124,1.0,1.0,1.0,13.799966600302653
GC0_FL350,2022-03-01 00:50:00.000000000,-3.312421048374104,49.22445815730157,10668.0,23841.928016066504,211.88344,0.6051239113413901,1.0519941479439086,1.0,1.0,1.0,13.799961507663523
GC0_FL350,2022-03-01 00:51:00.000000000,-3.1674199093902,49.304762741479145,10668.0,23841.928016066504,211.8305,0.6061169646032092,1.054073803754847,1.0,1.0,1.0,13.80003811560671
GC0_FL350,2022-03-01 00:52:00.000000000,-3.021943131385752,49.3848842512864,10668.0,23841.928016066504,211.7788,0.6094465475613521,1.0602091540172234,1.0,1.0,1.0,13.80003431143209
GC0_FL350,2022-03-01 00:53:00.000000000,-2.875991817593982,49.46482269242153,10668.0,23841.928016066504,211.73007,0.6114748969136924,1.064065288906415,1.0,1.0,1.0,13.80002967563927
GC0_FL350,2022-03-01 00:54:00.000000000,-2.7295641981544376,49.54457695964448,10668.0,23841.928016066504,211.68349,0.6110799975930387,1.0636930510745377,1.0,1.0,1.0,13.800024984324816
GC0_FL350,2022-03-01 00:55:00.000000000,-2.582658479303576,49.62414593078313,10668.0,23841.928016066504,211.6452,0.6090956343903623,1.060496161576817,1.0,1.0,1.0,13.800020237683322
GC0_FL350,2022-03-01 00:56:00.000000000,-2.435272871668278,49.703528477519875,10668.0,23841.928016066504,211.59657,0.6052985683664273,1.0542063664192465,1.0,1.0,1.0,13.800015435926571
GC0_FL350,2022-03-01 00:57:00.000000000,-2.2874055905140325,49.78272346538261,10668.0,23841.928016066504,211.58035,0.5949930629744397,1.0363631056623057,1.0,1.0,1.0,13.800010579292724
GC0_FL350,2022-03-01 00:58:00.000000000,-2.139054855997014,49.86172975373617,10668.0,23841.928016066504,211.57486,0.5850765146240193,1.0191266564666528,1.0,1.0,1.0,13.80000566804335
GC0_FL350,2022-03-01 00:59:00.000000000,-1.990218893420634,49.940546195774644,10668.0,23841.928016066504,211.5523,0.5769953552298372,1.0051930710051715,1.0,1.0,1.0,13.800000702464757
GC0_FL350,2022-03-01 01:00:00.000000000,-1.840895933496165,50.01917163851421,10668.0,23841.928016066504,211.55833,0.5704885155592547,0.9938199220788975,1.0,0.0,0.0,13.799995682868577
GC0_FL350,2022-03-01 01:01:00.000000000,-1.6910842126076457,50.09760492278672,10668.0,23841.928016066504,211.58784,0.5666547963370261,0.9869582638504719,1.0,0.0,0.0,13.799990609591623
GC0_FL350,2022-03-01 01:02:00.000000000,-1.540781973081079,50.17584488323394,10668.0,23841.928016066504,211.6173,0.564318284537828,0.9827040508478,1.0,0.0,0.0,13.799985482999908
GC0_FL350,2022-03-01 01:03:00.000000000,-1.3899874634580285,50.2538903483026,10668.0,23841.928016066504,211.65369,0.5635347924226096,0.9811153759601581,1.0,0.0,0.0,13.799980303483485
GC0_FL350,2022-03-01 01:04:00.000000000,-1.2386989387734455,50.33174014024005,10668.0,23841.928016066504,211.70186,0.5641083930844408,0.9818146218903314,1.0,0.0,0.0,13.799975071460995
GC0_FL350,2022-03-01 01:05:00.000000000,-1.0869146608380469,50.409393075090854,10668.0,23841.928016066504,211.75479,0.5577099417203457,0.9703544730877369,1.0,0.0,0.0,13.799969787382079
GC0_FL350,2022-03-01 01:06:00.000000000,-0.9346328985249368,50.48684796269396,10668.0,23841.928016066504,211.78218,0.5500350942569242,0.9568343480983567,1.0,0.0,0.0,13.799964451722667
GC0_FL350,2022-03-01 01:07:00.000000000,-0.7818519280607622,50.56410360668077,10668.0,23841.928016066504,211.80733,0.5440738751778017,0.9463153089012394,1.0,0.0,0.0,13.79995906498832
GC0_FL350,2022-03-01 01:08:00.000000000,-0.6285700333214097,50.64115880447403,10668.0,23841.928016066504,211.78503,0.5442589065481227,0.9467720459621788,1.0,0.0,0.0,13.800040250558894
GC0_FL350,2022-03-01 01:09:00.000000000,-0.47478237482134333,50.71801108774824,10668.0,23841.928016066504,211.73546,0.5479297932617238,0.953455337739778,1.0,0.0,0.0,13.800036449888243
GC0_FL350,2022-03-01 01:10:00.000000000,-0.3204903233010431,50.79466047002034,10668.0,23841.928016066504,211.65323,0.5591479569982646,0.9734802610607354,1.0,0.0,0.0,13.800031495581349
GC0_FL350,2022-03-01 01:11:00.000000000,-0.16569222733307076,50.87110574593124,10668.0,23841.928016066504,211.5578,0.5732842127708379,0.9986934634592457,1.0,0.0,0.0,13.80002648819227
GC0_FL350,2022-03-01 01:12:00.000000000,-0.01038640460530521,50.94734568796158,10668.0,23841.928016066504,211.44186,0.5910388469793141,1.0303721799617198,1.0,1.0,1.0,13.800021428178642
GC0_FL350,2022-03-01 01:13:00.000000000,0.14542881799142826,51.02337906239046,10668.0,23841.928016066504,211.34161,0.6063279550339234,1.0576937915109852,1.0,1.0,1.0,13.800016316031584
GC0_FL350,2022-03-01 01:14:00.000000000,0.30175510404023853,51.099204629299564,10668.0,23841.928016066504,211.25603,0.620953973720788,1.0837860893555948,1.0,1.0,1.0,13.80001115226905
GC0_FL350,2022-03-01 01:15:00.000000000,0.45859410727043437,51.17482114257816,10668.0,23841.928016066504,211.17714,0.6355678994706462,1.1098397218932916,1.0,1.0,1.0,13.8000059374454
GC0_FL350,2022-03-01 01:16:00.000000000,0.6159474712251815,51.25022734992915,10668.0,23841.928016066504,211.13179,0.6443108141648286,1.12542799473756,1.0,1.0,1.0,13.800000672141353
GC0_FL350,2022-03-01 01:17:00.000000000,0.7738168289243615,51.325421992876,10668.0,23841.928016066504,211.13274,0.6455184181509345,1.1275320902457648,1.0,1.0,1.0,13.7999953569759
GC0_FL350,2022-03-01 01:18:00.000000000,0.932203802522942,51.400403806770754,10668.0,23841.928016066504,211.1761,0.6399990071441433,1.1175872305389012,1.0,1.0,1.0,13.799989992598045
GC0_FL350,2022-03-01 01:19:00.000000000,1.0911100029643799,51.47517152080301,10668.0,23841.928016066504,211.22218,0.6330022846516782,1.1050513916573608,1.0,1.0,1.0,13.79998457969091
GC0_FL350,2022-03-01 01:20:00.000000000,1.2505370296295943,51.549723858009905,10668.0,23841.928016066504,211.28098,0.6248476654050912,1.0904100827468777,1.0,1.0,1.0,13.799979118975191
GC0_FL350,2022-03-01 01:21:00.000000000,1.410486469980993,51.62405953528727,10668.0,23841.928016066504,211.33043,0.6199729495585109,1.0815711928855496,1.0,1.0,1.0,13.799973611204168
GC0_FL350,2022-03-01 01:22:00.000000000,1.570959899201897,51.698177263401696,10668.0,23841.928016066504,211.35684,0.6178476016397881,1.0776855043453188,1.0,1.0,1.0,13.799968057170684
GC0_FL350,2022-03-01 01:23:00.000000000,1.7319588798311787,51.77207574700383,10668.0,23841.928016066504,211.38504,0.6169563525033802,1.0759403374106729,1.0,1.0,1.0,13.799962457699413
GC0_FL350,2022-03-01 01:24:00.000000000,1.8934849613930664,51.84575368464275,10668.0,23841.928016066504,211.39388,0.6192531312474924,1.0798845067560925,1.0,1.0,1.0,13.799956813657149
GC0_FL350,2022-03-01 01:25:00.000000000,2.055539680022396,51.91920976878139,10668.0,23841.928016066504,211.3923,0.622835518632131,1.0861410033993262,1.0,1.0,1.0,13.800042154299087
GC0_FL350,2022-03-01 01:26:00.000000000,2.2181278486239693,51.99244129650124,10668.0,23841.928016066504,211.37938,0.6278617430815944,1.094998372177284,1.0,1.0,1.0,13.800038395347975
GC0_FL350,2022-03-01 01:27:00.000000000,2.381247755746821,52.06544829902248,10668.0,23841.928016066504,211.37196,0.6347583456789965,1.1070764674869265,1.0,1.0,1.0,13.800033137066887
GC0_FL350,2022-03-01 01:28:00.000000000,2.5449008423555197,52.13822947261712,10668.0,23841.928016066504,211.36342,0.6408662076920119,1.1177890927602876,1.0,1.0,1.0,13.800027830685213
GC0_FL350,2022-03-01 01:29:00.000000000,2.7090885869023626,52.210783485473385,10668.0,23841.928016066504,211.35793,0.6456209829687931,1.1261224268355643,1.0,1.0,1.0,13.800022477008898
GC0_FL350,2022-03-01 01:30:00.000000000,2.873812452494847,52.283108999789214,10668.0,23841.928016066504,211.35951,0.6475632217173134,1.1294967841390038,1.0,1.0,1.0,13.800017076881304
GC0_FL350,2022-03-01 01:31:00.000000000,3.039073886492103,52.35520467179508,10668.0,23841.928016066504,211.3646,0.6481118039930596,1.1304194589855856,1.0,1.0,1.0,13.8000116311833
GC0_FL350,2022-03-01 01:32:00.000000000,3.204874320096632,52.42706915177804,10668.0,23841.928016066504,211.36935,0.6472981210011807,1.1289633738646563,1.0,1.0,1.0,13.80000614083744
GC0_FL350,2022-03-01 01:33:00.000000000,3.3712151679413354,52.498701084107154,10668.0,23841.928016066504,211.37877,0.6451234395742577,1.1251053677944252,1.0,1.0,1.0,13.800000606803097
GC0_FL350,2022-03-01 01:34:00.000000000,3.538097827671728,52.57009910726018,10668.0,23841.928016066504,211.39215,0.642991903791097,1.1212932143131689,1.0,1.0,1.0,13.799995030082775
GC0_FL350,2022-03-01 01:35:00.000000000,3.705523679523632,52.64126185385161,10668.0,23841.928016066504,211.40489,0.6381645433300273,1.1127875541713086,1.0,1.0,1.0,13.799989411721297
GC0_FL350,2022-03-01 01:36:00.000000000,3.8734940858960045,52.71218795066221,10668.0,23841.928016066504,211.41614,0.6329820785916968,1.1036726498349816,1.0,1.0,1.0,13.799983752801687
GC0_FL350,2022-03-01 01:37:00.000000000,4.04201039091922,52.78287601866978,10668.0,23841.928016066504,211.4275,0.6271214976556865,1.0933739705241472,1.0,1.0,1.0,13.799978054452163
GC0_FL350,2022-03-01 01:38:00.000000000,4.211073920018708,52.853324673081396,10668.0,23841.928016066504,211.43732,0.6192834581174169,1.0796435937554225,1.0,1.0,1.0,13.799972317845754
GC0_FL350,2022-03-01 01:39:00.000000000,4.380685979473958,52.92353252336716,10668.0,23841.928016066504,211.44788,0.6107567862227493,1.064706709103995,1.0,1.0,1.0,13.79996654419649
GC0_FL350,2022-03-01 01:40:00.000000000,4.550847855972988,52.993498173295265,10668.0,23841.928016066504,211.44936,0.6013830700069808,1.048359795877665,1.0,1.0,1.0,13.799960734763747
GC0_FL350,2022-03-01 01:41:00.000000000,4.72156081616213,53.06322022096875,10668.0,23841.928016066504,211.43814,0.5892968588416414,1.0273595009741423,1.0,1.0,1.0,13.799954890854742
GC0_FL350,2022-03-01 01:42:00.000000000,4.892826106191535,53.13269725886355,10668.0,23841.928016066504,211.42287,0.5782977329038521,1.0082807588058087,1.0,1.0,1.0,13.80004369387429
GC0_FL350,2022-03-01 01:43:00.000000000,5.064648373766797,53.201926344915194,10668.0,23841.928016066504,211.39752,0.570858721389921,0.9954696711245216,1.0,0.0,0.0,13.800040019521948
GC0_FL350,2022-03-01 01:44:00.000000000,5.237025480446346,53.270907542595175,10668.0,23841.928016066504,211.35854,0.5697189841486826,0.9937245218804144,1.0,0.0,0.0,13.800034486742401
GC0_FL350,2022-03-01 01:45:00.000000000,5.409958542016128,53.339639456889614,10668.0,23841.928016066504,211.32066,0.570838199321298,0.9959143325351181,1.0,0.0,0.0,13.800028914083532
GC0_FL350,2022-03-01 01:46:00.000000000,5.583448717588524,53.40812065808024,10668.0,23841.928016066504,211.27725,0.5746108210657481,1.002770848885505,1.0,1.0,1.0,13.80002330277767
GC0_FL350,2022-03-01 01:47:00.000000000,5.757497143428711,53.47634971103695,10668.0,23841.928016066504,211.22575,0.5814558890418087,1.0150440670082064,1.0,1.0,1.0,13.800017654102959
GC0_FL350,2022-03-01 01:48:00.000000000,5.932104932473757,53.54432517526539,10668.0,23841.928016066504,211.20206,0.589740028532818,1.0296564394666945,1.0,1.0,1.0,13.800011969384423
GC0_FL350,2022-03-01 01:49:00.000000000,6.10727317384737,53.612045604956435,10668.0,23841.928016066504,211.18787,0.5984164579329722,1.0448983052956975,1.0,1.0,1.0,13.800006249993439
GC0_FL350,2022-03-01 01:50:00.000000000,6.283002932370696,53.679509549037114,10668.0,23841.928016066504,211.18668,0.6052346550834288,1.056808961835461,1.0,1.0,1.0,13.800000497350158
GC0_FL350,2022-03-01 01:51:00.000000000,6.459295248068937,53.746715551223396,10668.0,23841.928016066504,211.2342,0.6064970590376886,1.0587025804154506,1.0,1.0,1.0,13.799994712920459
GC0_FL350,2022-03-01 01:52:00.000000000,6.636151135673946,53.81366215007467,10668.0,23841.928016066504,211.29323,0.6055469550560237,1.0566508061734243,1.0,1.0,1.0,13.799988898221487
GC0_FL350,2022-03-01 01:53:00.000000000,6.8135715841229665,53.88034787904993,10668.0,23841.928016066504,211.37227,0.5994108099593866,1.0454237699097324,1.0,1.0,1.0,13.799983054817007
GC0_FL350,2022-03-01 01:54:00.000000000,6.991557556053451,53.94677126656574,10668.0,23841.928016066504,211.487,0.5889845421675639,1.0265011071473529,1.0,1.0,1.0,13.79997718432221
GC0_FL350,2022-03-01 01:55:00.000000000,7.170109987294104,54.01293083605608,10668.0,23841.928016066504,211.60104,0.5738244670161342,0.9993611930467119,1.0,0.0,0.0,13.799971288402922
GC0_FL350,2022-03-01 01:56:00.000000000,7.349229786352257,54.07882510603384,10668.0,23841.928016066504,211.70549,0.5552348658459915,0.9663492623592136,1.0,0.0,0.0,13.799965368775869
GC0_FL350,2022-03-01 01:57:00.000000000,7.5289178338974985,54.144452590154366,10668.0,23841.928016066504,211.79988,0.5371604851476288,0.9343344132696553,1.0,0.0,0.0,13.799959427205792
GC0_FL350,2022-03-01 01:58:00.000000000,7.709174982241969,54.20981179728059,10668.0,23841.928016066504,211.872,0.519776634723551,0.9036848096009144,1.0,0.0,0.0,13.799953465513312
GC0_FL350,2022-03-01 01:59:00.000000000,7.890002054816966,54.2749012315503,10668.0,23841.928016066504,211.9251,0.499470240793405,0.8680894303928669,1.0,0.0,0.0,13.800044709298199
GC0_FL350,2022-03-01 02:00:00.000000000,8.07140336006643,54.3397177150441,10668.0,23841.928016066504,211.96329,0.4794839494241042,0.8331500667839271,1.0,0.0,0.0,13.800041165932434
GC0_FL350,2022-03-01 02:01:00.000000000,8.253376235746266,54.4042613638653,10668.0,23841.928016066504,211.98753,0.45879904410870714,0.7970869066240366,1.0,0.0,0.0,13.80003540717797
GC0_FL350,2022-03-01 02:02:00.000000000,8.435921335887098,54.46853070587913,10668.0,23841.928016066504,212.00859,0.44170765200515594,0.7672886076213283,1.0,0.0,0.0,13.800029620699759
GC0_FL350,2022-03-01 02:03:00.000000000,8.61903936252284,54.532524226953534,10668.0,23841.928016066504,212.03462,0.4288118907101592,0.744765369060589,1.0,0.0,0.0,13.800023808234585
GC0_FL350,2022-03-01 02:04:00.000000000,8.802730986129248,54.5962404085977,10668.0,23841.928016066504,212.06468,0.41709793896302494,0.7242817560018079,1.0,0.0,0.0,13.80001797157137
GC0_FL350,2022-03-01 02:05:00.000000000,8.986996845082029,54.659677728041075,10668.0,23841.928016066504,212.0988,0.4061139280143254,0.7050547247198401,1.0,0.0,0.0,13.80001211255036
GC0_FL350,2022-03-01 02:06:00.000000000,9.171837545112288,54.72283465831418,10668.0,23841.928016066504,212.14302,0.40285415063238283,0.6991993148335537,1.0,0.0,0.0,13.800006233064313
GC0_FL350,2022-03-01 02:07:00.000000000,9.357253658759396,54.785709668331585,10668.0,23841.928016066504,212.1886,0.39544079198048204,0.6861336407708123,1.0,0.0,0.0,13.800000335060249
GC0_FL350,2022-03-01 02:08:00.000000000,9.543245724821515,54.84830122297688,10668.0,23841.928016066504,212.23296,0.39001024954604824,0.676519836650304,1.0,0.0,0.0,13.79999442053751
GC0_FL350,2022-03-01 02:09:00.000000000,9.729814247803706,54.91060778318973,10668.0,23841.928016066504,212.27692,0.39203143389031936,0.6798354709389481,1.0,0.0,0.0,13.799988491549682
GC0_FL350,2022-03-01 02:10:00.000000000,9.916959697363977,54.97262780605501,10668.0,23841.928016066504,212.30792,0.3921967044993899,0.6799875811185062,1.0,0.0,0.0,6.1100550360113415
GC0_FL350,2022-03-01 02:10:26.566305980,10.0,55.0,10668.0,23841.928016066504,212.32347,0.3903347865922679,0.6766912500535119,1.0,0.0,0.0,0.0
NW150_FL350,2022-03-01 00:00:00.000000000,-10.000000000000002,45.00000000000001,10668.0,23841.928016066504,212.79758,0.7065500127521043,1.221170295362016,1.0,1.0,1.0,13.800014615529586
NW150_FL350,2022-03-01 00:01:00.000000000,-9.911943680217473,45.10739059751919,10668.0,23841.928016066504,212.77428,0.6927397033556929,1.1974815667436634,1.0,1.0,1.0,13.800013510743517
NW150_FL350,2022-03-01 00:02:00.000000000,-9.823535417039643,45.21470503205091,10668.0,23841.928016066504,212.71486,0.6899843743664249,1.1931736577576817,1.0,1.0,1.0,13.800012336604626
NW150_FL350,2022-03-01 00:03:00.000000000,-9.734752775491534,45.32193450949788,10668.0,23841.928016066504,212.68175,0.686567322752536,1.1875180475415978,1.0,1.0,1.0,13.800011102228465
NW150_FL350,2022-03-01 00:04:00.000000000,-9.64557321962325,45.4290701602766,10668.0,23841.928016066504,212.69678,0.6739767759172477,1.16562933538327,1.0,1.0,1.0,13.800009817596628
NW150_FL350,2022-03-01 00:05:00.000000000,-9.555974120765597,45.53610303447345,10668.0,23841.928016066504,212.71999,0.6621959556951615,1.1450819850832543,1.0,1.0,1.0,13.800008493466299
NW150_FL350,2022-03-01 00:06:00.000000000,-9.465932766099801,45.64302409705574,10668.0,23841.928016066504,212.75685,0.6516606151328643,1.1265984575533592,1.0,1.0,1.0,13.8000071412585
NW150_FL350,2022-03-01 00:07:00.000000000,-9.37542636757764,45.74982422315823,10668.0,23841.928016066504,212.78795,0.6424638858317595,1.110475430172725,1.0,1.0,1.0,13.800005772917848
NW150_FL350,2022-03-01 00:08:00.000000000,-9.284432071228174,45.85649419346592,10668.0,23841.928016066504,212.86044,0.6243368744100395,1.0786388684364177,1.0,1.0,1.0,13.800004400762623
NW150_FL350,2022-03-01 00:09:00.000000000,-9.192926966886413,45.96302468971482,10668.0,23841.928016066504,212.90324,0.606225223194974,1.047058785334909,1.0,1.0,1.0,13.800003037318143
NW150_FL350,2022-03-01 00:10:00.000000000,-9.100888098379096,46.069406290332594,10668.0,23841.928016066504,212.95645,0.5842084115773263,1.0086865219287533,1.0,1.0,1.0,13.800001695131416
NW150_FL350,2022-03-01 00:11:00.000000000,-9.008292474201193,46.175629466241716,10668.0,23841.928016066504,212.995,0.5630401244128022,0.9718959656449946,1.0,0.0,0.0,13.800000386583605
NW150_FL350,2022-03-01 00:12:00.000000000,-8.915117078716126,46.2816845768484,10668.0,23841.928016066504,213.00998,0.5431502254366247,0.9374695918883625,1.0,0.0,0.0,13.799999123681374
NW150_FL350,2022-03-01 00:13:00.000000000,-8.82133888391088,46.38756186624089,10668.0,23841.928016066504,213.01392,0.5271090191319785,0.9097603527157937,1.0,0.0,0.0,13.799997917859939
NW150_FL350,2022-03-01 00:14:00.000000000,-8.726934861735826,46.49325145962168,10668.0,23841.928016066504,213.00462,0.515869116304698,0.8904158124012584,1.0,0.0,0.0,13.799996779771385
NW150_FL350,2022-03-01 00:15:00.000000000,-8.631881997057086,46.59874335999853,10668.0,23841.928016066504,213.03236,0.5067430220586964,0.8745050943801682,1.0,0.0,0.0,13.799995719077321
NW150_FL350,2022-03-01 00:16:00.000000000,-8.536157301247139,46.70402744515966,10668.0,23841.928016066504,213.07256,0.49880231264771085,0.8605790841922178,1.0,0.0,0.0,13.79999474425429
NW150_FL350,2022-03-01 00:17:00.000000000,-8.439737826436936,46.809093464959474,10668.0,23841.928016066504,213.16309,0.48548917975343087,0.837118853314487,1.0,0.0,0.0,13.799993862396043
NW150_FL350,2022-03-01 00:18:00.000000000,-8.342600680450126,46.91393103894103,10668.0,23841.928016066504,213.28539,0.46821300427029156,0.8066873835804558,1.0,0.0,0.0,13.799993079039334
NW150_FL350,2022-03-01 00:19:00.000000000,-8.244723042436963,47.01852965432236,10668.0,23841.928016066504,213.40906,0.451113496705398,0.776603050240765,1.0,0.0,0.0,13.79999239800333
NW150_FL350,2022-03-01 00:20:00.000000000,-8.146082179222427,47.12287866437407,10668.0,23841.928016066504,213.56174,0.4291890872212035,0.7381224949343577,1.0,0.0,0.0,13.799991821243808
NW150_FL350,2022-03-01 00:21:00.000000000,-8.046655462379125,47.22696728721557,10668.0,23841.928016066504,213.7185,0.4064561036523038,0.6983094022656121,1.0,0.0,0.0,13.79999134873503
NW150_FL350,2022-03-01 00:22:00.000000000,-7.946420386032092,47.33078460505782,10668.0,23841.928016066504,213.87257,0.38589430143284237,0.6623133050887291,1.0,0.0,0.0,13.799990978379531
NW150_FL350,2022-03-01 00:23:00.000000000,-7.845354585398439,47.434319563920425,10668.0,23841.928016066504,214.05228,0.3672383601458224,0.6295468851637299,1.0,0.0,0.0,13.799990705942896
NW150_FL350,2022-03-01 00:24:00.000000000,-7.743435856059993,47.537560973850695,10668.0,23841.928016066504,214.2269,0.3511658214445561,0.6013005488656283,1.0,0.0,0.0,13.799990525026583
NW150_FL350,2022-03-01 00:25:00.000000000,-7.640642173962943,47.64049750967218,10668.0,23841.928016066504,214.36868,0.3377258733154686,0.5777438241576707,1.0,0.0,0.0,13.799990427059264
NW150_FL350,2022-03-01 00:26:00.000000000,-7.536951716133178,47.743117712289695,10668.0,23841.928016066504,214.51094,0.32395641656684254,0.5536652872811454,1.0,0.0,0.0,13.799990401351167
NW150_FL350,2022-03-01 00:27:00.000000000,-7.432342882090881,47.84540999057738,10668.0,23841.928016066504,214.61504,0.3129077053271609,0.5344106635975154,1.0,0.0,0.0,13.799990435152703
NW150_FL350,2022-03-01 00:28:00.000000000,-7.32679431594254,47.94736262387532,10668.0,23841.928016066504,214.7141,0.301697696886639,0.5149252185757027,1.0,0.0,0.0,13.799990513782763
NW150_FL350,2022-03-01 00:29:00.000000000,-7.220284929122936,48.04896376511957,10668.0,23841.928016066504,214.76894,0.2914715235058575,0.49728710486203886,1.0,0.0,0.0,13.799990620759637
NW150_FL350,2022-03-01 00:30:00.000000000,-7.112793923753648,48.15020144462874,10668.0,23841.928016066504,214.78154,0.2836666679692002,0.4839308316808839,1.0,0.0,0.0,13.799990738007454
NW150_FL350,2022-03-01 00:31:00.000000000,-7.00430081657882,48.251063574569415,10668.0,23841.928016066504,214.79369,0.2762952840813288,0.4713181875283634,1.0,0.0,0.0,13.799990846062991
NW150_FL350,2022-03-01 00:32:00.000000000,-6.894785463432784,48.351537954120296,10668.0,23841.928016066504,214.7577,0.2757781835786911,0.47054787256362823,1.0,0.0,0.0,13.79999092434128
NW150_FL350,2022-03-01 00:33:00.000000000,-6.784228084187853,48.45161227535354,10668.0,23841.928016066504,214.7049,0.2773356783409637,0.4733730053814719,1.0,0.0,0.0,13.79999095142065
NW150_FL350,2022-03-01 00:34:00.000000000,-6.672609288124424,48.55127412984912,10668.0,23841.928016066504,214.66345,0.27963081615399427,0.4774228609983644,1.0,0.0,0.0,13.799990905357314
NW150_FL350,2022-03-01 00:35:00.000000000,-6.559910099659522,48.650511016055766,10668.0,23841.928016066504,214.61354,0.27813256994514063,0.4750232436942182,1.0,0.0,0.0,13.799990764032621
NW150_FL350,2022-03-01 00:36:00.000000000,-6.446111984363311,48.74931034740906,10668.0,23841.928016066504,214.53087,0.27524499244373757,0.4703515157404492,1.0,0.0,0.0,13.799990505510175
NW150_FL350,2022-03-01 00:37:00.000000000,-6.331196875187807,48.84765946121438,10668.0,23841.928016066504,214.47067,0.2678325629415272,0.4578672006964285,1.0,0.0,0.0,13.799990108416592
NW150_FL350,2022-03-01 00:38:00.000000000,-6.215147198825244,48.94554562829887,10668.0,23841.928016066504,214.38191,0.26098991020003065,0.4464336495900643,1.0,0.0,0.0,13.799989552329267
NW150_FL350,2022-03-01 00:39:00.000000000,-6.097945902109083,49.04295606343325,10668.0,23841.928016066504,214.31131,0.26106789365189026,0.4467754566794507,1.0,0.0,0.0,13.799988818168638
NW150_FL350,2022-03-01 00:40:00.000000000,-5.979576478364332,49.13987793652022,10668.0,23841.928016066504,214.26036,0.2613623351347566,0.4474311153288505,1.0,0.0,0.0,13.799987888596085
NW150_FL350,2022-03-01 00:41:00.000000000,-5.860022993609616,49.23629838454239,10668.0,23841.928016066504,214.18996,0.260348871537453,0.4459045247188394,1.0,0.0,0.0,13.799986748391927
NW150_FL350,2022-03-01 00:42:00.000000000,-5.739270112508919,49.33220452425832,10668.0,23841.928016066504,214.16992,0.25826560140918536,0.44239405593701364,1.0,0.0,0.0,13.799985384831924
NW150_FL350,2022-03-01 00:43:00.000000000,-5.617303123966524,49.42758346563079,10668.0,23841.928016066504,214.16914,0.25778887640272985,0.4415802129096113,1.0,0.0,0.0,13.799983788033904
NW150_FL350,2022-03-01 00:44:00.000000000,-5.4941079662560375,49.52242232596687,10668.0,23841.928016066504,214.1752,0.25098439775299825,0.42990675802604034,1.0,0.0,0.0,13.799981951284067
NW150_FL350,2022-03-01 00:45:00.000000000,-5.369671251570929,49.61670824474481,10668.0,23841.928016066504,214.21489,0.2468058496089174,0.4226379920144402,1.0,0.0,0.0,13.799979871326002
NW150_FL350,2022-03-01 00:46:00.000000000,-5.243980289882591,49.710428399097715,10668.0,23841.928016066504,214.2564,0.24214673591097405,0.414546793076437,1.0,0.0,0.0,13.799977548611706
NW150_FL350,2022-03-01 00:47:00.000000000,-5.117023111990287,49.803570019919526,10668.0,23841.928016066504,214.30359,0.2316492951268674,0.3964507110644126,1.0,0.0,0.0,13.799974987505227
NW150_FL350,2022-03-01 00:48:00.000000000,-4.988788491647018,49.896120408553536,10668.0,23841.928016066504,214.35234,0.22083312416739284,0.3778174917576073,1.0,0.0,0.0,13.799972196443608
NW150_FL350,2022-03-01 00:49:00.000000000,-4.85926596664584,49.98806695401959,10668.0,23841.928016066504,214.38567,0.2213972304273027,0.37869916590143976,1.0,0.0,0.0,13.79996918802526
NW150_FL350,2022-03-01 00:50:00.000000000,-4.728445858752139,50.079397150730635,10668.0,23841.928016066504,214.40906,0.22115330328521793,0.3782230105172366,1.0,0.0,0.0,13.799965979069924
NW150_FL350,2022-03-01 00:51:00.000000000,-4.596319292369935,50.17009861664571,10668.0,23841.928016066504,214.43245,0.21474974785326062,0.3672140685145413,1.0,0.0,0.0,13.799962590579305
NW150_FL350,2022-03-01 00:52:00.000000000,-4.462878211833166,50.26015911180118,10668.0,23841.928016066504,214.44296,0.21090631673855464,0.3606169084782893,1.0,0.0,0.0,13.799959047664926
NW150_FL350,2022-03-01 00:53:00.000000000,-4.328115397217069,50.34956655715893,10668.0,23841.928016066504,214.39745,0.21506977025901383,0.36784655615977835,1.0,0.0,0.0,13.799955379398677
NW150_FL350,2022-03-01 00:54:00.000000000,-4.192024478569649,50.43830905370571,10668.0,23841.928016066504,214.34743,0.21708022033852042,0.37140953403332705,1.0,0.0,0.0,13.799951618596008
NW150_FL350,2022-03-01 00:55:00.000000000,-4.05459994846935,50.526374901734854,10668.0,23841.928016066504,214.2753,0.22325120676283908,0.38214945828637065,1.0,0.0,0.0,13.799947801542151
NW150_FL350,2022-03-01 00:56:00.000000000,-3.915837172821923,50.61375262023863,10668.0,23841.928016066504,214.18379,0.23182668168912213,0.39706960431660393,1.0,0.0,0.0,13.799961634315533
NW150_FL350,2022-03-01 00:57:00.000000000,-3.775730534366871,50.70042998100058,10668.0,23841.928016066504,214.0961,0.2388310310398246,0.4093032528497374,1.0,0.0,0.0,13.800015187556577
NW150_FL350,2022-03-01 00:58:00.000000000,-3.634272966085093,50.78639370865784,10668.0,23841.928016066504,213.97733,0.2506175531381032,0.42984039539141616,1.0,0.0,0.0,13.800009923240955
NW150_FL350,2022-03-01 00:59:00.000000000,-3.491468425213449,50.87163617748502,10668.0,23841.928016066504,213.85162,0.26431234902077894,0.4537033683785752,1.0,0.0,0.0,13.800004456466626
NW150_FL350,2022-03-01 01:00:00.000000000,-3.3473158711349957,50.956146985350514,10668.0,23841.928016066504,213.73395,0.27409951390262105,0.47086649979034506,1.0,0.0,0.0,13.799998839363584
NW150_FL350,2022-03-01 01:01:00.000000000,-3.201815162333295,51.03991604591398,10668.0,23841.928016066504,213.64005,0.2818172762060054,0.4844238056019453,1.0,0.0,0.0,13.799993126409735
NW150_FL350,2022-03-01 01:02:00.000000000,-3.0549670550937402,51.122933607024926,10668.0,23841.928016066504,213.5715,0.28626555138908716,0.49229080605312997,1.0,0.0,0.0,13.799987373795798
NW150_FL350,2022-03-01 01:03:00.000000000,-2.9067732000863327,51.20519026867862,10668.0,23841.928016066504,213.51031,0.2882637052783022,0.49592534635690666,1.0,0.0,0.0,13.799981638763203
NW150_FL350,2022-03-01 01:04:00.000000000,-2.75723613682413,51.28667700045241,10668.0,23841.928016066504,213.46199,0.2921498006581935,0.5027697363004595,1.0,0.0,0.0,13.799975978917063
NW150_FL350,2022-03-01 01:05:00.000000000,-2.6063592860038653,51.367385158347936,10668.0,23841.928016066504,213.41527,0.2985917036693108,0.5140120692600475,1.0,0.0,0.0,13.799970451534813
NW150_FL350,2022-03-01 01:06:00.000000000,-2.4541469397475377,51.44730650096773,10668.0,23841.928016066504,213.38356,0.3035910332154763,0.5227250709292443,1.0,0.0,0.0,13.799965112869177
NW150_FL350,2022-03-01 01:07:00.000000000,-2.300604249774821,51.526433204957165,10668.0,23841.928016066504,213.36423,0.3098080335837703,0.5334972436140972,1.0,0.0,0.0,13.799960017463881
NW150_FL350,2022-03-01 01:08:00.000000000,-2.145737213549071,51.60475787964777,10668.0,23841.928016066504,213.35207,0.31335121441771063,0.5396410625987625,1.0,0.0,0.0,13.799955217494318
NW150_FL350,2022-03-01 01:09:00.000000000,-1.9895526584501013,51.682273580841326,10668.0,23841.928016066504,213.3338,0.3153524703475515,0.543151871021533,1.0,0.0,0.0,13.799950762132118
NW150_FL350,2022-03-01 01:10:00.000000000,-1.832058224038491,51.758973823679455,10668.0,23841.928016066504,213.3243,0.31291130748159174,0.5389814663989849,1.0,0.0,0.0,13.799946696952656
NW150_FL350,2022-03-01 01:11:00.000000000,-1.6732623424866224,51.83485259454882,10668.0,23841.928016066504,213.3368,0.30703253549546367,0.5288124133085735,1.0,0.0,0.0,13.799943063395368
NW150_FL350,2022-03-01 01:12:00.000000000,-1.513174217261294,51.909904361977446,10668.0,23841.928016066504,213.33238,0.30155725433133035,0.5193964312936384,1.0,0.0,0.0,13.799939898272926
NW150_FL350,2022-03-01 01:13:00.000000000,-1.3518038001522044,51.98412408648381,10668.0,23841.928016066504,213.32692,0.293740953179716,0.5059517283534527,1.0,0.0,0.0,13.799939745243607
NW150_FL350,2022-03-01 01:14:00.000000000,-1.1891615462200298,52.057507082236924,10668.0,23841.928016066504,213.32231,0.2863393793064886,0.493218483777761,1.0,0.0,0.0,13.800020924011612
NW150_FL350,2022-03-01 01:15:00.000000000,-1.0252518319892376,52.13004458185368,10668.0,23841.928016066504,213.29808,0.27980878135506154,0.48204593349978764,1.0,0.0,0.0,13.800013978858964
NW150_FL350,2022-03-01 01:16:00.000000000,-0.8600941937770141,52.20173800568454,10668.0,23841.928016066504,213.26833,0.2734303269653479,0.47114803486609147,1.0,0.0,0.0,13.800007477983955
NW150_FL350,2022-03-01 01:17:00.000000000,-0.6937013373187131,52.27258437763797,10668.0,23841.928016066504,213.22821,0.26829398076446886,0.46241790755934936,1.0,0.0,0.0,13.800001452770012
NW150_FL350,2022-03-01 01:18:00.000000000,-0.5260865789675423,52.34258124591907,10668.0,23841.928016066504,213.18098,0.26348203509613133,0.4542643694572249,1.0,0.0,0.0,13.799995928589095
NW150_FL350,2022-03-01 01:19:00.000000000,-0.35726381511859207,52.4117266860437,10668.0,23841.928016066504,213.12045,0.2637752659803956,0.45494722599150667,1.0,0.0,0.0,13.79999092471825
NW150_FL350,2022-03-01 01:20:00.000000000,-0.1872474908346242,52.480019302721765,10668.0,23841.928016066504,213.05637,0.26547306389539593,0.4580661362557652,1.0,0.0,0.0,13.799986454317708
NW150_FL350,2022-03-01 01:21:00.000000000,-0.0160525678074433,52.54745823062341,10668.0,23841.928016066504,212.99747,0.26940150071556235,0.4650215530534806,1.0,0.0,0.0,13.799982524503399
NW150_FL350,2022-03-01 01:22:00.000000000,0.15630550821031364,52.614043134048934,10668.0,23841.928016066504,212.92842,0.28783739069712433,0.49706491321368085,1.0,0.0,0.0,13.79997913648606
NW150_FL350,2022-03-01 01:23:00.000000000,0.329810840369795,52.67977420552756,10668.0,23841.928016066504,212.84648,0.3045603211435825,0.5262220721679282,1.0,0.0,0.0,13.799976285786364
NW150_FL350,2022-03-01 01:24:00.000000000,0.5044471139547051,52.74465216337665,10668.0,23841.928016066504,212.74939,0.31898224804549663,0.5514865723579782,1.0,0.0,0.0,13.799973962517008
NW150_FL350,2022-03-01 01:25:00.000000000,0.680197629744843,52.80867824825721,10668.0,23841.928016066504,212.67049,0.34273038164876296,0.5928435460398118,1.0,0.0,0.0,13.799972151720771
NW150_FL350,2022-03-01 01:26:00.000000000,0.857045337388637,52.8718542187659,10668.0,23841.928016066504,212.5889,0.36617807806938407,0.6337351311257153,1.0,0.0,0.0,13.799970833761792
NW150_FL350,2022-03-01 01:27:00.000000000,1.034972868662569,52.93418234610838,10668.0,23841.928016066504,212.50003,0.391204041469343,0.677433752389054,1.0,0.0,0.0,13.799969984769
NW150_FL350,2022-03-01 01:28:00.000000000,1.2139625705007244,52.99566540790184,10668.0,23841.928016066504,212.41966,0.4210909746457565,0.7295630211283591,1.0,0.0,0.0,13.799969577100743
NW150_FL350,2022-03-01 01:29:00.000000000,1.3939965376829655,53.056306681157686,10668.0,23841.928016066504,212.35979,0.4460586496166725,0.7731148919369686,1.0,0.0,0.0,13.799969579857322
NW150_FL350,2022-03-01 01:30:00.000000000,1.5750566450764563,53.11610993449817,10668.0,23841.928016066504,212.29745,0.47053345597567814,0.8158624411873217,1.0,0.0,0.0,13.799969959394309
NW150_FL350,2022-03-01 01:31:00.000000000,1.7571245793312809,53.17507941966272,10668.0,23841.928016066504,212.23148,0.49594370522423936,0.86028255736608,1.0,0.0,0.0,13.799970679859165
NW150_FL350,2022-03-01 01:32:00.000000000,1.9401818699385918,53.23321986236095,10668.0,23841.928016066504,212.17358,0.5145952560292395,0.892963196742171,1.0,0.0,0.0,13.799971703727884
NW150_FL350,2022-03-01 01:33:00.000000000,2.1242099195660367,53.29053645253109,10668.0,23841.928016066504,212.11699,0.5328137911945419,0.9249101948784993,1.0,0.0,0.0,13.799972992333837
NW150_FL350,2022-03-01 01:34:00.000000000,2.3091900335932243,53.34703483406254,10668.0,23841.928016066504,212.0588,0.550435458274973,0.9558569401684157,1.0,0.0,0.0,13.799974506384897
NW150_FL350,2022-03-01 01:35:00.000000000,2.4951034487770922,53.402721094041766,10668.0,23841.928016066504,212.00636,0.5657531609002336,0.9827826255845556,1.0,0.0,0.0,13.799976206465772
NW150_FL350,2022-03-01 01:36:00.000000000,2.6819313609848683,53.457601751580526,10668.0,23841.928016066504,211.95651,0.5807946834697364,1.0092307317193945,1.0,1.0,1.0,13.799978053504757
NW150_FL350,2022-03-01 01:37:00.000000000,2.8696549519397707,53.511683746284476,10668.0,23841.928016066504,211.91281,0.5925112316328508,1.0298747577084024,1.0,1.0,1.0,13.799980009221503
NW150_FL350,2022-03-01 01:38:00.000000000,3.0582554149321086,53.56497442641937,10668.0,23841.928016066504,211.87369,0.6012570553124248,1.0453357756428097,1.0,1.0,1.0,13.799982036526542
NW150_FL350,2022-03-01 01:39:00.000000000,3.2477139794557783,53.61748153683056,10668.0,23841.928016066504,211.83969,0.607421719325974,1.0562782370605914,1.0,1.0,1.0,13.799984099891018
NW150_FL350,2022-03-01 01:40:00.000000000,3.4380119347371982,53.6692132066701,10668.0,23841.928016066504,211.8091,0.6077017732006272,1.0569738973135943,1.0,1.0,1.0,13.799986165670656
NW150_FL350,2022-03-01 01:41:00.000000000,3.629130652131118,53.72017793698295,10668.0,23841.928016066504,211.77817,0.6084815563011227,1.0585349943031872,1.0,1.0,1.0,13.79998820237766
NW150_FL350,2022-03-01 01:42:00.000000000,3.821051606363487,53.770384588202695,10668.0,23841.928016066504,211.74783,0.6096087294260745,1.0607011830962016,1.0,1.0,1.0,13.799990180922991
NW150_FL350,2022-03-01 01:43:00.000000000,4.013756395608983,53.81984236760365,10668.0,23841.928016066504,211.72224,0.6101504805878998,1.0618144646150913,1.0,1.0,1.0,13.79999207479392
NW150_FL350,2022-03-01 01:44:00.000000000,4.207226760395775,53.868560816754226,10668.0,23841.928016066504,211.71077,0.6044350293416424,1.051942718178045,1.0,1.0,1.0,13.79999386020077
NW150_FL350,2022-03-01 01:45:00.000000000,4.401444601336398,53.9165497990135,10668.0,23841.928016066504,211.69681,0.5982236391093912,1.0412280026330578,1.0,1.0,1.0,13.799995516168021
NW150_FL350,2022-03-01 01:46:00.000000000,4.59639199568854,53.96381948710966,10668.0,23841.928016066504,211.66933,0.5854832181510699,1.0192280380068433,1.0,1.0,1.0,13.799997024593432
NW150_FL350,2022-03-01 01:47:00.000000000,4.792051212754257,54.01038035083665,10668.0,23841.928016066504,211.62404,0.5669094702031875,0.9871750585743562,1.0,0.0,0.0,13.799998370255315
NW150_FL350,2022-03-01 01:48:00.000000000,4.988404728130883,54.05624314490155,10668.0,23841.928016066504,211.56201,0.5524169319778629,0.9623153177744653,1.0,0.0,0.0,13.799999540791967
NW150_FL350,2022-03-01 01:49:00.000000000,5.185435236830494,54.101418896952666,10668.0,23841.928016066504,211.4704,0.5521520077176131,0.9624088889257495,1.0,0.0,0.0,13.800000526639762
NW150_FL350,2022-03-01 01:50:00.000000000,5.383125665288684,54.14591889581483,10668.0,23841.928016066504,211.37517,0.5567702537221819,0.9710368977499526,1.0,0.0,0.0,13.800001320950413
NW150_FL350,2022-03-01 01:51:00.000000000,5.581459182286482,54.18975467995547,10668.0,23841.928016066504,211.27292,0.567910591401144,0.9910994598802003,1.0,0.0,0.0,13.800001919470516
NW150_FL350,2022-03-01 01:52:00.000000000,5.780419208811863,54.23293802620198,10668.0,23841.928016066504,211.17906,0.5834538937212234,1.0188276291063925,1.0,1.0,1.0,13.800002320404134
NW150_FL350,2022-03-01 01:53:00.000000000,5.979989426890096,54.27548093872749,10668.0,23841.928016066504,211.10037,0.5986069757117967,1.045800052876111,1.0,1.0,1.0,13.800002524262844
NW150_FL350,2022-03-01 01:54:00.000000000,6.180153787413816,54.31739563831984,10668.0,23841.928016066504,211.07185,0.6061152166105996,1.0591104290701712,1.0,1.0,1.0,13.800002533692991
NW150_FL350,2022-03-01 01:55:00.000000000,6.3808965170056196,54.35869455194499,10668.0,23841.928016066504,211.06981,0.6091975702998677,1.0645068424464112,1.0,1.0,1.0,13.800002353293928
NW150_FL350,2022-03-01 01:56:00.000000000,6.5822021239473365,54.399390302613654,10668.0,23841.928016066504,211.10489,0.6087497661761399,1.063492251523697,1.0,1.0,1.0,13.80000198943833
NW150_FL350,2022-03-01 01:57:00.000000000,6.784055403211021,54.4394956995573,10668.0,23841.928016066504,211.1803,0.6058088779655197,1.0578546664138497,1.0,1.0,1.0,13.800001450080874
NW150_FL350,2022-03-01 01:58:00.000000000,6.986441440627737,54.479023728716754,10668.0,23841.928016066504,211.2594,0.6031066723242016,1.0526128777116468,1.0,1.0,1.0,13.800000744570198
NW150_FL350,2022-03-01 01:59:00.000000000,7.18934561623043,54.51798754354435,10668.0,23841.928016066504,211.35844,0.5967118783315762,1.0408089273048469,1.0,1.0,1.0,13.799999883471097
NW150_FL350,2022-03-01 02:00:00.000000000,7.392753606807693,54.55640045611831,10668.0,23841.928016066504,211.46822,0.588035175407802,1.024968418878314,1.0,1.0,1.0,13.799998878381079
NW150_FL350,2022-03-01 02:01:00.000000000,7.596651387704953,54.594275928565615,10668.0,23841.928016066504,211.57208,0.5720413160035698,0.9964394148961692,1.0,0.0,0.0,13.799997741767196
NW150_FL350,2022-03-01 02:02:00.000000000,7.801025233909899,54.63162756478736,10668.0,23841.928016066504,211.66028,0.5521974515891693,0.9613377288084574,1.0,0.0,0.0,13.799996486806835
NW150_FL350,2022-03-01 02:03:00.000000000,8.005861720458118,54.66846910247922,10668.0,23841.928016066504,211.74155,0.5344276576348168,0.9299244632516138,1.0,0.0,0.0,13.799995127240448
NW150_FL350,2022-03-01 02:04:00.000000000,8.21114772219488,54.70481440543687,10668.0,23841.928016066504,211.79224,0.5048767845093582,0.8782226414308328,1.0,0.0,0.0,13.799993677240758
NW150_FL350,2022-03-01 02:05:00.000000000,8.416870412928134,54.74067745613532,10668.0,23841.928016066504,211.84695,0.4810644949010989,0.8365120296099019,1.0,0.0,0.0,13.799992151289874
NW150_FL350,2022-03-01 02:06:00.000000000,8.623017264007114,54.77607234856892,10668.0,23841.928016066504,211.90013,0.45962892334644456,0.7989688623780175,1.0,0.0,0.0,13.799990564074568
NW150_FL350,2022-03-01 02:07:00.000000000,8.829576042360262,54.81101328133762,10668.0,23841.928016066504,211.95337,0.4400849435764357,0.7647380659189172,1.0,0.0,0.0,13.799988930389441
NW150_FL350,2022-03-01 02:08:00.000000000,9.036534808025143,54.845514550963514,10668.0,23841.928016066504,212.01297,0.42391519676047795,0.7363608978114708,1.0,0.0,0.0,13.799987265057572
NW150_FL350,2022-03-01 02:09:00.000000000,9.243881911202225,54.87959054542058,10668.0,23841.928016066504,212.08139,0.4100166350764832,0.7119094623711872,1.0,0.0,0.0,13.799985582857834
NW150_FL350,2022-03-01 02:10:00.000000000,9.451605988863491,54.91325573785914,10668.0,23841.928016066504,212.15013,0.397882794456135,0.6905392907789201,1.0,0.0,0.0,13.799983898464221
NW150_FL350,2022-03-01 02:11:00.000000000,9.659695960945642,54.94652468050605,10668.0,23841.928016066504,212.2187,0.3943021265204393,0.6840277748266362,1.0,0.0,0.0,13.799982226394873
NW150_FL350,2022-03-01 02:12:00.000000000,9.868141026157087,54.97941199871997,10668.0,23841.928016066504,212.27797,0.39280593374019945,0.6811734730356596,1.0,0.0,0.0,8.717907553283178
NW150_FL350,2022-03-01 02:12:37.904240283,10.0,55.0,10668.0,23841.928016066504,212.31227,0.39103885946075134,0.6779604971583311,1.0,0.0,0.0,0.0
NW300_FL350,2022-03-01 00:00:00.000000000,-10.000000000000002,45.00000000000001,10668.0,23841.928016066504,212.79758,0.7065500127521043,1.221170295362016,1.0,1.0,1.0,13.800034843118594
NW300_FL350,2022-03-01 00:01:00.000000000,-9.948323151402047,45.11861698721326,10668.0,23841.928016066504,212.79575,0.687066219305746,1.187510660818548,1.0,1.0,1.0,13.800006665435859
NW300_FL350,2022-03-01 00:02:00.000000000,-9.896402137726424,45.2372040256995,10668.0,23841.928016066504,212.76999,0.6747642746224995,1.1664389698873094,1.0,1.0,1.0,13.799977763173437
NW300_FL350,2022-03-01 00:03:00.000000000,-9.844205048187119,45.355754336568715,10668.0,23841.928016066504,212.78465,0.6604236893037583,1.1415421499861271,1.0,1.0,1.0,13.800003201880159
NW300_FL350,2022-03-01 00:04:00.000000000,-9.79169221545635,45.47425993803365,10668.0,23841.928016066504,212.79874,0.6469445165823093,1.1181424077623425,1.0,1.0,1.0,13.800019831035982
NW300_FL350,2022-03-01 00:05:00.000000000,-9.73883020753365,45.592713564836444,10668.0,23841.928016066504,212.88019,0.6263330685576115,1.081949642044699,1.0,1.0,1.0,13.799990542186567
NW300_FL350,2022-03-01 00:06:00.000000000,-9.68559173693477,45.711108893423734,10668.0,23841.928016066504,212.97856,0.6036104228723066,1.042036420558906,1.0,1.0,1.0,13.799966575556896
NW300_FL350,2022-03-01 00:07:00.000000000,-9.631942676019541,45.82943851868831,10668.0,23841.928016066504,213.10905,0.5802327003082152,1.0008351520497403,1.0,1.0,1.0,13.800034470564826
NW300_FL350,2022-03-01 00:08:00.000000000,-9.577832641962,45.94769216492699,10668.0,23841.928016066504,213.25356,0.5564537835198664,0.9589179505484747,1.0,0.0,0.0,13.800004853679956
NW300_FL350,2022-03-01 00:09:00.000000000,-9.523242741476356,46.0658646319852,10668.0,23841.928016066504,213.39635,0.5303791743957555,0.9131347845887857,1.0,0.0,0.0,13.799975174589125
NW300_FL350,2022-03-01 00:10:00.000000000,-9.468138670649463,46.1839481275579,10668.0,23841.928016066504,213.53389,0.5015062578397411,0.862650442290829,1.0,0.0,0.0,13.799996337513656
NW300_FL350,2022-03-01 00:11:00.000000000,-9.412475134560134,46.30193273606196,10668.0,23841.928016066504,213.64597,0.47448690474072563,0.815576665221567,1.0,0.0,0.0,13.80002177829723
NW300_FL350,2022-03-01 00:12:00.000000000,-9.356214232217248,46.41980959140651,10668.0,23841.928016066504,213.73581,0.44903047825006026,0.7713663505663777,1.0,0.0,0.0,13.799991978487872
NW300_FL350,2022-03-01 00:13:00.000000000,-9.299331078055891,46.53757207105862,10668.0,23841.928016066504,213.80168,0.4283933421768521,0.73559528352559,1.0,0.0,0.0,13.79996288903523
NW300_FL350,2022-03-01 00:14:00.000000000,-9.2417896335749,46.65521139046437,10668.0,23841.928016066504,213.83029,0.4159260083506981,0.7140548925677915,1.0,0.0,0.0,13.800017586397669
NW300_FL350,2022-03-01 00:15:00.000000000,-9.183533336757865,46.77271458254579,10668.0,23841.928016066504,213.85023,0.40720983273074024,0.6989989198003539,1.0,0.0,0.0,13.800012642606154
NW300_FL350,2022-03-01 00:16:00.000000000,-9.124537269676559,46.8900744241367,10668.0,23841.928016066504,213.83719,0.40847057779369,0.7012230416244671,1.0,0.0,0.0,13.799983478538548
NW300_FL350,2022-03-01 00:17:00.000000000,-9.06476959695927,47.00728223711839,10668.0,23841.928016066504,213.84418,0.4073444876925111,0.6992589087817583,1.0,0.0,0.0,13.799955874461615
NW300_FL350,2022-03-01 00:18:00.000000000,-9.004192371172094,47.124327917170994,10668.0,23841.928016066504,213.89088,0.40419157294733593,0.6936319536523616,1.0,0.0,0.0,13.800022795812414
NW300_FL350,2022-03-01 00:19:00.000000000,-8.942742331284771,47.241195837621795,10668.0,23841.928016066504,213.96507,0.3979869716624744,0.6826513730313685,1.0,0.0,0.0,13.80000943014113
NW300_FL350,2022-03-01 00:20:00.000000000,-8.880399361758288,47.35787881023055,10668.0,23841.928016066504,213.9888,0.39438295935681456,0.6763633373102255,1.0,0.0,0.0,13.79998144097103
NW300_FL350,2022-03-01 00:21:00.000000000,-8.81712804662872,47.47436632203423,10668.0,23841.928016066504,214.0559,0.3850682522678293,0.6600980753127978,1.0,0.0,0.0,13.799955751288898
NW300_FL350,2022-03-01 00:22:00.000000000,-8.752888484884062,47.59064660231162,10668.0,23841.928016066504,214.14452,0.37210282118321536,0.6374989497027829,1.0,0.0,0.0,13.79999974357544
NW300_FL350,2022-03-01 00:23:00.000000000,-8.687621184744504,47.70670318021615,10668.0,23841.928016066504,214.22151,0.35815497706981,0.6132895553253866,1.0,0.0,0.0,13.800014603485252
NW300_FL350,2022-03-01 00:24:00.000000000,-8.6212916133352,47.822524520353284,10668.0,23841.928016066504,214.3238,0.34146044437912443,0.5843059453492295,1.0,0.0,0.0,13.799987752859257
NW300_FL350,2022-03-01 00:25:00.000000000,-8.553869741791866,47.93809981100981,10668.0,23841.928016066504,214.44316,0.32400167470328894,0.5539928168052717,1.0,0.0,0.0,13.79996366704769
NW300_FL350,2022-03-01 00:26:00.000000000,-8.485313856181833,48.05341525950304,10668.0,23841.928016066504,214.57062,0.3057924030570783,0.5224124874997822,1.0,0.0,0.0,13.799942842235483
NW300_FL350,2022-03-01 00:27:00.000000000,-8.415581801578655,48.16845651097662,10668.0,23841.928016066504,214.6833,0.289126569157525,0.4935702462960677,1.0,0.0,0.0,13.800016914087612
NW300_FL350,2022-03-01 00:28:00.000000000,-8.344603841813232,48.28320205518647,10668.0,23841.928016066504,214.79053,0.27376377431223536,0.4670085187896734,1.0,0.0,0.0,13.800004972425114
NW300_FL350,2022-03-01 00:29:00.000000000,-8.272359617391693,48.397641532390416,10668.0,23841.928016066504,214.89635,0.2582567160947817,0.44024319688065394,1.0,0.0,0.0,13.799981440007572
NW300_FL350,2022-03-01 00:30:00.000000000,-8.198809767667017,48.511759680983936,10668.0,23841.928016066504,214.99811,0.24363155452149685,0.41502857662331183,1.0,0.0,0.0,13.799961128930406
NW300_FL350,2022-03-01 00:31:00.000000000,-8.123910851857396,48.62553969747014,10668.0,23841.928016066504,215.09628,0.2309666133599446,0.3931937796694013,1.0,0.0,0.0,13.79994434951923
NW300_FL350,2022-03-01 00:32:00.000000000,-8.047619175060253,48.73896411389615,10668.0,23841.928016066504,215.20024,0.21966190801357238,0.3736866692186294,1.0,0.0,0.0,13.799949522704459
NW300_FL350,2022-03-01 00:33:00.000000000,-7.969885434552368,48.85201334557368,10668.0,23841.928016066504,215.25616,0.2073703584990727,0.3526430201599233,1.0,0.0,0.0,13.800014181102688
NW300_FL350,2022-03-01 00:34:00.000000000,-7.890648069563789,48.96466371012504,10668.0,23841.928016066504,215.29556,0.19489973831663407,0.3313477661832879,1.0,0.0,0.0,13.799992650903825
NW300_FL350,2022-03-01 00:35:00.000000000,-7.809886021383044,49.076901625594274,10668.0,23841.928016066504,215.31537,0.18506655996230434,0.3145885629619238,1.0,0.0,0.0,13.799974108707389
NW300_FL350,2022-03-01 00:36:00.000000000,-7.727555347093408,49.1887068387166,10668.0,23841.928016066504,215.3229,0.17687431595543762,0.3006472126678893,1.0,0.0,0.0,13.799958655833514
NW300_FL350,2022-03-01 00:37:00.000000000,-7.643612181951804,49.30005836390617,10668.0,23841.928016066504,215.33923,0.17073201460478707,0.2901740829946929,1.0,0.0,0.0,13.799946336900428
NW300_FL350,2022-03-01 00:38:00.000000000,-7.558012825338964,49.41093447592809,10668.0,23841.928016066504,215.36926,0.16569827707442053,0.28156206693099334,1.0,0.0,0.0,13.799937139245799
NW300_FL350,2022-03-01 00:39:00.000000000,-7.470713833585899,49.52131270557739,10668.0,23841.928016066504,215.4025,0.16118360512560215,0.27382901310100943,1.0,0.0,0.0,13.799930993467326
NW300_FL350,2022-03-01 00:40:00.000000000,-7.381672119623329,49.63116983869982,10668.0,23841.928016066504,215.47612,0.15628518300872063,0.26537490537315395,1.0,0.0,0.0,13.799935080408797
NW300_FL350,2022-03-01 00:41:00.000000000,-7.290842991180416,49.740481273968314,10668.0,23841.928016066504,215.54329,0.15222425351193478,0.2583609999188129,1.0,0.0,0.0,13.79999350665374
NW300_FL350,2022-03-01 00:42:00.000000000,-7.198169519410879,49.84921753340485,10668.0,23841.928016066504,215.66237,0.1466053678180433,0.2486225935032207,1.0,0.0,0.0,13.799978927303988
NW300_FL350,2022-03-01 00:43:00.000000000,-7.103628498314238,49.95735875096998,10668.0,23841.928016066504,215.77325,0.1410154536943647,0.23896251107667885,1.0,0.0,0.0,13.799966433137888
NW300_FL350,2022-03-01 00:44:00.000000000,-7.0071795140932345,50.06487885572919,10668.0,23841.928016066504,215.87584,0.1360190207697129,0.23033361129050098,1.0,0.0,0.0,13.79995586908043
NW300_FL350,2022-03-01 00:45:00.000000000,-6.9087830925656055,50.171751090152405,10668.0,23841.928016066504,215.97664,0.1310624182832348,0.22178704870314203,1.0,0.0,0.0,13.799947052381834
NW300_FL350,2022-03-01 00:46:00.000000000,-6.808400832996052,50.27794803570585,10668.0,23841.928016066504,216.07225,0.12647289334926926,0.21387977979061026,1.0,0.0,0.0,13.799939778560672
NW300_FL350,2022-03-01 00:47:00.000000000,-6.705995546066805,50.38344164394248,10668.0,23841.928016066504,216.15636,0.12260270706047668,0.20721592884213885,1.0,0.0,0.0,13.799933827852389
NW300_FL350,2022-03-01 00:48:00.000000000,-6.601531395219343,50.48820327332102,10668.0,23841.928016066504,216.23753,0.11878394730901627,0.20064875559957449,1.0,0.0,0.0,13.799928972027583
NW300_FL350,2022-03-01 00:49:00.000000000,-6.494974040497284,50.592203731941304,10668.0,23841.928016066504,216.29228,0.11559080464804891,0.19518149701662207,1.0,0.0,0.0,13.799924981403041
NW300_FL350,2022-03-01 00:50:00.000000000,-6.386290783920157,50.69541332633463,10668.0,23841.928016066504,216.32999,0.11237469415646056,0.1897012686774797,1.0,0.0,0.0,13.799921631877607
NW300_FL350,2022-03-01 00:51:00.000000000,-6.2754507153220995,50.797801916390625,10668.0,23841.928016066504,216.36354,0.10940223982597802,0.1846405394146245,1.0,0.0,0.0,13.799918711778243
NW300_FL350,2022-03-01 00:52:00.000000000,-6.162424857501622,50.89933897643868,10668.0,23841.928016066504,216.38533,0.10698555689396652,0.18053460901960547,1.0,0.0,0.0,13.799916028361567
NW300_FL350,2022-03-01 00:53:00.000000000,-6.0471863094495175,50.99999366243146,10668.0,23841.928016066504,216.40164,0.10435787572650303,0.1760807133694629,1.0,0.0,0.0,13.799913413752241
NW300_FL350,2022-03-01 00:54:00.000000000,-5.929710386355748,51.099734885102215,10668.0,23841.928016066504,216.45102,0.10287131458466452,0.17351330061170125,1.0,0.0,0.0,13.799910730138198
NW300_FL350,2022-03-01 00:55:00.000000000,-5.8099747550443395,51.19853138888636,10668.0,23841.928016066504,216.50192,0.10111751260359951,0.17049501994566105,1.0,0.0,0.0,13.799907874076975
NW300_FL350,2022-03-01 00:56:00.000000000,-5.687959563450105,51.296351836313654,10668.0,23841.928016066504,216.55794,0.09966087191510767,0.1679732815696039,1.0,0.0,0.0,13.79990477972228
NW300_FL350,2022-03-01 00:57:00.000000000,-5.56364756273571,51.39316489749046,10668.0,23841.928016066504,216.62704,0.0983686615121059,0.16571601341586722,1.0,0.0,0.0,13.799901420893251
NW300_FL350,2022-03-01 00:58:00.000000000,-5.4370242206528845,51.48893934420452,10668.0,23841.928016066504,216.69234,0.09712790950891514,0.16355163480807464,1.0,0.0,0.0,13.799897811846515
NW300_FL350,2022-03-01 00:59:00.000000000,-5.308077824779514,51.583644148098536,10668.0,23841.928016066504,216.75978,0.09706827495909162,0.16337441809566927,1.0,0.0,0.0,13.799894006728076
NW300_FL350,2022-03-01 01:00:00.000000000,-5.176799574316013,51.67724858227623,10668.0,23841.928016066504,216.84279,0.09644046248073015,0.16222349000322778,1.0,0.0,0.0,13.799890097668875
NW300_FL350,2022-03-01 01:01:00.000000000,-5.043183659200432,51.76972232562682,10668.0,23841.928016066504,216.90834,0.09612533361316028,0.16161943163735912,1.0,0.0,0.0,13.799886211544619
NW300_FL350,2022-03-01 01:02:00.000000000,-4.907227325401263,51.8610355690834,10668.0,23841.928016066504,216.95398,0.09642741507827134,0.16207569260822102,1.0,0.0,0.0,13.799882505488926
NW300_FL350,2022-03-01 01:03:00.000000000,-4.768930925370678,51.95115912296934,10668.0,23841.928016066504,217.00552,0.09629250027236289,0.16179051921123086,1.0,0.0,0.0,13.799879161238978
NW300_FL350,2022-03-01 01:04:00.000000000,-4.628297952786058,52.04006452453659,10668.0,23841.928016066504,217.06783,0.09571557275580883,0.16075108378613379,1.0,0.0,0.0,13.79987637850337
NW300_FL350,2022-03-01 01:05:00.000000000,-4.485335060872928,52.127724144762055,10668.0,23841.928016066504,217.11841,0.09549895718419053,0.16033032676411832,1.0,0.0,0.0,13.799874367506506
NW300_FL350,2022-03-01 01:06:00.000000000,-4.340052063785224,52.214111293444496,10668.0,23841.928016066504,217.13203,0.09606973768751073,0.1612735650307447,1.0,0.0,0.0,13.799875260345667
NW300_FL350,2022-03-01 01:07:00.000000000,-4.192461576710146,52.299200123019176,10668.0,23841.928016066504,217.13791,0.09641911218654849,0.1618528843866816,1.0,0.0,0.0,13.799958362399373
NW300_FL350,2022-03-01 01:08:00.000000000,-4.042565505808821,52.382957721133714,10668.0,23841.928016066504,217.1399,0.09666078921607114,0.16225666243635423,1.0,0.0,0.0,13.79994634307932
NW300_FL350,2022-03-01 01:09:00.000000000,-3.8903976137133776,52.4653690353782,10668.0,23841.928016066504,217.13445,0.09695289711807742,0.16275296621711627,1.0,0.0,0.0,13.799934758524605
NW300_FL350,2022-03-01 01:10:00.000000000,-3.7359801900362437,52.5464122011229,10668.0,23841.928016066504,217.11572,0.0971859468402725,0.16316551576839874,1.0,0.0,0.0,13.799923893437573
NW300_FL350,2022-03-01 01:11:00.000000000,-3.5793384277428935,52.62606676530347,10668.0,23841.928016066504,217.0927,0.09748734073200484,0.16369826739108267,1.0,0.0,0.0,13.799914005702364
NW300_FL350,2022-03-01 01:12:00.000000000,-3.420500321548006,52.70431376094036,10668.0,23841.928016066504,217.09412,0.09774084798340305,0.1641220550132696,1.0,0.0,0.0,13.799905318758915
NW300_FL350,2022-03-01 01:13:00.000000000,-3.2594965516209413,52.78113577383572,10668.0,23841.928016066504,217.11032,0.09766747437797982,0.16398031567504304,1.0,0.0,0.0,13.799898015093248
NW300_FL350,2022-03-01 01:14:00.000000000,-3.0963603537213,52.85651700087687,10668.0,23841.928016066504,217.12183,0.0978227450213517,0.16422755937931802,1.0,0.0,0.0,13.799892231080968
NW300_FL350,2022-03-01 01:15:00.000000000,-2.93112737703906,52.93044329948208,10668.0,23841.928016066504,217.12418,0.09795297585606538,0.1644439415693742,1.0,0.0,0.0,13.79988805331851
NW300_FL350,2022-03-01 01:16:00.000000000,-2.7638355311439367,53.00290222783783,10668.0,23841.928016066504,217.11826,0.0977326117108429,0.16408062635694898,1.0,0.0,0.0,13.799885516550193
NW300_FL350,2022-03-01 01:17:00.000000000,-2.594524823554262,53.07388307569488,10668.0,23841.928016066504,217.06525,0.09838293038770285,0.16523374589232867,1.0,0.0,0.0,13.799884603266875
NW300_FL350,2022-03-01 01:18:00.000000000,-2.4232371895126836,53.14337688560977,10668.0,23841.928016066504,217.0022,0.09918305468474638,0.16665102675763652,1.0,0.0,0.0,13.799885244947372
NW300_FL350,2022-03-01 01:19:00.000000000,-2.250016315606625,53.21137646463753,10668.0,23841.928016066504,216.93124,0.1000580061604062,0.16820457648330908,1.0,0.0,0.0,13.799887324900999
NW300_FL350,2022-03-01 01:20:00.000000000,-2.0749074588928185,53.277876386596866,10668.0,23841.928016066504,216.81013,0.10209755535817869,0.17177867156408033,1.0,0.0,0.0,13.799890682600761
NW300_FL350,2022-03-01 01:21:00.000000000,-1.8979572631798203,53.34287298513899,10668.0,23841.928016066504,216.69902,0.10421231784277554,0.17547239233409742,1.0,0.0,0.0,13.799895119344866
NW300_FL350,2022-03-01 01:22:00.000000000,-1.719213574090673,53.406364337953896,10668.0,23841.928016066504,216.60107,0.10653566595770793,0.17950681875245603,1.0,0.0,0.0,13.799900405062836
NW300_FL350,2022-03-01 01:23:00.000000000,-1.538725254472115,53.46835024254097,10668.0,23841.928016066504,216.53572,0.10860780007835943,0.18308109291371497,1.0,0.0,0.0,13.79990628602072
NW300_FL350,2022-03-01 01:24:00.000000000,-1.356542001638573,53.52883218405242,10668.0,23841.928016066504,216.47325,0.11011001611928373,0.1856939118047734,1.0,0.0,0.0,13.79991249319038
NW300_FL350,2022-03-01 01:25:00.000000000,-1.172714167843412,53.58781329578929,10668.0,23841.928016066504,216.40376,0.1120078590048465,0.18898594798534588,1.0,0.0,0.0,13.799918750991056
NW300_FL350,2022-03-01 01:26:00.000000000,-0.9872925852565602,53.64529831298643,10668.0,23841.928016066504,216.32123,0.11408183146810905,0.19259478645163178,1.0,0.0,0.0,13.799924786167315
NW300_FL350,2022-03-01 01:27:00.000000000,-0.800328396603329,53.7012935205683,10668.0,23841.928016066504,216.23804,0.11616186377128983,0.19621903398859109,1.0,0.0,0.0,13.79993033648061
NW300_FL350,2022-03-01 01:28:00.000000000,-0.6118728924847379,53.75580669558846,10668.0,23841.928016066504,216.15297,0.1182074942977926,0.1997916679622729,1.0,0.0,0.0,13.799935159022626
NW300_FL350,2022-03-01 01:29:00.000000000,-0.42197735625945404,53.80884704508488,10668.0,23841.928016066504,216.06508,0.12066848936962547,0.20407441257818182,1.0,0.0,0.0,13.799939037850189
NW300_FL350,2022-03-01 01:30:00.000000000,-0.23069291722504956,53.86042514008997,10668.0,23841.928016066504,215.98029,0.12223145875840277,0.20683823780814584,1.0,0.0,0.0,13.79994179078318
NW300_FL350,2022-03-01 01:31:00.000000000,-0.03807041269302599,53.910552846529505,10668.0,23841.928016066504,215.89351,0.12314826944483005,0.20851315717054136,1.0,0.0,0.0,13.799943275155096
NW300_FL350,2022-03-01 01:32:00.000000000,0.1558397405871601,53.95924325373014,10668.0,23841.928016066504,215.74861,0.12639860189850632,0.21422857790511982,1.0,0.0,0.0,13.799943392385876
NW300_FL350,2022-03-01 01:33:00.000000000,0.35098766533486897,54.00651060123104,10668.0,23841.928016066504,215.57751,0.1306283542138282,0.2216560401228859,1.0,0.0,0.0,13.799942091276058
NW300_FL350,2022-03-01 01:34:00.000000000,0.5473241327828376,54.05237020456364,10668.0,23841.928016066504,215.38327,0.13675027770892206,0.23235024423400394,1.0,0.0,0.0,13.799939369947783
NW300_FL350,2022-03-01 01:35:00.000000000,0.7448006617853401,54.09683838062501,10668.0,23841.928016066504,215.16151,0.14678290834055974,0.24977069760253284,1.0,0.0,0.0,13.79993527641069
NW300_FL350,2022-03-01 01:36:00.000000000,0.943369608024376,54.139932373227055,10668.0,23841.928016066504,214.93938,0.16116040323922484,0.2746465038756562,1.0,0.0,0.0,13.799929907760507
NW300_FL350,2022-03-01 01:37:00.000000000,1.142984243446075,54.18167027935618,10668.0,23841.928016066504,214.70346,0.17960570004078563,0.30656489975724915,1.0,0.0,0.0,13.799923408062723
NW300_FL350,2022-03-01 01:38:00.000000000,1.3435988261461758,54.22207097662803,10668.0,23841.928016066504,214.46501,0.20146704317952163,0.34442635297503676,1.0,0.0,0.0,13.799915964977409
NW300_FL350,2022-03-01 01:39:00.000000000,1.545168660997899,54.26115405237014,10668.0,23841.928016066504,214.2301,0.22613559221985113,0.3872031299023046,1.0,0.0,0.0,13.799907805259913
NW300_FL350,2022-03-01 01:40:00.000000000,1.7476501513793214,54.298939734713336,10668.0,23841.928016066504,213.99664,0.2544747951639719,0.43640026099388246,1.0,0.0,0.0,13.799905225618216
NW300_FL350,2022-03-01 01:41:00.000000000,1.951001321706038,54.3354480988425,10668.0,23841.928016066504,213.78658,0.2843845258334939,0.48836559603846663,1.0,0.0,0.0,13.80003550067695
NW300_FL350,2022-03-01 01:42:00.000000000,2.1551912888926434,54.370684072582705,10668.0,23841.928016066504,213.57365,0.3174253663622717,0.545868643021277,1.0,0.0,0.0,13.80001194060027
NW300_FL350,2022-03-01 01:43:00.000000000,2.3601687814981553,54.404685818447064,10668.0,23841.928016066504,213.36847,0.3534939686587607,0.6087095682994395,1.0,0.0,0.0,13.799988050689471
NW300_FL350,2022-03-01 01:44:00.000000000,2.5658948749977406,54.43747558046449,10668.0,23841.928016066504,213.1694,0.392942417377311,0.6775147624853071,1.0,0.0,0.0,13.799964294443889
NW300_FL350,2022-03-01 01:45:00.000000000,2.772331890772268,54.46907594249486,10668.0,23841.928016066504,212.99384,0.4327364084049987,0.7469750905665807,1.0,0.0,0.0,13.79994113566568
NW300_FL350,2022-03-01 01:46:00.000000000,2.9794434044374127,54.49950977601977,10668.0,23841.928016066504,212.86584,0.46039524355901995,0.7953771079446665,1.0,0.0,0.0,13.799919029035573
NW300_FL350,2022-03-01 01:47:00.000000000,3.1871942485890172,54.528800191289015,10668.0,23841.928016066504,212.71779,0.4917706885260183,0.8503920590961046,1.0,0.0,0.0,13.799903858262315
NW300_FL350,2022-03-01 01:48:00.000000000,3.395550879759554,54.55696978407656,10668.0,23841.928016066504,212.58798,0.51208601465609,0.8862584463081141,1.0,0.0,0.0,13.800055039082034
NW300_FL350,2022-03-01 01:49:00.000000000,3.604491615359623,54.58402008165235,10668.0,23841.928016066504,212.47157,0.5254804882800271,0.9101228951141328,1.0,0.0,0.0,13.800015441936033
NW300_FL350,2022-03-01 01:50:00.000000000,3.8139728517228146,54.60999719041869,10668.0,23841.928016066504,212.36342,0.5379117011481409,0.9322974062596271,1.0,0.0,0.0,13.799978645815921
NW300_FL350,2022-03-01 01:51:00.000000000,4.023964354506401,54.63492486350083,10668.0,23841.928016066504,212.27045,0.5492900836470381,0.9525816534367472,1.0,0.0,0.0,13.799945081809751
NW300_FL350,2022-03-01 01:52:00.000000000,4.234437101686992,54.658826899104795,10668.0,23841.928016066504,212.1736,0.5599245921032941,0.9716237240033667,1.0,0.0,0.0,13.799915120264668
NW300_FL350,2022-03-01 01:53:00.000000000,4.445363262970964,54.68172711119074,10668.0,23841.928016066504,212.09898,0.5533552617351695,0.9606794602606351,1.0,0.0,0.0,13.800015788586125
NW300_FL350,2022-03-01 01:54:00.000000000,4.65672372489985,54.70363128764721,10668.0,23841.928016066504,212.0089,0.5465313118343443,0.949375437382049,1.0,0.0,0.0,13.800026752290783
NW300_FL350,2022-03-01 01:55:00.000000000,4.868487720428609,54.7245739875963,10668.0,23841.928016066504,211.89055,0.5409703822072895,0.9404230727217847,1.0,0.0,0.0,13.799983572061933
NW300_FL350,2022-03-01 01:56:00.000000000,5.080627538644073,54.74458663851475,10668.0,23841.928016066504,211.7539,0.5379259584101246,0.9359384644070088,1.0,0.0,0.0,13.799945817559948
NW300_FL350,2022-03-01 01:57:00.000000000,5.293119881497206,54.763692990803875,10668.0,23841.928016066504,211.61028,0.5406739129260058,0.9415720004550516,1.0,0.0,0.0,13.799938516635832
NW300_FL350,2022-03-01 01:58:00.000000000,5.505943868646182,54.78191294381553,10668.0,23841.928016066504,211.44579,0.55383725320632,0.9654948189744764,1.0,0.0,0.0,13.800050656767903
NW300_FL350,2022-03-01 01:59:00.000000000,5.719084419011531,54.79925175731836,10668.0,23841.928016066504,211.29036,0.5675422337047509,0.9903515245888721,1.0,0.0,0.0,13.800003204209666
NW300_FL350,2022-03-01 02:00:00.000000000,5.932512825652237,54.81575578710652,10668.0,23841.928016066504,211.1661,0.5833078567231138,1.0186582093841752,1.0,1.0,1.0,13.799962666862402
NW300_FL350,2022-03-01 02:01:00.000000000,6.1462099113233615,54.83144846222197,10668.0,23841.928016066504,211.08392,0.5939967203269428,1.037853793445732,1.0,1.0,1.0,13.799932359184918
NW300_FL350,2022-03-01 02:02:00.000000000,6.3601576187555455,54.846352522537195,10668.0,23841.928016066504,211.03433,0.5995833745615401,1.047940706640711,1.0,1.0,1.0,13.800051701259331
NW300_FL350,2022-03-01 02:03:00.000000000,6.574345601833692,54.860467055141825,10668.0,23841.928016066504,211.02156,0.6021470689784234,1.0525060978606413,1.0,1.0,1.0,13.80000554177809
NW300_FL350,2022-03-01 02:04:00.000000000,6.788749289172524,54.87384091232076,10668.0,23841.928016066504,211.05661,0.6025514248698525,1.0529810401479711,1.0,1.0,1.0,13.799967129490193
NW300_FL350,2022-03-01 02:05:00.000000000,7.0033531669792195,54.88649708306962,10668.0,23841.928016066504,211.11795,0.6015764529233975,1.0508737603989244,1.0,1.0,1.0,13.799960623388825
NW300_FL350,2022-03-01 02:06:00.000000000,7.218143656439326,54.89845407593597,10668.0,23841.928016066504,211.21829,0.5970534301250543,1.0423180797731608,1.0,1.0,1.0,13.8000381484042
NW300_FL350,2022-03-01 02:07:00.000000000,7.433110284466571,54.90971982486474,10668.0,23841.928016066504,211.32574,0.5924589608363756,1.0336011333034825,1.0,1.0,1.0,13.799997707739267
NW300_FL350,2022-03-01 02:08:00.000000000,7.648234507949747,54.92033751497244,10668.0,23841.928016066504,211.43079,0.5824665387229211,1.0154995301968353,1.0,1.0,1.0,13.799965046205028
NW300_FL350,2022-03-01 02:09:00.000000000,7.863504016276233,54.93032968835278,10668.0,23841.928016066504,211.52971,0.5700370834475514,0.9932111182151494,1.0,0.0,0.0,13.799998359184581
NW300_FL350,2022-03-01 02:10:00.000000000,8.078909613694025,54.93970734956771,10668.0,23841.928016066504,211.6168,0.5532691965483424,0.9634688846806183,1.0,0.0,0.0,13.800019524346945
NW300_FL350,2022-03-01 02:11:00.000000000,8.294439602046854,54.94849485749177,10668.0,23841.928016066504,211.68892,0.5292288386813944,0.9211855872689731,1.0,0.0,0.0,13.799987344744515
NW300_FL350,2022-03-01 02:12:00.000000000,8.51008135994762,54.95672549342708,10668.0,23841.928016066504,211.75717,0.5050703938219114,0.8787558100445703,1.0,0.0,0.0,13.799962217577544
NW300_FL350,2022-03-01 02:13:00.000000000,8.725825342473327,54.96442143190606,10668.0,23841.928016066504,211.82161,0.477893113041131,0.8311322641756588,1.0,0.0,0.0,13.800030591944905
NW300_FL350,2022-03-01 02:14:00.000000000,8.941665815844612,54.97158610280672,10668.0,23841.928016066504,211.89229,0.45322756689458765,0.7878801524179077,1.0,0.0,0.0,13.800003074592663
NW300_FL350,2022-03-01 02:15:00.000000000,9.157590658160426,54.97826150894907,10668.0,23841.928016066504,211.97011,0.43003971701279997,0.7472039069598824,1.0,0.0,0.0,13.799979693093027
NW300_FL350,2022-03-01 02:16:00.000000000,9.373592057318856,54.984470163858454,10668.0,23841.928016066504,212.05156,0.4116868449773363,0.7149438719119093,1.0,0.0,0.0,13.799998894018712
NW300_FL350,2022-03-01 02:17:00.000000000,9.58966406355943,54.990225655978996,10668.0,23841.928016066504,212.13544,0.4006149559838886,0.6953462769472958,1.0,0.0,0.0,13.800013114578606
NW300_FL350,2022-03-01 02:18:00.000000000,9.805799607243536,54.995551318891,10668.0,23841.928016066504,212.21718,0.39548766125536633,0.6860889054394606,1.0,0.0,0.0,12.396422411584279
NW300_FL350,2022-03-01 02:18:53.897617080,9.999999999999996,55.0,10668.0,23841.928016066504,212.28018,0.39306285319681833,0.6816090816543332,1.0,0.0,0.0,0.0
SE300_FL360,2022-03-01 00:00:00.000000000,-10.000000000000002,45.00000000000001,10972.8,22728.94085815235,211.58328,0.6453642887379416,1.1240788472207637,1.0,1.0,1.0,13.800115027908165
SE300_FL360,2022-03-01 00:01:00.000000000,-9.832634228109365,45.0374989777726,10972.8,22728.94085815235,211.4318,0.6538514043111313,1.1399477419171575,1.0,1.0,1.0,13.800020549916326
SE300_FL360,2022-03-01 00:02:00.000000000,-9.665061957945106,45.074778023133646,10972.8,22728.94085815235,211.28854,0.658642570810616,1.1493333491508584,1.0,1.0,1.0,13.799927543731021
SE300_FL360,2022-03-01 00:03:00.000000000,-9.497293172355167,45.111857647020635,10972.8,22728.94085815235,211.1675,0.6581980782898794,1.1494279134536602,1.0,1.0,1.0,13.800010362739226
SE300_FL360,2022-03-01 00:04:00.000000000,-9.329333869699752,45.148755048499964,10972.8,22728.94085815235,211.07986,0.6639509438597042,1.1601089297913048,1.0,1.0,1.0,13.8000625389665
SE300_FL360,2022-03-01 00:05:00.000000000,-9.161195059406664,45.18549293097829,10972.8,22728.94085815235,210.9963,0.6738830314022991,1.1780799355919889,1.0,1.0,1.0,13.799971646306037
SE300_FL360,2022-03-01 00:06:00.000000000,-8.992889620285059,45.222095268527376,10972.8,22728.94085815235,210.91222,0.6879248773740754,1.2032574271515055,1.0,1.0,1.0,13.799899873840282
SE300_FL360,2022-03-01 00:07:00.000000000,-8.824426642306625,45.25858271091628,10972.8,22728.94085815235,210.88243,0.6931109603596279,1.2125545004206948,1.0,1.0,1.0,13.800105239252431
SE300_FL360,2022-03-01 00:08:00.000000000,-8.65581080706178,45.2949740113112,10972.8,22728.94085815235,210.84105,0.7007476016246584,1.2262284299995738,1.0,1.0,1.0,13.80001760658135
SE300_FL360,2022-03-01 00:09:00.000000000,-8.487057177228046,45.3312945416673,10972.8,22728.94085815235,210.78494,0.7117317057747982,1.2458812788407199,1.0,1.0,1.0,13.79993231818943
SE300_FL360,2022-03-01 00:10:00.000000000,-8.31817494269894,45.36756551489382,10972.8,22728.94085815235,210.73839,0.7252680998962238,1.2699437894289538,1.0,1.0,1.0,13.799993838825486
SE300_FL360,2022-03-01 00:11:00.000000000,-8.149171301625014,45.4038082101483,10972.8,22728.94085815235,210.66809,0.7246746566713869,1.2694597302737585,1.0,1.0,1.0,13.80006634186223
SE300_FL360,2022-03-01 00:12:00.000000000,-7.980055881015995,45.44004548033964,10972.8,22728.94085815235,210.58408,0.7162143442902486,1.2552899194019163,1.0,1.0,1.0,13.799985579438726
SE300_FL360,2022-03-01 00:13:00.000000000,-7.81084018030542,45.47629954581915,10972.8,22728.94085815235,210.50975,0.709623023246229,1.2443118430610998,1.0,1.0,1.0,13.799907812990368
SE300_FL360,2022-03-01 00:14:00.000000000,-7.64153340621131,45.51259224345501,10972.8,22728.94085815235,210.42245,0.6962143424948869,1.221461061485035,1.0,1.0,1.0,13.80005343805641
SE300_FL360,2022-03-01 00:15:00.000000000,-7.472142889633564,45.54894792999821,10972.8,22728.94085815235,210.33818,0.6799914554272265,1.193616336320746,1.0,1.0,1.0,13.800042769194542
SE300_FL360,2022-03-01 00:16:00.000000000,-7.30268005570596,45.58538865893594,10972.8,22728.94085815235,210.2897,0.6732491579340363,1.1821356952662831,1.0,1.0,1.0,13.799970371522296
SE300_FL360,2022-03-01 00:17:00.000000000,-7.133155014811902,45.621936316925805,10972.8,22728.94085815235,210.25839,0.668459546215652,1.1739503587217777,1.0,1.0,1.0,13.799901682232836
SE300_FL360,2022-03-01 00:18:00.000000000,-6.963577350434745,45.65861348889645,10972.8,22728.94085815235,210.23108,0.6656887045950532,1.1692839404699462,1.0,1.0,1.0,13.800065477575464
SE300_FL360,2022-03-01 00:19:00.000000000,-6.793955919788455,45.69544792952469,10972.8,22728.94085815235,210.21501,0.6671907501455105,1.1720335063293028,1.0,1.0,1.0,13.80003693342804
SE300_FL360,2022-03-01 00:20:00.000000000,-6.62430206827496,45.732459891422764,10972.8,22728.94085815235,210.20267,0.6686210729862436,1.1746387787482662,1.0,1.0,1.0,13.799973816594894
SE300_FL360,2022-03-01 00:21:00.000000000,-6.454626108496878,45.76967183596835,10972.8,22728.94085815235,210.2,0.6708099662306363,1.1785035900268548,1.0,1.0,1.0,13.79991501954183
SE300_FL360,2022-03-01 00:22:00.000000000,-6.284938381864701,45.807107160064675,10972.8,22728.94085815235,210.21043,0.6771915738863683,1.1896385262301863,1.0,1.0,1.0,13.80001310806428
SE300_FL360,2022-03-01 00:23:00.000000000,-6.1152496770827875,45.84479442806904,10972.8,22728.94085815235,210.21725,0.6893390096422315,1.2109252409785771,1.0,1.0,1.0,13.80004905320983
SE300_FL360,2022-03-01 00:24:00.000000000,-5.945571349662257,45.8827565001216,10972.8,22728.94085815235,210.23053,0.7013147610788962,1.2318644671802768,1.0,1.0,1.0,13.799995207272767
SE300_FL360,2022-03-01 00:25:00.000000000,-5.775914582343945,45.92101460539857,10972.8,22728.94085815235,210.26286,0.7091619258928501,1.2454008673134385,1.0,1.0,1.0,13.799946018066104
SE300_FL360,2022-03-01 00:26:00.000000000,-5.606290874535937,45.959592928785845,10972.8,22728.94085815235,210.2925,0.711052139007791,1.2484918710276118,1.0,1.0,1.0,13.799901826521442
SE300_FL360,2022-03-01 00:27:00.000000000,-5.436712081951,45.99851585627959,10972.8,22728.94085815235,210.325,0.7085214422264656,1.2438001538721222,1.0,1.0,1.0,13.800049850384529
SE300_FL360,2022-03-01 00:28:00.000000000,-5.267191966322243,46.03781647078147,10972.8,22728.94085815235,210.39153,0.7001007779034379,1.228513069445462,1.0,1.0,1.0,13.800031588333269
SE300_FL360,2022-03-01 00:29:00.000000000,-5.097742422824589,46.07751300401981,10972.8,22728.94085815235,210.44318,0.6932476876315978,1.216097154073437,1.0,1.0,1.0,13.799990478669388
SE300_FL360,2022-03-01 00:30:00.000000000,-4.92837633795386,46.11762914151849,10972.8,22728.94085815235,210.48091,0.684181788748059,1.199915242219557,1.0,1.0,1.0,13.7999541838252
SE300_FL360,2022-03-01 00:31:00.000000000,-4.759107233713054,46.158189859635726,10972.8,22728.94085815235,210.5038,0.6716312328398315,1.1777389042487547,1.0,1.0,1.0,13.799922890616976
SE300_FL360,2022-03-01 00:32:00.000000000,-4.589949114555786,46.19922026051813,10972.8,22728.94085815235,210.50253,0.6541047199247256,1.1470136077441753,1.0,1.0,1.0,13.799929959565615
SE300_FL360,2022-03-01 00:33:00.000000000,-4.420917005638568,46.24074744997757,10972.8,22728.94085815235,210.46384,0.6376657954774656,1.118451760776858,1.0,1.0,1.0,13.800043955541087
SE300_FL360,2022-03-01 00:34:00.000000000,-4.252027880874641,46.28280309951133,10972.8,22728.94085815235,210.37993,0.6257678112309402,1.0981550819629609,1.0,1.0,1.0,13.80001263583261
SE300_FL360,2022-03-01 00:35:00.000000000,-4.083295312513981,46.32540456469928,10972.8,22728.94085815235,210.29848,0.6175663086068144,1.0843057786652712,1.0,1.0,1.0,13.79998555573942
SE300_FL360,2022-03-01 00:36:00.000000000,-3.914735435139302,46.3685770941835,10972.8,22728.94085815235,210.2125,0.6111093300461209,1.0735346224904716,1.0,1.0,1.0,13.799962706248108
SE300_FL360,2022-03-01 00:37:00.000000000,-3.7463649709978815,46.41234591653959,10972.8,22728.94085815235,210.12254,0.6057414167446072,1.0646968048205585,1.0,1.0,1.0,13.799944029141807
SE300_FL360,2022-03-01 00:38:00.000000000,-3.578201246424688,46.45673620162743,10972.8,22728.94085815235,210.06026,0.6020880400964745,1.0586792068065927,1.0,1.0,1.0,13.799929415534166
SE300_FL360,2022-03-01 00:39:00.000000000,-3.41026220591334,46.50177301855226,10972.8,22728.94085815235,210.00748,0.5989068037737496,1.0534258021770688,1.0,1.0,1.0,13.79991870565744
SE300_FL360,2022-03-01 00:40:00.000000000,-3.2425664234872786,46.54748129024899,10972.8,22728.94085815235,209.96454,0.5956868294343053,1.048035897781727,1.0,1.0,1.0,13.799922852412047
SE300_FL360,2022-03-01 00:41:00.000000000,-3.0751334306903266,46.59388656047466,10972.8,22728.94085815235,209.95572,0.5938086967497319,1.044788183816822,1.0,1.0,1.0,13.800008407530912
SE300_FL360,2022-03-01 00:42:00.000000000,-2.907985546322268,46.641019270999685,10972.8,22728.94085815235,209.95274,0.5933151527219599,1.0439404793198845,1.0,1.0,1.0,13.79999152577942
SE300_FL360,2022-03-01 00:43:00.000000000,-2.74114057917694,46.68889649733604,10972.8,22728.94085815235,209.95137,0.5938479434133151,1.0448880631720159,1.0,1.0,1.0,13.799977274791766
SE300_FL360,2022-03-01 00:44:00.000000000,-2.5746196225871447,46.73754198383629,10972.8,22728.94085815235,209.91377,0.600538895497435,1.0569015787669604,1.0,1.0,1.0,13.799965416219916
SE300_FL360,2022-03-01 00:45:00.000000000,-2.4084444011529893,46.78697905887585,10972.8,22728.94085815235,209.83885,0.6099426640856636,1.073942455529086,1.0,1.0,1.0,13.799955690405685
SE300_FL360,2022-03-01 00:46:00.000000000,-2.24263725835525,46.83723057208739,10972.8,22728.94085815235,209.74347,0.6215411776954132,1.0950034249796272,1.0,1.0,1.0,13.799947822412035
SE300_FL360,2022-03-01 00:47:00.000000000,-2.077221138921509,46.88831882936984,10972.8,22728.94085815235,209.61493,0.6364002165016193,1.1220608961220147,1.0,1.0,1.0,13.799941528604728
SE300_FL360,2022-03-01 00:48:00.000000000,-1.9122195656143586,46.94026552601405,10972.8,22728.94085815235,209.4955,0.6498153751264774,1.14654938080777,1.0,1.0,1.0,13.799936523592704
SE300_FL360,2022-03-01 00:49:00.000000000,-1.747656610142675,46.99309167833649,10972.8,22728.94085815235,209.3832,0.6621832458458538,1.169169508082973,1.0,1.0,1.0,13.799932527317191
SE300_FL360,2022-03-01 00:50:00.000000000,-1.5835568579366146,47.046817554258936,10972.8,22728.94085815235,209.36177,0.6649754838868676,1.1742480665883603,1.0,1.0,1.0,13.799929272076493
SE300_FL360,2022-03-01 00:51:00.000000000,-1.41994536657518,47.10146260331857,10972.8,22728.94085815235,209.37953,0.663756110627718,1.1719717268643082,1.0,1.0,1.0,13.799926509251202
SE300_FL360,2022-03-01 00:52:00.000000000,-1.2568476177121715,47.15704538663485,10972.8,22728.94085815235,209.43332,0.6599738299752729,1.1649088231896132,1.0,1.0,1.0,13.799924015512413
SE300_FL360,2022-03-01 00:53:00.000000000,-1.0942894624114776,47.21358350739827,10972.8,22728.94085815235,209.44942,0.6559357923309828,1.1576691014414267,1.0,1.0,1.0,13.799921598299676
SE300_FL360,2022-03-01 00:54:00.000000000,-0.9322970598757382,47.27109354247939,10972.8,22728.94085815235,209.4563,0.652153019529655,1.1509473102905936,1.0,1.0,1.0,13.799919100366923
SE300_FL360,2022-03-01 00:55:00.000000000,-0.7708968096326502,47.329590975783,10972.8,22728.94085815235,209.46468,0.6460096340314236,1.140047169374365,1.0,1.0,1.0,13.799916403229442
SE300_FL360,2022-03-01 00:56:00.000000000,-0.6101152773294826,47.38909013399148,10972.8,22728.94085815235,209.4008,0.6425007450295639,1.134291964997573,1.0,1.0,1.0,13.79991342938298
SE300_FL360,2022-03-01 00:57:00.000000000,-0.4499791143776922,47.44960412535214,10972.8,22728.94085815235,209.33522,0.6403157291008407,1.1308870322745779,1.0,1.0,1.0,13.79991014318596
SE300_FL360,2022-03-01 00:58:00.000000000,-0.2905149717839815,47.51114478216384,10972.8,22728.94085815235,209.3008,0.6409773352663852,1.1322882295875474,1.0,1.0,1.0,13.799906550367
SE300_FL360,2022-03-01 00:59:00.000000000,-0.1317494086006752,47.57372260760951,10972.8,22728.94085815235,209.26718,0.6474106638273868,1.1438894603613587,1.0,1.0,1.0,13.799902696148978
SE300_FL360,2022-03-01 01:00:00.000000000,0.026291204476382772,47.63734672756016,10972.8,22728.94085815235,209.25465,0.6554702437601936,1.1582132206117481,1.0,1.0,1.0,13.799898662049376
SE300_FL360,2022-03-01 01:01:00.000000000,0.1835807857402945,47.702024847945545,10972.8,22728.94085815235,209.3519,0.6634895299652385,1.1716969595841529,1.0,1.0,1.0,13.799894561448786
SE300_FL360,2022-03-01 01:02:00.000000000,0.3400936466257237,47.767763218243296,10972.8,22728.94085815235,209.44174,0.6695885523196852,1.1818234149838898,1.0,1.0,1.0,13.799890534083259
SE300_FL360,2022-03-01 01:03:00.000000000,0.4958045985892688,47.834566601585344,10972.8,22728.94085815235,209.52122,0.6752714926569466,1.1912770206332695,1.0,1.0,1.0,13.799886739660096
SE300_FL360,2022-03-01 01:04:00.000000000,0.6506890618532523,47.90243825191635,10972.8,22728.94085815235,209.64297,0.6713491239052901,1.1834771703388274,1.0,1.0,1.0,13.799883350808148
SE300_FL360,2022-03-01 01:05:00.000000000,0.8047231750871445,47.97137989856527,10972.8,22728.94085815235,209.76634,0.6655477223469645,1.1723687865383448,1.0,1.0,1.0,13.799880545640207
SE300_FL360,2022-03-01 01:06:00.000000000,0.9578839050532617,48.04139173850947,10972.8,22728.94085815235,209.9043,0.6582307370960614,1.1585027825239131,1.0,1.0,1.0,13.799880297337754
SE300_FL360,2022-03-01 01:07:00.000000000,1.1101490175689515,48.11247259658721,10972.8,22728.94085815235,210.05232,0.6475689932510997,1.1387021226356187,1.0,1.0,1.0,13.799955765457092
SE300_FL360,2022-03-01 01:08:00.000000000,1.2614916109520389,48.18462623408982,10972.8,22728.94085815235,210.20212,0.6334220186749573,1.1128023161453495,1.0,1.0,1.0,13.799946076537669
SE300_FL360,2022-03-01 01:09:00.000000000,1.4118974565169005,48.25784150407756,10972.8,22728.94085815235,210.37675,0.6062718182553589,1.0639586211834595,1.0,1.0,1.0,13.799936769163452
SE300_FL360,2022-03-01 01:10:00.000000000,1.5613479605795775,48.33211247748483,10972.8,22728.94085815235,210.53723,0.5812740119046178,1.0190831565457767,1.0,1.0,1.0,13.799928078960882
SE300_FL360,2022-03-01 01:11:00.000000000,1.7098258754552036,48.40743177483138,10972.8,22728.94085815235,210.68605,0.5601715214369766,0.9811793232486983,1.0,0.0,0.0,13.799920213907653
SE300_FL360,2022-03-01 01:12:00.000000000,1.8573153869251047,48.48379060616857,10972.8,22728.94085815235,210.82948,0.5424340294665255,0.9492638044436663,1.0,0.0,0.0,13.799913349084349
SE300_FL360,2022-03-01 01:13:00.000000000,2.00380219478423,48.561178817972646,10972.8,22728.94085815235,210.96568,0.5263904254025086,0.9204083192905635,1.0,0.0,0.0,13.799907622724088
SE300_FL360,2022-03-01 01:14:00.000000000,2.1492735857235448,48.63958494650445,10972.8,22728.94085815235,211.02368,0.5126789828176006,0.8961084788809823,1.0,0.0,0.0,13.79990313363142
SE300_FL360,2022-03-01 01:15:00.000000000,2.2937184979011707,48.71899627708127,10972.8,22728.94085815235,211.0793,0.4997549372530986,0.8732155990259157,1.0,0.0,0.0,13.799899939990695
SE300_FL360,2022-03-01 01:16:00.000000000,2.437127576666514,48.79939890864313,10972.8,22728.94085815235,211.1148,0.48735096260046973,0.8513557295677173,1.0,0.0,0.0,13.799898059510873
SE300_FL360,2022-03-01 01:17:00.000000000,2.57949322101926,48.88077782294388,10972.8,22728.94085815235,211.12526,0.47637283189229107,0.8321215082195987,1.0,0.0,0.0,13.799897470818289
SE300_FL360,2022-03-01 01:18:00.000000000,2.7208096205090637,48.96311695765744,10972.8,22728.94085815235,211.10304,0.4676775362563221,0.8170481529186377,1.0,0.0,0.0,13.799898115948379
SE300_FL360,2022-03-01 01:19:00.000000000,2.8610727824072804,49.04639928266274,10972.8,22728.94085815235,211.06244,0.46214839399874547,0.8075909045195697,1.0,0.0,0.0,13.799899903772648
SE300_FL360,2022-03-01 01:20:00.000000000,3.0002805491083504,49.13060687875635,10972.8,22728.94085815235,211.01837,0.4581907880099242,0.8008973944958094,1.0,0.0,0.0,13.799902714140295
SE300_FL360,2022-03-01 01:21:00.000000000,3.1384326058413183,49.21572101804042,10972.8,22728.94085815235,210.96173,0.45711905279358417,0.7993058077842643,1.0,0.0,0.0,13.799906402511214
SE300_FL360,2022-03-01 01:22:00.000000000,3.275530478889779,49.30172224524366,10972.8,22728.94085815235,210.91211,0.4561527476516055,0.7978643097236371,1.0,0.0,0.0,13.799910804862314
SE300_FL360,2022-03-01 01:23:00.000000000,3.411577524628558,49.38859045925548,10972.8,22728.94085815235,210.88206,0.45423038659588105,0.7946489535637414,1.0,0.0,0.0,13.799915742621737
SE300_FL360,2022-03-01 01:24:00.000000000,3.546578909786857,49.47630499418438,10972.8,22728.94085815235,210.85939,0.45156702827682943,0.790099122949826,1.0,0.0,0.0,13.799921027431493
SE300_FL360,2022-03-01 01:25:00.000000000,3.6805415834364057,49.56484469929377,10972.8,22728.94085815235,210.86441,0.44598807506374777,0.7803153071644301,1.0,0.0,0.0,13.799926465539238
SE300_FL360,2022-03-01 01:26:00.000000000,3.813474241281341,49.65418801721622,10972.8,22728.94085815235,210.8717,0.44213748022575516,0.7735435729594292,1.0,0.0,0.0,13.799931861647412
SE300_FL360,2022-03-01 01:27:00.000000000,3.945387282890515,49.74431305990206,10972.8,22728.94085815235,210.87825,0.4404481816699771,0.7705556214799559,1.0,0.0,0.0,13.799937022113916
SE300_FL360,2022-03-01 01:28:00.000000000,4.076292762563807,49.83519768181777,10972.8,22728.94085815235,210.90985,0.4375383427202574,0.76531567618503,1.0,0.0,0.0,13.799941757380292
SE300_FL360,2022-03-01 01:29:00.000000000,4.206204334561293,49.92681954997152,10972.8,22728.94085815235,210.9417,0.4350389076478341,0.7607918461343274,1.0,0.0,0.0,13.799945883601017
SE300_FL360,2022-03-01 01:30:00.000000000,4.335137193447722,50.01915621040786,10972.8,22728.94085815235,210.96745,0.43484458091296546,0.76032990544478,1.0,0.0,0.0,13.799949223437263
SE300_FL360,2022-03-01 01:31:00.000000000,4.463108010316069,50.1121851508771,10972.8,22728.94085815235,211.0072,0.43365689776169447,0.7580654735902865,1.0,0.0,0.0,13.79995160605297
SE300_FL360,2022-03-01 01:32:00.000000000,4.590134865652553,50.20588385944899,10972.8,22728.94085815235,211.02844,0.4305246831615491,0.752491056335936,1.0,0.0,0.0,13.799952866356099
SE300_FL360,2022-03-01 01:33:00.000000000,4.716237179594008,50.300229878900765,10972.8,22728.94085815235,211.02896,0.427080124153526,0.7464680048809624,1.0,0.0,0.0,13.799952843577072
SE300_FL360,2022-03-01 01:34:00.000000000,4.841435640306324,50.39520085676857,10972.8,22728.94085815235,211.0123,0.4226886384672613,0.7388674528136971,1.0,0.0,0.0,13.799951379286926
SE300_FL360,2022-03-01 01:35:00.000000000,4.965752131182763,50.49077459100485,10972.8,22728.94085815235,210.99556,0.4177332308651895,0.7302814088545009,1.0,0.0,0.0,13.799948314979101
SE300_FL360,2022-03-01 01:36:00.000000000,5.08920965752353,50.58692907123493,10972.8,22728.94085815235,210.92183,0.4152406347728059,0.726259292366157,1.0,0.0,0.0,13.7999434893709
SE300_FL360,2022-03-01 01:37:00.000000000,5.211832273314692,50.683642515650746,10972.8,22728.94085815235,210.83598,0.41522092727903787,0.7266090360205103,1.0,0.0,0.0,13.799936735540259
SE300_FL360,2022-03-01 01:38:00.000000000,5.333645008677116,50.78089340361986,10972.8,22728.94085815235,210.75276,0.41787954773049807,0.7316423959416868,1.0,0.0,0.0,13.79992787807843
SE300_FL360,2022-03-01 01:39:00.000000000,5.454673798505399,50.87866050412251,10972.8,22728.94085815235,210.66899,0.4223775631703828,0.7399035200281887,1.0,0.0,0.0,13.799916730378694
SE300_FL360,2022-03-01 01:40:00.000000000,5.574945412764155,50.97692290015904,10972.8,22728.94085815235,210.574,0.43031622096278355,0.7542525700798443,1.0,0.0,0.0,13.799909146879337
SE300_FL360,2022-03-01 01:41:00.000000000,5.69448698268002,51.07566027243519,10972.8,22728.94085815235,210.45364,0.44058300431907194,0.7728199301066242,1.0,0.0,0.0,13.800036502008268
SE300_FL360,2022-03-01 01:42:00.000000000,5.813317860079042,51.17485813030892,10972.8,22728.94085815235,210.36087,0.44795607316345815,0.7862051596322638,1.0,0.0,0.0,13.800019343694286
SE300_FL360,2022-03-01 01:43:00.000000000,5.931476383526231,51.274490485820074,10972.8,22728.94085815235,210.28741,0.4537793812194477,0.7967857201716999,1.0,0.0,0.0,13.799999557176893
SE300_FL360,2022-03-01 01:44:00.000000000,6.048992146742065,51.37453779717241,10972.8,22728.94085815235,210.2077,0.46034822458120994,0.8087167908281482,1.0,0.0,0.0,13.799976952886416
SE300_FL360,2022-03-01 01:45:00.000000000,6.16589527157801,51.47498090580639,10972.8,22728.94085815235,210.12743,0.46733913914231356,0.8214053205046199,1.0,0.0,0.0,13.799951314976644
SE300_FL360,2022-03-01 01:46:00.000000000,6.282216354420901,51.575801040761654,10972.8,22728.94085815235,210.06917,0.4705832242318312,0.827402917232951,1.0,0.0,0.0,13.799922401731491
SE300_FL360,2022-03-01 01:47:00.000000000,6.397986416102225,51.67697982039795,10972.8,22728.94085815235,210.09944,0.4621399979783798,0.8124066300140851,1.0,0.0,0.0,13.799896422178843
SE300_FL360,2022-03-01 01:48:00.000000000,6.513236540852692,51.77849945999789,10972.8,22728.94085815235,210.12439,0.45516935092566907,0.8000300786681173,1.0,0.0,0.0,13.800070683038491
SE300_FL360,2022-03-01 01:49:00.000000000,6.627989237000202,51.88034855874178,10972.8,22728.94085815235,210.15828,0.4461493661264459,0.7840111324598404,1.0,0.0,0.0,13.800033136164926
SE300_FL360,2022-03-01 01:50:00.000000000,6.7422871098143675,51.982503017475295,10972.8,22728.94085815235,210.19044,0.4378236879258918,0.7692279722256593,1.0,0.0,0.0,13.79999217680041
SE300_FL360,2022-03-01 01:51:00.000000000,6.85616260126879,52.08494594286698,10972.8,22728.94085815235,210.26143,0.4247720902165532,0.745972540472401,1.0,0.0,0.0,13.799947488517821
SE300_FL360,2022-03-01 01:52:00.000000000,6.9696483812259675,52.187660808917485,10972.8,22728.94085815235,210.34021,0.4113682446599565,0.7220814950677041,1.0,0.0,0.0,13.799898737232269
SE300_FL360,2022-03-01 01:53:00.000000000,7.082777318490884,52.29063144711092,10972.8,22728.94085815235,210.4032,0.4030615545440233,0.7072295048766339,1.0,0.0,0.0,13.800030398716745
SE300_FL360,2022-03-01 01:54:00.000000000,7.19557701404532,52.39384625576109,10972.8,22728.94085815235,210.46896,0.39495657262757483,0.6927257666246326,1.0,0.0,0.0,13.800054345163323
SE300_FL360,2022-03-01 01:55:00.000000000,7.308085257117626,52.49728673117904,10972.8,22728.94085815235,210.53722,0.3865558016204571,0.6777041738989925,1.0,0.0,0.0,13.799996740891372
SE300_FL360,2022-03-01 01:56:00.000000000,7.420338038484323,52.60093580787837,10972.8,22728.94085815235,210.59288,0.3804332368678311,0.6667388515882401,1.0,0.0,0.0,13.799934836100903
SE300_FL360,2022-03-01 01:57:00.000000000,7.532368946100369,52.70477859337681,10972.8,22728.94085815235,210.63885,0.37525282414411,0.6574746244738706,1.0,0.0,0.0,13.7999107047655
SE300_FL360,2022-03-01 01:58:00.000000000,7.644210999091989,52.80880120769993,10972.8,22728.94085815235,210.6742,0.3704554218797242,0.648926731263597,1.0,0.0,0.0,13.80009727987662
SE300_FL360,2022-03-01 01:59:00.000000000,7.755895885982359,52.912992453617406,10972.8,22728.94085815235,210.71207,0.365190371984418,0.6395523790225798,1.0,0.0,0.0,13.800026839405156
SE300_FL360,2022-03-01 02:00:00.000000000,7.867462507785084,53.01733360209722,10972.8,22728.94085815235,210.70943,0.36722719420413946,0.6431304923191052,1.0,0.0,0.0,13.799951817325509
SE300_FL360,2022-03-01 02:01:00.000000000,7.97894493915904,53.12181080944994,10972.8,22728.94085815235,210.69836,0.36662224312480257,0.6421144264341423,1.0,0.0,0.0,13.799878948745755
SE300_FL360,2022-03-01 02:02:00.000000000,8.090377316599858,53.22641053966239,10972.8,22728.94085815235,210.67612,0.3715427238444383,0.6508216966801788,1.0,0.0,0.0,13.80011613732471
SE300_FL360,2022-03-01 02:03:00.000000000,8.201794722995709,53.33112242122278,10972.8,22728.94085815235,210.65279,0.3777949293527265,0.6618705493899193,1.0,0.0,0.0,13.800033244616367
SE300_FL360,2022-03-01 02:04:00.000000000,8.313233280726271,53.43592919842136,10972.8,22728.94085815235,210.62184,0.38451697162541565,0.6737762445528885,1.0,0.0,0.0,13.799945514347323
SE300_FL360,2022-03-01 02:05:00.000000000,8.42472747485294,53.54081781028977,10972.8,22728.94085815235,210.5808,0.3884860668400085,0.6809043408130624,1.0,0.0,0.0,13.799915365810826
SE300_FL360,2022-03-01 02:06:00.000000000,8.536312692536393,53.64577571103455,10972.8,22728.94085815235,210.5393,0.392807842303496,0.6886555747175046,1.0,0.0,0.0,13.80011004309586
SE300_FL360,2022-03-01 02:07:00.000000000,8.648028278660536,53.750790832795516,10972.8,22728.94085815235,210.50418,0.40258604997554365,0.7059523520863616,1.0,0.0,0.0,13.800015304799869
SE300_FL360,2022-03-01 02:08:00.000000000,8.759906477778147,53.85584845500265,10972.8,22728.94085815235,210.46756,0.40834694806056715,0.7162144669269899,1.0,0.0,0.0,13.79991564313486
SE300_FL360,2022-03-01 02:09:00.000000000,8.871982232889263,53.96093601106962,10972.8,22728.94085815235,210.42566,0.4108295393311723,0.7207567127020973,1.0,0.0,0.0,13.800004103946796
SE300_FL360,2022-03-01 02:10:00.000000000,8.984295963690094,54.06604108818969,10972.8,22728.94085815235,210.38702,0.4143653770244477,0.7271334202359181,1.0,0.0,0.0,13.800080631551038
SE300_FL360,2022-03-01 02:11:00.000000000,9.096884905918607,54.17115044521283,10972.8,22728.94085815235,210.36595,0.4190913785555654,0.7355235569960813,1.0,0.0,0.0,13.799975069909443
SE300_FL360,2022-03-01 02:12:00.000000000,9.20978021803311,54.27625136209472,10972.8,22728.94085815235,210.34242,0.419497890675876,0.7363420580766128,1.0,0.0,0.0,13.799864842324851
SE300_FL360,2022-03-01 02:13:00.000000000,9.323017438348389,54.38133146507345,10972.8,22728.94085815235,210.32916,0.4235326228577676,0.7434865484570671,1.0,0.0,0.0,13.800132173225244
SE300_FL360,2022-03-01 02:14:00.000000000,9.436648363691544,54.48637655428334,10972.8,22728.94085815235,210.31566,0.42573235509710655,0.7474076081648122,1.0,0.0,0.0,13.800031613689772
SE300_FL360,2022-03-01 02:15:00.000000000,9.550696513269713,54.59137491446518,10972.8,22728.94085815235,210.30571,0.4261204925649515,0.7481361965386534,1.0,0.0,0.0,13.799916973248944
SE300_FL360,2022-03-01 02:16:00.000000000,9.665197626195663,54.69631414251662,10972.8,22728.94085815235,210.29631,0.42388030067023774,0.7442481936584789,1.0,0.0,0.0,13.800000285525412
SE300_FL360,2022-03-01 02:17:00.000000000,9.780198569347377,54.80118004346924,10972.8,22728.94085815235,210.29079,0.423070105328308,0.7428470585062273,1.0,0.0,0.0,13.800086698051244
SE300_FL360,2022-03-01 02:18:00.000000000,9.895738483326229,54.90595917369293,10972.8,22728.94085815235,210.28665,0.4233624000358015,0.7433815008926099,1.0,0.0,0.0,12.396279145510631
SE300_FL360,2022-03-01 02:18:53.897617080,10.0,55.0,10972.8,22728.94085815235,210.27402,0.4197981567797976,0.7371802857132099,1.0,0.0,0.0,0.0
SE150_FL360,2022-03-01 00:00:00.000000000,-10.000000000000002,45.00000000000001,10972.8,22728.94085815235,211.58328,0.6453642887379416,1.1240788472207637,1.0,1.0,1.0,13.800025280721622
SE150_FL360,2022-03-01 00:01:00.000000000,-9.848780362463852,45.06309802296491,10972.8,22728.94085815235,211.46187,0.6481340050385355,1.129765818988434,1.0,1.0,1.0,13.800023124170625
SE150_FL360,2022-03-01 00:02:00.000000000,-9.69723892593266,45.12601025046198,10972.8,22728.94085815235,211.30765,0.6559999347178531,1.1445866810833893,1.0,1.0,1.0,13.800020919334957
SE150_FL360,2022-03-01 00:03:00.000000000,-9.545386915730079,45.18874995403247,10972.8,22728.94085815235,211.17416,0.6589357078122663,1.150668994176466,1.0,1.0,1.0,13.80001868361511
SE150_FL360,2022-03-01 00:04:00.000000000,-9.393235477429094,45.251330452726556,10972.8,22728.94085815235,211.06396,0.6658101776151899,1.163474814147882,1.0,1.0,1.0,13.800016434639819
SE150_FL360,2022-03-01 00:05:00.000000000,-9.240795680594678,45.31376510728148,10972.8,22728.94085815235,210.99112,0.6683728354895783,1.1684807154345545,1.0,1.0,1.0,13.800014190107833
SE150_FL360,2022-03-01 00:06:00.000000000,-9.088078522618359,45.376067314269825,10972.8,22728.94085815235,210.91238,0.6786528526802161,1.1870400111980135,1.0,1.0,1.0,13.800011967625645
SE150_FL360,2022-03-01 00:07:00.000000000,-8.935094932619785,45.43825050019791,10972.8,22728.94085815235,210.85283,0.6853356015196057,1.1991684286535345,1.0,1.0,1.0,13.800009784533726
SE150_FL360,2022-03-01 00:08:00.000000000,-8.78185577539008,45.500328115534025,10972.8,22728.94085815235,210.82895,0.6855462062073825,1.199715745195532,1.0,1.0,1.0,13.80000765772226
SE150_FL360,2022-03-01 00:09:00.000000000,-8.628371855351828,45.56231362864651,10972.8,22728.94085815235,210.78345,0.6840738816413945,1.197481858053727,1.0,1.0,1.0,13.80000560344844
SE150_FL360,2022-03-01 00:10:00.000000000,-8.474653920510518,45.62422051963216,10972.8,22728.94085815235,210.72905,0.685712236883023,1.2007498337374256,1.0,1.0,1.0,13.800003637143645
SE150_FL360,2022-03-01 00:11:00.000000000,-8.320712666371875,45.68606227401563,10972.8,22728.94085815235,210.66702,0.6946488303056948,1.2168700359454874,1.0,1.0,1.0,13.800001773220872
SE150_FL360,2022-03-01 00:12:00.000000000,-8.166558739799713,45.74785237630135,10972.8,22728.94085815235,210.59276,0.7012280418829455,1.228958230744541,1.0,1.0,1.0,13.800000024891407
SE150_FL360,2022-03-01 00:13:00.000000000,-8.012202742788062,45.80960430335971,10972.8,22728.94085815235,210.53107,0.7001739767949241,1.2275792456167953,1.0,1.0,1.0,13.79999840397277
SE150_FL360,2022-03-01 00:14:00.000000000,-7.857655236121768,45.87133151763049,10972.8,22728.94085815235,210.48312,0.6904127053178931,1.2108241630173748,1.0,1.0,1.0,13.799996920709697
SE150_FL360,2022-03-01 00:15:00.000000000,-7.702926742899029,45.933047460127014,10972.8,22728.94085815235,210.45692,0.6833097366867784,1.1985639889890283,1.0,1.0,1.0,13.799995583611501
SE150_FL360,2022-03-01 00:16:00.000000000,-7.548027751889124,45.99476554322603,10972.8,22728.94085815235,210.44992,0.6773198148516403,1.1881068526036553,1.0,1.0,1.0,13.799994399289552
SE150_FL360,2022-03-01 00:17:00.000000000,-7.392968720698455,46.05649914322893,10972.8,22728.94085815235,210.49693,0.664556746714445,1.1653825994669758,1.0,1.0,1.0,13.799993372318367
SE150_FL360,2022-03-01 00:18:00.000000000,-7.237760078717368,46.118261592681485,10972.8,22728.94085815235,210.56679,0.6545974850562861,1.147420537703013,1.0,1.0,1.0,13.799992505114373
SE150_FL360,2022-03-01 00:19:00.000000000,-7.0824122298204,46.18006617244081,10972.8,22728.94085815235,210.64386,0.6497683787438997,1.1384142912010993,1.0,1.0,1.0,13.799991797836244
SE150_FL360,2022-03-01 00:20:00.000000000,-6.926935554791905,46.241926103479614,10972.8,22728.94085815235,210.71954,0.6464321350797465,1.1320376574428321,1.0,1.0,1.0,13.799991248309139
SE150_FL360,2022-03-01 00:21:00.000000000,-6.771340413449099,46.303854538419465,10972.8,22728.94085815235,210.81718,0.6343780353498195,1.1102543278329555,1.0,1.0,1.0,13.79999085197143
SE150_FL360,2022-03-01 00:22:00.000000000,-6.615637146434141,46.36586455278655,10972.8,22728.94085815235,210.87717,0.6290717790190821,1.1005588034683411,1.0,1.0,1.0,13.79999060186101
SE150_FL360,2022-03-01 00:23:00.000000000,-6.4598360766471385,46.427969135985755,10972.8,22728.94085815235,210.92615,0.628803837212826,1.0997504148346728,1.0,1.0,1.0,13.799990488621079
SE150_FL360,2022-03-01 00:24:00.000000000,-6.3039475102915645,46.49018118199037,10972.8,22728.94085815235,210.9601,0.6334832959991757,1.1077021539666452,1.0,1.0,1.0,13.799990500548963
SE150_FL360,2022-03-01 00:25:00.000000000,-6.147981737503878,46.552513479747134,10972.8,22728.94085815235,210.9713,0.6414421113096723,1.1215399393355723,1.0,1.0,1.0,13.799990623666508
SE150_FL360,2022-03-01 00:26:00.000000000,-5.991949032539317,46.6149787032986,10972.8,22728.94085815235,210.9603,0.6564272537075583,1.1478197763129583,1.0,1.0,1.0,13.799990841836957
SE150_FL360,2022-03-01 00:27:00.000000000,-5.835859653486246,46.67758940162737,10972.8,22728.94085815235,210.95992,0.6685598113310812,1.1690401001363424,1.0,1.0,1.0,13.799991136910966
SE150_FL360,2022-03-01 00:28:00.000000000,-5.679723841481787,46.740357988228865,10972.8,22728.94085815235,210.95827,0.6809235965946379,1.1906709846319978,1.0,1.0,1.0,13.799991488902345
SE150_FL360,2022-03-01 00:29:00.000000000,-5.523551819402239,46.80329673042195,10972.8,22728.94085815235,210.95282,0.6880602118266907,1.2031883505485732,1.0,1.0,1.0,13.799991876206876
SE150_FL360,2022-03-01 00:30:00.000000000,-5.367353790002575,46.86641773840963,10972.8,22728.94085815235,210.94695,0.6786562985937504,1.1867864136796542,1.0,1.0,1.0,13.799992275841205
SE150_FL360,2022-03-01 00:31:00.000000000,-5.2111399334805135,46.92973295410445,10972.8,22728.94085815235,210.92915,0.669529985096433,1.1709585576029007,1.0,1.0,1.0,13.799992663719705
SE150_FL360,2022-03-01 00:32:00.000000000,-5.05492040444159,46.993254139735846,10972.8,22728.94085815235,210.90443,0.6572486409066159,1.1496578840673484,1.0,1.0,1.0,13.799993014953047
SE150_FL360,2022-03-01 00:33:00.000000000,-4.89870532824359,47.05699286626,10972.8,22728.94085815235,210.82573,0.6467722535756356,1.1318887812198577,1.0,1.0,1.0,13.799993304171764
SE150_FL360,2022-03-01 00:34:00.000000000,-4.7425047966999045,47.12096050159472,10972.8,22728.94085815235,210.72643,0.6371183530391585,1.1156803433381817,1.0,1.0,1.0,13.79999350586429
SE150_FL360,2022-03-01 00:35:00.000000000,-4.586328863123924,47.185168198705355,10972.8,22728.94085815235,210.58128,0.6265276939394231,1.098119189129902,1.0,1.0,1.0,13.799993594737066
SE150_FL360,2022-03-01 00:36:00.000000000,-4.430187536698249,47.24962688356991,10972.8,22728.94085815235,210.42676,0.6181820127726421,1.084526848377122,1.0,1.0,1.0,13.799993546077733
SE150_FL360,2022-03-01 00:37:00.000000000,-4.274090776155365,47.31434724305453,10972.8,22728.94085815235,210.25745,0.6136175099539365,1.0776428154326454,1.0,1.0,1.0,13.799993336121352
SE150_FL360,2022-03-01 00:38:00.000000000,-4.118048482758973,47.37933971273268,10972.8,22728.94085815235,210.09187,0.6105147579789074,1.0732880505098352,1.0,1.0,1.0,13.799992942424828
SE150_FL360,2022-03-01 00:39:00.000000000,-3.9620704925782735,47.44461446468435,10972.8,22728.94085815235,209.93411,0.6079349790894946,1.0697835529821569,1.0,1.0,1.0,13.7999923442172
SE150_FL360,2022-03-01 00:40:00.000000000,-3.806166568050712,47.510181395313246,10972.8,22728.94085815235,209.82007,0.6055658098116947,1.066358258791895,1.0,1.0,1.0,13.799991522756148
SE150_FL360,2022-03-01 00:41:00.000000000,-3.6503463888319807,47.57605011322245,10972.8,22728.94085815235,209.72523,0.6030097384455625,1.0624726068844408,1.0,1.0,1.0,13.799990461647935
SE150_FL360,2022-03-01 00:42:00.000000000,-3.4946195419363453,47.64222992719104,10972.8,22728.94085815235,209.62987,0.6005496315445706,1.0587541890710348,1.0,1.0,1.0,13.799989147153058
SE150_FL360,2022-03-01 00:43:00.000000000,-3.3389955111735663,47.708729834295355,10972.8,22728.94085815235,209.5556,0.5979156323562995,1.0545861148368363,1.0,1.0,1.0,13.79998756845803
SE150_FL360,2022-03-01 00:44:00.000000000,-3.1834836658934074,47.775558508220634,10972.8,22728.94085815235,209.49728,0.5970606850763301,1.0534541040733236,1.0,1.0,1.0,13.79998571790615
SE150_FL360,2022-03-01 00:45:00.000000000,-3.0280932490527612,47.84272428780939,10972.8,22728.94085815235,209.469,0.5976124413113851,1.054611468444126,1.0,1.0,1.0,13.799983591199357
SE150_FL360,2022-03-01 00:46:00.000000000,-2.872833364624784,47.91023516589412,10972.8,22728.94085815235,209.45769,0.5983953486765907,1.0560646040808948,1.0,1.0,1.0,13.799981187540997
SE150_FL360,2022-03-01 00:47:00.000000000,-2.7177129643741873,47.97809877846222,10972.8,22728.94085815235,209.45428,0.599741023885298,1.0584617915104764,1.0,1.0,1.0,13.799978509741795
SE150_FL360,2022-03-01 00:48:00.000000000,-2.562740834027267,48.046322394201255,10972.8,22728.94085815235,209.4761,0.6021220860226036,1.0625194156396756,1.0,1.0,1.0,13.799975564268491
SE150_FL360,2022-03-01 00:49:00.000000000,-2.407925578869879,48.11491290447256,10972.8,22728.94085815235,209.48544,0.6022983196161085,1.0627737666543908,1.0,1.0,1.0,13.799972361242325
SE150_FL360,2022-03-01 00:50:00.000000000,-2.2532756088113697,48.18387681376056,10972.8,22728.94085815235,209.48561,0.6020024631316531,1.062247634633984,1.0,1.0,1.0,13.799968914382415
SE150_FL360,2022-03-01 00:51:00.000000000,-2.0987991229566814,48.25322023064404,10972.8,22728.94085815235,209.47482,0.6026892804302714,1.063530207845488,1.0,1.0,1.0,13.799965240897679
SE150_FL360,2022-03-01 00:52:00.000000000,-1.9445040937337181,48.3229488593347,10972.8,22728.94085815235,209.50558,0.6031321423187952,1.0641119477841232,1.0,1.0,1.0,13.799961361323575
SE150_FL360,2022-03-01 00:53:00.000000000,-1.7903982506269553,48.393067991826065,10972.8,22728.94085815235,209.61586,0.6014046943856455,1.0603516843861778,1.0,1.0,1.0,13.799957299309654
SE150_FL360,2022-03-01 00:54:00.000000000,-1.6364890635725675,48.46358250069396,10972.8,22728.94085815235,209.73361,0.5981025768212627,1.0537766044826273,1.0,1.0,1.0,13.799953081365691
SE150_FL360,2022-03-01 00:55:00.000000000,-1.482783726073991,48.534496832587074,10972.8,22728.94085815235,209.86606,0.5926983101117342,1.0434085341771857,1.0,1.0,1.0,13.799948736550181
SE150_FL360,2022-03-01 00:56:00.000000000,-1.3292891381006948,48.60581500244348,10972.8,22728.94085815235,210.02983,0.5845326709191131,1.0279996042747106,1.0,1.0,1.0,13.79996224359886
SE150_FL360,2022-03-01 00:57:00.000000000,-1.176012199022902,48.677541157964725,10972.8,22728.94085815235,210.12202,0.5810972506807283,1.0213817738133386,1.0,1.0,1.0,13.800015850398514
SE150_FL360,2022-03-01 00:58:00.000000000,-1.022959909011004,48.74967973493967,10972.8,22728.94085815235,210.14656,0.5838760761975895,1.0261106926781296,1.0,1.0,1.0,13.800011280819982
SE150_FL360,2022-03-01 00:59:00.000000000,-0.8701372214611162,48.82223162470867,10972.8,22728.94085815235,210.14473,0.5904033487660488,1.0375963249970954,1.0,1.0,1.0,13.800006501605102
SE150_FL360,2022-03-01 01:00:00.000000000,-0.7175496815727354,48.89519906140205,10972.8,22728.94085815235,210.11919,0.5993981244095458,1.0535667718354136,1.0,1.0,1.0,13.800001555312974
SE150_FL360,2022-03-01 01:01:00.000000000,-0.5652024537904219,48.96858383001156,10972.8,22728.94085815235,210.02498,0.6137021581483648,1.0793339008896883,1.0,1.0,1.0,13.79999648581086
SE150_FL360,2022-03-01 01:02:00.000000000,-0.4131003048958678,49.04238726558329,10972.8,22728.94085815235,209.93126,0.6262504445568713,1.1020366738550162,1.0,1.0,1.0,13.799991337765992
SE150_FL360,2022-03-01 01:03:00.000000000,-0.2612475873906203,49.116610253279745,10972.8,22728.94085815235,209.82867,0.6377472644847467,1.1229738762216055,1.0,1.0,1.0,13.7999861561264
SE150_FL360,2022-03-01 01:04:00.000000000,-0.1096482232436474,49.1912532293119,10972.8,22728.94085815235,209.7239,0.6511061783041407,1.1472279273979293,1.0,1.0,1.0,13.799980985617015
SE150_FL360,2022-03-01 01:05:00.000000000,0.041694311923352705,49.266316182737384,10972.8,22728.94085815235,209.63866,0.6632625322201158,1.169252108929343,1.0,1.0,1.0,13.799975870245795
SE150_FL360,2022-03-01 01:06:00.000000000,0.19277700414136667,49.341798658116055,10972.8,22728.94085815235,209.61165,0.6631331037270578,1.169216270873539,1.0,1.0,1.0,13.799970852837674
SE150_FL360,2022-03-01 01:07:00.000000000,0.3435973158213465,49.41769975900875,10972.8,22728.94085815235,209.59656,0.6621642232026698,1.1676159590916644,1.0,1.0,1.0,13.79996597459641
SE150_FL360,2022-03-01 01:08:00.000000000,0.49415319983679507,49.49401815230074,10972.8,22728.94085815235,209.58408,0.6572071247803858,1.1589664895827791,1.0,1.0,1.0,13.799961274703167
SE150_FL360,2022-03-01 01:09:00.000000000,0.6444431128990113,49.5707520733261,10972.8,22728.94085815235,209.60869,0.6455087458910026,1.1381627486506554,1.0,1.0,1.0,13.799956789951366
SE150_FL360,2022-03-01 01:10:00.000000000,0.7944660281656921,49.647899331764975,10972.8,22728.94085815235,209.63737,0.634139908817154,1.117921446587409,1.0,1.0,1.0,13.799952554435153
SE150_FL360,2022-03-01 01:11:00.000000000,0.9442214470284372,49.72545731828128,10972.8,22728.94085815235,209.66664,0.6245056063035727,1.1007433830144333,1.0,1.0,1.0,13.799948599276675
SE150_FL360,2022-03-01 01:12:00.000000000,1.0937094100288882,49.803423011864275,10972.8,22728.94085815235,209.70206,0.6149887682599983,1.0837341235987434,1.0,1.0,1.0,13.79994495241215
SE150_FL360,2022-03-01 01:13:00.000000000,1.2429305068591834,49.8817929878337,10972.8,22728.94085815235,209.74348,0.6056087934379825,1.066936616219457,1.0,1.0,1.0,13.799943970232082
SE150_FL360,2022-03-01 01:14:00.000000000,1.391885839203061,49.9605634958069,10972.8,22728.94085815235,209.81374,0.5978109382097065,1.052745993540529,1.0,1.0,1.0,13.800018164069398
SE150_FL360,2022-03-01 01:15:00.000000000,1.5405756538199646,50.039732525500625,10972.8,22728.94085815235,209.88748,0.5905601166484241,1.0395080524242404,1.0,1.0,1.0,13.800012779561797
SE150_FL360,2022-03-01 01:16:00.000000000,1.689003811745885,50.119293133097386,10972.8,22728.94085815235,209.97415,0.5821645440778952,1.024186237030617,1.0,1.0,1.0,13.800007711970267
SE150_FL360,2022-03-01 01:17:00.000000000,1.8371731915099507,50.19924036232172,10972.8,22728.94085815235,210.05745,0.5750117204656681,1.0110856487884528,1.0,1.0,1.0,13.800002984178791
SE150_FL360,2022-03-01 01:18:00.000000000,1.985087255414262,50.279568902342035,10972.8,22728.94085815235,210.13565,0.5699644206404985,1.0017293590747331,1.0,1.0,1.0,13.79999861501331
SE150_FL360,2022-03-01 01:19:00.000000000,2.1327500533276282,50.36027309878075,10972.8,22728.94085815235,210.19,0.5697046484679633,1.0009377651422775,1.0,1.0,1.0,13.799994619263725
SE150_FL360,2022-03-01 01:20:00.000000000,2.2801662254169526,50.44134696502648,10972.8,22728.94085815235,210.21748,0.5747769887414116,1.0096780718212173,1.0,1.0,1.0,13.799991007751949
SE150_FL360,2022-03-01 01:21:00.000000000,2.4273410038207826,50.52278419379153,10972.8,22728.94085815235,210.22926,0.5835966451298326,1.0250986834118918,1.0,1.0,1.0,13.799987787443316
SE150_FL360,2022-03-01 01:22:00.000000000,2.5742802132739526,50.604578168858964,10972.8,22728.94085815235,210.20879,0.591870490677728,1.0397607787280698,1.0,1.0,1.0,13.799984961591031
SE150_FL360,2022-03-01 01:23:00.000000000,2.720990270699007,50.686721976962986,10972.8,22728.94085815235,210.15327,0.6008275015211196,1.0558586522853535,1.0,1.0,1.0,13.79998252990439
SE150_FL360,2022-03-01 01:24:00.000000000,2.8674781837846655,50.769208419747585,10972.8,22728.94085815235,210.08456,0.6095478636658356,1.0716306274279679,1.0,1.0,1.0,13.79998048874809
SE150_FL360,2022-03-01 01:25:00.000000000,3.013751548576857,50.85203002574966,10972.8,22728.94085815235,210.00917,0.6184421394614714,1.0877760554905158,1.0,1.0,1.0,13.799978831356217
SE150_FL360,2022-03-01 01:26:00.000000000,3.1598185461124664,50.935179062353996,10972.8,22728.94085815235,209.93394,0.6195929980985091,1.0903016377327122,1.0,1.0,1.0,13.79997754806047
SE150_FL360,2022-03-01 01:27:00.000000000,3.3056879381298114,51.0186475476696,10972.8,22728.94085815235,209.88014,0.6177264125092791,1.0873765022340032,1.0,1.0,1.0,13.799976626528416
SE150_FL360,2022-03-01 01:28:00.000000000,3.451369061894234,51.10242726227889,10972.8,22728.94085815235,209.86537,0.6107913760148244,1.0752619546913975,1.0,1.0,1.0,13.799976052009184
SE150_FL360,2022-03-01 01:29:00.000000000,3.596871824179734,51.18650976081355,10972.8,22728.94085815235,209.85536,0.6026518229359307,1.0610001287682835,1.0,1.0,1.0,13.79997580757543
SE150_FL360,2022-03-01 01:30:00.000000000,3.7422066944510983,51.27088638331356,10972.8,22728.94085815235,209.84239,0.5942474009647722,1.046285464968732,1.0,1.0,1.0,13.799975874366709
SE150_FL360,2022-03-01 01:31:00.000000000,3.8873846972928505,51.35554826632859,10972.8,22728.94085815235,209.9104,0.578991677839992,1.0190014884853325,1.0,1.0,1.0,13.799976231823901
SE150_FL360,2022-03-01 01:32:00.000000000,4.032417404133353,51.44048635372388,10972.8,22728.94085815235,209.9656,0.5647690179180623,0.9936348579242377,1.0,0.0,0.0,13.799976857923344
SE150_FL360,2022-03-01 01:33:00.000000000,4.17731692431389,51.525691407155904,10972.8,22728.94085815235,210.00241,0.5517128290348206,0.9704454156173944,1.0,0.0,0.0,13.79997772939002
SE150_FL360,2022-03-01 01:34:00.000000000,4.322095895553423,51.611154016185885,10972.8,22728.94085815235,210.04736,0.5377881218990362,0.9456922472741784,1.0,0.0,0.0,13.799978821916332
SE150_FL360,2022-03-01 01:35:00.000000000,4.466767473859694,51.69686460800298,10972.8,22728.94085815235,210.08403,0.5243182586872561,0.9217988908981405,1.0,0.0,0.0,13.79998011034861
SE150_FL360,2022-03-01 01:36:00.000000000,4.61134532293813,51.78281345673147,10972.8,22728.94085815235,210.09425,0.5144440849428684,0.9043819596151274,1.0,0.0,0.0,13.799981568886242
SE150_FL360,2022-03-01 01:37:00.000000000,4.755843603148792,51.86899069230014,10972.8,22728.94085815235,210.08765,0.5051923153734653,0.8881524194458416,1.0,0.0,0.0,13.79998317125147
SE150_FL360,2022-03-01 01:38:00.000000000,4.9002769600611895,51.95538630885467,10972.8,22728.94085815235,210.08679,0.4978866960826394,0.8753135101146747,1.0,0.0,0.0,13.799984890852482
SE150_FL360,2022-03-01 01:39:00.000000000,5.044660512655349,52.041990172697254,10972.8,22728.94085815235,210.06984,0.49287490392334715,0.86659266228703,1.0,0.0,0.0,13.799986700946327
SE150_FL360,2022-03-01 01:40:00.000000000,5.189009841215732,52.12879202974077,10972.8,22728.94085815235,210.03355,0.4912649039160923,0.8639547415336403,1.0,0.0,0.0,13.799988574784994
SE150_FL360,2022-03-01 01:41:00.000000000,5.33334097496334,52.2157815124673,10972.8,22728.94085815235,209.96819,0.49295515462679723,0.8672738644278996,1.0,0.0,0.0,13.799990485753726
SE150_FL360,2022-03-01 01:42:00.000000000,5.477670379467894,52.30294814638437,10972.8,22728.94085815235,209.88426,0.49660632899041707,0.8741449134503563,1.0,0.0,0.0,13.799992407510803
SE150_FL360,2022-03-01 01:43:00.000000000,5.622014943881001,52.390281355974025,10972.8,22728.94085815235,209.78944,0.5015960092440648,0.8834434462361954,1.0,0.0,0.0,13.79999431411892
SE150_FL360,2022-03-01 01:44:00.000000000,5.766391968026885,52.477770470133564,10972.8,22728.94085815235,209.69632,0.5068005167546874,0.8931165132291495,1.0,0.0,0.0,13.799996180175784
SE150_FL360,2022-03-01 01:45:00.000000000,5.910819149385742,52.565404727108,10972.8,22728.94085815235,209.60698,0.5139521557795703,0.9062121585981051,1.0,0.0,0.0,13.799997980946767
SE150_FL360,2022-03-01 01:46:00.000000000,6.055314570000713,52.65317327891751,10972.8,22728.94085815235,209.53476,0.5203065690367633,0.9178221759557836,1.0,0.0,0.0,13.799999692491834
SE150_FL360,2022-03-01 01:47:00.000000000,6.19989668333652,52.74106519528474,10972.8,22728.94085815235,209.47401,0.5264111285720481,0.9289320836344999,1.0,0.0,0.0,13.80000129179735
SE150_FL360,2022-03-01 01:48:00.000000000,6.344584301114556,52.829069467069175,10972.8,22728.94085815235,209.4765,0.5250984614492615,0.9265997863456162,1.0,0.0,0.0,13.800002756917273
SE150_FL360,2022-03-01 01:49:00.000000000,6.48939658014588,52.91717500921703,10972.8,22728.94085815235,209.51321,0.5211770890831765,0.9194744166251018,1.0,0.0,0.0,13.800004067102952
SE150_FL360,2022-03-01 01:50:00.000000000,6.634353009179616,53.00537066323756,10972.8,22728.94085815235,209.57068,0.5161802834127732,0.9103424697766132,1.0,0.0,0.0,13.80000520294991
SE150_FL360,2022-03-01 01:51:00.000000000,6.779473395781127,53.09364519921752,10972.8,22728.94085815235,209.64761,0.5071210010099528,0.8939434846952942,1.0,0.0,0.0,13.800006146536646
SE150_FL360,2022-03-01 01:52:00.000000000,6.924777853250975,53.18198731738731,10972.8,22728.94085815235,209.80217,0.48553457617019946,0.8550859242415226,1.0,0.0,0.0,13.80000688157544
SE150_FL360,2022-03-01 01:53:00.000000000,7.070286787591492,53.270385649253456,10972.8,22728.94085815235,209.95427,0.46610581319808597,0.8201068459234138,1.0,0.0,0.0,13.800007393558275
SE150_FL360,2022-03-01 01:54:00.000000000,7.216020884525191,53.35882875831312,10972.8,22728.94085815235,210.10162,0.4486386664723887,0.788662156699645,1.0,0.0,0.0,13.800007669900015
SE150_FL360,2022-03-01 01:55:00.000000000,7.3620010965652085,53.44730514036748,10972.8,22728.94085815235,210.21892,0.431512570621598,0.7580075323084318,1.0,0.0,0.0,13.800007700096462
SE150_FL360,2022-03-01 01:56:00.000000000,7.508248630134886,53.53580322345174,10972.8,22728.94085815235,210.33302,0.41455011699955563,0.7276982365672434,1.0,0.0,0.0,13.800007475854803
SE150_FL360,2022-03-01 01:57:00.000000000,7.654784932730397,53.62431136740005,10972.8,22728.94085815235,210.40697,0.40329636059571494,0.7076238935999363,1.0,0.0,0.0,13.800006991241453
SE150_FL360,2022-03-01 01:58:00.000000000,7.801631680117048,53.712817863064856,10972.8,22728.94085815235,210.45816,0.39440049905411945,0.6917952420725605,1.0,0.0,0.0,13.800006242806354
SE150_FL360,2022-03-01 01:59:00.000000000,7.948810763547113,53.80131093121019,10972.8,22728.94085815235,210.4668,0.38859711727824064,0.6815788721711378,1.0,0.0,0.0,13.800005229709964
SE150_FL360,2022-03-01 02:00:00.000000000,8.096344276983887,53.889778721099525,10972.8,22728.94085815235,210.46306,0.38701740203117013,0.678823440120864,1.0,0.0,0.0,13.800003953824296
SE150_FL360,2022-03-01 02:01:00.000000000,8.244254504314016,53.97820930879907,10972.8,22728.94085815235,210.44864,0.3882364044722989,0.6810227345669092,1.0,0.0,0.0,13.80000241982998
SE150_FL360,2022-03-01 02:02:00.000000000,8.392563906527803,54.06659069521786,10972.8,22728.94085815235,210.40611,0.3876059339472232,0.6800955873683261,1.0,0.0,0.0,13.800000635287429
SE150_FL360,2022-03-01 02:03:00.000000000,8.541295108844203,54.15491080390644,10972.8,22728.94085815235,210.3659,0.38748998291788245,0.6800610428572186,1.0,0.0,0.0,13.79999861068731
SE150_FL360,2022-03-01 02:04:00.000000000,8.690470887755579,54.24315747863636,10972.8,22728.94085815235,210.32692,0.3889158647908835,0.6827286133258726,1.0,0.0,0.0,13.799996359482744
SE150_FL360,2022-03-01 02:05:00.000000000,8.840114157964688,54.3313184807831,10972.8,22728.94085815235,210.30276,0.39565009427346826,0.6946515413718025,1.0,0.0,0.0,13.799993898086694
SE150_FL360,2022-03-01 02:06:00.000000000,8.990247959184734,54.41938148653517,10972.8,22728.94085815235,210.28127,0.39954599347969694,0.7015847672060941,1.0,0.0,0.0,13.799991245846577
SE150_FL360,2022-03-01 02:07:00.000000000,9.140895442771445,54.50733408395296,10972.8,22728.94085815235,210.276,0.404414861940341,0.7101566645773492,1.0,0.0,0.0,13.799988424983786
SE150_FL360,2022-03-01 02:08:00.000000000,9.292079858154782,54.595163769900566,10972.8,22728.94085815235,210.27913,0.4114557398477692,0.7225082454039097,1.0,0.0,0.0,13.799985460504125
SE150_FL360,2022-03-01 02:09:00.000000000,9.443824539036145,54.682857946874975,10972.8,22728.94085815235,210.2821,0.41408985299428913,0.7271196515314325,1.0,0.0,0.0,13.79998238006007
SE150_FL360,2022-03-01 02:10:00.000000000,9.596152889316482,54.770403919756546,10972.8,22728.94085815235,210.28949,0.41464504235753025,0.7280614910239349,1.0,0.0,0.0,13.799979213805697
SE150_FL360,2022-03-01 02:11:00.000000000,9.749088368719127,54.85778889250587,10972.8,22728.94085815235,210.30852,0.41841379129262324,0.7345921730688287,1.0,0.0,0.0,13.79997599417574
SE150_FL360,2022-03-01 02:12:00.000000000,9.902654478070929,54.944999964831716,10972.8,22728.94085815235,210.31548,0.4197493923952521,0.7369069810863624,1.0,0.0,0.0,8.71787688339356
SE150_FL360,2022-03-01 02:12:37.904240283,10.0,55.0,10972.8,22728.94085815235,210.3148,0.41795267965871813,0.7337546339357959,1.0,0.0,0.0,0.0
GC0_FL360,2022-03-01 00:00:00.000000000,-10.000000000000002,45.00000000000001,10972.8,22728.94085815235,211.58328,0.6453642887379416,1.1240788472207637,1.0,1.0,1.0,13.800031261260088
GC0_FL360,2022-03-01 00:01:00.000000000,-9.876312021826006,45.08811854334467,10972.8,22728.94085815235,211.51074,0.6402084338426792,1.1156095575632776,1.0,1.0,1.0,13.800027623894355
GC0_FL360,2022-03-01 00:02:00.000000000,-9.752242252140906,45.176103215944366,10972.8,22728.94085815235,211.35759,0.6502403390579683,1.1341782485994991,1.0,1.0,1.0,13.800023933454368
GC0_FL360,2022-03-01 00:03:00.000000000,-9.627788920452794,45.263953191638386,10972.8,22728.94085815235,211.25298,0.6500994239276409,1.1346798441365633,1.0,1.0,1.0,13.800020189682812
GC0_FL360,2022-03-01 00:04:00.000000000,-9.5029502525583,45.351667639156055,10972.8,22728.94085815235,211.19281,0.6448252689322332,1.1258956884521318,1.0,1.0,1.0,13.800016392336534
GC0_FL360,2022-03-01 00:05:00.000000000,-9.377724470626134,45.439245722091066,10972.8,22728.94085815235,211.12625,0.6454148475099886,1.127396536253791,1.0,1.0,1.0,13.800012541176311
GC0_FL360,2022-03-01 00:06:00.000000000,-9.252109793282935,45.52668659887586,10972.8,22728.94085815235,211.00964,0.6547723065420552,1.1445746193684074,1.0,1.0,1.0,13.800008635971807
GC0_FL360,2022-03-01 00:07:00.000000000,-9.126104435701345,45.613989422756205,10972.8,22728.94085815235,210.99559,0.6502706978226906,1.1368077673433017,1.0,1.0,1.0,13.800004676501466
GC0_FL360,2022-03-01 00:08:00.000000000,-8.999706609690397,45.701153341765824,10972.8,22728.94085815235,210.92195,0.6500282249673629,1.136900346805707,1.0,1.0,1.0,13.800000662551579
GC0_FL360,2022-03-01 00:09:00.000000000,-8.872914523788092,45.7881774987011,10972.8,22728.94085815235,210.90479,0.6341157114219564,1.1091899508365706,1.0,1.0,1.0,13.799996593917113
GC0_FL360,2022-03-01 00:10:00.000000000,-8.745726383356452,45.87506103109597,10972.8,22728.94085815235,210.8879,0.6142588880194195,1.0745679114731224,1.0,1.0,1.0,13.799992470403737
GC0_FL360,2022-03-01 00:11:00.000000000,-8.618140390678803,45.96180307119685,10972.8,22728.94085815235,210.84181,0.6045414917978397,1.0578713421597603,1.0,1.0,1.0,13.799988291825057
GC0_FL360,2022-03-01 00:12:00.000000000,-8.490154745059604,46.04840274593778,10972.8,22728.94085815235,210.77785,0.6003262190952997,1.0509143070834184,1.0,1.0,1.0,13.799984058004643
GC0_FL360,2022-03-01 00:13:00.000000000,-8.36176764292664,46.13485917691566,10972.8,22728.94085815235,210.75122,0.6001387740363805,1.0507602429332705,1.0,1.0,1.0,13.799979768777922
GC0_FL360,2022-03-01 00:14:00.000000000,-8.232977277935733,46.22117148036564,10972.8,22728.94085815235,210.70038,0.5998084928542718,1.05050974127577,1.0,1.0,1.0,13.79997542398953
GC0_FL360,2022-03-01 00:15:00.000000000,-8.103781841077932,46.30733876713662,10972.8,22728.94085815235,210.75476,0.5820140929795018,1.0190055170096988,1.0,1.0,1.0,13.799971023496427
GC0_FL360,2022-03-01 00:16:00.000000000,-7.974179520789293,46.39336014266697,10972.8,22728.94085815235,210.83774,0.5597236039423198,0.9794691871195722,1.0,0.0,0.0,13.799966567164596
GC0_FL360,2022-03-01 00:17:00.000000000,-7.844168503063274,46.47923470696041,10972.8,22728.94085815235,210.94038,0.5361981430368136,0.9377041967505053,1.0,0.0,0.0,13.8000335506074
GC0_FL360,2022-03-01 00:18:00.000000000,-7.713744387039283,46.56496062297613,10972.8,22728.94085815235,211.12791,0.5028847021879855,0.8784173468707156,1.0,0.0,0.0,13.800029833224963
GC0_FL360,2022-03-01 00:19:00.000000000,-7.582907908106713,46.65053789712994,10972.8,22728.94085815235,211.35307,0.4669706389102779,0.814537697643063,1.0,0.0,0.0,13.800025836216795
GC0_FL360,2022-03-01 00:20:00.000000000,-7.451657253716138,46.73596561579989,10972.8,22728.94085815235,211.5638,0.43433337273745065,0.7566039133291442,1.0,0.0,0.0,13.800021784046535
GC0_FL360,2022-03-01 00:21:00.000000000,-7.319990601234423,46.82124285691214,10972.8,22728.94085815235,211.81801,0.40199016546060656,0.6991417818957948,1.0,0.0,0.0,13.800017676565119
GC0_FL360,2022-03-01 00:22:00.000000000,-7.187906126190921,46.90636869283971,10972.8,22728.94085815235,212.05637,0.37229642923568607,0.6465189006815206,1.0,0.0,0.0,13.800013513633964
GC0_FL360,2022-03-01 00:23:00.000000000,-7.0554020024062,46.99134219037952,10972.8,22728.94085815235,212.24854,0.34699440077738103,0.6018433852009786,1.0,0.0,0.0,13.800009295126483
GC0_FL360,2022-03-01 00:24:00.000000000,-6.922476402123702,47.07616241072962,10972.8,22728.94085815235,212.45609,0.32649851753531983,0.5655445267660024,1.0,0.0,0.0,13.800005020927465
GC0_FL360,2022-03-01 00:25:00.000000000,-6.789127496144292,47.16082840946671,10972.8,22728.94085815235,212.63951,0.30877801314472425,0.5342217309692496,1.0,0.0,0.0,13.800000690938065
GC0_FL360,2022-03-01 00:26:00.000000000,-6.655353453963729,47.24533923652389,10972.8,22728.94085815235,212.74135,0.30762446448099706,0.5318769998929076,1.0,0.0,0.0,13.799996305067978
GC0_FL360,2022-03-01 00:27:00.000000000,-6.521152443913118,47.32969393616862,10972.8,22728.94085815235,212.82077,0.31451617022781153,0.5435157049821505,1.0,0.0,0.0,13.799991863244522
GC0_FL360,2022-03-01 00:28:00.000000000,-6.386522633302341,47.41389154698097,10972.8,22728.94085815235,212.87297,0.32602094905281837,0.5632070631350371,1.0,0.0,0.0,13.799987365406142
GC0_FL360,2022-03-01 00:29:00.000000000,-6.251462188566615,47.49793110183218,10972.8,22728.94085815235,212.87189,0.3432444434921969,0.5929647652281955,1.0,0.0,0.0,13.79998281150992
GC0_FL360,2022-03-01 00:30:00.000000000,-6.1159692754160595,47.58181162786344,10972.8,22728.94085815235,212.84175,0.3654771796842536,0.6314948696280087,1.0,0.0,0.0,13.799978201523881
GC0_FL360,2022-03-01 00:31:00.000000000,-5.980042058988454,47.66553214646499,10972.8,22728.94085815235,212.7986,0.38685976437321956,0.6686267096351749,1.0,0.0,0.0,13.799973535432741
GC0_FL360,2022-03-01 00:32:00.000000000,-5.84367870400512,47.74909167325553,10972.8,22728.94085815235,212.69754,0.4109366221171341,0.7107007854841586,1.0,0.0,0.0,13.799968813237534
GC0_FL360,2022-03-01 00:33:00.000000000,-5.70687737493005,47.832489218061895,10972.8,22728.94085815235,212.57338,0.4338145053784402,0.7508679002128923,1.0,0.0,0.0,13.799964034957233
GC0_FL360,2022-03-01 00:34:00.000000000,-5.569636236132259,47.91572378489917,10972.8,22728.94085815235,212.4526,0.45489538382862366,0.787963794595455,1.0,0.0,0.0,13.800035855280361
GC0_FL360,2022-03-01 00:35:00.000000000,-5.431950681045849,47.9987933410855,10972.8,22728.94085815235,212.30988,0.47742065781205556,0.8277379733428389,1.0,0.0,0.0,13.80003208062314
GC0_FL360,2022-03-01 00:36:00.000000000,-5.2938216052343305,48.08169789082298,10972.8,22728.94085815235,212.14597,0.4912559799310094,0.8526147798800294,1.0,0.0,0.0,13.800027766635571
GC0_FL360,2022-03-01 00:37:00.000000000,-5.155247191271525,48.164436426955106,10972.8,22728.94085815235,211.97795,0.5065165632640781,0.8800400446948747,1.0,0.0,0.0,13.800023396612284
GC0_FL360,2022-03-01 00:38:00.000000000,-5.016225604851381,48.24700792994952,10972.8,22728.94085815235,211.78725,0.5305188728345804,0.9228570733021065,1.0,0.0,0.0,13.800018970545228
GC0_FL360,2022-03-01 00:39:00.000000000,-4.876755012439158,48.329411374367055,10972.8,22728.94085815235,211.58263,0.5420540006617569,0.9441399790583701,1.0,0.0,0.0,13.800014488442477
GC0_FL360,2022-03-01 00:40:00.000000000,-4.7368335814541895,48.411645728843965,10972.8,22728.94085815235,211.3738,0.5628970188996082,0.9817331111064135,1.0,0.0,0.0,13.800009950331221
GC0_FL360,2022-03-01 00:41:00.000000000,-4.596459480456218,48.493709956074575,10972.8,22728.94085815235,211.18935,0.5644077675720823,0.9855079407637832,1.0,0.0,0.0,13.800005356252322
GC0_FL360,2022-03-01 00:42:00.000000000,-4.455630879335287,48.57560301279429,10972.8,22728.94085815235,211.00378,0.5678037354548153,0.9925844464572778,1.0,0.0,0.0,13.800000706269127
GC0_FL360,2022-03-01 00:43:00.000000000,-4.314345949505185,48.6573238497631,10972.8,22728.94085815235,210.83998,0.5761459436686877,1.008194976366278,1.0,1.0,1.0,13.799996000461707
GC0_FL360,2022-03-01 00:44:00.000000000,-4.172602864100605,48.73887141174949,10972.8,22728.94085815235,210.68425,0.5870812548484826,1.0283247716302417,1.0,1.0,1.0,13.799991238929968
GC0_FL360,2022-03-01 00:45:00.000000000,-4.030399798177934,48.8202446375148,10972.8,22728.94085815235,210.52844,0.5891977494085002,1.0330268283116857,1.0,1.0,1.0,13.79998642179239
GC0_FL360,2022-03-01 00:46:00.000000000,-3.8877349289197967,48.901442459798034,10972.8,22728.94085815235,210.41563,0.581875615318652,1.0209033708969495,1.0,1.0,1.0,13.799981549189066
GC0_FL360,2022-03-01 00:47:00.000000000,-3.744606435843342,48.98246380530123,10972.8,22728.94085815235,210.28925,0.5742315543035517,1.0082734766055934,1.0,1.0,1.0,13.799976621281434
GC0_FL360,2022-03-01 00:48:00.000000000,-3.601012501012314,49.06330759467523,10972.8,22728.94085815235,210.21384,0.5694285561522318,1.000307281756372,1.0,1.0,1.0,13.799971638251657
GC0_FL360,2022-03-01 00:49:00.000000000,-3.456951309253031,49.14397274250603,10972.8,22728.94085815235,210.12883,0.5674690554161991,0.9973838350598918,1.0,0.0,0.0,13.799966600302653
GC0_FL360,2022-03-01 00:50:00.000000000,-3.312421048374104,49.22445815730157,10972.8,22728.94085815235,210.03836,0.5689644999771687,1.000571716714565,1.0,1.0,1.0,13.799961507663523
GC0_FL360,2022-03-01 00:51:00.000000000,-3.1674199093902,49.304762741479145,10972.8,22728.94085815235,209.97414,0.575918189901138,1.0131951228180185,1.0,1.0,1.0,13.80003811560671
GC0_FL360,2022-03-01 00:52:00.000000000,-3.021943131385752,49.3848842512864,10972.8,22728.94085815235,209.91484,0.5884608787847089,1.035638012415137,1.0,1.0,1.0,13.80003431143209
GC0_FL360,2022-03-01 00:53:00.000000000,-2.875991817593982,49.46482269242153,10972.8,22728.94085815235,209.87729,0.5959080237548071,1.0489870926555347,1.0,1.0,1.0,13.80002967563927
GC0_FL360,2022-03-01 00:54:00.000000000,-2.7295641981544376,49.54457695964448,10972.8,22728.94085815235,209.85634,0.5964355133646396,1.050047776195825,1.0,1.0,1.0,13.800024984324816
GC0_FL360,2022-03-01 00:55:00.000000000,-2.582658479303576,49.62414593078313,10972.8,22728.94085815235,209.85738,0.5931534029091038,1.0442649035635005,1.0,1.0,1.0,13.800020237683322
GC0_FL360,2022-03-01 00:56:00.000000000,-2.435272871668278,49.703528477519875,10972.8,22728.94085815235,209.88055,0.5840401157883323,1.0280732385421776,1.0,1.0,1.0,13.800015435926571
GC0_FL360,2022-03-01 00:57:00.000000000,-2.2874055905140325,49.78272346538261,10972.8,22728.94085815235,210.01091,0.559775295469624,0.9845754220892609,1.0,0.0,0.0,13.800010579292724
GC0_FL360,2022-03-01 00:58:00.000000000,-2.139054855997014,49.86172975373617,10972.8,22728.94085815235,210.14967,0.5330034397405852,0.9366890012164815,1.0,0.0,0.0,13.80000566804335
GC0_FL360,2022-03-01 00:59:00.000000000,-1.990218893420634,49.940546195774644,10972.8,22728.94085815235,210.27542,0.5099733792529174,0.8955217538223397,1.0,0.0,0.0,13.800000702464757
GC0_FL360,2022-03-01 01:00:00.000000000,-1.840895933496165,50.01917163851421,10972.8,22728.94085815235,210.44666,0.481141515256469,0.8440037773027589,1.0,0.0,0.0,13.799995682868577
GC0_FL360,2022-03-01 01:01:00.000000000,-1.6910842126076457,50.09760492278672,10972.8,22728.94085815235,210.5996,0.45543741223910816,0.7981588312746971,1.0,0.0,0.0,13.799990609591623
GC0_FL360,2022-03-01 01:02:00.000000000,-1.540781973081079,50.17584488323394,10972.8,22728.94085815235,210.6776,0.43893185791164,0.7688611858199391,1.0,0.0,0.0,13.799985482999908
GC0_FL360,2022-03-01 01:03:00.000000000,-1.3899874634580285,50.2538903483026,10972.8,22728.94085815235,210.72704,0.42628358852598225,0.7464753896574154,1.0,0.0,0.0,13.799980303483485
GC0_FL360,2022-03-01 01:04:00.000000000,-1.2386989387734455,50.33174014024005,10972.8,22728.94085815235,210.76215,0.4144592787040797,0.7256129665764958,1.0,0.0,0.0,13.799975071460995
GC0_FL360,2022-03-01 01:05:00.000000000,-1.0869146608380469,50.409393075090854,10972.8,22728.94085815235,210.70625,0.41825539551390506,0.7325111007006564,1.0,0.0,0.0,13.799969787382079
GC0_FL360,2022-03-01 01:06:00.000000000,-0.9346328985249368,50.48684796269396,10972.8,22728.94085815235,210.6323,0.42384869989111706,0.7426504253708565,1.0,0.0,0.0,13.799964451722667
GC0_FL360,2022-03-01 01:07:00.000000000,-0.7818519280607622,50.56410360668077,10972.8,22728.94085815235,210.54375,0.4324309484573667,0.7581010931421627,1.0,0.0,0.0,13.79995906498832
GC0_FL360,2022-03-01 01:08:00.000000000,-0.6285700333214097,50.64115880447403,10972.8,22728.94085815235,210.40639,0.45019161866389484,0.7899063081535966,1.0,0.0,0.0,13.800040250558894
GC0_FL360,2022-03-01 01:09:00.000000000,-0.47478237482134333,50.71801108774824,10972.8,22728.94085815235,210.24583,0.4726659866397814,0.8301631969990723,1.0,0.0,0.0,13.800036449888243
GC0_FL360,2022-03-01 01:10:00.000000000,-0.3204903233010431,50.79466047002034,10972.8,22728.94085815235,210.07065,0.4981805668579875,0.8759148836138085,1.0,0.0,0.0,13.800031495581349
GC0_FL360,2022-03-01 01:11:00.000000000,-0.16569222733307076,50.87110574593124,10972.8,22728.94085815235,209.87386,0.5286470714651331,0.9306066890498583,1.0,0.0,0.0,13.80002648819227
GC0_FL360,2022-03-01 01:12:00.000000000,-0.01038640460530521,50.94734568796158,10972.8,22728.94085815235,209.65294,0.564727725326647,0.995462246668005,1.0,0.0,0.0,13.800021428178642
GC0_FL360,2022-03-01 01:13:00.000000000,0.14542881799142826,51.02337906239046,10972.8,22728.94085815235,209.52164,0.5861414066156784,1.034036628968843,1.0,1.0,1.0,13.800016316031584
GC0_FL360,2022-03-01 01:14:00.000000000,0.30175510404023853,51.099204629299564,10972.8,22728.94085815235,209.41196,0.6043946792697722,1.0669513095605345,1.0,1.0,1.0,13.80001115226905
GC0_FL360,2022-03-01 01:15:00.000000000,0.45859410727043437,51.17482114257816,10972.8,22728.94085815235,209.32071,0.6181981965727797,1.091917727914566,1.0,1.0,1.0,13.8000059374454
GC0_FL360,2022-03-01 01:16:00.000000000,0.6159474712251815,51.25022734992915,10972.8,22728.94085815235,209.30188,0.6179692974975469,1.091636834379971,1.0,1.0,1.0,13.800000672141353
GC0_FL360,2022-03-01 01:17:00.000000000,0.7738168289243615,51.325421992876,10972.8,22728.94085815235,209.3587,0.6079324316794754,1.07353809776412,1.0,1.0,1.0,13.7999953569759
GC0_FL360,2022-03-01 01:18:00.000000000,0.932203802522942,51.400403806770754,10972.8,22728.94085815235,209.47467,0.5925973839180975,1.0457229963381185,1.0,1.0,1.0,13.799989992598045
GC0_FL360,2022-03-01 01:19:00.000000000,1.0911100029643799,51.47517152080301,10972.8,22728.94085815235,209.60765,0.5769291903088153,1.0172518229494905,1.0,1.0,1.0,13.79998457969091
GC0_FL360,2022-03-01 01:20:00.000000000,1.2505370296295943,51.549723858009905,10972.8,22728.94085815235,209.76056,0.5608353925034268,0.9879524129663065,1.0,0.0,0.0,13.799979118975191
GC0_FL360,2022-03-01 01:21:00.000000000,1.410486469980993,51.62405953528727,10972.8,22728.94085815235,209.8557,0.5557902164197259,0.9784951306842902,1.0,0.0,0.0,13.799973611204168
GC0_FL360,2022-03-01 01:22:00.000000000,1.570959899201897,51.698177263401696,10972.8,22728.94085815235,209.92268,0.5546042688918106,0.9760069894002986,1.0,0.0,0.0,13.799968057170684
GC0_FL360,2022-03-01 01:23:00.000000000,1.7319588798311787,51.77207574700383,10972.8,22728.94085815235,209.97833,0.5558860001652867,0.9779312256101796,1.0,0.0,0.0,13.799962457699413
GC0_FL360,2022-03-01 01:24:00.000000000,1.8934849613930664,51.84575368464275,10972.8,22728.94085815235,209.97899,0.5674088685175096,0.9981965984212324,1.0,0.0,0.0,13.799956813657149
GC0_FL360,2022-03-01 01:25:00.000000000,2.055539680022396,51.91920976878139,10972.8,22728.94085815235,209.961,0.5814173285537687,1.0229544450019163,1.0,1.0,1.0,13.800042154299087
GC0_FL360,2022-03-01 01:26:00.000000000,2.2181278486239693,51.99244129650124,10972.8,22728.94085815235,209.92644,0.5973222306293617,1.0511587391757924,1.0,1.0,1.0,13.800038395347975
GC0_FL360,2022-03-01 01:27:00.000000000,2.381247755746821,52.06544829902248,10972.8,22728.94085815235,209.88927,0.613709170683858,1.0802438373815892,1.0,1.0,1.0,13.800033137066887
GC0_FL360,2022-03-01 01:28:00.000000000,2.5449008423555197,52.13822947261712,10972.8,22728.94085815235,209.84958,0.6291485875208297,1.107685890148803,1.0,1.0,1.0,13.800027830685213
GC0_FL360,2022-03-01 01:29:00.000000000,2.7090885869023626,52.210783485473385,10972.8,22728.94085815235,209.81607,0.6419808994744626,1.1305118743266673,1.0,1.0,1.0,13.800022477008898
GC0_FL360,2022-03-01 01:30:00.000000000,2.873812452494847,52.283108999789214,10972.8,22728.94085815235,209.79683,0.6496267874869549,1.1441113121046573,1.0,1.0,1.0,13.800017076881304
GC0_FL360,2022-03-01 01:31:00.000000000,3.039073886492103,52.35520467179508,10972.8,22728.94085815235,209.78433,0.6544174460036033,1.1526363519686316,1.0,1.0,1.0,13.8000116311833
GC0_FL360,2022-03-01 01:32:00.000000000,3.204874320096632,52.42706915177804,10972.8,22728.94085815235,209.77238,0.6552675178360466,1.1542148924928382,1.0,1.0,1.0,13.80000614083744
GC0_FL360,2022-03-01 01:33:00.000000000,3.3712151679413354,52.498701084107154,10972.8,22728.94085815235,209.76773,0.6523108257822543,1.1490429921457639,1.0,1.0,1.0,13.800000606803097
GC0_FL360,2022-03-01 01:34:00.000000000,3.538097827671728,52.57009910726018,10972.8,22728.94085815235,209.76707,0.64992485131927,1.1448426148187187,1.0,1.0,1.0,13.799995030082775
GC0_FL360,2022-03-01 01:35:00.000000000,3.705523679523632,52.64126185385161,10972.8,22728.94085815235,209.76135,0.6441316281215501,1.1346799137846204,1.0,1.0,1.0,13.799989411721297
GC0_FL360,2022-03-01 01:36:00.000000000,3.8734940858960045,52.71218795066221,10972.8,22728.94085815235,209.7485,0.6373813960336583,1.1228760064403291,1.0,1.0,1.0,13.799983752801687
GC0_FL360,2022-03-01 01:37:00.000000000,4.04201039091922,52.78287601866978,10972.8,22728.94085815235,209.72939,0.6291099774333488,1.108434332859316,1.0,1.0,1.0,13.799978054452163
GC0_FL360,2022-03-01 01:38:00.000000000,4.211073920018708,52.853324673081396,10972.8,22728.94085815235,209.69576,0.6170490919198213,1.08740599809678,1.0,1.0,1.0,13.799972317845754
GC0_FL360,2022-03-01 01:39:00.000000000,4.380685979473958,52.92353252336716,10972.8,22728.94085815235,209.6574,0.6036439830510023,1.0640329334684484,1.0,1.0,1.0,13.79996654419649
GC0_FL360,2022-03-01 01:40:00.000000000,4.550847855972988,52.993498173295265,10972.8,22728.94085815235,209.60735,0.5905525508437186,1.0412755356656118,1.0,1.0,1.0,13.799960734763747
GC0_FL360,2022-03-01 01:41:00.000000000,4.72156081616213,53.06322022096875,10972.8,22728.94085815235,209.55428,0.5765949393395483,1.0169946451099097,1.0,1.0,1.0,13.799954890854742
GC0_FL360,2022-03-01 01:42:00.000000000,4.892826106191535,53.13269725886355,10972.8,22728.94085815235,209.49908,0.5633508400717366,0.9939678632749926,1.0,0.0,0.0,13.80004369387429
GC0_FL360,2022-03-01 01:43:00.000000000,5.064648373766797,53.201926344915194,10972.8,22728.94085815235,209.44075,0.5525316805590774,0.9752238303342524,1.0,0.0,0.0,13.800040019521948
GC0_FL360,2022-03-01 01:44:00.000000000,5.237025480446346,53.270907542595175,10972.8,22728.94085815235,209.3845,0.545455651941837,0.9630625536057531,1.0,0.0,0.0,13.800034486742401
GC0_FL360,2022-03-01 01:45:00.000000000,5.409958542016128,53.339639456889614,10972.8,22728.94085815235,209.32695,0.541359490564137,0.9561646928870827,1.0,0.0,0.0,13.800028914083532
GC0_FL360,2022-03-01 01:46:00.000000000,5.583448717588524,53.40812065808024,10972.8,22728.94085815235,209.25996,0.540788086457076,0.9555388049085439,1.0,0.0,0.0,13.80002330277767
GC0_FL360,2022-03-01 01:47:00.000000000,5.757497143428711,53.47634971103695,10972.8,22728.94085815235,209.18103,0.5445519976236121,0.9626502383133217,1.0,0.0,0.0,13.800017654102959
GC0_FL360,2022-03-01 01:48:00.000000000,5.932104932473757,53.54432517526539,10972.8,22728.94085815235,209.13455,0.550142422289868,0.972809106493205,1.0,0.0,0.0,13.800011969384423
GC0_FL360,2022-03-01 01:49:00.000000000,6.10727317384737,53.612045604956435,10972.8,22728.94085815235,209.09898,0.5567140014888072,0.9846422759668972,1.0,0.0,0.0,13.800006249993439
GC0_FL360,2022-03-01 01:50:00.000000000,6.283002932370696,53.679509549037114,10972.8,22728.94085815235,209.08383,0.5619311703338923,0.9939572544066589,1.0,0.0,0.0,13.800000497350158
GC0_FL360,2022-03-01 01:51:00.000000000,6.459295248068937,53.746715551223396,10972.8,22728.94085815235,209.14908,0.5577919159673138,0.9862502595037933,1.0,0.0,0.0,13.799994712920459
GC0_FL360,2022-03-01 01:52:00.000000000,6.636151135673946,53.81366215007467,10972.8,22728.94085815235,209.2322,0.551349645153529,0.9743665005452112,1.0,0.0,0.0,13.799988898221487
GC0_FL360,2022-03-01 01:53:00.000000000,6.8135715841229665,53.88034787904993,10972.8,22728.94085815235,209.35602,0.5391636412794916,0.9521192312465095,1.0,0.0,0.0,13.799983054817007
GC0_FL360,2022-03-01 01:54:00.000000000,6.991557556053451,53.94677126656574,10972.8,22728.94085815235,209.55591,0.5179037196088055,0.9134634972667981,1.0,0.0,0.0,13.79997718432221
GC0_FL360,2022-03-01 01:55:00.000000000,7.170109987294104,54.01293083605608,10972.8,22728.94085815235,209.74867,0.4962351429642981,0.874217408888073,1.0,0.0,0.0,13.799971288402922
GC0_FL360,2022-03-01 01:56:00.000000000,7.349229786352257,54.07882510603384,10972.8,22728.94085815235,209.92351,0.4750779540392796,0.8360516253753952,1.0,0.0,0.0,13.799965368775869
GC0_FL360,2022-03-01 01:57:00.000000000,7.5289178338974985,54.144452590154366,10972.8,22728.94085815235,210.08446,0.4553631237732074,0.8005644050850338,1.0,0.0,0.0,13.799959427205792
GC0_FL360,2022-03-01 01:58:00.000000000,7.709174982241969,54.20981179728059,10972.8,22728.94085815235,210.20413,0.4387254714535057,0.7707489353359664,1.0,0.0,0.0,13.799953465513312
GC0_FL360,2022-03-01 01:59:00.000000000,7.890002054816966,54.2749012315503,10972.8,22728.94085815235,210.26918,0.42551054305498026,0.7472344490807029,1.0,0.0,0.0,13.800044709298199
GC0_FL360,2022-03-01 02:00:00.000000000,8.07140336006643,54.3397177150441,10972.8,22728.94085815235,210.30318,0.4143989959263808,0.7275694963604328,1.0,0.0,0.0,13.800041165932434
GC0_FL360,2022-03-01 02:01:00.000000000,8.253376235746266,54.4042613638653,10972.8,22728.94085815235,210.30515,0.4052779867257618,0.7115465877521048,1.0,0.0,0.0,13.80003540717797
GC0_FL360,2022-03-01 02:02:00.000000000,8.435921335887098,54.46853070587913,10972.8,22728.94085815235,210.2841,0.40085418967956915,0.7038695457654753,1.0,0.0,0.0,13.800029620699759
GC0_FL360,2022-03-01 02:03:00.000000000,8.61903936252284,54.532524226953534,10972.8,22728.94085815235,210.2615,0.39977685655425577,0.7020760019358062,1.0,0.0,0.0,13.800023808234585
GC0_FL360,2022-03-01 02:04:00.000000000,8.802730986129248,54.5962404085977,10972.8,22728.94085815235,210.24196,0.40004746510255823,0.7026360370432764,1.0,0.0,0.0,13.80001797157137
GC0_FL360,2022-03-01 02:05:00.000000000,8.986996845082029,54.659677728041075,10972.8,22728.94085815235,210.23143,0.4007748619056689,0.7039599979535478,1.0,0.0,0.0,13.80001211255036
GC0_FL360,2022-03-01 02:06:00.000000000,9.171837545112288,54.72283465831418,10972.8,22728.94085815235,210.23878,0.40659270021810995,0.7141467519064568,1.0,0.0,0.0,13.800006233064313
GC0_FL360,2022-03-01 02:07:00.000000000,9.357253658759396,54.785709668331585,10972.8,22728.94085815235,210.2505,0.4091980660604485,0.7186697939060207,1.0,0.0,0.0,13.800000335060249
GC0_FL360,2022-03-01 02:08:00.000000000,9.543245724821515,54.84830122297688,10972.8,22728.94085815235,210.27144,0.4114925308421228,0.7226066597107594,1.0,0.0,0.0,13.79999442053751
GC0_FL360,2022-03-01 02:09:00.000000000,9.729814247803706,54.91060778318973,10972.8,22728.94085815235,210.30443,0.41587472449919144,0.7301535045839853,1.0,0.0,0.0,13.799988491549682
GC0_FL360,2022-03-01 02:10:00.000000000,9.916959697363977,54.97262780605501,10972.8,22728.94085815235,210.32353,0.4178296296663404,0.7334994793244412,1.0,0.0,0.0,6.1100550360113415
GC0_FL360,2022-03-01 02:10:26.566305980,10.0,55.0,10972.8,22728.94085815235,210.32904,0.4173105113217569,0.7325638342373553,1.0,0.0,0.0,0.0
NW150_FL360,2022-03-01 00:00:00.000000000,-10.000000000000002,45.00000000000001,10972.8,22728.94085815235,211.58328,0.6453642887379416,1.1240788472207637,1.0,1.0,1.0,13.800014615529586
NW150_FL360,2022-03-01 00:01:00.000000000,-9.911943680217473,45.10739059751919,10972.8,22728.94085815235,211.57317,0.6311306588452008,1.099356161656261,1.0,1.0,1.0,13.800013510743517
NW150_FL360,2022-03-01 00:02:00.000000000,-9.823535417039643,45.21470503205091,10972.8,22728.94085815235,211.49432,0.6295999353178433,1.0972373334371266,1.0,1.0,1.0,13.800012336604626
NW150_FL360,2022-03-01 00:03:00.000000000,-9.734752775491534,45.32193450949788,10972.8,22728.94085815235,211.42404,0.6288276245558729,1.096373374981401,1.0,1.0,1.0,13.800011102228465
NW150_FL360,2022-03-01 00:04:00.000000000,-9.64557321962325,45.4290701602766,10972.8,22728.94085815235,211.42787,0.6150325074065588,1.0722983026864579,1.0,1.0,1.0,13.800009817596628
NW150_FL360,2022-03-01 00:05:00.000000000,-9.555974120765597,45.53610303447345,10972.8,22728.94085815235,211.43019,0.60303261224842,1.0513604075321021,1.0,1.0,1.0,13.800008493466299
NW150_FL360,2022-03-01 00:06:00.000000000,-9.465932766099801,45.64302409705574,10972.8,22728.94085815235,211.4247,0.5951643750939014,1.0376757535836092,1.0,1.0,1.0,13.8000071412585
NW150_FL360,2022-03-01 00:07:00.000000000,-9.37542636757764,45.74982422315823,10972.8,22728.94085815235,211.41998,0.5885247112486149,1.0261312107247709,1.0,1.0,1.0,13.800005772917848
NW150_FL360,2022-03-01 00:08:00.000000000,-9.284432071228174,45.85649419346592,10972.8,22728.94085815235,211.45284,0.5703511086090938,0.9942405186994736,1.0,0.0,0.0,13.800004400762623
NW150_FL360,2022-03-01 00:09:00.000000000,-9.192926966886413,45.96302468971482,10972.8,22728.94085815235,211.4546,0.5532865785701162,0.9644814272751081,1.0,0.0,0.0,13.800003037318143
NW150_FL360,2022-03-01 00:10:00.000000000,-9.100888098379096,46.069406290332594,10972.8,22728.94085815235,211.48708,0.5314156295460483,0.9261670258481367,1.0,0.0,0.0,13.800001695131416
NW150_FL360,2022-03-01 00:11:00.000000000,-9.008292474201193,46.175629466241716,10972.8,22728.94085815235,211.50026,0.5129020771575427,0.8938270517833512,1.0,0.0,0.0,13.800000386583605
NW150_FL360,2022-03-01 00:12:00.000000000,-8.915117078716126,46.2816845768484,10972.8,22728.94085815235,211.54935,0.4911451266520463,0.8556465334481609,1.0,0.0,0.0,13.799999123681374
NW150_FL360,2022-03-01 00:13:00.000000000,-8.82133888391088,46.38756186624089,10972.8,22728.94085815235,211.62227,0.46858125341838847,0.8159622645068352,1.0,0.0,0.0,13.799997917859939
NW150_FL360,2022-03-01 00:14:00.000000000,-8.726934861735826,46.49325145962168,10972.8,22728.94085815235,211.67235,0.4505431843557593,0.7843035198574478,1.0,0.0,0.0,13.799996779771385
NW150_FL360,2022-03-01 00:15:00.000000000,-8.631881997057086,46.59874335999853,10972.8,22728.94085815235,211.813,0.4260841876722784,0.7410666222589247,1.0,0.0,0.0,13.799995719077321
NW150_FL360,2022-03-01 00:16:00.000000000,-8.536157301247139,46.70402744515966,10972.8,22728.94085815235,211.94388,0.40271754786939,0.699847498279743,1.0,0.0,0.0,13.79999474425429
NW150_FL360,2022-03-01 00:17:00.000000000,-8.439737826436936,46.809093464959474,10972.8,22728.94085815235,212.13567,0.3753559674475048,0.6515029421309784,1.0,0.0,0.0,13.799993862396043
NW150_FL360,2022-03-01 00:18:00.000000000,-8.342600680450126,46.91393103894103,10972.8,22728.94085815235,212.37013,0.3458911924997579,0.5994645129784691,1.0,0.0,0.0,13.799993079039334
NW150_FL360,2022-03-01 00:19:00.000000000,-8.244723042436963,47.01852965432236,10972.8,22728.94085815235,212.59583,0.31842616473004876,0.5510682065905134,1.0,0.0,0.0,13.79999239800333
NW150_FL360,2022-03-01 00:20:00.000000000,-8.146082179222427,47.12287866437407,10972.8,22728.94085815235,212.84459,0.2913899364365008,0.5034721225664884,1.0,0.0,0.0,13.799991821243808
NW150_FL360,2022-03-01 00:21:00.000000000,-8.046655462379125,47.22696728721557,10972.8,22728.94085815235,213.0844,0.2655833091531729,0.4581726261757174,1.0,0.0,0.0,13.79999134873503
NW150_FL360,2022-03-01 00:22:00.000000000,-7.946420386032092,47.33078460505782,10972.8,22728.94085815235,213.31418,0.24433843833674626,0.420893329880318,1.0,0.0,0.0,13.799990978379531
NW150_FL360,2022-03-01 00:23:00.000000000,-7.845354585398439,47.434319563920425,10972.8,22728.94085815235,213.55638,0.2245205056842605,0.38614569436588053,1.0,0.0,0.0,13.799990705942896
NW150_FL360,2022-03-01 00:24:00.000000000,-7.743435856059993,47.537560973850695,10972.8,22728.94085815235,213.77222,0.2077859474790533,0.3568599675543675,1.0,0.0,0.0,13.799990525026583
NW150_FL360,2022-03-01 00:25:00.000000000,-7.640642173962943,47.64049750967218,10972.8,22728.94085815235,213.95227,0.19418285531251742,0.33310211566883463,1.0,0.0,0.0,13.799990427059264
NW150_FL360,2022-03-01 00:26:00.000000000,-7.536951716133178,47.743117712289695,10972.8,22728.94085815235,214.09473,0.18170388902931545,0.31140357485980097,1.0,0.0,0.0,13.799990401351167
NW150_FL360,2022-03-01 00:27:00.000000000,-7.432342882090881,47.84540999057738,10972.8,22728.94085815235,214.18257,0.17202752620203554,0.29464832709631195,1.0,0.0,0.0,13.799990435152703
NW150_FL360,2022-03-01 00:28:00.000000000,-7.32679431594254,47.94736262387532,10972.8,22728.94085815235,214.27086,0.16181469066079285,0.2769940893366652,1.0,0.0,0.0,13.799990513782763
NW150_FL360,2022-03-01 00:29:00.000000000,-7.220284929122936,48.04896376511957,10972.8,22728.94085815235,214.29625,0.15361973829156153,0.2629218815983995,1.0,0.0,0.0,13.799990620759637
NW150_FL360,2022-03-01 00:30:00.000000000,-7.112793923753648,48.15020144462874,10972.8,22728.94085815235,214.27167,0.14736544939189447,0.2522590102937342,1.0,0.0,0.0,13.799990738007454
NW150_FL360,2022-03-01 00:31:00.000000000,-7.00430081657882,48.251063574569415,10972.8,22728.94085815235,214.24973,0.14093357453618188,0.2412838469399242,1.0,0.0,0.0,13.799990846062991
NW150_FL360,2022-03-01 00:32:00.000000000,-6.894785463432784,48.351537954120296,10972.8,22728.94085815235,214.17496,0.1420808734805811,0.2433679721663378,1.0,0.0,0.0,13.79999092434128
NW150_FL360,2022-03-01 00:33:00.000000000,-6.784228084187853,48.45161227535354,10972.8,22728.94085815235,214.08362,0.1443773918940724,0.2474515376335677,1.0,0.0,0.0,13.79999095142065
NW150_FL360,2022-03-01 00:34:00.000000000,-6.672609288124424,48.55127412984912,10972.8,22728.94085815235,214.00456,0.14977396322585743,0.25683455375816344,1.0,0.0,0.0,13.799990905357314
NW150_FL360,2022-03-01 00:35:00.000000000,-6.559910099659522,48.650511016055766,10972.8,22728.94085815235,213.9173,0.15253069351192441,0.26171265515396525,1.0,0.0,0.0,13.799990764032621
NW150_FL360,2022-03-01 00:36:00.000000000,-6.446111984363311,48.74931034740906,10972.8,22728.94085815235,213.80031,0.15203142272799514,0.261056542039127,1.0,0.0,0.0,13.799990505510175
NW150_FL360,2022-03-01 00:37:00.000000000,-6.331196875187807,48.84765946121438,10972.8,22728.94085815235,213.6954,0.15187667886548617,0.26097047742095403,1.0,0.0,0.0,13.799990108416592
NW150_FL360,2022-03-01 00:38:00.000000000,-6.215147198825244,48.94554562829887,10972.8,22728.94085815235,213.55907,0.1523799766040616,0.26206881773822777,1.0,0.0,0.0,13.799989552329267
NW150_FL360,2022-03-01 00:39:00.000000000,-6.097945902109083,49.04295606343325,10972.8,22728.94085815235,213.45364,0.1566094198149003,0.2695283832269451,1.0,0.0,0.0,13.799988818168638
NW150_FL360,2022-03-01 00:40:00.000000000,-5.979576478364332,49.13987793652022,10972.8,22728.94085815235,213.37578,0.1607553604487338,0.2768041553432261,1.0,0.0,0.0,13.799987888596085
NW150_FL360,2022-03-01 00:41:00.000000000,-5.860022993609616,49.23629838454239,10972.8,22728.94085815235,213.27637,0.16408230502975937,0.2827147280979056,1.0,0.0,0.0,13.799986748391927
NW150_FL360,2022-03-01 00:42:00.000000000,-5.739270112508919,49.33220452425832,10972.8,22728.94085815235,213.2446,0.16520372592196475,0.28470696229262277,1.0,0.0,0.0,13.799985384831924
NW150_FL360,2022-03-01 00:43:00.000000000,-5.617303123966524,49.42758346563079,10972.8,22728.94085815235,213.24188,0.1669371305369982,0.287698529560521,1.0,0.0,0.0,13.799983788033904
NW150_FL360,2022-03-01 00:44:00.000000000,-5.4941079662560375,49.52242232596687,10972.8,22728.94085815235,213.24655,0.1650898088302585,0.28450657404542945,1.0,0.0,0.0,13.799981951284067
NW150_FL360,2022-03-01 00:45:00.000000000,-5.369671251570929,49.61670824474481,10972.8,22728.94085815235,213.29373,0.1631983947531792,0.28116064705338795,1.0,0.0,0.0,13.799979871326002
NW150_FL360,2022-03-01 00:46:00.000000000,-5.243980289882591,49.710428399097715,10972.8,22728.94085815235,213.34244,0.16111998813350184,0.2774917253547663,1.0,0.0,0.0,13.799977548611706
NW150_FL360,2022-03-01 00:47:00.000000000,-5.117023111990287,49.803570019919526,10972.8,22728.94085815235,213.39322,0.15675822377100032,0.2698909986014744,1.0,0.0,0.0,13.799974987505227
NW150_FL360,2022-03-01 00:48:00.000000000,-4.988788491647018,49.896120408553536,10972.8,22728.94085815235,213.44029,0.1528989631710463,0.2631651124232491,1.0,0.0,0.0,13.799972196443608
NW150_FL360,2022-03-01 00:49:00.000000000,-4.85926596664584,49.98806695401959,10972.8,22728.94085815235,213.46289,0.15646685347849007,0.2692666566659966,1.0,0.0,0.0,13.79996918802526
NW150_FL360,2022-03-01 00:50:00.000000000,-4.728445858752139,50.079397150730635,10972.8,22728.94085815235,213.46242,0.15822201232361552,0.27228726084834326,1.0,0.0,0.0,13.799965979069924
NW150_FL360,2022-03-01 00:51:00.000000000,-4.596319292369935,50.17009861664571,10972.8,22728.94085815235,213.45763,0.1563607578379369,0.26909348805522926,1.0,0.0,0.0,13.799962590579305
NW150_FL360,2022-03-01 00:52:00.000000000,-4.462878211833166,50.26015911180118,10972.8,22728.94085815235,213.43517,0.15569189229195673,0.2679813800978908,1.0,0.0,0.0,13.799959047664926
NW150_FL360,2022-03-01 00:53:00.000000000,-4.328115397217069,50.34956655715893,10972.8,22728.94085815235,213.3289,0.1588286742131413,0.27356974154268826,1.0,0.0,0.0,13.799955379398677
NW150_FL360,2022-03-01 00:54:00.000000000,-4.192024478569649,50.43830905370571,10972.8,22728.94085815235,213.21393,0.16141963054693062,0.27824046686742654,1.0,0.0,0.0,13.799951618596008
NW150_FL360,2022-03-01 00:55:00.000000000,-4.05459994846935,50.526374901734854,10972.8,22728.94085815235,213.08165,0.1664864336451843,0.2872208054241391,1.0,0.0,0.0,13.799947801542151
NW150_FL360,2022-03-01 00:56:00.000000000,-3.915837172821923,50.61375262023863,10972.8,22728.94085815235,212.92995,0.17344550471217662,0.2995196822835048,1.0,0.0,0.0,13.799961634315533
NW150_FL360,2022-03-01 00:57:00.000000000,-3.775730534366871,50.70042998100058,10972.8,22728.94085815235,212.77641,0.1797254693283015,0.3106722565110688,1.0,0.0,0.0,13.800015187556577
NW150_FL360,2022-03-01 00:58:00.000000000,-3.634272966085093,50.78639370865784,10972.8,22728.94085815235,212.63843,0.1894581193370949,0.32778619637067924,1.0,0.0,0.0,13.800009923240955
NW150_FL360,2022-03-01 00:59:00.000000000,-3.491468425213449,50.87163617748502,10972.8,22728.94085815235,212.51372,0.19923410016919188,0.3449769243185773,1.0,0.0,0.0,13.800004456466626
NW150_FL360,2022-03-01 01:00:00.000000000,-3.3473158711349957,50.956146985350514,10972.8,22728.94085815235,212.39323,0.20667250994155256,0.35813233236378844,1.0,0.0,0.0,13.799998839363584
NW150_FL360,2022-03-01 01:01:00.000000000,-3.201815162333295,51.03991604591398,10972.8,22728.94085815235,212.33025,0.21157581139832646,0.36677672836060365,1.0,0.0,0.0,13.799993126409735
NW150_FL360,2022-03-01 01:02:00.000000000,-3.0549670550937402,51.122933607024926,10972.8,22728.94085815235,212.32007,0.21388721884455966,0.3708070448807579,1.0,0.0,0.0,13.799987373795798
NW150_FL360,2022-03-01 01:03:00.000000000,-2.9067732000863327,51.20519026867862,10972.8,22728.94085815235,212.28352,0.21482244227395522,0.3725154886583102,1.0,0.0,0.0,13.799981638763203
NW150_FL360,2022-03-01 01:04:00.000000000,-2.75723613682413,51.28667700045241,10972.8,22728.94085815235,212.24927,0.21596995246128495,0.3745872416294923,1.0,0.0,0.0,13.799975978917063
NW150_FL360,2022-03-01 01:05:00.000000000,-2.6063592860038653,51.367385158347936,10972.8,22728.94085815235,212.2225,0.21823550201929592,0.37858119185697425,1.0,0.0,0.0,13.799970451534813
NW150_FL360,2022-03-01 01:06:00.000000000,-2.4541469397475377,51.44730650096773,10972.8,22728.94085815235,212.19698,0.218993888104149,0.37995847395855603,1.0,0.0,0.0,13.799965112869177
NW150_FL360,2022-03-01 01:07:00.000000000,-2.300604249774821,51.526433204957165,10972.8,22728.94085815235,212.19302,0.2191142862453577,0.3801773329821555,1.0,0.0,0.0,13.799960017463881
NW150_FL360,2022-03-01 01:08:00.000000000,-2.145737213549071,51.60475787964777,10972.8,22728.94085815235,212.225,0.21798023061282404,0.37813207753776834,1.0,0.0,0.0,13.799955217494318
NW150_FL360,2022-03-01 01:09:00.000000000,-1.9895526584501013,51.682273580841326,10972.8,22728.94085815235,212.22075,0.21638180234330806,0.37537031452906633,1.0,0.0,0.0,13.799950762132118
NW150_FL360,2022-03-01 01:10:00.000000000,-1.832058224038491,51.758973823679455,10972.8,22728.94085815235,212.22325,0.21093192685432877,0.36590954660464176,1.0,0.0,0.0,13.799946696952656
NW150_FL360,2022-03-01 01:11:00.000000000,-1.6732623424866224,51.83485259454882,10972.8,22728.94085815235,212.28267,0.20457476944199668,0.3547462983401767,1.0,0.0,0.0,13.799943063395368
NW150_FL360,2022-03-01 01:12:00.000000000,-1.513174217261294,51.909904361977446,10972.8,22728.94085815235,212.30173,0.19930528181764828,0.3455682958815244,1.0,0.0,0.0,13.799939898272926
NW150_FL360,2022-03-01 01:13:00.000000000,-1.3518038001522044,51.98412408648381,10972.8,22728.94085815235,212.30785,0.1940994263190355,0.33652770907131907,1.0,0.0,0.0,13.799939745243607
NW150_FL360,2022-03-01 01:14:00.000000000,-1.1891615462200298,52.057507082236924,10972.8,22728.94085815235,212.31898,0.19019439534295376,0.3297345315771912,1.0,0.0,0.0,13.800020924011612
NW150_FL360,2022-03-01 01:15:00.000000000,-1.0252518319892376,52.13004458185368,10972.8,22728.94085815235,212.28468,0.1881782818831999,0.3263098861074776,1.0,0.0,0.0,13.800013978858964
NW150_FL360,2022-03-01 01:16:00.000000000,-0.8600941937770141,52.20173800568454,10972.8,22728.94085815235,212.21825,0.19248981927185674,0.3339283396151035,1.0,0.0,0.0,13.800007477983955
NW150_FL360,2022-03-01 01:17:00.000000000,-0.6937013373187131,52.27258437763797,10972.8,22728.94085815235,212.13304,0.19811381024040062,0.34387054101231085,1.0,0.0,0.0,13.800001452770012
NW150_FL360,2022-03-01 01:18:00.000000000,-0.5260865789675423,52.34258124591907,10972.8,22728.94085815235,212.03726,0.20279252709465648,0.35220629967894423,1.0,0.0,0.0,13.799995928589095
NW150_FL360,2022-03-01 01:19:00.000000000,-0.35726381511859207,52.4117266860437,10972.8,22728.94085815235,211.90852,0.2146791151335091,0.37315509710933764,1.0,0.0,0.0,13.79999092471825
NW150_FL360,2022-03-01 01:20:00.000000000,-0.1872474908346242,52.480019302721765,10972.8,22728.94085815235,211.76962,0.22877743635738185,0.3980109961714519,1.0,0.0,0.0,13.799986454317708
NW150_FL360,2022-03-01 01:21:00.000000000,-0.0160525678074433,52.54745823062341,10972.8,22728.94085815235,211.6457,0.24536070235754293,0.42719495604403895,1.0,0.0,0.0,13.799982524503399
NW150_FL360,2022-03-01 01:22:00.000000000,0.15630550821031364,52.614043134048934,10972.8,22728.94085815235,211.56465,0.2682042074402569,0.46720561537696564,1.0,0.0,0.0,13.79997913648606
NW150_FL360,2022-03-01 01:23:00.000000000,0.329810840369795,52.67977420552756,10972.8,22728.94085815235,211.45282,0.29071329001115387,0.5067737125575353,1.0,0.0,0.0,13.799976285786364
NW150_FL360,2022-03-01 01:24:00.000000000,0.5044471139547051,52.74465216337665,10972.8,22728.94085815235,211.30353,0.31222031305334624,0.5447744075169154,1.0,0.0,0.0,13.799973962517008
NW150_FL360,2022-03-01 01:25:00.000000000,0.680197629744843,52.80867824825721,10972.8,22728.94085815235,211.26027,0.33020867419251315,0.5763183878898124,1.0,0.0,0.0,13.799972151720771
NW150_FL360,2022-03-01 01:26:00.000000000,0.857045337388637,52.8718542187659,10972.8,22728.94085815235,211.21367,0.3482062818559912,0.6079043728760075,1.0,0.0,0.0,13.799970833761792
NW150_FL360,2022-03-01 01:27:00.000000000,1.034972868662569,52.93418234610838,10972.8,22728.94085815235,211.15619,0.3680090932535039,0.6427081566009694,1.0,0.0,0.0,13.799969984769
NW150_FL360,2022-03-01 01:28:00.000000000,1.2139625705007244,52.99566540790184,10972.8,22728.94085815235,211.13353,0.38961928525733086,0.6805461881010846,1.0,0.0,0.0,13.799969577100743
NW150_FL360,2022-03-01 01:29:00.000000000,1.3939965376829655,53.056306681157686,10972.8,22728.94085815235,211.14867,0.4038213719722433,0.7052858607763162,1.0,0.0,0.0,13.799969579857322
NW150_FL360,2022-03-01 01:30:00.000000000,1.5750566450764563,53.11610993449817,10972.8,22728.94085815235,211.15277,0.41811325278489125,0.7302276973031903,1.0,0.0,0.0,13.799969959394309
NW150_FL360,2022-03-01 01:31:00.000000000,1.7571245793312809,53.17507941966272,10972.8,22728.94085815235,211.14209,0.43421200617377476,0.7583989553364204,1.0,0.0,0.0,13.799970679859165
NW150_FL360,2022-03-01 01:32:00.000000000,1.9401818699385918,53.23321986236095,10972.8,22728.94085815235,211.10759,0.44828657909954095,0.7831480147180105,1.0,0.0,0.0,13.799971703727884
NW150_FL360,2022-03-01 01:33:00.000000000,2.1242099195660367,53.29053645253109,10972.8,22728.94085815235,211.07816,0.4601923553003269,0.8040936897266449,1.0,0.0,0.0,13.799972992333837
NW150_FL360,2022-03-01 01:34:00.000000000,2.3091900335932243,53.34703483406254,10972.8,22728.94085815235,211.02725,0.474408295818123,0.82919870727568,1.0,0.0,0.0,13.799974506384897
NW150_FL360,2022-03-01 01:35:00.000000000,2.4951034487770922,53.402721094041766,10972.8,22728.94085815235,210.95157,0.49209205391250455,0.8605129548223223,1.0,0.0,0.0,13.799976206465772
NW150_FL360,2022-03-01 01:36:00.000000000,2.6819313609848683,53.457601751580526,10972.8,22728.94085815235,210.8782,0.510174529745655,0.8925406095720749,1.0,0.0,0.0,13.799978053504757
NW150_FL360,2022-03-01 01:37:00.000000000,2.8696549519397707,53.511683746284476,10972.8,22728.94085815235,210.80257,0.5280182171890809,0.9241905394009605,1.0,0.0,0.0,13.799980009221503
NW150_FL360,2022-03-01 01:38:00.000000000,3.0582554149321086,53.56497442641937,10972.8,22728.94085815235,210.72798,0.543944618262662,0.9525104816090473,1.0,0.0,0.0,13.799982036526542
NW150_FL360,2022-03-01 01:39:00.000000000,3.2477139794557783,53.61748153683056,10972.8,22728.94085815235,210.65858,0.5573557991929219,0.9764126002287472,1.0,0.0,0.0,13.799984099891018
NW150_FL360,2022-03-01 01:40:00.000000000,3.4380119347371982,53.6692132066701,10972.8,22728.94085815235,210.57967,0.5681858885397766,0.9958718772215334,1.0,0.0,0.0,13.799986165670656
NW150_FL360,2022-03-01 01:41:00.000000000,3.629130652131118,53.72017793698295,10972.8,22728.94085815235,210.49167,0.5774257671415621,1.0126177682596154,1.0,1.0,1.0,13.79998820237766
NW150_FL360,2022-03-01 01:42:00.000000000,3.821051606363487,53.770384588202695,10972.8,22728.94085815235,210.39792,0.5848589576615867,1.0262461158806737,1.0,1.0,1.0,13.799990180922991
NW150_FL360,2022-03-01 01:43:00.000000000,4.013756395608983,53.81984236760365,10972.8,22728.94085815235,210.3043,0.5900387320821345,1.0359334222273535,1.0,1.0,1.0,13.79999207479392
NW150_FL360,2022-03-01 01:44:00.000000000,4.207226760395775,53.868560816754226,10972.8,22728.94085815235,210.20241,0.5880007132807528,1.0330048339521056,1.0,1.0,1.0,13.79999386020077
NW150_FL360,2022-03-01 01:45:00.000000000,4.401444601336398,53.9165497990135,10972.8,22728.94085815235,210.0844,0.5876233848096429,1.0330932100693635,1.0,1.0,1.0,13.799995516168021
NW150_FL360,2022-03-01 01:46:00.000000000,4.59639199568854,53.96381948710966,10972.8,22728.94085815235,209.95969,0.5812686205150059,1.022700345035279,1.0,1.0,1.0,13.799997024593432
NW150_FL360,2022-03-01 01:47:00.000000000,4.792051212754257,54.01038035083665,10972.8,22728.94085815235,209.8252,0.568659966430337,1.0013406894144945,1.0,1.0,1.0,13.799998370255315
NW150_FL360,2022-03-01 01:48:00.000000000,4.988404728130883,54.05624314490155,10972.8,22728.94085815235,209.66817,0.5589332834317788,0.985154851678658,1.0,0.0,0.0,13.799999540791967
NW150_FL360,2022-03-01 01:49:00.000000000,5.185435236830494,54.101418896952666,10972.8,22728.94085815235,209.52844,0.5501046342244772,0.9704172354865868,1.0,0.0,0.0,13.800000526639762
NW150_FL360,2022-03-01 01:50:00.000000000,5.383125665288684,54.14591889581483,10972.8,22728.94085815235,209.39737,0.5437833381546495,0.9600338040975991,1.0,0.0,0.0,13.800001320950413
NW150_FL360,2022-03-01 01:51:00.000000000,5.581459182286482,54.18975467995547,10972.8,22728.94085815235,209.26688,0.5426516637444686,0.9587935080775136,1.0,0.0,0.0,13.800001919470516
NW150_FL360,2022-03-01 01:52:00.000000000,5.780419208811863,54.23293802620198,10972.8,22728.94085815235,209.14685,0.5477409202538651,0.9684889816996539,1.0,0.0,0.0,13.800002320404134
NW150_FL360,2022-03-01 01:53:00.000000000,5.979989426890096,54.27548093872749,10972.8,22728.94085815235,209.04187,0.5569569849327567,0.9854096664812723,1.0,0.0,0.0,13.800002524262844
NW150_FL360,2022-03-01 01:54:00.000000000,6.180153787413816,54.31739563831984,10972.8,22728.94085815235,208.99554,0.564151143288756,0.9984173450657634,1.0,0.0,0.0,13.800002533692991
NW150_FL360,2022-03-01 01:55:00.000000000,6.3808965170056196,54.35869455194499,10972.8,22728.94085815235,208.98744,0.5682530657624086,1.0057267286633882,1.0,1.0,1.0,13.800002353293928
NW150_FL360,2022-03-01 01:56:00.000000000,6.5822021239473365,54.399390302613654,10972.8,22728.94085815235,209.03601,0.566607481101448,1.0025187191103224,1.0,1.0,1.0,13.80000198943833
NW150_FL360,2022-03-01 01:57:00.000000000,6.784055403211021,54.4394956995573,10972.8,22728.94085815235,209.14973,0.5576688317551826,0.9860256919229847,1.0,0.0,0.0,13.800001450080874
NW150_FL360,2022-03-01 01:58:00.000000000,6.986441440627737,54.479023728716754,10972.8,22728.94085815235,209.26804,0.548517414070513,0.9691513458387974,1.0,0.0,0.0,13.800000744570198
NW150_FL360,2022-03-01 01:59:00.000000000,7.18934561623043,54.51798754354435,10972.8,22728.94085815235,209.44435,0.5310901631541805,0.9373563585661225,1.0,0.0,0.0,13.799999883471097
NW150_FL360,2022-03-01 02:00:00.000000000,7.392753606807693,54.55640045611831,10972.8,22728.94085815235,209.64133,0.5108257908924807,0.9005113094591342,1.0,0.0,0.0,13.799998878381079
NW150_FL360,2022-03-01 02:01:00.000000000,7.596651387704953,54.594275928565615,10972.8,22728.94085815235,209.81876,0.48885390948512975,0.860844762300404,1.0,0.0,0.0,13.799997741767196
NW150_FL360,2022-03-01 02:02:00.000000000,7.801025233909899,54.63162756478736,10972.8,22728.94085815235,209.96439,0.46692864004446766,0.8215035346326709,1.0,0.0,0.0,13.799996486806835
NW150_FL360,2022-03-01 02:03:00.000000000,8.005861720458118,54.66846910247922,10972.8,22728.94085815235,210.09993,0.44682902562330995,0.785488927059069,1.0,0.0,0.0,13.799995127240448
NW150_FL360,2022-03-01 02:04:00.000000000,8.21114772219488,54.70481440543687,10972.8,22728.94085815235,210.1331,0.4316963821090714,0.7587333224930549,1.0,0.0,0.0,13.799993677240758
NW150_FL360,2022-03-01 02:05:00.000000000,8.416870412928134,54.74067745613532,10972.8,22728.94085815235,210.18224,0.4176210910642685,0.7337707794926186,1.0,0.0,0.0,13.799992151289874
NW150_FL360,2022-03-01 02:06:00.000000000,8.623017264007114,54.77607234856892,10972.8,22728.94085815235,210.19795,0.4097041062186478,0.7197921079439581,1.0,0.0,0.0,13.799990564074568
NW150_FL360,2022-03-01 02:07:00.000000000,8.829576042360262,54.81101328133762,10972.8,22728.94085815235,210.18947,0.4070740486561294,0.7152074522058433,1.0,0.0,0.0,13.799988930389441
NW150_FL360,2022-03-01 02:08:00.000000000,9.036534808025143,54.845514550963514,10972.8,22728.94085815235,210.19438,0.40640817571298277,0.7140153668270404,1.0,0.0,0.0,13.799987265057572
NW150_FL360,2022-03-01 02:09:00.000000000,9.243881911202225,54.87959054542058,10972.8,22728.94085815235,210.20558,0.4090896879527311,0.718678471278711,1.0,0.0,0.0,13.799985582857834
NW150_FL360,2022-03-01 02:10:00.000000000,9.451605988863491,54.91325573785914,10972.8,22728.94085815235,210.22876,0.4104302090091856,0.7209309167475406,1.0,0.0,0.0,13.799983898464221
NW150_FL360,2022-03-01 02:11:00.000000000,9.659695960945642,54.94652468050605,10972.8,22728.94085815235,210.26587,0.4141346348186785,0.7272691795308379,1.0,0.0,0.0,13.799982226394873
NW150_FL360,2022-03-01 02:12:00.000000000,9.868141026157087,54.97941199871997,10972.8,22728.94085815235,210.29877,0.4172119445539497,0.7325246203674322,1.0,0.0,0.0,8.717907553283178
NW150_FL360,2022-03-01 02:12:37.904240283,10.0,55.0,10972.8,22728.94085815235,210.3148,0.41795267965871813,0.7337546339357959,1.0,0.0,0.0,0.0
NW300_FL360,2022-03-01 00:00:00.000000000,-10.000000000000002,45.00000000000001,10972.8,22728.94085815235,211.58328,0.6453642887379416,1.1240788472207637,1.0,1.0,1.0,13.800034843118594
NW300_FL360,2022-03-01 00:01:00.000000000,-9.948323151402047,45.11861698721326,10972.8,22728.94085815235,211.6356,0.6227861082435602,1.084397423230572,1.0,1.0,1.0,13.800006665435859
NW300_FL360,2022-03-01 00:02:00.000000000,-9.896402137726424,45.2372040256995,10972.8,22728.94085815235,211.6443,0.6084128383609586,1.0593122148213894,1.0,1.0,1.0,13.799977763173437
NW300_FL360,2022-03-01 00:03:00.000000000,-9.844205048187119,45.355754336568715,10972.8,22728.94085815235,211.66917,0.5947829738738494,1.0354174609286004,1.0,1.0,1.0,13.800003201880159
NW300_FL360,2022-03-01 00:04:00.000000000,-9.79169221545635,45.47425993803365,10972.8,22728.94085815235,211.69142,0.58228264877115,1.013517280970434,1.0,1.0,1.0,13.800019831035982
NW300_FL360,2022-03-01 00:05:00.000000000,-9.73883020753365,45.592713564836444,10972.8,22728.94085815235,211.78082,0.5609466423640747,0.9758275152122282,1.0,0.0,0.0,13.799990542186567
NW300_FL360,2022-03-01 00:06:00.000000000,-9.68559173693477,45.711108893423734,10972.8,22728.94085815235,211.89389,0.5365268879463615,0.9326762994716415,1.0,0.0,0.0,13.799966575556896
NW300_FL360,2022-03-01 00:07:00.000000000,-9.631942676019541,45.82943851868831,10972.8,22728.94085815235,212.03401,0.5092264985372306,0.884435946918001,1.0,0.0,0.0,13.800034470564826
NW300_FL360,2022-03-01 00:08:00.000000000,-9.577832641962,45.94769216492699,10972.8,22728.94085815235,212.18681,0.4810320775130594,0.8346525802342395,1.0,0.0,0.0,13.800004853679956
NW300_FL360,2022-03-01 00:09:00.000000000,-9.523242741476356,46.0658646319852,10972.8,22728.94085815235,212.3431,0.4525889221914198,0.7845178801330926,1.0,0.0,0.0,13.799975174589125
NW300_FL360,2022-03-01 00:10:00.000000000,-9.468138670649463,46.1839481275579,10972.8,22728.94085815235,212.49927,0.4232903937214781,0.7329991169353558,1.0,0.0,0.0,13.799996337513656
NW300_FL360,2022-03-01 00:11:00.000000000,-9.412475134560134,46.30193273606196,10972.8,22728.94085815235,212.66681,0.394383382366736,0.6822079844673683,1.0,0.0,0.0,13.80002177829723
NW300_FL360,2022-03-01 00:12:00.000000000,-9.356214232217248,46.41980959140651,10972.8,22728.94085815235,212.84543,0.36622613066426335,0.632773888106034,1.0,0.0,0.0,13.799991978487872
NW300_FL360,2022-03-01 00:13:00.000000000,-9.299331078055891,46.53757207105862,10972.8,22728.94085815235,213.01973,0.3405325879763018,0.5877179503435,1.0,0.0,0.0,13.79996288903523
NW300_FL360,2022-03-01 00:14:00.000000000,-9.2417896335749,46.65521139046437,10972.8,22728.94085815235,213.21382,0.31584078106213753,0.5444180980819815,1.0,0.0,0.0,13.800017586397669
NW300_FL360,2022-03-01 00:15:00.000000000,-9.183533336757865,46.77271458254579,10972.8,22728.94085815235,213.41837,0.2928158008690898,0.5040579498119816,1.0,0.0,0.0,13.800012642606154
NW300_FL360,2022-03-01 00:16:00.000000000,-9.124537269676559,46.8900744241367,10972.8,22728.94085815235,213.63979,0.2743052225203971,0.47151185473433843,1.0,0.0,0.0,13.799983478538548
NW300_FL360,2022-03-01 00:17:00.000000000,-9.06476959695927,47.00728223711839,10972.8,22728.94085815235,213.8538,0.25660370957558193,0.4404649907689695,1.0,0.0,0.0,13.799955874461615
NW300_FL360,2022-03-01 00:18:00.000000000,-9.004192371172094,47.124327917170994,10972.8,22728.94085815235,214.0666,0.2429825312651059,0.4164993677226995,1.0,0.0,0.0,13.800022795812414
NW300_FL360,2022-03-01 00:19:00.000000000,-8.942742331284771,47.241195837621795,10972.8,22728.94085815235,214.29668,0.22815481785815983,0.3904886586089777,1.0,0.0,0.0,13.80000943014113
NW300_FL360,2022-03-01 00:20:00.000000000,-8.880399361758288,47.35787881023055,10972.8,22728.94085815235,214.4505,0.21978704693385145,0.3757828639372712,1.0,0.0,0.0,13.79998144097103
NW300_FL360,2022-03-01 00:21:00.000000000,-8.81712804662872,47.47436632203423,10972.8,22728.94085815235,214.64035,0.20882627015175412,0.35659121651846815,1.0,0.0,0.0,13.799955751288898
NW300_FL360,2022-03-01 00:22:00.000000000,-8.752888484884062,47.59064660231162,10972.8,22728.94085815235,214.82555,0.19922699087840073,0.33977791282103015,1.0,0.0,0.0,13.79999974357544
NW300_FL360,2022-03-01 00:23:00.000000000,-8.687621184744504,47.70670318021615,10972.8,22728.94085815235,214.99054,0.19019093280348745,0.3240081180480009,1.0,0.0,0.0,13.800014603485252
NW300_FL360,2022-03-01 00:24:00.000000000,-8.6212916133352,47.822524520353284,10972.8,22728.94085815235,215.13512,0.18229799794760246,0.3102597309801688,1.0,0.0,0.0,13.799987752859257
NW300_FL360,2022-03-01 00:25:00.000000000,-8.553869741791866,47.93809981100981,10972.8,22728.94085815235,215.27815,0.174819599859072,0.29724460104771955,1.0,0.0,0.0,13.79996366704769
NW300_FL360,2022-03-01 00:26:00.000000000,-8.485313856181833,48.05341525950304,10972.8,22728.94085815235,215.40027,0.16787256660837385,0.2851966222198368,1.0,0.0,0.0,13.799942842235483
NW300_FL360,2022-03-01 00:27:00.000000000,-8.415581801578655,48.16845651097662,10972.8,22728.94085815235,215.47801,0.1627223088426576,0.2763016013491389,1.0,0.0,0.0,13.800016914087612
NW300_FL360,2022-03-01 00:28:00.000000000,-8.344603841813232,48.28320205518647,10972.8,22728.94085815235,215.54646,0.15830963896568395,0.26868406374622134,1.0,0.0,0.0,13.800004972425114
NW300_FL360,2022-03-01 00:29:00.000000000,-8.272359617391693,48.397641532390416,10972.8,22728.94085815235,215.58635,0.1548883859342917,0.2628056158595629,1.0,0.0,0.0,13.799981440007572
NW300_FL360,2022-03-01 00:30:00.000000000,-8.198809767667017,48.511759680983936,10972.8,22728.94085815235,215.61087,0.1521322179982376,0.2580867463645033,1.0,0.0,0.0,13.799961128930406
NW300_FL360,2022-03-01 00:31:00.000000000,-8.123910851857396,48.62553969747014,10972.8,22728.94085815235,215.60403,0.15139024538197413,0.25683901550248334,1.0,0.0,0.0,13.79994434951923
NW300_FL360,2022-03-01 00:32:00.000000000,-8.047619175060253,48.73896411389615,10972.8,22728.94085815235,215.61804,0.1513409797139549,0.2567312502275264,1.0,0.0,0.0,13.799949522704459
NW300_FL360,2022-03-01 00:33:00.000000000,-7.969885434552368,48.85201334557368,10972.8,22728.94085815235,215.58011,0.14866423756380392,0.2522555102484258,1.0,0.0,0.0,13.800014181102688
NW300_FL360,2022-03-01 00:34:00.000000000,-7.890648069563789,48.96466371012504,10972.8,22728.94085815235,215.53549,0.14500603743398524,0.24612295191911127,1.0,0.0,0.0,13.799992650903825
NW300_FL360,2022-03-01 00:35:00.000000000,-7.809886021383044,49.076901625594274,10972.8,22728.94085815235,215.48792,0.14240028098872803,0.2417780289294078,1.0,0.0,0.0,13.799974108707389
NW300_FL360,2022-03-01 00:36:00.000000000,-7.727555347093408,49.1887068387166,10972.8,22728.94085815235,215.43993,0.1404130603147184,0.238482057085438,1.0,0.0,0.0,13.799958655833514
NW300_FL360,2022-03-01 00:37:00.000000000,-7.643612181951804,49.30005836390617,10972.8,22728.94085815235,215.426,0.13873367375005732,0.2356520531236757,1.0,0.0,0.0,13.799946336900428
NW300_FL360,2022-03-01 00:38:00.000000000,-7.558012825338964,49.41093447592809,10972.8,22728.94085815235,215.44139,0.1368444086184724,0.23241878363475277,1.0,0.0,0.0,13.799937139245799
NW300_FL360,2022-03-01 00:39:00.000000000,-7.470713833585899,49.52131270557739,10972.8,22728.94085815235,215.45828,0.13498529601626436,0.22923481366632648,1.0,0.0,0.0,13.799930993467326
NW300_FL360,2022-03-01 00:40:00.000000000,-7.381672119623329,49.63116983869982,10972.8,22728.94085815235,215.50601,0.132127792719717,0.22430969258155278,1.0,0.0,0.0,13.799935080408797
NW300_FL360,2022-03-01 00:41:00.000000000,-7.290842991180416,49.740481273968314,10972.8,22728.94085815235,215.57751,0.129348566129612,0.21948443840095447,1.0,0.0,0.0,13.79999350665374
NW300_FL360,2022-03-01 00:42:00.000000000,-7.198169519410879,49.84921753340485,10972.8,22728.94085815235,215.65613,0.12592390178648108,0.2135589348004617,1.0,0.0,0.0,13.799978927303988
NW300_FL360,2022-03-01 00:43:00.000000000,-7.103628498314238,49.95735875096998,10972.8,22728.94085815235,215.74725,0.1223085156721904,0.20729860378192427,1.0,0.0,0.0,13.799966433137888
NW300_FL360,2022-03-01 00:44:00.000000000,-7.0071795140932345,50.06487885572919,10972.8,22728.94085815235,215.84491,0.11887055734248744,0.20133719089810848,1.0,0.0,0.0,13.79995586908043
NW300_FL360,2022-03-01 00:45:00.000000000,-6.9087830925656055,50.171751090152405,10972.8,22728.94085815235,215.9106,0.11583538343293152,0.19610839680263414,1.0,0.0,0.0,13.799947052381834
NW300_FL360,2022-03-01 00:46:00.000000000,-6.808400832996052,50.27794803570585,10972.8,22728.94085815235,215.96846,0.11304990834777724,0.19131664589829425,1.0,0.0,0.0,13.799939778560672
NW300_FL360,2022-03-01 00:47:00.000000000,-6.705995546066805,50.38344164394248,10972.8,22728.94085815235,215.99275,0.11079913617950186,0.18747621508513693,1.0,0.0,0.0,13.799933827852389
NW300_FL360,2022-03-01 00:48:00.000000000,-6.601531395219343,50.48820327332102,10972.8,22728.94085815235,216.00551,0.10875435407852219,0.18400034852539413,1.0,0.0,0.0,13.799928972027583
NW300_FL360,2022-03-01 00:49:00.000000000,-6.494974040497284,50.592203731941304,10972.8,22728.94085815235,215.99356,0.10748953622263611,0.1818752772046667,1.0,0.0,0.0,13.799924981403041
NW300_FL360,2022-03-01 00:50:00.000000000,-6.386290783920157,50.69541332633463,10972.8,22728.94085815235,215.9644,0.10647754449102244,0.18019907327582618,1.0,0.0,0.0,13.799921631877607
NW300_FL360,2022-03-01 00:51:00.000000000,-6.2754507153220995,50.797801916390625,10972.8,22728.94085815235,215.94958,0.10548247959628511,0.17853330579367765,1.0,0.0,0.0,13.799918711778243
NW300_FL360,2022-03-01 00:52:00.000000000,-6.162424857501622,50.89933897643868,10972.8,22728.94085815235,215.94102,0.10493014212215784,0.17760884217003917,1.0,0.0,0.0,13.799916028361567
NW300_FL360,2022-03-01 00:53:00.000000000,-6.0471863094495175,50.99999366243146,10972.8,22728.94085815235,215.92639,0.10435738385185954,0.17665705141501334,1.0,0.0,0.0,13.799913413752241
NW300_FL360,2022-03-01 00:54:00.000000000,-5.929710386355748,51.099734885102215,10972.8,22728.94085815235,215.97775,0.1033732004080614,0.17492901718251497,1.0,0.0,0.0,13.799910730138198
NW300_FL360,2022-03-01 00:55:00.000000000,-5.8099747550443395,51.19853138888636,10972.8,22728.94085815235,216.02827,0.1022478201788927,0.1729652214394803,1.0,0.0,0.0,13.799907874076975
NW300_FL360,2022-03-01 00:56:00.000000000,-5.687959563450105,51.296351836313654,10972.8,22728.94085815235,216.09468,0.10102211897209981,0.1708136841636764,1.0,0.0,0.0,13.79990477972228
NW300_FL360,2022-03-01 00:57:00.000000000,-5.56364756273571,51.39316489749046,10972.8,22728.94085815235,216.1915,0.09960824885084707,0.1683108707204357,1.0,0.0,0.0,13.799901420893251
NW300_FL360,2022-03-01 00:58:00.000000000,-5.4370242206528845,51.48893934420452,10972.8,22728.94085815235,216.28958,0.09832529366895315,0.16603065616923413,1.0,0.0,0.0,13.799897811846515
NW300_FL360,2022-03-01 00:59:00.000000000,-5.308077824779514,51.583644148098536,10972.8,22728.94085815235,216.39688,0.09732415701804162,0.16421829234156088,1.0,0.0,0.0,13.799894006728076
NW300_FL360,2022-03-01 01:00:00.000000000,-5.176799574316013,51.67724858227623,10972.8,22728.94085815235,216.53406,0.09597463300827193,0.16178734942959258,1.0,0.0,0.0,13.799890097668875
NW300_FL360,2022-03-01 01:01:00.000000000,-5.043183659200432,51.76972232562682,10972.8,22728.94085815235,216.66483,0.09480909810885495,0.15967754033427808,1.0,0.0,0.0,13.799886211544619
NW300_FL360,2022-03-01 01:02:00.000000000,-4.907227325401263,51.8610355690834,10972.8,22728.94085815235,216.77362,0.09374828620993907,0.1577713422878959,1.0,0.0,0.0,13.799882505488926
NW300_FL360,2022-03-01 01:03:00.000000000,-4.768930925370678,51.95115912296934,10972.8,22728.94085815235,216.89198,0.0925037140055388,0.1555481143631851,1.0,0.0,0.0,13.799879161238978
NW300_FL360,2022-03-01 01:04:00.000000000,-4.628297952786058,52.04006452453659,10972.8,22728.94085815235,217.0099,0.0911269355107783,0.15310682052373678,1.0,0.0,0.0,13.79987637850337
NW300_FL360,2022-03-01 01:05:00.000000000,-4.485335060872928,52.127724144762055,10972.8,22728.94085815235,217.09944,0.09006699231902297,0.1512307944663154,1.0,0.0,0.0,13.799874367506506
NW300_FL360,2022-03-01 01:06:00.000000000,-4.340052063785224,52.214111293444496,10972.8,22728.94085815235,217.1532,0.08965843874418349,0.15048804778999061,1.0,0.0,0.0,13.799875260345667
NW300_FL360,2022-03-01 01:07:00.000000000,-4.192461576710146,52.299200123019176,10972.8,22728.94085815235,217.17749,0.08946432991400985,0.1501369170092705,1.0,0.0,0.0,13.799958362399373
NW300_FL360,2022-03-01 01:08:00.000000000,-4.042565505808821,52.382957721133714,10972.8,22728.94085815235,217.17825,0.0895349409449883,0.15025444732388007,1.0,0.0,0.0,13.79994634307932
NW300_FL360,2022-03-01 01:09:00.000000000,-3.8903976137133776,52.4653690353782,10972.8,22728.94085815235,217.18372,0.08976539941472385,0.15063531290565335,1.0,0.0,0.0,13.799934758524605
NW300_FL360,2022-03-01 01:10:00.000000000,-3.7359801900362437,52.5464122011229,10972.8,22728.94085815235,217.1742,0.09005577618968981,0.151132834152711,1.0,0.0,0.0,13.799923893437573
NW300_FL360,2022-03-01 01:11:00.000000000,-3.5793384277428935,52.62606676530347,10972.8,22728.94085815235,217.16356,0.09018979722768844,0.15136893823832298,1.0,0.0,0.0,13.799914005702364
NW300_FL360,2022-03-01 01:12:00.000000000,-3.420500321548006,52.70431376094036,10972.8,22728.94085815235,217.1905,0.08994297286088962,0.15092594292472075,1.0,0.0,0.0,13.799905318758915
NW300_FL360,2022-03-01 01:13:00.000000000,-3.2594965516209413,52.78113577383572,10972.8,22728.94085815235,217.24443,0.08923566782298288,0.149682643263149,1.0,0.0,0.0,13.799898015093248
NW300_FL360,2022-03-01 01:14:00.000000000,-3.0963603537213,52.85651700087687,10972.8,22728.94085815235,217.27957,0.08886946504362392,0.14903115900668645,1.0,0.0,0.0,13.799892231080968
NW300_FL360,2022-03-01 01:15:00.000000000,-2.93112737703906,52.93044329948208,10972.8,22728.94085815235,217.30763,0.0886082644967066,0.14856399602963954,1.0,0.0,0.0,13.79988805331851
NW300_FL360,2022-03-01 01:16:00.000000000,-2.7638355311439367,53.00290222783783,10972.8,22728.94085815235,217.33124,0.08841119494701993,0.14820890881992993,1.0,0.0,0.0,13.799885516550193
NW300_FL360,2022-03-01 01:17:00.000000000,-2.594524823554262,53.07388307569488,10972.8,22728.94085815235,217.28679,0.0890784895346351,0.1493740878066935,1.0,0.0,0.0,13.799884603266875
NW300_FL360,2022-03-01 01:18:00.000000000,-2.4232371895126836,53.14337688560977,10972.8,22728.94085815235,217.23196,0.08994798453444124,0.15089059326306134,1.0,0.0,0.0,13.799885244947372
NW300_FL360,2022-03-01 01:19:00.000000000,-2.250016315606625,53.21137646463753,10972.8,22728.94085815235,217.16884,0.09100807914142468,0.15273637300673426,1.0,0.0,0.0,13.799887324900999
NW300_FL360,2022-03-01 01:20:00.000000000,-2.0749074588928185,53.277876386596866,10972.8,22728.94085815235,217.05974,0.092517099993581,0.15538792321934916,1.0,0.0,0.0,13.799890682600761
NW300_FL360,2022-03-01 01:21:00.000000000,-1.8979572631798203,53.34287298513899,10972.8,22728.94085815235,216.96408,0.09379623392139554,0.1576421658970541,1.0,0.0,0.0,13.799895119344866
NW300_FL360,2022-03-01 01:22:00.000000000,-1.719213574090673,53.406364337953896,10972.8,22728.94085815235,216.88765,0.09492858060910539,0.1596309019746741,1.0,0.0,0.0,13.799900405062836
NW300_FL360,2022-03-01 01:23:00.000000000,-1.538725254472115,53.46835024254097,10972.8,22728.94085815235,216.87053,0.09544553409274789,0.16051874210109918,1.0,0.0,0.0,13.79990628602072
NW300_FL360,2022-03-01 01:24:00.000000000,-1.356542001638573,53.52883218405242,10972.8,22728.94085815235,216.85704,0.09588835469107411,0.16127894072990762,1.0,0.0,0.0,13.79991249319038
NW300_FL360,2022-03-01 01:25:00.000000000,-1.172714167843412,53.58781329578929,10972.8,22728.94085815235,216.82446,0.09652682150650156,0.16238992785845102,1.0,0.0,0.0,13.799918750991056
NW300_FL360,2022-03-01 01:26:00.000000000,-0.9872925852565602,53.64529831298643,10972.8,22728.94085815235,216.77322,0.09748146076469315,0.16405448779518803,1.0,0.0,0.0,13.799924786167315
NW300_FL360,2022-03-01 01:27:00.000000000,-0.800328396603329,53.7012935205683,10972.8,22728.94085815235,216.70555,0.09857755384850025,0.16597724017285526,1.0,0.0,0.0,13.79993033648061
NW300_FL360,2022-03-01 01:28:00.000000000,-0.6118728924847379,53.75580669558846,10972.8,22728.94085815235,216.64012,0.09969209756500598,0.1679301090523884,1.0,0.0,0.0,13.799935159022626
NW300_FL360,2022-03-01 01:29:00.000000000,-0.42197735625945404,53.80884704508488,10972.8,22728.94085815235,216.53336,0.10111025202965698,0.17044572871924962,1.0,0.0,0.0,13.799939037850189
NW300_FL360,2022-03-01 01:30:00.000000000,-0.23069291722504956,53.86042514008997,10972.8,22728.94085815235,216.41852,0.1025202781357823,0.17295992427862417,1.0,0.0,0.0,13.79994179078318
NW300_FL360,2022-03-01 01:31:00.000000000,-0.03807041269302599,53.910552846529505,10972.8,22728.94085815235,216.31621,0.10381243809670423,0.1752637508719632,1.0,0.0,0.0,13.799943275155096
NW300_FL360,2022-03-01 01:32:00.000000000,0.1558397405871601,53.95924325373014,10972.8,22728.94085815235,216.11018,0.1065093814988482,0.18007281412210369,1.0,0.0,0.0,13.799943392385876
NW300_FL360,2022-03-01 01:33:00.000000000,0.35098766533486897,54.00651060123104,10972.8,22728.94085815235,215.8862,0.10966875379883075,0.1856991193129815,1.0,0.0,0.0,13.799942091276058
NW300_FL360,2022-03-01 01:34:00.000000000,0.5473241327828376,54.05237020456364,10972.8,22728.94085815235,215.64673,0.11361075583577677,0.19268883379632665,1.0,0.0,0.0,13.799939369947783
NW300_FL360,2022-03-01 01:35:00.000000000,0.7448006617853401,54.09683838062501,10972.8,22728.94085815235,215.37611,0.11888284457458748,0.2020018449764972,1.0,0.0,0.0,13.79993527641069
NW300_FL360,2022-03-01 01:36:00.000000000,0.943369608024376,54.139932373227055,10972.8,22728.94085815235,215.09964,0.12703909717186357,0.2162642711327896,1.0,0.0,0.0,13.799929907760507
NW300_FL360,2022-03-01 01:37:00.000000000,1.142984243446075,54.18167027935618,10972.8,22728.94085815235,214.83694,0.1357178120505348,0.23144699540897584,1.0,0.0,0.0,13.799923408062723
NW300_FL360,2022-03-01 01:38:00.000000000,1.3435988261461758,54.22207097662803,10972.8,22728.94085815235,214.58023,0.1460973117213395,0.2495753033667221,1.0,0.0,0.0,13.799915964977409
NW300_FL360,2022-03-01 01:39:00.000000000,1.545168660997899,54.26115405237014,10972.8,22728.94085815235,214.32423,0.15887478215874437,0.2718657471376174,1.0,0.0,0.0,13.799907805259913
NW300_FL360,2022-03-01 01:40:00.000000000,1.7476501513793214,54.298939734713336,10972.8,22728.94085815235,214.05792,0.1740813628818125,0.2984126109666106,1.0,0.0,0.0,13.799905225618216
NW300_FL360,2022-03-01 01:41:00.000000000,1.951001321706038,54.3354480988425,10972.8,22728.94085815235,213.79356,0.19417149839449158,0.33343065488823936,1.0,0.0,0.0,13.80003550067695
NW300_FL360,2022-03-01 01:42:00.000000000,2.1551912888926434,54.370684072582705,10972.8,22728.94085815235,213.51987,0.2168405242733829,0.37302625283250435,1.0,0.0,0.0,13.80001194060027
NW300_FL360,2022-03-01 01:43:00.000000000,2.3601687814981553,54.404685818447064,10972.8,22728.94085815235,213.25044,0.24232684452955056,0.41760190090752425,1.0,0.0,0.0,13.799988050689471
NW300_FL360,2022-03-01 01:44:00.000000000,2.5658948749977406,54.43747558046449,10972.8,22728.94085815235,212.98245,0.27081015111912105,0.4674983972270886,1.0,0.0,0.0,13.799964294443889
NW300_FL360,2022-03-01 01:45:00.000000000,2.772331890772268,54.46907594249486,10972.8,22728.94085815235,212.73181,0.30140918291236674,0.5211635427179938,1.0,0.0,0.0,13.79994113566568
NW300_FL360,2022-03-01 01:46:00.000000000,2.9794434044374127,54.49950977601977,10972.8,22728.94085815235,212.52742,0.3279651239875224,0.5678245486880747,1.0,0.0,0.0,13.799919029035573
NW300_FL360,2022-03-01 01:47:00.000000000,3.1871942485890172,54.528800191289015,10972.8,22728.94085815235,212.29341,0.358576630899791,0.6217548237255798,1.0,0.0,0.0,13.799903858262315
NW300_FL360,2022-03-01 01:48:00.000000000,3.395550879759554,54.55696978407656,10972.8,22728.94085815235,212.0574,0.3868244995737079,0.6717425746342366,1.0,0.0,0.0,13.800055039082034
NW300_FL360,2022-03-01 01:49:00.000000000,3.604491615359623,54.58402008165235,10972.8,22728.94085815235,211.82632,0.4138381279320934,0.7197067279256358,1.0,0.0,0.0,13.800015441936033
NW300_FL360,2022-03-01 01:50:00.000000000,3.8139728517228146,54.60999719041869,10972.8,22728.94085815235,211.58939,0.44136404104622545,0.7687280645592258,1.0,0.0,0.0,13.799978645815921
NW300_FL360,2022-03-01 01:51:00.000000000,4.023964354506401,54.63492486350083,10972.8,22728.94085815235,211.33269,0.47024598939041434,0.8203538448786227,1.0,0.0,0.0,13.799945081809751
NW300_FL360,2022-03-01 01:52:00.000000000,4.234437101686992,54.658826899104795,10972.8,22728.94085815235,211.05951,0.5020724882389614,0.8773730689581843,1.0,0.0,0.0,13.799915120264668
NW300_FL360,2022-03-01 01:53:00.000000000,4.445363262970964,54.68172711119074,10972.8,22728.94085815235,210.78688,0.5210467279866529,0.9120802727085819,1.0,0.0,0.0,13.800015788586125
NW300_FL360,2022-03-01 01:54:00.000000000,4.65672372489985,54.70363128764721,10972.8,22728.94085815235,210.498,0.5407264926090533,0.9482253668140067,1.0,0.0,0.0,13.800026752290783
NW300_FL360,2022-03-01 01:55:00.000000000,4.868487720428609,54.7245739875963,10972.8,22728.94085815235,210.2149,0.5518397641475424,0.9694008355251298,1.0,0.0,0.0,13.799983572061933
NW300_FL360,2022-03-01 01:56:00.000000000,5.080627538644073,54.74458663851475,10972.8,22728.94085815235,209.95642,0.55279482623479,0.9726239514011106,1.0,0.0,0.0,13.799945817559948
NW300_FL360,2022-03-01 01:57:00.000000000,5.293119881497206,54.763692990803875,10972.8,22728.94085815235,209.72716,0.550213755793573,0.9694396565096571,1.0,0.0,0.0,13.799938516635832
NW300_FL360,2022-03-01 01:58:00.000000000,5.505943868646182,54.78191294381553,10972.8,22728.94085815235,209.52362,0.5453066371692922,0.9619844155751118,1.0,0.0,0.0,13.800050656767903
NW300_FL360,2022-03-01 01:59:00.000000000,5.719084419011531,54.79925175731836,10972.8,22728.94085815235,209.33305,0.5448576406115787,0.9623086989778548,1.0,0.0,0.0,13.800003204209666
NW300_FL360,2022-03-01 02:00:00.000000000,5.932512825652237,54.81575578710652,10972.8,22728.94085815235,209.18092,0.5505516547874975,0.9732577939816727,1.0,0.0,0.0,13.799962666862402
NW300_FL360,2022-03-01 02:01:00.000000000,6.1462099113233615,54.83144846222197,10972.8,22728.94085815235,209.07346,0.5578993278470369,0.9868889562773028,1.0,0.0,0.0,13.799932359184918
NW300_FL360,2022-03-01 02:02:00.000000000,6.3601576187555455,54.846352522537195,10972.8,22728.94085815235,209.00314,0.5645345780650232,0.9990510987837175,1.0,0.0,0.0,13.800051701259331
NW300_FL360,2022-03-01 02:03:00.000000000,6.574345601833692,54.860467055141825,10972.8,22728.94085815235,208.98154,0.5681373198579799,1.0055594310494618,1.0,1.0,1.0,13.80000554177809
NW300_FL360,2022-03-01 02:04:00.000000000,6.788749289172524,54.87384091232076,10972.8,22728.94085815235,209.02815,0.5654631404580012,1.0005397747977676,1.0,1.0,1.0,13.799967129490193
NW300_FL360,2022-03-01 02:05:00.000000000,7.0033531669792195,54.88649708306962,10972.8,22728.94085815235,209.11504,0.5591872387187123,0.9889212349030208,1.0,0.0,0.0,13.799960623388825
NW300_FL360,2022-03-01 02:06:00.000000000,7.218143656439326,54.89845407593597,10972.8,22728.94085815235,209.28876,0.5426718112443409,0.9587019531588749,1.0,0.0,0.0,13.8000381484042
NW300_FL360,2022-03-01 02:07:00.000000000,7.433110284466571,54.90971982486474,10972.8,22728.94085815235,209.47504,0.5255029499020286,0.9273231734597163,1.0,0.0,0.0,13.799997707739267
NW300_FL360,2022-03-01 02:08:00.000000000,7.648234507949747,54.92033751497244,10972.8,22728.94085815235,209.65814,0.5039948736366096,0.8883792959450851,1.0,0.0,0.0,13.799965046205028
NW300_FL360,2022-03-01 02:09:00.000000000,7.863504016276233,54.93032968835278,10972.8,22728.94085815235,209.82787,0.48203843666712926,0.8487967451857344,1.0,0.0,0.0,13.799998359184581
NW300_FL360,2022-03-01 02:10:00.000000000,8.078909613694025,54.93970734956771,10972.8,22728.94085815235,209.96295,0.4617357801971092,0.8123747676333989,1.0,0.0,0.0,13.800019524346945
NW300_FL360,2022-03-01 02:11:00.000000000,8.294439602046854,54.94849485749177,10972.8,22728.94085815235,210.05022,0.4428580102007527,0.778742444893687,1.0,0.0,0.0,13.799987344744515
NW300_FL360,2022-03-01 02:12:00.000000000,8.51008135994762,54.95672549342708,10972.8,22728.94085815235,210.11612,0.4271906324193137,0.7508919013557753,1.0,0.0,0.0,13.799962217577544
NW300_FL360,2022-03-01 02:13:00.000000000,8.725825342473327,54.96442143190606,10972.8,22728.94085815235,210.12134,0.4197411102899314,0.7377716921667474,1.0,0.0,0.0,13.800030591944905
NW300_FL360,2022-03-01 02:14:00.000000000,8.941665815844612,54.97158610280672,10972.8,22728.94085815235,210.14429,0.41317196071836443,0.7261243543533055,1.0,0.0,0.0,13.800003074592663
NW300_FL360,2022-03-01 02:15:00.000000000,9.157590658160426,54.97826150894907,10972.8,22728.94085815235,210.15727,0.4113505596396915,0.7228646767386406,1.0,0.0,0.0,13.799979693093027
NW300_FL360,2022-03-01 02:16:00.000000000,9.373592057318856,54.984470163858454,10972.8,22728.94085815235,210.17413,0.41200613782119594,0.723942538942937,1.0,0.0,0.0,13.799998894018712
NW300_FL360,2022-03-01 02:17:00.000000000,9.58966406355943,54.990225655978996,10972.8,22728.94085815235,210.20471,0.41422768777331875,0.7277081525117908,1.0,0.0,0.0,13.800013114578606
NW300_FL360,2022-03-01 02:18:00.000000000,9.805799607243536,54.995551318891,10972.8,22728.94085815235,210.24326,0.41745684155651974,0.7332063844441731,1.0,0.0,0.0,12.396422411584279
NW300_FL360,2022-03-01 02:18:53.897617080,9.999999999999996,55.0,10972.8,22728.94085815235,210.27402,0.4197981567797976,0.7371802857132099,1.0,0.0,0.0,0.0
SE300_FL370,2022-03-01 00:00:00.000000000,-10.000000000000002,45.00000000000001,11277.6,21662.374173827782,213.05789,0.37161490950525816,0.6412042996438473,1.0,0.0,0.0,13.800115027908165
SE300_FL370,2022-03-01 00:01:00.000000000,-9.832634228109365,45.0374989777726,11277.6,21662.374173827782,212.88382,0.37824886103171745,0.6533847342228309,1.0,0.0,0.0,13.800020549916326
SE300_FL370,2022-03-01 00:02:00.000000000,-9.665061957945106,45.074778023133646,11277.6,21662.374173827782,212.72346,0.3819865696189638,0.6605250677856103,1.0,0.0,0.0,13.799927543731021
SE300_FL370,2022-03-01 00:03:00.000000000,-9.497293172355167,45.111857647020635,11277.6,21662.374173827782,212.58011,0.3826787172219959,0.6623308530558107,1.0,0.0,0.0,13.800010362739226
SE300_FL370,2022-03-01 00:04:00.000000000,-9.329333869699752,45.148755048499964,11277.6,21662.374173827782,212.46504,0.38764675550749983,0.6714242180554798,1.0,0.0,0.0,13.8000625389665
SE300_FL370,2022-03-01 00:05:00.000000000,-9.161195059406664,45.18549293097829,11277.6,21662.374173827782,212.35881,0.3948116225390476,0.6842992318817072,1.0,0.0,0.0,13.799971646306037
SE300_FL370,2022-03-01 00:06:00.000000000,-8.992889620285059,45.222095268527376,11277.6,21662.374173827782,212.25667,0.4038108579714217,0.7003524633856415,1.0,0.0,0.0,13.799899873840282
SE300_FL370,2022-03-01 00:07:00.000000000,-8.824426642306625,45.25858271091628,11277.6,21662.374173827782,212.21062,0.4074579360016191,0.7068856773025947,1.0,0.0,0.0,13.800105239252431
SE300_FL370,2022-03-01 00:08:00.000000000,-8.65581080706178,45.2949740113112,11277.6,21662.374173827782,212.13947,0.41435680118654467,0.7191812525719685,1.0,0.0,0.0,13.80001760658135
SE300_FL370,2022-03-01 00:09:00.000000000,-8.487057177228046,45.3312945416673,11277.6,21662.374173827782,212.0521,0.4236752978445634,0.7357624607959303,1.0,0.0,0.0,13.79993231818943
SE300_FL370,2022-03-01 00:10:00.000000000,-8.31817494269894,45.36756551489382,11277.6,21662.374173827782,211.9697,0.4351464645989929,0.7560786272191949,1.0,0.0,0.0,13.799993838825486
SE300_FL370,2022-03-01 00:11:00.000000000,-8.149171301625014,45.4038082101483,11277.6,21662.374173827782,211.85428,0.43935718757727577,0.7639533421000478,1.0,0.0,0.0,13.80006634186223
SE300_FL370,2022-03-01 00:12:00.000000000,-7.980055881015995,45.44004548033964,11277.6,21662.374173827782,211.72144,0.43935850641074936,0.7645970179594324,1.0,0.0,0.0,13.799985579438726
SE300_FL370,2022-03-01 00:13:00.000000000,-7.81084018030542,45.47629954581915,11277.6,21662.374173827782,211.62646,0.43787259963446973,0.7624677259912359,1.0,0.0,0.0,13.799907812990368
SE300_FL370,2022-03-01 00:14:00.000000000,-7.64153340621131,45.51259224345501,11277.6,21662.374173827782,211.50298,0.4333543974796137,0.7551880836177027,1.0,0.0,0.0,13.80005343805641
SE300_FL370,2022-03-01 00:15:00.000000000,-7.472142889633564,45.54894792999821,11277.6,21662.374173827782,211.37454,0.4276668155289867,0.7458776499928678,1.0,0.0,0.0,13.800042769194542
SE300_FL370,2022-03-01 00:16:00.000000000,-7.30268005570596,45.58538865893594,11277.6,21662.374173827782,211.29301,0.4259825089176079,0.7433220944108998,1.0,0.0,0.0,13.799970371522296
SE300_FL370,2022-03-01 00:17:00.000000000,-7.133155014811902,45.621936316925805,11277.6,21662.374173827782,211.23717,0.42491828640213064,0.7417226047909194,1.0,0.0,0.0,13.799901682232836
SE300_FL370,2022-03-01 00:18:00.000000000,-6.963577350434745,45.65861348889645,11277.6,21662.374173827782,211.1897,0.4248570261175214,0.7418378887217963,1.0,0.0,0.0,13.800065477575464
SE300_FL370,2022-03-01 00:19:00.000000000,-6.793955919788455,45.69544792952469,11277.6,21662.374173827782,211.15543,0.42743153130904243,0.746492060023725,1.0,0.0,0.0,13.80003693342804
SE300_FL370,2022-03-01 00:20:00.000000000,-6.62430206827496,45.732459891422764,11277.6,21662.374173827782,211.12286,0.43051852087842185,0.7520354837077089,1.0,0.0,0.0,13.799973816594894
SE300_FL370,2022-03-01 00:21:00.000000000,-6.454626108496878,45.76967183596835,11277.6,21662.374173827782,211.08955,0.4352882080629114,0.7605255493006753,1.0,0.0,0.0,13.79991501954183
SE300_FL370,2022-03-01 00:22:00.000000000,-6.284938381864701,45.807107160064675,11277.6,21662.374173827782,211.06175,0.4437083055148903,0.7753740816378362,1.0,0.0,0.0,13.80001310806428
SE300_FL370,2022-03-01 00:23:00.000000000,-6.1152496770827875,45.84479442806904,11277.6,21662.374173827782,211.00272,0.45756292598866055,0.79987481928917,1.0,0.0,0.0,13.80004905320983
SE300_FL370,2022-03-01 00:24:00.000000000,-5.945571349662257,45.8827565001216,11277.6,21662.374173827782,210.93596,0.4723780510664956,0.8261200845968231,1.0,0.0,0.0,13.799995207272767
SE300_FL370,2022-03-01 00:25:00.000000000,-5.775914582343945,45.92101460539857,11277.6,21662.374173827782,210.87729,0.48555085294688627,0.8494680345946403,1.0,0.0,0.0,13.799946018066104
SE300_FL370,2022-03-01 00:26:00.000000000,-5.606290874535937,45.959592928785845,11277.6,21662.374173827782,210.81079,0.4953910057111102,0.8670415178219313,1.0,0.0,0.0,13.799901826521442
SE300_FL370,2022-03-01 00:27:00.000000000,-5.436712081951,45.99851585627959,11277.6,21662.374173827782,210.74278,0.5030414564726531,0.8808031303056963,1.0,0.0,0.0,13.800049850384529
SE300_FL370,2022-03-01 00:28:00.000000000,-5.267191966322243,46.03781647078147,11277.6,21662.374173827782,210.70744,0.5071753942709213,0.8882366992881895,1.0,0.0,0.0,13.800031588333269
SE300_FL370,2022-03-01 00:29:00.000000000,-5.097742422824589,46.07751300401981,11277.6,21662.374173827782,210.66171,0.5122844584436048,0.8974369045087642,1.0,0.0,0.0,13.799990478669388
SE300_FL370,2022-03-01 00:30:00.000000000,-4.92837633795386,46.11762914151849,11277.6,21662.374173827782,210.60797,0.5151094405983424,0.9026882845119004,1.0,0.0,0.0,13.7999541838252
SE300_FL370,2022-03-01 00:31:00.000000000,-4.759107233713054,46.158189859635726,11277.6,21662.374173827782,210.54694,0.5144823505762447,0.9019271632167559,1.0,0.0,0.0,13.799922890616976
SE300_FL370,2022-03-01 00:32:00.000000000,-4.589949114555786,46.19922026051813,11277.6,21662.374173827782,210.4757,0.5088883334814873,0.892515273179912,1.0,0.0,0.0,13.799929959565615
SE300_FL370,2022-03-01 00:33:00.000000000,-4.420917005638568,46.24074744997757,11277.6,21662.374173827782,210.40707,0.5008061665589214,0.8787132531967617,1.0,0.0,0.0,13.800043955541087
SE300_FL370,2022-03-01 00:34:00.000000000,-4.252027880874641,46.28280309951133,11277.6,21662.374173827782,210.34798,0.49214499773040205,0.8638296616539748,1.0,0.0,0.0,13.80001263583261
SE300_FL370,2022-03-01 00:35:00.000000000,-4.083295312513981,46.32540456469928,11277.6,21662.374173827782,210.32132,0.48371862811467786,0.8491785265146689,1.0,0.0,0.0,13.79998555573942
SE300_FL370,2022-03-01 00:36:00.000000000,-3.914735435139302,46.3685770941835,11277.6,21662.374173827782,210.30807,0.4755728211734956,0.8349456627911082,1.0,0.0,0.0,13.799962706248108
SE300_FL370,2022-03-01 00:37:00.000000000,-3.7463649709978815,46.41234591653959,11277.6,21662.374173827782,210.30933,0.4671636389426924,0.8201749809636089,1.0,0.0,0.0,13.799944029141807
SE300_FL370,2022-03-01 00:38:00.000000000,-3.578201246424688,46.45673620162743,11277.6,21662.374173827782,210.35715,0.45617409154951494,0.800648504700874,1.0,0.0,0.0,13.799929415534166
SE300_FL370,2022-03-01 00:39:00.000000000,-3.41026220591334,46.50177301855226,11277.6,21662.374173827782,210.40189,0.4465016256363745,0.7834530989621616,1.0,0.0,0.0,13.79991870565744
SE300_FL370,2022-03-01 00:40:00.000000000,-3.2425664234872786,46.54748129024899,11277.6,21662.374173827782,210.4462,0.4374073213573636,0.7672865482279406,1.0,0.0,0.0,13.799922852412047
SE300_FL370,2022-03-01 00:41:00.000000000,-3.0751334306903266,46.59388656047466,11277.6,21662.374173827782,210.48161,0.4320743184970868,0.7577684377655636,1.0,0.0,0.0,13.800008407530912
SE300_FL370,2022-03-01 00:42:00.000000000,-2.907985546322268,46.641019270999685,11277.6,21662.374173827782,210.47652,0.4312156110534548,0.7562842314137929,1.0,0.0,0.0,13.79999152577942
SE300_FL370,2022-03-01 00:43:00.000000000,-2.74114057917694,46.68889649733604,11277.6,21662.374173827782,210.44836,0.43292667719414063,0.7594179781394104,1.0,0.0,0.0,13.799977274791766
SE300_FL370,2022-03-01 00:44:00.000000000,-2.5746196225871447,46.73754198383629,11277.6,21662.374173827782,210.33699,0.4425441351257994,0.776820076648243,1.0,0.0,0.0,13.799965416219916
SE300_FL370,2022-03-01 00:45:00.000000000,-2.4084444011529893,46.78697905887585,11277.6,21662.374173827782,210.21123,0.45317993587506944,0.7961057595489965,1.0,0.0,0.0,13.799955690405685
SE300_FL370,2022-03-01 00:46:00.000000000,-2.24263725835525,46.83723057208739,11277.6,21662.374173827782,210.0885,0.4641173476356188,0.8159340045071496,1.0,0.0,0.0,13.799947822412035
SE300_FL370,2022-03-01 00:47:00.000000000,-2.077221138921509,46.88831882936984,11277.6,21662.374173827782,209.96425,0.4755658481585185,0.8366995537684282,1.0,0.0,0.0,13.799941528604728
SE300_FL370,2022-03-01 00:48:00.000000000,-1.9122195656143586,46.94026552601405,11277.6,21662.374173827782,209.9033,0.4809811375504624,0.8465462574565102,1.0,0.0,0.0,13.799936523592704
SE300_FL370,2022-03-01 00:49:00.000000000,-1.747656610142675,46.99309167833649,11277.6,21662.374173827782,209.89464,0.4812464460965141,0.8470558578238395,1.0,0.0,0.0,13.799932527317191
SE300_FL370,2022-03-01 00:50:00.000000000,-1.5835568579366146,47.046817554258936,11277.6,21662.374173827782,209.93048,0.47803540369156267,0.8412178379275288,1.0,0.0,0.0,13.799929272076493
SE300_FL370,2022-03-01 00:51:00.000000000,-1.41994536657518,47.10146260331857,11277.6,21662.374173827782,209.98116,0.4738719028064534,0.8336339518410163,1.0,0.0,0.0,13.799926509251202
SE300_FL370,2022-03-01 00:52:00.000000000,-1.2568476177121715,47.15704538663485,11277.6,21662.374173827782,210.0238,0.4710822402030061,0.828510149346352,1.0,0.0,0.0,13.799924015512413
SE300_FL370,2022-03-01 00:53:00.000000000,-1.0942894624114776,47.21358350739827,11277.6,21662.374173827782,209.97307,0.47434252615078815,0.8345024498002892,1.0,0.0,0.0,13.799921598299676
SE300_FL370,2022-03-01 00:54:00.000000000,-0.9322970598757382,47.27109354247939,11277.6,21662.374173827782,209.90298,0.47905797224515834,0.8431625615272887,1.0,0.0,0.0,13.799919100366923
SE300_FL370,2022-03-01 00:55:00.000000000,-0.7708968096326502,47.329590975783,11277.6,21662.374173827782,209.83208,0.4834106810509832,0.851192777905321,1.0,0.0,0.0,13.799916403229442
SE300_FL370,2022-03-01 00:56:00.000000000,-0.6101152773294826,47.38909013399148,11277.6,21662.374173827782,209.73512,0.488352245662873,0.8604030833991324,1.0,0.0,0.0,13.79991342938298
SE300_FL370,2022-03-01 00:57:00.000000000,-0.4499791143776922,47.44960412535214,11277.6,21662.374173827782,209.65634,0.4921579048592857,0.8675210244359712,1.0,0.0,0.0,13.79991014318596
SE300_FL370,2022-03-01 00:58:00.000000000,-0.2905149717839815,47.51114478216384,11277.6,21662.374173827782,209.61845,0.49528128250571385,0.8732302692625482,1.0,0.0,0.0,13.799906550367
SE300_FL370,2022-03-01 00:59:00.000000000,-0.1317494086006752,47.57372260760951,11277.6,21662.374173827782,209.61992,0.49845574432777473,0.878818287831375,1.0,0.0,0.0,13.799902696148978
SE300_FL370,2022-03-01 01:00:00.000000000,0.026291204476382772,47.63734672756016,11277.6,21662.374173827782,209.6481,0.5013332518823295,0.8837394137989596,1.0,0.0,0.0,13.799898662049376
SE300_FL370,2022-03-01 01:01:00.000000000,0.1835807857402945,47.702024847945545,11277.6,21662.374173827782,209.76273,0.5035188894625166,0.8869712405665786,1.0,0.0,0.0,13.799894561448786
SE300_FL370,2022-03-01 01:02:00.000000000,0.3400936466257237,47.767763218243296,11277.6,21662.374173827782,209.87555,0.5051564263684554,0.8892456896542312,1.0,0.0,0.0,13.799890534083259
SE300_FL370,2022-03-01 01:03:00.000000000,0.4958045985892688,47.834566601585344,11277.6,21662.374173827782,209.98354,0.5072603578174403,0.8923557585982517,1.0,0.0,0.0,13.799886739660096
SE300_FL370,2022-03-01 01:04:00.000000000,0.6506890618532523,47.90243825191635,11277.6,21662.374173827782,210.10527,0.5055703620511379,0.8887228505076986,1.0,0.0,0.0,13.799883350808148
SE300_FL370,2022-03-01 01:05:00.000000000,0.8047231750871445,47.97137989856527,11277.6,21662.374173827782,210.22545,0.50298066706173,0.8835164248730916,1.0,0.0,0.0,13.799880545640207
SE300_FL370,2022-03-01 01:06:00.000000000,0.9578839050532617,48.04139173850947,11277.6,21662.374173827782,210.34424,0.5014634364020342,0.88020771714548,1.0,0.0,0.0,13.799880297337754
SE300_FL370,2022-03-01 01:07:00.000000000,1.1101490175689515,48.11247259658721,11277.6,21662.374173827782,210.46506,0.49796916903249044,0.8734196983520127,1.0,0.0,0.0,13.799955765457092
SE300_FL370,2022-03-01 01:08:00.000000000,1.2614916109520389,48.18462623408982,11277.6,21662.374173827782,210.5847,0.49202036242902697,0.8623489199435265,1.0,0.0,0.0,13.799946076537669
SE300_FL370,2022-03-01 01:09:00.000000000,1.4118974565169005,48.25784150407756,11277.6,21662.374173827782,210.7245,0.4763163221451164,0.8341043978911324,1.0,0.0,0.0,13.799936769163452
SE300_FL370,2022-03-01 01:10:00.000000000,1.5613479605795775,48.33211247748483,11277.6,21662.374173827782,210.85051,0.46144308095887554,0.8074247353232517,1.0,0.0,0.0,13.799928078960882
SE300_FL370,2022-03-01 01:11:00.000000000,1.7098258754552036,48.40743177483138,11277.6,21662.374173827782,210.96837,0.44848564479652814,0.7841741925124736,1.0,0.0,0.0,13.799920213907653
SE300_FL370,2022-03-01 01:12:00.000000000,1.8573153869251047,48.48379060616857,11277.6,21662.374173827782,211.085,0.4373775005184817,0.7641960295076294,1.0,0.0,0.0,13.799913349084349
SE300_FL370,2022-03-01 01:13:00.000000000,2.00380219478423,48.561178817972646,11277.6,21662.374173827782,211.19484,0.42756841939751317,0.7465464950091723,1.0,0.0,0.0,13.799907622724088
SE300_FL370,2022-03-01 01:14:00.000000000,2.1492735857235448,48.63958494650445,11277.6,21662.374173827782,211.22118,0.41941473442578797,0.7321905519393436,1.0,0.0,0.0,13.79990313363142
SE300_FL370,2022-03-01 01:15:00.000000000,2.2937184979011707,48.71899627708127,11277.6,21662.374173827782,211.25113,0.4117870801603214,0.7187379235710288,1.0,0.0,0.0,13.799899939990695
SE300_FL370,2022-03-01 01:16:00.000000000,2.437127576666514,48.79939890864313,11277.6,21662.374173827782,211.2592,0.40541304528262323,0.7075789603704314,1.0,0.0,0.0,13.799898059510873
SE300_FL370,2022-03-01 01:17:00.000000000,2.57949322101926,48.88077782294388,11277.6,21662.374173827782,211.2372,0.4011529129208565,0.7002376887445942,1.0,0.0,0.0,13.799897470818289
SE300_FL370,2022-03-01 01:18:00.000000000,2.7208096205090637,48.96311695765744,11277.6,21662.374173827782,211.17702,0.3996093489157292,0.697805000940988,1.0,0.0,0.0,13.799898115948379
SE300_FL370,2022-03-01 01:19:00.000000000,2.8610727824072804,49.04639928266274,11277.6,21662.374173827782,211.09784,0.3994624269563063,0.6978975532329312,1.0,0.0,0.0,13.799899903772648
SE300_FL370,2022-03-01 01:20:00.000000000,3.0002805491083504,49.13060687875635,11277.6,21662.374173827782,211.02315,0.39946630320699894,0.6982286407391374,1.0,0.0,0.0,13.799902714140295
SE300_FL370,2022-03-01 01:21:00.000000000,3.1384326058413183,49.21572101804042,11277.6,21662.374173827782,210.931,0.40076273236567234,0.7008963308896032,1.0,0.0,0.0,13.799906402511214
SE300_FL370,2022-03-01 01:22:00.000000000,3.275530478889779,49.30172224524366,11277.6,21662.374173827782,210.85793,0.40136639118298795,0.7022719941552982,1.0,0.0,0.0,13.799910804862314
SE300_FL370,2022-03-01 01:23:00.000000000,3.411577524628558,49.38859045925548,11277.6,21662.374173827782,210.79771,0.3997980246967918,0.6997886350913719,1.0,0.0,0.0,13.799915742621737
SE300_FL370,2022-03-01 01:24:00.000000000,3.546578909786857,49.47630499418438,11277.6,21662.374173827782,210.73854,0.3981154610047622,0.6970979208916847,1.0,0.0,0.0,13.799921027431493
SE300_FL370,2022-03-01 01:25:00.000000000,3.6805415834364057,49.56484469929377,11277.6,21662.374173827782,210.68538,0.3963718163040137,0.6942733564379905,1.0,0.0,0.0,13.799926465539238
SE300_FL370,2022-03-01 01:26:00.000000000,3.813474241281341,49.65418801721622,11277.6,21662.374173827782,210.64104,0.39458286326485886,0.691331309469178,1.0,0.0,0.0,13.799931861647412
SE300_FL370,2022-03-01 01:27:00.000000000,3.945387282890515,49.74431305990206,11277.6,21662.374173827782,210.60034,0.3928340930682173,0.6884420842327209,1.0,0.0,0.0,13.799937022113916
SE300_FL370,2022-03-01 01:28:00.000000000,4.076292762563807,49.83519768181777,11277.6,21662.374173827782,210.56396,0.3922508928906788,0.6875732768249553,1.0,0.0,0.0,13.799941757380292
SE300_FL370,2022-03-01 01:29:00.000000000,4.206204334561293,49.92681954997152,11277.6,21662.374173827782,210.52869,0.39233133753372695,0.68786518325991,1.0,0.0,0.0,13.799945883601017
SE300_FL370,2022-03-01 01:30:00.000000000,4.335137193447722,50.01915621040786,11277.6,21662.374173827782,210.50809,0.39303341623115484,0.689183994242355,1.0,0.0,0.0,13.799949223437263
SE300_FL370,2022-03-01 01:31:00.000000000,4.463108010316069,50.1121851508771,11277.6,21662.374173827782,210.48677,0.39355533522145,0.6901892335115264,1.0,0.0,0.0,13.79995160605297
SE300_FL370,2022-03-01 01:32:00.000000000,4.590134865652553,50.20588385944899,11277.6,21662.374173827782,210.47594,0.3921638667541856,0.6877979932014711,1.0,0.0,0.0,13.799952866356099
SE300_FL370,2022-03-01 01:33:00.000000000,4.716237179594008,50.300229878900765,11277.6,21662.374173827782,210.46303,0.3898479244704395,0.6837881825430511,1.0,0.0,0.0,13.799952843577072
SE300_FL370,2022-03-01 01:34:00.000000000,4.841435640306324,50.39520085676857,11277.6,21662.374173827782,210.43219,0.38626200291887614,0.6776285107037564,1.0,0.0,0.0,13.799951379286926
SE300_FL370,2022-03-01 01:35:00.000000000,4.965752131182763,50.49077459100485,11277.6,21662.374173827782,210.3958,0.38199549652279735,0.6702930872563936,1.0,0.0,0.0,13.799948314979101
SE300_FL370,2022-03-01 01:36:00.000000000,5.08920965752353,50.58692907123493,11277.6,21662.374173827782,210.36928,0.377475080550378,0.662469285154462,1.0,0.0,0.0,13.7999434893709
SE300_FL370,2022-03-01 01:37:00.000000000,5.211832273314692,50.683642515650746,11277.6,21662.374173827782,210.33185,0.37397108552187197,0.656471385186241,1.0,0.0,0.0,13.799936735540259
SE300_FL370,2022-03-01 01:38:00.000000000,5.333645008677116,50.78089340361986,11277.6,21662.374173827782,210.29039,0.37257333844698937,0.6541860113360656,1.0,0.0,0.0,13.79992787807843
SE300_FL370,2022-03-01 01:39:00.000000000,5.454673798505399,50.87866050412251,11277.6,21662.374173827782,210.2472,0.37248120144483166,0.6541969815734501,1.0,0.0,0.0,13.799916730378694
SE300_FL370,2022-03-01 01:40:00.000000000,5.574945412764155,50.97692290015904,11277.6,21662.374173827782,210.19955,0.3755589330514214,0.6597977553932202,1.0,0.0,0.0,13.799909146879337
SE300_FL370,2022-03-01 01:41:00.000000000,5.69448698268002,51.07566027243519,11277.6,21662.374173827782,210.14246,0.3807347579779931,0.6691252055192682,1.0,0.0,0.0,13.800036502008268
SE300_FL370,2022-03-01 01:42:00.000000000,5.813317860079042,51.17485813030892,11277.6,21662.374173827782,210.09573,0.3854859369341644,0.6776689803605224,1.0,0.0,0.0,13.800019343694286
SE300_FL370,2022-03-01 01:43:00.000000000,5.931476383526231,51.274490485820074,11277.6,21662.374173827782,210.06209,0.3901144274139255,0.6859461807176394,1.0,0.0,0.0,13.799999557176893
SE300_FL370,2022-03-01 01:44:00.000000000,6.048992146742065,51.37453779717241,11277.6,21662.374173827782,210.01866,0.3952947472206389,0.695241351702507,1.0,0.0,0.0,13.799976952886416
SE300_FL370,2022-03-01 01:45:00.000000000,6.16589527157801,51.47498090580639,11277.6,21662.374173827782,209.97021,0.40117279642206416,0.7057869526731146,1.0,0.0,0.0,13.799951314976644
SE300_FL370,2022-03-01 01:46:00.000000000,6.282216354420901,51.575801040761654,11277.6,21662.374173827782,209.9353,0.4044567205511375,0.7117182401405859,1.0,0.0,0.0,13.799922401731491
SE300_FL370,2022-03-01 01:47:00.000000000,6.397986416102225,51.67697982039795,11277.6,21662.374173827782,209.94592,0.40206275278014236,0.7074586307576202,1.0,0.0,0.0,13.799896422178843
SE300_FL370,2022-03-01 01:48:00.000000000,6.513236540852692,51.77849945999789,11277.6,21662.374173827782,209.94817,0.40023506168785594,0.7042344171613578,1.0,0.0,0.0,13.800070683038491
SE300_FL370,2022-03-01 01:49:00.000000000,6.627989237000202,51.88034855874178,11277.6,21662.374173827782,209.96094,0.3970558577728,0.6985839980887024,1.0,0.0,0.0,13.800033136164926
SE300_FL370,2022-03-01 01:50:00.000000000,6.7422871098143675,51.982503017475295,11277.6,21662.374173827782,209.96628,0.3943594161597461,0.6938175211981081,1.0,0.0,0.0,13.79999217680041
SE300_FL370,2022-03-01 01:51:00.000000000,6.85616260126879,52.08494594286698,11277.6,21662.374173827782,209.98825,0.3897909730934823,0.6856898884337259,1.0,0.0,0.0,13.799947488517821
SE300_FL370,2022-03-01 01:52:00.000000000,6.9696483812259675,52.187660808917485,11277.6,21662.374173827782,210.00966,0.38518743755529516,0.6775018198919911,1.0,0.0,0.0,13.799898737232269
SE300_FL370,2022-03-01 01:53:00.000000000,7.082777318490884,52.29063144711092,11277.6,21662.374173827782,210.03043,0.3826429596596572,0.6729417377709626,1.0,0.0,0.0,13.800030398716745
SE300_FL370,2022-03-01 01:54:00.000000000,7.19557701404532,52.39384625576109,11277.6,21662.374173827782,210.052,0.3800760103440818,0.6683386672105109,1.0,0.0,0.0,13.800054345163323
SE300_FL370,2022-03-01 01:55:00.000000000,7.308085257117626,52.49728673117904,11277.6,21662.374173827782,210.06961,0.3776063722426035,0.6639246974597353,1.0,0.0,0.0,13.799996740891372
SE300_FL370,2022-03-01 01:56:00.000000000,7.420338038484323,52.60093580787837,11277.6,21662.374173827782,210.09152,0.3756284972720268,0.6603584944210813,1.0,0.0,0.0,13.799934836100903
SE300_FL370,2022-03-01 01:57:00.000000000,7.532368946100369,52.70477859337681,11277.6,21662.374173827782,210.10797,0.3742442433613841,0.6578567277814834,1.0,0.0,0.0,13.7999107047655
SE300_FL370,2022-03-01 01:58:00.000000000,7.644210999091989,52.80880120769993,11277.6,21662.374173827782,210.11917,0.372826808075726,0.6553197208243337,1.0,0.0,0.0,13.80009727987662
SE300_FL370,2022-03-01 01:59:00.000000000,7.755895885982359,52.912992453617406,11277.6,21662.374173827782,210.13144,0.37096094884348263,0.6519931848581996,1.0,0.0,0.0,13.800026839405156
SE300_FL370,2022-03-01 02:00:00.000000000,7.867462507785084,53.01733360209722,11277.6,21662.374173827782,210.13918,0.3722790728858636,0.6542793103849487,1.0,0.0,0.0,13.799951817325509
SE300_FL370,2022-03-01 02:01:00.000000000,7.97894493915904,53.12181080944994,11277.6,21662.374173827782,210.14217,0.3725261577139382,0.6547000512567026,1.0,0.0,0.0,13.799878948745755
SE300_FL370,2022-03-01 02:02:00.000000000,8.090377316599858,53.22641053966239,11277.6,21662.374173827782,210.13638,0.3761214880733011,0.6610408711899977,1.0,0.0,0.0,13.80011613732471
SE300_FL370,2022-03-01 02:03:00.000000000,8.201794722995709,53.33112242122278,11277.6,21662.374173827782,210.13295,0.38023841692970656,0.6682923041044945,1.0,0.0,0.0,13.800033244616367
SE300_FL370,2022-03-01 02:04:00.000000000,8.313233280726271,53.43592919842136,11277.6,21662.374173827782,210.12253,0.3848048393437901,0.6763611121518592,1.0,0.0,0.0,13.799945514347323
SE300_FL370,2022-03-01 02:05:00.000000000,8.42472747485294,53.54081781028977,11277.6,21662.374173827782,210.09865,0.3884202872638211,0.6828161432074865,1.0,0.0,0.0,13.799915365810826
SE300_FL370,2022-03-01 02:06:00.000000000,8.536312692536393,53.64577571103455,11277.6,21662.374173827782,210.07115,0.392287563202698,0.6897299261646173,1.0,0.0,0.0,13.80011004309586
SE300_FL370,2022-03-01 02:07:00.000000000,8.648028278660536,53.750790832795516,11277.6,21662.374173827782,210.04915,0.39873824660515955,0.7011640686163975,1.0,0.0,0.0,13.800015304799869
SE300_FL370,2022-03-01 02:08:00.000000000,8.759906477778147,53.85584845500265,11277.6,21662.374173827782,210.02084,0.40336337014171697,0.7094226979119632,1.0,0.0,0.0,13.79991564313486
SE300_FL370,2022-03-01 02:09:00.000000000,8.871982232889263,53.96093601106962,11277.6,21662.374173827782,209.9779,0.406805320395263,0.7156644276111875,1.0,0.0,0.0,13.800004103946796
SE300_FL370,2022-03-01 02:10:00.000000000,8.984295963690094,54.06604108818969,11277.6,21662.374173827782,209.9422,0.4105149382174199,0.7223507978069255,1.0,0.0,0.0,13.800080631551038
SE300_FL370,2022-03-01 02:11:00.000000000,9.096884905918607,54.17115044521283,11277.6,21662.374173827782,209.91881,0.41404705981340384,0.7286683868075025,1.0,0.0,0.0,13.799975069909443
SE300_FL370,2022-03-01 02:12:00.000000000,9.20978021803311,54.27625136209472,11277.6,21662.374173827782,209.88222,0.41626844226959,0.7327411447971469,1.0,0.0,0.0,13.799864842324851
SE300_FL370,2022-03-01 02:13:00.000000000,9.323017438348389,54.38133146507345,11277.6,21662.374173827782,209.8665,0.41936539564028097,0.7382661570500123,1.0,0.0,0.0,13.800132173225244
SE300_FL370,2022-03-01 02:14:00.000000000,9.436648363691544,54.48637655428334,11277.6,21662.374173827782,209.84781,0.4214468451916934,0.7420131295399829,1.0,0.0,0.0,13.800031613689772
SE300_FL370,2022-03-01 02:15:00.000000000,9.550696513269713,54.59137491446518,11277.6,21662.374173827782,209.8287,0.4229878631152871,0.7448158431352242,1.0,0.0,0.0,13.799916973248944
SE300_FL370,2022-03-01 02:16:00.000000000,9.665197626195663,54.69631414251662,11277.6,21662.374173827782,209.80338,0.4233957911091618,0.7456485615584574,1.0,0.0,0.0,13.800000285525412
SE300_FL370,2022-03-01 02:17:00.000000000,9.780198569347377,54.80118004346924,11277.6,21662.374173827782,209.78778,0.4238051137481052,0.7464401494933615,1.0,0.0,0.0,13.800086698051244
SE300_FL370,2022-03-01 02:18:00.000000000,9.895738483326229,54.90595917369293,11277.6,21662.374173827782,209.78023,0.4239575853690953,0.7467408909073947,1.0,0.0,0.0,12.396279145510631
SE300_FL370,2022-03-01 02:18:53.897617080,10.0,55.0,11277.6,21662.374173827782,209.75085,0.42368818540706,0.7464017837005158,1.0,0.0,0.0,0.0
SE150_FL370,2022-03-01 00:00:00.000000000,-10.000000000000002,45.00000000000001,11277.6,21662.374173827782,213.05789,0.37161490950525816,0.6412042996438473,1.0,0.0,0.0,13.800025280721622
SE150_FL370,2022-03-01 00:01:00.000000000,-9.848780362463852,45.06309802296491,11277.6,21662.374173827782,212.93637,0.37363674023887217,0.645199410600386,1.0,0.0,0.0,13.800023124170625
SE150_FL370,2022-03-01 00:02:00.000000000,-9.69723892593266,45.12601025046198,11277.6,21662.374173827782,212.80179,0.3768523496751634,0.6513188990396728,1.0,0.0,0.0,13.800020919334957
SE150_FL370,2022-03-01 00:03:00.000000000,-9.545386915730079,45.18874995403247,11277.6,21662.374173827782,212.68039,0.3771926825757303,0.6524143653416495,1.0,0.0,0.0,13.80001868361511
SE150_FL370,2022-03-01 00:04:00.000000000,-9.393235477429094,45.251330452726556,11277.6,21662.374173827782,212.57907,0.38019843649814333,0.6580414005292734,1.0,0.0,0.0,13.800016434639819
SE150_FL370,2022-03-01 00:05:00.000000000,-9.240795680594678,45.31376510728148,11277.6,21662.374173827782,212.491,0.3823889219342998,0.6622074113840102,1.0,0.0,0.0,13.800014190107833
SE150_FL370,2022-03-01 00:06:00.000000000,-9.088078522618359,45.376067314269825,11277.6,21662.374173827782,212.40498,0.38803984989310786,0.6723627538809859,1.0,0.0,0.0,13.800011967625645
SE150_FL370,2022-03-01 00:07:00.000000000,-8.935094932619785,45.43825050019791,11277.6,21662.374173827782,212.34172,0.39141836525733503,0.6784914817739282,1.0,0.0,0.0,13.800009784533726
SE150_FL370,2022-03-01 00:08:00.000000000,-8.78185577539008,45.500328115534025,11277.6,21662.374173827782,212.31396,0.3911269923917788,0.6781056394578628,1.0,0.0,0.0,13.80000765772226
SE150_FL370,2022-03-01 00:09:00.000000000,-8.628371855351828,45.56231362864651,11277.6,21662.374173827782,212.24544,0.3916688699172202,0.6793435775830116,1.0,0.0,0.0,13.80000560344844
SE150_FL370,2022-03-01 00:10:00.000000000,-8.474653920510518,45.62422051963216,11277.6,21662.374173827782,212.1689,0.3941788905080127,0.6840293019884744,1.0,0.0,0.0,13.800003637143645
SE150_FL370,2022-03-01 00:11:00.000000000,-8.320712666371875,45.68606227401563,11277.6,21662.374173827782,212.09023,0.4011093776449536,0.6964041229532334,1.0,0.0,0.0,13.800001773220872
SE150_FL370,2022-03-01 00:12:00.000000000,-8.166558739799713,45.74785237630135,11277.6,21662.374173827782,212.01591,0.4057631239143411,0.7048172852329543,1.0,0.0,0.0,13.800000024891407
SE150_FL370,2022-03-01 00:13:00.000000000,-8.012202742788062,45.80960430335971,11277.6,21662.374173827782,211.95032,0.4068389598725854,0.7069805617254399,1.0,0.0,0.0,13.79999840397277
SE150_FL370,2022-03-01 00:14:00.000000000,-7.857655236121768,45.87133151763049,11277.6,21662.374173827782,211.89876,0.4026833089424229,0.6999879617046482,1.0,0.0,0.0,13.799996920709697
SE150_FL370,2022-03-01 00:15:00.000000000,-7.702926742899029,45.933047460127014,11277.6,21662.374173827782,211.88496,0.39891630933859534,0.6935000318606106,1.0,0.0,0.0,13.799995583611501
SE150_FL370,2022-03-01 00:16:00.000000000,-7.548027751889124,45.99476554322603,11277.6,21662.374173827782,211.89871,0.3952022748580475,0.6869843870196349,1.0,0.0,0.0,13.799994399289552
SE150_FL370,2022-03-01 00:17:00.000000000,-7.392968720698455,46.05649914322893,11277.6,21662.374173827782,211.92802,0.38949547921469935,0.6769378799953761,1.0,0.0,0.0,13.799993372318367
SE150_FL370,2022-03-01 00:18:00.000000000,-7.237760078717368,46.118261592681485,11277.6,21662.374173827782,211.97441,0.38548883564082,0.6697759563845734,1.0,0.0,0.0,13.799992505114373
SE150_FL370,2022-03-01 00:19:00.000000000,-7.0824122298204,46.18006617244081,11277.6,21662.374173827782,212.02415,0.38459715124337895,0.6680171556689037,1.0,0.0,0.0,13.799991797836244
SE150_FL370,2022-03-01 00:20:00.000000000,-6.926935554791905,46.241926103479614,11277.6,21662.374173827782,212.07187,0.38456667046469567,0.6677613945822203,1.0,0.0,0.0,13.799991248309139
SE150_FL370,2022-03-01 00:21:00.000000000,-6.771340413449099,46.303854538419465,11277.6,21662.374173827782,212.11586,0.3808087152753102,0.6610516204726417,1.0,0.0,0.0,13.79999085197143
SE150_FL370,2022-03-01 00:22:00.000000000,-6.615637146434141,46.36586455278655,11277.6,21662.374173827782,212.08464,0.38344912605136505,0.6657674362726083,1.0,0.0,0.0,13.79999060186101
SE150_FL370,2022-03-01 00:23:00.000000000,-6.4598360766471385,46.427969135985755,11277.6,21662.374173827782,212.0344,0.38973389469106323,0.6768948238239325,1.0,0.0,0.0,13.799990488621079
SE150_FL370,2022-03-01 00:24:00.000000000,-6.3039475102915645,46.49018118199037,11277.6,21662.374173827782,211.96764,0.3993588375968437,0.6939049245602021,1.0,0.0,0.0,13.799990500548963
SE150_FL370,2022-03-01 00:25:00.000000000,-6.147981737503878,46.552513479747134,11277.6,21662.374173827782,211.87782,0.4111282432367272,0.7147631769044261,1.0,0.0,0.0,13.799990623666508
SE150_FL370,2022-03-01 00:26:00.000000000,-5.991949032539317,46.6149787032986,11277.6,21662.374173827782,211.77829,0.4266684431553794,0.7422450351022998,1.0,0.0,0.0,13.799990841836957
SE150_FL370,2022-03-01 00:27:00.000000000,-5.835859653486246,46.67758940162737,11277.6,21662.374173827782,211.70796,0.43873037199042814,0.7635692644059678,1.0,0.0,0.0,13.799991136910966
SE150_FL370,2022-03-01 00:28:00.000000000,-5.679723841481787,46.740357988228865,11277.6,21662.374173827782,211.6416,0.45106758834464966,0.7853703657307172,1.0,0.0,0.0,13.799991488902345
SE150_FL370,2022-03-01 00:29:00.000000000,-5.523551819402239,46.80329673042195,11277.6,21662.374173827782,211.5726,0.4604540855604312,0.8020615821867296,1.0,0.0,0.0,13.799991876206876
SE150_FL370,2022-03-01 00:30:00.000000000,-5.367353790002575,46.86641773840963,11277.6,21662.374173827782,211.49985,0.46016624692303615,0.8019286286207721,1.0,0.0,0.0,13.799992275841205
SE150_FL370,2022-03-01 00:31:00.000000000,-5.2111399334805135,46.92973295410445,11277.6,21662.374173827782,211.41838,0.46019869031197447,0.8023949602850916,1.0,0.0,0.0,13.799992663719705
SE150_FL370,2022-03-01 00:32:00.000000000,-5.05492040444159,46.993254139735846,11277.6,21662.374173827782,211.33028,0.4584343432111553,0.7997615224445249,1.0,0.0,0.0,13.799993014953047
SE150_FL370,2022-03-01 00:33:00.000000000,-4.89870532824359,47.05699286626,11277.6,21662.374173827782,211.21469,0.45621871843111284,0.7964718522313601,1.0,0.0,0.0,13.799993304171764
SE150_FL370,2022-03-01 00:34:00.000000000,-4.7425047966999045,47.12096050159472,11277.6,21662.374173827782,211.0921,0.45377185910522716,0.7928063399507009,1.0,0.0,0.0,13.79999350586429
SE150_FL370,2022-03-01 00:35:00.000000000,-4.586328863123924,47.185168198705355,11277.6,21662.374173827782,210.97375,0.44778628086066635,0.7829266803286937,1.0,0.0,0.0,13.799993594737066
SE150_FL370,2022-03-01 00:36:00.000000000,-4.430187536698249,47.24962688356991,11277.6,21662.374173827782,210.86748,0.44165548233690727,0.7727189245440391,1.0,0.0,0.0,13.799993546077733
SE150_FL370,2022-03-01 00:37:00.000000000,-4.274090776155365,47.31434724305453,11277.6,21662.374173827782,210.77557,0.43577103499006414,0.7628581888100747,1.0,0.0,0.0,13.799993336121352
SE150_FL370,2022-03-01 00:38:00.000000000,-4.118048482758973,47.37933971273268,11277.6,21662.374173827782,210.70692,0.42947529711972116,0.7521588604912373,1.0,0.0,0.0,13.799992942424828
SE150_FL370,2022-03-01 00:39:00.000000000,-3.9620704925782735,47.44461446468435,11277.6,21662.374173827782,210.65479,0.422712346704479,0.7405532979080721,1.0,0.0,0.0,13.7999923442172
SE150_FL370,2022-03-01 00:40:00.000000000,-3.806166568050712,47.510181395313246,11277.6,21662.374173827782,210.65442,0.4149731770348867,0.7269988469798647,1.0,0.0,0.0,13.799991522756148
SE150_FL370,2022-03-01 00:41:00.000000000,-3.6503463888319807,47.57605011322245,11277.6,21662.374173827782,210.6643,0.4077987562309273,0.7143848020063381,1.0,0.0,0.0,13.799990461647935
SE150_FL370,2022-03-01 00:42:00.000000000,-3.4946195419363453,47.64222992719104,11277.6,21662.374173827782,210.66615,0.40123872223774665,0.7028843985116452,1.0,0.0,0.0,13.799989147153058
SE150_FL370,2022-03-01 00:43:00.000000000,-3.3389955111735663,47.708729834295355,11277.6,21662.374173827782,210.66756,0.3957754527470976,0.6933085379475866,1.0,0.0,0.0,13.79998756845803
SE150_FL370,2022-03-01 00:44:00.000000000,-3.1834836658934074,47.775558508220634,11277.6,21662.374173827782,210.67357,0.39189023305432413,0.6864768164543423,1.0,0.0,0.0,13.79998571790615
SE150_FL370,2022-03-01 00:45:00.000000000,-3.0280932490527612,47.84272428780939,11277.6,21662.374173827782,210.69647,0.38934752021796915,0.6819234453822224,1.0,0.0,0.0,13.799983591199357
SE150_FL370,2022-03-01 00:46:00.000000000,-2.872833364624784,47.91023516589412,11277.6,21662.374173827782,210.73643,0.38670065101284545,0.6771200444026436,1.0,0.0,0.0,13.799981187540997
SE150_FL370,2022-03-01 00:47:00.000000000,-2.7177129643741873,47.97809877846222,11277.6,21662.374173827782,210.78088,0.38447508842780426,0.6730388345248725,1.0,0.0,0.0,13.799978509741795
SE150_FL370,2022-03-01 00:48:00.000000000,-2.562740834027267,48.046322394201255,11277.6,21662.374173827782,210.83794,0.3835442516516805,0.6711709286611748,1.0,0.0,0.0,13.799975564268491
SE150_FL370,2022-03-01 00:49:00.000000000,-2.407925578869879,48.11491290447256,11277.6,21662.374173827782,210.8749,0.38214953308268834,0.6685768963738087,1.0,0.0,0.0,13.799972361242325
SE150_FL370,2022-03-01 00:50:00.000000000,-2.2532756088113697,48.18387681376056,11277.6,21662.374173827782,210.8994,0.3808092632852476,0.6661311698184575,1.0,0.0,0.0,13.799968914382415
SE150_FL370,2022-03-01 00:51:00.000000000,-2.0987991229566814,48.25322023064404,11277.6,21662.374173827782,210.90811,0.3803645917859545,0.6653158648656022,1.0,0.0,0.0,13.799965240897679
SE150_FL370,2022-03-01 00:52:00.000000000,-1.9445040937337181,48.3229488593347,11277.6,21662.374173827782,210.91422,0.3818950089297559,0.6679691786151165,1.0,0.0,0.0,13.799961361323575
SE150_FL370,2022-03-01 00:53:00.000000000,-1.7903982506269553,48.393067991826065,11277.6,21662.374173827782,210.93631,0.3849217570693619,0.6731696402548509,1.0,0.0,0.0,13.799957299309654
SE150_FL370,2022-03-01 00:54:00.000000000,-1.6364890635725675,48.46358250069396,11277.6,21662.374173827782,210.95589,0.3877008532211821,0.6779459515911255,1.0,0.0,0.0,13.799953081365691
SE150_FL370,2022-03-01 00:55:00.000000000,-1.482783726073991,48.534496832587074,11277.6,21662.374173827782,210.9836,0.38957859600222516,0.6811131924317364,1.0,0.0,0.0,13.799948736550181
SE150_FL370,2022-03-01 00:56:00.000000000,-1.3292891381006948,48.60581500244348,11277.6,21662.374173827782,210.9959,0.39254206585884877,0.6862427038375544,1.0,0.0,0.0,13.79996224359886
SE150_FL370,2022-03-01 00:57:00.000000000,-1.176012199022902,48.677541157964725,11277.6,21662.374173827782,210.96036,0.3974743798118618,0.6950164797189214,1.0,0.0,0.0,13.800015850398514
SE150_FL370,2022-03-01 00:58:00.000000000,-1.022959909011004,48.74967973493967,11277.6,21662.374173827782,210.86766,0.4061928922372615,0.7106741449637278,1.0,0.0,0.0,13.800011280819982
SE150_FL370,2022-03-01 00:59:00.000000000,-0.8701372214611162,48.82223162470867,11277.6,21662.374173827782,210.76598,0.41623043680361776,0.7286933661612442,1.0,0.0,0.0,13.800006501605102
SE150_FL370,2022-03-01 01:00:00.000000000,-0.7175496815727354,48.89519906140205,11277.6,21662.374173827782,210.65707,0.4270638461049257,0.7481677050261373,1.0,0.0,0.0,13.800001555312974
SE150_FL370,2022-03-01 01:01:00.000000000,-0.5652024537904219,48.96858383001156,11277.6,21662.374173827782,210.52666,0.4392595218094215,0.770153249500824,1.0,0.0,0.0,13.79999648581086
SE150_FL370,2022-03-01 01:02:00.000000000,-0.4131003048958678,49.04238726558329,11277.6,21662.374173827782,210.42085,0.4488477790735656,0.7874798797535101,1.0,0.0,0.0,13.799991337765992
SE150_FL370,2022-03-01 01:03:00.000000000,-0.2612475873906203,49.116610253279745,11277.6,21662.374173827782,210.33069,0.45625121275261743,0.8009154738831537,1.0,0.0,0.0,13.7999861561264
SE150_FL370,2022-03-01 01:04:00.000000000,-0.1096482232436474,49.1912532293119,11277.6,21662.374173827782,210.23932,0.4647055332577321,0.816210887040047,1.0,0.0,0.0,13.799980985617015
SE150_FL370,2022-03-01 01:05:00.000000000,0.041694311923352705,49.266316182737384,11277.6,21662.374173827782,210.16354,0.47368436031595246,0.8323718852418595,1.0,0.0,0.0,13.799975870245795
SE150_FL370,2022-03-01 01:06:00.000000000,0.19277700414136667,49.341798658116055,11277.6,21662.374173827782,210.1801,0.4751116695589048,0.8347944649333965,1.0,0.0,0.0,13.799970852837674
SE150_FL370,2022-03-01 01:07:00.000000000,0.3435973158213465,49.41769975900875,11277.6,21662.374173827782,210.20033,0.47593084840597566,0.8361289765923348,1.0,0.0,0.0,13.79996597459641
SE150_FL370,2022-03-01 01:08:00.000000000,0.49415319983679507,49.49401815230074,11277.6,21662.374173827782,210.20815,0.4748631341089707,0.8342149440773037,1.0,0.0,0.0,13.799961274703167
SE150_FL370,2022-03-01 01:09:00.000000000,0.6444431128990113,49.5707520733261,11277.6,21662.374173827782,210.26266,0.46793831202855973,0.8217731097875816,1.0,0.0,0.0,13.799956789951366
SE150_FL370,2022-03-01 01:10:00.000000000,0.7944660281656921,49.647899331764975,11277.6,21662.374173827782,210.30775,0.4616940710698178,0.8105823622851777,1.0,0.0,0.0,13.799952554435153
SE150_FL370,2022-03-01 01:11:00.000000000,0.9442214470284372,49.72545731828128,11277.6,21662.374173827782,210.32986,0.4574252160927008,0.8029790237511054,1.0,0.0,0.0,13.799948599276675
SE150_FL370,2022-03-01 01:12:00.000000000,1.0937094100288882,49.803423011864275,11277.6,21662.374173827782,210.3612,0.45245360883169256,0.7940991214943063,1.0,0.0,0.0,13.79994495241215
SE150_FL370,2022-03-01 01:13:00.000000000,1.2429305068591834,49.8817929878337,11277.6,21662.374173827782,210.39545,0.44756604712038317,0.7853543764171409,1.0,0.0,0.0,13.799943970232082
SE150_FL370,2022-03-01 01:14:00.000000000,1.391885839203061,49.9605634958069,11277.6,21662.374173827782,210.42319,0.4464359973745279,0.7832359436712802,1.0,0.0,0.0,13.800018164069398
SE150_FL370,2022-03-01 01:15:00.000000000,1.5405756538199646,50.039732525500625,11277.6,21662.374173827782,210.45444,0.4454698792535316,0.7813908527727625,1.0,0.0,0.0,13.800012779561797
SE150_FL370,2022-03-01 01:16:00.000000000,1.689003811745885,50.119293133097386,11277.6,21662.374173827782,210.493,0.44428012427930735,0.779116537549997,1.0,0.0,0.0,13.800007711970267
SE150_FL370,2022-03-01 01:17:00.000000000,1.8371731915099507,50.19924036232172,11277.6,21662.374173827782,210.50455,0.445965906845763,0.7820205966090752,1.0,0.0,0.0,13.800002984178791
SE150_FL370,2022-03-01 01:18:00.000000000,1.985087255414262,50.279568902342035,11277.6,21662.374173827782,210.5045,0.44965559968491237,0.7884908643458138,1.0,0.0,0.0,13.79999861501331
SE150_FL370,2022-03-01 01:19:00.000000000,2.1327500533276282,50.36027309878075,11277.6,21662.374173827782,210.50963,0.4539415040486477,0.7959796859367523,1.0,0.0,0.0,13.799994619263725
SE150_FL370,2022-03-01 01:20:00.000000000,2.2801662254169526,50.44134696502648,11277.6,21662.374173827782,210.47017,0.4638979665101968,0.8136370423835211,1.0,0.0,0.0,13.799991007751949
SE150_FL370,2022-03-01 01:21:00.000000000,2.4273410038207826,50.52278419379153,11277.6,21662.374173827782,210.42542,0.47593710715428117,0.834982281905644,1.0,0.0,0.0,13.799987787443316
SE150_FL370,2022-03-01 01:22:00.000000000,2.5742802132739526,50.604578168858964,11277.6,21662.374173827782,210.40068,0.4837911205723498,0.848891604987389,1.0,0.0,0.0,13.799984961591031
SE150_FL370,2022-03-01 01:23:00.000000000,2.720990270699007,50.686721976962986,11277.6,21662.374173827782,210.39018,0.4887307836435872,0.8576114278322062,1.0,0.0,0.0,13.79998252990439
SE150_FL370,2022-03-01 01:24:00.000000000,2.8674781837846655,50.769208419747585,11277.6,21662.374173827782,210.37923,0.49263413017795,0.8645196765296451,1.0,0.0,0.0,13.79998048874809
SE150_FL370,2022-03-01 01:25:00.000000000,3.013751548576857,50.85203002574966,11277.6,21662.374173827782,210.37575,0.4953252948040787,0.8692637253432901,1.0,0.0,0.0,13.799978831356217
SE150_FL370,2022-03-01 01:26:00.000000000,3.1598185461124664,50.935179062353996,11277.6,21662.374173827782,210.41211,0.48941167586531154,0.8586921041024563,1.0,0.0,0.0,13.79997754806047
SE150_FL370,2022-03-01 01:27:00.000000000,3.3056879381298114,51.0186475476696,11277.6,21662.374173827782,210.45442,0.48300470983156435,0.8472322321970915,1.0,0.0,0.0,13.799976626528416
SE150_FL370,2022-03-01 01:28:00.000000000,3.451369061894234,51.10242726227889,11277.6,21662.374173827782,210.50978,0.4748746432659354,0.8326844664132586,1.0,0.0,0.0,13.799976052009184
SE150_FL370,2022-03-01 01:29:00.000000000,3.596871824179734,51.18650976081355,11277.6,21662.374173827782,210.57109,0.46601670713457227,0.8168419480109396,1.0,0.0,0.0,13.79997580757543
SE150_FL370,2022-03-01 01:30:00.000000000,3.7422066944510983,51.27088638331356,11277.6,21662.374173827782,210.64154,0.4563872546536651,0.7996129943375745,1.0,0.0,0.0,13.799975874366709
SE150_FL370,2022-03-01 01:31:00.000000000,3.8873846972928505,51.35554826632859,11277.6,21662.374173827782,210.65935,0.4511404382244513,0.7903370668378453,1.0,0.0,0.0,13.799976231823901
SE150_FL370,2022-03-01 01:32:00.000000000,4.032417404133353,51.44048635372388,11277.6,21662.374173827782,210.66785,0.44616990407717383,0.7815854782318058,1.0,0.0,0.0,13.799976857923344
SE150_FL370,2022-03-01 01:33:00.000000000,4.17731692431389,51.525691407155904,11277.6,21662.374173827782,210.65894,0.4415670665498621,0.7735651511231585,1.0,0.0,0.0,13.79997772939002
SE150_FL370,2022-03-01 01:34:00.000000000,4.322095895553423,51.611154016185885,11277.6,21662.374173827782,210.62341,0.4379560295631593,0.7674090149629887,1.0,0.0,0.0,13.799978821916332
SE150_FL370,2022-03-01 01:35:00.000000000,4.466767473859694,51.69686460800298,11277.6,21662.374173827782,210.5613,0.43595839126585206,0.7642002050743211,1.0,0.0,0.0,13.79998011034861
SE150_FL370,2022-03-01 01:36:00.000000000,4.61134532293813,51.78281345673147,11277.6,21662.374173827782,210.48395,0.4338493382611474,0.760868262573933,1.0,0.0,0.0,13.799981568886242
SE150_FL370,2022-03-01 01:37:00.000000000,4.755843603148792,51.86899069230014,11277.6,21662.374173827782,210.40242,0.43184318051894527,0.7577301847082674,1.0,0.0,0.0,13.79998317125147
SE150_FL370,2022-03-01 01:38:00.000000000,4.9002769600611895,51.95538630885467,11277.6,21662.374173827782,210.31058,0.42961582466346854,0.7542517168310942,1.0,0.0,0.0,13.799984890852482
SE150_FL370,2022-03-01 01:39:00.000000000,5.044660512655349,52.041990172697254,11277.6,21662.374173827782,210.21704,0.4280658418915645,0.751963210429082,1.0,0.0,0.0,13.799986700946327
SE150_FL370,2022-03-01 01:40:00.000000000,5.189009841215732,52.12879202974077,11277.6,21662.374173827782,210.11961,0.4271685543918798,0.7508351506200629,1.0,0.0,0.0,13.799988574784994
SE150_FL370,2022-03-01 01:41:00.000000000,5.33334097496334,52.2157815124673,11277.6,21662.374173827782,210.01933,0.4273783228111745,0.7516665719660753,1.0,0.0,0.0,13.799990485753726
SE150_FL370,2022-03-01 01:42:00.000000000,5.477670379467894,52.30294814638437,11277.6,21662.374173827782,209.91658,0.42790643959365116,0.7530703262719728,1.0,0.0,0.0,13.799992407510803
SE150_FL370,2022-03-01 01:43:00.000000000,5.622014943881001,52.390281355974025,11277.6,21662.374173827782,209.8035,0.4285018155903689,0.7546400055121767,1.0,0.0,0.0,13.79999431411892
SE150_FL370,2022-03-01 01:44:00.000000000,5.766391968026885,52.477770470133564,11277.6,21662.374173827782,209.69041,0.4292605564120256,0.7564956549460462,1.0,0.0,0.0,13.799996180175784
SE150_FL370,2022-03-01 01:45:00.000000000,5.910819149385742,52.565404727108,11277.6,21662.374173827782,209.60776,0.4321641081378019,0.7619980529090093,1.0,0.0,0.0,13.799997980946767
SE150_FL370,2022-03-01 01:46:00.000000000,6.055314570000713,52.65317327891751,11277.6,21662.374173827782,209.52419,0.434808082111156,0.7670521976541164,1.0,0.0,0.0,13.799999692491834
SE150_FL370,2022-03-01 01:47:00.000000000,6.19989668333652,52.74106519528474,11277.6,21662.374173827782,209.44904,0.43748856543408066,0.7721298507158229,1.0,0.0,0.0,13.80000129179735
SE150_FL370,2022-03-01 01:48:00.000000000,6.344584301114556,52.829069467069175,11277.6,21662.374173827782,209.42967,0.43735972084847385,0.7719948908165639,1.0,0.0,0.0,13.800002756917273
SE150_FL370,2022-03-01 01:49:00.000000000,6.48939658014588,52.91717500921703,11277.6,21662.374173827782,209.42398,0.4362358465079519,0.770038221807442,1.0,0.0,0.0,13.800004067102952
SE150_FL370,2022-03-01 01:50:00.000000000,6.634353009179616,53.00537066323756,11277.6,21662.374173827782,209.42659,0.434658026209064,0.7672399933334217,1.0,0.0,0.0,13.80000520294991
SE150_FL370,2022-03-01 01:51:00.000000000,6.779473395781127,53.09364519921752,11277.6,21662.374173827782,209.4444,0.43105419838086595,0.7607950829685438,1.0,0.0,0.0,13.800006146536646
SE150_FL370,2022-03-01 01:52:00.000000000,6.924777853250975,53.18198731738731,11277.6,21662.374173827782,209.52216,0.4212862576432479,0.7432073256210325,1.0,0.0,0.0,13.80000688157544
SE150_FL370,2022-03-01 01:53:00.000000000,7.070286787591492,53.270385649253456,11277.6,21662.374173827782,209.59503,0.4121546946477782,0.7267733379382536,1.0,0.0,0.0,13.800007393558275
SE150_FL370,2022-03-01 01:54:00.000000000,7.216020884525191,53.35882875831312,11277.6,21662.374173827782,209.66582,0.40366935878943294,0.7115042805692164,1.0,0.0,0.0,13.800007669900015
SE150_FL370,2022-03-01 01:55:00.000000000,7.3620010965652085,53.44730514036748,11277.6,21662.374173827782,209.72528,0.3960411730485561,0.6978055921724998,1.0,0.0,0.0,13.800007700096462
SE150_FL370,2022-03-01 01:56:00.000000000,7.508248630134886,53.53580322345174,11277.6,21662.374173827782,209.78317,0.38850856015460195,0.6842924038594195,1.0,0.0,0.0,13.800007475854803
SE150_FL370,2022-03-01 01:57:00.000000000,7.654784932730397,53.62431136740005,11277.6,21662.374173827782,209.82817,0.3841998741202078,0.67651565920994,1.0,0.0,0.0,13.800006991241453
SE150_FL370,2022-03-01 01:58:00.000000000,7.801631680117048,53.712817863064856,11277.6,21662.374173827782,209.86154,0.3812619850814621,0.6712060188213138,1.0,0.0,0.0,13.800006242806354
SE150_FL370,2022-03-01 01:59:00.000000000,7.948810763547113,53.80131093121019,11277.6,21662.374173827782,209.86952,0.38037133313547955,0.6696041860197872,1.0,0.0,0.0,13.800005229709964
SE150_FL370,2022-03-01 02:00:00.000000000,8.096344276983887,53.889778721099525,11277.6,21662.374173827782,209.87506,0.3816065276253236,0.6717568891263416,1.0,0.0,0.0,13.800003953824296
SE150_FL370,2022-03-01 02:01:00.000000000,8.244254504314016,53.97820930879907,11277.6,21662.374173827782,209.88188,0.384146223105435,0.6762023595220302,1.0,0.0,0.0,13.80000241982998
SE150_FL370,2022-03-01 02:02:00.000000000,8.392563906527803,54.06659069521786,11277.6,21662.374173827782,209.85939,0.3863730906921083,0.6802122970533524,1.0,0.0,0.0,13.800000635287429
SE150_FL370,2022-03-01 02:03:00.000000000,8.541295108844203,54.15491080390644,11277.6,21662.374173827782,209.83467,0.38894054863603533,0.6848361906717196,1.0,0.0,0.0,13.79999861068731
SE150_FL370,2022-03-01 02:04:00.000000000,8.690470887755579,54.24315747863636,11277.6,21662.374173827782,209.80351,0.39280464498439943,0.6917709170033313,1.0,0.0,0.0,13.799996359482744
SE150_FL370,2022-03-01 02:05:00.000000000,8.840114157964688,54.3313184807831,11277.6,21662.374173827782,209.79257,0.39873697098985506,0.7022673511757841,1.0,0.0,0.0,13.799993898086694
SE150_FL370,2022-03-01 02:06:00.000000000,8.990247959184734,54.41938148653517,11277.6,21662.374173827782,209.7762,0.40350337365099676,0.7107318679204618,1.0,0.0,0.0,13.799991245846577
SE150_FL370,2022-03-01 02:07:00.000000000,9.140895442771445,54.50733408395296,11277.6,21662.374173827782,209.76657,0.4085837078873028,0.7197222885167358,1.0,0.0,0.0,13.799988424983786
SE150_FL370,2022-03-01 02:08:00.000000000,9.292079858154782,54.595163769900566,11277.6,21662.374173827782,209.77184,0.4140655880382949,0.7293544538180721,1.0,0.0,0.0,13.799985460504125
SE150_FL370,2022-03-01 02:09:00.000000000,9.443824539036145,54.682857946874975,11277.6,21662.374173827782,209.76942,0.41752738737940065,0.7354665224041894,1.0,0.0,0.0,13.79998238006007
SE150_FL370,2022-03-01 02:10:00.000000000,9.596152889316482,54.770403919756546,11277.6,21662.374173827782,209.76804,0.41942751473448553,0.7388167822286775,1.0,0.0,0.0,13.799979213805697
SE150_FL370,2022-03-01 02:11:00.000000000,9.749088368719127,54.85778889250587,11277.6,21662.374173827782,209.78667,0.42155630887202633,0.7424847389864866,1.0,0.0,0.0,13.79997599417574
SE150_FL370,2022-03-01 02:12:00.000000000,9.902654478070929,54.944999964831716,11277.6,21662.374173827782,209.79604,0.42205098041976435,0.743313542132111,1.0,0.0,0.0,8.71787688339356
SE150_FL370,2022-03-01 02:12:37.904240283,10.0,55.0,11277.6,21662.374173827782,209.78737,0.42205534338526624,0.7433589987522626,1.0,0.0,0.0,0.0
GC0_FL370,2022-03-01 00:00:00.000000000,-10.000000000000002,45.00000000000001,11277.6,21662.374173827782,213.05789,0.37161490950525816,0.6412042996438473,1.0,0.0,0.0,13.800031261260088
GC0_FL370,2022-03-01 00:01:00.000000000,-9.876312021826006,45.08811854334467,11277.6,21662.374173827782,213.00758,0.367822266131332,0.6348661760651649,1.0,0.0,0.0,13.800027623894355
GC0_FL370,2022-03-01 00:02:00.000000000,-9.752242252140906,45.176103215944366,11277.6,21662.374173827782,212.91455,0.369933104842468,0.6388951755520083,1.0,0.0,0.0,13.800023933454368
GC0_FL370,2022-03-01 00:03:00.000000000,-9.627788920452794,45.263953191638386,11277.6,21662.374173827782,212.84637,0.36717221943103645,0.6344039991740758,1.0,0.0,0.0,13.800020189682812
GC0_FL370,2022-03-01 00:04:00.000000000,-9.5029502525583,45.351667639156055,11277.6,21662.374173827782,212.78647,0.36391329742059386,0.629016198804083,1.0,0.0,0.0,13.800016392336534
GC0_FL370,2022-03-01 00:05:00.000000000,-9.377724470626134,45.439245722091066,11277.6,21662.374173827782,212.73195,0.3631860929755828,0.6279800253750021,1.0,0.0,0.0,13.800012541176311
GC0_FL370,2022-03-01 00:06:00.000000000,-9.252109793282935,45.52668659887586,11277.6,21662.374173827782,212.64252,0.3660333079892718,0.6332666984331761,1.0,0.0,0.0,13.800008635971807
GC0_FL370,2022-03-01 00:07:00.000000000,-9.126104435701345,45.613989422756205,11277.6,21662.374173827782,212.60844,0.3643861538887988,0.6305554171710608,1.0,0.0,0.0,13.800004676501466
GC0_FL370,2022-03-01 00:08:00.000000000,-8.999706609690397,45.701153341765824,11277.6,21662.374173827782,212.53195,0.3638015670519153,0.6298515010077992,1.0,0.0,0.0,13.800000662551579
GC0_FL370,2022-03-01 00:09:00.000000000,-8.872914523788092,45.7881774987011,11277.6,21662.374173827782,212.49219,0.3557869646750029,0.6161340998775797,1.0,0.0,0.0,13.799996593917113
GC0_FL370,2022-03-01 00:10:00.000000000,-8.745726383356452,45.87506103109597,11277.6,21662.374173827782,212.43912,0.34641605332597375,0.600109294645217,1.0,0.0,0.0,13.799992470403737
GC0_FL370,2022-03-01 00:11:00.000000000,-8.618140390678803,45.96180307119685,11277.6,21662.374173827782,212.3755,0.3419891760432288,0.5926812468211444,1.0,0.0,0.0,13.799988291825057
GC0_FL370,2022-03-01 00:12:00.000000000,-8.490154745059604,46.04840274593778,11277.6,21662.374173827782,212.3016,0.34024643552623085,0.589940092265225,1.0,0.0,0.0,13.799984058004643
GC0_FL370,2022-03-01 00:13:00.000000000,-8.36176764292664,46.13485917691566,11277.6,21662.374173827782,212.26161,0.34141772692892425,0.5921215988770994,1.0,0.0,0.0,13.799979768777922
GC0_FL370,2022-03-01 00:14:00.000000000,-8.232977277935733,46.22117148036564,11277.6,21662.374173827782,212.21324,0.34139564055667415,0.5922650290690761,1.0,0.0,0.0,13.79997542398953
GC0_FL370,2022-03-01 00:15:00.000000000,-8.103781841077932,46.30733876713662,11277.6,21662.374173827782,212.27808,0.3313117563029262,0.5745348944488375,1.0,0.0,0.0,13.799971023496427
GC0_FL370,2022-03-01 00:16:00.000000000,-7.974179520789293,46.39336014266697,11277.6,21662.374173827782,212.36691,0.31848009937986316,0.5519699189019819,1.0,0.0,0.0,13.799966567164596
GC0_FL370,2022-03-01 00:17:00.000000000,-7.844168503063274,46.47923470696041,11277.6,21662.374173827782,212.46957,0.3049963833994763,0.5282544211196076,1.0,0.0,0.0,13.8000335506074
GC0_FL370,2022-03-01 00:18:00.000000000,-7.713744387039283,46.56496062297613,11277.6,21662.374173827782,212.62929,0.28707166675987184,0.4967004292301035,1.0,0.0,0.0,13.800029833224963
GC0_FL370,2022-03-01 00:19:00.000000000,-7.582907908106713,46.65053789712994,11277.6,21662.374173827782,212.80817,0.26833510923144493,0.4637470419808254,1.0,0.0,0.0,13.800025836216795
GC0_FL370,2022-03-01 00:20:00.000000000,-7.451657253716138,46.73596561579989,11277.6,21662.374173827782,212.9649,0.25153225953886327,0.43426774715091804,1.0,0.0,0.0,13.800021784046535
GC0_FL370,2022-03-01 00:21:00.000000000,-7.319990601234423,46.82124285691214,11277.6,21662.374173827782,213.12347,0.23635364154394914,0.4076436574436742,1.0,0.0,0.0,13.800017676565119
GC0_FL370,2022-03-01 00:22:00.000000000,-7.187906126190921,46.90636869283971,11277.6,21662.374173827782,213.25357,0.22263653561683994,0.38366203339196703,1.0,0.0,0.0,13.800013513633964
GC0_FL370,2022-03-01 00:23:00.000000000,-7.0554020024062,46.99134219037952,11277.6,21662.374173827782,213.33769,0.21114105921552367,0.3636535029044225,1.0,0.0,0.0,13.800009295126483
GC0_FL370,2022-03-01 00:24:00.000000000,-6.922476402123702,47.07616241072962,11277.6,21662.374173827782,213.41954,0.20277489918523067,0.3490572197454742,1.0,0.0,0.0,13.800005020927465
GC0_FL370,2022-03-01 00:25:00.000000000,-6.789127496144292,47.16082840946671,11277.6,21662.374173827782,213.48405,0.19531130755911313,0.33606856925187867,1.0,0.0,0.0,13.800000690938065
GC0_FL370,2022-03-01 00:26:00.000000000,-6.655353453963729,47.24533923652389,11277.6,21662.374173827782,213.49094,0.19727630616969918,0.33943461728412694,1.0,0.0,0.0,13.799996305067978
GC0_FL370,2022-03-01 00:27:00.000000000,-6.521152443913118,47.32969393616862,11277.6,21662.374173827782,213.48529,0.20454669254197794,0.35195708028348643,1.0,0.0,0.0,13.799991863244522
GC0_FL370,2022-03-01 00:28:00.000000000,-6.386522633302341,47.41389154698097,11277.6,21662.374173827782,213.46317,0.21447696158254181,0.3690967244881578,1.0,0.0,0.0,13.799987365406142
GC0_FL370,2022-03-01 00:29:00.000000000,-6.251462188566615,47.49793110183218,11277.6,21662.374173827782,213.41534,0.22720546328376423,0.3911230995336077,1.0,0.0,0.0,13.79998281150992
GC0_FL370,2022-03-01 00:30:00.000000000,-6.1159692754160595,47.58181162786344,11277.6,21662.374173827782,213.36043,0.24315422718795365,0.4187284294276753,1.0,0.0,0.0,13.799978201523881
GC0_FL370,2022-03-01 00:31:00.000000000,-5.980042058988454,47.66553214646499,11277.6,21662.374173827782,213.3048,0.25792821270948485,0.4443308433111335,1.0,0.0,0.0,13.799973535432741
GC0_FL370,2022-03-01 00:32:00.000000000,-5.84367870400512,47.74909167325553,11277.6,21662.374173827782,213.2242,0.27345553246146015,0.47132612495071924,1.0,0.0,0.0,13.799968813237534
GC0_FL370,2022-03-01 00:33:00.000000000,-5.70687737493005,47.832489218061895,11277.6,21662.374173827782,213.15111,0.2870325119851707,0.49496237512277214,1.0,0.0,0.0,13.799964034957233
GC0_FL370,2022-03-01 00:34:00.000000000,-5.569636236132259,47.91572378489917,11277.6,21662.374173827782,213.07391,0.29954990853300145,0.5168053939308493,1.0,0.0,0.0,13.800035855280361
GC0_FL370,2022-03-01 00:35:00.000000000,-5.431950681045849,47.9987933410855,11277.6,21662.374173827782,212.97978,0.3126965401399161,0.5398153705945393,1.0,0.0,0.0,13.80003208062314
GC0_FL370,2022-03-01 00:36:00.000000000,-5.2938216052343305,48.08169789082298,11277.6,21662.374173827782,212.8788,0.3197608777506777,0.5523721819150977,1.0,0.0,0.0,13.800027766635571
GC0_FL370,2022-03-01 00:37:00.000000000,-5.155247191271525,48.164436426955106,11277.6,21662.374173827782,212.76181,0.3281672893212326,0.5673213702122237,1.0,0.0,0.0,13.800023396612284
GC0_FL370,2022-03-01 00:38:00.000000000,-5.016225604851381,48.24700792994952,11277.6,21662.374173827782,212.62146,0.3418906483623258,0.591579351158317,1.0,0.0,0.0,13.800018970545228
GC0_FL370,2022-03-01 00:39:00.000000000,-4.876755012439158,48.329411374367055,11277.6,21662.374173827782,212.47026,0.3474996442975261,0.6018673781447804,1.0,0.0,0.0,13.800014488442477
GC0_FL370,2022-03-01 00:40:00.000000000,-4.7368335814541895,48.411645728843965,11277.6,21662.374173827782,212.31674,0.3586080403665078,0.6217178669365683,1.0,0.0,0.0,13.800009950331221
GC0_FL370,2022-03-01 00:41:00.000000000,-4.596459480456218,48.493709956074575,11277.6,21662.374173827782,212.1898,0.3578026358344735,0.6208229129869592,1.0,0.0,0.0,13.800005356252322
GC0_FL370,2022-03-01 00:42:00.000000000,-4.455630879335287,48.57560301279429,11277.6,21662.374173827782,212.08072,0.3575909592172619,0.620886473073474,1.0,0.0,0.0,13.800000706269127
GC0_FL370,2022-03-01 00:43:00.000000000,-4.314345949505185,48.6573238497631,11277.6,21662.374173827782,212.00584,0.35958283276548964,0.6246420720172626,1.0,0.0,0.0,13.799996000461707
GC0_FL370,2022-03-01 00:44:00.000000000,-4.172602864100605,48.73887141174949,11277.6,21662.374173827782,211.94641,0.3626680935119634,0.6302390880982973,1.0,0.0,0.0,13.799991238929968
GC0_FL370,2022-03-01 00:45:00.000000000,-4.030399798177934,48.8202446375148,11277.6,21662.374173827782,211.90298,0.3598216660073413,0.6254654140936917,1.0,0.0,0.0,13.79998642179239
GC0_FL370,2022-03-01 00:46:00.000000000,-3.8877349289197967,48.901442459798034,11277.6,21662.374173827782,211.90572,0.35078078884739994,0.6097386078298148,1.0,0.0,0.0,13.799981549189066
GC0_FL370,2022-03-01 00:47:00.000000000,-3.744606435843342,48.98246380530123,11277.6,21662.374173827782,211.89552,0.3417085204802614,0.5940070393015725,1.0,0.0,0.0,13.799976621281434
GC0_FL370,2022-03-01 00:48:00.000000000,-3.601012501012314,49.06330759467523,11277.6,21662.374173827782,211.91304,0.3354404346967312,0.5830451264246863,1.0,0.0,0.0,13.799971638251657
GC0_FL370,2022-03-01 00:49:00.000000000,-3.456951309253031,49.14397274250603,11277.6,21662.374173827782,211.91399,0.331224762391808,0.5757153003504377,1.0,0.0,0.0,13.799966600302653
GC0_FL370,2022-03-01 00:50:00.000000000,-3.312421048374104,49.22445815730157,11277.6,21662.374173827782,211.89305,0.329750132972176,0.5732297484505464,1.0,0.0,0.0,13.799961507663523
GC0_FL370,2022-03-01 00:51:00.000000000,-3.1674199093902,49.304762741479145,11277.6,21662.374173827782,211.86995,0.3325930924240291,0.5782551951810984,1.0,0.0,0.0,13.80003811560671
GC0_FL370,2022-03-01 00:52:00.000000000,-3.021943131385752,49.3848842512864,11277.6,21662.374173827782,211.83905,0.33901523210106405,0.5895355908660357,1.0,0.0,0.0,13.80003431143209
GC0_FL370,2022-03-01 00:53:00.000000000,-2.875991817593982,49.46482269242153,11277.6,21662.374173827782,211.80722,0.34355804530310924,0.5975545194586751,1.0,0.0,0.0,13.80002967563927
GC0_FL370,2022-03-01 00:54:00.000000000,-2.7295641981544376,49.54457695964448,11277.6,21662.374173827782,211.7769,0.34501697326448183,0.6002085937480315,1.0,0.0,0.0,13.800024984324816
GC0_FL370,2022-03-01 00:55:00.000000000,-2.582658479303576,49.62414593078313,11277.6,21662.374173827782,211.7557,0.34493726704442024,0.6001501821285246,1.0,0.0,0.0,13.800020237683322
GC0_FL370,2022-03-01 00:56:00.000000000,-2.435272871668278,49.703528477519875,11277.6,21662.374173827782,211.75337,0.3417339118300852,0.5945842038161279,1.0,0.0,0.0,13.800015435926571
GC0_FL370,2022-03-01 00:57:00.000000000,-2.2874055905140325,49.78272346538261,11277.6,21662.374173827782,211.822,0.33151434040142724,0.5765546359663065,1.0,0.0,0.0,13.800010579292724
GC0_FL370,2022-03-01 00:58:00.000000000,-2.139054855997014,49.86172975373617,11277.6,21662.374173827782,211.90257,0.3192050320312087,0.5548632075644674,1.0,0.0,0.0,13.80000566804335
GC0_FL370,2022-03-01 00:59:00.000000000,-1.990218893420634,49.940546195774644,11277.6,21662.374173827782,211.97098,0.3088033428605224,0.5365487761397197,1.0,0.0,0.0,13.800000702464757
GC0_FL370,2022-03-01 01:00:00.000000000,-1.840895933496165,50.01917163851421,11277.6,21662.374173827782,212.07755,0.294535727895502,0.5114133678739416,1.0,0.0,0.0,13.799995682868577
GC0_FL370,2022-03-01 01:01:00.000000000,-1.6910842126076457,50.09760492278672,11277.6,21662.374173827782,212.16942,0.2812956756497065,0.48813894082927967,1.0,0.0,0.0,13.799990609591623
GC0_FL370,2022-03-01 01:02:00.000000000,-1.540781973081079,50.17584488323394,11277.6,21662.374173827782,212.20547,0.27270394942350057,0.47312091556059105,1.0,0.0,0.0,13.799985482999908
GC0_FL370,2022-03-01 01:03:00.000000000,-1.3899874634580285,50.2538903483026,11277.6,21662.374173827782,212.22064,0.2659424082078027,0.4613455461636358,1.0,0.0,0.0,13.799980303483485
GC0_FL370,2022-03-01 01:04:00.000000000,-1.2386989387734455,50.33174014024005,11277.6,21662.374173827782,212.2288,0.25911179664673695,0.4494723884360779,1.0,0.0,0.0,13.799975071460995
GC0_FL370,2022-03-01 01:05:00.000000000,-1.0869146608380469,50.409393075090854,11277.6,21662.374173827782,212.15457,0.2625298725638243,0.4556172118377525,1.0,0.0,0.0,13.799969787382079
GC0_FL370,2022-03-01 01:06:00.000000000,-0.9346328985249368,50.48684796269396,11277.6,21662.374173827782,212.07332,0.267018040455241,0.4636460186468432,1.0,0.0,0.0,13.799964451722667
GC0_FL370,2022-03-01 01:07:00.000000000,-0.7818519280607622,50.56410360668077,11277.6,21662.374173827782,211.98059,0.2730509129361811,0.4744000964900579,1.0,0.0,0.0,13.79995906498832
GC0_FL370,2022-03-01 01:08:00.000000000,-0.6285700333214097,50.64115880447403,11277.6,21662.374173827782,211.85098,0.28408768324588735,0.4939830216397188,1.0,0.0,0.0,13.800040250558894
GC0_FL370,2022-03-01 01:09:00.000000000,-0.47478237482134333,50.71801108774824,11277.6,21662.374173827782,211.71063,0.29734974743971093,0.517501999899255,1.0,0.0,0.0,13.800036449888243
GC0_FL370,2022-03-01 01:10:00.000000000,-0.3204903233010431,50.79466047002034,11277.6,21662.374173827782,211.55638,0.31186824442214817,0.5432974297921914,1.0,0.0,0.0,13.800031495581349
GC0_FL370,2022-03-01 01:11:00.000000000,-0.16569222733307076,50.87110574593124,11277.6,21662.374173827782,211.38397,0.3290370301940378,0.5738271716212848,1.0,0.0,0.0,13.80002648819227
GC0_FL370,2022-03-01 01:12:00.000000000,-0.01038640460530521,50.94734568796158,11277.6,21662.374173827782,211.19728,0.34885210712137676,0.6090970786930684,1.0,0.0,0.0,13.800021428178642
GC0_FL370,2022-03-01 01:13:00.000000000,0.14542881799142826,51.02337906239046,11277.6,21662.374173827782,211.08553,0.3603295195433985,0.6295762220762559,1.0,0.0,0.0,13.800016316031584
GC0_FL370,2022-03-01 01:14:00.000000000,0.30175510404023853,51.099204629299564,11277.6,21662.374173827782,210.99416,0.3698074195928478,0.6465035307508398,1.0,0.0,0.0,13.80001115226905
GC0_FL370,2022-03-01 01:15:00.000000000,0.45859410727043437,51.17482114257816,11277.6,21662.374173827782,210.92375,0.376294341083093,0.6581340472025383,1.0,0.0,0.0,13.8000059374454
GC0_FL370,2022-03-01 01:16:00.000000000,0.6159474712251815,51.25022734992915,11277.6,21662.374173827782,210.91176,0.37537193845974726,0.6565697026891419,1.0,0.0,0.0,13.800000672141353
GC0_FL370,2022-03-01 01:17:00.000000000,0.7738168289243615,51.325421992876,11277.6,21662.374173827782,210.9518,0.37038767086298513,0.6476880208202858,1.0,0.0,0.0,13.7999953569759
GC0_FL370,2022-03-01 01:18:00.000000000,0.932203802522942,51.400403806770754,11277.6,21662.374173827782,211.01192,0.3648763042028679,0.6378132703998259,1.0,0.0,0.0,13.799989992598045
GC0_FL370,2022-03-01 01:19:00.000000000,1.0911100029643799,51.47517152080301,11277.6,21662.374173827782,211.07463,0.3599138260233529,0.6288924069716352,1.0,0.0,0.0,13.79998457969091
GC0_FL370,2022-03-01 01:20:00.000000000,1.2505370296295943,51.549723858009905,11277.6,21662.374173827782,211.14471,0.35517930370435025,0.6203464713641302,1.0,0.0,0.0,13.799979118975191
GC0_FL370,2022-03-01 01:21:00.000000000,1.410486469980993,51.62405953528727,11277.6,21662.374173827782,211.11311,0.36033053317531116,0.6294683800072118,1.0,0.0,0.0,13.799973611204168
GC0_FL370,2022-03-01 01:22:00.000000000,1.570959899201897,51.698177263401696,11277.6,21662.374173827782,211.05516,0.3678816291446627,0.6428927806632667,1.0,0.0,0.0,13.799968057170684
GC0_FL370,2022-03-01 01:23:00.000000000,1.7319588798311787,51.77207574700383,11277.6,21662.374173827782,210.98576,0.37729419673513076,0.6596263151989796,1.0,0.0,0.0,13.799962457699413
GC0_FL370,2022-03-01 01:24:00.000000000,1.8934849613930664,51.84575368464275,11277.6,21662.374173827782,210.8632,0.39431849815266684,0.6899165545642706,1.0,0.0,0.0,13.799956813657149
GC0_FL370,2022-03-01 01:25:00.000000000,2.055539680022396,51.91920976878139,11277.6,21662.374173827782,210.73212,0.41316165339871036,0.7234747872103054,1.0,0.0,0.0,13.800042154299087
GC0_FL370,2022-03-01 01:26:00.000000000,2.2181278486239693,51.99244129650124,11277.6,21662.374173827782,210.59703,0.4332839432976982,0.7593448755193557,1.0,0.0,0.0,13.800038395347975
GC0_FL370,2022-03-01 01:27:00.000000000,2.381247755746821,52.06544829902248,11277.6,21662.374173827782,210.48854,0.45229687771626526,0.7931980408890266,1.0,0.0,0.0,13.800033137066887
GC0_FL370,2022-03-01 01:28:00.000000000,2.5449008423555197,52.13822947261712,11277.6,21662.374173827782,210.39912,0.46952618806942775,0.8238673100073678,1.0,0.0,0.0,13.800027830685213
GC0_FL370,2022-03-01 01:29:00.000000000,2.7090885869023626,52.210783485473385,11277.6,21662.374173827782,210.33818,0.48339587585199273,0.8485242126527923,1.0,0.0,0.0,13.800022477008898
GC0_FL370,2022-03-01 01:30:00.000000000,2.873812452494847,52.283108999789214,11277.6,21662.374173827782,210.31668,0.4916736606476589,0.8631686358639021,1.0,0.0,0.0,13.800017076881304
GC0_FL370,2022-03-01 01:31:00.000000000,3.039073886492103,52.35520467179508,11277.6,21662.374173827782,210.31435,0.4969742312448735,0.8724876338853281,1.0,0.0,0.0,13.8000116311833
GC0_FL370,2022-03-01 01:32:00.000000000,3.204874320096632,52.42706915177804,11277.6,21662.374173827782,210.33482,0.4976631681995329,0.8735849034060252,1.0,0.0,0.0,13.80000614083744
GC0_FL370,2022-03-01 01:33:00.000000000,3.3712151679413354,52.498701084107154,11277.6,21662.374173827782,210.38123,0.4941176482179257,0.8671169638584949,1.0,0.0,0.0,13.800000606803097
GC0_FL370,2022-03-01 01:34:00.000000000,3.538097827671728,52.57009910726018,11277.6,21662.374173827782,210.43216,0.4910004323842008,0.861373430687447,1.0,0.0,0.0,13.799995030082775
GC0_FL370,2022-03-01 01:35:00.000000000,3.705523679523632,52.64126185385161,11277.6,21662.374173827782,210.47972,0.4857228805441202,0.8518653518116021,1.0,0.0,0.0,13.799989411721297
GC0_FL370,2022-03-01 01:36:00.000000000,3.8734940858960045,52.71218795066221,11277.6,21662.374173827782,210.5173,0.4802796689599345,0.8421239245437384,1.0,0.0,0.0,13.799983752801687
GC0_FL370,2022-03-01 01:37:00.000000000,4.04201039091922,52.78287601866978,11277.6,21662.374173827782,210.5377,0.4748954964889866,0.8325773040460672,1.0,0.0,0.0,13.799978054452163
GC0_FL370,2022-03-01 01:38:00.000000000,4.211073920018708,52.853324673081396,11277.6,21662.374173827782,210.5205,0.4690181900867129,0.8223601656391488,1.0,0.0,0.0,13.799972317845754
GC0_FL370,2022-03-01 01:39:00.000000000,4.380685979473958,52.92353252336716,11277.6,21662.374173827782,210.49393,0.4627591607979601,0.8115208759076439,1.0,0.0,0.0,13.79996654419649
GC0_FL370,2022-03-01 01:40:00.000000000,4.550847855972988,52.993498173295265,11277.6,21662.374173827782,210.4446,0.4575769968978286,0.8026770983066933,1.0,0.0,0.0,13.799960734763747
GC0_FL370,2022-03-01 01:41:00.000000000,4.72156081616213,53.06322022096875,11277.6,21662.374173827782,210.36183,0.453647607702379,0.7961910425004324,1.0,0.0,0.0,13.799954890854742
GC0_FL370,2022-03-01 01:42:00.000000000,4.892826106191535,53.13269725886355,11277.6,21662.374173827782,210.27661,0.44983741892739154,0.789918111643969,1.0,0.0,0.0,13.80004369387429
GC0_FL370,2022-03-01 01:43:00.000000000,5.064648373766797,53.201926344915194,11277.6,21662.374173827782,210.18732,0.44673899265919553,0.7849077417756274,1.0,0.0,0.0,13.800040019521948
GC0_FL370,2022-03-01 01:44:00.000000000,5.237025480446346,53.270907542595175,11277.6,21662.374173827782,210.09517,0.44484233493008196,0.7820189128971479,1.0,0.0,0.0,13.800034486742401
GC0_FL370,2022-03-01 01:45:00.000000000,5.409958542016128,53.339639456889614,11277.6,21662.374173827782,209.99303,0.44389430226424686,0.78083977917955,1.0,0.0,0.0,13.800028914083532
GC0_FL370,2022-03-01 01:46:00.000000000,5.583448717588524,53.40812065808024,11277.6,21662.374173827782,209.88193,0.44430742711939447,0.7820979528468543,1.0,0.0,0.0,13.80002330277767
GC0_FL370,2022-03-01 01:47:00.000000000,5.757497143428711,53.47634971103695,11277.6,21662.374173827782,209.76375,0.44681383094100685,0.7870784234200625,1.0,0.0,0.0,13.800017654102959
GC0_FL370,2022-03-01 01:48:00.000000000,5.932104932473757,53.54432517526539,11277.6,21662.374173827782,209.6581,0.44969386062782907,0.7926622137430931,1.0,0.0,0.0,13.800011969384423
GC0_FL370,2022-03-01 01:49:00.000000000,6.10727317384737,53.612045604956435,11277.6,21662.374173827782,209.55554,0.45279493147452593,0.7986296750107216,1.0,0.0,0.0,13.800006249993439
GC0_FL370,2022-03-01 01:50:00.000000000,6.283002932370696,53.679509549037114,11277.6,21662.374173827782,209.46579,0.45541984213907627,0.8036971263231872,1.0,0.0,0.0,13.800000497350158
GC0_FL370,2022-03-01 01:51:00.000000000,6.459295248068937,53.746715551223396,11277.6,21662.374173827782,209.42105,0.45366367302486094,0.8008145536130871,1.0,0.0,0.0,13.799994712920459
GC0_FL370,2022-03-01 01:52:00.000000000,6.636151135673946,53.81366215007467,11277.6,21662.374173827782,209.39114,0.45059684390219396,0.79554507412299,1.0,0.0,0.0,13.799988898221487
GC0_FL370,2022-03-01 01:53:00.000000000,6.8135715841229665,53.88034787904993,11277.6,21662.374173827782,209.3922,0.4449944363706216,0.7856509620648879,1.0,0.0,0.0,13.799983054817007
GC0_FL370,2022-03-01 01:54:00.000000000,6.991557556053451,53.94677126656574,11277.6,21662.374173827782,209.45174,0.4348488707666502,0.7674611548583414,1.0,0.0,0.0,13.79997718432221
GC0_FL370,2022-03-01 01:55:00.000000000,7.170109987294104,54.01293083605608,11277.6,21662.374173827782,209.51945,0.4246735428368088,0.7491921220045002,1.0,0.0,0.0,13.799971288402922
GC0_FL370,2022-03-01 01:56:00.000000000,7.349229786352257,54.07882510603384,11277.6,21662.374173827782,209.59062,0.41517890944444386,0.7321273191287001,1.0,0.0,0.0,13.799965368775869
GC0_FL370,2022-03-01 01:57:00.000000000,7.5289178338974985,54.144452590154366,11277.6,21662.374173827782,209.65712,0.40651712487639424,0.716562539923275,1.0,0.0,0.0,13.799959427205792
GC0_FL370,2022-03-01 01:58:00.000000000,7.709174982241969,54.20981179728059,11277.6,21662.374173827782,209.70938,0.39934516127343944,0.7036943054791146,1.0,0.0,0.0,13.799953465513312
GC0_FL370,2022-03-01 01:59:00.000000000,7.890002054816966,54.2749012315503,11277.6,21662.374173827782,209.7412,0.39462961607053887,0.6952530688933679,1.0,0.0,0.0,13.800044709298199
GC0_FL370,2022-03-01 02:00:00.000000000,8.07140336006643,54.3397177150441,11277.6,21662.374173827782,209.75531,0.39133725451031254,0.6893903126682429,1.0,0.0,0.0,13.800041165932434
GC0_FL370,2022-03-01 02:01:00.000000000,8.253376235746266,54.4042613638653,11277.6,21662.374173827782,209.7576,0.3892152295438834,0.6856439044572074,1.0,0.0,0.0,13.80003540717797
GC0_FL370,2022-03-01 02:02:00.000000000,8.435921335887098,54.46853070587913,11277.6,21662.374173827782,209.74867,0.39024578018871636,0.6874959575578246,1.0,0.0,0.0,13.800029620699759
GC0_FL370,2022-03-01 02:03:00.000000000,8.61903936252284,54.532524226953534,11277.6,21662.374173827782,209.73657,0.39344493107256284,0.6931820191942756,1.0,0.0,0.0,13.800023808234585
GC0_FL370,2022-03-01 02:04:00.000000000,8.802730986129248,54.5962404085977,11277.6,21662.374173827782,209.72536,0.3974797081233384,0.700338587902998,1.0,0.0,0.0,13.80001797157137
GC0_FL370,2022-03-01 02:05:00.000000000,8.986996845082029,54.659677728041075,11277.6,21662.374173827782,209.71696,0.40174022915486607,0.7078827175317777,1.0,0.0,0.0,13.80001211255036
GC0_FL370,2022-03-01 02:06:00.000000000,9.171837545112288,54.72283465831418,11277.6,21662.374173827782,209.7219,0.4084970583827819,0.7197687405150781,1.0,0.0,0.0,13.800006233064313
GC0_FL370,2022-03-01 02:07:00.000000000,9.357253658759396,54.785709668331585,11277.6,21662.374173827782,209.7275,0.4133978632461195,0.7283767453248409,1.0,0.0,0.0,13.800000335060249
GC0_FL370,2022-03-01 02:08:00.000000000,9.543245724821515,54.84830122297688,11277.6,21662.374173827782,209.74406,0.4169884541849464,0.7346288888118903,1.0,0.0,0.0,13.79999442053751
GC0_FL370,2022-03-01 02:09:00.000000000,9.729814247803706,54.91060778318973,11277.6,21662.374173827782,209.77539,0.42001886933140214,0.7398256657215799,1.0,0.0,0.0,13.799988491549682
GC0_FL370,2022-03-01 02:10:00.000000000,9.916959697363977,54.97262780605501,11277.6,21662.374173827782,209.79756,0.42120701972741736,0.7418195818681705,1.0,0.0,0.0,6.1100550360113415
GC0_FL370,2022-03-01 02:10:26.566305980,10.0,55.0,11277.6,21662.374173827782,209.80011,0.42148632824736854,0.7422991330083957,1.0,0.0,0.0,0.0
NW150_FL370,2022-03-01 00:00:00.000000000,-10.000000000000002,45.00000000000001,11277.6,21662.374173827782,213.05789,0.37161490950525816,0.6412042996438473,1.0,0.0,0.0,13.800014615529586
NW150_FL370,2022-03-01 00:01:00.000000000,-9.911943680217473,45.10739059751919,11277.6,21662.374173827782,213.08728,0.3616991848753722,0.6239755114329165,1.0,0.0,0.0,13.800013510743517
NW150_FL370,2022-03-01 00:02:00.000000000,-9.823535417039643,45.21470503205091,11277.6,21662.374173827782,213.07973,0.3568230264776993,0.6155942854056248,1.0,0.0,0.0,13.800012336604626
NW150_FL370,2022-03-01 00:03:00.000000000,-9.734752775491534,45.32193450949788,11277.6,21662.374173827782,213.06142,0.35339664552120215,0.6097553683097894,1.0,0.0,0.0,13.800011102228465
NW150_FL370,2022-03-01 00:04:00.000000000,-9.64557321962325,45.4290701602766,11277.6,21662.374173827782,213.07555,0.34508391836696434,0.5953586759033264,1.0,0.0,0.0,13.800009817596628
NW150_FL370,2022-03-01 00:05:00.000000000,-9.555974120765597,45.53610303447345,11277.6,21662.374173827782,213.08382,0.337989499161035,0.5830876655365256,1.0,0.0,0.0,13.800008493466299
NW150_FL370,2022-03-01 00:06:00.000000000,-9.465932766099801,45.64302409705574,11277.6,21662.374173827782,213.07921,0.3334080420497726,0.5752012744685739,1.0,0.0,0.0,13.8000071412585
NW150_FL370,2022-03-01 00:07:00.000000000,-9.37542636757764,45.74982422315823,11277.6,21662.374173827782,213.07756,0.32931237540826247,0.5681402181220006,1.0,0.0,0.0,13.800005772917848
NW150_FL370,2022-03-01 00:08:00.000000000,-9.284432071228174,45.85649419346592,11277.6,21662.374173827782,213.07819,0.32050693780017064,0.5529477080454919,1.0,0.0,0.0,13.800004400762623
NW150_FL370,2022-03-01 00:09:00.000000000,-9.192926966886413,45.96302468971482,11277.6,21662.374173827782,213.05548,0.31191878306754556,0.5382094216032226,1.0,0.0,0.0,13.800003037318143
NW150_FL370,2022-03-01 00:10:00.000000000,-9.100888098379096,46.069406290332594,11277.6,21662.374173827782,213.04272,0.30168037862500635,0.5205861695611805,1.0,0.0,0.0,13.800001695131416
NW150_FL370,2022-03-01 00:11:00.000000000,-9.008292474201193,46.175629466241716,11277.6,21662.374173827782,213.01698,0.293142993197071,0.5059380362063014,1.0,0.0,0.0,13.800000386583605
NW150_FL370,2022-03-01 00:12:00.000000000,-8.915117078716126,46.2816845768484,11277.6,21662.374173827782,213.02472,0.2828811740843955,0.4882022913551156,1.0,0.0,0.0,13.799999123681374
NW150_FL370,2022-03-01 00:13:00.000000000,-8.82133888391088,46.38756186624089,11277.6,21662.374173827782,213.06374,0.27174763456852113,0.46886936101420507,1.0,0.0,0.0,13.799997917859939
NW150_FL370,2022-03-01 00:14:00.000000000,-8.726934861735826,46.49325145962168,11277.6,21662.374173827782,213.09438,0.2623545823492079,0.4525735938098659,1.0,0.0,0.0,13.799996779771385
NW150_FL370,2022-03-01 00:15:00.000000000,-8.631881997057086,46.59874335999853,11277.6,21662.374173827782,213.21732,0.2486906218035496,0.42866089522053236,1.0,0.0,0.0,13.799995719077321
NW150_FL370,2022-03-01 00:16:00.000000000,-8.536157301247139,46.70402744515966,11277.6,21662.374173827782,213.33781,0.23510824916957562,0.40493240089567745,1.0,0.0,0.0,13.79999474425429
NW150_FL370,2022-03-01 00:17:00.000000000,-8.439737826436936,46.809093464959474,11277.6,21662.374173827782,213.50073,0.2199757392530829,0.3784666377095605,1.0,0.0,0.0,13.799993862396043
NW150_FL370,2022-03-01 00:18:00.000000000,-8.342600680450126,46.91393103894103,11277.6,21662.374173827782,213.68939,0.20417621493435617,0.35085078168556266,1.0,0.0,0.0,13.799993079039334
NW150_FL370,2022-03-01 00:19:00.000000000,-8.244723042436963,47.01852965432236,11277.6,21662.374173827782,213.86523,0.18946156931741115,0.32519025786954686,1.0,0.0,0.0,13.79999239800333
NW150_FL370,2022-03-01 00:20:00.000000000,-8.146082179222427,47.12287866437407,11277.6,21662.374173827782,214.02766,0.17621204288855927,0.30212474056911454,1.0,0.0,0.0,13.799991821243808
NW150_FL370,2022-03-01 00:21:00.000000000,-8.046655462379125,47.22696728721557,11277.6,21662.374173827782,214.17976,0.16346817164868652,0.27999386891020406,1.0,0.0,0.0,13.79999134873503
NW150_FL370,2022-03-01 00:22:00.000000000,-7.946420386032092,47.33078460505782,11277.6,21662.374173827782,214.32164,0.15325425124035993,0.26225200676620775,1.0,0.0,0.0,13.799990978379531
NW150_FL370,2022-03-01 00:23:00.000000000,-7.845354585398439,47.434319563920425,11277.6,21662.374173827782,214.46593,0.14356966188950993,0.24544434599634182,1.0,0.0,0.0,13.799990705942896
NW150_FL370,2022-03-01 00:24:00.000000000,-7.743435856059993,47.537560973850695,11277.6,21662.374173827782,214.5913,0.1352161171078769,0.2309705409629342,1.0,0.0,0.0,13.799990525026583
NW150_FL370,2022-03-01 00:25:00.000000000,-7.640642173962943,47.64049750967218,11277.6,21662.374173827782,214.70268,0.12830048214711418,0.21899430040024404,1.0,0.0,0.0,13.799990427059264
NW150_FL370,2022-03-01 00:26:00.000000000,-7.536951716133178,47.743117712289695,11277.6,21662.374173827782,214.78662,0.12182866624376132,0.20783063026274495,1.0,0.0,0.0,13.799990401351167
NW150_FL370,2022-03-01 00:27:00.000000000,-7.432342882090881,47.84540999057738,11277.6,21662.374173827782,214.84354,0.11664882572907188,0.19891845742050843,1.0,0.0,0.0,13.799990435152703
NW150_FL370,2022-03-01 00:28:00.000000000,-7.32679431594254,47.94736262387532,11277.6,21662.374173827782,214.90717,0.11100135555456193,0.18920754332415507,1.0,0.0,0.0,13.799990513782763
NW150_FL370,2022-03-01 00:29:00.000000000,-7.220284929122936,48.04896376511957,11277.6,21662.374173827782,214.93951,0.1063245939865913,0.18119627845591843,1.0,0.0,0.0,13.799990620759637
NW150_FL370,2022-03-01 00:30:00.000000000,-7.112793923753648,48.15020144462874,11277.6,21662.374173827782,214.94766,0.10254703515693867,0.1747488427997892,1.0,0.0,0.0,13.799990738007454
NW150_FL370,2022-03-01 00:31:00.000000000,-7.00430081657882,48.251063574569415,11277.6,21662.374173827782,214.96268,0.09856816565484942,0.16795163758991988,1.0,0.0,0.0,13.799990846062991
NW150_FL370,2022-03-01 00:32:00.000000000,-6.894785463432784,48.351537954120296,11277.6,21662.374173827782,214.96118,0.09872776795410182,0.16822517357748037,1.0,0.0,0.0,13.79999092434128
NW150_FL370,2022-03-01 00:33:00.000000000,-6.784228084187853,48.45161227535354,11277.6,21662.374173827782,214.95857,0.09926975006538769,0.16915178614847734,1.0,0.0,0.0,13.79999095142065
NW150_FL370,2022-03-01 00:34:00.000000000,-6.672609288124424,48.55127412984912,11277.6,21662.374173827782,214.95125,0.10199311666972927,0.1738010678039306,1.0,0.0,0.0,13.799990905357314
NW150_FL370,2022-03-01 00:35:00.000000000,-6.559910099659522,48.650511016055766,11277.6,21662.374173827782,214.93187,0.10342087064832965,0.17625650464864465,1.0,0.0,0.0,13.799990764032621
NW150_FL370,2022-03-01 00:36:00.000000000,-6.446111984363311,48.74931034740906,11277.6,21662.374173827782,214.89653,0.10277884245525137,0.17520389470569098,1.0,0.0,0.0,13.799990505510175
NW150_FL370,2022-03-01 00:37:00.000000000,-6.331196875187807,48.84765946121438,11277.6,21662.374173827782,214.8434,0.10324507110286937,0.17606162220430507,1.0,0.0,0.0,13.799990108416592
NW150_FL370,2022-03-01 00:38:00.000000000,-6.215147198825244,48.94554562829887,11277.6,21662.374173827782,214.77423,0.10398347353788827,0.17740300028237876,1.0,0.0,0.0,13.799989552329267
NW150_FL370,2022-03-01 00:39:00.000000000,-6.097945902109083,49.04295606343325,11277.6,21662.374173827782,214.72324,0.1064307610461396,0.18164022464080098,1.0,0.0,0.0,13.799988818168638
NW150_FL370,2022-03-01 00:40:00.000000000,-5.979576478364332,49.13987793652022,11277.6,21662.374173827782,214.69766,0.10868095369608856,0.1855125082447882,1.0,0.0,0.0,13.799987888596085
NW150_FL370,2022-03-01 00:41:00.000000000,-5.860022993609616,49.23629838454239,11277.6,21662.374173827782,214.66583,0.11036766793077682,0.18843148369697688,1.0,0.0,0.0,13.799986748391927
NW150_FL370,2022-03-01 00:42:00.000000000,-5.739270112508919,49.33220452425832,11277.6,21662.374173827782,214.6897,0.11063019017756459,0.1888493656484271,1.0,0.0,0.0,13.799985384831924
NW150_FL370,2022-03-01 00:43:00.000000000,-5.617303123966524,49.42758346563079,11277.6,21662.374173827782,214.728,0.11121634412749543,0.189801356496381,1.0,0.0,0.0,13.799983788033904
NW150_FL370,2022-03-01 00:44:00.000000000,-5.4941079662560375,49.52242232596687,11277.6,21662.374173827782,214.76842,0.11032418458883043,0.18822838403781056,1.0,0.0,0.0,13.799981951284067
NW150_FL370,2022-03-01 00:45:00.000000000,-5.369671251570929,49.61670824474481,11277.6,21662.374173827782,214.82031,0.10942779176910018,0.18663364742339733,1.0,0.0,0.0,13.799979871326002
NW150_FL370,2022-03-01 00:46:00.000000000,-5.243980289882591,49.710428399097715,11277.6,21662.374173827782,214.87259,0.10848353847761572,0.18495846585110134,1.0,0.0,0.0,13.799977548611706
NW150_FL370,2022-03-01 00:47:00.000000000,-5.117023111990287,49.803570019919526,11277.6,21662.374173827782,214.90533,0.10710990888736215,0.18257653615201516,1.0,0.0,0.0,13.799974987505227
NW150_FL370,2022-03-01 00:48:00.000000000,-4.988788491647018,49.896120408553536,11277.6,21662.374173827782,214.92226,0.10626687059854138,0.18111881099131844,1.0,0.0,0.0,13.799972196443608
NW150_FL370,2022-03-01 00:49:00.000000000,-4.85926596664584,49.98806695401959,11277.6,21662.374173827782,214.92172,0.10880946585668312,0.18545266527344115,1.0,0.0,0.0,13.79996918802526
NW150_FL370,2022-03-01 00:50:00.000000000,-4.728445858752139,50.079397150730635,11277.6,21662.374173827782,214.89084,0.11043995560253249,0.1882708522933638,1.0,0.0,0.0,13.799965979069924
NW150_FL370,2022-03-01 00:51:00.000000000,-4.596319292369935,50.17009861664571,11277.6,21662.374173827782,214.85611,0.11051350096777861,0.18844035595918626,1.0,0.0,0.0,13.799962590579305
NW150_FL370,2022-03-01 00:52:00.000000000,-4.462878211833166,50.26015911180118,11277.6,21662.374173827782,214.8093,0.11104591595689607,0.1894075313082101,1.0,0.0,0.0,13.799959047664926
NW150_FL370,2022-03-01 00:53:00.000000000,-4.328115397217069,50.34956655715893,11277.6,21662.374173827782,214.70427,0.11295225285338899,0.19279472043685636,1.0,0.0,0.0,13.799955379398677
NW150_FL370,2022-03-01 00:54:00.000000000,-4.192024478569649,50.43830905370571,11277.6,21662.374173827782,214.59616,0.11472237084758344,0.19595716807517025,1.0,0.0,0.0,13.799951618596008
NW150_FL370,2022-03-01 00:55:00.000000000,-4.05459994846935,50.526374901734854,11277.6,21662.374173827782,214.48657,0.1174142158683045,0.20070149098245224,1.0,0.0,0.0,13.799947801542151
NW150_FL370,2022-03-01 00:56:00.000000000,-3.915837172821923,50.61375262023863,11277.6,21662.374173827782,214.37395,0.12077421434066922,0.2065997394445108,1.0,0.0,0.0,13.799961634315533
NW150_FL370,2022-03-01 00:57:00.000000000,-3.775730534366871,50.70042998100058,11277.6,21662.374173827782,214.25793,0.12388435448739889,0.21208330907806477,1.0,0.0,0.0,13.800015187556577
NW150_FL370,2022-03-01 00:58:00.000000000,-3.634272966085093,50.78639370865784,11277.6,21662.374173827782,214.17474,0.12833998695147109,0.21983212705675953,1.0,0.0,0.0,13.800009923240955
NW150_FL370,2022-03-01 00:59:00.000000000,-3.491468425213449,50.87163617748502,11277.6,21662.374173827782,214.11319,0.1323764422693245,0.226838455351622,1.0,0.0,0.0,13.800004456466626
NW150_FL370,2022-03-01 01:00:00.000000000,-3.3473158711349957,50.956146985350514,11277.6,21662.374173827782,214.04947,0.13547471291039792,0.23224506815682258,1.0,0.0,0.0,13.799998839363584
NW150_FL370,2022-03-01 01:01:00.000000000,-3.201815162333295,51.03991604591398,11277.6,21662.374173827782,214.03706,0.13715693290536496,0.23514828299151666,1.0,0.0,0.0,13.799993126409735
NW150_FL370,2022-03-01 01:02:00.000000000,-3.0549670550937402,51.122933607024926,11277.6,21662.374173827782,214.07025,0.13759223635745563,0.23584290551758558,1.0,0.0,0.0,13.799987373795798
NW150_FL370,2022-03-01 01:03:00.000000000,-2.9067732000863327,51.20519026867862,11277.6,21662.374173827782,214.07237,0.1375796895322344,0.23581811688649357,1.0,0.0,0.0,13.799981638763203
NW150_FL370,2022-03-01 01:04:00.000000000,-2.75723613682413,51.28667700045241,11277.6,21662.374173827782,214.06967,0.13755853886137168,0.23578627334735772,1.0,0.0,0.0,13.799975978917063
NW150_FL370,2022-03-01 01:05:00.000000000,-2.6063592860038653,51.367385158347936,11277.6,21662.374173827782,214.07219,0.13793827733136682,0.23643257052018254,1.0,0.0,0.0,13.799970451534813
NW150_FL370,2022-03-01 01:06:00.000000000,-2.4541469397475377,51.44730650096773,11277.6,21662.374173827782,214.07082,0.13760148829454813,0.23585819036729053,1.0,0.0,0.0,13.799965112869177
NW150_FL370,2022-03-01 01:07:00.000000000,-2.300604249774821,51.526433204957165,11277.6,21662.374173827782,214.07346,0.1369715012536404,0.23477415958112474,1.0,0.0,0.0,13.799960017463881
NW150_FL370,2022-03-01 01:08:00.000000000,-2.145737213549071,51.60475787964777,11277.6,21662.374173827782,214.10196,0.13601429681509322,0.23308959585401473,1.0,0.0,0.0,13.799955217494318
NW150_FL370,2022-03-01 01:09:00.000000000,-1.9895526584501013,51.682273580841326,11277.6,21662.374173827782,214.09528,0.13506561397592556,0.23147361397836091,1.0,0.0,0.0,13.799950762132118
NW150_FL370,2022-03-01 01:10:00.000000000,-1.832058224038491,51.758973823679455,11277.6,21662.374173827782,214.07817,0.13265227924075762,0.2273637312236962,1.0,0.0,0.0,13.799946696952656
NW150_FL370,2022-03-01 01:11:00.000000000,-1.6732623424866224,51.83485259454882,11277.6,21662.374173827782,214.09709,0.13021602613601152,0.22315991358038995,1.0,0.0,0.0,13.799943063395368
NW150_FL370,2022-03-01 01:12:00.000000000,-1.513174217261294,51.909904361977446,11277.6,21662.374173827782,214.07866,0.12845404432837584,0.22016727014022622,1.0,0.0,0.0,13.799939898272926
NW150_FL370,2022-03-01 01:13:00.000000000,-1.3518038001522044,51.98412408648381,11277.6,21662.374173827782,214.0404,0.12711371406850674,0.21792520049443254,1.0,0.0,0.0,13.799939745243607
NW150_FL370,2022-03-01 01:14:00.000000000,-1.1891615462200298,52.057507082236924,11277.6,21662.374173827782,214.00092,0.12658212269758934,0.2170702368823139,1.0,0.0,0.0,13.800020924011612
NW150_FL370,2022-03-01 01:15:00.000000000,-1.0252518319892376,52.13004458185368,11277.6,21662.374173827782,213.92538,0.12708698443627386,0.21804440876699818,1.0,0.0,0.0,13.800013978858964
NW150_FL370,2022-03-01 01:16:00.000000000,-0.8600941937770141,52.20173800568454,11277.6,21662.374173827782,213.83072,0.131314562121309,0.22543749293760754,1.0,0.0,0.0,13.800007477983955
NW150_FL370,2022-03-01 01:17:00.000000000,-0.6937013373187131,52.27258437763797,11277.6,21662.374173827782,213.72374,0.13625861907167755,0.23409055206520607,1.0,0.0,0.0,13.800001452770012
NW150_FL370,2022-03-01 01:18:00.000000000,-0.5260865789675423,52.34258124591907,11277.6,21662.374173827782,213.60905,0.14069375837558024,0.24189154477993294,1.0,0.0,0.0,13.799995928589095
NW150_FL370,2022-03-01 01:19:00.000000000,-0.35726381511859207,52.4117266860437,11277.6,21662.374173827782,213.4764,0.14893497673041878,0.2562825169345015,1.0,0.0,0.0,13.79999092471825
NW150_FL370,2022-03-01 01:20:00.000000000,-0.1872474908346242,52.480019302721765,11277.6,21662.374173827782,213.33728,0.158375861906544,0.27277537168484656,1.0,0.0,0.0,13.799986454317708
NW150_FL370,2022-03-01 01:21:00.000000000,-0.0160525678074433,52.54745823062341,11277.6,21662.374173827782,213.20782,0.16921891512758228,0.291696143003084,1.0,0.0,0.0,13.799982524503399
NW150_FL370,2022-03-01 01:22:00.000000000,0.15630550821031364,52.614043134048934,11277.6,21662.374173827782,213.1246,0.18208409678629342,0.31404138586324093,1.0,0.0,0.0,13.79997913648606
NW150_FL370,2022-03-01 01:23:00.000000000,0.329810840369795,52.67977420552756,11277.6,21662.374173827782,213.00882,0.19520783273981318,0.33692921122696756,1.0,0.0,0.0,13.799976285786364
NW150_FL370,2022-03-01 01:24:00.000000000,0.5044471139547051,52.74465216337665,11277.6,21662.374173827782,212.85423,0.20827864825713144,0.3598472205380688,1.0,0.0,0.0,13.799973962517008
NW150_FL370,2022-03-01 01:25:00.000000000,0.680197629744843,52.80867824825721,11277.6,21662.374173827782,212.78659,0.21841173719844742,0.3775202888059268,1.0,0.0,0.0,13.799972151720771
NW150_FL370,2022-03-01 01:26:00.000000000,0.857045337388637,52.8718542187659,11277.6,21662.374173827782,212.7057,0.22902931284388217,0.39607810820042194,1.0,0.0,0.0,13.799970833761792
NW150_FL370,2022-03-01 01:27:00.000000000,1.034972868662569,52.93418234610838,11277.6,21662.374173827782,212.60704,0.24099481996009772,0.4170357309089521,1.0,0.0,0.0,13.799969984769
NW150_FL370,2022-03-01 01:28:00.000000000,1.2139625705007244,52.99566540790184,11277.6,21662.374173827782,212.52515,0.2541458265308583,0.44002403915802174,1.0,0.0,0.0,13.799969577100743
NW150_FL370,2022-03-01 01:29:00.000000000,1.3939965376829655,53.056306681157686,11277.6,21662.374173827782,212.44504,0.2647771563393593,0.4586660235029612,1.0,0.0,0.0,13.799969579857322
NW150_FL370,2022-03-01 01:30:00.000000000,1.5750566450764563,53.11610993449817,11277.6,21662.374173827782,212.3457,0.27620090149122073,0.47875976131776327,1.0,0.0,0.0,13.799969959394309
NW150_FL370,2022-03-01 01:31:00.000000000,1.7571245793312809,53.17507941966272,11277.6,21662.374173827782,212.22882,0.2891935123668675,0.501654144071879,1.0,0.0,0.0,13.799970679859165
NW150_FL370,2022-03-01 01:32:00.000000000,1.9401818699385918,53.23321986236095,11277.6,21662.374173827782,212.07323,0.30342384029214925,0.5268606994508761,1.0,0.0,0.0,13.799971703727884
NW150_FL370,2022-03-01 01:33:00.000000000,2.1242099195660367,53.29053645253109,11277.6,21662.374173827782,211.92041,0.3167687540960326,0.5505668291983039,1.0,0.0,0.0,13.799972992333837
NW150_FL370,2022-03-01 01:34:00.000000000,2.3091900335932243,53.34703483406254,11277.6,21662.374173827782,211.76628,0.33158017142311225,0.5768726184384931,1.0,0.0,0.0,13.799974506384897
NW150_FL370,2022-03-01 01:35:00.000000000,2.4951034487770922,53.402721094041766,11277.6,21662.374173827782,211.61888,0.3485960920032435,0.6070399296759789,1.0,0.0,0.0,13.799976206465772
NW150_FL370,2022-03-01 01:36:00.000000000,2.6819313609848683,53.457601751580526,11277.6,21662.374173827782,211.48564,0.3656140437679061,0.6372100374776887,1.0,0.0,0.0,13.799978053504757
NW150_FL370,2022-03-01 01:37:00.000000000,2.8696549519397707,53.511683746284476,11277.6,21662.374173827782,211.38261,0.38147614399272933,0.6652839727890331,1.0,0.0,0.0,13.799980009221503
NW150_FL370,2022-03-01 01:38:00.000000000,3.0582554149321086,53.56497442641937,11277.6,21662.374173827782,211.30293,0.39526218138898095,0.6896718448147728,1.0,0.0,0.0,13.799982036526542
NW150_FL370,2022-03-01 01:39:00.000000000,3.2477139794557783,53.61748153683056,11277.6,21662.374173827782,211.23895,0.4070813905728666,0.7105784236318874,1.0,0.0,0.0,13.799984099891018
NW150_FL370,2022-03-01 01:40:00.000000000,3.4380119347371982,53.6692132066701,11277.6,21662.374173827782,211.19016,0.41668040119496785,0.7275576494693534,1.0,0.0,0.0,13.799986165670656
NW150_FL370,2022-03-01 01:41:00.000000000,3.629130652131118,53.72017793698295,11277.6,21662.374173827782,211.13408,0.425178241069239,0.7426552321149203,1.0,0.0,0.0,13.79998820237766
NW150_FL370,2022-03-01 01:42:00.000000000,3.821051606363487,53.770384588202695,11277.6,21662.374173827782,211.07224,0.4326174701628965,0.7559412631656304,1.0,0.0,0.0,13.799990180922991
NW150_FL370,2022-03-01 01:43:00.000000000,4.013756395608983,53.81984236760365,11277.6,21662.374173827782,211.00919,0.438821710000834,0.7670834399477705,1.0,0.0,0.0,13.79999207479392
NW150_FL370,2022-03-01 01:44:00.000000000,4.207226760395775,53.868560816754226,11277.6,21662.374173827782,210.9197,0.4419946580085926,0.7730621914192177,1.0,0.0,0.0,13.79999386020077
NW150_FL370,2022-03-01 01:45:00.000000000,4.401444601336398,53.9165497990135,11277.6,21662.374173827782,210.8057,0.44750662007846803,0.7832568042084498,1.0,0.0,0.0,13.799995516168021
NW150_FL370,2022-03-01 01:46:00.000000000,4.59639199568854,53.96381948710966,11277.6,21662.374173827782,210.68199,0.4497188624985653,0.7877331666321815,1.0,0.0,0.0,13.799997024593432
NW150_FL370,2022-03-01 01:47:00.000000000,4.792051212754257,54.01038035083665,11277.6,21662.374173827782,210.5481,0.4482585266381227,0.7858287365153448,1.0,0.0,0.0,13.799998370255315
NW150_FL370,2022-03-01 01:48:00.000000000,4.988404728130883,54.05624314490155,11277.6,21662.374173827782,210.39648,0.44863388823420364,0.7872231588456251,1.0,0.0,0.0,13.799999540791967
NW150_FL370,2022-03-01 01:49:00.000000000,5.185435236830494,54.101418896952666,11277.6,21662.374173827782,210.28215,0.44476508219419086,0.7809827159770727,1.0,0.0,0.0,13.800000526639762
NW150_FL370,2022-03-01 01:50:00.000000000,5.383125665288684,54.14591889581483,11277.6,21662.374173827782,210.17761,0.44111353245986096,0.7750689867809277,1.0,0.0,0.0,13.800001320950413
NW150_FL370,2022-03-01 01:51:00.000000000,5.581459182286482,54.18975467995547,11277.6,21662.374173827782,210.08226,0.4390721495531483,0.7719364415996811,1.0,0.0,0.0,13.800001919470516
NW150_FL370,2022-03-01 01:52:00.000000000,5.780419208811863,54.23293802620198,11277.6,21662.374173827782,209.987,0.440480793351867,0.7748638192586998,1.0,0.0,0.0,13.800002320404134
NW150_FL370,2022-03-01 01:53:00.000000000,5.979989426890096,54.27548093872749,11277.6,21662.374173827782,209.89165,0.44446678182114024,0.7823336305646248,1.0,0.0,0.0,13.800002524262844
NW150_FL370,2022-03-01 01:54:00.000000000,6.180153787413816,54.31739563831984,11277.6,21662.374173827782,209.78253,0.4486167491984658,0.7901650559522037,1.0,0.0,0.0,13.800002533692991
NW150_FL370,2022-03-01 01:55:00.000000000,6.3808965170056196,54.35869455194499,11277.6,21662.374173827782,209.6821,0.4518457587795732,0.7963399631782987,1.0,0.0,0.0,13.800002353293928
NW150_FL370,2022-03-01 01:56:00.000000000,6.5822021239473365,54.399390302613654,11277.6,21662.374173827782,209.59825,0.45263543801504436,0.7981413864019792,1.0,0.0,0.0,13.80000198943833
NW150_FL370,2022-03-01 01:57:00.000000000,6.784055403211021,54.4394956995573,11277.6,21662.374173827782,209.53741,0.4500734068017422,0.7939173390283845,1.0,0.0,0.0,13.800001450080874
NW150_FL370,2022-03-01 01:58:00.000000000,6.986441440627737,54.479023728716754,11277.6,21662.374173827782,209.4663,0.44801598073674087,0.7906286781085633,1.0,0.0,0.0,13.800000744570198
NW150_FL370,2022-03-01 01:59:00.000000000,7.18934561623043,54.51798754354435,11277.6,21662.374173827782,209.46,0.44201542602527466,0.7800685215209706,1.0,0.0,0.0,13.799999883471097
NW150_FL370,2022-03-01 02:00:00.000000000,7.392753606807693,54.55640045611831,11277.6,21662.374173827782,209.4876,0.43386489554381247,0.7655582518618371,1.0,0.0,0.0,13.799998878381079
NW150_FL370,2022-03-01 02:01:00.000000000,7.596651387704953,54.594275928565615,11277.6,21662.374173827782,209.53221,0.4246667676610306,0.7491233460098624,1.0,0.0,0.0,13.799997741767196
NW150_FL370,2022-03-01 02:02:00.000000000,7.801025233909899,54.63162756478736,11277.6,21662.374173827782,209.58476,0.41510090105768793,0.7320139641095709,1.0,0.0,0.0,13.799996486806835
NW150_FL370,2022-03-01 02:03:00.000000000,8.005861720458118,54.66846910247922,11277.6,21662.374173827782,209.63206,0.4060699126350246,0.7158821005278025,1.0,0.0,0.0,13.799995127240448
NW150_FL370,2022-03-01 02:04:00.000000000,8.21114772219488,54.70481440543687,11277.6,21662.374173827782,209.65161,0.4010584916175972,0.7069652809133339,1.0,0.0,0.0,13.799993677240758
NW150_FL370,2022-03-01 02:05:00.000000000,8.416870412928134,54.74067745613532,11277.6,21662.374173827782,209.67752,0.39597472908846154,0.6978926667511539,1.0,0.0,0.0,13.799992151289874
NW150_FL370,2022-03-01 02:06:00.000000000,8.623017264007114,54.77607234856892,11277.6,21662.374173827782,209.685,0.3953767195305146,0.69680573052135,1.0,0.0,0.0,13.799990564074568
NW150_FL370,2022-03-01 02:07:00.000000000,8.829576042360262,54.81101328133762,11277.6,21662.374173827782,209.68121,0.3986215997013125,0.702539397124358,1.0,0.0,0.0,13.799988930389441
NW150_FL370,2022-03-01 02:08:00.000000000,9.036534808025143,54.845514550963514,11277.6,21662.374173827782,209.68596,0.40280229580637983,0.70988951686907,1.0,0.0,0.0,13.799987265057572
NW150_FL370,2022-03-01 02:09:00.000000000,9.243881911202225,54.87959054542058,11277.6,21662.374173827782,209.6917,0.4095410972133596,0.721740154540433,1.0,0.0,0.0,13.799985582857834
NW150_FL370,2022-03-01 02:10:00.000000000,9.451605988863491,54.91325573785914,11277.6,21662.374173827782,209.7063,0.41432732879685585,0.7301103954632266,1.0,0.0,0.0,13.799983898464221
NW150_FL370,2022-03-01 02:11:00.000000000,9.659695960945642,54.94652468050605,11277.6,21662.374173827782,209.73811,0.418451268040119,0.7372311446446571,1.0,0.0,0.0,13.799982226394873
NW150_FL370,2022-03-01 02:12:00.000000000,9.868141026157087,54.97941199871997,11277.6,21662.374173827782,209.77122,0.42109089718736903,0.7417344462264653,1.0,0.0,0.0,8.717907553283178
NW150_FL370,2022-03-01 02:12:37.904240283,10.0,55.0,11277.6,21662.374173827782,209.78737,0.42205534338526624,0.7433589987522626,1.0,0.0,0.0,0.0
NW300_FL370,2022-03-01 00:00:00.000000000,-10.000000000000002,45.00000000000001,11277.6,21662.374173827782,213.05789,0.37161490950525816,0.6412042996438473,1.0,0.0,0.0,13.800034843118594
NW300_FL370,2022-03-01 00:01:00.000000000,-9.948323151402047,45.11861698721326,11277.6,21662.374173827782,213.1602,0.356412943504597,0.6145662498477332,1.0,0.0,0.0,13.800006665435859
NW300_FL370,2022-03-01 00:02:00.000000000,-9.896402137726424,45.2372040256995,11277.6,21662.374173827782,213.23853,0.3446753080101434,0.5940254325319078,1.0,0.0,0.0,13.799977763173437
NW300_FL370,2022-03-01 00:03:00.000000000,-9.844205048187119,45.355754336568715,11277.6,21662.374173827782,213.3009,0.33523860741499817,0.5775280970961667,1.0,0.0,0.0,13.800003201880159
NW300_FL370,2022-03-01 00:04:00.000000000,-9.79169221545635,45.47425993803365,11277.6,21662.374173827782,213.3602,0.3265327107020609,0.562311870132955,1.0,0.0,0.0,13.800019831035982
NW300_FL370,2022-03-01 00:05:00.000000000,-9.73883020753365,45.592713564836444,11277.6,21662.374173827782,213.44081,0.3152630278475574,0.542619602081626,1.0,0.0,0.0,13.799990542186567
NW300_FL370,2022-03-01 00:06:00.000000000,-9.68559173693477,45.711108893423734,11277.6,21662.374173827782,213.52922,0.3029739515273772,0.5211672680415522,1.0,0.0,0.0,13.799966575556896
NW300_FL370,2022-03-01 00:07:00.000000000,-9.631942676019541,45.82943851868831,11277.6,21662.374173827782,213.62442,0.28956152132413215,0.49778543355586796,1.0,0.0,0.0,13.800034470564826
NW300_FL370,2022-03-01 00:08:00.000000000,-9.577832641962,45.94769216492699,11277.6,21662.374173827782,213.72215,0.27579878135698904,0.4738227033823377,1.0,0.0,0.0,13.800004853679956
NW300_FL370,2022-03-01 00:09:00.000000000,-9.523242741476356,46.0658646319852,11277.6,21662.374173827782,213.81442,0.2622234299245629,0.4502274692787603,1.0,0.0,0.0,13.799975174589125
NW300_FL370,2022-03-01 00:10:00.000000000,-9.468138670649463,46.1839481275579,11277.6,21662.374173827782,213.89801,0.2484311792826748,0.4263123930322733,1.0,0.0,0.0,13.799996337513656
NW300_FL370,2022-03-01 00:11:00.000000000,-9.412475134560134,46.30193273606196,11277.6,21662.374173827782,213.9922,0.23474444604276673,0.40257519984630863,1.0,0.0,0.0,13.80002177829723
NW300_FL370,2022-03-01 00:12:00.000000000,-9.356214232217248,46.41980959140651,11277.6,21662.374173827782,214.09973,0.22132360510756846,0.37929070166159123,1.0,0.0,0.0,13.799991978487872
NW300_FL370,2022-03-01 00:13:00.000000000,-9.299331078055891,46.53757207105862,11277.6,21662.374173827782,214.21742,0.20834309838253967,0.3567680475340862,1.0,0.0,0.0,13.79996288903523
NW300_FL370,2022-03-01 00:14:00.000000000,-9.2417896335749,46.65521139046437,11277.6,21662.374173827782,214.37444,0.19453952644393607,0.3327842586182623,1.0,0.0,0.0,13.800017586397669
NW300_FL370,2022-03-01 00:15:00.000000000,-9.183533336757865,46.77271458254579,11277.6,21662.374173827782,214.54549,0.18120607845582146,0.3096229474517766,1.0,0.0,0.0,13.800012642606154
NW300_FL370,2022-03-01 00:16:00.000000000,-9.124537269676559,46.8900744241367,11277.6,21662.374173827782,214.74727,0.1694435914059654,0.2891349632695345,1.0,0.0,0.0,13.799983478538548
NW300_FL370,2022-03-01 00:17:00.000000000,-9.06476959695927,47.00728223711839,11277.6,21662.374173827782,214.93997,0.158351373797503,0.26985815066653257,1.0,0.0,0.0,13.799955874461615
NW300_FL370,2022-03-01 00:18:00.000000000,-9.004192371172094,47.124327917170994,11277.6,21662.374173827782,215.12367,0.15021930204840162,0.25568404854001797,1.0,0.0,0.0,13.800022795812414
NW300_FL370,2022-03-01 00:19:00.000000000,-8.942742331284771,47.241195837621795,11277.6,21662.374173827782,215.31496,0.14163499845759156,0.24076150405376184,1.0,0.0,0.0,13.80000943014113
NW300_FL370,2022-03-01 00:20:00.000000000,-8.880399361758288,47.35787881023055,11277.6,21662.374173827782,215.45712,0.13663593620393566,0.23203961098736972,1.0,0.0,0.0,13.79998144097103
NW300_FL370,2022-03-01 00:21:00.000000000,-8.81712804662872,47.47436632203423,11277.6,21662.374173827782,215.60878,0.13080721489258318,0.22191257001298728,1.0,0.0,0.0,13.799955751288898
NW300_FL370,2022-03-01 00:22:00.000000000,-8.752888484884062,47.59064660231162,11277.6,21662.374173827782,215.74887,0.1262005424681495,0.21389265502835741,1.0,0.0,0.0,13.79999974357544
NW300_FL370,2022-03-01 00:23:00.000000000,-8.687621184744504,47.70670318021615,11277.6,21662.374173827782,215.87929,0.12183702868400183,0.2063133008569896,1.0,0.0,0.0,13.800014603485252
NW300_FL370,2022-03-01 00:24:00.000000000,-8.6212916133352,47.822524520353284,11277.6,21662.374173827782,215.98727,0.11838197615562386,0.20031462865619593,1.0,0.0,0.0,13.799987752859257
NW300_FL370,2022-03-01 00:25:00.000000000,-8.553869741791866,47.93809981100981,11277.6,21662.374173827782,216.08554,0.11532916069093756,0.19501719394784717,1.0,0.0,0.0,13.79996366704769
NW300_FL370,2022-03-01 00:26:00.000000000,-8.485313856181833,48.05341525950304,11277.6,21662.374173827782,216.16512,0.1126026498651284,0.1903021376234092,1.0,0.0,0.0,13.799942842235483
NW300_FL370,2022-03-01 00:27:00.000000000,-8.415581801578655,48.16845651097662,11277.6,21662.374173827782,216.21622,0.11073879844456373,0.1870865062862974,1.0,0.0,0.0,13.800016914087612
NW300_FL370,2022-03-01 00:28:00.000000000,-8.344603841813232,48.28320205518647,11277.6,21662.374173827782,216.25134,0.10942276626283752,0.1848181679597006,1.0,0.0,0.0,13.800004972425114
NW300_FL370,2022-03-01 00:29:00.000000000,-8.272359617391693,48.397641532390416,11277.6,21662.374173827782,216.25708,0.10886256346460096,0.1838650083797297,1.0,0.0,0.0,13.799981440007572
NW300_FL370,2022-03-01 00:30:00.000000000,-8.198809767667017,48.511759680983936,11277.6,21662.374173827782,216.25667,0.10855806953894012,0.18335094961929216,1.0,0.0,0.0,13.799961128930406
NW300_FL370,2022-03-01 00:31:00.000000000,-8.123910851857396,48.62553969747014,11277.6,21662.374173827782,216.23546,0.10931598454213882,0.18465825262283644,1.0,0.0,0.0,13.79994434951923
NW300_FL370,2022-03-01 00:32:00.000000000,-8.047619175060253,48.73896411389615,11277.6,21662.374173827782,216.22609,0.11059026253751908,0.1868229319424291,1.0,0.0,0.0,13.799949522704459
NW300_FL370,2022-03-01 00:33:00.000000000,-7.969885434552368,48.85201334557368,11277.6,21662.374173827782,216.21649,0.10945773917136906,0.18492167730164752,1.0,0.0,0.0,13.800014181102688
NW300_FL370,2022-03-01 00:34:00.000000000,-7.890648069563789,48.96466371012504,11277.6,21662.374173827782,216.21886,0.10744133848675658,0.18151236915288974,1.0,0.0,0.0,13.799992650903825
NW300_FL370,2022-03-01 00:35:00.000000000,-7.809886021383044,49.076901625594274,11277.6,21662.374173827782,216.2351,0.10567961453281112,0.17851606928153196,1.0,0.0,0.0,13.799974108707389
NW300_FL370,2022-03-01 00:36:00.000000000,-7.727555347093408,49.1887068387166,11277.6,21662.374173827782,216.26067,0.10408037152277184,0.1757833821216682,1.0,0.0,0.0,13.799958655833514
NW300_FL370,2022-03-01 00:37:00.000000000,-7.643612181951804,49.30005836390617,11277.6,21662.374173827782,216.31956,0.10244240540914964,0.17294680240541888,1.0,0.0,0.0,13.799946336900428
NW300_FL370,2022-03-01 00:38:00.000000000,-7.558012825338964,49.41093447592809,11277.6,21662.374173827782,216.40863,0.10045733041909652,0.1694911467205418,1.0,0.0,0.0,13.799937139245799
NW300_FL370,2022-03-01 00:39:00.000000000,-7.470713833585899,49.52131270557739,11277.6,21662.374173827782,216.50505,0.0983564365195578,0.1658357738761894,1.0,0.0,0.0,13.799930993467326
NW300_FL370,2022-03-01 00:40:00.000000000,-7.381672119623329,49.63116983869982,11277.6,21662.374173827782,216.63348,0.09543805503781871,0.16077193101906118,1.0,0.0,0.0,13.799935080408797
NW300_FL370,2022-03-01 00:41:00.000000000,-7.290842991180416,49.740481273968314,11277.6,21662.374173827782,216.77716,0.09268900299119225,0.15598471300015257,1.0,0.0,0.0,13.79999350665374
NW300_FL370,2022-03-01 00:42:00.000000000,-7.198169519410879,49.84921753340485,11277.6,21662.374173827782,216.90443,0.08984091168858338,0.15105746329179023,1.0,0.0,0.0,13.799978927303988
NW300_FL370,2022-03-01 00:43:00.000000000,-7.103628498314238,49.95735875096998,11277.6,21662.374173827782,217.03737,0.08702562529878416,0.14618774020088604,1.0,0.0,0.0,13.799966433137888
NW300_FL370,2022-03-01 00:44:00.000000000,-7.0071795140932345,50.06487885572919,11277.6,21662.374173827782,217.15457,0.08459896790686056,0.14199441850790395,1.0,0.0,0.0,13.79995586908043
NW300_FL370,2022-03-01 00:45:00.000000000,-6.9087830925656055,50.171751090152405,11277.6,21662.374173827782,217.23053,0.0825835283350647,0.13853791049264755,1.0,0.0,0.0,13.799947052381834
NW300_FL370,2022-03-01 00:46:00.000000000,-6.808400832996052,50.27794803570585,11277.6,21662.374173827782,217.28867,0.08085503971607802,0.13558267995453935,1.0,0.0,0.0,13.799939778560672
NW300_FL370,2022-03-01 00:47:00.000000000,-6.705995546066805,50.38344164394248,11277.6,21662.374173827782,217.29684,0.07964253762620484,0.13354179538543715,1.0,0.0,0.0,13.799933827852389
NW300_FL370,2022-03-01 00:48:00.000000000,-6.601531395219343,50.48820327332102,11277.6,21662.374173827782,217.28947,0.07864339904106803,0.13187323070247,1.0,0.0,0.0,13.799928972027583
NW300_FL370,2022-03-01 00:49:00.000000000,-6.494974040497284,50.592203731941304,11277.6,21662.374173827782,217.26595,0.07803371835097951,0.13087282825287672,1.0,0.0,0.0,13.799924981403041
NW300_FL370,2022-03-01 00:50:00.000000000,-6.386290783920157,50.69541332633463,11277.6,21662.374173827782,217.23045,0.07759699022942743,0.13017275945922746,1.0,0.0,0.0,13.799921631877607
NW300_FL370,2022-03-01 00:51:00.000000000,-6.2754507153220995,50.797801916390625,11277.6,21662.374173827782,217.21255,0.07709040083089247,0.12933900887402014,1.0,0.0,0.0,13.799918711778243
NW300_FL370,2022-03-01 00:52:00.000000000,-6.162424857501622,50.89933897643868,11277.6,21662.374173827782,217.20482,0.07675700717739611,0.12878690788888514,1.0,0.0,0.0,13.799916028361567
NW300_FL370,2022-03-01 00:53:00.000000000,-6.0471863094495175,50.99999366243146,11277.6,21662.374173827782,217.19633,0.07640390319937476,0.12820195307672025,1.0,0.0,0.0,13.799913413752241
NW300_FL370,2022-03-01 00:54:00.000000000,-5.929710386355748,51.099734885102215,11277.6,21662.374173827782,217.23444,0.07571840187159351,0.1270177841887927,1.0,0.0,0.0,13.799910730138198
NW300_FL370,2022-03-01 00:55:00.000000000,-5.8099747550443395,51.19853138888636,11277.6,21662.374173827782,217.2732,0.07495305669126869,0.1256995088362937,1.0,0.0,0.0,13.799907874076975
NW300_FL370,2022-03-01 00:56:00.000000000,-5.687959563450105,51.296351836313654,11277.6,21662.374173827782,217.3222,0.07412377784078612,0.12426583734066018,1.0,0.0,0.0,13.79990477972228
NW300_FL370,2022-03-01 00:57:00.000000000,-5.56364756273571,51.39316489749046,11277.6,21662.374173827782,217.39226,0.07318445307745056,0.12263074776543535,1.0,0.0,0.0,13.799901420893251
NW300_FL370,2022-03-01 00:58:00.000000000,-5.4370242206528845,51.48893934420452,11277.6,21662.374173827782,217.46346,0.07233784270663869,0.12115112326305214,1.0,0.0,0.0,13.799897811846515
NW300_FL370,2022-03-01 00:59:00.000000000,-5.308077824779514,51.583644148098536,11277.6,21662.374173827782,217.53279,0.07172273039351734,0.12006193163557166,1.0,0.0,0.0,13.799894006728076
NW300_FL370,2022-03-01 01:00:00.000000000,-5.176799574316013,51.67724858227623,11277.6,21662.374173827782,217.62808,0.07091080232202403,0.11862227981818428,1.0,0.0,0.0,13.799890097668875
NW300_FL370,2022-03-01 01:01:00.000000000,-5.043183659200432,51.76972232562682,11277.6,21662.374173827782,217.72597,0.07013918938136914,0.1172500424849444,1.0,0.0,0.0,13.799886211544619
NW300_FL370,2022-03-01 01:02:00.000000000,-4.907227325401263,51.8610355690834,11277.6,21662.374173827782,217.80733,0.06940623407404994,0.1159579034502979,1.0,0.0,0.0,13.799882505488926
NW300_FL370,2022-03-01 01:03:00.000000000,-4.768930925370678,51.95115912296934,11277.6,21662.374173827782,217.89493,0.06861174626109967,0.11455875459866141,1.0,0.0,0.0,13.799879161238978
NW300_FL370,2022-03-01 01:04:00.000000000,-4.628297952786058,52.04006452453659,11277.6,21662.374173827782,217.97986,0.06780799351091084,0.11314824945509723,1.0,0.0,0.0,13.79987637850337
NW300_FL370,2022-03-01 01:05:00.000000000,-4.485335060872928,52.127724144762055,11277.6,21662.374173827782,218.04343,0.06717581248805911,0.11204255151355953,1.0,0.0,0.0,13.799874367506506
NW300_FL370,2022-03-01 01:06:00.000000000,-4.340052063785224,52.214111293444496,11277.6,21662.374173827782,218.08179,0.06694008866709994,0.11161867812861062,1.0,0.0,0.0,13.799875260345667
NW300_FL370,2022-03-01 01:07:00.000000000,-4.192461576710146,52.299200123019176,11277.6,21662.374173827782,218.09418,0.06689264667926433,0.11152975828421936,1.0,0.0,0.0,13.799958362399373
NW300_FL370,2022-03-01 01:08:00.000000000,-4.042565505808821,52.382957721133714,11277.6,21662.374173827782,218.08142,0.06709375946336096,0.111875062251822,1.0,0.0,0.0,13.79994634307932
NW300_FL370,2022-03-01 01:09:00.000000000,-3.8903976137133776,52.4653690353782,11277.6,21662.374173827782,218.07878,0.06736465814657717,0.11232905253145137,1.0,0.0,0.0,13.799934758524605
NW300_FL370,2022-03-01 01:10:00.000000000,-3.7359801900362437,52.5464122011229,11277.6,21662.374173827782,218.07286,0.06761714618384974,0.11275486985934915,1.0,0.0,0.0,13.799923893437573
NW300_FL370,2022-03-01 01:11:00.000000000,-3.5793384277428935,52.62606676530347,11277.6,21662.374173827782,218.07455,0.06769187653967862,0.11287805033937773,1.0,0.0,0.0,13.799914005702364
NW300_FL370,2022-03-01 01:12:00.000000000,-3.420500321548006,52.70431376094036,11277.6,21662.374173827782,218.10486,0.06751545841532347,0.11255918429953136,1.0,0.0,0.0,13.799905318758915
NW300_FL370,2022-03-01 01:13:00.000000000,-3.2594965516209413,52.78113577383572,11277.6,21662.374173827782,218.15758,0.06706010922392229,0.11175808995058345,1.0,0.0,0.0,13.799898015093248
NW300_FL370,2022-03-01 01:14:00.000000000,-3.0963603537213,52.85651700087687,11277.6,21662.374173827782,218.1834,0.06695083758431784,0.11155536806683893,1.0,0.0,0.0,13.799892231080968
NW300_FL370,2022-03-01 01:15:00.000000000,-2.93112737703906,52.93044329948208,11277.6,21662.374173827782,218.20268,0.06694860616533738,0.11153603313534262,1.0,0.0,0.0,13.79988805331851
NW300_FL370,2022-03-01 01:16:00.000000000,-2.7638355311439367,53.00290222783783,11277.6,21662.374173827782,218.21353,0.06709969647237769,0.11177912128270158,1.0,0.0,0.0,13.799885516550193
NW300_FL370,2022-03-01 01:17:00.000000000,-2.594524823554262,53.07388307569488,11277.6,21662.374173827782,218.16869,0.0677564824027931,0.11290959854832121,1.0,0.0,0.0,13.799884603266875
NW300_FL370,2022-03-01 01:18:00.000000000,-2.4232371895126836,53.14337688560977,11277.6,21662.374173827782,218.11537,0.06855594150688521,0.11428540247541459,1.0,0.0,0.0,13.799885244947372
NW300_FL370,2022-03-01 01:19:00.000000000,-2.250016315606625,53.21137646463753,11277.6,21662.374173827782,218.05434,0.06950737123026443,0.1159223790956042,1.0,0.0,0.0,13.799887324900999
NW300_FL370,2022-03-01 01:20:00.000000000,-2.0749074588928185,53.277876386596866,11277.6,21662.374173827782,217.97519,0.0704741616006259,0.11760123799229734,1.0,0.0,0.0,13.799890682600761
NW300_FL370,2022-03-01 01:21:00.000000000,-1.8979572631798203,53.34287298513899,11277.6,21662.374173827782,217.91135,0.07123595434972724,0.1189264362580472,1.0,0.0,0.0,13.799895119344866
NW300_FL370,2022-03-01 01:22:00.000000000,-1.719213574090673,53.406364337953896,11277.6,21662.374173827782,217.86145,0.07189297528655285,0.12006612911914764,1.0,0.0,0.0,13.799900405062836
NW300_FL370,2022-03-01 01:23:00.000000000,-1.538725254472115,53.46835024254097,11277.6,21662.374173827782,217.85556,0.07220395545307282,0.12059042307672382,1.0,0.0,0.0,13.79990628602072
NW300_FL370,2022-03-01 01:24:00.000000000,-1.356542001638573,53.52883218405242,11277.6,21662.374173827782,217.84084,0.07269438314190693,0.12142252639396953,1.0,0.0,0.0,13.79991249319038
NW300_FL370,2022-03-01 01:25:00.000000000,-1.172714167843412,53.58781329578929,11277.6,21662.374173827782,217.79579,0.07349775635978137,0.12280382253106664,1.0,0.0,0.0,13.799918750991056
NW300_FL370,2022-03-01 01:26:00.000000000,-0.9872925852565602,53.64529831298643,11277.6,21662.374173827782,217.71855,0.07477615667183046,0.12500842454197583,1.0,0.0,0.0,13.799924786167315
NW300_FL370,2022-03-01 01:27:00.000000000,-0.800328396603329,53.7012935205683,11277.6,21662.374173827782,217.60791,0.07646628769146518,0.12793452144656062,1.0,0.0,0.0,13.79993033648061
NW300_FL370,2022-03-01 01:28:00.000000000,-0.6118728924847379,53.75580669558846,11277.6,21662.374173827782,217.48941,0.07837351972965409,0.1312354400777851,1.0,0.0,0.0,13.799935159022626
NW300_FL370,2022-03-01 01:29:00.000000000,-0.42197735625945404,53.80884704508488,11277.6,21662.374173827782,217.32657,0.08062793259974327,0.13516558487358202,1.0,0.0,0.0,13.799939037850189
NW300_FL370,2022-03-01 01:30:00.000000000,-0.23069291722504956,53.86042514008997,11277.6,21662.374173827782,217.14357,0.0832553481916565,0.13975020978639685,1.0,0.0,0.0,13.79994179078318
NW300_FL370,2022-03-01 01:31:00.000000000,-0.03807041269302599,53.910552846529505,11277.6,21662.374173827782,216.96324,0.08611426490210675,0.14473204545915846,1.0,0.0,0.0,13.799943275155096
NW300_FL370,2022-03-01 01:32:00.000000000,0.1558397405871601,53.95924325373014,11277.6,21662.374173827782,216.70554,0.0897638197100494,0.15113742122799176,1.0,0.0,0.0,13.799943392385876
NW300_FL370,2022-03-01 01:33:00.000000000,0.35098766533486897,54.00651060123104,11277.6,21662.374173827782,216.43544,0.0937991135257615,0.15822787623748874,1.0,0.0,0.0,13.799942091276058
NW300_FL370,2022-03-01 01:34:00.000000000,0.5473241327828376,54.05237020456364,11277.6,21662.374173827782,216.16136,0.0982277257699191,0.16601259577617766,1.0,0.0,0.0,13.799939369947783
NW300_FL370,2022-03-01 01:35:00.000000000,0.7448006617853401,54.09683838062501,11277.6,21662.374173827782,215.88249,0.10290663840784263,0.17425366974713608,1.0,0.0,0.0,13.79993527641069
NW300_FL370,2022-03-01 01:36:00.000000000,0.943369608024376,54.139932373227055,11277.6,21662.374173827782,215.60794,0.10899210916916129,0.18490429255505977,1.0,0.0,0.0,13.799929907760507
NW300_FL370,2022-03-01 01:37:00.000000000,1.142984243446075,54.18167027935618,11277.6,21662.374173827782,215.35402,0.11489018973504887,0.1952468387343373,1.0,0.0,0.0,13.799923408062723
NW300_FL370,2022-03-01 01:38:00.000000000,1.3435988261461758,54.22207097662803,11277.6,21662.374173827782,215.1055,0.12162334753251171,0.2070364504575281,1.0,0.0,0.0,13.799915964977409
NW300_FL370,2022-03-01 01:39:00.000000000,1.545168660997899,54.26115405237014,11277.6,21662.374173827782,214.85439,0.12980449740207825,0.22133676032106822,1.0,0.0,0.0,13.799907805259913
NW300_FL370,2022-03-01 01:40:00.000000000,1.7476501513793214,54.298939734713336,11277.6,21662.374173827782,214.59583,0.13922950618085772,0.2378185562368204,1.0,0.0,0.0,13.799905225618216
NW300_FL370,2022-03-01 01:41:00.000000000,1.951001321706038,54.3354480988425,11277.6,21662.374173827782,214.32185,0.15236879181149846,0.2607365262269431,1.0,0.0,0.0,13.80003550067695
NW300_FL370,2022-03-01 01:42:00.000000000,2.1551912888926434,54.370684072582705,11277.6,21662.374173827782,214.03802,0.16710216604937456,0.28648582430778413,1.0,0.0,0.0,13.80001194060027
NW300_FL370,2022-03-01 01:43:00.000000000,2.3601687814981553,54.404685818447064,11277.6,21662.374173827782,213.7574,0.18368411579516888,0.3154970833577961,1.0,0.0,0.0,13.799988050689471
NW300_FL370,2022-03-01 01:44:00.000000000,2.5658948749977406,54.43747558046449,11277.6,21662.374173827782,213.48024,0.2020978908175215,0.3477542800293567,1.0,0.0,0.0,13.799964294443889
NW300_FL370,2022-03-01 01:45:00.000000000,2.772331890772268,54.46907594249486,11277.6,21662.374173827782,213.21922,0.22206265447298915,0.3827589127709842,1.0,0.0,0.0,13.79994113566568
NW300_FL370,2022-03-01 01:46:00.000000000,2.9794434044374127,54.49950977601977,11277.6,21662.374173827782,213.01834,0.24034868828792996,0.4148164567011732,1.0,0.0,0.0,13.799919029035573
NW300_FL370,2022-03-01 01:47:00.000000000,3.1871942485890172,54.528800191289015,11277.6,21662.374173827782,212.80176,0.2606145073216502,0.4504229055983112,1.0,0.0,0.0,13.799903858262315
NW300_FL370,2022-03-01 01:48:00.000000000,3.395550879759554,54.55696978407656,11277.6,21662.374173827782,212.5933,0.2806425937214555,0.48568687689172835,1.0,0.0,0.0,13.800055039082034
NW300_FL370,2022-03-01 01:49:00.000000000,3.604491615359623,54.58402008165235,11277.6,21662.374173827782,212.39516,0.3006852354485851,0.5210349778124226,1.0,0.0,0.0,13.800015441936033
NW300_FL370,2022-03-01 01:50:00.000000000,3.8139728517228146,54.60999719041869,11277.6,21662.374173827782,212.18599,0.3219308305963506,0.5585945635353454,1.0,0.0,0.0,13.799978645815921
NW300_FL370,2022-03-01 01:51:00.000000000,4.023964354506401,54.63492486350083,11277.6,21662.374173827782,211.94118,0.3463000631776416,0.6018144136122671,1.0,0.0,0.0,13.799945081809751
NW300_FL370,2022-03-01 01:52:00.000000000,4.234437101686992,54.658826899104795,11277.6,21662.374173827782,211.67429,0.37361419039425575,0.650377783436081,1.0,0.0,0.0,13.799915120264668
NW300_FL370,2022-03-01 01:53:00.000000000,4.445363262970964,54.68172711119074,11277.6,21662.374173827782,211.38101,0.39670957026484926,0.691857054302405,1.0,0.0,0.0,13.800015788586125
NW300_FL370,2022-03-01 01:54:00.000000000,4.65672372489985,54.70363128764721,11277.6,21662.374173827782,211.07518,0.4210546917693264,0.735724872840025,1.0,0.0,0.0,13.800026752290783
NW300_FL370,2022-03-01 01:55:00.000000000,4.868487720428609,54.7245739875963,11277.6,21662.374173827782,210.80078,0.4376520228633282,0.7660323582905707,1.0,0.0,0.0,13.799983572061933
NW300_FL370,2022-03-01 01:56:00.000000000,5.080627538644073,54.74458663851475,11277.6,21662.374173827782,210.57855,0.4443032426262479,0.7787460529484139,1.0,0.0,0.0,13.799945817559948
NW300_FL370,2022-03-01 01:57:00.000000000,5.293119881497206,54.763692990803875,11277.6,21662.374173827782,210.40877,0.4450040825385189,0.7807945447794022,1.0,0.0,0.0,13.799938516635832
NW300_FL370,2022-03-01 01:58:00.000000000,5.505943868646182,54.78191294381553,11277.6,21662.374173827782,210.30222,0.4386825976461137,0.7702060036660056,1.0,0.0,0.0,13.800050656767903
NW300_FL370,2022-03-01 01:59:00.000000000,5.719084419011531,54.79925175731836,11277.6,21662.374173827782,210.20714,0.4351330844860878,0.7644214475026457,1.0,0.0,0.0,13.800003204209666
NW300_FL370,2022-03-01 02:00:00.000000000,5.932512825652237,54.81575578710652,11277.6,21662.374173827782,210.12404,0.43545934437974876,0.7653888790743628,1.0,0.0,0.0,13.799962666862402
NW300_FL370,2022-03-01 02:01:00.000000000,6.1462099113233615,54.83144846222197,11277.6,21662.374173827782,210.03001,0.4382503135068392,0.7707358970903142,1.0,0.0,0.0,13.799932359184918
NW300_FL370,2022-03-01 02:02:00.000000000,6.3601576187555455,54.846352522537195,11277.6,21662.374173827782,209.92435,0.44247359655086016,0.7786662661291446,1.0,0.0,0.0,13.800051701259331
NW300_FL370,2022-03-01 02:03:00.000000000,6.574345601833692,54.860467055141825,11277.6,21662.374173827782,209.80898,0.4467984462320863,0.7868335746744267,1.0,0.0,0.0,13.80000554177809
NW300_FL370,2022-03-01 02:04:00.000000000,6.788749289172524,54.87384091232076,11277.6,21662.374173827782,209.68758,0.4493233982015962,0.7918691715231192,1.0,0.0,0.0,13.799967129490193
NW300_FL370,2022-03-01 02:05:00.000000000,7.0033531669792195,54.88649708306962,11277.6,21662.374173827782,209.5722,0.45034293623076216,0.7942198988913939,1.0,0.0,0.0,13.799960623388825
NW300_FL370,2022-03-01 02:06:00.000000000,7.218143656439326,54.89845407593597,11277.6,21662.374173827782,209.52441,0.4463199711156947,0.7873573166383008,1.0,0.0,0.0,13.8000381484042
NW300_FL370,2022-03-01 02:07:00.000000000,7.433110284466571,54.90971982486474,11277.6,21662.374173827782,209.48181,0.44144989333891255,0.778968460254206,1.0,0.0,0.0,13.799997707739267
NW300_FL370,2022-03-01 02:08:00.000000000,7.648234507949747,54.92033751497244,11277.6,21662.374173827782,209.49632,0.43277340988402413,0.7635904433563793,1.0,0.0,0.0,13.799965046205028
NW300_FL370,2022-03-01 02:09:00.000000000,7.863504016276233,54.93032968835278,11277.6,21662.374173827782,209.52849,0.42312759438597825,0.7464235004050626,1.0,0.0,0.0,13.799998359184581
NW300_FL370,2022-03-01 02:10:00.000000000,8.078909613694025,54.93970734956771,11277.6,21662.374173827782,209.5592,0.41415596300562024,0.730462706965527,1.0,0.0,0.0,13.800019524346945
NW300_FL370,2022-03-01 02:11:00.000000000,8.294439602046854,54.94849485749177,11277.6,21662.374173827782,209.5993,0.40586767511605204,0.7156678825107862,1.0,0.0,0.0,13.799987344744515
NW300_FL370,2022-03-01 02:12:00.000000000,8.51008135994762,54.95672549342708,11277.6,21662.374173827782,209.63094,0.3997668883696307,0.7047756180098584,1.0,0.0,0.0,13.799962217577544
NW300_FL370,2022-03-01 02:13:00.000000000,8.725825342473327,54.96442143190606,11277.6,21662.374173827782,209.63527,0.4004036920683515,0.7058767752025858,1.0,0.0,0.0,13.800030591944905
NW300_FL370,2022-03-01 02:14:00.000000000,8.941665815844612,54.97158610280672,11277.6,21662.374173827782,209.65001,0.4012675462248105,0.7073377883485283,1.0,0.0,0.0,13.800003074592663
NW300_FL370,2022-03-01 02:15:00.000000000,9.157590658160426,54.97826150894907,11277.6,21662.374173827782,209.65381,0.4063024033166777,0.7161961497766491,1.0,0.0,0.0,13.799979693093027
NW300_FL370,2022-03-01 02:16:00.000000000,9.373592057318856,54.984470163858454,11277.6,21662.374173827782,209.66151,0.4122798754794912,0.726699016820731,1.0,0.0,0.0,13.799998894018712
NW300_FL370,2022-03-01 02:17:00.000000000,9.58966406355943,54.990225655978996,11277.6,21662.374173827782,209.68349,0.4174695614653883,0.7357487688930073,1.0,0.0,0.0,13.800013114578606
NW300_FL370,2022-03-01 02:18:00.000000000,9.805799607243536,54.995551318891,11277.6,21662.374173827782,209.71706,0.42156710097568006,0.7428176355298126,1.0,0.0,0.0,12.396422411584279
NW300_FL370,2022-03-01 02:18:53.897617080,9.999999999999996,55.0,11277.6,21662.374173827782,209.75085,0.42368818540706,0.7464017837005158,1.0,0.0,0.0,0.0
SE300_FL380,2022-03-01 00:00:00.000000000,-10.000000000000002,45.00000000000001,11582.4,20645.82054068687,215.15063,0.17115926894927438,0.2912719481609145,1.0,0.0,0.0,13.800115027908165
SE300_FL380,2022-03-01 00:01:00.000000000,-9.832634228109365,45.0374989777726,11582.4,20645.82054068687,214.97212,0.17525819508451948,0.2986056528490354,1.0,0.0,0.0,13.800020549916326
SE300_FL380,2022-03-01 00:02:00.000000000,-9.665061957945106,45.074778023133646,11582.4,20645.82054068687,214.81383,0.17802424622187837,0.3036407285687089,1.0,0.0,0.0,13.799927543731021
SE300_FL380,2022-03-01 00:03:00.000000000,-9.497293172355167,45.111857647020635,11582.4,20645.82054068687,214.66443,0.179855352231395,0.3070713075929814,1.0,0.0,0.0,13.800010362739226
SE300_FL380,2022-03-01 00:04:00.000000000,-9.329333869699752,45.148755048499964,11582.4,20645.82054068687,214.53265,0.18337427518957836,0.31335406465077453,1.0,0.0,0.0,13.8000625389665
SE300_FL380,2022-03-01 00:05:00.000000000,-9.161195059406664,45.18549293097829,11582.4,20645.82054068687,214.41417,0.18732904479450962,0.32036447623972997,1.0,0.0,0.0,13.799971646306037
SE300_FL380,2022-03-01 00:06:00.000000000,-8.992889620285059,45.222095268527376,11582.4,20645.82054068687,214.3044,0.19127032367761126,0.327343967296834,1.0,0.0,0.0,13.799899873840282
SE300_FL380,2022-03-01 00:07:00.000000000,-8.824426642306625,45.25858271091628,11582.4,20645.82054068687,214.24577,0.19249236662791372,0.32956304314440626,1.0,0.0,0.0,13.800105239252431
SE300_FL380,2022-03-01 00:08:00.000000000,-8.65581080706178,45.2949740113112,11582.4,20645.82054068687,214.14833,0.1964954857489423,0.33663407473539114,1.0,0.0,0.0,13.80001760658135
SE300_FL380,2022-03-01 00:09:00.000000000,-8.487057177228046,45.3312945416673,11582.4,20645.82054068687,214.03308,0.20185804952035719,0.3460836901306158,1.0,0.0,0.0,13.79993231818943
SE300_FL380,2022-03-01 00:10:00.000000000,-8.31817494269894,45.36756551489382,11582.4,20645.82054068687,213.9158,0.2083071315506582,0.35741738537513723,1.0,0.0,0.0,13.799993838825486
SE300_FL380,2022-03-01 00:11:00.000000000,-8.149171301625014,45.4038082101483,11582.4,20645.82054068687,213.75752,0.21460561590019886,0.3686070020436398,1.0,0.0,0.0,13.80006634186223
SE300_FL380,2022-03-01 00:12:00.000000000,-7.980055881015995,45.44004548033964,11582.4,20645.82054068687,213.57921,0.22088342344759299,0.3798336335325676,1.0,0.0,0.0,13.799985579438726
SE300_FL380,2022-03-01 00:13:00.000000000,-7.81084018030542,45.47629954581915,11582.4,20645.82054068687,213.47058,0.22440018835852937,0.3861547955008922,1.0,0.0,0.0,13.799907812990368
SE300_FL380,2022-03-01 00:14:00.000000000,-7.64153340621131,45.51259224345501,11582.4,20645.82054068687,213.3182,0.22861025911691799,0.3937905543514736,1.0,0.0,0.0,13.80005343805641
SE300_FL380,2022-03-01 00:15:00.000000000,-7.472142889633564,45.54894792999821,11582.4,20645.82054068687,213.15256,0.2332520726277417,0.40221822743111874,1.0,0.0,0.0,13.800042769194542
SE300_FL380,2022-03-01 00:16:00.000000000,-7.30268005570596,45.58538865893594,11582.4,20645.82054068687,213.04616,0.23743539622916107,0.40971402546076846,1.0,0.0,0.0,13.799970371522296
SE300_FL380,2022-03-01 00:17:00.000000000,-7.133155014811902,45.621936316925805,11582.4,20645.82054068687,212.97455,0.24097860194414056,0.4160208209114485,1.0,0.0,0.0,13.799901682232836
SE300_FL380,2022-03-01 00:18:00.000000000,-6.963577350434745,45.65861348889645,11582.4,20645.82054068687,212.91606,0.24436294561562197,0.42202316253284067,1.0,0.0,0.0,13.800065477575464
SE300_FL380,2022-03-01 00:19:00.000000000,-6.793955919788455,45.69544792952469,11582.4,20645.82054068687,212.87257,0.24810988081567015,0.42861459144795183,1.0,0.0,0.0,13.80003693342804
SE300_FL380,2022-03-01 00:20:00.000000000,-6.62430206827496,45.732459891422764,11582.4,20645.82054068687,212.82472,0.25174047281323575,0.4350210416707754,1.0,0.0,0.0,13.799973816594894
SE300_FL380,2022-03-01 00:21:00.000000000,-6.454626108496878,45.76967183596835,11582.4,20645.82054068687,212.7613,0.2564376477426067,0.4433196114722509,1.0,0.0,0.0,13.79991501954183
SE300_FL380,2022-03-01 00:22:00.000000000,-6.284938381864701,45.807107160064675,11582.4,20645.82054068687,212.69113,0.2626919760129284,0.45433709129598554,1.0,0.0,0.0,13.80001310806428
SE300_FL380,2022-03-01 00:23:00.000000000,-6.1152496770827875,45.84479442806904,11582.4,20645.82054068687,212.5566,0.2732720104209514,0.4730433125164592,1.0,0.0,0.0,13.80004905320983
SE300_FL380,2022-03-01 00:24:00.000000000,-5.945571349662257,45.8827565001216,11582.4,20645.82054068687,212.3963,0.28562064037245516,0.49492774145238067,1.0,0.0,0.0,13.799995207272767
SE300_FL380,2022-03-01 00:25:00.000000000,-5.775914582343945,45.92101460539857,11582.4,20645.82054068687,212.22812,0.29844292053597904,0.5177017151940694,1.0,0.0,0.0,13.799946018066104
SE300_FL380,2022-03-01 00:26:00.000000000,-5.606290874535937,45.959592928785845,11582.4,20645.82054068687,212.0462,0.3110217846380497,0.5401458826417728,1.0,0.0,0.0,13.799901826521442
SE300_FL380,2022-03-01 00:27:00.000000000,-5.436712081951,45.99851585627959,11582.4,20645.82054068687,211.85765,0.3237377010532606,0.5629013002514324,1.0,0.0,0.0,13.800049850384529
SE300_FL380,2022-03-01 00:28:00.000000000,-5.267191966322243,46.03781647078147,11582.4,20645.82054068687,211.69559,0.3349289774250088,0.5829573497029231,1.0,0.0,0.0,13.800031588333269
SE300_FL380,2022-03-01 00:29:00.000000000,-5.097742422824589,46.07751300401981,11582.4,20645.82054068687,211.52559,0.34572458731481326,0.6023938060624137,1.0,0.0,0.0,13.799990478669388
SE300_FL380,2022-03-01 00:30:00.000000000,-4.92837633795386,46.11762914151849,11582.4,20645.82054068687,211.35518,0.35567201997328407,0.6203905637633039,1.0,0.0,0.0,13.7999541838252
SE300_FL380,2022-03-01 00:31:00.000000000,-4.759107233713054,46.158189859635726,11582.4,20645.82054068687,211.18759,0.36414469838646607,0.6358366419019043,1.0,0.0,0.0,13.799922890616976
SE300_FL380,2022-03-01 00:32:00.000000000,-4.589949114555786,46.19922026051813,11582.4,20645.82054068687,211.02829,0.3698206312520655,0.6463902228658059,1.0,0.0,0.0,13.799929959565615
SE300_FL380,2022-03-01 00:33:00.000000000,-4.420917005638568,46.24074744997757,11582.4,20645.82054068687,210.92194,0.37106864634284553,0.6489991757425441,1.0,0.0,0.0,13.800043955541087
SE300_FL380,2022-03-01 00:34:00.000000000,-4.252027880874641,46.28280309951133,11582.4,20645.82054068687,210.89215,0.3669341455933132,0.6418874484868499,1.0,0.0,0.0,13.80001263583261
SE300_FL380,2022-03-01 00:35:00.000000000,-4.083295312513981,46.32540456469928,11582.4,20645.82054068687,210.92973,0.35959420306357326,0.6289020717523798,1.0,0.0,0.0,13.79998555573942
SE300_FL380,2022-03-01 00:36:00.000000000,-3.914735435139302,46.3685770941835,11582.4,20645.82054068687,211.00244,0.3509872851026615,0.613569087511893,1.0,0.0,0.0,13.799962706248108
SE300_FL380,2022-03-01 00:37:00.000000000,-3.7463649709978815,46.41234591653959,11582.4,20645.82054068687,211.1125,0.3408277466174666,0.5954017590885151,1.0,0.0,0.0,13.799944029141807
SE300_FL380,2022-03-01 00:38:00.000000000,-3.578201246424688,46.45673620162743,11582.4,20645.82054068687,211.29314,0.3262130837617567,0.5692262923665186,1.0,0.0,0.0,13.799929415534166
SE300_FL380,2022-03-01 00:39:00.000000000,-3.41026220591334,46.50177301855226,11582.4,20645.82054068687,211.45512,0.3133158306081838,0.5461657670908443,1.0,0.0,0.0,13.79991870565744
SE300_FL380,2022-03-01 00:40:00.000000000,-3.2425664234872786,46.54748129024899,11582.4,20645.82054068687,211.60345,0.3012012922534609,0.5245579213807794,1.0,0.0,0.0,13.799922852412047
SE300_FL380,2022-03-01 00:41:00.000000000,-3.0751334306903266,46.59388656047466,11582.4,20645.82054068687,211.68811,0.29364252057185863,0.5111211940181095,1.0,0.0,0.0,13.800008407530912
SE300_FL380,2022-03-01 00:42:00.000000000,-2.907985546322268,46.641019270999685,11582.4,20645.82054068687,211.67642,0.29203463338365454,0.5083605276876662,1.0,0.0,0.0,13.79999152577942
SE300_FL380,2022-03-01 00:43:00.000000000,-2.74114057917694,46.68889649733604,11582.4,20645.82054068687,211.61203,0.29362417357465576,0.5113341618595351,1.0,0.0,0.0,13.799977274791766
SE300_FL380,2022-03-01 00:44:00.000000000,-2.5746196225871447,46.73754198383629,11582.4,20645.82054068687,211.41321,0.3035545299979267,0.5292897632793834,1.0,0.0,0.0,13.799965416219916
SE300_FL380,2022-03-01 00:45:00.000000000,-2.4084444011529893,46.78697905887585,11582.4,20645.82054068687,211.23296,0.3133617976935888,0.5470087027165564,1.0,0.0,0.0,13.799955690405685
SE300_FL380,2022-03-01 00:46:00.000000000,-2.24263725835525,46.83723057208739,11582.4,20645.82054068687,211.08702,0.3221841603182326,0.5629219530965728,1.0,0.0,0.0,13.799947822412035
SE300_FL380,2022-03-01 00:47:00.000000000,-2.077221138921509,46.88831882936984,11582.4,20645.82054068687,210.98259,0.3296558509442367,0.5763521327666952,1.0,0.0,0.0,13.799941528604728
SE300_FL380,2022-03-01 00:48:00.000000000,-1.9122195656143586,46.94026552601405,11582.4,20645.82054068687,211.00462,0.3295685743522316,0.5761189863423481,1.0,0.0,0.0,13.799936523592704
SE300_FL380,2022-03-01 00:49:00.000000000,-1.747656610142675,46.99309167833649,11582.4,20645.82054068687,211.13153,0.3231963009584978,0.5645334844496396,1.0,0.0,0.0,13.799932527317191
SE300_FL380,2022-03-01 00:50:00.000000000,-1.5835568579366146,47.046817554258936,11582.4,20645.82054068687,211.2363,0.3181405655141889,0.5553395066115667,1.0,0.0,0.0,13.799929272076493
SE300_FL380,2022-03-01 00:51:00.000000000,-1.41994536657518,47.10146260331857,11582.4,20645.82054068687,211.32213,0.3143653915996854,0.5484554285057658,1.0,0.0,0.0,13.799926509251202
SE300_FL380,2022-03-01 00:52:00.000000000,-1.2568476177121715,47.15704538663485,11582.4,20645.82054068687,211.34337,0.3143668535046824,0.5483846462822771,1.0,0.0,0.0,13.799924015512413
SE300_FL380,2022-03-01 00:53:00.000000000,-1.0942894624114776,47.21358350739827,11582.4,20645.82054068687,211.21266,0.32243712709955347,0.5629209799978397,1.0,0.0,0.0,13.799921598299676
SE300_FL380,2022-03-01 00:54:00.000000000,-0.9322970598757382,47.27109354247939,11582.4,20645.82054068687,211.0517,0.332351247691616,0.5808126662813478,1.0,0.0,0.0,13.799919100366923
SE300_FL380,2022-03-01 00:55:00.000000000,-0.7708968096326502,47.329590975783,11582.4,20645.82054068687,210.8868,0.3426719448935744,0.5994668628438344,1.0,0.0,0.0,13.799916403229442
SE300_FL380,2022-03-01 00:56:00.000000000,-0.6101152773294826,47.38909013399148,11582.4,20645.82054068687,210.7585,0.3506531068951002,0.613918196387146,1.0,0.0,0.0,13.79991342938298
SE300_FL380,2022-03-01 00:57:00.000000000,-0.4499791143776922,47.44960412535214,11582.4,20645.82054068687,210.67139,0.35650650852144616,0.6245030579874401,1.0,0.0,0.0,13.79991014318596
SE300_FL380,2022-03-01 00:58:00.000000000,-0.2905149717839815,47.51114478216384,11582.4,20645.82054068687,210.6286,0.3607725830158819,0.6321441726720329,1.0,0.0,0.0,13.799906550367
SE300_FL380,2022-03-01 00:59:00.000000000,-0.1317494086006752,47.57372260760951,11582.4,20645.82054068687,210.67055,0.3615370172694047,0.6333189757158416,1.0,0.0,0.0,13.799902696148978
SE300_FL380,2022-03-01 01:00:00.000000000,0.026291204476382772,47.63734672756016,11582.4,20645.82054068687,210.74232,0.3615428667947325,0.6330458011750194,1.0,0.0,0.0,13.799898662049376
SE300_FL380,2022-03-01 01:01:00.000000000,0.1835807857402945,47.702024847945545,11582.4,20645.82054068687,210.8547,0.3631103807619828,0.6353475619538219,1.0,0.0,0.0,13.799894561448786
SE300_FL380,2022-03-01 01:02:00.000000000,0.3400936466257237,47.767763218243296,11582.4,20645.82054068687,210.97429,0.3637917034273653,0.6360647813401478,1.0,0.0,0.0,13.799890534083259
SE300_FL380,2022-03-01 01:03:00.000000000,0.4958045985892688,47.834566601585344,11582.4,20645.82054068687,211.09828,0.36389284611121514,0.6357488383789812,1.0,0.0,0.0,13.799886739660096
SE300_FL380,2022-03-01 01:04:00.000000000,0.6506890618532523,47.90243825191635,11582.4,20645.82054068687,211.1998,0.36431888381907096,0.6360908724572205,1.0,0.0,0.0,13.799883350808148
SE300_FL380,2022-03-01 01:05:00.000000000,0.8047231750871445,47.97137989856527,11582.4,20645.82054068687,211.29648,0.364394389648513,0.6358377284214549,1.0,0.0,0.0,13.799880545640207
SE300_FL380,2022-03-01 01:06:00.000000000,0.9578839050532617,48.04139173850947,11582.4,20645.82054068687,211.37231,0.3653532690008976,0.6372077845622721,1.0,0.0,0.0,13.799880297337754
SE300_FL380,2022-03-01 01:07:00.000000000,1.1101490175689515,48.11247259658721,11582.4,20645.82054068687,211.43983,0.3654837189282209,0.6371647328524002,1.0,0.0,0.0,13.799955765457092
SE300_FL380,2022-03-01 01:08:00.000000000,1.2614916109520389,48.18462623408982,11582.4,20645.82054068687,211.50159,0.3655921556638678,0.6371061773517191,1.0,0.0,0.0,13.799946076537669
SE300_FL380,2022-03-01 01:09:00.000000000,1.4118974565169005,48.25784150407756,11582.4,20645.82054068687,211.57474,0.36076250787351005,0.6284004058993642,1.0,0.0,0.0,13.799936769163452
SE300_FL380,2022-03-01 01:10:00.000000000,1.5613479605795775,48.33211247748483,11582.4,20645.82054068687,211.63698,0.3557725005106914,0.6194677796918866,1.0,0.0,0.0,13.799928078960882
SE300_FL380,2022-03-01 01:11:00.000000000,1.7098258754552036,48.40743177483138,11582.4,20645.82054068687,211.69682,0.35110874848973544,0.6111159928250756,1.0,0.0,0.0,13.799920213907653
SE300_FL380,2022-03-01 01:12:00.000000000,1.8573153869251047,48.48379060616857,11582.4,20645.82054068687,211.76099,0.34664491230592936,0.6031007400363237,1.0,0.0,0.0,13.799913349084349
SE300_FL380,2022-03-01 01:13:00.000000000,2.00380219478423,48.561178817972646,11582.4,20645.82054068687,211.81961,0.34259099904491536,0.5958278578435158,1.0,0.0,0.0,13.799907622724088
SE300_FL380,2022-03-01 01:14:00.000000000,2.1492735857235448,48.63958494650445,11582.4,20645.82054068687,211.80608,0.3385962658184816,0.588930287060069,1.0,0.0,0.0,13.79990313363142
SE300_FL380,2022-03-01 01:15:00.000000000,2.2937184979011707,48.71899627708127,11582.4,20645.82054068687,211.80286,0.33513038015024993,0.5829131330254447,1.0,0.0,0.0,13.799899939990695
SE300_FL380,2022-03-01 01:16:00.000000000,2.437127576666514,48.79939890864313,11582.4,20645.82054068687,211.7787,0.3331600422542284,0.5795744252049403,1.0,0.0,0.0,13.799898059510873
SE300_FL380,2022-03-01 01:17:00.000000000,2.57949322101926,48.88077782294388,11582.4,20645.82054068687,211.72263,0.33328598295699996,0.5799986208958432,1.0,0.0,0.0,13.799897470818289
SE300_FL380,2022-03-01 01:18:00.000000000,2.7208096205090637,48.96311695765744,11582.4,20645.82054068687,211.62737,0.3359205604749263,0.584936714026328,1.0,0.0,0.0,13.799898115948379
SE300_FL380,2022-03-01 01:19:00.000000000,2.8610727824072804,49.04639928266274,11582.4,20645.82054068687,211.51118,0.3393472589532636,0.5913337690264788,1.0,0.0,0.0,13.799899903772648
SE300_FL380,2022-03-01 01:20:00.000000000,3.0002805491083504,49.13060687875635,11582.4,20645.82054068687,211.40823,0.3422298039465935,0.5967437461368629,1.0,0.0,0.0,13.799902714140295
SE300_FL380,2022-03-01 01:21:00.000000000,3.1384326058413183,49.21572101804042,11582.4,20645.82054068687,211.28113,0.3464126968571464,0.6045189070810167,1.0,0.0,0.0,13.799906402511214
SE300_FL380,2022-03-01 01:22:00.000000000,3.275530478889779,49.30172224524366,11582.4,20645.82054068687,211.18597,0.34946696031410873,0.6102130406492059,1.0,0.0,0.0,13.799910804862314
SE300_FL380,2022-03-01 01:23:00.000000000,3.411577524628558,49.38859045925548,11582.4,20645.82054068687,211.08755,0.3504493153417882,0.6123038181477757,1.0,0.0,0.0,13.799915742621737
SE300_FL380,2022-03-01 01:24:00.000000000,3.546578909786857,49.47630499418438,11582.4,20645.82054068687,210.98177,0.3519049950913523,0.615254764208855,1.0,0.0,0.0,13.799921027431493
SE300_FL380,2022-03-01 01:25:00.000000000,3.6805415834364057,49.56484469929377,11582.4,20645.82054068687,210.85545,0.35551830896667835,0.6220598693191093,1.0,0.0,0.0,13.799926465539238
SE300_FL380,2022-03-01 01:26:00.000000000,3.813474241281341,49.65418801721622,11582.4,20645.82054068687,210.74478,0.3576795642576099,0.6262721642892027,1.0,0.0,0.0,13.799931861647412
SE300_FL380,2022-03-01 01:27:00.000000000,3.945387282890515,49.74431305990206,11582.4,20645.82054068687,210.64197,0.3581238524745697,0.6274503192958967,1.0,0.0,0.0,13.799937022113916
SE300_FL380,2022-03-01 01:28:00.000000000,4.076292762563807,49.83519768181777,11582.4,20645.82054068687,210.51976,0.3609144042774531,0.6328179080304611,1.0,0.0,0.0,13.799941757380292
SE300_FL380,2022-03-01 01:29:00.000000000,4.206204334561293,49.92681954997152,11582.4,20645.82054068687,210.40091,0.36419909466020844,0.639046557795325,1.0,0.0,0.0,13.799945883601017
SE300_FL380,2022-03-01 01:30:00.000000000,4.335137193447722,50.01915621040786,11582.4,20645.82054068687,210.32082,0.36587440480667216,0.6423026732227446,1.0,0.0,0.0,13.799949223437263
SE300_FL380,2022-03-01 01:31:00.000000000,4.463108010316069,50.1121851508771,11582.4,20645.82054068687,210.22029,0.3675308011122733,0.6456096125059738,1.0,0.0,0.0,13.79995160605297
SE300_FL380,2022-03-01 01:32:00.000000000,4.590134865652553,50.20588385944899,11582.4,20645.82054068687,210.16724,0.36710050188143534,0.6450640283798702,1.0,0.0,0.0,13.799952866356099
SE300_FL380,2022-03-01 01:33:00.000000000,4.716237179594008,50.300229878900765,11582.4,20645.82054068687,210.13655,0.3653412066597572,0.6420939332844078,1.0,0.0,0.0,13.799952843577072
SE300_FL380,2022-03-01 01:34:00.000000000,4.841435640306324,50.39520085676857,11582.4,20645.82054068687,210.08954,0.36252390209085106,0.6373263203269545,1.0,0.0,0.0,13.799951379286926
SE300_FL380,2022-03-01 01:35:00.000000000,4.965752131182763,50.49077459100485,11582.4,20645.82054068687,210.03004,0.35924129996850007,0.6317868852876377,1.0,0.0,0.0,13.799948314979101
SE300_FL380,2022-03-01 01:36:00.000000000,5.08920965752353,50.58692907123493,11582.4,20645.82054068687,210.07062,0.35384281789205746,0.6221387342996517,1.0,0.0,0.0,13.7999434893709
SE300_FL380,2022-03-01 01:37:00.000000000,5.211832273314692,50.683642515650746,11582.4,20645.82054068687,210.1037,0.3488361577841968,0.6132096942189595,1.0,0.0,0.0,13.799936735540259
SE300_FL380,2022-03-01 01:38:00.000000000,5.333645008677116,50.78089340361986,11582.4,20645.82054068687,210.12552,0.34496516639319785,0.6063239904836207,1.0,0.0,0.0,13.79992787807843
SE300_FL380,2022-03-01 01:39:00.000000000,5.454673798505399,50.87866050412251,11582.4,20645.82054068687,210.14519,0.3416139924501476,0.6003622320551081,1.0,0.0,0.0,13.799916730378694
SE300_FL380,2022-03-01 01:40:00.000000000,5.574945412764155,50.97692290015904,11582.4,20645.82054068687,210.17136,0.3399196314189653,0.5972873095865933,1.0,0.0,0.0,13.799909146879337
SE300_FL380,2022-03-01 01:41:00.000000000,5.69448698268002,51.07566027243519,11582.4,20645.82054068687,210.21033,0.3388134149521076,0.5952020437071247,1.0,0.0,0.0,13.800036502008268
SE300_FL380,2022-03-01 01:42:00.000000000,5.813317860079042,51.17485813030892,11582.4,20645.82054068687,210.23563,0.33854189026625187,0.594631261638084,1.0,0.0,0.0,13.800019343694286
SE300_FL380,2022-03-01 01:43:00.000000000,5.931476383526231,51.274490485820074,11582.4,20645.82054068687,210.26414,0.33892208889742254,0.5951954627263278,1.0,0.0,0.0,13.799999557176893
SE300_FL380,2022-03-01 01:44:00.000000000,6.048992146742065,51.37453779717241,11582.4,20645.82054068687,210.27812,0.3399145356436485,0.5968851033499204,1.0,0.0,0.0,13.799976952886416
SE300_FL380,2022-03-01 01:45:00.000000000,6.16589527157801,51.47498090580639,11582.4,20645.82054068687,210.28122,0.3417163160579739,0.6000397780279271,1.0,0.0,0.0,13.799951314976644
SE300_FL380,2022-03-01 01:46:00.000000000,6.282216354420901,51.575801040761654,11582.4,20645.82054068687,210.28452,0.34269939172622654,0.6017539076441226,1.0,0.0,0.0,13.799922401731491
SE300_FL380,2022-03-01 01:47:00.000000000,6.397986416102225,51.67697982039795,11582.4,20645.82054068687,210.27109,0.3441119595494292,0.6042837004095877,1.0,0.0,0.0,13.799896422178843
SE300_FL380,2022-03-01 01:48:00.000000000,6.513236540852692,51.77849945999789,11582.4,20645.82054068687,210.24532,0.3459272601676351,0.6075672603435583,1.0,0.0,0.0,13.800070683038491
SE300_FL380,2022-03-01 01:49:00.000000000,6.627989237000202,51.88034855874178,11582.4,20645.82054068687,210.23062,0.3471198416581718,0.6097164741880959,1.0,0.0,0.0,13.800033136164926
SE300_FL380,2022-03-01 01:50:00.000000000,6.7422871098143675,51.982503017475295,11582.4,20645.82054068687,210.2015,0.3489620941446957,0.6130616282362777,1.0,0.0,0.0,13.79999217680041
SE300_FL380,2022-03-01 01:51:00.000000000,6.85616260126879,52.08494594286698,11582.4,20645.82054068687,210.15732,0.35157762353735444,0.6178265221288459,1.0,0.0,0.0,13.799947488517821
SE300_FL380,2022-03-01 01:52:00.000000000,6.9696483812259675,52.187660808917485,11582.4,20645.82054068687,210.10106,0.354730461597626,0.6235823164740761,1.0,0.0,0.0,13.799898737232269
SE300_FL380,2022-03-01 01:53:00.000000000,7.082777318490884,52.29063144711092,11582.4,20645.82054068687,210.06374,0.35759045543458245,0.628753961842745,1.0,0.0,0.0,13.800030398716745
SE300_FL380,2022-03-01 01:54:00.000000000,7.19557701404532,52.39384625576109,11582.4,20645.82054068687,210.02478,0.36054820379137004,0.6341057092187093,1.0,0.0,0.0,13.800054345163323
SE300_FL380,2022-03-01 01:55:00.000000000,7.308085257117626,52.49728673117904,11582.4,20645.82054068687,209.97446,0.36415720233567267,0.6406497243678554,1.0,0.0,0.0,13.799996740891372
SE300_FL380,2022-03-01 01:56:00.000000000,7.420338038484323,52.60093580787837,11582.4,20645.82054068687,209.95033,0.36668190316257443,0.6451876919134616,1.0,0.0,0.0,13.799934836100903
SE300_FL380,2022-03-01 01:57:00.000000000,7.532368946100369,52.70477859337681,11582.4,20645.82054068687,209.9271,0.3693837229003483,0.6500329179898756,1.0,0.0,0.0,13.7999107047655
SE300_FL380,2022-03-01 01:58:00.000000000,7.644210999091989,52.80880120769993,11582.4,20645.82054068687,209.90657,0.37192889497900994,0.6545940065931873,1.0,0.0,0.0,13.80009727987662
SE300_FL380,2022-03-01 01:59:00.000000000,7.755895885982359,52.912992453617406,11582.4,20645.82054068687,209.88507,0.37431094811143417,0.6588737635571619,1.0,0.0,0.0,13.800026839405156
SE300_FL380,2022-03-01 02:00:00.000000000,7.867462507785084,53.01733360209722,11582.4,20645.82054068687,209.90646,0.3756556137100949,0.6611547184925965,1.0,0.0,0.0,13.799951817325509
SE300_FL380,2022-03-01 02:01:00.000000000,7.97894493915904,53.12181080944994,11582.4,20645.82054068687,209.92943,0.37650893138539504,0.6625633276153093,1.0,0.0,0.0,13.799878948745755
SE300_FL380,2022-03-01 02:02:00.000000000,8.090377316599858,53.22641053966239,11582.4,20645.82054068687,209.94676,0.37796554448326947,0.6650564431191158,1.0,0.0,0.0,13.80011613732471
SE300_FL380,2022-03-01 02:03:00.000000000,8.201794722995709,53.33112242122278,11582.4,20645.82054068687,209.9702,0.3792517208388507,0.6672223449397445,1.0,0.0,0.0,13.800033244616367
SE300_FL380,2022-03-01 02:04:00.000000000,8.313233280726271,53.43592919842136,11582.4,20645.82054068687,209.98828,0.38103786294494374,0.6702917066589748,1.0,0.0,0.0,13.799945514347323
SE300_FL380,2022-03-01 02:05:00.000000000,8.42472747485294,53.54081781028977,11582.4,20645.82054068687,209.99083,0.38366386503347844,0.6749004503721848,1.0,0.0,0.0,13.799915365810826
SE300_FL380,2022-03-01 02:06:00.000000000,8.536312692536393,53.64577571103455,11582.4,20645.82054068687,209.9851,0.3864480999063026,0.6798223156126245,1.0,0.0,0.0,13.80011004309586
SE300_FL380,2022-03-01 02:07:00.000000000,8.648028278660536,53.750790832795516,11582.4,20645.82054068687,209.9816,0.3891984872927008,0.6846746188418068,1.0,0.0,0.0,13.800015304799869
SE300_FL380,2022-03-01 02:08:00.000000000,8.759906477778147,53.85584845500265,11582.4,20645.82054068687,209.96727,0.39234362169834713,0.6902679141712466,1.0,0.0,0.0,13.79991564313486
SE300_FL380,2022-03-01 02:09:00.000000000,8.871982232889263,53.96093601106962,11582.4,20645.82054068687,209.9293,0.39658920118301966,0.6979005029559354,1.0,0.0,0.0,13.800004103946796
SE300_FL380,2022-03-01 02:10:00.000000000,8.984295963690094,54.06604108818969,11582.4,20645.82054068687,209.90167,0.40027464460954654,0.7045042847706752,1.0,0.0,0.0,13.800080631551038
SE300_FL380,2022-03-01 02:11:00.000000000,9.096884905918607,54.17115044521283,11582.4,20645.82054068687,209.87619,0.4025766584578628,0.7086679139597325,1.0,0.0,0.0,13.799975069909443
SE300_FL380,2022-03-01 02:12:00.000000000,9.20978021803311,54.27625136209472,11582.4,20645.82054068687,209.82742,0.4064814575058729,0.7157517284191817,1.0,0.0,0.0,13.799864842324851
SE300_FL380,2022-03-01 02:13:00.000000000,9.323017438348389,54.38133146507345,11582.4,20645.82054068687,209.80794,0.40847194124924124,0.7193477905275748,1.0,0.0,0.0,13.800132173225244
SE300_FL380,2022-03-01 02:14:00.000000000,9.436648363691544,54.48637655428334,11582.4,20645.82054068687,209.78261,0.4103719293867903,0.7228009365857908,1.0,0.0,0.0,13.800031613689772
SE300_FL380,2022-03-01 02:15:00.000000000,9.550696513269713,54.59137491446518,11582.4,20645.82054068687,209.75229,0.4129095404394327,0.7274093537860811,1.0,0.0,0.0,13.799916973248944
SE300_FL380,2022-03-01 02:16:00.000000000,9.665197626195663,54.69631414251662,11582.4,20645.82054068687,209.70836,0.4160450358513436,0.7331266941172535,1.0,0.0,0.0,13.800000285525412
SE300_FL380,2022-03-01 02:17:00.000000000,9.780198569347377,54.80118004346924,11582.4,20645.82054068687,209.67967,0.41792396052524766,0.7365658630247799,1.0,0.0,0.0,13.800086698051244
SE300_FL380,2022-03-01 02:18:00.000000000,9.895738483326229,54.90595917369293,11582.4,20645.82054068687,209.66516,0.4183640037986922,0.7374058670378325,1.0,0.0,0.0,12.396279145510631
SE300_FL380,2022-03-01 02:18:53.897617080,10.0,55.0,11582.4,20645.82054068687,209.61674,0.4217032383386206,0.7435127165858684,1.0,0.0,0.0,0.0
SE150_FL380,2022-03-01 00:00:00.000000000,-10.000000000000002,45.00000000000001,11582.4,20645.82054068687,215.15063,0.17115926894927438,0.2912719481609145,1.0,0.0,0.0,13.800025280721622
SE150_FL380,2022-03-01 00:01:00.000000000,-9.848780362463852,45.06309802296491,11582.4,20645.82054068687,215.04561,0.17241224779505665,0.29361215121145484,1.0,0.0,0.0,13.800023124170625
SE150_FL380,2022-03-01 00:02:00.000000000,-9.69723892593266,45.12601025046198,11582.4,20645.82054068687,214.95596,0.1731554546761396,0.29505509896059506,1.0,0.0,0.0,13.800020919334957
SE150_FL380,2022-03-01 00:03:00.000000000,-9.545386915730079,45.18874995403247,11582.4,20645.82054068687,214.86888,0.17306657677201465,0.2950757626239334,1.0,0.0,0.0,13.80001868361511
SE150_FL380,2022-03-01 00:04:00.000000000,-9.393235477429094,45.251330452726556,11582.4,20645.82054068687,214.79477,0.1739836751085396,0.29678704656722193,1.0,0.0,0.0,13.800016434639819
SE150_FL380,2022-03-01 00:05:00.000000000,-9.240795680594678,45.31376510728148,11582.4,20645.82054068687,214.70233,0.1754223622481612,0.29942728524638207,1.0,0.0,0.0,13.800014190107833
SE150_FL380,2022-03-01 00:06:00.000000000,-9.088078522618359,45.376067314269825,11582.4,20645.82054068687,214.62053,0.1770906850215632,0.30243965007254703,1.0,0.0,0.0,13.800011967625645
SE150_FL380,2022-03-01 00:07:00.000000000,-8.935094932619785,45.43825050019791,11582.4,20645.82054068687,214.56274,0.1775794035609906,0.30339030330591915,1.0,0.0,0.0,13.800009784533726
SE150_FL380,2022-03-01 00:08:00.000000000,-8.78185577539008,45.500328115534025,11582.4,20645.82054068687,214.53513,0.1764947214915225,0.3015935650644299,1.0,0.0,0.0,13.80000765772226
SE150_FL380,2022-03-01 00:09:00.000000000,-8.628371855351828,45.56231362864651,11582.4,20645.82054068687,214.4435,0.17712941766303122,0.3028624424290545,1.0,0.0,0.0,13.80000560344844
SE150_FL380,2022-03-01 00:10:00.000000000,-8.474653920510518,45.62422051963216,11582.4,20645.82054068687,214.34537,0.17863134912803016,0.30563052758917486,1.0,0.0,0.0,13.800003637143645
SE150_FL380,2022-03-01 00:11:00.000000000,-8.320712666371875,45.68606227401563,11582.4,20645.82054068687,214.25038,0.1818736868840593,0.3113739350066834,1.0,0.0,0.0,13.800001773220872
SE150_FL380,2022-03-01 00:12:00.000000000,-8.166558739799713,45.74785237630135,11582.4,20645.82054068687,214.17868,0.1840951124619684,0.31532605670061153,1.0,0.0,0.0,13.800000024891407
SE150_FL380,2022-03-01 00:13:00.000000000,-8.012202742788062,45.80960430335971,11582.4,20645.82054068687,214.10965,0.18589027984029313,0.31854618523808115,1.0,0.0,0.0,13.79999840397277
SE150_FL380,2022-03-01 00:14:00.000000000,-7.857655236121768,45.87133151763049,11582.4,20645.82054068687,214.05727,0.18628773345519176,0.31933857987513,1.0,0.0,0.0,13.799996920709697
SE150_FL380,2022-03-01 00:15:00.000000000,-7.702926742899029,45.933047460127014,11582.4,20645.82054068687,214.05972,0.18554493015300136,0.318059988775471,1.0,0.0,0.0,13.799995583611501
SE150_FL380,2022-03-01 00:16:00.000000000,-7.548027751889124,45.99476554322603,11582.4,20645.82054068687,214.1003,0.184228155009776,0.3157178074882855,1.0,0.0,0.0,13.799994399289552
SE150_FL380,2022-03-01 00:17:00.000000000,-7.392968720698455,46.05649914322893,11582.4,20645.82054068687,214.11246,0.18457552218055953,0.31628740092448926,1.0,0.0,0.0,13.799993372318367
SE150_FL380,2022-03-01 00:18:00.000000000,-7.237760078717368,46.118261592681485,11582.4,20645.82054068687,214.13556,0.1854091628087698,0.31766790896303215,1.0,0.0,0.0,13.799992505114373
SE150_FL380,2022-03-01 00:19:00.000000000,-7.0824122298204,46.18006617244081,11582.4,20645.82054068687,214.15771,0.1870415334018749,0.32041720405633106,1.0,0.0,0.0,13.799991797836244
SE150_FL380,2022-03-01 00:20:00.000000000,-6.926935554791905,46.241926103479614,11582.4,20645.82054068687,214.1774,0.18885200053506934,0.3234763800809671,1.0,0.0,0.0,13.799991248309139
SE150_FL380,2022-03-01 00:21:00.000000000,-6.771340413449099,46.303854538419465,11582.4,20645.82054068687,214.16187,0.19072769489948274,0.3267232228542341,1.0,0.0,0.0,13.79999085197143
SE150_FL380,2022-03-01 00:22:00.000000000,-6.615637146434141,46.36586455278655,11582.4,20645.82054068687,214.02757,0.19637747711523396,0.3366995363333941,1.0,0.0,0.0,13.79999060186101
SE150_FL380,2022-03-01 00:23:00.000000000,-6.4598360766471385,46.427969135985755,11582.4,20645.82054068687,213.86595,0.20367371121267713,0.34958156045335226,1.0,0.0,0.0,13.799990488621079
SE150_FL380,2022-03-01 00:24:00.000000000,-6.3039475102915645,46.49018118199037,11582.4,20645.82054068687,213.68596,0.21257369238501997,0.36528889665790515,1.0,0.0,0.0,13.799990500548963
SE150_FL380,2022-03-01 00:25:00.000000000,-6.147981737503878,46.552513479747134,11582.4,20645.82054068687,213.48242,0.2229166257427014,0.38357287957962855,1.0,0.0,0.0,13.799990623666508
SE150_FL380,2022-03-01 00:26:00.000000000,-5.991949032539317,46.6149787032986,11582.4,20645.82054068687,213.28473,0.2342828005126064,0.40364951786725706,1.0,0.0,0.0,13.799990841836957
SE150_FL380,2022-03-01 00:27:00.000000000,-5.835859653486246,46.67758940162737,11582.4,20645.82054068687,213.13213,0.2435297718990098,0.4199975895260666,1.0,0.0,0.0,13.799991136910966
SE150_FL380,2022-03-01 00:28:00.000000000,-5.679723841481787,46.740357988228865,11582.4,20645.82054068687,212.9884,0.25263369712441536,0.43610367160738495,1.0,0.0,0.0,13.799991488902345
SE150_FL380,2022-03-01 00:29:00.000000000,-5.523551819402239,46.80329673042195,11582.4,20645.82054068687,212.84082,0.2612560826326939,0.4514174430001963,1.0,0.0,0.0,13.799991876206876
SE150_FL380,2022-03-01 00:30:00.000000000,-5.367353790002575,46.86641773840963,11582.4,20645.82054068687,212.68263,0.26728865252016937,0.46231104103219745,1.0,0.0,0.0,13.799992275841205
SE150_FL380,2022-03-01 00:31:00.000000000,-5.2111399334805135,46.92973295410445,11582.4,20645.82054068687,212.51974,0.2734426997655825,0.4734514979512432,1.0,0.0,0.0,13.799992663719705
SE150_FL380,2022-03-01 00:32:00.000000000,-5.05492040444159,46.993254139735846,11582.4,20645.82054068687,212.34906,0.2790782434955577,0.4837368691502051,1.0,0.0,0.0,13.799993014953047
SE150_FL380,2022-03-01 00:33:00.000000000,-4.89870532824359,47.05699286626,11582.4,20645.82054068687,212.18726,0.2838939444523733,0.4925912017674674,1.0,0.0,0.0,13.799993304171764
SE150_FL380,2022-03-01 00:34:00.000000000,-4.7425047966999045,47.12096050159472,11582.4,20645.82054068687,212.0364,0.2881426104446109,0.5004422288891756,1.0,0.0,0.0,13.79999350586429
SE150_FL380,2022-03-01 00:35:00.000000000,-4.586328863123924,47.185168198705355,11582.4,20645.82054068687,211.95424,0.2879552374217903,0.5003776938430667,1.0,0.0,0.0,13.799993594737066
SE150_FL380,2022-03-01 00:36:00.000000000,-4.430187536698249,47.24962688356991,11582.4,20645.82054068687,211.91187,0.28574089221959725,0.4966640059298448,1.0,0.0,0.0,13.799993546077733
SE150_FL380,2022-03-01 00:37:00.000000000,-4.274090776155365,47.31434724305453,11582.4,20645.82054068687,211.92259,0.2812001104185468,0.4887385148132374,1.0,0.0,0.0,13.799993336121352
SE150_FL380,2022-03-01 00:38:00.000000000,-4.118048482758973,47.37933971273268,11582.4,20645.82054068687,211.97928,0.2748374916655112,0.4775089096194841,1.0,0.0,0.0,13.799992942424828
SE150_FL380,2022-03-01 00:39:00.000000000,-3.9620704925782735,47.44461446468435,11582.4,20645.82054068687,212.06317,0.26760635075843914,0.4646968961480005,1.0,0.0,0.0,13.7999923442172
SE150_FL380,2022-03-01 00:40:00.000000000,-3.806166568050712,47.510181395313246,11582.4,20645.82054068687,212.20671,0.25848815118699875,0.44845361049442994,1.0,0.0,0.0,13.799991522756148
SE150_FL380,2022-03-01 00:41:00.000000000,-3.6503463888319807,47.57605011322245,11582.4,20645.82054068687,212.34854,0.25031802576344736,0.43388637641166933,1.0,0.0,0.0,13.799990461647935
SE150_FL380,2022-03-01 00:42:00.000000000,-3.4946195419363453,47.64222992719104,11582.4,20645.82054068687,212.47514,0.24316838923845574,0.4211525397397699,1.0,0.0,0.0,13.799989147153058
SE150_FL380,2022-03-01 00:43:00.000000000,-3.3389955111735663,47.708729834295355,11582.4,20645.82054068687,212.57567,0.2374881744798691,0.4110501173256914,1.0,0.0,0.0,13.79998756845803
SE150_FL380,2022-03-01 00:44:00.000000000,-3.1834836658934074,47.775558508220634,11582.4,20645.82054068687,212.66354,0.23279888025038498,0.40270646355730216,1.0,0.0,0.0,13.79998571790615
SE150_FL380,2022-03-01 00:45:00.000000000,-3.0280932490527612,47.84272428780939,11582.4,20645.82054068687,212.74634,0.22894193492977044,0.39582320027753254,1.0,0.0,0.0,13.799983591199357
SE150_FL380,2022-03-01 00:46:00.000000000,-2.872833364624784,47.91023516589412,11582.4,20645.82054068687,212.84302,0.2249255672352605,0.3886368273789642,1.0,0.0,0.0,13.799981187540997
SE150_FL380,2022-03-01 00:47:00.000000000,-2.7177129643741873,47.97809877846222,11582.4,20645.82054068687,212.93869,0.2211795920984951,0.38192933029241394,1.0,0.0,0.0,13.799978509741795
SE150_FL380,2022-03-01 00:48:00.000000000,-2.562740834027267,48.046322394201255,11582.4,20645.82054068687,213.02715,0.21837408669652958,0.37686941686159847,1.0,0.0,0.0,13.799975564268491
SE150_FL380,2022-03-01 00:49:00.000000000,-2.407925578869879,48.11491290447256,11582.4,20645.82054068687,213.08829,0.21630264308635344,0.37314614247397265,1.0,0.0,0.0,13.799972361242325
SE150_FL380,2022-03-01 00:50:00.000000000,-2.2532756088113697,48.18387681376056,11582.4,20645.82054068687,213.13406,0.21465013963024163,0.3701864179366504,1.0,0.0,0.0,13.799968914382415
SE150_FL380,2022-03-01 00:51:00.000000000,-2.0987991229566814,48.25322023064404,11582.4,20645.82054068687,213.15828,0.2136935146084408,0.36847808338784654,1.0,0.0,0.0,13.799965240897679
SE150_FL380,2022-03-01 00:52:00.000000000,-1.9445040937337181,48.3229488593347,11582.4,20645.82054068687,213.12077,0.2154143771611614,0.3715361822944904,1.0,0.0,0.0,13.799961361323575
SE150_FL380,2022-03-01 00:53:00.000000000,-1.7903982506269553,48.393067991826065,11582.4,20645.82054068687,213.00954,0.2203894255697403,0.3803906018419494,1.0,0.0,0.0,13.799957299309654
SE150_FL380,2022-03-01 00:54:00.000000000,-1.6364890635725675,48.46358250069396,11582.4,20645.82054068687,212.88364,0.2259938912676837,0.3903812254553166,1.0,0.0,0.0,13.799953081365691
SE150_FL380,2022-03-01 00:55:00.000000000,-1.482783726073991,48.534496832587074,11582.4,20645.82054068687,212.75645,0.23163321697590022,0.40045011237403744,1.0,0.0,0.0,13.799948736550181
SE150_FL380,2022-03-01 00:56:00.000000000,-1.3292891381006948,48.60581500244348,11582.4,20645.82054068687,212.56007,0.2405396663825893,0.4163731990643886,1.0,0.0,0.0,13.79996224359886
SE150_FL380,2022-03-01 00:57:00.000000000,-1.176012199022902,48.677541157964725,11582.4,20645.82054068687,212.35948,0.24973812097908998,0.4328519277957842,1.0,0.0,0.0,13.800015850398514
SE150_FL380,2022-03-01 00:58:00.000000000,-1.022959909011004,48.74967973493967,11582.4,20645.82054068687,212.13048,0.2607651621899842,0.4526230368917615,1.0,0.0,0.0,13.800011280819982
SE150_FL380,2022-03-01 00:59:00.000000000,-0.8701372214611162,48.82223162470867,11582.4,20645.82054068687,211.92163,0.27167912815134504,0.4721934542917822,1.0,0.0,0.0,13.800006501605102
SE150_FL380,2022-03-01 01:00:00.000000000,-0.7175496815727354,48.89519906140205,11582.4,20645.82054068687,211.72876,0.2822374276402338,0.4911437203730159,1.0,0.0,0.0,13.800001555312974
SE150_FL380,2022-03-01 01:01:00.000000000,-0.5652024537904219,48.96858383001156,11582.4,20645.82054068687,211.58046,0.29121427834417746,0.5072388082213513,1.0,0.0,0.0,13.79999648581086
SE150_FL380,2022-03-01 01:02:00.000000000,-0.4131003048958678,49.04238726558329,11582.4,20645.82054068687,211.48161,0.2976348722227686,0.5187451025161028,1.0,0.0,0.0,13.799991337765992
SE150_FL380,2022-03-01 01:03:00.000000000,-0.2612475873906203,49.116610253279745,11582.4,20645.82054068687,211.42583,0.301623976812956,0.5258824974803373,1.0,0.0,0.0,13.7999861561264
SE150_FL380,2022-03-01 01:04:00.000000000,-0.1096482232436474,49.1912532293119,11582.4,20645.82054068687,211.36438,0.3059563124273149,0.5336401265924321,1.0,0.0,0.0,13.799980985617015
SE150_FL380,2022-03-01 01:05:00.000000000,0.041694311923352705,49.266316182737384,11582.4,20645.82054068687,211.309,0.31078730602731774,0.5422567480435236,1.0,0.0,0.0,13.799975870245795
SE150_FL380,2022-03-01 01:06:00.000000000,0.19277700414136667,49.341798658116055,11582.4,20645.82054068687,211.37802,0.31036180689974346,0.5412798845122301,1.0,0.0,0.0,13.799970852837674
SE150_FL380,2022-03-01 01:07:00.000000000,0.3435973158213465,49.41769975900875,11582.4,20645.82054068687,211.43918,0.31001719097206254,0.5404702778930421,1.0,0.0,0.0,13.79996597459641
SE150_FL380,2022-03-01 01:08:00.000000000,0.49415319983679507,49.49401815230074,11582.4,20645.82054068687,211.46898,0.31004714706386705,0.5404215420225633,1.0,0.0,0.0,13.799961274703167
SE150_FL380,2022-03-01 01:09:00.000000000,0.6444431128990113,49.5707520733261,11582.4,20645.82054068687,211.55162,0.3067240463660162,0.5343515592959268,1.0,0.0,0.0,13.799956789951366
SE150_FL380,2022-03-01 01:10:00.000000000,0.7944660281656921,49.647899331764975,11582.4,20645.82054068687,211.60797,0.30474615578913505,0.5307175684805204,1.0,0.0,0.0,13.799952554435153
SE150_FL380,2022-03-01 01:11:00.000000000,0.9442214470284372,49.72545731828128,11582.4,20645.82054068687,211.61252,0.30565373301902743,0.532282687801008,1.0,0.0,0.0,13.799948599276675
SE150_FL380,2022-03-01 01:12:00.000000000,1.0937094100288882,49.803423011864275,11582.4,20645.82054068687,211.62686,0.30618818155170924,0.5331644081769744,1.0,0.0,0.0,13.79994495241215
SE150_FL380,2022-03-01 01:13:00.000000000,1.2429305068591834,49.8817929878337,11582.4,20645.82054068687,211.63992,0.3068091105355429,0.534201930983481,1.0,0.0,0.0,13.799943970232082
SE150_FL380,2022-03-01 01:14:00.000000000,1.391885839203061,49.9605634958069,11582.4,20645.82054068687,211.59926,0.31239253334456624,0.5440620394228542,1.0,0.0,0.0,13.800018164069398
SE150_FL380,2022-03-01 01:15:00.000000000,1.5405756538199646,50.039732525500625,11582.4,20645.82054068687,211.56184,0.317980592669027,0.5539247789477116,1.0,0.0,0.0,13.800012779561797
SE150_FL380,2022-03-01 01:16:00.000000000,1.689003811745885,50.119293133097386,11582.4,20645.82054068687,211.52472,0.3236708351626476,0.5639706121149197,1.0,0.0,0.0,13.800007711970267
SE150_FL380,2022-03-01 01:17:00.000000000,1.8371731915099507,50.19924036232172,11582.4,20645.82054068687,211.4361,0.33267192466868817,0.5799758347832018,1.0,0.0,0.0,13.800002984178791
SE150_FL380,2022-03-01 01:18:00.000000000,1.985087255414262,50.279568902342035,11582.4,20645.82054068687,211.32968,0.3434389471455921,0.5991472902427998,1.0,0.0,0.0,13.79999861501331
SE150_FL380,2022-03-01 01:19:00.000000000,2.1327500533276282,50.36027309878075,11582.4,20645.82054068687,211.26804,0.350987100632789,0.6125519445514348,1.0,0.0,0.0,13.799994619263725
SE150_FL380,2022-03-01 01:20:00.000000000,2.2801662254169526,50.44134696502648,11582.4,20645.82054068687,211.14478,0.3637600221371211,0.6353323750551793,1.0,0.0,0.0,13.799991007751949
SE150_FL380,2022-03-01 01:21:00.000000000,2.4273410038207826,50.52278419379153,11582.4,20645.82054068687,211.02997,0.3769730576248148,0.6588822522007298,1.0,0.0,0.0,13.799987787443316
SE150_FL380,2022-03-01 01:22:00.000000000,2.5742802132739526,50.604578168858964,11582.4,20645.82054068687,211.00194,0.38342359859375497,0.6702744299170257,1.0,0.0,0.0,13.799984961591031
SE150_FL380,2022-03-01 01:23:00.000000000,2.720990270699007,50.686721976962986,11582.4,20645.82054068687,211.05234,0.38428556042861356,0.6715715046490759,1.0,0.0,0.0,13.79998252990439
SE150_FL380,2022-03-01 01:24:00.000000000,2.8674781837846655,50.769208419747585,11582.4,20645.82054068687,211.11925,0.3835672890504914,0.6700362297335507,1.0,0.0,0.0,13.79998048874809
SE150_FL380,2022-03-01 01:25:00.000000000,3.013751548576857,50.85203002574966,11582.4,20645.82054068687,211.21155,0.3805502237357434,0.6643802878300138,1.0,0.0,0.0,13.799978831356217
SE150_FL380,2022-03-01 01:26:00.000000000,3.1598185461124664,50.935179062353996,11582.4,20645.82054068687,211.39223,0.36934421179040683,0.6440879025829294,1.0,0.0,0.0,13.79997754806047
SE150_FL380,2022-03-01 01:27:00.000000000,3.3056879381298114,51.0186475476696,11582.4,20645.82054068687,211.55736,0.3598951274251046,0.6269588642343956,1.0,0.0,0.0,13.799976626528416
SE150_FL380,2022-03-01 01:28:00.000000000,3.451369061894234,51.10242726227889,11582.4,20645.82054068687,211.69872,0.35158046413803523,0.6119287128543398,1.0,0.0,0.0,13.799976052009184
SE150_FL380,2022-03-01 01:29:00.000000000,3.596871824179734,51.18650976081355,11582.4,20645.82054068687,211.84732,0.34299025385571974,0.5964160362578551,1.0,0.0,0.0,13.79997580757543
SE150_FL380,2022-03-01 01:30:00.000000000,3.7422066944510983,51.27088638331356,11582.4,20645.82054068687,212.02107,0.3333489676080495,0.5790143984543393,1.0,0.0,0.0,13.799975874366709
SE150_FL380,2022-03-01 01:31:00.000000000,3.8873846972928505,51.35554826632859,11582.4,20645.82054068687,211.97539,0.33665317346255275,0.5849227958123008,1.0,0.0,0.0,13.799976231823901
SE150_FL380,2022-03-01 01:32:00.000000000,4.032417404133353,51.44048635372388,11582.4,20645.82054068687,211.92693,0.3398163919397599,0.590599643299602,1.0,0.0,0.0,13.799976857923344
SE150_FL380,2022-03-01 01:33:00.000000000,4.17731692431389,51.525691407155904,11582.4,20645.82054068687,211.86502,0.34273940894886445,0.595914811860102,1.0,0.0,0.0,13.79997772939002
SE150_FL380,2022-03-01 01:34:00.000000000,4.322095895553423,51.611154016185885,11582.4,20645.82054068687,211.73387,0.3479628005048807,0.6054972307035655,1.0,0.0,0.0,13.799978821916332
SE150_FL380,2022-03-01 01:35:00.000000000,4.466767473859694,51.69686460800298,11582.4,20645.82054068687,211.55544,0.35572213256901886,0.6196965033125083,1.0,0.0,0.0,13.79998011034861
SE150_FL380,2022-03-01 01:36:00.000000000,4.61134532293813,51.78281345673147,11582.4,20645.82054068687,211.37624,0.3610058904465911,0.6296113265662081,1.0,0.0,0.0,13.799981568886242
SE150_FL380,2022-03-01 01:37:00.000000000,4.755843603148792,51.86899069230014,11582.4,20645.82054068687,211.20862,0.3661031244442705,0.6391724893811953,1.0,0.0,0.0,13.79998317125147
SE150_FL380,2022-03-01 01:38:00.000000000,4.9002769600611895,51.95538630885467,11582.4,20645.82054068687,211.00978,0.3694375433220398,0.6457956221831359,1.0,0.0,0.0,13.799984890852482
SE150_FL380,2022-03-01 01:39:00.000000000,5.044660512655349,52.041990172697254,11582.4,20645.82054068687,210.82753,0.37196521722842457,0.6509507476826261,1.0,0.0,0.0,13.799986700946327
SE150_FL380,2022-03-01 01:40:00.000000000,5.189009841215732,52.12879202974077,11582.4,20645.82054068687,210.66118,0.3727157697334187,0.6529406137086039,1.0,0.0,0.0,13.799988574784994
SE150_FL380,2022-03-01 01:41:00.000000000,5.33334097496334,52.2157815124673,11582.4,20645.82054068687,210.52754,0.3723979875533321,0.652920456238535,1.0,0.0,0.0,13.799990485753726
SE150_FL380,2022-03-01 01:42:00.000000000,5.477670379467894,52.30294814638437,11582.4,20645.82054068687,210.4133,0.37086029961813416,0.650683750376302,1.0,0.0,0.0,13.799992407510803
SE150_FL380,2022-03-01 01:43:00.000000000,5.622014943881001,52.390281355974025,11582.4,20645.82054068687,210.2896,0.3681311175242225,0.6463899046740106,1.0,0.0,0.0,13.79999431411892
SE150_FL380,2022-03-01 01:44:00.000000000,5.766391968026885,52.477770470133564,11582.4,20645.82054068687,210.163,0.3653594575535514,0.6420228969567349,1.0,0.0,0.0,13.799996180175784
SE150_FL380,2022-03-01 01:45:00.000000000,5.910819149385742,52.565404727108,11582.4,20645.82054068687,210.1,0.3642157111495976,0.6402596674597232,1.0,0.0,0.0,13.799997980946767
SE150_FL380,2022-03-01 01:46:00.000000000,6.055314570000713,52.65317327891751,11582.4,20645.82054068687,210.01172,0.36323962699435375,0.6388906799753483,1.0,0.0,0.0,13.799999692491834
SE150_FL380,2022-03-01 01:47:00.000000000,6.19989668333652,52.74106519528474,11582.4,20645.82054068687,209.92738,0.36234376059448853,0.6376455490904864,1.0,0.0,0.0,13.80000129179735
SE150_FL380,2022-03-01 01:48:00.000000000,6.344584301114556,52.829069467069175,11582.4,20645.82054068687,209.88383,0.3627459017019219,0.6385219117547206,1.0,0.0,0.0,13.800002756917273
SE150_FL380,2022-03-01 01:49:00.000000000,6.48939658014588,52.91717500921703,11582.4,20645.82054068687,209.82468,0.364129448665242,0.6411904481240533,1.0,0.0,0.0,13.800004067102952
SE150_FL380,2022-03-01 01:50:00.000000000,6.634353009179616,53.00537066323756,11582.4,20645.82054068687,209.75601,0.36629436673559984,0.6452721842617406,1.0,0.0,0.0,13.80000520294991
SE150_FL380,2022-03-01 01:51:00.000000000,6.779473395781127,53.09364519921752,11582.4,20645.82054068687,209.69601,0.36791594676357275,0.6483647233860809,1.0,0.0,0.0,13.800006146536646
SE150_FL380,2022-03-01 01:52:00.000000000,6.924777853250975,53.18198731738731,11582.4,20645.82054068687,209.66602,0.36937993223550974,0.6510658673294304,1.0,0.0,0.0,13.80000688157544
SE150_FL380,2022-03-01 01:53:00.000000000,7.070286787591492,53.270385649253456,11582.4,20645.82054068687,209.62782,0.3709243600966327,0.6539401893736752,1.0,0.0,0.0,13.800007393558275
SE150_FL380,2022-03-01 01:54:00.000000000,7.216020884525191,53.35882875831312,11582.4,20645.82054068687,209.59178,0.3723117577320607,0.6565310043134274,1.0,0.0,0.0,13.800007669900015
SE150_FL380,2022-03-01 01:55:00.000000000,7.3620010965652085,53.44730514036748,11582.4,20645.82054068687,209.57256,0.37397512818215983,0.6595409223703846,1.0,0.0,0.0,13.800007700096462
SE150_FL380,2022-03-01 01:56:00.000000000,7.508248630134886,53.53580322345174,11582.4,20645.82054068687,209.55336,0.3758483166078664,0.662921476399753,1.0,0.0,0.0,13.800007475854803
SE150_FL380,2022-03-01 01:57:00.000000000,7.654784932730397,53.62431136740005,11582.4,20645.82054068687,209.55898,0.37772239300198224,0.6662027945158709,1.0,0.0,0.0,13.800006991241453
SE150_FL380,2022-03-01 01:58:00.000000000,7.801631680117048,53.712817863064856,11582.4,20645.82054068687,209.56929,0.3797017468397408,0.6696539255530848,1.0,0.0,0.0,13.800006242806354
SE150_FL380,2022-03-01 01:59:00.000000000,7.948810763547113,53.80131093121019,11582.4,20645.82054068687,209.5799,0.3820878664485103,0.67381617422295,1.0,0.0,0.0,13.800005229709964
SE150_FL380,2022-03-01 02:00:00.000000000,8.096344276983887,53.889778721099525,11582.4,20645.82054068687,209.60056,0.3846713265846593,0.6782878275734233,1.0,0.0,0.0,13.800003953824296
SE150_FL380,2022-03-01 02:01:00.000000000,8.244254504314016,53.97820930879907,11582.4,20645.82054068687,209.63843,0.38686139110930473,0.6819927169358478,1.0,0.0,0.0,13.80000241982998
SE150_FL380,2022-03-01 02:02:00.000000000,8.392563906527803,54.06659069521786,11582.4,20645.82054068687,209.64932,0.3899779823219168,0.687440440251519,1.0,0.0,0.0,13.800000635287429
SE150_FL380,2022-03-01 02:03:00.000000000,8.541295108844203,54.15491080390644,11582.4,20645.82054068687,209.6521,0.39345394465695044,0.6935558604029411,1.0,0.0,0.0,13.79999861068731
SE150_FL380,2022-03-01 02:04:00.000000000,8.690470887755579,54.24315747863636,11582.4,20645.82054068687,209.6401,0.39818558789213687,0.7019476681554807,1.0,0.0,0.0,13.799996359482744
SE150_FL380,2022-03-01 02:05:00.000000000,8.840114157964688,54.3313184807831,11582.4,20645.82054068687,209.65167,0.40211502843688035,0.7088262161033922,1.0,0.0,0.0,13.799993898086694
SE150_FL380,2022-03-01 02:06:00.000000000,8.990247959184734,54.41938148653517,11582.4,20645.82054068687,209.64806,0.4062917729209465,0.7162015082568237,1.0,0.0,0.0,13.799991245846577
SE150_FL380,2022-03-01 02:07:00.000000000,9.140895442771445,54.50733408395296,11582.4,20645.82054068687,209.63794,0.4102629008584246,0.7232488231243802,1.0,0.0,0.0,13.799988424983786
SE150_FL380,2022-03-01 02:08:00.000000000,9.292079858154782,54.595163769900566,11582.4,20645.82054068687,209.64842,0.4130763156811331,0.7281611521537124,1.0,0.0,0.0,13.799985460504125
SE150_FL380,2022-03-01 02:09:00.000000000,9.443824539036145,54.682857946874975,11582.4,20645.82054068687,209.64246,0.41610064350062964,0.7335175756368576,1.0,0.0,0.0,13.79998238006007
SE150_FL380,2022-03-01 02:10:00.000000000,9.596152889316482,54.770403919756546,11582.4,20645.82054068687,209.63293,0.4186034784673417,0.7379731260671302,1.0,0.0,0.0,13.799979213805697
SE150_FL380,2022-03-01 02:11:00.000000000,9.749088368719127,54.85778889250587,11582.4,20645.82054068687,209.65031,0.4189357788773364,0.7384804410619499,1.0,0.0,0.0,13.79997599417574
SE150_FL380,2022-03-01 02:12:00.000000000,9.902654478070929,54.944999964831716,11582.4,20645.82054068687,209.66211,0.4185118861010352,0.7376820329369312,1.0,0.0,0.0,8.71787688339356
SE150_FL380,2022-03-01 02:12:37.904240283,10.0,55.0,11582.4,20645.82054068687,209.6459,0.4202500241052821,0.7408180125060393,1.0,0.0,0.0,0.0
GC0_FL380,2022-03-01 00:00:00.000000000,-10.000000000000002,45.00000000000001,11582.4,20645.82054068687,215.15063,0.17115926894927438,0.2912719481609145,1.0,0.0,0.0,13.800031261260088
GC0_FL380,2022-03-01 00:01:00.000000000,-9.876312021826006,45.08811854334467,11582.4,20645.82054068687,215.13478,0.16910942238468504,0.28781453871130036,1.0,0.0,0.0,13.800027623894355
GC0_FL380,2022-03-01 00:02:00.000000000,-9.752242252140906,45.176103215944366,11582.4,20645.82054068687,215.13185,0.1675196830646825,0.2851148107946043,1.0,0.0,0.0,13.800023933454368
GC0_FL380,2022-03-01 00:03:00.000000000,-9.627788920452794,45.263953191638386,11582.4,20645.82054068687,215.12146,0.1650566541548799,0.2809421139047111,1.0,0.0,0.0,13.800020189682812
GC0_FL380,2022-03-01 00:04:00.000000000,-9.5029502525583,45.351667639156055,11582.4,20645.82054068687,215.07468,0.1638390306988363,0.27895788433904056,1.0,0.0,0.0,13.800016392336534
GC0_FL380,2022-03-01 00:05:00.000000000,-9.377724470626134,45.439245722091066,11582.4,20645.82054068687,215.04547,0.16278482688982784,0.2772171080399912,1.0,0.0,0.0,13.800012541176311
GC0_FL380,2022-03-01 00:06:00.000000000,-9.252109793282935,45.52668659887586,11582.4,20645.82054068687,215.00636,0.16213511296318808,0.27618328178875295,1.0,0.0,0.0,13.800008635971807
GC0_FL380,2022-03-01 00:07:00.000000000,-9.126104435701345,45.613989422756205,11582.4,20645.82054068687,214.95752,0.16164505125517775,0.27543906768995496,1.0,0.0,0.0,13.800004676501466
GC0_FL380,2022-03-01 00:08:00.000000000,-8.999706609690397,45.701153341765824,11582.4,20645.82054068687,214.891,0.16084909251596258,0.27420496421588114,1.0,0.0,0.0,13.800000662551579
GC0_FL380,2022-03-01 00:09:00.000000000,-8.872914523788092,45.7881774987011,11582.4,20645.82054068687,214.82643,0.1580235048337145,0.26950457582257653,1.0,0.0,0.0,13.799996593917113
GC0_FL380,2022-03-01 00:10:00.000000000,-8.745726383356452,45.87506103109597,11582.4,20645.82054068687,214.73239,0.15529131732692336,0.2650120320714563,1.0,0.0,0.0,13.799992470403737
GC0_FL380,2022-03-01 00:11:00.000000000,-8.618140390678803,45.96180307119685,11582.4,20645.82054068687,214.64752,0.1539409467398024,0.2628568448943158,1.0,0.0,0.0,13.799988291825057
GC0_FL380,2022-03-01 00:12:00.000000000,-8.490154745059604,46.04840274593778,11582.4,20645.82054068687,214.55853,0.1533728283526774,0.26204144514396716,1.0,0.0,0.0,13.799984058004643
GC0_FL380,2022-03-01 00:13:00.000000000,-8.36176764292664,46.13485917691566,11582.4,20645.82054068687,214.49489,0.15420408879328648,0.26357343821274976,1.0,0.0,0.0,13.799979768777922
GC0_FL380,2022-03-01 00:14:00.000000000,-8.232977277935733,46.22117148036564,11582.4,20645.82054068687,214.44115,0.15424547515712675,0.2637387297472153,1.0,0.0,0.0,13.79997542398953
GC0_FL380,2022-03-01 00:15:00.000000000,-8.103781841077932,46.30733876713662,11582.4,20645.82054068687,214.50397,0.15124600648283268,0.25850186422337307,1.0,0.0,0.0,13.799971023496427
GC0_FL380,2022-03-01 00:16:00.000000000,-7.974179520789293,46.39336014266697,11582.4,20645.82054068687,214.58397,0.14749339196999975,0.25195375897847333,1.0,0.0,0.0,13.799966567164596
GC0_FL380,2022-03-01 00:17:00.000000000,-7.844168503063274,46.47923470696041,11582.4,20645.82054068687,214.67361,0.14362789597644515,0.24520389344257595,1.0,0.0,0.0,13.8000335506074
GC0_FL380,2022-03-01 00:18:00.000000000,-7.713744387039283,46.56496062297613,11582.4,20645.82054068687,214.78207,0.13887092217644104,0.23691085537691126,1.0,0.0,0.0,13.800029833224963
GC0_FL380,2022-03-01 00:19:00.000000000,-7.582907908106713,46.65053789712994,11582.4,20645.82054068687,214.88748,0.13424047317800736,0.22885013486298697,1.0,0.0,0.0,13.800025836216795
GC0_FL380,2022-03-01 00:20:00.000000000,-7.451657253716138,46.73596561579989,11582.4,20645.82054068687,214.96341,0.13038991306204362,0.22217225655444078,1.0,0.0,0.0,13.800021784046535
GC0_FL380,2022-03-01 00:21:00.000000000,-7.319990601234423,46.82124285691214,11582.4,20645.82054068687,214.99236,0.12801502986422666,0.2180832210896393,1.0,0.0,0.0,13.800017676565119
GC0_FL380,2022-03-01 00:22:00.000000000,-7.187906126190921,46.90636869283971,11582.4,20645.82054068687,214.98099,0.126309656852299,0.21519459558277187,1.0,0.0,0.0,13.800013513633964
GC0_FL380,2022-03-01 00:23:00.000000000,-7.0554020024062,46.99134219037952,11582.4,20645.82054068687,214.9301,0.12532035841151865,0.21358158111125644,1.0,0.0,0.0,13.800009295126483
GC0_FL380,2022-03-01 00:24:00.000000000,-6.922476402123702,47.07616241072962,11582.4,20645.82054068687,214.85843,0.12572055200518203,0.21436730065432896,1.0,0.0,0.0,13.800005020927465
GC0_FL380,2022-03-01 00:25:00.000000000,-6.789127496144292,47.16082840946671,11582.4,20645.82054068687,214.77832,0.1261279233184806,0.2151773908944356,1.0,0.0,0.0,13.800000690938065
GC0_FL380,2022-03-01 00:26:00.000000000,-6.655353453963729,47.24533923652389,11582.4,20645.82054068687,214.67322,0.12931139313978907,0.22076356702299563,1.0,0.0,0.0,13.799996305067978
GC0_FL380,2022-03-01 00:27:00.000000000,-6.521152443913118,47.32969393616862,11582.4,20645.82054068687,214.57036,0.13425922696074197,0.2293676001763216,1.0,0.0,0.0,13.799991863244522
GC0_FL380,2022-03-01 00:28:00.000000000,-6.386522633302341,47.41389154698097,11582.4,20645.82054068687,214.46109,0.14016627318587918,0.23963328950057344,1.0,0.0,0.0,13.799987365406142
GC0_FL380,2022-03-01 00:29:00.000000000,-6.251462188566615,47.49793110183218,11582.4,20645.82054068687,214.35791,0.1462854229997085,0.25026626969737825,1.0,0.0,0.0,13.79998281150992
GC0_FL380,2022-03-01 00:30:00.000000000,-6.1159692754160595,47.58181162786344,11582.4,20645.82054068687,214.27687,0.15359942516234465,0.26292043182832375,1.0,0.0,0.0,13.799978201523881
GC0_FL380,2022-03-01 00:31:00.000000000,-5.980042058988454,47.66553214646499,11582.4,20645.82054068687,214.20789,0.15997837929499129,0.27396430098697283,1.0,0.0,0.0,13.799973535432741
GC0_FL380,2022-03-01 00:32:00.000000000,-5.84367870400512,47.74909167325553,11582.4,20645.82054068687,214.15523,0.16587761555555644,0.2841668254084834,1.0,0.0,0.0,13.799968813237534
GC0_FL380,2022-03-01 00:33:00.000000000,-5.70687737493005,47.832489218061895,11582.4,20645.82054068687,214.1498,0.17048317743019314,0.2920663395804945,1.0,0.0,0.0,13.799964034957233
GC0_FL380,2022-03-01 00:34:00.000000000,-5.569636236132259,47.91572378489917,11582.4,20645.82054068687,214.13094,0.17475466206503276,0.2994220913466702,1.0,0.0,0.0,13.800035855280361
GC0_FL380,2022-03-01 00:35:00.000000000,-5.431950681045849,47.9987933410855,11582.4,20645.82054068687,214.10265,0.178993716858397,0.3067427360547663,1.0,0.0,0.0,13.80003208062314
GC0_FL380,2022-03-01 00:36:00.000000000,-5.2938216052343305,48.08169789082298,11582.4,20645.82054068687,214.08829,0.18115337875467252,0.3104733428924302,1.0,0.0,0.0,13.800027766635571
GC0_FL380,2022-03-01 00:37:00.000000000,-5.155247191271525,48.164436426955106,11582.4,20645.82054068687,214.04356,0.1841521090915241,0.31570579733278303,1.0,0.0,0.0,13.800023396612284
GC0_FL380,2022-03-01 00:38:00.000000000,-5.016225604851381,48.24700792994952,11582.4,20645.82054068687,213.97672,0.1887237195226415,0.32368595762719243,1.0,0.0,0.0,13.800018970545228
GC0_FL380,2022-03-01 00:39:00.000000000,-4.876755012439158,48.329411374367055,11582.4,20645.82054068687,213.90443,0.19080878336781112,0.32741810979398966,1.0,0.0,0.0,13.800014488442477
GC0_FL380,2022-03-01 00:40:00.000000000,-4.7368335814541895,48.411645728843965,11582.4,20645.82054068687,213.83282,0.19426377320906127,0.3335033843599681,1.0,0.0,0.0,13.800009950331221
GC0_FL380,2022-03-01 00:41:00.000000000,-4.596459480456218,48.493709956074575,11582.4,20645.82054068687,213.78918,0.19366201786916676,0.3325658952141756,1.0,0.0,0.0,13.800005356252322
GC0_FL380,2022-03-01 00:42:00.000000000,-4.455630879335287,48.57560301279429,11582.4,20645.82054068687,213.78697,0.19261275943091463,0.3307683921443894,1.0,0.0,0.0,13.800000706269127
GC0_FL380,2022-03-01 00:43:00.000000000,-4.314345949505185,48.6573238497631,11582.4,20645.82054068687,213.83188,0.19140939074368674,0.32860496809027406,1.0,0.0,0.0,13.799996000461707
GC0_FL380,2022-03-01 00:44:00.000000000,-4.172602864100605,48.73887141174949,11582.4,20645.82054068687,213.90044,0.1901703717464575,0.32633107584583904,1.0,0.0,0.0,13.799991238929968
GC0_FL380,2022-03-01 00:45:00.000000000,-4.030399798177934,48.8202446375148,11582.4,20645.82054068687,214.00372,0.18670184538958498,0.32016081791686907,1.0,0.0,0.0,13.79998642179239
GC0_FL380,2022-03-01 00:46:00.000000000,-3.8877349289197967,48.901442459798034,11582.4,20645.82054068687,214.15273,0.18067997836870997,0.30952926958111776,1.0,0.0,0.0,13.799981549189066
GC0_FL380,2022-03-01 00:47:00.000000000,-3.744606435843342,48.98246380530123,11582.4,20645.82054068687,214.29178,0.17496387531087437,0.2994616766009143,1.0,0.0,0.0,13.799976621281434
GC0_FL380,2022-03-01 00:48:00.000000000,-3.601012501012314,49.06330759467523,11582.4,20645.82054068687,214.42523,0.17052794212886654,0.2916105805302815,1.0,0.0,0.0,13.799971638251657
GC0_FL380,2022-03-01 00:49:00.000000000,-3.456951309253031,49.14397274250603,11582.4,20645.82054068687,214.53542,0.1671133082555294,0.2855617398530971,1.0,0.0,0.0,13.799966600302653
GC0_FL380,2022-03-01 00:50:00.000000000,-3.312421048374104,49.22445815730157,11582.4,20645.82054068687,214.6045,0.1651861384214021,0.28213897285807926,1.0,0.0,0.0,13.799961507663523
GC0_FL380,2022-03-01 00:51:00.000000000,-3.1674199093902,49.304762741479145,11582.4,20645.82054068687,214.63417,0.1653157221802263,0.2823047742888987,1.0,0.0,0.0,13.80003811560671
GC0_FL380,2022-03-01 00:52:00.000000000,-3.021943131385752,49.3848842512864,11582.4,20645.82054068687,214.6396,0.16682280136326647,0.284867558088215,1.0,0.0,0.0,13.80003431143209
GC0_FL380,2022-03-01 00:53:00.000000000,-2.875991817593982,49.46482269242153,11582.4,20645.82054068687,214.61192,0.16850528361487493,0.28779334888442426,1.0,0.0,0.0,13.80002967563927
GC0_FL380,2022-03-01 00:54:00.000000000,-2.7295641981544376,49.54457695964448,11582.4,20645.82054068687,214.56386,0.1698823987688829,0.2902387923764694,1.0,0.0,0.0,13.800024984324816
GC0_FL380,2022-03-01 00:55:00.000000000,-2.582658479303576,49.62414593078313,11582.4,20645.82054068687,214.50587,0.1711682068499413,0.29254804369670295,1.0,0.0,0.0,13.800020237683322
GC0_FL380,2022-03-01 00:56:00.000000000,-2.435272871668278,49.703528477519875,11582.4,20645.82054068687,214.45465,0.1715434863436755,0.2932899138686758,1.0,0.0,0.0,13.800015435926571
GC0_FL380,2022-03-01 00:57:00.000000000,-2.2874055905140325,49.78272346538261,11582.4,20645.82054068687,214.41176,0.17055973889649484,0.29169162845636637,1.0,0.0,0.0,13.800010579292724
GC0_FL380,2022-03-01 00:58:00.000000000,-2.139054855997014,49.86172975373617,11582.4,20645.82054068687,214.38568,0.1686900151456753,0.2885434984962548,1.0,0.0,0.0,13.80000566804335
GC0_FL380,2022-03-01 00:59:00.000000000,-1.990218893420634,49.940546195774644,11582.4,20645.82054068687,214.3475,0.16739532016031672,0.28640143843696697,1.0,0.0,0.0,13.800000702464757
GC0_FL380,2022-03-01 01:00:00.000000000,-1.840895933496165,50.01917163851421,11582.4,20645.82054068687,214.33434,0.16490988697302966,0.2821733772981085,1.0,0.0,0.0,13.799995682868577
GC0_FL380,2022-03-01 01:01:00.000000000,-1.6910842126076457,50.09760492278672,11582.4,20645.82054068687,214.32129,0.16252705901438133,0.2781202534404539,1.0,0.0,0.0,13.799990609591623
GC0_FL380,2022-03-01 01:02:00.000000000,-1.540781973081079,50.17584488323394,11582.4,20645.82054068687,214.2943,0.16116644293448587,0.2758420827778762,1.0,0.0,0.0,13.799985482999908
GC0_FL380,2022-03-01 01:03:00.000000000,-1.3899874634580285,50.2538903483026,11582.4,20645.82054068687,214.26462,0.16019857197896128,0.2742385991598292,1.0,0.0,0.0,13.799980303483485
GC0_FL380,2022-03-01 01:04:00.000000000,-1.2386989387734455,50.33174014024005,11582.4,20645.82054068687,214.24333,0.15894814417646827,0.27213686840973694,1.0,0.0,0.0,13.799975071460995
GC0_FL380,2022-03-01 01:05:00.000000000,-1.0869146608380469,50.409393075090854,11582.4,20645.82054068687,214.17403,0.16081793290776256,0.2754646139003831,1.0,0.0,0.0,13.799969787382079
GC0_FL380,2022-03-01 01:06:00.000000000,-0.9346328985249368,50.48684796269396,11582.4,20645.82054068687,214.10922,0.16273730127708086,0.27887144826223587,1.0,0.0,0.0,13.799964451722667
GC0_FL380,2022-03-01 01:07:00.000000000,-0.7818519280607622,50.56410360668077,11582.4,20645.82054068687,214.03978,0.16499266113417183,0.28286603880177125,1.0,0.0,0.0,13.79995906498832
GC0_FL380,2022-03-01 01:08:00.000000000,-0.6285700333214097,50.64115880447403,11582.4,20645.82054068687,213.94833,0.168739222912575,0.2894636491116972,1.0,0.0,0.0,13.800040250558894
GC0_FL380,2022-03-01 01:09:00.000000000,-0.47478237482134333,50.71801108774824,11582.4,20645.82054068687,213.8602,0.1728541073904359,0.29669440585777923,1.0,0.0,0.0,13.800036449888243
GC0_FL380,2022-03-01 01:10:00.000000000,-0.3204903233010431,50.79466047002034,11582.4,20645.82054068687,213.75455,0.17768193125208645,0.3051933728816983,1.0,0.0,0.0,13.800031495581349
GC0_FL380,2022-03-01 01:11:00.000000000,-0.16569222733307076,50.87110574593124,11582.4,20645.82054068687,213.63704,0.18335574100703858,0.31518151959710644,1.0,0.0,0.0,13.80002648819227
GC0_FL380,2022-03-01 01:12:00.000000000,-0.01038640460530521,50.94734568796158,11582.4,20645.82054068687,213.51808,0.1896046219552632,0.3261771828620644,1.0,0.0,0.0,13.800021428178642
GC0_FL380,2022-03-01 01:13:00.000000000,0.14542881799142826,51.02337906239046,11582.4,20645.82054068687,213.4378,0.1935276842301112,0.3330998883462606,1.0,0.0,0.0,13.800016316031584
GC0_FL380,2022-03-01 01:14:00.000000000,0.30175510404023853,51.099204629299564,11582.4,20645.82054068687,213.3747,0.19672386667594652,0.33874079326747136,1.0,0.0,0.0,13.80001115226905
GC0_FL380,2022-03-01 01:15:00.000000000,0.45859410727043437,51.17482114257816,11582.4,20645.82054068687,213.33267,0.19881481343949586,0.3424337807185218,1.0,0.0,0.0,13.8000059374454
GC0_FL380,2022-03-01 01:16:00.000000000,0.6159474712251815,51.25022734992915,11582.4,20645.82054068687,213.32233,0.19894627244648405,0.34268415460572627,1.0,0.0,0.0,13.800000672141353
GC0_FL380,2022-03-01 01:17:00.000000000,0.7738168289243615,51.325421992876,11582.4,20645.82054068687,213.32806,0.19856862781599582,0.34202116932567167,1.0,0.0,0.0,13.7999953569759
GC0_FL380,2022-03-01 01:18:00.000000000,0.932203802522942,51.400403806770754,11582.4,20645.82054068687,213.30229,0.19966707392461375,0.3439699370406718,1.0,0.0,0.0,13.799989992598045
GC0_FL380,2022-03-01 01:19:00.000000000,1.0911100029643799,51.47517152080301,11582.4,20645.82054068687,213.25803,0.2014659279531481,0.34716945873131444,1.0,0.0,0.0,13.79998457969091
GC0_FL380,2022-03-01 01:20:00.000000000,1.2505370296295943,51.549723858009905,11582.4,20645.82054068687,213.20409,0.2037518786363138,0.35123154739669676,1.0,0.0,0.0,13.799979118975191
GC0_FL380,2022-03-01 01:21:00.000000000,1.410486469980993,51.62405953528727,11582.4,20645.82054068687,213.00728,0.21310732271265775,0.3678265640055264,1.0,0.0,0.0,13.799973611204168
GC0_FL380,2022-03-01 01:22:00.000000000,1.570959899201897,51.698177263401696,11582.4,20645.82054068687,212.78757,0.22387809524725183,0.38696645097757504,1.0,0.0,0.0,13.799968057170684
GC0_FL380,2022-03-01 01:23:00.000000000,1.7319588798311787,51.77207574700383,11582.4,20645.82054068687,212.55956,0.236110693707334,0.40870822615392033,1.0,0.0,0.0,13.799962457699413
GC0_FL380,2022-03-01 01:24:00.000000000,1.8934849613930664,51.84575368464275,11582.4,20645.82054068687,212.2895,0.2528022258682437,0.4383572012636171,1.0,0.0,0.0,13.799956813657149
GC0_FL380,2022-03-01 01:25:00.000000000,2.055539680022396,51.91920976878139,11582.4,20645.82054068687,212.02527,0.27081836630317074,0.4703880031090756,1.0,0.0,0.0,13.800042154299087
GC0_FL380,2022-03-01 01:26:00.000000000,2.2181278486239693,51.99244129650124,11582.4,20645.82054068687,211.77359,0.28981107899290814,0.5041801395469808,1.0,0.0,0.0,13.800038395347975
GC0_FL380,2022-03-01 01:27:00.000000000,2.381247755746821,52.06544829902248,11582.4,20645.82054068687,211.58597,0.3073472829026221,0.5353199039027515,1.0,0.0,0.0,13.800033137066887
GC0_FL380,2022-03-01 01:28:00.000000000,2.5449008423555197,52.13822947261712,11582.4,20645.82054068687,211.44397,0.3229189825891762,0.5629451724626525,1.0,0.0,0.0,13.800027830685213
GC0_FL380,2022-03-01 01:29:00.000000000,2.7090885869023626,52.210783485473385,11582.4,20645.82054068687,211.35675,0.3352598780146347,0.5847809543901767,1.0,0.0,0.0,13.800022477008898
GC0_FL380,2022-03-01 01:30:00.000000000,2.873812452494847,52.283108999789214,11582.4,20645.82054068687,211.33768,0.3427669094026123,0.5979461447098605,1.0,0.0,0.0,13.800017076881304
GC0_FL380,2022-03-01 01:31:00.000000000,3.039073886492103,52.35520467179508,11582.4,20645.82054068687,211.35207,0.3477999224610094,0.6066710464420707,1.0,0.0,0.0,13.8000116311833
GC0_FL380,2022-03-01 01:32:00.000000000,3.204874320096632,52.42706915177804,11582.4,20645.82054068687,211.41608,0.3487383981249235,0.6080632291825034,1.0,0.0,0.0,13.80000614083744
GC0_FL380,2022-03-01 01:33:00.000000000,3.3712151679413354,52.498701084107154,11582.4,20645.82054068687,211.52795,0.34602284923521565,0.6029043153198831,1.0,0.0,0.0,13.800000606803097
GC0_FL380,2022-03-01 01:34:00.000000000,3.538097827671728,52.57009910726018,11582.4,20645.82054068687,211.645,0.3434581683457476,0.5979947491095471,1.0,0.0,0.0,13.799995030082775
GC0_FL380,2022-03-01 01:35:00.000000000,3.705523679523632,52.64126185385161,11582.4,20645.82054068687,211.76183,0.33998842343632013,0.5915178501545515,1.0,0.0,0.0,13.799989411721297
GC0_FL380,2022-03-01 01:36:00.000000000,3.8734940858960045,52.71218795066221,11582.4,20645.82054068687,211.86664,0.33704111840110074,0.5860000979719762,1.0,0.0,0.0,13.799983752801687
GC0_FL380,2022-03-01 01:37:00.000000000,4.04201039091922,52.78287601866978,11582.4,20645.82054068687,211.94261,0.3353755367647333,0.5828247084350663,1.0,0.0,0.0,13.799978054452163
GC0_FL380,2022-03-01 01:38:00.000000000,4.211073920018708,52.853324673081396,11582.4,20645.82054068687,211.95616,0.3358901758865781,0.5836684327821171,1.0,0.0,0.0,13.799972317845754
GC0_FL380,2022-03-01 01:39:00.000000000,4.380685979473958,52.92353252336716,11582.4,20645.82054068687,211.95612,0.33683273281689596,0.5853062415522038,1.0,0.0,0.0,13.79996654419649
GC0_FL380,2022-03-01 01:40:00.000000000,4.550847855972988,52.993498173295265,11582.4,20645.82054068687,211.92053,0.33902760837402396,0.5892534127716258,1.0,0.0,0.0,13.799960734763747
GC0_FL380,2022-03-01 01:41:00.000000000,4.72156081616213,53.06322022096875,11582.4,20645.82054068687,211.81218,0.3434484782080275,0.5973465087132543,1.0,0.0,0.0,13.799954890854742
GC0_FL380,2022-03-01 01:42:00.000000000,4.892826106191535,53.13269725886355,11582.4,20645.82054068687,211.70047,0.3476742761213712,0.6051237809175098,1.0,0.0,0.0,13.80004369387429
GC0_FL380,2022-03-01 01:43:00.000000000,5.064648373766797,53.201926344915194,11582.4,20645.82054068687,211.58186,0.35152840010659914,0.6122898986957055,1.0,0.0,0.0,13.800040019521948
GC0_FL380,2022-03-01 01:44:00.000000000,5.237025480446346,53.270907542595175,11582.4,20645.82054068687,211.45045,0.35508069858120517,0.6189873495692378,1.0,0.0,0.0,13.800034486742401
GC0_FL380,2022-03-01 01:45:00.000000000,5.409958542016128,53.339639456889614,11582.4,20645.82054068687,211.2991,0.35785253354763685,0.6244118933413166,1.0,0.0,0.0,13.800028914083532
GC0_FL380,2022-03-01 01:46:00.000000000,5.583448717588524,53.40812065808024,11582.4,20645.82054068687,211.14037,0.3600767527031369,0.6289188596610388,1.0,0.0,0.0,13.80002330277767
GC0_FL380,2022-03-01 01:47:00.000000000,5.757497143428711,53.47634971103695,11582.4,20645.82054068687,210.9814,0.3622655366958613,0.6333680366033925,1.0,0.0,0.0,13.800017654102959
GC0_FL380,2022-03-01 01:48:00.000000000,5.932104932473757,53.54432517526539,11582.4,20645.82054068687,210.80962,0.36343760293818744,0.6360985786135516,1.0,0.0,0.0,13.800011969384423
GC0_FL380,2022-03-01 01:49:00.000000000,6.10727317384737,53.612045604956435,11582.4,20645.82054068687,210.6311,0.363930784780784,0.6376662130046297,1.0,0.0,0.0,13.800006249993439
GC0_FL380,2022-03-01 01:50:00.000000000,6.283002932370696,53.679509549037114,11582.4,20645.82054068687,210.45428,0.3643683135557386,0.6391328610215432,1.0,0.0,0.0,13.800000497350158
GC0_FL380,2022-03-01 01:51:00.000000000,6.459295248068937,53.746715551223396,11582.4,20645.82054068687,210.27167,0.3651930514250644,0.6413012048957432,1.0,0.0,0.0,13.799994712920459
GC0_FL380,2022-03-01 01:52:00.000000000,6.636151135673946,53.81366215007467,11582.4,20645.82054068687,210.09854,0.3655506003176693,0.6426132028131929,1.0,0.0,0.0,13.799988898221487
GC0_FL380,2022-03-01 01:53:00.000000000,6.8135715841229665,53.88034787904993,11582.4,20645.82054068687,209.93944,0.3663593887133887,0.6446648884670731,1.0,0.0,0.0,13.799983054817007
GC0_FL380,2022-03-01 01:54:00.000000000,6.991557556053451,53.94677126656574,11582.4,20645.82054068687,209.8074,0.36819141156377205,0.6484107966623333,1.0,0.0,0.0,13.79997718432221
GC0_FL380,2022-03-01 01:55:00.000000000,7.170109987294104,54.01293083605608,11582.4,20645.82054068687,209.70369,0.37002985631054813,0.6520614600593329,1.0,0.0,0.0,13.799971288402922
GC0_FL380,2022-03-01 01:56:00.000000000,7.349229786352257,54.07882510603384,11582.4,20645.82054068687,209.63147,0.3725006242370957,0.6567038046640509,1.0,0.0,0.0,13.799965368775869
GC0_FL380,2022-03-01 01:57:00.000000000,7.5289178338974985,54.144452590154366,11582.4,20645.82054068687,209.56673,0.3755522889652284,0.6623432100248756,1.0,0.0,0.0,13.799959427205792
GC0_FL380,2022-03-01 01:58:00.000000000,7.709174982241969,54.20981179728059,11582.4,20645.82054068687,209.5253,0.3783514807393276,0.6674499081579993,1.0,0.0,0.0,13.799953465513312
GC0_FL380,2022-03-01 01:59:00.000000000,7.890002054816966,54.2749012315503,11582.4,20645.82054068687,209.51381,0.38127347272097306,0.6726498722539278,1.0,0.0,0.0,13.800044709298199
GC0_FL380,2022-03-01 02:00:00.000000000,8.07140336006643,54.3397177150441,11582.4,20645.82054068687,209.50484,0.3845230516324373,0.678422531012473,1.0,0.0,0.0,13.800041165932434
GC0_FL380,2022-03-01 02:01:00.000000000,8.253376235746266,54.4042613638653,11582.4,20645.82054068687,209.51308,0.38730375292693536,0.6832925093848699,1.0,0.0,0.0,13.80003540717797
GC0_FL380,2022-03-01 02:02:00.000000000,8.435921335887098,54.46853070587913,11582.4,20645.82054068687,209.52934,0.39111009437478683,0.6899418515638944,1.0,0.0,0.0,13.800029620699759
GC0_FL380,2022-03-01 02:03:00.000000000,8.61903936252284,54.532524226953534,11582.4,20645.82054068687,209.54214,0.3959120512067212,0.6983575755719752,1.0,0.0,0.0,13.800023808234585
GC0_FL380,2022-03-01 02:04:00.000000000,8.802730986129248,54.5962404085977,11582.4,20645.82054068687,209.55342,0.40085027469248957,0.7070179244499459,1.0,0.0,0.0,13.80001797157137
GC0_FL380,2022-03-01 02:05:00.000000000,8.986996845082029,54.659677728041075,11582.4,20645.82054068687,209.55878,0.40577871179047104,0.7156866870386239,1.0,0.0,0.0,13.80001211255036
GC0_FL380,2022-03-01 02:06:00.000000000,9.171837545112288,54.72283465831418,11582.4,20645.82054068687,209.56996,0.4109866480180946,0.7248245668912653,1.0,0.0,0.0,13.800006233064313
GC0_FL380,2022-03-01 02:07:00.000000000,9.357253658759396,54.785709668331585,11582.4,20645.82054068687,209.5766,0.41558223623539453,0.7329001335567844,1.0,0.0,0.0,13.800000335060249
GC0_FL380,2022-03-01 02:08:00.000000000,9.543245724821515,54.84830122297688,11582.4,20645.82054068687,209.59369,0.41837340543678714,0.7377474675583262,1.0,0.0,0.0,13.79999442053751
GC0_FL380,2022-03-01 02:09:00.000000000,9.729814247803706,54.91060778318973,11582.4,20645.82054068687,209.62573,0.41916123136977246,0.7389910666018488,1.0,0.0,0.0,13.799988491549682
GC0_FL380,2022-03-01 02:10:00.000000000,9.916959697363977,54.97262780605501,11582.4,20645.82054068687,209.65463,0.41893522957970464,0.7384607738739294,1.0,0.0,0.0,6.1100550360113415
GC0_FL380,2022-03-01 02:10:26.566305980,10.0,55.0,11582.4,20645.82054068687,209.6561,0.41974198934821155,0.7398788113909273,1.0,0.0,0.0,0.0
NW150_FL380,2022-03-01 00:00:00.000000000,-10.000000000000002,45.00000000000001,11582.4,20645.82054068687,215.15063,0.17115926894927438,0.2912719481609145,1.0,0.0,0.0,13.800014615529586
NW150_FL380,2022-03-01 00:01:00.000000000,-9.911943680217473,45.10739059751919,11582.4,20645.82054068687,215.22467,0.16592231028130766,0.2822186183617742,1.0,0.0,0.0,13.800013510743517
NW150_FL380,2022-03-01 00:02:00.000000000,-9.823535417039643,45.21470503205091,11582.4,20645.82054068687,215.30849,0.16120107738193606,0.27403323358637066,1.0,0.0,0.0,13.800012336604626
NW150_FL380,2022-03-01 00:03:00.000000000,-9.734752775491534,45.32193450949788,11582.4,20645.82054068687,215.36255,0.15770030739932062,0.26798380102496633,1.0,0.0,0.0,13.800011102228465
NW150_FL380,2022-03-01 00:04:00.000000000,-9.64557321962325,45.4290701602766,11582.4,20645.82054068687,215.39198,0.15411091790718529,0.26183246543629524,1.0,0.0,0.0,13.800009817596628
NW150_FL380,2022-03-01 00:05:00.000000000,-9.555974120765597,45.53610303447345,11582.4,20645.82054068687,215.41267,0.1510786857390497,0.25664401593864006,1.0,0.0,0.0,13.800008493466299
NW150_FL380,2022-03-01 00:06:00.000000000,-9.465932766099801,45.64302409705574,11582.4,20645.82054068687,215.41971,0.1489260215144831,0.2529750439182667,1.0,0.0,0.0,13.8000071412585
NW150_FL380,2022-03-01 00:07:00.000000000,-9.37542636757764,45.74982422315823,11582.4,20645.82054068687,215.43073,0.14675263490442456,0.24926553417865885,1.0,0.0,0.0,13.800005772917848
NW150_FL380,2022-03-01 00:08:00.000000000,-9.284432071228174,45.85649419346592,11582.4,20645.82054068687,215.40213,0.14412617718830364,0.2448511673637323,1.0,0.0,0.0,13.800004400762623
NW150_FL380,2022-03-01 00:09:00.000000000,-9.192926966886413,45.96302468971482,11582.4,20645.82054068687,215.35995,0.141212552331628,0.23997034382427232,1.0,0.0,0.0,13.800003037318143
NW150_FL380,2022-03-01 00:10:00.000000000,-9.100888098379096,46.069406290332594,11582.4,20645.82054068687,215.29752,0.13834256431312475,0.23519246594795565,1.0,0.0,0.0,13.800001695131416
NW150_FL380,2022-03-01 00:11:00.000000000,-9.008292474201193,46.175629466241716,11582.4,20645.82054068687,215.23083,0.1358398585466423,0.23104135736586057,1.0,0.0,0.0,13.800000386583605
NW150_FL380,2022-03-01 00:12:00.000000000,-8.915117078716126,46.2816845768484,11582.4,20645.82054068687,215.17987,0.13304793733358403,0.22637061305684655,1.0,0.0,0.0,13.799999123681374
NW150_FL380,2022-03-01 00:13:00.000000000,-8.82133888391088,46.38756186624089,11582.4,20645.82054068687,215.16052,0.1301905373876677,0.22153829172683007,1.0,0.0,0.0,13.799997917859939
NW150_FL380,2022-03-01 00:14:00.000000000,-8.726934861735826,46.49325145962168,11582.4,20645.82054068687,215.15276,0.12759239610281078,0.21712856514686035,1.0,0.0,0.0,13.799996779771385
NW150_FL380,2022-03-01 00:15:00.000000000,-8.631881997057086,46.59874335999853,11582.4,20645.82054068687,215.22601,0.12357997123771762,0.21019610036941683,1.0,0.0,0.0,13.799995719077321
NW150_FL380,2022-03-01 00:16:00.000000000,-8.536157301247139,46.70402744515966,11582.4,20645.82054068687,215.31128,0.11931847963837593,0.20283137732985798,1.0,0.0,0.0,13.79999474425429
NW150_FL380,2022-03-01 00:17:00.000000000,-8.439737826436936,46.809093464959474,11582.4,20645.82054068687,215.41388,0.11480407807785968,0.19502142360131505,1.0,0.0,0.0,13.799993862396043
NW150_FL380,2022-03-01 00:18:00.000000000,-8.342600680450126,46.91393103894103,11582.4,20645.82054068687,215.51897,0.11025650787734034,0.18716320507183962,1.0,0.0,0.0,13.799993079039334
NW150_FL380,2022-03-01 00:19:00.000000000,-8.244723042436963,47.01852965432236,11582.4,20645.82054068687,215.60883,0.10604944433923262,0.17991138455017883,1.0,0.0,0.0,13.79999239800333
NW150_FL380,2022-03-01 00:20:00.000000000,-8.146082179222427,47.12287866437407,11582.4,20645.82054068687,215.64249,0.10309442726221266,0.17485810290768508,1.0,0.0,0.0,13.799991821243808
NW150_FL380,2022-03-01 00:21:00.000000000,-8.046655462379125,47.22696728721557,11582.4,20645.82054068687,215.6674,0.10021359118030293,0.16994295425796252,1.0,0.0,0.0,13.79999134873503
NW150_FL380,2022-03-01 00:22:00.000000000,-7.946420386032092,47.33078460505782,11582.4,20645.82054068687,215.68372,0.09817707398536259,0.16647054558038543,1.0,0.0,0.0,13.799990978379531
NW150_FL380,2022-03-01 00:23:00.000000000,-7.845354585398439,47.434319563920425,11582.4,20645.82054068687,215.69356,0.0963525924128191,0.1633662290776962,1.0,0.0,0.0,13.799990705942896
NW150_FL380,2022-03-01 00:24:00.000000000,-7.743435856059993,47.537560973850695,11582.4,20645.82054068687,215.69885,0.09473704486691352,0.16062144530352634,1.0,0.0,0.0,13.799990525026583
NW150_FL380,2022-03-01 00:25:00.000000000,-7.640642173962943,47.64049750967218,11582.4,20645.82054068687,215.71735,0.09332833168353995,0.15821284445743194,1.0,0.0,0.0,13.799990427059264
NW150_FL380,2022-03-01 00:26:00.000000000,-7.536951716133178,47.743117712289695,11582.4,20645.82054068687,215.73022,0.09187087681471963,0.15572849723809473,1.0,0.0,0.0,13.799990401351167
NW150_FL380,2022-03-01 00:27:00.000000000,-7.432342882090881,47.84540999057738,11582.4,20645.82054068687,215.75366,0.0905693693016165,0.15349779496317592,1.0,0.0,0.0,13.799990435152703
NW150_FL380,2022-03-01 00:28:00.000000000,-7.32679431594254,47.94736262387532,11582.4,20645.82054068687,215.79004,0.08897724441255318,0.15076176432860514,1.0,0.0,0.0,13.799990513782763
NW150_FL380,2022-03-01 00:29:00.000000000,-7.220284929122936,48.04896376511957,11582.4,20645.82054068687,215.8382,0.08734031333231397,0.14793985521621075,1.0,0.0,0.0,13.799990620759637
NW150_FL380,2022-03-01 00:30:00.000000000,-7.112793923753648,48.15020144462874,11582.4,20645.82054068687,215.89534,0.08576355408132032,0.14521185246502644,1.0,0.0,0.0,13.799990738007454
NW150_FL380,2022-03-01 00:31:00.000000000,-7.00430081657882,48.251063574569415,11582.4,20645.82054068687,215.96371,0.08402733087392317,0.1422058457882377,1.0,0.0,0.0,13.799990846062991
NW150_FL380,2022-03-01 00:32:00.000000000,-6.894785463432784,48.351537954120296,11582.4,20645.82054068687,216.06082,0.08315774529728884,0.1406402800738382,1.0,0.0,0.0,13.79999092434128
NW150_FL380,2022-03-01 00:33:00.000000000,-6.784228084187853,48.45161227535354,11582.4,20645.82054068687,216.17554,0.08219987180751084,0.13891073020447786,1.0,0.0,0.0,13.79999095142065
NW150_FL380,2022-03-01 00:34:00.000000000,-6.672609288124424,48.55127412984912,11582.4,20645.82054068687,216.26465,0.08221704909750008,0.13885446775555904,1.0,0.0,0.0,13.799990905357314
NW150_FL380,2022-03-01 00:35:00.000000000,-6.559910099659522,48.650511016055766,11582.4,20645.82054068687,216.33699,0.08193615111398074,0.1383111674966527,1.0,0.0,0.0,13.799990764032621
NW150_FL380,2022-03-01 00:36:00.000000000,-6.446111984363311,48.74931034740906,11582.4,20645.82054068687,216.4093,0.08095601513107861,0.1365880002431501,1.0,0.0,0.0,13.799990505510175
NW150_FL380,2022-03-01 00:37:00.000000000,-6.331196875187807,48.84765946121438,11582.4,20645.82054068687,216.43016,0.0808250444298996,0.13634744669422857,1.0,0.0,0.0,13.799990108416592
NW150_FL380,2022-03-01 00:38:00.000000000,-6.215147198825244,48.94554562829887,11582.4,20645.82054068687,216.45438,0.08065168344302827,0.13603213871527933,1.0,0.0,0.0,13.799989552329267
NW150_FL380,2022-03-01 00:39:00.000000000,-6.097945902109083,49.04295606343325,11582.4,20645.82054068687,216.47813,0.08108799472249116,0.13674547077322416,1.0,0.0,0.0,13.799988818168638
NW150_FL380,2022-03-01 00:40:00.000000000,-5.979576478364332,49.13987793652022,11582.4,20645.82054068687,216.52275,0.081311073004293,0.13707937040126394,1.0,0.0,0.0,13.799987888596085
NW150_FL380,2022-03-01 00:41:00.000000000,-5.860022993609616,49.23629838454239,11582.4,20645.82054068687,216.58015,0.08116246847579027,0.13677426641045948,1.0,0.0,0.0,13.799986748391927
NW150_FL380,2022-03-01 00:42:00.000000000,-5.739270112508919,49.33220452425832,11582.4,20645.82054068687,216.67448,0.080376607674576,0.13536139161021132,1.0,0.0,0.0,13.799985384831924
NW150_FL380,2022-03-01 00:43:00.000000000,-5.617303123966524,49.42758346563079,11582.4,20645.82054068687,216.76305,0.07982691491864567,0.13435268178160997,1.0,0.0,0.0,13.799983788033904
NW150_FL380,2022-03-01 00:44:00.000000000,-5.4941079662560375,49.52242232596687,11582.4,20645.82054068687,216.84723,0.07892502625869226,0.13275642790622783,1.0,0.0,0.0,13.799981951284067
NW150_FL380,2022-03-01 00:45:00.000000000,-5.369671251570929,49.61670824474481,11582.4,20645.82054068687,216.90295,0.07840212161708214,0.13182577406301452,1.0,0.0,0.0,13.799979871326002
NW150_FL380,2022-03-01 00:46:00.000000000,-5.243980289882591,49.710428399097715,11582.4,20645.82054068687,216.95776,0.07788556040523097,0.1309069613495725,1.0,0.0,0.0,13.799977548611706
NW150_FL380,2022-03-01 00:47:00.000000000,-5.117023111990287,49.803570019919526,11582.4,20645.82054068687,216.96771,0.07768740973012817,0.13056517561503472,1.0,0.0,0.0,13.799974987505227
NW150_FL380,2022-03-01 00:48:00.000000000,-4.988788491647018,49.896120408553536,11582.4,20645.82054068687,216.94844,0.07789160250495013,0.13092592056461969,1.0,0.0,0.0,13.799972196443608
NW150_FL380,2022-03-01 00:49:00.000000000,-4.85926596664584,49.98806695401959,11582.4,20645.82054068687,216.92253,0.07909492114629904,0.13297255257637736,1.0,0.0,0.0,13.79996918802526
NW150_FL380,2022-03-01 00:50:00.000000000,-4.728445858752139,50.079397150730635,11582.4,20645.82054068687,216.86072,0.08024332836623801,0.13496119001241688,1.0,0.0,0.0,13.799965979069924
NW150_FL380,2022-03-01 00:51:00.000000000,-4.596319292369935,50.17009861664571,11582.4,20645.82054068687,216.79668,0.08098458959786121,0.13626895005812828,1.0,0.0,0.0,13.799962590579305
NW150_FL380,2022-03-01 00:52:00.000000000,-4.462878211833166,50.26015911180118,11582.4,20645.82054068687,216.72855,0.0818709089831481,0.13782594495213019,1.0,0.0,0.0,13.799959047664926
NW150_FL380,2022-03-01 00:53:00.000000000,-4.328115397217069,50.34956655715893,11582.4,20645.82054068687,216.64017,0.08307592357750668,0.13994030732286342,1.0,0.0,0.0,13.799955379398677
NW150_FL380,2022-03-01 00:54:00.000000000,-4.192024478569649,50.43830905370571,11582.4,20645.82054068687,216.55663,0.08419982674915336,0.14191619425087365,1.0,0.0,0.0,13.799951618596008
NW150_FL380,2022-03-01 00:55:00.000000000,-4.05459994846935,50.526374901734854,11582.4,20645.82054068687,216.48958,0.08538690006041631,0.14398369596875704,1.0,0.0,0.0,13.799947801542151
NW150_FL380,2022-03-01 00:56:00.000000000,-3.915837172821923,50.61375262023863,11582.4,20645.82054068687,216.43942,0.08647914125944647,0.14587625804225035,1.0,0.0,0.0,13.799961634315533
NW150_FL380,2022-03-01 00:57:00.000000000,-3.775730534366871,50.70042998100058,11582.4,20645.82054068687,216.38536,0.08753882400260253,0.14771921652001835,1.0,0.0,0.0,13.800015187556577
NW150_FL380,2022-03-01 00:58:00.000000000,-3.634272966085093,50.78639370865784,11582.4,20645.82054068687,216.37349,0.08861379618216435,0.14954522405565593,1.0,0.0,0.0,13.800009923240955
NW150_FL380,2022-03-01 00:59:00.000000000,-3.491468425213449,50.87163617748502,11582.4,20645.82054068687,216.38835,0.08932097880381693,0.15072301187898227,1.0,0.0,0.0,13.800004456466626
NW150_FL380,2022-03-01 01:00:00.000000000,-3.3473158711349957,50.956146985350514,11582.4,20645.82054068687,216.3942,0.0898818583274258,0.151663443768527,1.0,0.0,0.0,13.799998839363584
NW150_FL380,2022-03-01 01:01:00.000000000,-3.201815162333295,51.03991604591398,11582.4,20645.82054068687,216.43547,0.08985121532606553,0.15156801140521978,1.0,0.0,0.0,13.799993126409735
NW150_FL380,2022-03-01 01:02:00.000000000,-3.0549670550937402,51.122933607024926,11582.4,20645.82054068687,216.50671,0.08934142672593422,0.1506339244690427,1.0,0.0,0.0,13.799987373795798
NW150_FL380,2022-03-01 01:03:00.000000000,-2.9067732000863327,51.20519026867862,11582.4,20645.82054068687,216.54959,0.08893140205698687,0.14989821983615106,1.0,0.0,0.0,13.799981638763203
NW150_FL380,2022-03-01 01:04:00.000000000,-2.75723613682413,51.28667700045241,11582.4,20645.82054068687,216.58168,0.08863305778816793,0.14936179516367995,1.0,0.0,0.0,13.799975978917063
NW150_FL380,2022-03-01 01:05:00.000000000,-2.6063592860038653,51.367385158347936,11582.4,20645.82054068687,216.61476,0.08844475924051169,0.1490105015780576,1.0,0.0,0.0,13.799970451534813
NW150_FL380,2022-03-01 01:06:00.000000000,-2.4541469397475377,51.44730650096773,11582.4,20645.82054068687,216.64117,0.0881218412778046,0.14843902443308538,1.0,0.0,0.0,13.799965112869177
NW150_FL380,2022-03-01 01:07:00.000000000,-2.300604249774821,51.526433204957165,11582.4,20645.82054068687,216.64793,0.08793158723722998,0.14811177489941163,1.0,0.0,0.0,13.799960017463881
NW150_FL380,2022-03-01 01:08:00.000000000,-2.145737213549071,51.60475787964777,11582.4,20645.82054068687,216.66121,0.08768774330719725,0.14768751529361127,1.0,0.0,0.0,13.799955217494318
NW150_FL380,2022-03-01 01:09:00.000000000,-1.9895526584501013,51.682273580841326,11582.4,20645.82054068687,216.64807,0.08768316147701362,0.14769286488117372,1.0,0.0,0.0,13.799950762132118
NW150_FL380,2022-03-01 01:10:00.000000000,-1.832058224038491,51.758973823679455,11582.4,20645.82054068687,216.60419,0.08769793000998653,0.14776305980673923,1.0,0.0,0.0,13.799946696952656
NW150_FL380,2022-03-01 01:11:00.000000000,-1.6732623424866224,51.83485259454882,11582.4,20645.82054068687,216.56226,0.08776044631817151,0.14791162631136823,1.0,0.0,0.0,13.799943063395368
NW150_FL380,2022-03-01 01:12:00.000000000,-1.513174217261294,51.909904361977446,11582.4,20645.82054068687,216.49248,0.08820151074932513,0.1487267669222649,1.0,0.0,0.0,13.799939898272926
NW150_FL380,2022-03-01 01:13:00.000000000,-1.3518038001522044,51.98412408648381,11582.4,20645.82054068687,216.39745,0.08897514634487062,0.15013047047055447,1.0,0.0,0.0,13.799939745243607
NW150_FL380,2022-03-01 01:14:00.000000000,-1.1891615462200298,52.057507082236924,11582.4,20645.82054068687,216.2926,0.0900697036312615,0.15208715983915658,1.0,0.0,0.0,13.800020924011612
NW150_FL380,2022-03-01 01:15:00.000000000,-1.0252518319892376,52.13004458185368,11582.4,20645.82054068687,216.16956,0.09152094451217967,0.15466884991986346,1.0,0.0,0.0,13.800013978858964
NW150_FL380,2022-03-01 01:16:00.000000000,-0.8600941937770141,52.20173800568454,11582.4,20645.82054068687,216.04977,0.09385409814399359,0.15874253809588695,1.0,0.0,0.0,13.800007477983955
NW150_FL380,2022-03-01 01:17:00.000000000,-0.6937013373187131,52.27258437763797,11582.4,20645.82054068687,215.92763,0.09644815753081272,0.16326680266937094,1.0,0.0,0.0,13.800001452770012
NW150_FL380,2022-03-01 01:18:00.000000000,-0.5260865789675423,52.34258124591907,11582.4,20645.82054068687,215.80211,0.09903971581934827,0.16779810090273609,1.0,0.0,0.0,13.799995928589095
NW150_FL380,2022-03-01 01:19:00.000000000,-0.35726381511859207,52.4117266860437,11582.4,20645.82054068687,215.68173,0.10262855905386914,0.17402114812386696,1.0,0.0,0.0,13.79999092471825
NW150_FL380,2022-03-01 01:20:00.000000000,-0.1872474908346242,52.480019302721765,11582.4,20645.82054068687,215.56104,0.10654720926133289,0.18081425787059865,1.0,0.0,0.0,13.799986454317708
NW150_FL380,2022-03-01 01:21:00.000000000,-0.0160525678074433,52.54745823062341,11582.4,20645.82054068687,215.44109,0.11096949827965234,0.18847264847675005,1.0,0.0,0.0,13.799982524503399
NW150_FL380,2022-03-01 01:22:00.000000000,0.15630550821031364,52.614043134048934,11582.4,20645.82054068687,215.35822,0.11568480282398085,0.19659157751431675,1.0,0.0,0.0,13.79997913648606
NW150_FL380,2022-03-01 01:23:00.000000000,0.329810840369795,52.67977420552756,11582.4,20645.82054068687,215.24512,0.1208516539397614,0.20552977273930537,1.0,0.0,0.0,13.799976285786364
NW150_FL380,2022-03-01 01:24:00.000000000,0.5044471139547051,52.74465216337665,11582.4,20645.82054068687,215.09712,0.12644686255179705,0.21525973707374246,1.0,0.0,0.0,13.799973962517008
NW150_FL380,2022-03-01 01:25:00.000000000,0.680197629744843,52.80867824825721,11582.4,20645.82054068687,214.991,0.13133781941325978,0.22374628205023864,1.0,0.0,0.0,13.799972151720771
NW150_FL380,2022-03-01 01:26:00.000000000,0.857045337388637,52.8718542187659,11582.4,20645.82054068687,214.85976,0.13680015318579797,0.23325681900181172,1.0,0.0,0.0,13.799970833761792
NW150_FL380,2022-03-01 01:27:00.000000000,1.034972868662569,52.93418234610838,11582.4,20645.82054068687,214.70331,0.143044388718599,0.24415953596488443,1.0,0.0,0.0,13.799969984769
NW150_FL380,2022-03-01 01:28:00.000000000,1.2139625705007244,52.99566540790184,11582.4,20645.82054068687,214.53508,0.1500598359850231,0.2564215466333066,1.0,0.0,0.0,13.799969577100743
NW150_FL380,2022-03-01 01:29:00.000000000,1.3939965376829655,53.056306681157686,11582.4,20645.82054068687,214.32068,0.1578631562838106,0.27014042933111104,1.0,0.0,0.0,13.799969579857322
NW150_FL380,2022-03-01 01:30:00.000000000,1.5750566450764563,53.11610993449817,11582.4,20645.82054068687,214.07922,0.16665529304309293,0.285642614437018,1.0,0.0,0.0,13.799969959394309
NW150_FL380,2022-03-01 01:31:00.000000000,1.7571245793312809,53.17507941966272,11582.4,20645.82054068687,213.81963,0.1765254319037837,0.30307727581921096,1.0,0.0,0.0,13.799970679859165
NW150_FL380,2022-03-01 01:32:00.000000000,1.9401818699385918,53.23321986236095,11582.4,20645.82054068687,213.51125,0.18914550701901695,0.3254014648488827,1.0,0.0,0.0,13.799971703727884
NW150_FL380,2022-03-01 01:33:00.000000000,2.1242099195660367,53.29053645253109,11582.4,20645.82054068687,213.20192,0.20221040955043493,0.348579177385782,1.0,0.0,0.0,13.799972992333837
NW150_FL380,2022-03-01 01:34:00.000000000,2.3091900335932243,53.34703483406254,11582.4,20645.82054068687,212.92072,0.21595104736484294,0.3729441562980218,1.0,0.0,0.0,13.799974506384897
NW150_FL380,2022-03-01 01:35:00.000000000,2.4951034487770922,53.402721094041766,11582.4,20645.82054068687,212.69208,0.23039707777554924,0.39847883156739583,1.0,0.0,0.0,13.799976206465772
NW150_FL380,2022-03-01 01:36:00.000000000,2.6819313609848683,53.457601751580526,11582.4,20645.82054068687,212.49202,0.24455628640862415,0.423510698682694,1.0,0.0,0.0,13.799978053504757
NW150_FL380,2022-03-01 01:37:00.000000000,2.8696549519397707,53.511683746284476,11582.4,20645.82054068687,212.36372,0.25679589099096156,0.44507134886185284,1.0,0.0,0.0,13.799980009221503
NW150_FL380,2022-03-01 01:38:00.000000000,3.0582554149321086,53.56497442641937,11582.4,20645.82054068687,212.2867,0.2670890033990815,0.4631386559775575,1.0,0.0,0.0,13.799982036526542
NW150_FL380,2022-03-01 01:39:00.000000000,3.2477139794557783,53.61748153683056,11582.4,20645.82054068687,212.23813,0.2761288258860316,0.4789631058126871,1.0,0.0,0.0,13.799984099891018
NW150_FL380,2022-03-01 01:40:00.000000000,3.4380119347371982,53.6692132066701,11582.4,20645.82054068687,212.23796,0.2832101558733286,0.4912477141903833,1.0,0.0,0.0,13.799986165670656
NW150_FL380,2022-03-01 01:41:00.000000000,3.629130652131118,53.72017793698295,11582.4,20645.82054068687,212.23488,0.290140990757724,0.503278298116374,1.0,0.0,0.0,13.79998820237766
NW150_FL380,2022-03-01 01:42:00.000000000,3.821051606363487,53.770384588202695,11582.4,20645.82054068687,212.22757,0.29712273618260016,0.5154124969453676,1.0,0.0,0.0,13.799990180922991
NW150_FL380,2022-03-01 01:43:00.000000000,4.013756395608983,53.81984236760365,11582.4,20645.82054068687,212.21861,0.3040426779931084,0.5274475374086929,1.0,0.0,0.0,13.79999207479392
NW150_FL380,2022-03-01 01:44:00.000000000,4.207226760395775,53.868560816754226,11582.4,20645.82054068687,212.16675,0.3114498592582633,0.5404759063519682,1.0,0.0,0.0,13.79999386020077
NW150_FL380,2022-03-01 01:45:00.000000000,4.401444601336398,53.9165497990135,11582.4,20645.82054068687,212.0836,0.3211007032229489,0.5575172769193594,1.0,0.0,0.0,13.799995516168021
NW150_FL380,2022-03-01 01:46:00.000000000,4.59639199568854,53.96381948710966,11582.4,20645.82054068687,211.98538,0.32945175372770336,0.5723743661969125,1.0,0.0,0.0,13.799997024593432
NW150_FL380,2022-03-01 01:47:00.000000000,4.792051212754257,54.01038035083665,11582.4,20645.82054068687,211.8745,0.33626000900165537,0.5846131185038345,1.0,0.0,0.0,13.799998370255315
NW150_FL380,2022-03-01 01:48:00.000000000,4.988404728130883,54.05624314490155,11582.4,20645.82054068687,211.75316,0.3441855473560791,0.5988508188695757,1.0,0.0,0.0,13.799999540791967
NW150_FL380,2022-03-01 01:49:00.000000000,5.185435236830494,54.101418896952666,11582.4,20645.82054068687,211.68163,0.34650438729678246,0.6031600649184724,1.0,0.0,0.0,13.800000526639762
NW150_FL380,2022-03-01 01:50:00.000000000,5.383125665288684,54.14591889581483,11582.4,20645.82054068687,211.61827,0.34758859402816694,0.6052882099765485,1.0,0.0,0.0,13.800001320950413
NW150_FL380,2022-03-01 01:51:00.000000000,5.581459182286482,54.18975467995547,11582.4,20645.82054068687,211.5726,0.3476421550213536,0.6055553108012042,1.0,0.0,0.0,13.800001919470516
NW150_FL380,2022-03-01 01:52:00.000000000,5.780419208811863,54.23293802620198,11582.4,20645.82054068687,211.51393,0.34846640881520297,0.6072153344976751,1.0,0.0,0.0,13.800002320404134
NW150_FL380,2022-03-01 01:53:00.000000000,5.979989426890096,54.27548093872749,11582.4,20645.82054068687,211.43683,0.3496723422975417,0.6096130745564394,1.0,0.0,0.0,13.800002524262844
NW150_FL380,2022-03-01 01:54:00.000000000,6.180153787413816,54.31739563831984,11582.4,20645.82054068687,211.25595,0.35142295899125275,0.6133586022658079,1.0,0.0,0.0,13.800002533692991
NW150_FL380,2022-03-01 01:55:00.000000000,6.3808965170056196,54.35869455194499,11582.4,20645.82054068687,211.04498,0.3534419335456099,0.6176962980775893,1.0,0.0,0.0,13.800002353293928
NW150_FL380,2022-03-01 01:56:00.000000000,6.5822021239473365,54.399390302613654,11582.4,20645.82054068687,210.79706,0.3558159406893653,0.6228087591418726,1.0,0.0,0.0,13.80000198943833
NW150_FL380,2022-03-01 01:57:00.000000000,6.784055403211021,54.4394956995573,11582.4,20645.82054068687,210.51482,0.3588530767937052,0.6292214368012945,1.0,0.0,0.0,13.800001450080874
NW150_FL380,2022-03-01 01:58:00.000000000,6.986441440627737,54.479023728716754,11582.4,20645.82054068687,210.20401,0.3630994717619881,0.637890480030401,1.0,0.0,0.0,13.800000744570198
NW150_FL380,2022-03-01 01:59:00.000000000,7.18934561623043,54.51798754354435,11582.4,20645.82054068687,209.95685,0.3687348973913318,0.6487739376764602,1.0,0.0,0.0,13.799999883471097
NW150_FL380,2022-03-01 02:00:00.000000000,7.392753606807693,54.55640045611831,11582.4,20645.82054068687,209.75706,0.37382360279182714,0.6585308907662883,1.0,0.0,0.0,13.799998878381079
NW150_FL380,2022-03-01 02:01:00.000000000,7.596651387704953,54.594275928565615,11582.4,20645.82054068687,209.62213,0.3782418645875854,0.6668624886818819,1.0,0.0,0.0,13.799997741767196
NW150_FL380,2022-03-01 02:02:00.000000000,7.801025233909899,54.63162756478736,11582.4,20645.82054068687,209.5474,0.38187229413452767,0.6735707675472408,1.0,0.0,0.0,13.799996486806835
NW150_FL380,2022-03-01 02:03:00.000000000,8.005861720458118,54.66846910247922,11582.4,20645.82054068687,209.47406,0.3853133666292829,0.6799439143788203,1.0,0.0,0.0,13.799995127240448
NW150_FL380,2022-03-01 02:04:00.000000000,8.21114772219488,54.70481440543687,11582.4,20645.82054068687,209.48145,0.3878585595381199,0.6844029021831347,1.0,0.0,0.0,13.799993677240758
NW150_FL380,2022-03-01 02:05:00.000000000,8.416870412928134,54.74067745613532,11582.4,20645.82054068687,209.48058,0.3903614129054465,0.6888237980812442,1.0,0.0,0.0,13.799992151289874
NW150_FL380,2022-03-01 02:06:00.000000000,8.623017264007114,54.77607234856892,11582.4,20645.82054068687,209.48741,0.3944725685146266,0.6960489079331893,1.0,0.0,0.0,13.799990564074568
NW150_FL380,2022-03-01 02:07:00.000000000,8.829576042360262,54.81101328133762,11582.4,20645.82054068687,209.50473,0.3997501155829675,0.7052877683133735,1.0,0.0,0.0,13.799988930389441
NW150_FL380,2022-03-01 02:08:00.000000000,9.036534808025143,54.845514550963514,11582.4,20645.82054068687,209.52293,0.40508782556711587,0.7146255799080268,1.0,0.0,0.0,13.799987265057572
NW150_FL380,2022-03-01 02:09:00.000000000,9.243881911202225,54.87959054542058,11582.4,20645.82054068687,209.53632,0.4117007467595317,0.7262311983828534,1.0,0.0,0.0,13.799985582857834
NW150_FL380,2022-03-01 02:10:00.000000000,9.451605988863491,54.91325573785914,11582.4,20645.82054068687,209.55188,0.41650827516889205,0.7346428923414273,1.0,0.0,0.0,13.799983898464221
NW150_FL380,2022-03-01 02:11:00.000000000,9.659695960945642,54.94652468050605,11582.4,20645.82054068687,209.58513,0.41897823466004297,0.7388512325507666,1.0,0.0,0.0,13.799982226394873
NW150_FL380,2022-03-01 02:12:00.000000000,9.868141026157087,54.97941199871997,11582.4,20645.82054068687,209.62508,0.41976972926035666,0.7400657678177728,1.0,0.0,0.0,8.717907553283178
NW150_FL380,2022-03-01 02:12:37.904240283,10.0,55.0,11582.4,20645.82054068687,209.6459,0.4202500241052821,0.7408180125060393,1.0,0.0,0.0,0.0
NW300_FL380,2022-03-01 00:00:00.000000000,-10.000000000000002,45.00000000000001,11582.4,20645.82054068687,215.15063,0.17115926894927438,0.2912719481609145,1.0,0.0,0.0,13.800034843118594
NW300_FL380,2022-03-01 00:01:00.000000000,-9.948323151402047,45.11861698721326,11582.4,20645.82054068687,215.3001,0.16336675778914242,0.2777304061604327,1.0,0.0,0.0,13.800006665435859
NW300_FL380,2022-03-01 00:02:00.000000000,-9.896402137726424,45.2372040256995,11582.4,20645.82054068687,215.45433,0.1561368688503501,0.26516207657565016,1.0,0.0,0.0,13.799977763173437
NW300_FL380,2022-03-01 00:03:00.000000000,-9.844205048187119,45.355754336568715,11582.4,20645.82054068687,215.55966,0.15093072495957205,0.25613740075982133,1.0,0.0,0.0,13.800003201880159
NW300_FL380,2022-03-01 00:04:00.000000000,-9.79169221545635,45.47425993803365,11582.4,20645.82054068687,215.66188,0.14606857357221048,0.2477140987335971,1.0,0.0,0.0,13.800019831035982
NW300_FL380,2022-03-01 00:05:00.000000000,-9.73883020753365,45.592713564836444,11582.4,20645.82054068687,215.72983,0.14195381740126994,0.2406238530333289,1.0,0.0,0.0,13.799990542186567
NW300_FL380,2022-03-01 00:06:00.000000000,-9.68559173693477,45.711108893423734,11582.4,20645.82054068687,215.78465,0.13798803309142782,0.23381395072934846,1.0,0.0,0.0,13.799966575556896
NW300_FL380,2022-03-01 00:07:00.000000000,-9.631942676019541,45.82943851868831,11582.4,20645.82054068687,215.82294,0.13414325142647698,0.22723941938662248,1.0,0.0,0.0,13.800034470564826
NW300_FL380,2022-03-01 00:08:00.000000000,-9.577832641962,45.94769216492699,11582.4,20645.82054068687,215.85176,0.13037621783017947,0.22081488898273668,1.0,0.0,0.0,13.800004853679956
NW300_FL380,2022-03-01 00:09:00.000000000,-9.523242741476356,46.0658646319852,11582.4,20645.82054068687,215.86296,0.1267629864383877,0.21467857638397445,1.0,0.0,0.0,13.799975174589125
NW300_FL380,2022-03-01 00:10:00.000000000,-9.468138670649463,46.1839481275579,11582.4,20645.82054068687,215.85382,0.12314514887404887,0.20856478118089383,1.0,0.0,0.0,13.799996337513656
NW300_FL380,2022-03-01 00:11:00.000000000,-9.412475134560134,46.30193273606196,11582.4,20645.82054068687,215.84515,0.11971442806489449,0.2027661737672131,1.0,0.0,0.0,13.80002177829723
NW300_FL380,2022-03-01 00:12:00.000000000,-9.356214232217248,46.41980959140651,11582.4,20645.82054068687,215.84424,0.11649364992464925,0.1973127601688194,1.0,0.0,0.0,13.799991978487872
NW300_FL380,2022-03-01 00:13:00.000000000,-9.299331078055891,46.53757207105862,11582.4,20645.82054068687,215.86617,0.11301388465103519,0.19138937305290027,1.0,0.0,0.0,13.79996288903523
NW300_FL380,2022-03-01 00:14:00.000000000,-9.2417896335749,46.65521139046437,11582.4,20645.82054068687,215.93687,0.10875638543201745,0.1840902433707299,1.0,0.0,0.0,13.800017586397669
NW300_FL380,2022-03-01 00:15:00.000000000,-9.183533336757865,46.77271458254579,11582.4,20645.82054068687,216.02118,0.10449561303749343,0.17677586407015417,1.0,0.0,0.0,13.800012642606154
NW300_FL380,2022-03-01 00:16:00.000000000,-9.124537269676559,46.8900744241367,11582.4,20645.82054068687,216.14061,0.10030631692950867,0.16954961085493184,1.0,0.0,0.0,13.799983478538548
NW300_FL380,2022-03-01 00:17:00.000000000,-9.06476959695927,47.00728223711839,11582.4,20645.82054068687,216.25577,0.09631313837743391,0.16267086961183538,1.0,0.0,0.0,13.799955874461615
NW300_FL380,2022-03-01 00:18:00.000000000,-9.004192371172094,47.124327917170994,11582.4,20645.82054068687,216.36267,0.09350240783625324,0.15780701474100592,1.0,0.0,0.0,13.800022795812414
NW300_FL380,2022-03-01 00:19:00.000000000,-8.942742331284771,47.241195837621795,11582.4,20645.82054068687,216.46797,0.09066199140019178,0.15290153109675667,1.0,0.0,0.0,13.80000943014113
NW300_FL380,2022-03-01 00:20:00.000000000,-8.880399361758288,47.35787881023055,11582.4,20645.82054068687,216.5635,0.08866868176542042,0.14944069003620697,1.0,0.0,0.0,13.79998144097103
NW300_FL380,2022-03-01 00:21:00.000000000,-8.81712804662872,47.47436632203423,11582.4,20645.82054068687,216.63818,0.08681530888235651,0.14624128548965398,1.0,0.0,0.0,13.799955751288898
NW300_FL380,2022-03-01 00:22:00.000000000,-8.752888484884062,47.59064660231162,11582.4,20645.82054068687,216.6994,0.08544055848005204,0.14386435283300325,1.0,0.0,0.0,13.79999974357544
NW300_FL380,2022-03-01 00:23:00.000000000,-8.687621184744504,47.70670318021615,11582.4,20645.82054068687,216.7659,0.083977546925412,0.14133529284072788,1.0,0.0,0.0,13.800014603485252
NW300_FL380,2022-03-01 00:24:00.000000000,-8.6212916133352,47.822524520353284,11582.4,20645.82054068687,216.81891,0.08285412802759787,0.13939316038441035,1.0,0.0,0.0,13.799987752859257
NW300_FL380,2022-03-01 00:25:00.000000000,-8.553869741791866,47.93809981100981,11582.4,20645.82054068687,216.85695,0.08202210278979181,0.13795653422795873,1.0,0.0,0.0,13.79996366704769
NW300_FL380,2022-03-01 00:26:00.000000000,-8.485313856181833,48.05341525950304,11582.4,20645.82054068687,216.88622,0.08128740783733815,0.13669301608374096,1.0,0.0,0.0,13.799942842235483
NW300_FL380,2022-03-01 00:27:00.000000000,-8.415581801578655,48.16845651097662,11582.4,20645.82054068687,216.91373,0.08068213976664664,0.13564901311297162,1.0,0.0,0.0,13.800016914087612
NW300_FL380,2022-03-01 00:28:00.000000000,-8.344603841813232,48.28320205518647,11582.4,20645.82054068687,216.91808,0.08050612188921255,0.13534906148469483,1.0,0.0,0.0,13.800004972425114
NW300_FL380,2022-03-01 00:29:00.000000000,-8.272359617391693,48.397641532390416,11582.4,20645.82054068687,216.89882,0.08073154158090601,0.13574666704907282,1.0,0.0,0.0,13.799981440007572
NW300_FL380,2022-03-01 00:30:00.000000000,-8.198809767667017,48.511759680983936,11582.4,20645.82054068687,216.88744,0.08089182006796676,0.1360269770951117,1.0,0.0,0.0,13.799961128930406
NW300_FL380,2022-03-01 00:31:00.000000000,-8.123910851857396,48.62553969747014,11582.4,20645.82054068687,216.87502,0.08125102091210847,0.13664259729795775,1.0,0.0,0.0,13.79994434951923
NW300_FL380,2022-03-01 00:32:00.000000000,-8.047619175060253,48.73896411389615,11582.4,20645.82054068687,216.85973,0.08193572056250409,0.1378090456503674,1.0,0.0,0.0,13.799949522704459
NW300_FL380,2022-03-01 00:33:00.000000000,-7.969885434552368,48.85201334557368,11582.4,20645.82054068687,216.90794,0.08093746338194122,0.13608374595926054,1.0,0.0,0.0,13.800014181102688
NW300_FL380,2022-03-01 00:34:00.000000000,-7.890648069563789,48.96466371012504,11582.4,20645.82054068687,216.98831,0.07931235250092103,0.13327673538431656,1.0,0.0,0.0,13.799992650903825
NW300_FL380,2022-03-01 00:35:00.000000000,-7.809886021383044,49.076901625594274,11582.4,20645.82054068687,217.09883,0.07747083729300702,0.13008119504871232,1.0,0.0,0.0,13.799974108707389
NW300_FL380,2022-03-01 00:36:00.000000000,-7.727555347093408,49.1887068387166,11582.4,20645.82054068687,217.22754,0.07554963203548434,0.1267407038666469,1.0,0.0,0.0,13.799958655833514
NW300_FL380,2022-03-01 00:37:00.000000000,-7.643612181951804,49.30005836390617,11582.4,20645.82054068687,217.38235,0.07353717248514649,0.12323051663108474,1.0,0.0,0.0,13.799946336900428
NW300_FL380,2022-03-01 00:38:00.000000000,-7.558012825338964,49.41093447592809,11582.4,20645.82054068687,217.56448,0.07127602251818305,0.11928747861938391,1.0,0.0,0.0,13.799937139245799
NW300_FL380,2022-03-01 00:39:00.000000000,-7.470713833585899,49.52131270557739,11582.4,20645.82054068687,217.76149,0.06889075179921864,0.1151341674288951,1.0,0.0,0.0,13.799930993467326
NW300_FL380,2022-03-01 00:40:00.000000000,-7.381672119623329,49.63116983869982,11582.4,20645.82054068687,217.99435,0.06598614937115924,0.11009690850614613,1.0,0.0,0.0,13.799935080408797
NW300_FL380,2022-03-01 00:41:00.000000000,-7.290842991180416,49.740481273968314,11582.4,20645.82054068687,218.22452,0.06338312279857271,0.10557962514612233,1.0,0.0,0.0,13.79999350665374
NW300_FL380,2022-03-01 00:42:00.000000000,-7.198169519410879,49.84921753340485,11582.4,20645.82054068687,218.42094,0.06095266262774652,0.10138767734599345,1.0,0.0,0.0,13.799978927303988
NW300_FL380,2022-03-01 00:43:00.000000000,-7.103628498314238,49.95735875096998,11582.4,20645.82054068687,218.60957,0.05871734313392729,0.0975363743479183,1.0,0.0,0.0,13.799966433137888
NW300_FL380,2022-03-01 00:44:00.000000000,-7.0071795140932345,50.06487885572919,11582.4,20645.82054068687,218.75171,0.05699956140722219,0.09458520866130218,1.0,0.0,0.0,13.79995586908043
NW300_FL380,2022-03-01 00:45:00.000000000,-6.9087830925656055,50.171751090152405,11582.4,20645.82054068687,218.84889,0.05562409176210786,0.09223795276141888,1.0,0.0,0.0,13.799947052381834
NW300_FL380,2022-03-01 00:46:00.000000000,-6.808400832996052,50.27794803570585,11582.4,20645.82054068687,218.91681,0.05454080665718748,0.0903967553622441,1.0,0.0,0.0,13.799939778560672
NW300_FL380,2022-03-01 00:47:00.000000000,-6.705995546066805,50.38344164394248,11582.4,20645.82054068687,218.92035,0.05393750643712224,0.08939453195554681,1.0,0.0,0.0,13.799933827852389
NW300_FL380,2022-03-01 00:48:00.000000000,-6.601531395219343,50.48820327332102,11582.4,20645.82054068687,218.90564,0.053513568231535705,0.088701485485447,1.0,0.0,0.0,13.799928972027583
NW300_FL380,2022-03-01 00:49:00.000000000,-6.494974040497284,50.592203731941304,11582.4,20645.82054068687,218.88469,0.053153086236741094,0.08811726797598153,1.0,0.0,0.0,13.799924981403041
NW300_FL380,2022-03-01 00:50:00.000000000,-6.386290783920157,50.69541332633463,11582.4,20645.82054068687,218.85822,0.05286046779567307,0.08764919538264454,1.0,0.0,0.0,13.799921631877607
NW300_FL380,2022-03-01 00:51:00.000000000,-6.2754507153220995,50.797801916390625,11582.4,20645.82054068687,218.84863,0.052460753980407095,0.08699232598133873,1.0,0.0,0.0,13.799918711778243
NW300_FL380,2022-03-01 00:52:00.000000000,-6.162424857501622,50.89933897643868,11582.4,20645.82054068687,218.8495,0.052032713126458865,0.08628208686326397,1.0,0.0,0.0,13.799916028361567
NW300_FL380,2022-03-01 00:53:00.000000000,-6.0471863094495175,50.99999366243146,11582.4,20645.82054068687,218.8562,0.051567029072438146,0.08550577673068945,1.0,0.0,0.0,13.799913413752241
NW300_FL380,2022-03-01 00:54:00.000000000,-5.929710386355748,51.099734885102215,11582.4,20645.82054068687,218.87772,0.05102645252668366,0.08459617379634587,1.0,0.0,0.0,13.799910730138198
NW300_FL380,2022-03-01 00:55:00.000000000,-5.8099747550443395,51.19853138888636,11582.4,20645.82054068687,218.90228,0.05044038811431553,0.08360947354970834,1.0,0.0,0.0,13.799907874076975
NW300_FL380,2022-03-01 00:56:00.000000000,-5.687959563450105,51.296351836313654,11582.4,20645.82054068687,218.9276,0.04986628366788486,0.08264268586795442,1.0,0.0,0.0,13.79990477972228
NW300_FL380,2022-03-01 00:57:00.000000000,-5.56364756273571,51.39316489749046,11582.4,20645.82054068687,218.95824,0.049272944577174606,0.08164102970538746,1.0,0.0,0.0,13.799901420893251
NW300_FL380,2022-03-01 00:58:00.000000000,-5.4370242206528845,51.48893934420452,11582.4,20645.82054068687,218.98863,0.04872357553966304,0.08071303287071176,1.0,0.0,0.0,13.799897811846515
NW300_FL380,2022-03-01 00:59:00.000000000,-5.308077824779514,51.583644148098536,11582.4,20645.82054068687,219.00192,0.04847346304136666,0.08029086446146054,1.0,0.0,0.0,13.799894006728076
NW300_FL380,2022-03-01 01:00:00.000000000,-5.176799574316013,51.67724858227623,11582.4,20645.82054068687,219.03285,0.04810292330655205,0.07965926750399532,1.0,0.0,0.0,13.799890097668875
NW300_FL380,2022-03-01 01:01:00.000000000,-5.043183659200432,51.76972232562682,11582.4,20645.82054068687,219.07455,0.047696485282235065,0.07896204962048553,1.0,0.0,0.0,13.799886211544619
NW300_FL380,2022-03-01 01:02:00.000000000,-4.907227325401263,51.8610355690834,11582.4,20645.82054068687,219.10687,0.04737520117627986,0.07841164090314115,1.0,0.0,0.0,13.799882505488926
NW300_FL380,2022-03-01 01:03:00.000000000,-4.768930925370678,51.95115912296934,11582.4,20645.82054068687,219.14044,0.047044642928183604,0.07784548411337387,1.0,0.0,0.0,13.799879161238978
NW300_FL380,2022-03-01 01:04:00.000000000,-4.628297952786058,52.04006452453659,11582.4,20645.82054068687,219.17146,0.04676174141814896,0.07735968414617235,1.0,0.0,0.0,13.79987637850337
NW300_FL380,2022-03-01 01:05:00.000000000,-4.485335060872928,52.127724144762055,11582.4,20645.82054068687,219.1938,0.046562142336432896,0.07701685294941349,1.0,0.0,0.0,13.799874367506506
NW300_FL380,2022-03-01 01:06:00.000000000,-4.340052063785224,52.214111293444496,11582.4,20645.82054068687,219.20346,0.046581529342220235,0.07704338569654025,1.0,0.0,0.0,13.799875260345667
NW300_FL380,2022-03-01 01:07:00.000000000,-4.192461576710146,52.299200123019176,11582.4,20645.82054068687,219.19678,0.046711576206547104,0.0772623280366899,1.0,0.0,0.0,13.799958362399373
NW300_FL380,2022-03-01 01:08:00.000000000,-4.042565505808821,52.382957721133714,11582.4,20645.82054068687,219.16795,0.047015629993136535,0.07778167925839821,1.0,0.0,0.0,13.79994634307932
NW300_FL380,2022-03-01 01:09:00.000000000,-3.8903976137133776,52.4653690353782,11582.4,20645.82054068687,219.15276,0.04729827479988044,0.07825806023299017,1.0,0.0,0.0,13.799934758524605
NW300_FL380,2022-03-01 01:10:00.000000000,-3.7359801900362437,52.5464122011229,11582.4,20645.82054068687,219.14886,0.04750614143806889,0.07860428104892599,1.0,0.0,0.0,13.799923893437573
NW300_FL380,2022-03-01 01:11:00.000000000,-3.5793384277428935,52.62606676530347,11582.4,20645.82054068687,219.16248,0.047579777612887446,0.07871815254327198,1.0,0.0,0.0,13.799914005702364
NW300_FL380,2022-03-01 01:12:00.000000000,-3.420500321548006,52.70431376094036,11582.4,20645.82054068687,219.19046,0.04754603440785904,0.07864609817406364,1.0,0.0,0.0,13.799905318758915
NW300_FL380,2022-03-01 01:13:00.000000000,-3.2594965516209413,52.78113577383572,11582.4,20645.82054068687,219.2323,0.047401863503422355,0.0783836078558126,1.0,0.0,0.0,13.799898015093248
NW300_FL380,2022-03-01 01:14:00.000000000,-3.0963603537213,52.85651700087687,11582.4,20645.82054068687,219.2409,0.047570378645473664,0.0786573274199884,1.0,0.0,0.0,13.799892231080968
NW300_FL380,2022-03-01 01:15:00.000000000,-2.93112737703906,52.93044329948208,11582.4,20645.82054068687,219.24313,0.047824616580194,0.07907632588089576,1.0,0.0,0.0,13.79988805331851
NW300_FL380,2022-03-01 01:16:00.000000000,-2.7638355311439367,53.00290222783783,11582.4,20645.82054068687,219.23112,0.04822869008831358,0.07975162944856126,1.0,0.0,0.0,13.799885516550193
NW300_FL380,2022-03-01 01:17:00.000000000,-2.594524823554262,53.07388307569488,11582.4,20645.82054068687,219.18365,0.04885377799317631,0.08081333944992082,1.0,0.0,0.0,13.799884603266875
NW300_FL380,2022-03-01 01:18:00.000000000,-2.4232371895126836,53.14337688560977,11582.4,20645.82054068687,219.13013,0.04956149559544046,0.08201622332796477,1.0,0.0,0.0,13.799885244947372
NW300_FL380,2022-03-01 01:19:00.000000000,-2.250016315606625,53.21137646463753,11582.4,20645.82054068687,219.06967,0.050366681521710296,0.08338531437402084,1.0,0.0,0.0,13.799887324900999
NW300_FL380,2022-03-01 01:20:00.000000000,-2.0749074588928185,53.277876386596866,11582.4,20645.82054068687,219.02388,0.05098598269976646,0.08443899233730184,1.0,0.0,0.0,13.799890682600761
NW300_FL380,2022-03-01 01:21:00.000000000,-1.8979572631798203,53.34287298513899,11582.4,20645.82054068687,218.99478,0.051480774654327606,0.08527653959652227,1.0,0.0,0.0,13.799895119344866
NW300_FL380,2022-03-01 01:22:00.000000000,-1.719213574090673,53.406364337953896,11582.4,20645.82054068687,218.97173,0.051952036259554246,0.08607160947577983,1.0,0.0,0.0,13.799900405062836
NW300_FL380,2022-03-01 01:23:00.000000000,-1.538725254472115,53.46835024254097,11582.4,20645.82054068687,218.96742,0.05232534110782898,0.08669285262811834,1.0,0.0,0.0,13.79990628602072
NW300_FL380,2022-03-01 01:24:00.000000000,-1.356542001638573,53.52883218405242,11582.4,20645.82054068687,218.93896,0.05298359791261807,0.08780165884086713,1.0,0.0,0.0,13.79991249319038
NW300_FL380,2022-03-01 01:25:00.000000000,-1.172714167843412,53.58781329578929,11582.4,20645.82054068687,218.86958,0.05406416159918962,0.0896376184869556,1.0,0.0,0.0,13.799918750991056
NW300_FL380,2022-03-01 01:26:00.000000000,-0.9872925852565602,53.64529831298643,11582.4,20645.82054068687,218.75296,0.05570347227774146,0.09243389012768181,1.0,0.0,0.0,13.799924786167315
NW300_FL380,2022-03-01 01:27:00.000000000,-0.800328396603329,53.7012935205683,11582.4,20645.82054068687,218.5863,0.0579463323463602,0.09627197183264107,1.0,0.0,0.0,13.79993033648061
NW300_FL380,2022-03-01 01:28:00.000000000,-0.6118728924847379,53.75580669558846,11582.4,20645.82054068687,218.39848,0.06056772976557299,0.10076354919511665,1.0,0.0,0.0,13.799935159022626
NW300_FL380,2022-03-01 01:29:00.000000000,-0.42197735625945404,53.80884704508488,11582.4,20645.82054068687,218.17232,0.06362844034822508,0.10602773180307223,1.0,0.0,0.0,13.799939037850189
NW300_FL380,2022-03-01 01:30:00.000000000,-0.23069291722504956,53.86042514008997,11582.4,20645.82054068687,217.9141,0.06727580355636661,0.11231292662937899,1.0,0.0,0.0,13.79994179078318
NW300_FL380,2022-03-01 01:31:00.000000000,-0.03807041269302599,53.910552846529505,11582.4,20645.82054068687,217.64297,0.07140916295094654,0.11944358577594451,1.0,0.0,0.0,13.799943275155096
NW300_FL380,2022-03-01 01:32:00.000000000,0.1558397405871601,53.95924325373014,11582.4,20645.82054068687,217.33781,0.07599310943416582,0.1273856418599504,1.0,0.0,0.0,13.799943392385876
NW300_FL380,2022-03-01 01:33:00.000000000,0.35098766533486897,54.00651060123104,11582.4,20645.82054068687,217.02496,0.08100375262973727,0.1360838478160411,1.0,0.0,0.0,13.799942091276058
NW300_FL380,2022-03-01 01:34:00.000000000,0.5473241327828376,54.05237020456364,11582.4,20645.82054068687,216.72014,0.086253513915725,0.14521233126197938,1.0,0.0,0.0,13.799939369947783
NW300_FL380,2022-03-01 01:35:00.000000000,0.7448006617853401,54.09683838062501,11582.4,20645.82054068687,216.44347,0.09119312891228212,0.153823562991098,1.0,0.0,0.0,13.79993527641069
NW300_FL380,2022-03-01 01:36:00.000000000,0.943369608024376,54.139932373227055,11582.4,20645.82054068687,216.18481,0.09636679982266481,0.16284100108709298,1.0,0.0,0.0,13.799929907760507
NW300_FL380,2022-03-01 01:37:00.000000000,1.142984243446075,54.18167027935618,11582.4,20645.82054068687,215.94823,0.10131724739829714,0.17148499319854654,1.0,0.0,0.0,13.799923408062723
NW300_FL380,2022-03-01 01:38:00.000000000,1.3435988261461758,54.22207097662803,11582.4,20645.82054068687,215.71419,0.10657619964164448,0.18067480367351413,1.0,0.0,0.0,13.799915964977409
NW300_FL380,2022-03-01 01:39:00.000000000,1.545168660997899,54.26115405237014,11582.4,20645.82054068687,215.47426,0.11244176259676476,0.19092987685589616,1.0,0.0,0.0,13.799907805259913
NW300_FL380,2022-03-01 01:40:00.000000000,1.7476501513793214,54.298939734713336,11582.4,20645.82054068687,215.23334,0.11867384326018646,0.20184190611102193,1.0,0.0,0.0,13.799905225618216
NW300_FL380,2022-03-01 01:41:00.000000000,1.951001321706038,54.3354480988425,11582.4,20645.82054068687,214.96124,0.12689973197126203,0.2162283659339832,1.0,0.0,0.0,13.80003550067695
NW300_FL380,2022-03-01 01:42:00.000000000,2.1551912888926434,54.370684072582705,11582.4,20645.82054068687,214.6803,0.1359127699834374,0.23202271395414134,1.0,0.0,0.0,13.80001194060027
NW300_FL380,2022-03-01 01:43:00.000000000,2.3601687814981553,54.404685818447064,11582.4,20645.82054068687,214.4021,0.14591728620099775,0.2495636259010153,1.0,0.0,0.0,13.799988050689471
NW300_FL380,2022-03-01 01:44:00.000000000,2.5658948749977406,54.43747558046449,11582.4,20645.82054068687,214.13103,0.15677082118096955,0.268608626363121,1.0,0.0,0.0,13.799964294443889
NW300_FL380,2022-03-01 01:45:00.000000000,2.772331890772268,54.46907594249486,11582.4,20645.82054068687,213.87616,0.168366171003989,0.28896129552050587,1.0,0.0,0.0,13.79994113566568
NW300_FL380,2022-03-01 01:46:00.000000000,2.9794434044374127,54.49950977601977,11582.4,20645.82054068687,213.69864,0.17918818331382008,0.30789337637082775,1.0,0.0,0.0,13.799919029035573
NW300_FL380,2022-03-01 01:47:00.000000000,3.1871942485890172,54.528800191289015,11582.4,20645.82054068687,213.52463,0.1902228798652622,0.3272259994525506,1.0,0.0,0.0,13.799903858262315
NW300_FL380,2022-03-01 01:48:00.000000000,3.395550879759554,54.55696978407656,11582.4,20645.82054068687,213.37614,0.2017047762975059,0.3473138483681047,1.0,0.0,0.0,13.800055039082034
NW300_FL380,2022-03-01 01:49:00.000000000,3.604491615359623,54.58402008165235,11582.4,20645.82054068687,213.24657,0.2134858772290707,0.3679095385927458,1.0,0.0,0.0,13.800015441936033
NW300_FL380,2022-03-01 01:50:00.000000000,3.8139728517228146,54.60999719041869,11582.4,20645.82054068687,213.10327,0.2268873557098179,0.39136875403509946,1.0,0.0,0.0,13.799978645815921
NW300_FL380,2022-03-01 01:51:00.000000000,4.023964354506401,54.63492486350083,11582.4,20645.82054068687,212.91376,0.24447863936010394,0.4222296299272552,1.0,0.0,0.0,13.799945081809751
NW300_FL380,2022-03-01 01:52:00.000000000,4.234437101686992,54.658826899104795,11582.4,20645.82054068687,212.69852,0.26416802407674,0.45686685160933155,1.0,0.0,0.0,13.799915120264668
NW300_FL380,2022-03-01 01:53:00.000000000,4.445363262970964,54.68172711119074,11582.4,20645.82054068687,212.42961,0.2859672770157481,0.4954213859768232,1.0,0.0,0.0,13.800015788586125
NW300_FL380,2022-03-01 01:54:00.000000000,4.65672372489985,54.70363128764721,11582.4,20645.82054068687,212.15283,0.30905681751628794,0.5363709757115198,1.0,0.0,0.0,13.800026752290783
NW300_FL380,2022-03-01 01:55:00.000000000,4.868487720428609,54.7245739875963,11582.4,20645.82054068687,211.93013,0.32726694594208333,0.568777463172537,1.0,0.0,0.0,13.799983572061933
NW300_FL380,2022-03-01 01:56:00.000000000,5.080627538644073,54.74458663851475,11582.4,20645.82054068687,211.78232,0.3385387871406893,0.5889188898157287,1.0,0.0,0.0,13.799945817559948
NW300_FL380,2022-03-01 01:57:00.000000000,5.293119881497206,54.763692990803875,11582.4,20645.82054068687,211.70607,0.3438215473532239,0.5983968657951263,1.0,0.0,0.0,13.799938516635832
NW300_FL380,2022-03-01 01:58:00.000000000,5.505943868646182,54.78191294381553,11582.4,20645.82054068687,211.72699,0.34098185571398815,0.5933771831500287,1.0,0.0,0.0,13.800050656767903
NW300_FL380,2022-03-01 01:59:00.000000000,5.719084419011531,54.79925175731836,11582.4,20645.82054068687,211.75658,0.33846832950097244,0.588893186817992,1.0,0.0,0.0,13.800003204209666
NW300_FL380,2022-03-01 02:00:00.000000000,5.932512825652237,54.81575578710652,11582.4,20645.82054068687,211.76419,0.33699487990327726,0.5862998818799928,1.0,0.0,0.0,13.799962666862402
NW300_FL380,2022-03-01 02:01:00.000000000,6.1462099113233615,54.83144846222197,11582.4,20645.82054068687,211.6928,0.33708309729076963,0.5867179456748718,1.0,0.0,0.0,13.799932359184918
NW300_FL380,2022-03-01 02:02:00.000000000,6.3601576187555455,54.846352522537195,11582.4,20645.82054068687,211.5494,0.33916241377999967,0.5908705168163476,1.0,0.0,0.0,13.800051701259331
NW300_FL380,2022-03-01 02:03:00.000000000,6.574345601833692,54.860467055141825,11582.4,20645.82054068687,211.32242,0.343449029071929,0.5991934121064492,1.0,0.0,0.0,13.80000554177809
NW300_FL380,2022-03-01 02:04:00.000000000,6.788749289172524,54.87384091232076,11582.4,20645.82054068687,210.99425,0.34992287070584005,0.6117414539304905,1.0,0.0,0.0,13.799967129490193
NW300_FL380,2022-03-01 02:05:00.000000000,7.0033531669792195,54.88649708306962,11582.4,20645.82054068687,210.62701,0.3569381729348047,0.6254322916148964,1.0,0.0,0.0,13.799960623388825
NW300_FL380,2022-03-01 02:06:00.000000000,7.218143656439326,54.89845407593597,11582.4,20645.82054068687,210.29211,0.3650075231373152,0.6408939231423083,1.0,0.0,0.0,13.8000381484042
NW300_FL380,2022-03-01 02:07:00.000000000,7.433110284466571,54.90971982486474,11582.4,20645.82054068687,209.95203,0.3728891251185163,0.656103114227671,1.0,0.0,0.0,13.799997707739267
NW300_FL380,2022-03-01 02:08:00.000000000,7.648234507949747,54.92033751497244,11582.4,20645.82054068687,209.74246,0.3785390532041003,0.6668989514648104,1.0,0.0,0.0,13.799965046205028
NW300_FL380,2022-03-01 02:09:00.000000000,7.863504016276233,54.93032968835278,11582.4,20645.82054068687,209.59001,0.3832909954784005,0.6758968121062057,1.0,0.0,0.0,13.799998359184581
NW300_FL380,2022-03-01 02:10:00.000000000,8.078909613694025,54.93970734956771,11582.4,20645.82054068687,209.48207,0.3870738032010585,0.6830150667603321,1.0,0.0,0.0,13.800019524346945
NW300_FL380,2022-03-01 02:11:00.000000000,8.294439602046854,54.94849485749177,11582.4,20645.82054068687,209.46118,0.389108623266396,0.6866938678981269,1.0,0.0,0.0,13.799987344744515
NW300_FL380,2022-03-01 02:12:00.000000000,8.51008135994762,54.95672549342708,11582.4,20645.82054068687,209.45177,0.3915504321645071,0.6910433290572041,1.0,0.0,0.0,13.799962217577544
NW300_FL380,2022-03-01 02:13:00.000000000,8.725825342473327,54.96442143190606,11582.4,20645.82054068687,209.46983,0.396077514393608,0.6989554475869216,1.0,0.0,0.0,13.800030591944905
NW300_FL380,2022-03-01 02:14:00.000000000,8.941665815844612,54.97158610280672,11582.4,20645.82054068687,209.48654,0.40040736656100945,0.7065233320522653,1.0,0.0,0.0,13.800003074592663
NW300_FL380,2022-03-01 02:15:00.000000000,9.157590658160426,54.97826150894907,11582.4,20645.82054068687,209.49536,0.40725411788692195,0.7185672424155115,1.0,0.0,0.0,13.799979693093027
NW300_FL380,2022-03-01 02:16:00.000000000,9.373592057318856,54.984470163858454,11582.4,20645.82054068687,209.50807,0.4138658026021756,0.7301772706846045,1.0,0.0,0.0,13.799998894018712
NW300_FL380,2022-03-01 02:17:00.000000000,9.58966406355943,54.990225655978996,11582.4,20645.82054068687,209.53291,0.4185969570830739,0.7384134857976677,1.0,0.0,0.0,13.800013114578606
NW300_FL380,2022-03-01 02:18:00.000000000,9.805799607243536,54.995551318891,11582.4,20645.82054068687,209.57123,0.42124854553294816,0.7429169693718236,1.0,0.0,0.0,12.396422411584279
NW300_FL380,2022-03-01 02:18:53.897617080,9.999999999999996,55.0,11582.4,20645.82054068687,209.61674,0.4217032383386206,0.7435127165858684,1.0,0.0,0.0,0.0
