route,time,longitude,latitude,altitude_m,air_pressure_Pa,temperature_K,rh,rhi,SAC,ISSR,PCR,leg_km
SE300_FL310,2022-03-01 00:00:00.000000000,-10.000000000000002,45.00000000000001,9448.8,28744.290737453055,221.943,0.6958479376674566,1.1273992146110443,1.0,1.0,1.0,13.800115027908165
SE300_FL310,2022-03-01 00:01:00.000000000,-9.832634228109365,45.0374989777726,9448.8,28744.290737453055,222.0512,0.708053209189628,1.1462129896153999,1.0,1.0,1.0,13.800020549916326
SE300_FL310,2022-03-01 00:02:00.000000000,-9.665061957945106,45.074778023133646,9448.8,28744.290737453055,222.16312,0.7189064860101281,1.1627707913281267,1.0,1.0,1.0,13.799927543731021
SE300_FL310,2022-03-01 00:03:00.000000000,-9.497293172355167,45.111857647020635,9448.8,28744.290737453055,222.27332,0.729769427472758,1.1793283154702612,1.0,1.0,1.0,13.800010362739226
SE300_FL310,2022-03-01 00:04:00.000000000,-9.329333869699752,45.148755048499964,9448.8,28744.290737453055,222.35959,0.7427532608871911,1.199505271062934,1.0,1.0,1.0,13.8000625389665
SE300_FL310,2022-03-01 00:05:00.000000000,-9.161195059406664,45.18549293097829,9448.8,28744.290737453055,222.4374,0.757904925409974,1.2232311904152782,1.0,1.0,1.0,13.799971646306037
SE300_FL310,2022-03-01 00:06:00.000000000,-8.992889620285059,45.222095268527376,9448.8,28744.290737453055,222.50218,0.78142743125111,1.260560490987643,1.0,1.0,1.0,13.799899873840282
SE300_FL310,2022-03-01 00:07:00.000000000,-8.824426642306625,45.25858271091628,9448.8,28744.290737453055,222.5195,0.8012094552449331,1.2922943938859395,1.0,1.0,1.0,13.800105239252431
SE300_FL310,2022-03-01 00:08:00.000000000,-8.65581080706178,45.2949740113112,9448.8,28744.290737453055,222.55559,0.791222151645915,1.2758246482429991,1.0,1.0,1.0,13.80001760658135
SE300_FL310,2022-03-01 00:09:00.000000000,-8.487057177228046,45.3312945416673,9448.8,28744.290737453055,222.59181,0.7770617268886586,1.2526359643323313,1.0,1.0,1.0,13.79993231818943
SE300_FL310,2022-03-01 00:10:00.000000000,-8.31817494269894,45.36756551489382,9448.8,28744.290737453055,222.60457,0.7671994101413285,1.236614513588152,1.0,1.0,1.0,13.799993838825486
SE300_FL310,2022-03-01 00:11:00.000000000,-8.149171301625014,45.4038082101483,9448.8,28744.290737453055,222.61728,0.7403797700238677,1.1932680044691348,1.0,1.0,1.0,13.80006634186223
SE300_FL310,2022-03-01 00:12:00.000000000,-7.980055881015995,45.44004548033964,9448.8,28744.290737453055,222.62503,0.7069865236431606,1.1393792535247855,1.0,1.0,1.0,13.799985579438726
SE300_FL310,2022-03-01 00:13:00.000000000,-7.81084018030542,45.47629954581915,9448.8,28744.290737453055,222.58635,0.7085838035175225,1.142302004277841,1.0,1.0,1.0,13.799907812990368
SE300_FL310,2022-03-01 00:14:00.000000000,-7.64153340621131,45.51259224345501,9448.8,28744.290737453055,222.56302,0.6967538968343988,1.1234330936448664,1.0,1.0,1.0,13.80005343805641
SE300_FL310,2022-03-01 00:15:00.000000000,-7.472142889633564,45.54894792999821,9448.8,28744.290737453055,222.55063,0.6823295538798393,1.1002829341911688,1.0,1.0,1.0,13.800042769194542
SE300_FL310,2022-03-01 00:16:00.000000000,-7.30268005570596,45.58538865893594,9448.8,28744.290737453055,222.54848,0.6962506948506653,1.1227486646398048,1.0,1.0,1.0,13.799970371522296
SE300_FL310,2022-03-01 00:17:00.000000000,-7.133155014811902,45.621936316925805,9448.8,28744.290737453055,222.57224,0.7018870881056021,1.13162707736822,1.0,1.0,1.0,13.799901682232836
SE300_FL310,2022-03-01 00:18:00.000000000,-6.963577350434745,45.65861348889645,9448.8,28744.290737453055,222.60564,0.7087375847743654,1.1423756356884889,1.0,1.0,1.0,13.800065477575464
SE300_FL310,2022-03-01 00:19:00.000000000,-6.793955919788455,45.69544792952469,9448.8,28744.290737453055,222.65746,0.7164105951804086,1.1542747386295196,1.0,1.0,1.0,13.80003693342804
SE300_FL310,2022-03-01 00:20:00.000000000,-6.62430206827496,45.732459891422764,9448.8,28744.290737453055,222.7176,0.7337714044402495,1.1816867765046513,1.0,1.0,1.0,13.799973816594894
SE300_FL310,2022-03-01 00:21:00.000000000,-6.454626108496878,45.76967183596835,9448.8,28744.290737453055,222.77441,0.7559839697233854,1.2169154350978575,1.0,1.0,1.0,13.79991501954183
SE300_FL310,2022-03-01 00:22:00.000000000,-6.284938381864701,45.807107160064675,9448.8,28744.290737453055,222.79955,0.7916650282332053,1.2741014352304056,1.0,1.0,1.0,13.80001310806428
SE300_FL310,2022-03-01 00:23:00.000000000,-6.1152496770827875,45.84479442806904,9448.8,28744.290737453055,222.82687,0.8174992945197023,1.3153955377915447,1.0,1.0,1.0,13.80004905320983
SE300_FL310,2022-03-01 00:24:00.000000000,-5.945571349662257,45.8827565001216,9448.8,28744.290737453055,222.8397,0.8351553131580014,1.3436712999243077,1.0,1.0,1.0,13.799995207272767
SE300_FL310,2022-03-01 00:25:00.000000000,-5.775914582343945,45.92101460539857,9448.8,28744.290737453055,222.80928,0.8480617520251195,1.364759873050866,1.0,1.0,1.0,13.799946018066104
SE300_FL310,2022-03-01 00:26:00.000000000,-5.606290874535937,45.959592928785845,9448.8,28744.290737453055,222.76987,0.8327142899287154,1.3404771429080355,1.0,1.0,1.0,13.799901826521442
SE300_FL310,2022-03-01 00:27:00.000000000,-5.436712081951,45.99851585627959,9448.8,28744.290737453055,222.71931,0.8088804807968444,1.3026260626870458,1.0,1.0,1.0,13.800049850384529
SE300_FL310,2022-03-01 00:28:00.000000000,-5.267191966322243,46.03781647078147,9448.8,28744.290737453055,222.6408,0.7810636789669837,1.258606767480359,1.0,1.0,1.0,13.800031588333269
SE300_FL310,2022-03-01 00:29:00.000000000,-5.097742422824589,46.07751300401981,9448.8,28744.290737453055,222.58876,0.7368008810373056,1.1877656709902757,1.0,1.0,1.0,13.799990478669388
SE300_FL310,2022-03-01 00:30:00.000000000,-4.92837633795386,46.11762914151849,9448.8,28744.290737453055,222.5426,0.6902008558001788,1.1130457576338195,1.0,1.0,1.0,13.7999541838252
SE300_FL310,2022-03-01 00:31:00.000000000,-4.759107233713054,46.158189859635726,9448.8,28744.290737453055,222.50217,0.6390073074674475,1.030813150781012,1.0,1.0,1.0,13.799922890616976
SE300_FL310,2022-03-01 00:32:00.000000000,-4.589949114555786,46.19922026051813,9448.8,28744.290737453055,222.479,0.5909266055235006,0.9534233223288381,1.0,0.0,0.0,13.799929959565615
SE300_FL310,2022-03-01 00:33:00.000000000,-4.420917005638568,46.24074744997757,9448.8,28744.290737453055,222.46187,0.5604141858545794,0.9043184403975557,1.0,0.0,0.0,13.800043955541087
SE300_FL310,2022-03-01 00:34:00.000000000,-4.252027880874641,46.28280309951133,9448.8,28744.290737453055,222.45622,0.5415802134412003,0.8739618883512182,1.0,0.0,0.0,13.80001263583261
SE300_FL310,2022-03-01 00:35:00.000000000,-4.083295312513981,46.32540456469928,9448.8,28744.290737453055,222.44765,0.5365260710672728,0.86586747050325,1.0,0.0,0.0,13.79998555573942
SE300_FL310,2022-03-01 00:36:00.000000000,-3.914735435139302,46.3685770941835,9448.8,28744.290737453055,222.4344,0.5412992895236507,0.8736581915728496,1.0,0.0,0.0,13.799962706248108
SE300_FL310,2022-03-01 00:37:00.000000000,-3.7463649709978815,46.41234591653959,9448.8,28744.290737453055,222.41537,0.5575613540625454,0.900040462050761,1.0,0.0,0.0,13.799944029141807
SE300_FL310,2022-03-01 00:38:00.000000000,-3.578201246424688,46.45673620162743,9448.8,28744.290737453055,222.37111,0.598469956715254,0.9664089793890752,1.0,0.0,0.0,13.799929415534166
SE300_FL310,2022-03-01 00:39:00.000000000,-3.41026220591334,46.50177301855226,9448.8,28744.290737453055,222.32973,0.6341002353326668,1.0242759327731854,1.0,1.0,1.0,13.79991870565744
SE300_FL310,2022-03-01 00:40:00.000000000,-3.2425664234872786,46.54748129024899,9448.8,28744.290737453055,222.29593,0.6621555768827297,1.0698765164728758,1.0,1.0,1.0,13.799922852412047
SE300_FL310,2022-03-01 00:41:00.000000000,-3.0751334306903266,46.59388656047466,9448.8,28744.290737453055,222.28107,0.6549162215678651,1.0583021236437602,1.0,1.0,1.0,13.800008407530912
SE300_FL310,2022-03-01 00:42:00.000000000,-2.907985546322268,46.641019270999685,9448.8,28744.290737453055,222.29332,0.6508996004933771,1.0517102793331456,1.0,1.0,1.0,13.79999152577942
SE300_FL310,2022-03-01 00:43:00.000000000,-2.74114057917694,46.68889649733604,9448.8,28744.290737453055,222.319,0.6478206409189424,1.0465259736410446,1.0,1.0,1.0,13.799977274791766
SE300_FL310,2022-03-01 00:44:00.000000000,-2.5746196225871447,46.73754198383629,9448.8,28744.290737453055,222.36531,0.6520885231900138,1.05303794541483,1.0,1.0,1.0,13.799965416219916
SE300_FL310,2022-03-01 00:45:00.000000000,-2.4084444011529893,46.78697905887585,9448.8,28744.290737453055,222.40125,0.6586644070667383,1.0633613211568587,1.0,1.0,1.0,13.799955690405685
SE300_FL310,2022-03-01 00:46:00.000000000,-2.24263725835525,46.83723057208739,9448.8,28744.290737453055,222.42297,0.6675710281343828,1.0775564691745099,1.0,1.0,1.0,13.799947822412035
SE300_FL310,2022-03-01 00:47:00.000000000,-2.077221138921509,46.88831882936984,9448.8,28744.290737453055,222.42915,0.6815103633455488,1.1000036092448415,1.0,1.0,1.0,13.799941528604728
SE300_FL310,2022-03-01 00:48:00.000000000,-1.9122195656143586,46.94026552601405,9448.8,28744.290737453055,222.39832,0.6935799911994083,1.1197551703619737,1.0,1.0,1.0,13.799936523592704
SE300_FL310,2022-03-01 00:49:00.000000000,-1.747656610142675,46.99309167833649,9448.8,28744.290737453055,222.33774,0.7052266141688153,1.1390965290789752,1.0,1.0,1.0,13.799932527317191
SE300_FL310,2022-03-01 00:50:00.000000000,-1.5835568579366146,47.046817554258936,9448.8,28744.290737453055,222.2986,0.716285848592831,1.1573128915823945,1.0,1.0,1.0,13.799929272076493
SE300_FL310,2022-03-01 00:51:00.000000000,-1.41994536657518,47.10146260331857,9448.8,28744.290737453055,222.26543,0.7261958490321428,1.173626241055833,1.0,1.0,1.0,13.799926509251202
SE300_FL310,2022-03-01 00:52:00.000000000,-1.2568476177121715,47.15704538663485,9448.8,28744.290737453055,222.24344,0.7362902141004777,1.1901462610183307,1.0,1.0,1.0,13.799924015512413
SE300_FL310,2022-03-01 00:53:00.000000000,-1.0942894624114776,47.21358350739827,9448.8,28744.290737453055,222.26967,0.7273137332032136,1.1753936415604977,1.0,1.0,1.0,13.799921598299676
SE300_FL310,2022-03-01 00:54:00.000000000,-0.9322970598757382,47.27109354247939,9448.8,28744.290737453055,222.29874,0.7127539021162278,1.151603374975454,1.0,1.0,1.0,13.799919100366923
SE300_FL310,2022-03-01 00:55:00.000000000,-0.7708968096326502,47.329590975783,9448.8,28744.290737453055,222.3262,0.6930383685217342,1.1195107848739838,1.0,1.0,1.0,13.799916403229442
SE300_FL310,2022-03-01 00:56:00.000000000,-0.6101152773294826,47.38909013399148,9448.8,28744.290737453055,222.32782,0.646850394876637,1.044887556787856,1.0,1.0,1.0,13.79991342938298
SE300_FL310,2022-03-01 00:57:00.000000000,-0.4499791143776922,47.44960412535214,9448.8,28744.290737453055,222.30742,0.6140906688997664,0.9921253300305719,1.0,0.0,0.0,13.79991014318596
SE300_FL310,2022-03-01 00:58:00.000000000,-0.2905149717839815,47.51114478216384,9448.8,28744.290737453055,222.26764,0.5968516163003825,0.964574393878977,1.0,0.0,0.0,13.799906550367
SE300_FL310,2022-03-01 00:59:00.000000000,-0.1317494086006752,47.57372260760951,9448.8,28744.290737453055,222.20108,0.5997296271503231,0.969727119097343,1.0,0.0,0.0,13.799902696148978
SE300_FL310,2022-03-01 01:00:00.000000000,0.026291204476382772,47.63734672756016,9448.8,28744.290737453055,222.12077,0.6084412095032881,0.9844273579567601,1.0,0.0,0.0,13.799898662049376
SE300_FL310,2022-03-01 01:01:00.000000000,0.1835807857402945,47.702024847945545,9448.8,28744.290737453055,222.0013,0.6283107949418679,1.0175164273888675,1.0,1.0,1.0,13.799894561448786
SE300_FL310,2022-03-01 01:02:00.000000000,0.3400936466257237,47.767763218243296,9448.8,28744.290737453055,221.89333,0.642587388956741,1.041504145296314,1.0,1.0,1.0,13.799890534083259
SE300_FL310,2022-03-01 01:03:00.000000000,0.4958045985892688,47.834566601585344,9448.8,28744.290737453055,221.80025,0.6361597238943395,1.0318280374224478,1.0,1.0,1.0,13.799886739660096
SE300_FL310,2022-03-01 01:04:00.000000000,0.6506890618532523,47.90243825191635,9448.8,28744.290737453055,221.71063,0.6565862421357415,1.0656972978698271,1.0,1.0,1.0,13.799883350808148
SE300_FL310,2022-03-01 01:05:00.000000000,0.8047231750871445,47.97137989856527,9448.8,28744.290737453055,221.63608,0.6739841249844274,1.0945613655203095,1.0,1.0,1.0,13.799880545640207
SE300_FL310,2022-03-01 01:06:00.000000000,0.9578839050532617,48.04139173850947,9448.8,28744.290737453055,221.58423,0.7009126793773222,1.1387482477921267,1.0,1.0,1.0,13.799880297337754
SE300_FL310,2022-03-01 01:07:00.000000000,1.1101490175689515,48.11247259658721,9448.8,28744.290737453055,221.53845,0.7279513751484102,1.1830934596892089,1.0,1.0,1.0,13.799955765457092
SE300_FL310,2022-03-01 01:08:00.000000000,1.2614916109520389,48.18462623408982,9448.8,28744.290737453055,221.50052,0.7633971801707816,1.241062606569861,1.0,1.0,1.0,13.799946076537669
SE300_FL310,2022-03-01 01:09:00.000000000,1.4118974565169005,48.25784150407756,9448.8,28744.290737453055,221.47264,0.7819097240310919,1.2714287969515063,1.0,1.0,1.0,13.799936769163452
SE300_FL310,2022-03-01 01:10:00.000000000,1.5613479605795775,48.33211247748483,9448.8,28744.290737453055,221.45589,0.7863861674336757,1.2788730798885735,1.0,1.0,1.0,13.799928078960882
SE300_FL310,2022-03-01 01:11:00.000000000,1.7098258754552036,48.40743177483138,9448.8,28744.290737453055,221.4497,0.7744705214861713,1.2595523928524033,1.0,1.0,1.0,13.799920213907653
SE300_FL310,2022-03-01 01:12:00.000000000,1.8573153869251047,48.48379060616857,9448.8,28744.290737453055,221.44893,0.7484986989054008,1.2173214389695721,1.0,1.0,1.0,13.799913349084349
SE300_FL310,2022-03-01 01:13:00.000000000,2.00380219478423,48.561178817972646,9448.8,28744.290737453055,221.45337,0.7194551225149229,1.1700452325706903,1.0,1.0,1.0,13.799907622724088
SE300_FL310,2022-03-01 01:14:00.000000000,2.1492735857235448,48.63958494650445,9448.8,28744.290737453055,221.47371,0.7279185301828417,1.1836269120531762,1.0,1.0,1.0,13.79990313363142
SE300_FL310,2022-03-01 01:15:00.000000000,2.2937184979011707,48.71899627708127,9448.8,28744.290737453055,221.49152,0.7366872060345607,1.197721046684549,1.0,1.0,1.0,13.799899939990695
SE300_FL310,2022-03-01 01:16:00.000000000,2.437127576666514,48.79939890864313,9448.8,28744.290737453055,221.51576,0.7436955712624576,1.2088913852584868,1.0,1.0,1.0,13.799898059510873
SE300_FL310,2022-03-01 01:17:00.000000000,2.57949322101926,48.88077782294388,9448.8,28744.290737453055,221.54861,0.7463524136433873,1.2129046451360603,1.0,1.0,1.0,13.799897470818289
SE300_FL310,2022-03-01 01:18:00.000000000,2.7208096205090637,48.96311695765744,9448.8,28744.290737453055,221.58556,0.7428174317863577,1.2068163918141877,1.0,1.0,1.0,13.799898115948379
SE300_FL310,2022-03-01 01:19:00.000000000,2.8610727824072804,49.04639928266274,9448.8,28744.290737453055,221.62868,0.7270252787039618,1.1807689058983069,1.0,1.0,1.0,13.799899903772648
SE300_FL310,2022-03-01 01:20:00.000000000,3.0002805491083504,49.13060687875635,9448.8,28744.290737453055,221.66695,0.7162620403864045,1.1629476065461555,1.0,1.0,1.0,13.799902714140295
SE300_FL310,2022-03-01 01:21:00.000000000,3.1384326058413183,49.21572101804042,9448.8,28744.290737453055,221.69731,0.6940001730944514,1.126539491679048,1.0,1.0,1.0,13.799906402511214
SE300_FL310,2022-03-01 01:22:00.000000000,3.275530478889779,49.30172224524366,9448.8,28744.290737453055,221.7081,0.6810099729637149,1.1053605672250895,1.0,1.0,1.0,13.799910804862314
SE300_FL310,2022-03-01 01:23:00.000000000,3.411577524628558,49.38859045925548,9448.8,28744.290737453055,221.71677,0.6592928352057853,1.070039014420393,1.0,1.0,1.0,13.799915742621737
SE300_FL310,2022-03-01 01:24:00.000000000,3.546578909786857,49.47630499418438,9448.8,28744.290737453055,221.71751,0.6401810821017558,1.0390154417454833,1.0,1.0,1.0,13.799921027431493
SE300_FL310,2022-03-01 01:25:00.000000000,3.6805415834364057,49.56484469929377,9448.8,28744.290737453055,221.69084,0.6305115104738603,1.0235310694060806,1.0,1.0,1.0,13.799926465539238
SE300_FL310,2022-03-01 01:26:00.000000000,3.813474241281341,49.65418801721622,9448.8,28744.290737453055,221.6726,0.623444508834025,1.0121996169757843,1.0,1.0,1.0,13.799931861647412
SE300_FL310,2022-03-01 01:27:00.000000000,3.945387282890515,49.74431305990206,9448.8,28744.290737453055,221.66965,0.6137649940018569,0.9965057618178461,1.0,0.0,0.0,13.799937022113916
SE300_FL310,2022-03-01 01:28:00.000000000,4.076292762563807,49.83519768181777,9448.8,28744.290737453055,221.65836,0.6114367884796791,0.9928138257688681,1.0,0.0,0.0,13.799941757380292
SE300_FL310,2022-03-01 01:29:00.000000000,4.206204334561293,49.92681954997152,9448.8,28744.290737453055,221.64597,0.6110510997363852,0.9922826134789325,1.0,0.0,0.0,13.799945883601017
SE300_FL310,2022-03-01 01:30:00.000000000,4.335137193447722,50.01915621040786,9448.8,28744.290737453055,221.6446,0.6139419069227217,0.9969855493743036,1.0,0.0,0.0,13.799949223437263
SE300_FL310,2022-03-01 01:31:00.000000000,4.463108010316069,50.1121851508771,9448.8,28744.290737453055,221.64845,0.6115148711246123,0.9930174895018853,1.0,0.0,0.0,13.79995160605297
SE300_FL310,2022-03-01 01:32:00.000000000,4.590134865652553,50.20588385944899,9448.8,28744.290737453055,221.64944,0.6177047190135658,1.0030591377442424,1.0,1.0,1.0,13.799952866356099
SE300_FL310,2022-03-01 01:33:00.000000000,4.716237179594008,50.300229878900765,9448.8,28744.290737453055,221.65926,0.6285931128394302,1.0206657925129334,1.0,1.0,1.0,13.799952843577072
SE300_FL310,2022-03-01 01:34:00.000000000,4.841435640306324,50.39520085676857,9448.8,28744.290737453055,221.68471,0.6369450439530694,1.034022289706753,1.0,1.0,1.0,13.799951379286926
SE300_FL310,2022-03-01 01:35:00.000000000,4.965752131182763,50.49077459100485,9448.8,28744.290737453055,221.71625,0.6430339357120278,1.043654538060467,1.0,1.0,1.0,13.799948314979101
SE300_FL310,2022-03-01 01:36:00.000000000,5.08920965752353,50.58692907123493,9448.8,28744.290737453055,221.72346,0.6382221677956473,1.0357865717344419,1.0,1.0,1.0,13.7999434893709
SE300_FL310,2022-03-01 01:37:00.000000000,5.211832273314692,50.683642515650746,9448.8,28744.290737453055,221.7277,0.633683707412565,1.0283880379859824,1.0,1.0,1.0,13.799936735540259
SE300_FL310,2022-03-01 01:38:00.000000000,5.333645008677116,50.78089340361986,9448.8,28744.290737453055,221.72774,0.6374956758987466,1.0345741303593257,1.0,1.0,1.0,13.79992787807843
SE300_FL310,2022-03-01 01:39:00.000000000,5.454673798505399,50.87866050412251,9448.8,28744.290737453055,221.72841,0.6494386110631064,1.053951525251662,1.0,1.0,1.0,13.799916730378694
SE300_FL310,2022-03-01 01:40:00.000000000,5.574945412764155,50.97692290015904,9448.8,28744.290737453055,221.71896,0.672671803296313,1.0917359857172375,1.0,1.0,1.0,13.799909146879337
SE300_FL310,2022-03-01 01:41:00.000000000,5.69448698268002,51.07566027243519,9448.8,28744.290737453055,221.70259,0.6973665450527505,1.1319576551022892,1.0,1.0,1.0,13.800036502008268
SE300_FL310,2022-03-01 01:42:00.000000000,5.813317860079042,51.17485813030892,9448.8,28744.290737453055,221.68298,0.701192848616944,1.138338520017612,1.0,1.0,1.0,13.800019343694286
SE300_FL310,2022-03-01 01:43:00.000000000,5.931476383526231,51.274490485820074,9448.8,28744.290737453055,221.65594,0.6958395189108132,1.1298828647711707,1.0,1.0,1.0,13.799999557176893
SE300_FL310,2022-03-01 01:44:00.000000000,6.048992146742065,51.37453779717241,9448.8,28744.290737453055,221.63351,0.6927347807705593,1.12503444840736,1.0,1.0,1.0,13.799976952886416
SE300_FL310,2022-03-01 01:45:00.000000000,6.16589527157801,51.47498090580639,9448.8,28744.290737453055,221.61339,0.6877311734276428,1.117081855437514,1.0,1.0,1.0,13.799951314976644
SE300_FL310,2022-03-01 01:46:00.000000000,6.282216354420901,51.575801040761654,9448.8,28744.290737453055,221.59465,0.683894888698592,1.111012277566917,1.0,1.0,1.0,13.799922401731491
SE300_FL310,2022-03-01 01:47:00.000000000,6.397986416102225,51.67697982039795,9448.8,28744.290737453055,221.5756,0.675285973809435,1.0971861633068751,1.0,1.0,1.0,13.799896422178843
SE300_FL310,2022-03-01 01:48:00.000000000,6.513236540852692,51.77849945999789,9448.8,28744.290737453055,221.56227,0.6655792453135421,1.0815249494803945,1.0,1.0,1.0,13.800070683038491
SE300_FL310,2022-03-01 01:49:00.000000000,6.627989237000202,51.88034855874178,9448.8,28744.290737453055,221.54665,0.658425993282146,1.0700307834368636,1.0,1.0,1.0,13.800033136164926
SE300_FL310,2022-03-01 01:50:00.000000000,6.7422871098143675,51.982503017475295,9448.8,28744.290737453055,221.53517,0.6506122985846894,1.0574258128290712,1.0,1.0,1.0,13.79999217680041
SE300_FL310,2022-03-01 01:51:00.000000000,6.85616260126879,52.08494594286698,9448.8,28744.290737453055,221.52908,0.6340600288945883,1.0305712565373806,1.0,1.0,1.0,13.799947488517821
SE300_FL310,2022-03-01 01:52:00.000000000,6.9696483812259675,52.187660808917485,9448.8,28744.290737453055,221.52559,0.6130964790274934,0.9965243250057856,1.0,0.0,0.0,13.799898737232269
SE300_FL310,2022-03-01 01:53:00.000000000,7.082777318490884,52.29063144711092,9448.8,28744.290737453055,221.5152,0.5917091381817573,0.9618370161038081,1.0,0.0,0.0,13.800030398716745
SE300_FL310,2022-03-01 01:54:00.000000000,7.19557701404532,52.39384625576109,9448.8,28744.290737453055,221.50406,0.5691196020290654,0.9251956670230747,1.0,0.0,0.0,13.800054345163323
SE300_FL310,2022-03-01 01:55:00.000000000,7.308085257117626,52.49728673117904,9448.8,28744.290737453055,221.49432,0.5386142796090007,0.8756727427686166,1.0,0.0,0.0,13.799996740891372
SE300_FL310,2022-03-01 01:56:00.000000000,7.420338038484323,52.60093580787837,9448.8,28744.290737453055,221.4766,0.5050881973612465,0.8212770741579047,1.0,0.0,0.0,13.799934836100903
SE300_FL310,2022-03-01 01:57:00.000000000,7.532368946100369,52.70477859337681,9448.8,28744.290737453055,221.45828,0.4704798861292188,0.7651113895777363,1.0,0.0,0.0,13.7999107047655
SE300_FL310,2022-03-01 01:58:00.000000000,7.644210999091989,52.80880120769993,9448.8,28744.290737453055,221.44272,0.437742941060027,0.7119562427260296,1.0,0.0,0.0,13.80009727987662
SE300_FL310,2022-03-01 01:59:00.000000000,7.755895885982359,52.912992453617406,9448.8,28744.290737453055,221.42973,0.40485219443505904,0.6585287052586624,1.0,0.0,0.0,13.800026839405156
SE300_FL310,2022-03-01 02:00:00.000000000,7.867462507785084,53.01733360209722,9448.8,28744.290737453055,221.4082,0.37908149211448333,0.6167116561560403,1.0,0.0,0.0,13.799951817325509
SE300_FL310,2022-03-01 02:01:00.000000000,7.97894493915904,53.12181080944994,9448.8,28744.290737453055,221.3979,0.3569384799689481,0.5807345449581784,1.0,0.0,0.0,13.799878948745755
SE300_FL310,2022-03-01 02:02:00.000000000,8.090377316599858,53.22641053966239,9448.8,28744.290737453055,221.39502,0.34887497651532223,0.5676269722899775,1.0,0.0,0.0,13.80011613732471
SE300_FL310,2022-03-01 02:03:00.000000000,8.201794722995709,53.33112242122278,9448.8,28744.290737453055,221.39507,0.3446263424035247,0.5607153917465701,1.0,0.0,0.0,13.800033244616367
SE300_FL310,2022-03-01 02:04:00.000000000,8.313233280726271,53.43592919842136,9448.8,28744.290737453055,221.39978,0.34492497891514085,0.5611818204021821,1.0,0.0,0.0,13.799945514347323
SE300_FL310,2022-03-01 02:05:00.000000000,8.42472747485294,53.54081781028977,9448.8,28744.290737453055,221.4119,0.345304419362784,0.5617458765885974,1.0,0.0,0.0,13.799915365810826
SE300_FL310,2022-03-01 02:06:00.000000000,8.536312692536393,53.64577571103455,9448.8,28744.290737453055,221.42918,0.34319263054236887,0.5582364349806376,1.0,0.0,0.0,13.80011004309586
SE300_FL310,2022-03-01 02:07:00.000000000,8.648028278660536,53.750790832795516,9448.8,28744.290737453055,221.44394,0.3455867160156124,0.5620675673917107,1.0,0.0,0.0,13.800015304799869
SE300_FL310,2022-03-01 02:08:00.000000000,8.759906477778147,53.85584845500265,9448.8,28744.290737453055,221.45981,0.34498693716738177,0.5610248489681421,1.0,0.0,0.0,13.79991564313486
SE300_FL310,2022-03-01 02:09:00.000000000,8.871982232889263,53.96093601106962,9448.8,28744.290737453055,221.4819,0.34408859894638905,0.5594675334600606,1.0,0.0,0.0,13.800004103946796
SE300_FL310,2022-03-01 02:10:00.000000000,8.984295963690094,54.06604108818969,9448.8,28744.290737453055,221.49954,0.34351522736324147,0.5584592264971477,1.0,0.0,0.0,13.800080631551038
SE300_FL310,2022-03-01 02:11:00.000000000,9.096884905918607,54.17115044521283,9448.8,28744.290737453055,221.50566,0.3455290603453214,0.5617069969993447,1.0,0.0,0.0,13.799975069909443
SE300_FL310,2022-03-01 02:12:00.000000000,9.20978021803311,54.27625136209472,9448.8,28744.290737453055,221.51912,0.34707418396287165,0.5641614977555249,1.0,0.0,0.0,13.799864842324851
SE300_FL310,2022-03-01 02:13:00.000000000,9.323017438348389,54.38133146507345,9448.8,28744.290737453055,221.51897,0.34917743898042797,0.5675803571466826,1.0,0.0,0.0,13.800132173225244
SE300_FL310,2022-03-01 02:14:00.000000000,9.436648363691544,54.48637655428334,9448.8,28744.290737453055,221.51971,0.35096141527062835,0.570476483473058,1.0,0.0,0.0,13.800031613689772
SE300_FL310,2022-03-01 02:15:00.000000000,9.550696513269713,54.59137491446518,9448.8,28744.290737453055,221.52046,0.3500550967255739,0.5690005311984223,1.0,0.0,0.0,13.799916973248944
SE300_FL310,2022-03-01 02:16:00.000000000,9.665197626195663,54.69631414251662,9448.8,28744.290737453055,221.52461,0.34793258702526797,0.5655330377387369,1.0,0.0,0.0,13.800000285525412
SE300_FL310,2022-03-01 02:17:00.000000000,9.780198569347377,54.80118004346924,9448.8,28744.290737453055,221.51968,0.34814733970035944,0.5659034703854301,1.0,0.0,0.0,13.800086698051244
SE300_FL310,2022-03-01 02:18:00.000000000,9.895738483326229,54.90595917369293,9448.8,28744.290737453055,221.50989,0.34784262923571935,0.5654500997235301,1.0,0.0,0.0,12.396279145510631
SE300_FL310,2022-03-01 02:18:53.897617080,10.0,55.0,9448.8,28744.290737453055,221.52043,0.3420338414159069,0.5559633508931487,1.0,0.0,0.0,0.0
SE150_FL310,2022-03-01 00:00:00.000000000,-10.000000000000002,45.00000000000001,9448.8,28744.290737453055,221.943,0.6958479376674566,1.1273992146110443,1.0,1.0,1.0,13.800025280721622
SE150_FL310,2022-03-01 00:01:00.000000000,-9.848780362463852,45.06309802296491,9448.8,28744.290737453055,222.03108,0.7080646033866513,1.1464095743003242,1.0,1.0,1.0,13.800023124170625
SE150_FL310,2022-03-01 00:02:00.000000000,-9.69723892593266,45.12601025046198,9448.8,28744.290737453055,222.12866,0.7155241074588574,1.1576103705579375,1.0,1.0,1.0,13.800020919334957
SE150_FL310,2022-03-01 00:03:00.000000000,-9.545386915730079,45.18874995403247,9448.8,28744.290737453055,222.22437,0.722698823467417,1.1683458771318709,1.0,1.0,1.0,13.80001868361511
SE150_FL310,2022-03-01 00:04:00.000000000,-9.393235477429094,45.251330452726556,9448.8,28744.290737453055,222.30415,0.7312012688387185,1.181359707035072,1.0,1.0,1.0,13.800016434639819
SE150_FL310,2022-03-01 00:05:00.000000000,-9.240795680594678,45.31376510728148,9448.8,28744.290737453055,222.37134,0.7399060434388195,1.1947972168603527,1.0,1.0,1.0,13.800014190107833
SE150_FL310,2022-03-01 00:06:00.000000000,-9.088078522618359,45.376067314269825,9448.8,28744.290737453055,222.42264,0.7608501209589961,1.2281276427872496,1.0,1.0,1.0,13.800011967625645
SE150_FL310,2022-03-01 00:07:00.000000000,-8.935094932619785,45.43825050019791,9448.8,28744.290737453055,222.45679,0.7801425263311346,1.2589337981541286,1.0,1.0,1.0,13.800009784533726
SE150_FL310,2022-03-01 00:08:00.000000000,-8.78185577539008,45.500328115534025,9448.8,28744.290737453055,222.46332,0.8004911378197632,1.2917014820851598,1.0,1.0,1.0,13.80000765772226
SE150_FL310,2022-03-01 00:09:00.000000000,-8.628371855351828,45.56231362864651,9448.8,28744.290737453055,222.46332,0.8172687760804092,1.3187744866235867,1.0,1.0,1.0,13.80000560344844
SE150_FL310,2022-03-01 00:10:00.000000000,-8.474653920510518,45.62422051963216,9448.8,28744.290737453055,222.46329,0.8310219014239096,1.3409667738003086,1.0,1.0,1.0,13.800003637143645
SE150_FL310,2022-03-01 00:11:00.000000000,-8.320712666371875,45.68606227401563,9448.8,28744.290737453055,222.4539,0.8384509098888875,1.3530567042625248,1.0,1.0,1.0,13.800001773220872
SE150_FL310,2022-03-01 00:12:00.000000000,-8.166558739799713,45.74785237630135,9448.8,28744.290737453055,222.41052,0.8598160329200111,1.38800501131571,1.0,1.0,1.0,13.800000024891407
SE150_FL310,2022-03-01 00:13:00.000000000,-8.012202742788062,45.80960430335971,9448.8,28744.290737453055,222.34053,0.8715994612326177,1.4077942988076533,1.0,1.0,1.0,13.79999840397277
SE150_FL310,2022-03-01 00:14:00.000000000,-7.857655236121768,45.87133151763049,9448.8,28744.290737453055,222.28247,0.8825476872703873,1.4261268872092683,1.0,1.0,1.0,13.799996920709697
SE150_FL310,2022-03-01 00:15:00.000000000,-7.702926742899029,45.933047460127014,9448.8,28744.290737453055,222.2114,0.9153181338601435,1.479893470067711,1.0,1.0,1.0,13.799995583611501
SE150_FL310,2022-03-01 00:16:00.000000000,-7.548027751889124,45.99476554322603,9448.8,28744.290737453055,222.12448,0.9566778657641277,1.547811464847939,1.0,1.0,1.0,13.799994399289552
SE150_FL310,2022-03-01 00:17:00.000000000,-7.392968720698455,46.05649914322893,9448.8,28744.290737453055,222.11646,0.9518816041929304,1.5401447998732454,1.0,1.0,1.0,13.799993372318367
SE150_FL310,2022-03-01 00:18:00.000000000,-7.237760078717368,46.118261592681485,9448.8,28744.290737453055,222.13365,0.9432055867203524,1.5259036807972168,1.0,1.0,1.0,13.799992505114373
SE150_FL310,2022-03-01 00:19:00.000000000,-7.0824122298204,46.18006617244081,9448.8,28744.290737453055,222.17635,0.9294339088903505,1.5031255617652413,1.0,1.0,1.0,13.799991797836244
SE150_FL310,2022-03-01 00:20:00.000000000,-6.926935554791905,46.241926103479614,9448.8,28744.290737453055,222.22627,0.9145203051811979,1.4784343872941506,1.0,1.0,1.0,13.799991248309139
SE150_FL310,2022-03-01 00:21:00.000000000,-6.771340413449099,46.303854538419465,9448.8,28744.290737453055,222.29211,0.9038771441616548,1.460484745358613,1.0,1.0,1.0,13.79999085197143
SE150_FL310,2022-03-01 00:22:00.000000000,-6.615637146434141,46.36586455278655,9448.8,28744.290737453055,222.37996,0.891496271950119,1.4394903239986678,1.0,1.0,1.0,13.79999060186101
SE150_FL310,2022-03-01 00:23:00.000000000,-6.4598360766471385,46.427969135985755,9448.8,28744.290737453055,222.46324,0.8829370409752584,1.4247416845827285,1.0,1.0,1.0,13.799990488621079
SE150_FL310,2022-03-01 00:24:00.000000000,-6.3039475102915645,46.49018118199037,9448.8,28744.290737453055,222.52507,0.8842460926333278,1.4261640577243087,1.0,1.0,1.0,13.799990500548963
SE150_FL310,2022-03-01 00:25:00.000000000,-6.147981737503878,46.552513479747134,9448.8,28744.290737453055,222.56326,0.8895724888396032,1.4343291088700205,1.0,1.0,1.0,13.799990623666508
SE150_FL310,2022-03-01 00:26:00.000000000,-5.991949032539317,46.6149787032986,9448.8,28744.290737453055,222.58006,0.9015262400852134,1.453411224046372,1.0,1.0,1.0,13.799990841836957
SE150_FL310,2022-03-01 00:27:00.000000000,-5.835859653486246,46.67758940162737,9448.8,28744.290737453055,222.50421,0.9128231580325186,1.4724989128587986,1.0,1.0,1.0,13.799991136910966
SE150_FL310,2022-03-01 00:28:00.000000000,-5.679723841481787,46.740357988228865,9448.8,28744.290737453055,222.42221,0.9201314427809866,1.4852395273150552,1.0,1.0,1.0,13.799991488902345
SE150_FL310,2022-03-01 00:29:00.000000000,-5.523551819402239,46.80329673042195,9448.8,28744.290737453055,222.34256,0.9107501240993681,1.4710101864495393,1.0,1.0,1.0,13.799991876206876
SE150_FL310,2022-03-01 00:30:00.000000000,-5.367353790002575,46.86641773840963,9448.8,28744.290737453055,222.26863,0.8784686998253362,1.4196832750858777,1.0,1.0,1.0,13.799992275841205
SE150_FL310,2022-03-01 00:31:00.000000000,-5.2111399334805135,46.92973295410445,9448.8,28744.290737453055,222.20125,0.8316073866205805,1.3446557587312966,1.0,1.0,1.0,13.799992663719705
SE150_FL310,2022-03-01 00:32:00.000000000,-5.05492040444159,46.993254139735846,9448.8,28744.290737453055,222.15138,0.7652128418726224,1.2377793195273894,1.0,1.0,1.0,13.799993014953047
SE150_FL310,2022-03-01 00:33:00.000000000,-4.89870532824359,47.05699286626,9448.8,28744.290737453055,222.12926,0.7068467868348074,1.1435671779119834,1.0,1.0,1.0,13.799993304171764
SE150_FL310,2022-03-01 00:34:00.000000000,-4.7425047966999045,47.12096050159472,9448.8,28744.290737453055,222.11559,0.6559716532021175,1.061369991696335,1.0,1.0,1.0,13.79999350586429
SE150_FL310,2022-03-01 00:35:00.000000000,-4.586328863123924,47.185168198705355,9448.8,28744.290737453055,222.13557,0.6506072519350034,1.0525284712519893,1.0,1.0,1.0,13.799993594737066
SE150_FL310,2022-03-01 00:36:00.000000000,-4.430187536698249,47.24962688356991,9448.8,28744.290737453055,222.15543,0.6550403300740544,1.0595362670828365,1.0,1.0,1.0,13.799993546077733
SE150_FL310,2022-03-01 00:37:00.000000000,-4.274090776155365,47.31434724305453,9448.8,28744.290737453055,222.18098,0.6777686251397356,1.0960825287437008,1.0,1.0,1.0,13.799993336121352
SE150_FL310,2022-03-01 00:38:00.000000000,-4.118048482758973,47.37933971273268,9448.8,28744.290737453055,222.19362,0.7042096535848963,1.1387296827223867,1.0,1.0,1.0,13.799992942424828
SE150_FL310,2022-03-01 00:39:00.000000000,-3.9620704925782735,47.44461446468435,9448.8,28744.290737453055,222.19928,0.724187381423184,1.1709845318031717,1.0,1.0,1.0,13.7999923442172
SE150_FL310,2022-03-01 00:40:00.000000000,-3.806166568050712,47.510181395313246,9448.8,28744.290737453055,222.19061,0.7195159102789774,1.1635091604432652,1.0,1.0,1.0,13.799991522756148
SE150_FL310,2022-03-01 00:41:00.000000000,-3.6503463888319807,47.57605011322245,9448.8,28744.290737453055,222.17802,0.7105725631785718,1.149156574757984,1.0,1.0,1.0,13.799990461647935
SE150_FL310,2022-03-01 00:42:00.000000000,-3.4946195419363453,47.64222992719104,9448.8,28744.290737453055,222.17787,0.7028475024384778,1.1366667791463974,1.0,1.0,1.0,13.799989147153058
SE150_FL310,2022-03-01 00:43:00.000000000,-3.3389955111735663,47.708729834295355,9448.8,28744.290737453055,222.18576,0.6978660767589795,1.1285390717328008,1.0,1.0,1.0,13.79998756845803
SE150_FL310,2022-03-01 00:44:00.000000000,-3.1834836658934074,47.775558508220634,9448.8,28744.290737453055,222.19095,0.6929203799276995,1.1204981599727446,1.0,1.0,1.0,13.79998571790615
SE150_FL310,2022-03-01 00:45:00.000000000,-3.0280932490527612,47.84272428780939,9448.8,28744.290737453055,222.19633,0.6889507709912339,1.114032823213772,1.0,1.0,1.0,13.799983591199357
SE150_FL310,2022-03-01 00:46:00.000000000,-2.872833364624784,47.91023516589412,9448.8,28744.290737453055,222.20848,0.6905229163603207,1.1164714186015008,1.0,1.0,1.0,13.799981187540997
SE150_FL310,2022-03-01 00:47:00.000000000,-2.7177129643741873,47.97809877846222,9448.8,28744.290737453055,222.22139,0.6940174300913572,1.1220078965364806,1.0,1.0,1.0,13.799978509741795
SE150_FL310,2022-03-01 00:48:00.000000000,-2.562740834027267,48.046322394201255,9448.8,28744.290737453055,222.23047,0.6957819260877885,1.1247791392200444,1.0,1.0,1.0,13.799975564268491
SE150_FL310,2022-03-01 00:49:00.000000000,-2.407925578869879,48.11491290447256,9448.8,28744.290737453055,222.24124,0.6947242675732974,1.1229764927707824,1.0,1.0,1.0,13.799972361242325
SE150_FL310,2022-03-01 00:50:00.000000000,-2.2532756088113697,48.18387681376056,9448.8,28744.290737453055,222.25136,0.6930842260306173,1.1202355158404702,1.0,1.0,1.0,13.799968914382415
SE150_FL310,2022-03-01 00:51:00.000000000,-2.0987991229566814,48.25322023064404,9448.8,28744.290737453055,222.25551,0.6916384829276422,1.1178637605592887,1.0,1.0,1.0,13.799965240897679
SE150_FL310,2022-03-01 00:52:00.000000000,-1.9445040937337181,48.3229488593347,9448.8,28744.290737453055,222.23567,0.6899098342817873,1.1152410608733474,1.0,1.0,1.0,13.799961361323575
SE150_FL310,2022-03-01 00:53:00.000000000,-1.7903982506269553,48.393067991826065,9448.8,28744.290737453055,222.17546,0.6944476900510531,1.1231022836497662,1.0,1.0,1.0,13.799957299309654
SE150_FL310,2022-03-01 00:54:00.000000000,-1.6364890635725675,48.46358250069396,9448.8,28744.290737453055,222.11661,0.7014104173370481,1.1348817036137793,1.0,1.0,1.0,13.799953081365691
SE150_FL310,2022-03-01 00:55:00.000000000,-1.482783726073991,48.534496832587074,9448.8,28744.290737453055,222.04881,0.7113827364264679,1.1516215115514843,1.0,1.0,1.0,13.799948736550181
SE150_FL310,2022-03-01 00:56:00.000000000,-1.3292891381006948,48.60581500244348,9448.8,28744.290737453055,221.97412,0.7233252111307176,1.1716329762921085,1.0,1.0,1.0,13.79996224359886
SE150_FL310,2022-03-01 00:57:00.000000000,-1.176012199022902,48.677541157964725,9448.8,28744.290737453055,221.91345,0.7354166345240891,1.191776655458274,1.0,1.0,1.0,13.800015850398514
SE150_FL310,2022-03-01 00:58:00.000000000,-1.022959909011004,48.74967973493967,9448.8,28744.290737453055,221.86848,0.7484948943625205,1.213393042024619,1.0,1.0,1.0,13.800011280819982
SE150_FL310,2022-03-01 00:59:00.000000000,-0.8701372214611162,48.82223162470867,9448.8,28744.290737453055,221.81645,0.7596272689203021,1.2319355107848537,1.0,1.0,1.0,13.800006501605102
SE150_FL310,2022-03-01 01:00:00.000000000,-0.7175496815727354,48.89519906140205,9448.8,28744.290737453055,221.76189,0.7748225212012373,1.25710716193299,1.0,1.0,1.0,13.800001555312974
SE150_FL310,2022-03-01 01:01:00.000000000,-0.5652024537904219,48.96858383001156,9448.8,28744.290737453055,221.70169,0.7955551300996041,1.2913452509106815,1.0,1.0,1.0,13.79999648581086
SE150_FL310,2022-03-01 01:02:00.000000000,-0.4131003048958678,49.04238726558329,9448.8,28744.290737453055,221.64339,0.7919633901802104,1.2860897722827385,1.0,1.0,1.0,13.799991337765992
SE150_FL310,2022-03-01 01:03:00.000000000,-0.2612475873906203,49.116610253279745,9448.8,28744.290737453055,221.59029,0.769518378062923,1.2501503797896532,1.0,1.0,1.0,13.7999861561264
SE150_FL310,2022-03-01 01:04:00.000000000,-0.1096482232436474,49.1912532293119,9448.8,28744.290737453055,221.5527,0.716129711541062,1.1637516839347726,1.0,1.0,1.0,13.799980985617015
SE150_FL310,2022-03-01 01:05:00.000000000,0.041694311923352705,49.266316182737384,9448.8,28744.290737453055,221.53104,0.6398827800327379,1.0400191591051757,1.0,1.0,1.0,13.799975870245795
SE150_FL310,2022-03-01 01:06:00.000000000,0.19277700414136667,49.341798658116055,9448.8,28744.290737453055,221.5202,0.577149842140399,0.9381364748477827,1.0,0.0,0.0,13.799970852837674
SE150_FL310,2022-03-01 01:07:00.000000000,0.3435973158213465,49.41769975900875,9448.8,28744.290737453055,221.50107,0.5456139027656481,0.8870051806923664,1.0,0.0,0.0,13.79996597459641
SE150_FL310,2022-03-01 01:08:00.000000000,0.49415319983679507,49.49401815230074,9448.8,28744.290737453055,221.48407,0.5370886090551293,0.8732607720553094,1.0,0.0,0.0,13.799961274703167
SE150_FL310,2022-03-01 01:09:00.000000000,0.6444431128990113,49.5707520733261,9448.8,28744.290737453055,221.43633,0.5600171498422062,0.9108722649211187,1.0,0.0,0.0,13.799956789951366
SE150_FL310,2022-03-01 01:10:00.000000000,0.7944660281656921,49.647899331764975,9448.8,28744.290737453055,221.39388,0.5843186540087238,0.9507083471041308,1.0,0.0,0.0,13.799952554435153
SE150_FL310,2022-03-01 01:11:00.000000000,0.9442214470284372,49.72545731828128,9448.8,28744.290737453055,221.36642,0.6062704011493255,0.9866302217019411,1.0,0.0,0.0,13.799948599276675
SE150_FL310,2022-03-01 01:12:00.000000000,1.0937094100288882,49.803423011864275,9448.8,28744.290737453055,221.33835,0.6420738121142723,1.0451219594909311,1.0,1.0,1.0,13.79994495241215
SE150_FL310,2022-03-01 01:13:00.000000000,1.2429305068591834,49.8817929878337,9448.8,28744.290737453055,221.31096,0.6806365029763031,1.1081241626413132,1.0,1.0,1.0,13.799943970232082
SE150_FL310,2022-03-01 01:14:00.000000000,1.391885839203061,49.9605634958069,9448.8,28744.290737453055,221.3084,0.7055400871230748,1.1486912728598386,1.0,1.0,1.0,13.800018164069398
SE150_FL310,2022-03-01 01:15:00.000000000,1.5405756538199646,50.039732525500625,9448.8,28744.290737453055,221.31151,0.7262106232483699,1.1823154094987278,1.0,1.0,1.0,13.800012779561797
SE150_FL310,2022-03-01 01:16:00.000000000,1.689003811745885,50.119293133097386,9448.8,28744.290737453055,221.31813,0.7418299002615975,1.2076853998606802,1.0,1.0,1.0,13.800007711970267
SE150_FL310,2022-03-01 01:17:00.000000000,1.8371731915099507,50.19924036232172,9448.8,28744.290737453055,221.34047,0.7470511553169084,1.2159755158715175,1.0,1.0,1.0,13.800002984178791
SE150_FL310,2022-03-01 01:18:00.000000000,1.985087255414262,50.279568902342035,9448.8,28744.290737453055,221.36998,0.7500408665171885,1.2205661546399957,1.0,1.0,1.0,13.79999861501331
SE150_FL310,2022-03-01 01:19:00.000000000,2.1327500533276282,50.36027309878075,9448.8,28744.290737453055,221.3949,0.7517351914149678,1.2230893837596368,1.0,1.0,1.0,13.799994619263725
SE150_FL310,2022-03-01 01:20:00.000000000,2.2801662254169526,50.44134696502648,9448.8,28744.290737453055,221.41815,0.7519271877663474,1.2231839498413632,1.0,1.0,1.0,13.799991007751949
SE150_FL310,2022-03-01 01:21:00.000000000,2.4273410038207826,50.52278419379153,9448.8,28744.290737453055,221.439,0.7519554898504471,1.2230383810865801,1.0,1.0,1.0,13.799987787443316
SE150_FL310,2022-03-01 01:22:00.000000000,2.5742802132739526,50.604578168858964,9448.8,28744.290737453055,221.43968,0.744891011325709,1.2115422571318402,1.0,1.0,1.0,13.799984961591031
SE150_FL310,2022-03-01 01:23:00.000000000,2.720990270699007,50.686721976962986,9448.8,28744.290737453055,221.42836,0.73355762627513,1.1932091526170163,1.0,1.0,1.0,13.79998252990439
SE150_FL310,2022-03-01 01:24:00.000000000,2.8674781837846655,50.769208419747585,9448.8,28744.290737453055,221.41106,0.7250445419613634,1.1795179605614143,1.0,1.0,1.0,13.79998048874809
SE150_FL310,2022-03-01 01:25:00.000000000,3.013751548576857,50.85203002574966,9448.8,28744.290737453055,221.38936,0.7188052362215118,1.169564658339184,1.0,1.0,1.0,13.799978831356217
SE150_FL310,2022-03-01 01:26:00.000000000,3.1598185461124664,50.935179062353996,9448.8,28744.290737453055,221.35822,0.7106615884140598,1.1565869450640331,1.0,1.0,1.0,13.79997754806047
SE150_FL310,2022-03-01 01:27:00.000000000,3.3056879381298114,51.0186475476696,9448.8,28744.290737453055,221.32118,0.7036075393663929,1.1454337288849004,1.0,1.0,1.0,13.799976626528416
SE150_FL310,2022-03-01 01:28:00.000000000,3.451369061894234,51.10242726227889,9448.8,28744.290737453055,221.26872,0.699573544873284,1.1393243645889257,1.0,1.0,1.0,13.799976052009184
SE150_FL310,2022-03-01 01:29:00.000000000,3.596871824179734,51.18650976081355,9448.8,28744.290737453055,221.21172,0.6926857509989286,1.1285943973747863,1.0,1.0,1.0,13.79997580757543
SE150_FL310,2022-03-01 01:30:00.000000000,3.7422066944510983,51.27088638331356,9448.8,28744.290737453055,221.15173,0.6818741787759321,1.1114876289961644,1.0,1.0,1.0,13.799975874366709
SE150_FL310,2022-03-01 01:31:00.000000000,3.8873846972928505,51.35554826632859,9448.8,28744.290737453055,221.09264,0.6805120926143786,1.1097643553028604,1.0,1.0,1.0,13.799976231823901
SE150_FL310,2022-03-01 01:32:00.000000000,4.032417404133353,51.44048635372388,9448.8,28744.290737453055,221.03737,0.6770544780789914,1.104592462792982,1.0,1.0,1.0,13.799976857923344
SE150_FL310,2022-03-01 01:33:00.000000000,4.17731692431389,51.525691407155904,9448.8,28744.290737453055,220.99553,0.671697452315714,1.0962004527675646,1.0,1.0,1.0,13.79997772939002
SE150_FL310,2022-03-01 01:34:00.000000000,4.322095895553423,51.611154016185885,9448.8,28744.290737453055,220.97183,0.6689503054856185,1.0919164690866454,1.0,1.0,1.0,13.799978821916332
SE150_FL310,2022-03-01 01:35:00.000000000,4.466767473859694,51.69686460800298,9448.8,28744.290737453055,220.96596,0.6670859515095776,1.0889194157031883,1.0,1.0,1.0,13.79998011034861
SE150_FL310,2022-03-01 01:36:00.000000000,4.61134532293813,51.78281345673147,9448.8,28744.290737453055,220.98212,0.6629416452274888,1.0820199772254224,1.0,1.0,1.0,13.799981568886242
SE150_FL310,2022-03-01 01:37:00.000000000,4.755843603148792,51.86899069230014,9448.8,28744.290737453055,221.00513,0.6584887421604091,1.0745653487309608,1.0,1.0,1.0,13.79998317125147
SE150_FL310,2022-03-01 01:38:00.000000000,4.9002769600611895,51.95538630885467,9448.8,28744.290737453055,221.04079,0.6534909895127771,1.0661199461717006,1.0,1.0,1.0,13.799984890852482
SE150_FL310,2022-03-01 01:39:00.000000000,5.044660512655349,52.041990172697254,9448.8,28744.290737453055,221.07562,0.6496978941281482,1.059652346335548,1.0,1.0,1.0,13.799986700946327
SE150_FL310,2022-03-01 01:40:00.000000000,5.189009841215732,52.12879202974077,9448.8,28744.290737453055,221.11014,0.6467948264026955,1.0546409325064274,1.0,1.0,1.0,13.799988574784994
SE150_FL310,2022-03-01 01:41:00.000000000,5.33334097496334,52.2157815124673,9448.8,28744.290737453055,221.1441,0.6464308034254068,1.0537744146309695,1.0,1.0,1.0,13.799990485753726
SE150_FL310,2022-03-01 01:42:00.000000000,5.477670379467894,52.30294814638437,9448.8,28744.290737453055,221.17867,0.6478109498086547,1.0557493106241103,1.0,1.0,1.0,13.799992407510803
SE150_FL310,2022-03-01 01:43:00.000000000,5.622014943881001,52.390281355974025,9448.8,28744.290737453055,221.2118,0.6528294491922682,1.0636535143145547,1.0,1.0,1.0,13.79999431411892
SE150_FL310,2022-03-01 01:44:00.000000000,5.766391968026885,52.477770470133564,9448.8,28744.290737453055,221.24213,0.6594965854442945,1.0742712444760003,1.0,1.0,1.0,13.799996180175784
SE150_FL310,2022-03-01 01:45:00.000000000,5.910819149385742,52.565404727108,9448.8,28744.290737453055,221.26157,0.6674083590831155,1.0869955467740013,1.0,1.0,1.0,13.799997980946767
SE150_FL310,2022-03-01 01:46:00.000000000,6.055314570000713,52.65317327891751,9448.8,28744.290737453055,221.28455,0.6743872567340872,1.0981703346169822,1.0,1.0,1.0,13.799999692491834
SE150_FL310,2022-03-01 01:47:00.000000000,6.19989668333652,52.74106519528474,9448.8,28744.290737453055,221.30931,0.6791423749994934,1.10570726914808,1.0,1.0,1.0,13.80000129179735
SE150_FL310,2022-03-01 01:48:00.000000000,6.344584301114556,52.829069467069175,9448.8,28744.290737453055,221.3223,0.6721204454188607,1.0941634812942542,1.0,1.0,1.0,13.800002756917273
SE150_FL310,2022-03-01 01:49:00.000000000,6.48939658014588,52.91717500921703,9448.8,28744.290737453055,221.3353,0.6634977699780189,1.0800209072715057,1.0,1.0,1.0,13.800004067102952
SE150_FL310,2022-03-01 01:50:00.000000000,6.634353009179616,53.00537066323756,9448.8,28744.290737453055,221.3504,0.6557564963137406,1.0672952809313294,1.0,1.0,1.0,13.80000520294991
SE150_FL310,2022-03-01 01:51:00.000000000,6.779473395781127,53.09364519921752,9448.8,28744.290737453055,221.36325,0.6492715586558326,1.0566373264258144,1.0,1.0,1.0,13.800006146536646
SE150_FL310,2022-03-01 01:52:00.000000000,6.924777853250975,53.18198731738731,9448.8,28744.290737453055,221.36607,0.6125444550007462,0.9968437096196717,1.0,0.0,0.0,13.80000688157544
SE150_FL310,2022-03-01 01:53:00.000000000,7.070286787591492,53.270385649253456,9448.8,28744.290737453055,221.37343,0.587525235298853,0.9560763898745984,1.0,0.0,0.0,13.800007393558275
SE150_FL310,2022-03-01 01:54:00.000000000,7.216020884525191,53.35882875831312,9448.8,28744.290737453055,221.38127,0.5612622760828241,0.9132823920351134,1.0,0.0,0.0,13.800007669900015
SE150_FL310,2022-03-01 01:55:00.000000000,7.3620010965652085,53.44730514036748,9448.8,28744.290737453055,221.38553,0.5213753326932069,0.848352401978354,1.0,0.0,0.0,13.800007700096462
SE150_FL310,2022-03-01 01:56:00.000000000,7.508248630134886,53.53580322345174,9448.8,28744.290737453055,221.39343,0.47561369956116173,0.7738440756303603,1.0,0.0,0.0,13.800007475854803
SE150_FL310,2022-03-01 01:57:00.000000000,7.654784932730397,53.62431136740005,9448.8,28744.290737453055,221.39496,0.4373042596950534,0.7115047986831305,1.0,0.0,0.0,13.800006991241453
SE150_FL310,2022-03-01 01:58:00.000000000,7.801631680117048,53.712817863064856,9448.8,28744.290737453055,221.3981,0.402392692980433,0.6546865022489103,1.0,0.0,0.0,13.800006242806354
SE150_FL310,2022-03-01 01:59:00.000000000,7.948810763547113,53.80131093121019,9448.8,28744.290737453055,221.41142,0.3729215125805593,0.606675982799516,1.0,0.0,0.0,13.800005229709964
SE150_FL310,2022-03-01 02:00:00.000000000,8.096344276983887,53.889778721099525,9448.8,28744.290737453055,221.42471,0.35343444893747944,0.5749149982809388,1.0,0.0,0.0,13.800003953824296
SE150_FL310,2022-03-01 02:01:00.000000000,8.244254504314016,53.97820930879907,9448.8,28744.290737453055,221.43443,0.34069417752257175,0.5541500453345968,1.0,0.0,0.0,13.80000241982998
SE150_FL310,2022-03-01 02:02:00.000000000,8.392563906527803,54.06659069521786,9448.8,28744.290737453055,221.46216,0.33053114111230164,0.5375057244398219,1.0,0.0,0.0,13.800000635287429
SE150_FL310,2022-03-01 02:03:00.000000000,8.541295108844203,54.15491080390644,9448.8,28744.290737453055,221.49109,0.3217536271273718,0.5231145079160301,1.0,0.0,0.0,13.79999861068731
SE150_FL310,2022-03-01 02:04:00.000000000,8.690470887755579,54.24315747863636,9448.8,28744.290737453055,221.52109,0.31884839138003473,0.5182721068695681,1.0,0.0,0.0,13.799996359482744
SE150_FL310,2022-03-01 02:05:00.000000000,8.840114157964688,54.3313184807831,9448.8,28744.290737453055,221.53177,0.32165865861113624,0.5227985052315649,1.0,0.0,0.0,13.799993898086694
SE150_FL310,2022-03-01 02:06:00.000000000,8.990247959184734,54.41938148653517,9448.8,28744.290737453055,221.54895,0.32204313398115175,0.5233541586082886,1.0,0.0,0.0,13.799991245846577
SE150_FL310,2022-03-01 02:07:00.000000000,9.140895442771445,54.50733408395296,9448.8,28744.290737453055,221.5561,0.3261138293763303,0.5299399224468078,1.0,0.0,0.0,13.799988424983786
SE150_FL310,2022-03-01 02:08:00.000000000,9.292079858154782,54.595163769900566,9448.8,28744.290737453055,221.55006,0.3326429061523916,0.5405754789736373,1.0,0.0,0.0,13.799985460504125
SE150_FL310,2022-03-01 02:09:00.000000000,9.443824539036145,54.682857946874975,9448.8,28744.290737453055,221.5519,0.3334648257177179,0.5419033351303773,1.0,0.0,0.0,13.79998238006007
SE150_FL310,2022-03-01 02:10:00.000000000,9.596152889316482,54.770403919756546,9448.8,28744.290737453055,221.55142,0.3352668280723776,0.5448332643606911,1.0,0.0,0.0,13.799979213805697
SE150_FL310,2022-03-01 02:11:00.000000000,9.749088368719127,54.85778889250587,9448.8,28744.290737453055,221.53343,0.34261560566727495,0.5568519934460188,1.0,0.0,0.0,13.79997599417574
SE150_FL310,2022-03-01 02:12:00.000000000,9.902654478070929,54.944999964831716,9448.8,28744.290737453055,221.52267,0.34460776898992923,0.5601363115365124,1.0,0.0,0.0,8.71787688339356
SE150_FL310,2022-03-01 02:12:37.904240283,10.0,55.0,9448.8,28744.290737453055,221.52934,0.3421477488189755,0.556108636995241,1.0,0.0,0.0,0.0
GC0_FL310,2022-03-01 00:00:00.000000000,-10.000000000000002,45.00000000000001,9448.8,28744.290737453055,221.943,0.6958479376674566,1.1273992146110443,1.0,1.0,1.0,13.800031261260088
GC0_FL310,2022-03-01 00:01:00.000000000,-9.876312021826006,45.08811854334467,9448.8,28744.290737453055,222.00066,0.7079661235902804,1.1465177479410233,1.0,1.0,1.0,13.800027623894355
GC0_FL310,2022-03-01 00:02:00.000000000,-9.752242252140906,45.176103215944366,9448.8,28744.290737453055,222.07497,0.7116547543166647,1.151828996552772,1.0,1.0,1.0,13.800023933454368
GC0_FL310,2022-03-01 00:03:00.000000000,-9.627788920452794,45.263953191638386,9448.8,28744.290737453055,222.14111,0.71639655230422,1.1589116626141067,1.0,1.0,1.0,13.800020189682812
GC0_FL310,2022-03-01 00:04:00.000000000,-9.5029502525583,45.351667639156055,9448.8,28744.290737453055,222.18996,0.7189713603608537,1.1626337089927392,1.0,1.0,1.0,13.800016392336534
GC0_FL310,2022-03-01 00:05:00.000000000,-9.377724470626134,45.439245722091066,9448.8,28744.290737453055,222.23758,0.7223638635172448,1.1676862984654133,1.0,1.0,1.0,13.800012541176311
GC0_FL310,2022-03-01 00:06:00.000000000,-9.252109793282935,45.52668659887586,9448.8,28744.290737453055,222.29413,0.7216108369511937,1.1659588716754554,1.0,1.0,1.0,13.800008635971807
GC0_FL310,2022-03-01 00:07:00.000000000,-9.126104435701345,45.613989422756205,9448.8,28744.290737453055,222.31163,0.7338172234206687,1.1855169944606379,1.0,1.0,1.0,13.800004676501466
GC0_FL310,2022-03-01 00:08:00.000000000,-8.999706609690397,45.701153341765824,9448.8,28744.290737453055,222.3557,0.7338546314227438,1.1851703876211512,1.0,1.0,1.0,13.800000662551579
GC0_FL310,2022-03-01 00:09:00.000000000,-8.872914523788092,45.7881774987011,9448.8,28744.290737453055,222.34912,0.7417657558105001,1.1980111873147947,1.0,1.0,1.0,13.799996593917113
GC0_FL310,2022-03-01 00:10:00.000000000,-8.745726383356452,45.87506103109597,9448.8,28744.290737453055,222.33728,0.7449067651339102,1.2031937629320335,1.0,1.0,1.0,13.799992470403737
GC0_FL310,2022-03-01 00:11:00.000000000,-8.618140390678803,45.96180307119685,9448.8,28744.290737453055,222.31905,0.74455704763883,1.2027991248997487,1.0,1.0,1.0,13.799988291825057
GC0_FL310,2022-03-01 00:12:00.000000000,-8.490154745059604,46.04840274593778,9448.8,28744.290737453055,222.29274,0.7375795385769034,1.1917711930249217,1.0,1.0,1.0,13.799984058004643
GC0_FL310,2022-03-01 00:13:00.000000000,-8.36176764292664,46.13485917691566,9448.8,28744.290737453055,222.23009,0.7322043084100476,1.183663225750312,1.0,1.0,1.0,13.799979768777922
GC0_FL310,2022-03-01 00:14:00.000000000,-8.232977277935733,46.22117148036564,9448.8,28744.290737453055,222.17972,0.7237114202245505,1.1703905951059301,1.0,1.0,1.0,13.79997542398953
GC0_FL310,2022-03-01 00:15:00.000000000,-8.103781841077932,46.30733876713662,9448.8,28744.290737453055,222.07423,0.7474823740919262,1.2098220747851305,1.0,1.0,1.0,13.799971023496427
GC0_FL310,2022-03-01 00:16:00.000000000,-7.974179520789293,46.39336014266697,9448.8,28744.290737453055,221.98398,0.7699968012783214,1.2471351975233298,1.0,1.0,1.0,13.799966567164596
GC0_FL310,2022-03-01 00:17:00.000000000,-7.844168503063274,46.47923470696041,9448.8,28744.290737453055,221.91759,0.7906498717472014,1.2812451682350265,1.0,1.0,1.0,13.8000335506074
GC0_FL310,2022-03-01 00:18:00.000000000,-7.713744387039283,46.56496062297613,9448.8,28744.290737453055,221.86172,0.8209016511847583,1.3308413618586699,1.0,1.0,1.0,13.800029833224963
GC0_FL310,2022-03-01 00:19:00.000000000,-7.582907908106713,46.65053789712994,9448.8,28744.290737453055,221.82292,0.8503878914280676,1.3790580754804316,1.0,1.0,1.0,13.800025836216795
GC0_FL310,2022-03-01 00:20:00.000000000,-7.451657253716138,46.73596561579989,9448.8,28744.290737453055,221.80894,0.8666464592981992,1.4055755815871065,1.0,1.0,1.0,13.800021784046535
GC0_FL310,2022-03-01 00:21:00.000000000,-7.319990601234423,46.82124285691214,9448.8,28744.290737453055,221.80861,0.8730212163605386,1.4159163976410267,1.0,1.0,1.0,13.800017676565119
GC0_FL310,2022-03-01 00:22:00.000000000,-7.187906126190921,46.90636869283971,9448.8,28744.290737453055,221.83235,0.8673744130439557,1.4065035106327284,1.0,1.0,1.0,13.800013513633964
GC0_FL310,2022-03-01 00:23:00.000000000,-7.0554020024062,46.99134219037952,9448.8,28744.290737453055,221.88196,0.8597808838200149,1.3936583174052757,1.0,1.0,1.0,13.800009295126483
GC0_FL310,2022-03-01 00:24:00.000000000,-6.922476402123702,47.07616241072962,9448.8,28744.290737453055,221.94019,0.8448630067666095,1.3688577959868509,1.0,1.0,1.0,13.800005020927465
GC0_FL310,2022-03-01 00:25:00.000000000,-6.789127496144292,47.16082840946671,9448.8,28744.290737453055,222.00456,0.8303936834001628,1.3447420323500283,1.0,1.0,1.0,13.800000690938065
GC0_FL310,2022-03-01 00:26:00.000000000,-6.655353453963729,47.24533923652389,9448.8,28744.290737453055,222.04988,0.8218515027398766,1.3304431468532636,1.0,1.0,1.0,13.799996305067978
GC0_FL310,2022-03-01 00:27:00.000000000,-6.521152443913118,47.32969393616862,9448.8,28744.290737453055,222.09274,0.8095126765874733,1.31003486865638,1.0,1.0,1.0,13.799991863244522
GC0_FL310,2022-03-01 00:28:00.000000000,-6.386522633302341,47.41389154698097,9448.8,28744.290737453055,222.10825,0.7994597282070152,1.293607981959805,1.0,1.0,1.0,13.799987365406142
GC0_FL310,2022-03-01 00:29:00.000000000,-6.251462188566615,47.49793110183218,9448.8,28744.290737453055,222.11478,0.7988544400728483,1.292564966903317,1.0,1.0,1.0,13.79998281150992
GC0_FL310,2022-03-01 00:30:00.000000000,-6.1159692754160595,47.58181162786344,9448.8,28744.290737453055,222.11006,0.7915672405920583,1.2808211490527848,1.0,1.0,1.0,13.799978201523881
GC0_FL310,2022-03-01 00:31:00.000000000,-5.980042058988454,47.66553214646499,9448.8,28744.290737453055,222.10483,0.7859200938984034,1.2717356488196203,1.0,1.0,1.0,13.799973535432741
GC0_FL310,2022-03-01 00:32:00.000000000,-5.84367870400512,47.74909167325553,9448.8,28744.290737453055,222.05835,0.7755786267392177,1.2554541351875583,1.0,1.0,1.0,13.799968813237534
GC0_FL310,2022-03-01 00:33:00.000000000,-5.70687737493005,47.832489218061895,9448.8,28744.290737453055,222.01186,0.7680698389987787,1.2437475631350283,1.0,1.0,1.0,13.799964034957233
GC0_FL310,2022-03-01 00:34:00.000000000,-5.569636236132259,47.91572378489917,9448.8,28744.290737453055,221.96468,0.7586644372997818,1.2289648129761257,1.0,1.0,1.0,13.800035855280361
GC0_FL310,2022-03-01 00:35:00.000000000,-5.431950681045849,47.9987933410855,9448.8,28744.290737453055,221.91266,0.7511813164554475,1.2173342342396565,1.0,1.0,1.0,13.80003208062314
GC0_FL310,2022-03-01 00:36:00.000000000,-5.2938216052343305,48.08169789082298,9448.8,28744.290737453055,221.84564,0.7468601869393715,1.2109575082971167,1.0,1.0,1.0,13.800027766635571
GC0_FL310,2022-03-01 00:37:00.000000000,-5.155247191271525,48.164436426955106,9448.8,28744.290737453055,221.79672,0.7295242933181795,1.1832909915258878,1.0,1.0,1.0,13.800023396612284
GC0_FL310,2022-03-01 00:38:00.000000000,-5.016225604851381,48.24700792994952,9448.8,28744.290737453055,221.74294,0.7148734709418038,1.1600139645257894,1.0,1.0,1.0,13.800018970545228
GC0_FL310,2022-03-01 00:39:00.000000000,-4.876755012439158,48.329411374367055,9448.8,28744.290737453055,221.69447,0.705125080225261,1.1446189194137866,1.0,1.0,1.0,13.800014488442477
GC0_FL310,2022-03-01 00:40:00.000000000,-4.7368335814541895,48.411645728843965,9448.8,28744.290737453055,221.63799,0.7006089875464351,1.1377839469451265,1.0,1.0,1.0,13.800009950331221
GC0_FL310,2022-03-01 00:41:00.000000000,-4.596459480456218,48.493709956074575,9448.8,28744.290737453055,221.61612,0.7090642236353234,1.1517099480057407,1.0,1.0,1.0,13.800005356252322
GC0_FL310,2022-03-01 00:42:00.000000000,-4.455630879335287,48.57560301279429,9448.8,28744.290737453055,221.59048,0.710976178018952,1.1550429105625528,1.0,1.0,1.0,13.800000706269127
GC0_FL310,2022-03-01 00:43:00.000000000,-4.314345949505185,48.6573238497631,9448.8,28744.290737453055,221.56299,0.7087554364300221,1.1516782960731682,1.0,1.0,1.0,13.799996000461707
GC0_FL310,2022-03-01 00:44:00.000000000,-4.172602864100605,48.73887141174949,9448.8,28744.290737453055,221.53343,0.7026308929331666,1.141983630969094,1.0,1.0,1.0,13.799991238929968
GC0_FL310,2022-03-01 00:45:00.000000000,-4.030399798177934,48.8202446375148,9448.8,28744.290737453055,221.51718,0.696370784561912,1.1319495629727812,1.0,1.0,1.0,13.79998642179239
GC0_FL310,2022-03-01 00:46:00.000000000,-3.8877349289197967,48.901442459798034,9448.8,28744.290737453055,221.5049,0.6910693345054485,1.1234393420940212,1.0,1.0,1.0,13.799981549189066
GC0_FL310,2022-03-01 00:47:00.000000000,-3.744606435843342,48.98246380530123,9448.8,28744.290737453055,221.49222,0.6807051294846063,1.1067018634073906,1.0,1.0,1.0,13.799976621281434
GC0_FL310,2022-03-01 00:48:00.000000000,-3.601012501012314,49.06330759467523,9448.8,28744.290737453055,221.49802,0.6912127003071287,1.1237336732925638,1.0,1.0,1.0,13.799971638251657
GC0_FL310,2022-03-01 00:49:00.000000000,-3.456951309253031,49.14397274250603,9448.8,28744.290737453055,221.50821,0.702255652671738,1.1415945538120833,1.0,1.0,1.0,13.799966600302653
GC0_FL310,2022-03-01 00:50:00.000000000,-3.312421048374104,49.22445815730157,9448.8,28744.290737453055,221.51372,0.7117050589389908,1.156905796257277,1.0,1.0,1.0,13.799961507663523
GC0_FL310,2022-03-01 00:51:00.000000000,-3.1674199093902,49.304762741479145,9448.8,28744.290737453055,221.5176,0.7206922079894611,1.1714821699079179,1.0,1.0,1.0,13.80003811560671
GC0_FL310,2022-03-01 00:52:00.000000000,-3.021943131385752,49.3848842512864,9448.8,28744.290737453055,221.52425,0.7232337393441293,1.175552732917112,1.0,1.0,1.0,13.80003431143209
GC0_FL310,2022-03-01 00:53:00.000000000,-2.875991817593982,49.46482269242153,9448.8,28744.290737453055,221.5361,0.7183180621014758,1.167458111235535,1.0,1.0,1.0,13.80002967563927
GC0_FL310,2022-03-01 00:54:00.000000000,-2.7295641981544376,49.54457695964448,9448.8,28744.290737453055,221.549,0.7110065937100621,1.1554581814011224,1.0,1.0,1.0,13.800024984324816
GC0_FL310,2022-03-01 00:55:00.000000000,-2.582658479303576,49.62414593078313,9448.8,28744.290737453055,221.56589,0.7021396711830534,1.14090250053641,1.0,1.0,1.0,13.800020237683322
GC0_FL310,2022-03-01 00:56:00.000000000,-2.435272871668278,49.703528477519875,9448.8,28744.290737453055,221.57674,0.7003624950032117,1.1379209774148114,1.0,1.0,1.0,13.800015435926571
GC0_FL310,2022-03-01 00:57:00.000000000,-2.2874055905140325,49.78272346538261,9448.8,28744.290737453055,221.57802,0.7040366998124057,1.143878239746249,1.0,1.0,1.0,13.800010579292724
GC0_FL310,2022-03-01 00:58:00.000000000,-2.139054855997014,49.86172975373617,9448.8,28744.290737453055,221.587,0.7064071073052602,1.147649278236516,1.0,1.0,1.0,13.80000566804335
GC0_FL310,2022-03-01 00:59:00.000000000,-1.990218893420634,49.940546195774644,9448.8,28744.290737453055,221.57639,0.7101989955274923,1.1539066665369715,1.0,1.0,1.0,13.800000702464757
GC0_FL310,2022-03-01 01:00:00.000000000,-1.840895933496165,50.01917163851421,9448.8,28744.290737453055,221.55626,0.7145093970903299,1.1610876343331136,1.0,1.0,1.0,13.799995682868577
GC0_FL310,2022-03-01 01:01:00.000000000,-1.6910842126076457,50.09760492278672,9448.8,28744.290737453055,221.5244,0.7180252240001967,1.1670863319325133,1.0,1.0,1.0,13.799990609591623
GC0_FL310,2022-03-01 01:02:00.000000000,-1.540781973081079,50.17584488323394,9448.8,28744.290737453055,221.4859,0.7226281316942842,1.1749126284673503,1.0,1.0,1.0,13.799985482999908
GC0_FL310,2022-03-01 01:03:00.000000000,-1.3899874634580285,50.2538903483026,9448.8,28744.290737453055,221.44211,0.7277550448292757,1.1836488712196167,1.0,1.0,1.0,13.799980303483485
GC0_FL310,2022-03-01 01:04:00.000000000,-1.2386989387734455,50.33174014024005,9448.8,28744.290737453055,221.39731,0.7311923913244198,1.189645876476787,1.0,1.0,1.0,13.799975071460995
GC0_FL310,2022-03-01 01:05:00.000000000,-1.0869146608380469,50.409393075090854,9448.8,28744.290737453055,221.34494,0.7267818541775151,1.1829457887868247,1.0,1.0,1.0,13.799969787382079
GC0_FL310,2022-03-01 01:06:00.000000000,-0.9346328985249368,50.48684796269396,9448.8,28744.290737453055,221.30467,0.7222542965661667,1.1759375136759258,1.0,1.0,1.0,13.799964451722667
GC0_FL310,2022-03-01 01:07:00.000000000,-0.7818519280607622,50.56410360668077,9448.8,28744.290737453055,221.26175,0.7162745490987501,1.1665803606341139,1.0,1.0,1.0,13.79995906498832
GC0_FL310,2022-03-01 01:08:00.000000000,-0.6285700333214097,50.64115880447403,9448.8,28744.290737453055,221.23651,0.7104194330398946,1.1572691102087946,1.0,1.0,1.0,13.800040250558894
GC0_FL310,2022-03-01 01:09:00.000000000,-0.47478237482134333,50.71801108774824,9448.8,28744.290737453055,221.22404,0.703605579579826,1.1462768984029414,1.0,1.0,1.0,13.800036449888243
GC0_FL310,2022-03-01 01:10:00.000000000,-0.3204903233010431,50.79466047002034,9448.8,28744.290737453055,221.23198,0.6931477425875044,1.1291718805119022,1.0,1.0,1.0,13.800031495581349
GC0_FL310,2022-03-01 01:11:00.000000000,-0.16569222733307076,50.87110574593124,9448.8,28744.290737453055,221.24777,0.6813511319611744,1.109820223045725,1.0,1.0,1.0,13.80002648819227
GC0_FL310,2022-03-01 01:12:00.000000000,-0.01038640460530521,50.94734568796158,9448.8,28744.290737453055,221.27335,0.667622484953273,1.0872454604820447,1.0,1.0,1.0,13.800021428178642
GC0_FL310,2022-03-01 01:13:00.000000000,0.14542881799142826,51.02337906239046,9448.8,28744.290737453055,221.28012,0.6573940748520144,1.070534913087538,1.0,1.0,1.0,13.800016316031584
GC0_FL310,2022-03-01 01:14:00.000000000,0.30175510404023853,51.099204629299564,9448.8,28744.290737453055,221.27576,0.6516030169063676,1.06113983531414,1.0,1.0,1.0,13.80001115226905
GC0_FL310,2022-03-01 01:15:00.000000000,0.45859410727043437,51.17482114257816,9448.8,28744.290737453055,221.26732,0.6489911596064777,1.056953458223765,1.0,1.0,1.0,13.8000059374454
GC0_FL310,2022-03-01 01:16:00.000000000,0.6159474712251815,51.25022734992915,9448.8,28744.290737453055,221.24757,0.6544572808318954,1.0660166829800017,1.0,1.0,1.0,13.800000672141353
GC0_FL310,2022-03-01 01:17:00.000000000,0.7738168289243615,51.325421992876,9448.8,28744.290737453055,221.21088,0.658179431367016,1.0723802266147389,1.0,1.0,1.0,13.7999953569759
GC0_FL310,2022-03-01 01:18:00.000000000,0.932203802522942,51.400403806770754,9448.8,28744.290737453055,221.17155,0.6634508879089812,1.081293044731576,1.0,1.0,1.0,13.799989992598045
GC0_FL310,2022-03-01 01:19:00.000000000,1.0911100029643799,51.47517152080301,9448.8,28744.290737453055,221.13612,0.6698571214222218,1.0920282132989902,1.0,1.0,1.0,13.79998457969091
GC0_FL310,2022-03-01 01:20:00.000000000,1.2505370296295943,51.549723858009905,9448.8,28744.290737453055,221.09883,0.6768576502364408,1.103754401873371,1.0,1.0,1.0,13.799979118975191
GC0_FL310,2022-03-01 01:21:00.000000000,1.410486469980993,51.62405953528727,9448.8,28744.290737453055,221.06685,0.6852730814907992,1.1177498860832336,1.0,1.0,1.0,13.799973611204168
GC0_FL310,2022-03-01 01:22:00.000000000,1.570959899201897,51.698177263401696,9448.8,28744.290737453055,221.04073,0.696302557072051,1.1359658015263459,1.0,1.0,1.0,13.799968057170684
GC0_FL310,2022-03-01 01:23:00.000000000,1.7319588798311787,51.77207574700383,9448.8,28744.290737453055,221.0177,0.7055905645924706,1.1513191829110632,1.0,1.0,1.0,13.799962457699413
GC0_FL310,2022-03-01 01:24:00.000000000,1.8934849613930664,51.84575368464275,9448.8,28744.290737453055,220.99968,0.721185048924217,1.1769277158083145,1.0,1.0,1.0,13.799956813657149
GC0_FL310,2022-03-01 01:25:00.000000000,2.055539680022396,51.91920976878139,9448.8,28744.290737453055,220.98282,0.7378082612220264,1.2042061551327947,1.0,1.0,1.0,13.800042154299087
GC0_FL310,2022-03-01 01:26:00.000000000,2.2181278486239693,51.99244129650124,9448.8,28744.290737453055,220.96733,0.7533795860364589,1.2297679622065756,1.0,1.0,1.0,13.800038395347975
GC0_FL310,2022-03-01 01:27:00.000000000,2.381247755746821,52.06544829902248,9448.8,28744.290737453055,220.95338,0.7586303605677933,1.238470741376414,1.0,1.0,1.0,13.800033137066887
GC0_FL310,2022-03-01 01:28:00.000000000,2.5449008423555197,52.13822947261712,9448.8,28744.290737453055,220.93709,0.757901395600041,1.2374321069432561,1.0,1.0,1.0,13.800027830685213
GC0_FL310,2022-03-01 01:29:00.000000000,2.7090885869023626,52.210783485473385,9448.8,28744.290737453055,220.91501,0.7503802880149573,1.225359279792935,1.0,1.0,1.0,13.800022477008898
GC0_FL310,2022-03-01 01:30:00.000000000,2.873812452494847,52.283108999789214,9448.8,28744.290737453055,220.88281,0.7378644109264981,1.2052146427350763,1.0,1.0,1.0,13.800017076881304
GC0_FL310,2022-03-01 01:31:00.000000000,3.039073886492103,52.35520467179508,9448.8,28744.290737453055,220.84653,0.7332494651433379,1.19800455842925,1.0,1.0,1.0,13.8000116311833
GC0_FL310,2022-03-01 01:32:00.000000000,3.204874320096632,52.42706915177804,9448.8,28744.290737453055,220.80452,0.7381345193027261,1.2063685369224437,1.0,1.0,1.0,13.80000614083744
GC0_FL310,2022-03-01 01:33:00.000000000,3.3712151679413354,52.498701084107154,9448.8,28744.290737453055,220.75847,0.7389919627918601,1.208191798997166,1.0,1.0,1.0,13.800000606803097
GC0_FL310,2022-03-01 01:34:00.000000000,3.538097827671728,52.57009910726018,9448.8,28744.290737453055,220.71802,0.7259168191235098,1.187178073735448,1.0,1.0,1.0,13.799995030082775
GC0_FL310,2022-03-01 01:35:00.000000000,3.705523679523632,52.64126185385161,9448.8,28744.290737453055,220.68369,0.7067290341070255,1.1560965795456095,1.0,1.0,1.0,13.799989411721297
GC0_FL310,2022-03-01 01:36:00.000000000,3.8734940858960045,52.71218795066221,9448.8,28744.290737453055,220.65001,0.6852630086284534,1.1212664562539203,1.0,1.0,1.0,13.799983752801687
GC0_FL310,2022-03-01 01:37:00.000000000,4.04201039091922,52.78287601866978,9448.8,28744.290737453055,220.62186,0.6670420239870891,1.0916844370636911,1.0,1.0,1.0,13.799978054452163
GC0_FL310,2022-03-01 01:38:00.000000000,4.211073920018708,52.853324673081396,9448.8,28744.290737453055,220.61038,0.6611821901948396,1.0821872299413224,1.0,1.0,1.0,13.799972317845754
GC0_FL310,2022-03-01 01:39:00.000000000,4.380685979473958,52.92353252336716,9448.8,28744.290737453055,220.59999,0.6581384991191209,1.077291016911111,1.0,1.0,1.0,13.79996654419649
GC0_FL310,2022-03-01 01:40:00.000000000,4.550847855972988,52.993498173295265,9448.8,28744.290737453055,220.59688,0.6597538961399726,1.0799618227311125,1.0,1.0,1.0,13.799960734763747
GC0_FL310,2022-03-01 01:41:00.000000000,4.72156081616213,53.06322022096875,9448.8,28744.290737453055,220.6255,0.6643841184321769,1.0873038447703298,1.0,1.0,1.0,13.799954890854742
GC0_FL310,2022-03-01 01:42:00.000000000,4.892826106191535,53.13269725886355,9448.8,28744.290737453055,220.65434,0.664677902714188,1.0875504024505072,1.0,1.0,1.0,13.80004369387429
GC0_FL310,2022-03-01 01:43:00.000000000,5.064648373766797,53.201926344915194,9448.8,28744.290737453055,220.68419,0.6608613221084738,1.081060106305214,1.0,1.0,1.0,13.800040019521948
GC0_FL310,2022-03-01 01:44:00.000000000,5.237025480446346,53.270907542595175,9448.8,28744.290737453055,220.71796,0.6562562789685998,1.073251814095789,1.0,1.0,1.0,13.800034486742401
GC0_FL310,2022-03-01 01:45:00.000000000,5.409958542016128,53.339639456889614,9448.8,28744.290737453055,220.75932,0.6559687363584261,1.0724501048767638,1.0,1.0,1.0,13.800028914083532
GC0_FL310,2022-03-01 01:46:00.000000000,5.583448717588524,53.40812065808024,9448.8,28744.290737453055,220.80186,0.6611037087100489,1.08049397294593,1.0,1.0,1.0,13.80002330277767
GC0_FL310,2022-03-01 01:47:00.000000000,5.757497143428711,53.47634971103695,9448.8,28744.290737453055,220.84201,0.6724710388805782,1.098741837110571,1.0,1.0,1.0,13.800017654102959
GC0_FL310,2022-03-01 01:48:00.000000000,5.932104932473757,53.54432517526539,9448.8,28744.290737453055,220.88693,0.6866575091658085,1.1215375582091824,1.0,1.0,1.0,13.800011969384423
GC0_FL310,2022-03-01 01:49:00.000000000,6.10727317384737,53.612045604956435,9448.8,28744.290737453055,220.9339,0.7015107926900732,1.145391749388487,1.0,1.0,1.0,13.800006249993439
GC0_FL310,2022-03-01 01:50:00.000000000,6.283002932370696,53.679509549037114,9448.8,28744.290737453055,220.9795,0.7149177215587468,1.1668778945423464,1.0,1.0,1.0,13.800000497350158
GC0_FL310,2022-03-01 01:51:00.000000000,6.459295248068937,53.746715551223396,9448.8,28744.290737453055,221.02637,0.7233984861384699,1.1802985529044947,1.0,1.0,1.0,13.799994712920459
GC0_FL310,2022-03-01 01:52:00.000000000,6.636151135673946,53.81366215007467,9448.8,28744.290737453055,221.0737,0.7311156024263712,1.1924617032034797,1.0,1.0,1.0,13.799988898221487
GC0_FL310,2022-03-01 01:53:00.000000000,6.8135715841229665,53.88034787904993,9448.8,28744.290737453055,221.11603,0.7175357913610468,1.169936510799544,1.0,1.0,1.0,13.799983054817007
GC0_FL310,2022-03-01 01:54:00.000000000,6.991557556053451,53.94677126656574,9448.8,28744.290737453055,221.15282,0.6649835033861442,1.0839463523207973,1.0,1.0,1.0,13.79997718432221
GC0_FL310,2022-03-01 01:55:00.000000000,7.170109987294104,54.01293083605608,9448.8,28744.290737453055,221.18636,0.6084354071164992,0.9915178717698329,1.0,0.0,0.0,13.799971288402922
GC0_FL310,2022-03-01 01:56:00.000000000,7.349229786352257,54.07882510603384,9448.8,28744.290737453055,221.21481,0.5592216461971348,0.9111200748507059,1.0,0.0,0.0,13.799965368775869
GC0_FL310,2022-03-01 01:57:00.000000000,7.5289178338974985,54.144452590154366,9448.8,28744.290737453055,221.24307,0.501468800684058,0.816851255130431,1.0,0.0,0.0,13.799959427205792
GC0_FL310,2022-03-01 01:58:00.000000000,7.709174982241969,54.20981179728059,9448.8,28744.290737453055,221.27809,0.4472489212428337,0.7283344820603112,1.0,0.0,0.0,13.799953465513312
GC0_FL310,2022-03-01 01:59:00.000000000,7.890002054816966,54.2749012315503,9448.8,28744.290737453055,221.31096,0.3996574182354932,0.6506704239179102,1.0,0.0,0.0,13.800044709298199
GC0_FL310,2022-03-01 02:00:00.000000000,8.07140336006643,54.3397177150441,9448.8,28744.290737453055,221.35063,0.36207395035639234,0.5893033447695462,1.0,0.0,0.0,13.800041165932434
GC0_FL310,2022-03-01 02:01:00.000000000,8.253376235746266,54.4042613638653,9448.8,28744.290737453055,221.39975,0.34163517369011875,0.5558271122216163,1.0,0.0,0.0,13.80003540717797
GC0_FL310,2022-03-01 02:02:00.000000000,8.435921335887098,54.46853070587913,9448.8,28744.290737453055,221.43982,0.3274293531400329,0.5325523235672205,1.0,0.0,0.0,13.800029620699759
GC0_FL310,2022-03-01 02:03:00.000000000,8.61903936252284,54.532524226953534,9448.8,28744.290737453055,221.4734,0.32139233227634323,0.5225995654356513,1.0,0.0,0.0,13.800023808234585
GC0_FL310,2022-03-01 02:04:00.000000000,8.802730986129248,54.5962404085977,9448.8,28744.290737453055,221.50328,0.3197999654429247,0.5198900436584556,1.0,0.0,0.0,13.80001797157137
GC0_FL310,2022-03-01 02:05:00.000000000,8.986996845082029,54.659677728041075,9448.8,28744.290737453055,221.53113,0.3188840185606391,0.5182898452984585,1.0,0.0,0.0,13.80001211255036
GC0_FL310,2022-03-01 02:06:00.000000000,9.171837545112288,54.72283465831418,9448.8,28744.290737453055,221.53934,0.3246864259764165,0.5276874196010383,1.0,0.0,0.0,13.800006233064313
GC0_FL310,2022-03-01 02:07:00.000000000,9.357253658759396,54.785709668331585,9448.8,28744.290737453055,221.54819,0.3271973949121475,0.5317335599708506,1.0,0.0,0.0,13.800000335060249
GC0_FL310,2022-03-01 02:08:00.000000000,9.543245724821515,54.84830122297688,9448.8,28744.290737453055,221.5488,0.3307509873803844,0.5375063570865415,1.0,0.0,0.0,13.79999442053751
GC0_FL310,2022-03-01 02:09:00.000000000,9.729814247803706,54.91060778318973,9448.8,28744.290737453055,221.53497,0.33899113487508964,0.5509542678307285,1.0,0.0,0.0,13.799988491549682
GC0_FL310,2022-03-01 02:10:00.000000000,9.916959697363977,54.97262780605501,9448.8,28744.290737453055,221.52846,0.3425645930989045,0.5567927756324481,1.0,0.0,0.0,6.1100550360113415
GC0_FL310,2022-03-01 02:10:26.566305980,10.0,55.0,9448.8,28744.290737453055,221.53246,0.34218583162785077,0.5561580959575999,1.0,0.0,0.0,0.0
NW150_FL310,2022-03-01 00:00:00.000000000,-10.000000000000002,45.00000000000001,9448.8,28744.290737453055,221.943,0.6958479376674566,1.1273992146110443,1.0,1.0,1.0,13.800014615529586
NW150_FL310,2022-03-01 00:01:00.000000000,-9.911943680217473,45.10739059751919,9448.8,28744.290737453055,221.96379,0.7078339855333072,1.1466308332785884,1.0,1.0,1.0,13.800013510743517
NW150_FL310,2022-03-01 00:02:00.000000000,-9.823535417039643,45.21470503205091,9448.8,28744.290737453055,221.9995,0.7126176103730111,1.1540639977379488,1.0,1.0,1.0,13.800012336604626
NW150_FL310,2022-03-01 00:03:00.000000000,-9.734752775491534,45.32193450949788,9448.8,28744.290737453055,222.02554,0.7120430831653066,1.1529020216728496,1.0,1.0,1.0,13.800011102228465
NW150_FL310,2022-03-01 00:04:00.000000000,-9.64557321962325,45.4290701602766,9448.8,28744.290737453055,222.03587,0.7140442496182162,1.156047927198117,1.0,1.0,1.0,13.800009817596628
NW150_FL310,2022-03-01 00:05:00.000000000,-9.555974120765597,45.53610303447345,9448.8,28744.290737453055,222.04218,0.7143396566078105,1.1564701785141847,1.0,1.0,1.0,13.800008493466299
NW150_FL310,2022-03-01 00:06:00.000000000,-9.465932766099801,45.64302409705574,9448.8,28744.290737453055,222.0416,0.7127444217309621,1.153890173353817,1.0,1.0,1.0,13.8000071412585
NW150_FL310,2022-03-01 00:07:00.000000000,-9.37542636757764,45.74982422315823,9448.8,28744.290737453055,222.04169,0.7125658898838344,1.153603241025621,1.0,1.0,1.0,13.800005772917848
NW150_FL310,2022-03-01 00:08:00.000000000,-9.284432071228174,45.85649419346592,9448.8,28744.290737453055,222.01984,0.7081002375977739,1.1465664719949415,1.0,1.0,1.0,13.800004400762623
NW150_FL310,2022-03-01 00:09:00.000000000,-9.192926966886413,45.96302468971482,9448.8,28744.290737453055,222.00957,0.6986223041171928,1.131311078314415,1.0,1.0,1.0,13.800003037318143
NW150_FL310,2022-03-01 00:10:00.000000000,-9.100888098379096,46.069406290332594,9448.8,28744.290737453055,221.98038,0.6767602686288355,1.0961546659902184,1.0,1.0,1.0,13.800001695131416
NW150_FL310,2022-03-01 00:11:00.000000000,-9.008292474201193,46.175629466241716,9448.8,28744.290737453055,221.94212,0.6484144533329754,1.0505538020224454,1.0,1.0,1.0,13.800000386583605
NW150_FL310,2022-03-01 00:12:00.000000000,-8.915117078716126,46.2816845768484,9448.8,28744.290737453055,221.868,0.6347718935478662,1.029040968873923,1.0,1.0,1.0,13.799999123681374
NW150_FL310,2022-03-01 00:13:00.000000000,-8.82133888391088,46.38756186624089,9448.8,28744.290737453055,221.76743,0.6393933308781322,1.0373350475410923,1.0,1.0,1.0,13.799997917859939
NW150_FL310,2022-03-01 00:14:00.000000000,-8.726934861735826,46.49325145962168,9448.8,28744.290737453055,221.6657,0.6471578576484722,1.0507543618510564,1.0,1.0,1.0,13.799996779771385
NW150_FL310,2022-03-01 00:15:00.000000000,-8.631881997057086,46.59874335999853,9448.8,28744.290737453055,221.5438,0.6568404287572017,1.0674750729530635,1.0,1.0,1.0,13.799995719077321
NW150_FL310,2022-03-01 00:16:00.000000000,-8.536157301247139,46.70402744515966,9448.8,28744.290737453055,221.42134,0.6666775778755,1.084480614544695,1.0,1.0,1.0,13.79999474425429
NW150_FL310,2022-03-01 00:17:00.000000000,-8.439737826436936,46.809093464959474,9448.8,28744.290737453055,221.31468,0.6707239778643219,1.0919521811304254,1.0,1.0,1.0,13.799993862396043
NW150_FL310,2022-03-01 00:18:00.000000000,-8.342600680450126,46.91393103894103,9448.8,28744.290737453055,221.22377,0.670762095046119,1.0927736240434833,1.0,1.0,1.0,13.799993079039334
NW150_FL310,2022-03-01 00:19:00.000000000,-8.244723042436963,47.01852965432236,9448.8,28744.290737453055,221.1422,0.6710896153945838,1.0939881707134103,1.0,1.0,1.0,13.79999239800333
NW150_FL310,2022-03-01 00:20:00.000000000,-8.146082179222427,47.12287866437407,9448.8,28744.290737453055,221.09332,0.6650404711654868,1.084528900511936,1.0,1.0,1.0,13.799991821243808
NW150_FL310,2022-03-01 00:21:00.000000000,-8.046655462379125,47.22696728721557,9448.8,28744.290737453055,221.04178,0.651293076879798,1.062528155669268,1.0,1.0,1.0,13.79999134873503
NW150_FL310,2022-03-01 00:22:00.000000000,-7.946420386032092,47.33078460505782,9448.8,28744.290737453055,221.01959,0.6433635199559199,1.0497672247678531,1.0,1.0,1.0,13.799990978379531
NW150_FL310,2022-03-01 00:23:00.000000000,-7.845354585398439,47.434319563920425,9448.8,28744.290737453055,221.02371,0.6280097556531437,1.024683938408403,1.0,1.0,1.0,13.799990705942896
NW150_FL310,2022-03-01 00:24:00.000000000,-7.743435856059993,47.537560973850695,9448.8,28744.290737453055,221.0416,0.6115523849870189,0.997694902858493,1.0,0.0,0.0,13.799990525026583
NW150_FL310,2022-03-01 00:25:00.000000000,-7.640642173962943,47.64049750967218,9448.8,28744.290737453055,221.07263,0.6105195366106083,0.995772991889445,1.0,0.0,0.0,13.799990427059264
NW150_FL310,2022-03-01 00:26:00.000000000,-7.536951716133178,47.743117712289695,9448.8,28744.290737453055,221.11395,0.5970661182450502,0.9735260753428239,1.0,0.0,0.0,13.799990401351167
NW150_FL310,2022-03-01 00:27:00.000000000,-7.432342882090881,47.84540999057738,9448.8,28744.290737453055,221.16884,0.591469898099465,0.9639989660088217,1.0,0.0,0.0,13.799990435152703
NW150_FL310,2022-03-01 00:28:00.000000000,-7.32679431594254,47.94736262387532,9448.8,28744.290737453055,221.23006,0.5836150909011882,0.9507513272587771,1.0,0.0,0.0,13.799990513782763
NW150_FL310,2022-03-01 00:29:00.000000000,-7.220284929122936,48.04896376511957,9448.8,28744.290737453055,221.28978,0.5739590728613976,0.9345941243107951,1.0,0.0,0.0,13.799990620759637
NW150_FL310,2022-03-01 00:30:00.000000000,-7.112793923753648,48.15020144462874,9448.8,28744.290737453055,221.34286,0.570488454288302,0.9285668754480884,1.0,0.0,0.0,13.799990738007454
NW150_FL310,2022-03-01 00:31:00.000000000,-7.00430081657882,48.251063574569415,9448.8,28744.290737453055,221.39491,0.5664475758691458,0.9216243127977126,1.0,0.0,0.0,13.799990846062991
NW150_FL310,2022-03-01 00:32:00.000000000,-6.894785463432784,48.351537954120296,9448.8,28744.290737453055,221.43071,0.5660849369237191,0.9207820691566392,1.0,0.0,0.0,13.79999092434128
NW150_FL310,2022-03-01 00:33:00.000000000,-6.784228084187853,48.45161227535354,9448.8,28744.290737453055,221.46304,0.563885081026867,0.9169764791134086,1.0,0.0,0.0,13.79999095142065
NW150_FL310,2022-03-01 00:34:00.000000000,-6.672609288124424,48.55127412984912,9448.8,28744.290737453055,221.48497,0.5647165381466692,0.9181730526612973,1.0,0.0,0.0,13.799990905357314
NW150_FL310,2022-03-01 00:35:00.000000000,-6.559910099659522,48.650511016055766,9448.8,28744.290737453055,221.4925,0.560765116876354,0.9116965593059417,1.0,0.0,0.0,13.799990764032621
NW150_FL310,2022-03-01 00:36:00.000000000,-6.446111984363311,48.74931034740906,9448.8,28744.290737453055,221.47858,0.5549932499296212,0.9024093738522058,1.0,0.0,0.0,13.799990505510175
NW150_FL310,2022-03-01 00:37:00.000000000,-6.331196875187807,48.84765946121438,9448.8,28744.290737453055,221.46512,0.5638482729655369,0.9169021987725807,1.0,0.0,0.0,13.799990108416592
NW150_FL310,2022-03-01 00:38:00.000000000,-6.215147198825244,48.94554562829887,9448.8,28744.290737453055,221.43619,0.5697007783138381,0.9266234055893761,1.0,0.0,0.0,13.799989552329267
NW150_FL310,2022-03-01 00:39:00.000000000,-6.097945902109083,49.04295606343325,9448.8,28744.290737453055,221.39445,0.5835566411381166,0.9494627152889906,1.0,0.0,0.0,13.799988818168638
NW150_FL310,2022-03-01 00:40:00.000000000,-5.979576478364332,49.13987793652022,9448.8,28744.290737453055,221.35284,0.5967252648804295,0.9712011270135799,1.0,0.0,0.0,13.799987888596085
NW150_FL310,2022-03-01 00:41:00.000000000,-5.860022993609616,49.23629838454239,9448.8,28744.290737453055,221.2977,0.6003093894577032,0.9774422080047568,1.0,0.0,0.0,13.799986748391927
NW150_FL310,2022-03-01 00:42:00.000000000,-5.739270112508919,49.33220452425832,9448.8,28744.290737453055,221.26491,0.5970593734206529,0.9723969331919624,1.0,0.0,0.0,13.799985384831924
NW150_FL310,2022-03-01 00:43:00.000000000,-5.617303123966524,49.42758346563079,9448.8,28744.290737453055,221.22424,0.597253140748856,0.9730121715938532,1.0,0.0,0.0,13.799983788033904
NW150_FL310,2022-03-01 00:44:00.000000000,-5.4941079662560375,49.52242232596687,9448.8,28744.290737453055,221.17717,0.5839966206098227,0.9517567469914346,1.0,0.0,0.0,13.799981951284067
NW150_FL310,2022-03-01 00:45:00.000000000,-5.369671251570929,49.61670824474481,9448.8,28744.290737453055,221.16219,0.5766124467391112,0.9398319348783253,1.0,0.0,0.0,13.799979871326002
NW150_FL310,2022-03-01 00:46:00.000000000,-5.243980289882591,49.710428399097715,9448.8,28744.290737453055,221.14491,0.5705609688153024,0.9300896079263575,1.0,0.0,0.0,13.799977548611706
NW150_FL310,2022-03-01 00:47:00.000000000,-5.117023111990287,49.803570019919526,9448.8,28744.290737453055,221.14114,0.5574607749640285,0.9087593621925806,1.0,0.0,0.0,13.799974987505227
NW150_FL310,2022-03-01 00:48:00.000000000,-4.988788491647018,49.896120408553536,9448.8,28744.290737453055,221.15634,0.5366568275334641,0.8747444672035417,1.0,0.0,0.0,13.799972196443608
NW150_FL310,2022-03-01 00:49:00.000000000,-4.85926596664584,49.98806695401959,9448.8,28744.290737453055,221.19466,0.5258029112499064,0.8568043116995882,1.0,0.0,0.0,13.79996918802526
NW150_FL310,2022-03-01 00:50:00.000000000,-4.728445858752139,50.079397150730635,9448.8,28744.290737453055,221.26253,0.5098302592680871,0.8303451783451924,1.0,0.0,0.0,13.799965979069924
NW150_FL310,2022-03-01 00:51:00.000000000,-4.596319292369935,50.17009861664571,9448.8,28744.290737453055,221.3183,0.49197676441858057,0.8009269164472237,1.0,0.0,0.0,13.799962590579305
NW150_FL310,2022-03-01 00:52:00.000000000,-4.462878211833166,50.26015911180118,9448.8,28744.290737453055,221.37614,0.47526317028988735,0.77337602421721,1.0,0.0,0.0,13.799959047664926
NW150_FL310,2022-03-01 00:53:00.000000000,-4.328115397217069,50.34956655715893,9448.8,28744.290737453055,221.43245,0.46841804431897793,0.7619097430343247,1.0,0.0,0.0,13.799955379398677
NW150_FL310,2022-03-01 00:54:00.000000000,-4.192024478569649,50.43830905370571,9448.8,28744.290737453055,221.47305,0.46853392333853255,0.7618594946393882,1.0,0.0,0.0,13.799951618596008
NW150_FL310,2022-03-01 00:55:00.000000000,-4.05459994846935,50.526374901734854,9448.8,28744.290737453055,221.51341,0.47125451032509424,0.7660457160482509,1.0,0.0,0.0,13.799947801542151
NW150_FL310,2022-03-01 00:56:00.000000000,-3.915837172821923,50.61375262023863,9448.8,28744.290737453055,221.5463,0.4811637454304073,0.781958286848085,1.0,0.0,0.0,13.799961634315533
NW150_FL310,2022-03-01 00:57:00.000000000,-3.775730534366871,50.70042998100058,9448.8,28744.290737453055,221.56224,0.4997113094312636,0.8120012278001361,1.0,0.0,0.0,13.800015187556577
NW150_FL310,2022-03-01 00:58:00.000000000,-3.634272966085093,50.78639370865784,9448.8,28744.290737453055,221.57834,0.5097360378816728,0.8281872248821781,1.0,0.0,0.0,13.800009923240955
NW150_FL310,2022-03-01 00:59:00.000000000,-3.491468425213449,50.87163617748502,9448.8,28744.290737453055,221.57214,0.5260192954849883,0.854684506120729,1.0,0.0,0.0,13.800004456466626
NW150_FL310,2022-03-01 01:00:00.000000000,-3.3473158711349957,50.956146985350514,9448.8,28744.290737453055,221.54198,0.5469947585225609,0.8889721831557919,1.0,0.0,0.0,13.799998839363584
NW150_FL310,2022-03-01 01:01:00.000000000,-3.201815162333295,51.03991604591398,9448.8,28744.290737453055,221.4708,0.5683803210464826,0.92422973841248,1.0,0.0,0.0,13.799993126409735
NW150_FL310,2022-03-01 01:02:00.000000000,-3.0549670550937402,51.122933607024926,9448.8,28744.290737453055,221.37856,0.5856913478759285,0.9530517640562578,1.0,0.0,0.0,13.799987373795798
NW150_FL310,2022-03-01 01:03:00.000000000,-2.9067732000863327,51.20519026867862,9448.8,28744.290737453055,221.28606,0.6019761695783713,0.9802459400616474,1.0,0.0,0.0,13.799981638763203
NW150_FL310,2022-03-01 01:04:00.000000000,-2.75723613682413,51.28667700045241,9448.8,28744.290737453055,221.18004,0.6247392913117776,1.018135964619402,1.0,1.0,1.0,13.799975978917063
NW150_FL310,2022-03-01 01:05:00.000000000,-2.6063592860038653,51.367385158347936,9448.8,28744.290737453055,221.08356,0.6473665545709405,1.055784615574229,1.0,1.0,1.0,13.799970451534813
NW150_FL310,2022-03-01 01:06:00.000000000,-2.4541469397475377,51.44730650096773,9448.8,28744.290737453055,220.99728,0.6632947857398296,1.0824744029901299,1.0,1.0,1.0,13.799965112869177
NW150_FL310,2022-03-01 01:07:00.000000000,-2.300604249774821,51.526433204957165,9448.8,28744.290737453055,220.92712,0.6641965159691698,1.0845200423471795,1.0,1.0,1.0,13.799960017463881
NW150_FL310,2022-03-01 01:08:00.000000000,-2.145737213549071,51.60475787964777,9448.8,28744.290737453055,220.8683,0.6642041597320735,1.0850168295989435,1.0,1.0,1.0,13.799955217494318
NW150_FL310,2022-03-01 01:09:00.000000000,-1.9895526584501013,51.682273580841326,9448.8,28744.290737453055,220.82083,0.6696913456381567,1.0943748910218158,1.0,1.0,1.0,13.799950762132118
NW150_FL310,2022-03-01 01:10:00.000000000,-1.832058224038491,51.758973823679455,9448.8,28744.290737453055,220.78494,0.6755210874925887,1.1041996000289307,1.0,1.0,1.0,13.799946696952656
NW150_FL310,2022-03-01 01:11:00.000000000,-1.6732623424866224,51.83485259454882,9448.8,28744.290737453055,220.7542,0.6799300262771804,1.111666734084743,1.0,1.0,1.0,13.799943063395368
NW150_FL310,2022-03-01 01:12:00.000000000,-1.513174217261294,51.909904361977446,9448.8,28744.290737453055,220.73213,0.6842852871926082,1.1189735895278161,1.0,1.0,1.0,13.799939898272926
NW150_FL310,2022-03-01 01:13:00.000000000,-1.3518038001522044,51.98412408648381,9448.8,28744.290737453055,220.70872,0.6894545825569789,1.1276258910584245,1.0,1.0,1.0,13.799939745243607
NW150_FL310,2022-03-01 01:14:00.000000000,-1.1891615462200298,52.057507082236924,9448.8,28744.290737453055,220.68816,0.6942884307819142,1.135709910480403,1.0,1.0,1.0,13.800020924011612
NW150_FL310,2022-03-01 01:15:00.000000000,-1.0252518319892376,52.13004458185368,9448.8,28744.290737453055,220.67369,0.6986941647376225,1.1430400681438697,1.0,1.0,1.0,13.800013978858964
NW150_FL310,2022-03-01 01:16:00.000000000,-0.8600941937770141,52.20173800568454,9448.8,28744.290737453055,220.6625,0.7021170501173651,1.1487343428809915,1.0,1.0,1.0,13.800007477983955
NW150_FL310,2022-03-01 01:17:00.000000000,-0.6937013373187131,52.27258437763797,9448.8,28744.290737453055,220.65002,0.703761926470308,1.1515355991704002,1.0,1.0,1.0,13.800001452770012
NW150_FL310,2022-03-01 01:18:00.000000000,-0.5260865789675423,52.34258124591907,9448.8,28744.290737453055,220.63893,0.6996626509580994,1.144924072295721,1.0,1.0,1.0,13.799995928589095
NW150_FL310,2022-03-01 01:19:00.000000000,-0.35726381511859207,52.4117266860437,9448.8,28744.290737453055,220.63985,0.6907474065380971,1.130327432480487,1.0,1.0,1.0,13.79999092471825
NW150_FL310,2022-03-01 01:20:00.000000000,-0.1872474908346242,52.480019302721765,9448.8,28744.290737453055,220.6439,0.6809883630418941,1.114324425071047,1.0,1.0,1.0,13.799986454317708
NW150_FL310,2022-03-01 01:21:00.000000000,-0.0160525678074433,52.54745823062341,9448.8,28744.290737453055,220.64632,0.6697013858380069,1.0958348020889213,1.0,1.0,1.0,13.799982524503399
NW150_FL310,2022-03-01 01:22:00.000000000,0.15630550821031364,52.614043134048934,9448.8,28744.290737453055,220.64641,0.6631722257990393,1.0851509394253123,1.0,1.0,1.0,13.79997913648606
NW150_FL310,2022-03-01 01:23:00.000000000,0.329810840369795,52.67977420552756,9448.8,28744.290737453055,220.64784,0.66148335396852,1.0823757473941757,1.0,1.0,1.0,13.799976285786364
NW150_FL310,2022-03-01 01:24:00.000000000,0.5044471139547051,52.74465216337665,9448.8,28744.290737453055,220.65036,0.6633838660336969,1.0854652468440047,1.0,1.0,1.0,13.799973962517008
NW150_FL310,2022-03-01 01:25:00.000000000,0.680197629744843,52.80867824825721,9448.8,28744.290737453055,220.63293,0.6655450208413692,1.0891430168703524,1.0,1.0,1.0,13.799972151720771
NW150_FL310,2022-03-01 01:26:00.000000000,0.857045337388637,52.8718542187659,9448.8,28744.290737453055,220.6132,0.6697545419934195,1.0961938948203864,1.0,1.0,1.0,13.799970833761792
NW150_FL310,2022-03-01 01:27:00.000000000,1.034972868662569,52.93418234610838,9448.8,28744.290737453055,220.59062,0.6754579463219675,1.1057205997992678,1.0,1.0,1.0,13.799969984769
NW150_FL310,2022-03-01 01:28:00.000000000,1.2139625705007244,52.99566540790184,9448.8,28744.290737453055,220.56088,0.6805163560663162,1.1142485554452073,1.0,1.0,1.0,13.799969577100743
NW150_FL310,2022-03-01 01:29:00.000000000,1.3939965376829655,53.056306681157686,9448.8,28744.290737453055,220.53575,0.6804191881645459,1.1142994927563639,1.0,1.0,1.0,13.799969579857322
NW150_FL310,2022-03-01 01:30:00.000000000,1.5750566450764563,53.11610993449817,9448.8,28744.290737453055,220.51527,0.6778490925670159,1.1102598490552118,1.0,1.0,1.0,13.799969959394309
NW150_FL310,2022-03-01 01:31:00.000000000,1.7571245793312809,53.17507941966272,9448.8,28744.290737453055,220.49956,0.6733848647367582,1.1030798659998327,1.0,1.0,1.0,13.799970679859165
NW150_FL310,2022-03-01 01:32:00.000000000,1.9401818699385918,53.23321986236095,9448.8,28744.290737453055,220.50116,0.6643515232488435,1.0882678163734594,1.0,1.0,1.0,13.799971703727884
NW150_FL310,2022-03-01 01:33:00.000000000,2.1242099195660367,53.29053645253109,9448.8,28744.290737453055,220.50713,0.654796616489276,1.0725700439831583,1.0,1.0,1.0,13.799972992333837
NW150_FL310,2022-03-01 01:34:00.000000000,2.3091900335932243,53.34703483406254,9448.8,28744.290737453055,220.51657,0.6453256348690671,1.056982143755371,1.0,1.0,1.0,13.799974506384897
NW150_FL310,2022-03-01 01:35:00.000000000,2.4951034487770922,53.402721094041766,9448.8,28744.290737453055,220.53186,0.6324986262440171,1.0358520793186767,1.0,1.0,1.0,13.799976206465772
NW150_FL310,2022-03-01 01:36:00.000000000,2.6819313609848683,53.457601751580526,9448.8,28744.290737453055,220.54373,0.6212871937104892,1.0173985211651093,1.0,1.0,1.0,13.799978053504757
NW150_FL310,2022-03-01 01:37:00.000000000,2.8696549519397707,53.511683746284476,9448.8,28744.290737453055,220.55147,0.6091200651353053,0.9974175151340875,1.0,0.0,0.0,13.799980009221503
NW150_FL310,2022-03-01 01:38:00.000000000,3.0582554149321086,53.56497442641937,9448.8,28744.290737453055,220.55653,0.6017546821984436,0.9853204409335204,1.0,0.0,0.0,13.799982036526542
NW150_FL310,2022-03-01 01:39:00.000000000,3.2477139794557783,53.61748153683056,9448.8,28744.290737453055,220.55478,0.5972361644341112,0.9779332779055301,1.0,0.0,0.0,13.799984099891018
NW150_FL310,2022-03-01 01:40:00.000000000,3.4380119347371982,53.6692132066701,9448.8,28744.290737453055,220.54234,0.599082046828992,0.9810487184498907,1.0,0.0,0.0,13.799986165670656
NW150_FL310,2022-03-01 01:41:00.000000000,3.629130652131118,53.72017793698295,9448.8,28744.290737453055,220.5205,0.6043947940035511,0.98991199313549,1.0,0.0,0.0,13.79998820237766
NW150_FL310,2022-03-01 01:42:00.000000000,3.821051606363487,53.770384588202695,9448.8,28744.290737453055,220.48721,0.6152630652430451,1.0079630696887805,1.0,1.0,1.0,13.799990180922991
NW150_FL310,2022-03-01 01:43:00.000000000,4.013756395608983,53.81984236760365,9448.8,28744.290737453055,220.44472,0.6333052170563261,1.0378546976232783,1.0,1.0,1.0,13.79999207479392
NW150_FL310,2022-03-01 01:44:00.000000000,4.207226760395775,53.868560816754226,9448.8,28744.290737453055,220.41664,0.6428123669937101,1.053655994061869,1.0,1.0,1.0,13.79999386020077
NW150_FL310,2022-03-01 01:45:00.000000000,4.401444601336398,53.9165497990135,9448.8,28744.290737453055,220.38914,0.6472509575068185,1.0611500260041076,1.0,1.0,1.0,13.799995516168021
NW150_FL310,2022-03-01 01:46:00.000000000,4.59639199568854,53.96381948710966,9448.8,28744.290737453055,220.40083,0.6345226469163078,1.0401928710907757,1.0,1.0,1.0,13.799997024593432
NW150_FL310,2022-03-01 01:47:00.000000000,4.792051212754257,54.01038035083665,9448.8,28744.290737453055,220.45691,0.6080714030436857,0.9964084563192537,1.0,0.0,0.0,13.799998370255315
NW150_FL310,2022-03-01 01:48:00.000000000,4.988404728130883,54.05624314490155,9448.8,28744.290737453055,220.5224,0.5930178148276539,0.9712639491374025,1.0,0.0,0.0,13.799999540791967
NW150_FL310,2022-03-01 01:49:00.000000000,5.185435236830494,54.101418896952666,9448.8,28744.290737453055,220.5816,0.5987539451105505,0.9802203598506296,1.0,0.0,0.0,13.800000526639762
NW150_FL310,2022-03-01 01:50:00.000000000,5.383125665288684,54.14591889581483,9448.8,28744.290737453055,220.62856,0.6095265899752913,0.9975038438518393,1.0,0.0,0.0,13.800001320950413
NW150_FL310,2022-03-01 01:51:00.000000000,5.581459182286482,54.18975467995547,9448.8,28744.290737453055,220.65901,0.6343354037310094,1.0378683238629658,1.0,1.0,1.0,13.800001919470516
NW150_FL310,2022-03-01 01:52:00.000000000,5.780419208811863,54.23293802620198,9448.8,28744.290737453055,220.6811,0.658121819398089,1.0766074890064787,1.0,1.0,1.0,13.800002320404134
NW150_FL310,2022-03-01 01:53:00.000000000,5.979989426890096,54.27548093872749,9448.8,28744.290737453055,220.69553,0.6814615951814681,1.1146642196713967,1.0,1.0,1.0,13.800002524262844
NW150_FL310,2022-03-01 01:54:00.000000000,6.180153787413816,54.31739563831984,9448.8,28744.290737453055,220.73668,0.7044888633111137,1.1519699009837714,1.0,1.0,1.0,13.800002533692991
NW150_FL310,2022-03-01 01:55:00.000000000,6.3808965170056196,54.35869455194499,9448.8,28744.290737453055,220.78142,0.7301515067246388,1.1935337924346874,1.0,1.0,1.0,13.800002353293928
NW150_FL310,2022-03-01 01:56:00.000000000,6.5822021239473365,54.399390302613654,9448.8,28744.290737453055,220.83444,0.7471499629600423,1.2208274892184214,1.0,1.0,1.0,13.80000198943833
NW150_FL310,2022-03-01 01:57:00.000000000,6.784055403211021,54.4394956995573,9448.8,28744.290737453055,220.89386,0.7457851913519601,1.2180476753627043,1.0,1.0,1.0,13.800001450080874
NW150_FL310,2022-03-01 01:58:00.000000000,6.986441440627737,54.479023728716754,9448.8,28744.290737453055,220.95111,0.7351642804623364,1.2001811870457983,1.0,1.0,1.0,13.800000744570198
NW150_FL310,2022-03-01 01:59:00.000000000,7.18934561623043,54.51798754354435,9448.8,28744.290737453055,221.0034,0.6331214033555672,1.033183551112293,1.0,1.0,1.0,13.799999883471097
NW150_FL310,2022-03-01 02:00:00.000000000,7.392753606807693,54.55640045611831,9448.8,28744.290737453055,221.0532,0.5611370235441075,0.9153658112413087,1.0,0.0,0.0,13.799998878381079
NW150_FL310,2022-03-01 02:01:00.000000000,7.596651387704953,54.594275928565615,9448.8,28744.290737453055,221.10583,0.4955388809508196,0.8080345111097411,1.0,0.0,0.0,13.799997741767196
NW150_FL310,2022-03-01 02:02:00.000000000,7.801025233909899,54.63162756478736,9448.8,28744.290737453055,221.1655,0.4345760280288003,0.7083043560212007,1.0,0.0,0.0,13.799996486806835
NW150_FL310,2022-03-01 02:03:00.000000000,8.005861720458118,54.66846910247922,9448.8,28744.290737453055,221.22874,0.3804995082808919,0.619869357650343,1.0,0.0,0.0,13.799995127240448
NW150_FL310,2022-03-01 02:04:00.000000000,8.21114772219488,54.70481440543687,9448.8,28744.290737453055,221.29631,0.3571108769112889,0.5814653040377457,1.0,0.0,0.0,13.799993677240758
NW150_FL310,2022-03-01 02:05:00.000000000,8.416870412928134,54.74067745613532,9448.8,28744.290737453055,221.3617,0.33882236909889696,0.5514127124765097,1.0,0.0,0.0,13.799992151289874
NW150_FL310,2022-03-01 02:06:00.000000000,8.623017264007114,54.77607234856892,9448.8,28744.290737453055,221.41635,0.3300102363054205,0.5368461617311742,1.0,0.0,0.0,13.799990564074568
NW150_FL310,2022-03-01 02:07:00.000000000,8.829576042360262,54.81101328133762,9448.8,28744.290737453055,221.4594,0.32705653812255864,0.5318657852009175,1.0,0.0,0.0,13.799988930389441
NW150_FL310,2022-03-01 02:08:00.000000000,9.036534808025143,54.845514550963514,9448.8,28744.290737453055,221.4934,0.32600018940311093,0.5300104119409444,1.0,0.0,0.0,13.799987265057572
NW150_FL310,2022-03-01 02:09:00.000000000,9.243881911202225,54.87959054542058,9448.8,28744.290737453055,221.51476,0.32816808926024543,0.5334466780900008,1.0,0.0,0.0,13.799985582857834
NW150_FL310,2022-03-01 02:10:00.000000000,9.451605988863491,54.91325573785914,9448.8,28744.290737453055,221.5299,0.3291206928167966,0.5349331827841899,1.0,0.0,0.0,13.799983898464221
NW150_FL310,2022-03-01 02:11:00.000000000,9.659695960945642,54.94652468050605,9448.8,28744.290737453055,221.52855,0.33527850154243066,0.5449490613118653,1.0,0.0,0.0,13.799982226394873
NW150_FL310,2022-03-01 02:12:00.000000000,9.868141026157087,54.97941199871997,9448.8,28744.290737453055,221.52596,0.34054372761993407,0.5535170191883259,1.0,0.0,0.0,8.717907553283178
NW150_FL310,2022-03-01 02:12:37.904240283,10.0,55.0,9448.8,28744.290737453055,221.52934,0.3421477488189755,0.556108636995241,1.0,0.0,0.0,0.0
NW300_FL310,2022-03-01 00:00:00.000000000,-10.000000000000002,45.00000000000001,9448.8,28744.290737453055,221.943,0.6958479376674566,1.1273992146110443,1.0,1.0,1.0,13.800034843118594
NW300_FL310,2022-03-01 00:01:00.000000000,-9.948323151402047,45.11861698721326,9448.8,28744.290737453055,221.92795,0.7076111044655409,1.1465904847792605,1.0,1.0,1.0,13.800006665435859
NW300_FL310,2022-03-01 00:02:00.000000000,-9.896402137726424,45.2372040256995,9448.8,28744.290737453055,221.92308,0.7147114912848127,1.1581385318789774,1.0,1.0,1.0,13.799977763173437
NW300_FL310,2022-03-01 00:03:00.000000000,-9.844205048187119,45.355754336568715,9448.8,28744.290737453055,221.90448,0.714469264555006,1.1579128080323857,1.0,1.0,1.0,13.800003201880159
NW300_FL310,2022-03-01 00:04:00.000000000,-9.79169221545635,45.47425993803365,9448.8,28744.290737453055,221.88576,0.7130144167170878,1.1557208997314337,1.0,1.0,1.0,13.800019831035982
NW300_FL310,2022-03-01 00:05:00.000000000,-9.73883020753365,45.592713564836444,9448.8,28744.290737453055,221.83578,0.7147217023868248,1.1589373994663728,1.0,1.0,1.0,13.799990542186567
NW300_FL310,2022-03-01 00:06:00.000000000,-9.68559173693477,45.711108893423734,9448.8,28744.290737453055,221.78406,0.7165534048383259,1.1623696045018592,1.0,1.0,1.0,13.799966575556896
NW300_FL310,2022-03-01 00:07:00.000000000,-9.631942676019541,45.82943851868831,9448.8,28744.290737453055,221.72064,0.715572043028034,1.1613457016986115,1.0,1.0,1.0,13.800034470564826
NW300_FL310,2022-03-01 00:08:00.000000000,-9.577832641962,45.94769216492699,9448.8,28744.290737453055,221.65288,0.7143644189400096,1.1599890872547722,1.0,1.0,1.0,13.800004853679956
NW300_FL310,2022-03-01 00:09:00.000000000,-9.523242741476356,46.0658646319852,9448.8,28744.290737453055,221.57867,0.6989784465584197,1.1356531253200794,1.0,1.0,1.0,13.799975174589125
NW300_FL310,2022-03-01 00:10:00.000000000,-9.468138670649463,46.1839481275579,9448.8,28744.290737453055,221.49342,0.6705640504522491,1.0902011641024976,1.0,1.0,1.0,13.799996337513656
NW300_FL310,2022-03-01 00:11:00.000000000,-9.412475134560134,46.30193273606196,9448.8,28744.290737453055,221.40887,0.647286324780342,1.0530376652355136,1.0,1.0,1.0,13.80002177829723
NW300_FL310,2022-03-01 00:12:00.000000000,-9.356214232217248,46.41980959140651,9448.8,28744.290737453055,221.31792,0.6322230249386057,1.0292499186480202,1.0,1.0,1.0,13.799991978487872
NW300_FL310,2022-03-01 00:13:00.000000000,-9.299331078055891,46.53757207105862,9448.8,28744.290737453055,221.23038,0.6231367159031116,1.0151339310489367,1.0,1.0,1.0,13.79996288903523
NW300_FL310,2022-03-01 00:14:00.000000000,-9.2417896335749,46.65521139046437,9448.8,28744.290737453055,221.15,0.6270403979680975,1.0221176126203895,1.0,1.0,1.0,13.800017586397669
NW300_FL310,2022-03-01 00:15:00.000000000,-9.183533336757865,46.77271458254579,9448.8,28744.290737453055,221.06645,0.6338676546891333,1.033905527855124,1.0,1.0,1.0,13.800012642606154
NW300_FL310,2022-03-01 00:16:00.000000000,-9.124537269676559,46.8900744241367,9448.8,28744.290737453055,221.01471,0.6456729730201716,1.053576335234455,1.0,1.0,1.0,13.799983478538548
NW300_FL310,2022-03-01 00:17:00.000000000,-9.06476959695927,47.00728223711839,9448.8,28744.290737453055,220.95183,0.6574095839781361,1.0732387398334469,1.0,1.0,1.0,13.799955874461615
NW300_FL310,2022-03-01 00:18:00.000000000,-9.004192371172094,47.124327917170994,9448.8,28744.290737453055,220.88196,0.6712249851338775,1.0963725167211607,1.0,1.0,1.0,13.800022795812414
NW300_FL310,2022-03-01 00:19:00.000000000,-8.942742331284771,47.241195837621795,9448.8,28744.290737453055,220.80281,0.6825867630591628,1.115600015861711,1.0,1.0,1.0,13.80000943014113
NW300_FL310,2022-03-01 00:20:00.000000000,-8.880399361758288,47.35787881023055,9448.8,28744.290737453055,220.74162,0.6941021373980206,1.1349459862552282,1.0,1.0,1.0,13.79998144097103
NW300_FL310,2022-03-01 00:21:00.000000000,-8.81712804662872,47.47436632203423,9448.8,28744.290737453055,220.67427,0.7051894475937566,1.1536588763546685,1.0,1.0,1.0,13.799955751288898
NW300_FL310,2022-03-01 00:22:00.000000000,-8.752888484884062,47.59064660231162,9448.8,28744.290737453055,220.59789,0.7134113267069891,1.1677839471251625,1.0,1.0,1.0,13.79999974357544
NW300_FL310,2022-03-01 00:23:00.000000000,-8.687621184744504,47.70670318021615,9448.8,28744.290737453055,220.53745,0.7186600257413138,1.1769112594476843,1.0,1.0,1.0,13.800014603485252
NW300_FL310,2022-03-01 00:24:00.000000000,-8.6212916133352,47.822524520353284,9448.8,28744.290737453055,220.48026,0.7245103507669142,1.1870033053816997,1.0,1.0,1.0,13.799987752859257
NW300_FL310,2022-03-01 00:25:00.000000000,-8.553869741791866,47.93809981100981,9448.8,28744.290737453055,220.42781,0.7332409060252623,1.2017790462380389,1.0,1.0,1.0,13.79996366704769
NW300_FL310,2022-03-01 00:26:00.000000000,-8.485313856181833,48.05341525950304,9448.8,28744.290737453055,220.37808,0.7395835153130478,1.2126261510344702,1.0,1.0,1.0,13.799942842235483
NW300_FL310,2022-03-01 00:27:00.000000000,-8.415581801578655,48.16845651097662,9448.8,28744.290737453055,220.33627,0.7367245631187471,1.2083190598688378,1.0,1.0,1.0,13.800016914087612
NW300_FL310,2022-03-01 00:28:00.000000000,-8.344603841813232,48.28320205518647,9448.8,28744.290737453055,220.30466,0.7334882960144441,1.2032945366116303,1.0,1.0,1.0,13.800004972425114
NW300_FL310,2022-03-01 00:29:00.000000000,-8.272359617391693,48.397641532390416,9448.8,28744.290737453055,220.28543,0.7244971703276062,1.1887178181190747,1.0,1.0,1.0,13.799981440007572
NW300_FL310,2022-03-01 00:30:00.000000000,-8.198809767667017,48.511759680983936,9448.8,28744.290737453055,220.2728,0.712591937366913,1.1692906369512144,1.0,1.0,1.0,13.799961128930406
NW300_FL310,2022-03-01 00:31:00.000000000,-8.123910851857396,48.62553969747014,9448.8,28744.290737453055,220.29768,0.6890644481860532,1.1304755265200608,1.0,1.0,1.0,13.79994434951923
NW300_FL310,2022-03-01 00:32:00.000000000,-8.047619175060253,48.73896411389615,9448.8,28744.290737453055,220.3196,0.6621919544347081,1.086212244236768,1.0,1.0,1.0,13.799949522704459
NW300_FL310,2022-03-01 00:33:00.000000000,-7.969885434552368,48.85201334557368,9448.8,28744.290737453055,220.3936,0.6511629993945907,1.0675284977588944,1.0,1.0,1.0,13.800014181102688
NW300_FL310,2022-03-01 00:34:00.000000000,-7.890648069563789,48.96466371012504,9448.8,28744.290737453055,220.47984,0.6470234207297918,1.0600532813353583,1.0,1.0,1.0,13.799992650903825
NW300_FL310,2022-03-01 00:35:00.000000000,-7.809886021383044,49.076901625594274,9448.8,28744.290737453055,220.56805,0.6381466749833753,1.0448174069958107,1.0,1.0,1.0,13.799974108707389
NW300_FL310,2022-03-01 00:36:00.000000000,-7.727555347093408,49.1887068387166,9448.8,28744.290737453055,220.65207,0.6306260740809024,1.031848439034996,1.0,1.0,1.0,13.799958655833514
NW300_FL310,2022-03-01 00:37:00.000000000,-7.643612181951804,49.30005836390617,9448.8,28744.290737453055,220.69809,0.6281055182514365,1.0273682550341021,1.0,1.0,1.0,13.799946336900428
NW300_FL310,2022-03-01 00:38:00.000000000,-7.558012825338964,49.41093447592809,9448.8,28744.290737453055,220.71104,0.6241925270380476,1.0208691527331442,1.0,1.0,1.0,13.799937139245799
NW300_FL310,2022-03-01 00:39:00.000000000,-7.470713833585899,49.52131270557739,9448.8,28744.290737453055,220.71638,0.615635702209355,1.0068339422253976,1.0,1.0,1.0,13.799930993467326
NW300_FL310,2022-03-01 00:40:00.000000000,-7.381672119623329,49.63116983869982,9448.8,28744.290737453055,220.7215,0.5977672889466268,0.9775742456329982,1.0,0.0,0.0,13.799935080408797
NW300_FL310,2022-03-01 00:41:00.000000000,-7.290842991180416,49.740481273968314,9448.8,28744.290737453055,220.71637,0.5839947279015162,0.9550871473366271,1.0,0.0,0.0,13.79999350665374
NW300_FL310,2022-03-01 00:42:00.000000000,-7.198169519410879,49.84921753340485,9448.8,28744.290737453055,220.75693,0.5604335573150464,0.9162737941496208,1.0,0.0,0.0,13.799978927303988
NW300_FL310,2022-03-01 00:43:00.000000000,-7.103628498314238,49.95735875096998,9448.8,28744.290737453055,220.81055,0.5387224231279893,0.8804219333564175,1.0,0.0,0.0,13.799966433137888
NW300_FL310,2022-03-01 00:44:00.000000000,-7.0071795140932345,50.06487885572919,9448.8,28744.290737453055,220.88133,0.5158888575484797,0.842653000088213,1.0,0.0,0.0,13.79995586908043
NW300_FL310,2022-03-01 00:45:00.000000000,-6.9087830925656055,50.171751090152405,9448.8,28744.290737453055,220.96452,0.49322809008199264,0.805131006358535,1.0,0.0,0.0,13.799947052381834
NW300_FL310,2022-03-01 00:46:00.000000000,-6.808400832996052,50.27794803570585,9448.8,28744.290737453055,221.02852,0.46951626326905166,0.7660517611777102,1.0,0.0,0.0,13.799939778560672
NW300_FL310,2022-03-01 00:47:00.000000000,-6.705995546066805,50.38344164394248,9448.8,28744.290737453055,221.05443,0.4331989119191765,0.7066571632400643,1.0,0.0,0.0,13.799933827852389
NW300_FL310,2022-03-01 00:48:00.000000000,-6.601531395219343,50.48820327332102,9448.8,28744.290737453055,221.08076,0.3909111269926531,0.6375475836761297,1.0,0.0,0.0,13.799928972027583
NW300_FL310,2022-03-01 00:49:00.000000000,-6.494974040497284,50.592203731941304,9448.8,28744.290737453055,221.05913,0.34516272110228174,0.5630273563702279,1.0,0.0,0.0,13.799924981403041
NW300_FL310,2022-03-01 00:50:00.000000000,-6.386290783920157,50.69541332633463,9448.8,28744.290737453055,221.05072,0.2932459860508555,0.47837234742933543,1.0,0.0,0.0,13.799921631877607
NW300_FL310,2022-03-01 00:51:00.000000000,-6.2754507153220995,50.797801916390625,9448.8,28744.290737453055,221.0103,0.2626889314032176,0.42865687091887544,1.0,0.0,0.0,13.799918711778243
NW300_FL310,2022-03-01 00:52:00.000000000,-6.162424857501622,50.89933897643868,9448.8,28744.290737453055,220.95761,0.26001064994024387,0.4244565782115875,1.0,0.0,0.0,13.799916028361567
NW300_FL310,2022-03-01 00:53:00.000000000,-6.0471863094495175,50.99999366243146,9448.8,28744.290737453055,220.93375,0.2609874699914754,0.4261275302609683,1.0,0.0,0.0,13.799913413752241
NW300_FL310,2022-03-01 00:54:00.000000000,-5.929710386355748,51.099734885102215,9448.8,28744.290737453055,220.87947,0.28825640090083393,0.4708447204350184,1.0,0.0,0.0,13.799910730138198
NW300_FL310,2022-03-01 00:55:00.000000000,-5.8099747550443395,51.19853138888636,9448.8,28744.290737453055,220.8347,0.3146072282388393,0.5140601675207808,1.0,0.0,0.0,13.799907874076975
NW300_FL310,2022-03-01 00:56:00.000000000,-5.687959563450105,51.296351836313654,9448.8,28744.290737453055,220.80135,0.33263670196504397,0.5436575901454359,1.0,0.0,0.0,13.79990477972228
NW300_FL310,2022-03-01 00:57:00.000000000,-5.56364756273571,51.39316489749046,9448.8,28744.290737453055,220.76378,0.34321897104335575,0.5611125526076138,1.0,0.0,0.0,13.799901420893251
NW300_FL310,2022-03-01 00:58:00.000000000,-5.4370242206528845,51.48893934420452,9448.8,28744.290737453055,220.7232,0.3531183438914734,0.5774744290338826,1.0,0.0,0.0,13.799897811846515
NW300_FL310,2022-03-01 00:59:00.000000000,-5.308077824779514,51.583644148098536,9448.8,28744.290737453055,220.69902,0.36158972878983164,0.5914355789973569,1.0,0.0,0.0,13.799894006728076
NW300_FL310,2022-03-01 01:00:00.000000000,-5.176799574316013,51.67724858227623,9448.8,28744.290737453055,220.64969,0.37402821045285994,0.6120081933672854,1.0,0.0,0.0,13.799890097668875
NW300_FL310,2022-03-01 01:01:00.000000000,-5.043183659200432,51.76972232562682,9448.8,28744.290737453055,220.59811,0.38652845130684443,0.6327083734495147,1.0,0.0,0.0,13.799886211544619
NW300_FL310,2022-03-01 01:02:00.000000000,-4.907227325401263,51.8610355690834,9448.8,28744.290737453055,220.56488,0.39913782373180395,0.6535119686065773,1.0,0.0,0.0,13.799882505488926
NW300_FL310,2022-03-01 01:03:00.000000000,-4.768930925370678,51.95115912296934,9448.8,28744.290737453055,220.51614,0.4158715744206022,0.6811607260352632,1.0,0.0,0.0,13.799879161238978
NW300_FL310,2022-03-01 01:04:00.000000000,-4.628297952786058,52.04006452453659,9448.8,28744.290737453055,220.45193,0.4310725363994394,0.7063986321720704,1.0,0.0,0.0,13.79987637850337
NW300_FL310,2022-03-01 01:05:00.000000000,-4.485335060872928,52.127724144762055,9448.8,28744.290737453055,220.4049,0.4398878157065851,0.7210976575164237,1.0,0.0,0.0,13.799874367506506
NW300_FL310,2022-03-01 01:06:00.000000000,-4.340052063785224,52.214111293444496,9448.8,28744.290737453055,220.3691,0.448955937627905,0.7361620366788589,1.0,0.0,0.0,13.799875260345667
NW300_FL310,2022-03-01 01:07:00.000000000,-4.192461576710146,52.299200123019176,9448.8,28744.290737453055,220.3432,0.4554788232318374,0.7470012153521901,1.0,0.0,0.0,13.799958362399373
NW300_FL310,2022-03-01 01:08:00.000000000,-4.042565505808821,52.382957721133714,9448.8,28744.290737453055,220.31673,0.46088615826905255,0.7560208065584882,1.0,0.0,0.0,13.79994634307932
NW300_FL310,2022-03-01 01:09:00.000000000,-3.8903976137133776,52.4653690353782,9448.8,28744.290737453055,220.27773,0.47500596961331415,0.7794083046940675,1.0,0.0,0.0,13.799934758524605
NW300_FL310,2022-03-01 01:10:00.000000000,-3.7359801900362437,52.5464122011229,9448.8,28744.290737453055,220.2565,0.48871992024450034,0.8020403211673544,1.0,0.0,0.0,13.799923893437573
NW300_FL310,2022-03-01 01:11:00.000000000,-3.5793384277428935,52.62606676530347,9448.8,28744.290737453055,220.25284,0.49832628517488203,0.8178256483509285,1.0,0.0,0.0,13.799914005702364
NW300_FL310,2022-03-01 01:12:00.000000000,-3.420500321548006,52.70431376094036,9448.8,28744.290737453055,220.23204,0.5063777579496579,0.8311693656177801,1.0,0.0,0.0,13.799905318758915
NW300_FL310,2022-03-01 01:13:00.000000000,-3.2594965516209413,52.78113577383572,9448.8,28744.290737453055,220.21394,0.5083995173447908,0.8346010200761501,1.0,0.0,0.0,13.799898015093248
NW300_FL310,2022-03-01 01:14:00.000000000,-3.0963603537213,52.85651700087687,9448.8,28744.290737453055,220.18654,0.5054987485611814,0.8300108600840989,1.0,0.0,0.0,13.799892231080968
NW300_FL310,2022-03-01 01:15:00.000000000,-2.93112737703906,52.93044329948208,9448.8,28744.290737453055,220.15282,0.5037950782541947,0.8274193951841163,1.0,0.0,0.0,13.79988805331851
NW300_FL310,2022-03-01 01:16:00.000000000,-2.7638355311439367,53.00290222783783,9448.8,28744.290737453055,220.10602,0.5025885418940301,0.8257273559892435,1.0,0.0,0.0,13.799885516550193
NW300_FL310,2022-03-01 01:17:00.000000000,-2.594524823554262,53.07388307569488,9448.8,28744.290737453055,220.09128,0.5027965985796716,0.8261588410689942,1.0,0.0,0.0,13.799884603266875
NW300_FL310,2022-03-01 01:18:00.000000000,-2.4232371895126836,53.14337688560977,9448.8,28744.290737453055,220.06195,0.5097867287676919,0.8378294836763407,1.0,0.0,0.0,13.799885244947372
NW300_FL310,2022-03-01 01:19:00.000000000,-2.250016315606625,53.21137646463753,9448.8,28744.290737453055,220.01514,0.524484533675534,0.8622841323323429,1.0,0.0,0.0,13.799887324900999
NW300_FL310,2022-03-01 01:20:00.000000000,-2.0749074588928185,53.277876386596866,9448.8,28744.290737453055,219.99599,0.5458623740240981,0.897559117597325,1.0,0.0,0.0,13.799890682600761
NW300_FL310,2022-03-01 01:21:00.000000000,-1.8979572631798203,53.34287298513899,9448.8,28744.290737453055,219.98384,0.5628504243901385,0.9255762069991584,1.0,0.0,0.0,13.799895119344866
NW300_FL310,2022-03-01 01:22:00.000000000,-1.719213574090673,53.406364337953896,9448.8,28744.290737453055,219.95358,0.5794576239918959,0.9531016855953167,1.0,0.0,0.0,13.799900405062836
NW300_FL310,2022-03-01 01:23:00.000000000,-1.538725254472115,53.46835024254097,9448.8,28744.290737453055,219.89188,0.593341156150659,0.9763831735223933,1.0,0.0,0.0,13.79990628602072
NW300_FL310,2022-03-01 01:24:00.000000000,-1.356542001638573,53.52883218405242,9448.8,28744.290737453055,219.83702,0.6035157135534797,0.9935299251864073,1.0,0.0,0.0,13.79991249319038
NW300_FL310,2022-03-01 01:25:00.000000000,-1.172714167843412,53.58781329578929,9448.8,28744.290737453055,219.80534,0.6062821420676311,0.9983201094975854,1.0,0.0,0.0,13.799918750991056
NW300_FL310,2022-03-01 01:26:00.000000000,-0.9872925852565602,53.64529831298643,9448.8,28744.290737453055,219.76736,0.6228325378390343,1.0258619097676276,1.0,1.0,1.0,13.799924786167315
NW300_FL310,2022-03-01 01:27:00.000000000,-0.800328396603329,53.7012935205683,9448.8,28744.290737453055,219.74611,0.6428904223532994,1.059065445639199,1.0,1.0,1.0,13.79993033648061
NW300_FL310,2022-03-01 01:28:00.000000000,-0.6118728924847379,53.75580669558846,9448.8,28744.290737453055,219.73627,0.6666844093299608,1.0983446913268498,1.0,1.0,1.0,13.799935159022626
NW300_FL310,2022-03-01 01:29:00.000000000,-0.42197735625945404,53.80884704508488,9448.8,28744.290737453055,219.76549,0.6662549630949628,1.0973954723572776,1.0,1.0,1.0,13.799939037850189
NW300_FL310,2022-03-01 01:30:00.000000000,-0.23069291722504956,53.86042514008997,9448.8,28744.290737453055,219.7866,0.66433057227551,1.094056437201765,1.0,1.0,1.0,13.79994179078318
NW300_FL310,2022-03-01 01:31:00.000000000,-0.03807041269302599,53.910552846529505,9448.8,28744.290737453055,219.80199,0.6664443456089922,1.0974149935551756,1.0,1.0,1.0,13.799943275155096
NW300_FL310,2022-03-01 01:32:00.000000000,0.1558397405871601,53.95924325373014,9448.8,28744.290737453055,219.83727,0.6706285651770697,1.104012366633244,1.0,1.0,1.0,13.799943392385876
NW300_FL310,2022-03-01 01:33:00.000000000,0.35098766533486897,54.00651060123104,9448.8,28744.290737453055,219.8715,0.6817863613056441,1.1220944924348897,1.0,1.0,1.0,13.799942091276058
NW300_FL310,2022-03-01 01:34:00.000000000,0.5473241327828376,54.05237020456364,9448.8,28744.290737453055,219.906,0.6949405373314621,1.1434512111702368,1.0,1.0,1.0,13.799939369947783
NW300_FL310,2022-03-01 01:35:00.000000000,0.7448006617853401,54.09683838062501,9448.8,28744.290737453055,219.9397,0.7002754148791296,1.151941204925766,1.0,1.0,1.0,13.79993527641069
NW300_FL310,2022-03-01 01:36:00.000000000,0.943369608024376,54.139932373227055,9448.8,28744.290737453055,219.95354,0.7066950761956377,1.1623842505678863,1.0,1.0,1.0,13.799929907760507
NW300_FL310,2022-03-01 01:37:00.000000000,1.142984243446075,54.18167027935618,9448.8,28744.290737453055,219.96489,0.7122612634060945,1.1714381346005716,1.0,1.0,1.0,13.799923408062723
NW300_FL310,2022-03-01 01:38:00.000000000,1.3435988261461758,54.22207097662803,9448.8,28744.290737453055,219.9755,0.7204983718520693,1.1848934153880772,1.0,1.0,1.0,13.799915964977409
NW300_FL310,2022-03-01 01:39:00.000000000,1.545168660997899,54.26115405237014,9448.8,28744.290737453055,219.98491,0.733583103906549,1.2063276641478544,1.0,1.0,1.0,13.799907805259913
NW300_FL310,2022-03-01 01:40:00.000000000,1.7476501513793214,54.298939734713336,9448.8,28744.290737453055,219.99562,0.7482520206595574,1.2303533428396605,1.0,1.0,1.0,13.799905225618216
NW300_FL310,2022-03-01 01:41:00.000000000,1.951001321706038,54.3354480988425,9448.8,28744.290737453055,220.0077,0.7569415490278107,1.2445278776729196,1.0,1.0,1.0,13.80003550067695
NW300_FL310,2022-03-01 01:42:00.000000000,2.1551912888926434,54.370684072582705,9448.8,28744.290737453055,220.02287,0.7466990977726048,1.2275473655932811,1.0,1.0,1.0,13.80001194060027
NW300_FL310,2022-03-01 01:43:00.000000000,2.3601687814981553,54.404685818447064,9448.8,28744.290737453055,220.04819,0.7283822928065503,1.1972120987378274,1.0,1.0,1.0,13.799988050689471
NW300_FL310,2022-03-01 01:44:00.000000000,2.5658948749977406,54.43747558046449,9448.8,28744.290737453055,220.08485,0.7089415669296588,1.1649365706357793,1.0,1.0,1.0,13.799964294443889
NW300_FL310,2022-03-01 01:45:00.000000000,2.772331890772268,54.46907594249486,9448.8,28744.290737453055,220.12756,0.693171363365121,1.1386643179951415,1.0,1.0,1.0,13.79994113566568
NW300_FL310,2022-03-01 01:46:00.000000000,2.9794434044374127,54.49950977601977,9448.8,28744.290737453055,220.1805,0.6856731454726529,1.1258989870431324,1.0,1.0,1.0,13.799919029035573
NW300_FL310,2022-03-01 01:47:00.000000000,3.1871942485890172,54.528800191289015,9448.8,28744.290737453055,220.24539,0.6867225254770417,1.1270730615766744,1.0,1.0,1.0,13.799903858262315
NW300_FL310,2022-03-01 01:48:00.000000000,3.395550879759554,54.55696978407656,9448.8,28744.290737453055,220.29308,0.6988400546114394,1.1465520071876558,1.0,1.0,1.0,13.800055039082034
NW300_FL310,2022-03-01 01:49:00.000000000,3.604491615359623,54.58402008165235,9448.8,28744.290737453055,220.33035,0.7131630512949514,1.1697245317455842,1.0,1.0,1.0,13.800015441936033
NW300_FL310,2022-03-01 01:50:00.000000000,3.8139728517228146,54.60999719041869,9448.8,28744.290737453055,220.34999,0.7178189330451351,1.177192745211469,1.0,1.0,1.0,13.799978645815921
NW300_FL310,2022-03-01 01:51:00.000000000,4.023964354506401,54.63492486350083,9448.8,28744.290737453055,220.33577,0.6991704224010341,1.1467301073275482,1.0,1.0,1.0,13.799945081809751
NW300_FL310,2022-03-01 01:52:00.000000000,4.234437101686992,54.658826899104795,9448.8,28744.290737453055,220.33136,0.6733571267368155,1.1044291472352952,1.0,1.0,1.0,13.799915120264668
NW300_FL310,2022-03-01 01:53:00.000000000,4.445363262970964,54.68172711119074,9448.8,28744.290737453055,220.3672,0.6137666766302539,1.0064195835354177,1.0,1.0,1.0,13.800015788586125
NW300_FL310,2022-03-01 01:54:00.000000000,4.65672372489985,54.70363128764721,9448.8,28744.290737453055,220.42123,0.5776441114367854,0.946804592130322,1.0,0.0,0.0,13.800026752290783
NW300_FL310,2022-03-01 01:55:00.000000000,4.868487720428609,54.7245739875963,9448.8,28744.290737453055,220.49742,0.5527062728714612,0.9054086013897915,1.0,0.0,0.0,13.799983572061933
NW300_FL310,2022-03-01 01:56:00.000000000,5.080627538644073,54.74458663851475,9448.8,28744.290737453055,220.57623,0.5419980150004721,0.8873413776640634,1.0,0.0,0.0,13.799945817559948
NW300_FL310,2022-03-01 01:57:00.000000000,5.293119881497206,54.763692990803875,9448.8,28744.290737453055,220.62978,0.5482100861812297,0.8971485731446244,1.0,0.0,0.0,13.799938516635832
NW300_FL310,2022-03-01 01:58:00.000000000,5.505943868646182,54.78191294381553,9448.8,28744.290737453055,220.64578,0.577528458277304,0.9450137145752783,1.0,0.0,0.0,13.800050656767903
NW300_FL310,2022-03-01 01:59:00.000000000,5.719084419011531,54.79925175731836,9448.8,28744.290737453055,220.63658,0.6057406280356084,0.9912484399532955,1.0,0.0,0.0,13.800003204209666
NW300_FL310,2022-03-01 02:00:00.000000000,5.932512825652237,54.81575578710652,9448.8,28744.290737453055,220.62209,0.6438908249215879,1.0537944060642543,1.0,1.0,1.0,13.799962666862402
NW300_FL310,2022-03-01 02:01:00.000000000,6.1462099113233615,54.83144846222197,9448.8,28744.290737453055,220.62872,0.6838221803763599,1.1190890911688869,1.0,1.0,1.0,13.799932359184918
NW300_FL310,2022-03-01 02:02:00.000000000,6.3601576187555455,54.846352522537195,9448.8,28744.290737453055,220.65242,0.7261371322264749,1.1881277435821258,1.0,1.0,1.0,13.800051701259331
NW300_FL310,2022-03-01 02:03:00.000000000,6.574345601833692,54.860467055141825,9448.8,28744.290737453055,220.68922,0.7577296913419712,1.2394726340177775,1.0,1.0,1.0,13.80000554177809
NW300_FL310,2022-03-01 02:04:00.000000000,6.788749289172524,54.87384091232076,9448.8,28744.290737453055,220.73943,0.763273394196839,1.2480667309859474,1.0,1.0,1.0,13.799967129490193
NW300_FL310,2022-03-01 02:05:00.000000000,7.0033531669792195,54.88649708306962,9448.8,28744.290737453055,220.79677,0.7623032288053802,1.2459447611611636,1.0,1.0,1.0,13.799960623388825
NW300_FL310,2022-03-01 02:06:00.000000000,7.218143656439326,54.89845407593597,9448.8,28744.290737453055,220.85664,0.6503472684430213,1.0624745554097081,1.0,1.0,1.0,13.8000381484042
NW300_FL310,2022-03-01 02:07:00.000000000,7.433110284466571,54.90971982486474,9448.8,28744.290737453055,220.92102,0.565943494771796,0.9241337983340795,1.0,0.0,0.0,13.799997707739267
NW300_FL310,2022-03-01 02:08:00.000000000,7.648234507949747,54.92033751497244,9448.8,28744.290737453055,220.99411,0.5027555777396676,0.8204988755549425,1.0,0.0,0.0,13.799965046205028
NW300_FL310,2022-03-01 02:09:00.000000000,7.863504016276233,54.93032968835278,9448.8,28744.290737453055,221.07016,0.4446756333720263,0.7252935907982043,1.0,0.0,0.0,13.799998359184581
NW300_FL310,2022-03-01 02:10:00.000000000,8.078909613694025,54.93970734956771,9448.8,28744.290737453055,221.14705,0.4009420378992337,0.6535782328546171,1.0,0.0,0.0,13.800019524346945
NW300_FL310,2022-03-01 02:11:00.000000000,8.294439602046854,54.94849485749177,9448.8,28744.290737453055,221.22571,0.3773945748126611,0.6148250731968812,1.0,0.0,0.0,13.799987344744515
NW300_FL310,2022-03-01 02:12:00.000000000,8.51008135994762,54.95672549342708,9448.8,28744.290737453055,221.30145,0.35662610367756,0.5806553338960758,1.0,0.0,0.0,13.799962217577544
NW300_FL310,2022-03-01 02:13:00.000000000,8.725825342473327,54.96442143190606,9448.8,28744.290737453055,221.36597,0.34685582651442637,0.5644671592905529,1.0,0.0,0.0,13.800030591944905
NW300_FL310,2022-03-01 02:14:00.000000000,8.941665815844612,54.97158610280672,9448.8,28744.290737453055,221.4237,0.3373251245432363,0.5487149837464524,1.0,0.0,0.0,13.800003074592663
NW300_FL310,2022-03-01 02:15:00.000000000,9.157590658160426,54.97826150894907,9448.8,28744.290737453055,221.4666,0.33231763719421437,0.54039140113722,1.0,0.0,0.0,13.799979693093027
NW300_FL310,2022-03-01 02:16:00.000000000,9.373592057318856,54.984470163858454,9448.8,28744.290737453055,221.4955,0.33114894458828636,0.5383728103438862,1.0,0.0,0.0,13.799998894018712
NW300_FL310,2022-03-01 02:17:00.000000000,9.58966406355943,54.990225655978996,9448.8,28744.290737453055,221.51024,0.33364061924207666,0.5423620387241053,1.0,0.0,0.0,13.800013114578606
NW300_FL310,2022-03-01 02:18:00.000000000,9.805799607243536,54.995551318891,9448.8,28744.290737453055,221.51514,0.33840426659703327,0.5500852775205534,1.0,0.0,0.0,12.396422411584279
NW300_FL310,2022-03-01 02:18:53.897617080,9.999999999999996,55.0,9448.8,28744.290737453055,221.52043,0.3420338414159069,0.5559633508931487,1.0,0.0,0.0,0.0
SE300_FL320,2022-03-01 00:00:00.000000000,-10.000000000000002,45.00000000000001,9753.6,27448.480002484983,218.9977,0.647299848482283,1.0722158244717148,1.0,1.0,1.0,13.800115027908165
SE300_FL320,2022-03-01 00:01:00.000000000,-9.832634228109365,45.0374989777726,9753.6,27448.480002484983,219.07144,0.6676748809786829,1.105366101641898,1.0,1.0,1.0,13.800020549916326
SE300_FL320,2022-03-01 00:02:00.000000000,-9.665061957945106,45.074778023133646,9753.6,27448.480002484983,219.17021,0.6887458744605915,1.1394270550750925,1.0,1.0,1.0,13.799927543731021
SE300_FL320,2022-03-01 00:03:00.000000000,-9.497293172355167,45.111857647020635,9753.6,27448.480002484983,219.28043,0.7111833269981581,1.1755977895938785,1.0,1.0,1.0,13.800010362739226
SE300_FL320,2022-03-01 00:04:00.000000000,-9.329333869699752,45.148755048499964,9753.6,27448.480002484983,219.37914,0.7330588068011843,1.210878939777986,1.0,1.0,1.0,13.8000625389665
SE300_FL320,2022-03-01 00:05:00.000000000,-9.161195059406664,45.18549293097829,9753.6,27448.480002484983,219.47272,0.7519877256793932,1.2412922589573598,1.0,1.0,1.0,13.799971646306037
SE300_FL320,2022-03-01 00:06:00.000000000,-8.992889620285059,45.222095268527376,9753.6,27448.480002484983,219.55113,0.7729063397323546,1.275083140661223,1.0,1.0,1.0,13.799899873840282
SE300_FL320,2022-03-01 00:07:00.000000000,-8.824426642306625,45.25858271091628,9753.6,27448.480002484983,219.61182,0.7730023490310499,1.2746692172847578,1.0,1.0,1.0,13.800105239252431
SE300_FL320,2022-03-01 00:08:00.000000000,-8.65581080706178,45.2949740113112,9753.6,27448.480002484983,219.696,0.7471167168508449,1.2312184011367175,1.0,1.0,1.0,13.80001760658135
SE300_FL320,2022-03-01 00:09:00.000000000,-8.487057177228046,45.3312945416673,9753.6,27448.480002484983,219.77301,0.7192370361460076,1.1845995628272978,1.0,1.0,1.0,13.79993231818943
SE300_FL320,2022-03-01 00:10:00.000000000,-8.31817494269894,45.36756551489382,9753.6,27448.480002484983,219.82988,0.697498714160379,1.148308195242665,1.0,1.0,1.0,13.799993838825486
SE300_FL320,2022-03-01 00:11:00.000000000,-8.149171301625014,45.4038082101483,9753.6,27448.480002484983,219.88496,0.6683309665758724,1.0998402143876382,1.0,1.0,1.0,13.80006634186223
SE300_FL320,2022-03-01 00:12:00.000000000,-7.980055881015995,45.44004548033964,9753.6,27448.480002484983,219.936,0.6382396564310254,1.0499231190876093,1.0,1.0,1.0,13.799985579438726
SE300_FL320,2022-03-01 00:13:00.000000000,-7.81084018030542,45.47629954581915,9753.6,27448.480002484983,219.94803,0.6341165229007054,1.0430479355073545,1.0,1.0,1.0,13.799907812990368
SE300_FL320,2022-03-01 00:14:00.000000000,-7.64153340621131,45.51259224345501,9753.6,27448.480002484983,219.97217,0.6195189358925488,1.0188516867478457,1.0,1.0,1.0,13.80005343805641
SE300_FL320,2022-03-01 00:15:00.000000000,-7.472142889633564,45.54894792999821,9753.6,27448.480002484983,220.00294,0.6054669584839814,0.9955151052224164,1.0,0.0,0.0,13.800042769194542
SE300_FL320,2022-03-01 00:16:00.000000000,-7.30268005570596,45.58538865893594,9753.6,27448.480002484983,220.04213,0.6101541045655267,1.0029299359045478,1.0,1.0,1.0,13.799970371522296
SE300_FL320,2022-03-01 00:17:00.000000000,-7.133155014811902,45.621936316925805,9753.6,27448.480002484983,220.10124,0.6141585536268324,1.0090654951555906,1.0,1.0,1.0,13.799901682232836
SE300_FL320,2022-03-01 00:18:00.000000000,-6.963577350434745,45.65861348889645,9753.6,27448.480002484983,220.16446,0.6211515945447315,1.020075332943834,1.0,1.0,1.0,13.800065477575464
SE300_FL320,2022-03-01 00:19:00.000000000,-6.793955919788455,45.69544792952469,9753.6,27448.480002484983,220.2372,0.630910808896621,1.0355367778880633,1.0,1.0,1.0,13.80003693342804
SE300_FL320,2022-03-01 00:20:00.000000000,-6.62430206827496,45.732459891422764,9753.6,27448.480002484983,220.30148,0.6500005848373323,1.0663570509099174,1.0,1.0,1.0,13.799973816594894
SE300_FL320,2022-03-01 00:21:00.000000000,-6.454626108496878,45.76967183596835,9753.6,27448.480002484983,220.35611,0.6709463624572188,1.1002717352579976,1.0,1.0,1.0,13.79991501954183
SE300_FL320,2022-03-01 00:22:00.000000000,-6.284938381864701,45.807107160064675,9753.6,27448.480002484983,220.38098,0.6970947912262887,1.1429384823541004,1.0,1.0,1.0,13.80001310806428
SE300_FL320,2022-03-01 00:23:00.000000000,-6.1152496770827875,45.84479442806904,9753.6,27448.480002484983,220.41298,0.7084345564136866,1.1612485163633295,1.0,1.0,1.0,13.80004905320983
SE300_FL320,2022-03-01 00:24:00.000000000,-5.945571349662257,45.8827565001216,9753.6,27448.480002484983,220.43806,0.7103412952103941,1.164157618638054,1.0,1.0,1.0,13.799995207272767
SE300_FL320,2022-03-01 00:25:00.000000000,-5.775914582343945,45.92101460539857,9753.6,27448.480002484983,220.43375,0.7066806482947475,1.1581961368174207,1.0,1.0,1.0,13.799946018066104
SE300_FL320,2022-03-01 00:26:00.000000000,-5.606290874535937,45.959592928785845,9753.6,27448.480002484983,220.4166,0.6912521697051338,1.1330557478617724,1.0,1.0,1.0,13.799901826521442
SE300_FL320,2022-03-01 00:27:00.000000000,-5.436712081951,45.99851585627959,9753.6,27448.480002484983,220.38669,0.6772505669190602,1.1103541901028757,1.0,1.0,1.0,13.800049850384529
SE300_FL320,2022-03-01 00:28:00.000000000,-5.267191966322243,46.03781647078147,9753.6,27448.480002484983,220.31903,0.6690541077030931,1.097470583701997,1.0,1.0,1.0,13.800031588333269
SE300_FL320,2022-03-01 00:29:00.000000000,-5.097742422824589,46.07751300401981,9753.6,27448.480002484983,220.25313,0.6707378069996032,1.1007788192645434,1.0,1.0,1.0,13.799990478669388
SE300_FL320,2022-03-01 00:30:00.000000000,-4.92837633795386,46.11762914151849,9753.6,27448.480002484983,220.19112,0.6659457861591283,1.0934186511359623,1.0,1.0,1.0,13.7999541838252
SE300_FL320,2022-03-01 00:31:00.000000000,-4.759107233713054,46.158189859635726,9753.6,27448.480002484983,220.13544,0.6490871091148008,1.0661849459621937,1.0,1.0,1.0,13.799922890616976
SE300_FL320,2022-03-01 00:32:00.000000000,-4.589949114555786,46.19922026051813,9753.6,27448.480002484983,220.09598,0.6079004148928216,0.9988235232918845,1.0,0.0,0.0,13.799929959565615
SE300_FL320,2022-03-01 00:33:00.000000000,-4.420917005638568,46.24074744997757,9753.6,27448.480002484983,220.04936,0.5888840629297815,0.967914883964029,1.0,0.0,0.0,13.800043955541087
SE300_FL320,2022-03-01 00:34:00.000000000,-4.252027880874641,46.28280309951133,9753.6,27448.480002484983,219.99399,0.5754018162993241,0.9461443886735037,1.0,0.0,0.0,13.80001263583261
SE300_FL320,2022-03-01 00:35:00.000000000,-4.083295312513981,46.32540456469928,9753.6,27448.480002484983,219.94392,0.5661345834297901,0.9312535352872154,1.0,0.0,0.0,13.79998555573942
SE300_FL320,2022-03-01 00:36:00.000000000,-3.914735435139302,46.3685770941835,9753.6,27448.480002484983,219.8939,0.5587464076478388,0.9194428822114983,1.0,0.0,0.0,13.799962706248108
SE300_FL320,2022-03-01 00:37:00.000000000,-3.7463649709978815,46.41234591653959,9753.6,27448.480002484983,219.84378,0.5546102909944999,0.9129758187247496,1.0,0.0,0.0,13.799944029141807
SE300_FL320,2022-03-01 00:38:00.000000000,-3.578201246424688,46.45673620162743,9753.6,27448.480002484983,219.78816,0.583350208993482,0.9606829386884176,1.0,0.0,0.0,13.799929415534166
SE300_FL320,2022-03-01 00:39:00.000000000,-3.41026220591334,46.50177301855226,9753.6,27448.480002484983,219.73416,0.6078059796886598,1.0013576140459985,1.0,1.0,1.0,13.79991870565744
SE300_FL320,2022-03-01 00:40:00.000000000,-3.2425664234872786,46.54748129024899,9753.6,27448.480002484983,219.68541,0.6368782393161633,1.04963101979796,1.0,1.0,1.0,13.799922852412047
SE300_FL320,2022-03-01 00:41:00.000000000,-3.0751334306903266,46.59388656047466,9753.6,27448.480002484983,219.65068,0.6409830338267731,1.0566710974607154,1.0,1.0,1.0,13.800008407530912
SE300_FL320,2022-03-01 00:42:00.000000000,-2.907985546322268,46.641019270999685,9753.6,27448.480002484983,219.63997,0.6413607789095598,1.0573760922381588,1.0,1.0,1.0,13.79999152577942
SE300_FL320,2022-03-01 00:43:00.000000000,-2.74114057917694,46.68889649733604,9753.6,27448.480002484983,219.6386,0.6391196674235989,1.053692505117789,1.0,1.0,1.0,13.799977274791766
SE300_FL320,2022-03-01 00:44:00.000000000,-2.5746196225871447,46.73754198383629,9753.6,27448.480002484983,219.66902,0.6370218943332926,1.0499987300889932,1.0,1.0,1.0,13.799965416219916
SE300_FL320,2022-03-01 00:45:00.000000000,-2.4084444011529893,46.78697905887585,9753.6,27448.480002484983,219.70561,0.6377587475604658,1.0509250327877238,1.0,1.0,1.0,13.799955690405685
SE300_FL320,2022-03-01 00:46:00.000000000,-2.24263725835525,46.83723057208739,9753.6,27448.480002484983,219.73956,0.6402780307408229,1.0548123912656933,1.0,1.0,1.0,13.799947822412035
SE300_FL320,2022-03-01 00:47:00.000000000,-2.077221138921509,46.88831882936984,9753.6,27448.480002484983,219.77534,0.6457656727748102,1.0635719006572146,1.0,1.0,1.0,13.799941528604728
SE300_FL320,2022-03-01 00:48:00.000000000,-1.9122195656143586,46.94026552601405,9753.6,27448.480002484983,219.78525,0.6511444718196111,1.0723503335255646,1.0,1.0,1.0,13.799936523592704
SE300_FL320,2022-03-01 00:49:00.000000000,-1.747656610142675,46.99309167833649,9753.6,27448.480002484983,219.77838,0.6592113026278871,1.0856925375098228,1.0,1.0,1.0,13.799932527317191
SE300_FL320,2022-03-01 00:50:00.000000000,-1.5835568579366146,47.046817554258936,9753.6,27448.480002484983,219.79013,0.6712134874637112,1.1053627918559852,1.0,1.0,1.0,13.799929272076493
SE300_FL320,2022-03-01 00:51:00.000000000,-1.41994536657518,47.10146260331857,9753.6,27448.480002484983,219.80293,0.6855831648857449,1.1289216053600541,1.0,1.0,1.0,13.799926509251202
SE300_FL320,2022-03-01 00:52:00.000000000,-1.2568476177121715,47.15704538663485,9753.6,27448.480002484983,219.8183,0.7046249726844294,1.1601433421306007,1.0,1.0,1.0,13.799924015512413
SE300_FL320,2022-03-01 00:53:00.000000000,-1.0942894624114776,47.21358350739827,9753.6,27448.480002484983,219.83824,0.7004180456900038,1.1530469711285096,1.0,1.0,1.0,13.799921598299676
SE300_FL320,2022-03-01 00:54:00.000000000,-0.9322970598757382,47.27109354247939,9753.6,27448.480002484983,219.85129,0.69110005892153,1.1375941221552415,1.0,1.0,1.0,13.799919100366923
SE300_FL320,2022-03-01 00:55:00.000000000,-0.7708968096326502,47.329590975783,9753.6,27448.480002484983,219.85591,0.6723896611794701,1.1067584224651634,1.0,1.0,1.0,13.799916403229442
SE300_FL320,2022-03-01 00:56:00.000000000,-0.6101152773294826,47.38909013399148,9753.6,27448.480002484983,219.83064,0.6301686091723196,1.0374584418627946,1.0,1.0,1.0,13.79991342938298
SE300_FL320,2022-03-01 00:57:00.000000000,-0.4499791143776922,47.44960412535214,9753.6,27448.480002484983,219.79398,0.6000391958602855,0.9881258762166726,1.0,0.0,0.0,13.79991014318596
SE300_FL320,2022-03-01 00:58:00.000000000,-0.2905149717839815,47.51114478216384,9753.6,27448.480002484983,219.73952,0.584915030714827,0.9636062388955928,1.0,0.0,0.0,13.799906550367
SE300_FL320,2022-03-01 00:59:00.000000000,-0.1317494086006752,47.57372260760951,9753.6,27448.480002484983,219.6794,0.5836715339126796,0.9619861218643522,1.0,0.0,0.0,13.799902696148978
SE300_FL320,2022-03-01 01:00:00.000000000,0.026291204476382772,47.63734672756016,9753.6,27448.480002484983,219.61058,0.5865106023040719,0.9671569171053868,1.0,0.0,0.0,13.799898662049376
SE300_FL320,2022-03-01 01:01:00.000000000,0.1835807857402945,47.702024847945545,9753.6,27448.480002484983,219.49312,0.5993716294218291,0.98922366703482,1.0,0.0,0.0,13.799894561448786
SE300_FL320,2022-03-01 01:02:00.000000000,0.3400936466257237,47.767763218243296,9753.6,27448.480002484983,219.38538,0.6076929898273978,1.0037526884735333,1.0,1.0,1.0,13.799890534083259
SE300_FL320,2022-03-01 01:03:00.000000000,0.4958045985892688,47.834566601585344,9753.6,27448.480002484983,219.29095,0.6062541181307242,1.0020690848318303,1.0,1.0,1.0,13.799886739660096
SE300_FL320,2022-03-01 01:04:00.000000000,0.6506890618532523,47.90243825191635,9753.6,27448.480002484983,219.1952,0.6377255872449407,1.0548288418845668,1.0,1.0,1.0,13.799883350808148
SE300_FL320,2022-03-01 01:05:00.000000000,0.8047231750871445,47.97137989856527,9753.6,27448.480002484983,219.1163,0.6566576510088752,1.0867719477359512,1.0,1.0,1.0,13.799880545640207
SE300_FL320,2022-03-01 01:06:00.000000000,0.9578839050532617,48.04139173850947,9753.6,27448.480002484983,219.06047,0.679043433225955,1.124277227223634,1.0,1.0,1.0,13.799880297337754
SE300_FL320,2022-03-01 01:07:00.000000000,1.1101490175689515,48.11247259658721,9753.6,27448.480002484983,219.00945,0.6982588771577903,1.1565245739469951,1.0,1.0,1.0,13.799955765457092
SE300_FL320,2022-03-01 01:08:00.000000000,1.2614916109520389,48.18462623408982,9753.6,27448.480002484983,218.96518,0.7205435252984473,1.1938175102108777,1.0,1.0,1.0,13.799946076537669
SE300_FL320,2022-03-01 01:09:00.000000000,1.4118974565169005,48.25784150407756,9753.6,27448.480002484983,218.92072,0.7100426705365972,1.176801471468378,1.0,1.0,1.0,13.799936769163452
SE300_FL320,2022-03-01 01:10:00.000000000,1.5613479605795775,48.33211247748483,9753.6,27448.480002484983,218.88556,0.6979968500956908,1.157136454924947,1.0,1.0,1.0,13.799928078960882
SE300_FL320,2022-03-01 01:11:00.000000000,1.7098258754552036,48.40743177483138,9753.6,27448.480002484983,218.85507,0.6843697198852864,1.1347947366200937,1.0,1.0,1.0,13.799920213907653
SE300_FL320,2022-03-01 01:12:00.000000000,1.8573153869251047,48.48379060616857,9753.6,27448.480002484983,218.82382,0.6667139740164668,1.1057693373822906,1.0,1.0,1.0,13.799913349084349
SE300_FL320,2022-03-01 01:13:00.000000000,2.00380219478423,48.561178817972646,9753.6,27448.480002484983,218.7989,0.6494063970757878,1.0772616704788454,1.0,1.0,1.0,13.799907622724088
SE300_FL320,2022-03-01 01:14:00.000000000,2.1492735857235448,48.63958494650445,9753.6,27448.480002484983,218.80992,0.6488888674001083,1.0763149370275373,1.0,1.0,1.0,13.79990313363142
SE300_FL320,2022-03-01 01:15:00.000000000,2.2937184979011707,48.71899627708127,9753.6,27448.480002484983,218.81686,0.6474936495705905,1.0739484841190001,1.0,1.0,1.0,13.799899939990695
SE300_FL320,2022-03-01 01:16:00.000000000,2.437127576666514,48.79939890864313,9753.6,27448.480002484983,218.83455,0.6453535432067284,1.0702598814994675,1.0,1.0,1.0,13.799898059510873
SE300_FL320,2022-03-01 01:17:00.000000000,2.57949322101926,48.88077782294388,9753.6,27448.480002484983,218.86647,0.6412698937414206,1.0632403328561548,1.0,1.0,1.0,13.799897470818289
SE300_FL320,2022-03-01 01:18:00.000000000,2.7208096205090637,48.96311695765744,9753.6,27448.480002484983,218.91158,0.632653579940514,1.0486103523439736,1.0,1.0,1.0,13.799898115948379
SE300_FL320,2022-03-01 01:19:00.000000000,2.8610727824072804,49.04639928266274,9753.6,27448.480002484983,218.96278,0.6180051914938269,1.023947648713917,1.0,1.0,1.0,13.799899903772648
SE300_FL320,2022-03-01 01:20:00.000000000,3.0002805491083504,49.13060687875635,9753.6,27448.480002484983,219.00551,0.6098686262652864,1.0101528963381519,1.0,1.0,1.0,13.799902714140295
SE300_FL320,2022-03-01 01:21:00.000000000,3.1384326058413183,49.21572101804042,9753.6,27448.480002484983,219.04561,0.6007488946314495,0.994756848298214,1.0,0.0,0.0,13.799906402511214
SE300_FL320,2022-03-01 01:22:00.000000000,3.275530478889779,49.30172224524366,9753.6,27448.480002484983,219.06064,0.5990317097418068,0.9918029753444854,1.0,0.0,0.0,13.799910804862314
SE300_FL320,2022-03-01 01:23:00.000000000,3.411577524628558,49.38859045925548,9753.6,27448.480002484983,219.06128,0.5948703107520006,0.9849085590260946,1.0,0.0,0.0,13.799915742621737
SE300_FL320,2022-03-01 01:24:00.000000000,3.546578909786857,49.47630499418438,9753.6,27448.480002484983,219.05528,0.5910459005226961,0.9786198817530509,1.0,0.0,0.0,13.799921027431493
SE300_FL320,2022-03-01 01:25:00.000000000,3.6805415834364057,49.56484469929377,9753.6,27448.480002484983,219.02718,0.5867136286153175,0.9716453506438811,1.0,0.0,0.0,13.799926465539238
SE300_FL320,2022-03-01 01:26:00.000000000,3.813474241281341,49.65418801721622,9753.6,27448.480002484983,218.99765,0.5850649760929315,0.9691256439307685,1.0,0.0,0.0,13.799931861647412
SE300_FL320,2022-03-01 01:27:00.000000000,3.945387282890515,49.74431305990206,9753.6,27448.480002484983,218.974,0.5833265559100749,0.9664099844089414,1.0,0.0,0.0,13.799937022113916
SE300_FL320,2022-03-01 01:28:00.000000000,4.076292762563807,49.83519768181777,9753.6,27448.480002484983,218.9481,0.5787484838677954,0.9590064436851665,1.0,0.0,0.0,13.799941757380292
SE300_FL320,2022-03-01 01:29:00.000000000,4.206204334561293,49.92681954997152,9753.6,27448.480002484983,218.9251,0.5738623107835296,0.9510713387848728,1.0,0.0,0.0,13.799945883601017
SE300_FL320,2022-03-01 01:30:00.000000000,4.335137193447722,50.01915621040786,9753.6,27448.480002484983,218.91754,0.5710033810446643,0.9463835147373769,1.0,0.0,0.0,13.799949223437263
SE300_FL320,2022-03-01 01:31:00.000000000,4.463108010316069,50.1121851508771,9753.6,27448.480002484983,218.91931,0.5624898232204597,0.9322617666435408,1.0,0.0,0.0,13.79995160605297
SE300_FL320,2022-03-01 01:32:00.000000000,4.590134865652553,50.20588385944899,9753.6,27448.480002484983,218.92958,0.5585909781355743,0.9257315901153624,1.0,0.0,0.0,13.799952866356099
SE300_FL320,2022-03-01 01:33:00.000000000,4.716237179594008,50.300229878900765,9753.6,27448.480002484983,218.95125,0.5574392337427744,0.9236763342355186,1.0,0.0,0.0,13.799952843577072
SE300_FL320,2022-03-01 01:34:00.000000000,4.841435640306324,50.39520085676857,9753.6,27448.480002484983,218.99506,0.5588814524136636,0.925771061052256,1.0,0.0,0.0,13.799951379286926
SE300_FL320,2022-03-01 01:35:00.000000000,4.965752131182763,50.49077459100485,9753.6,27448.480002484983,219.04657,0.5615976712592635,0.9299210931691906,1.0,0.0,0.0,13.799948314979101
SE300_FL320,2022-03-01 01:36:00.000000000,5.08920965752353,50.58692907123493,9753.6,27448.480002484983,219.07933,0.5673641711098727,0.9392443817466676,1.0,0.0,0.0,13.7999434893709
SE300_FL320,2022-03-01 01:37:00.000000000,5.211832273314692,50.683642515650746,9753.6,27448.480002484983,219.11098,0.5750231370952128,0.9517042279594637,1.0,0.0,0.0,13.799936735540259
SE300_FL320,2022-03-01 01:38:00.000000000,5.333645008677116,50.78089340361986,9753.6,27448.480002484983,219.13913,0.5853841098238445,0.9686534298254305,1.0,0.0,0.0,13.79992787807843
SE300_FL320,2022-03-01 01:39:00.000000000,5.454673798505399,50.87866050412251,9753.6,27448.480002484983,219.1661,0.5984514635596191,0.9900777836149585,1.0,0.0,0.0,13.799916730378694
SE300_FL320,2022-03-01 01:40:00.000000000,5.574945412764155,50.97692290015904,9753.6,27448.480002484983,219.17854,0.62075593262497,1.0268846335009425,1.0,1.0,1.0,13.799909146879337
SE300_FL320,2022-03-01 01:41:00.000000000,5.69448698268002,51.07566027243519,9753.6,27448.480002484983,219.17964,0.6454221918690469,1.067682698689966,1.0,1.0,1.0,13.800036502008268
SE300_FL320,2022-03-01 01:42:00.000000000,5.813317860079042,51.17485813030892,9753.6,27448.480002484983,219.17857,0.6449733179384726,1.0669479687429888,1.0,1.0,1.0,13.800019343694286
SE300_FL320,2022-03-01 01:43:00.000000000,5.931476383526231,51.274490485820074,9753.6,27448.480002484983,219.17122,0.6349010042819456,1.0503410983775445,1.0,1.0,1.0,13.799999557176893
SE300_FL320,2022-03-01 01:44:00.000000000,6.048992146742065,51.37453779717241,9753.6,27448.480002484983,219.16666,0.6312085462574885,1.044269062009809,1.0,1.0,1.0,13.799976952886416
SE300_FL320,2022-03-01 01:45:00.000000000,6.16589527157801,51.47498090580639,9753.6,27448.480002484983,219.16716,0.6255053083438127,1.0348258271911586,1.0,1.0,1.0,13.799951314976644
SE300_FL320,2022-03-01 01:46:00.000000000,6.282216354420901,51.575801040761654,9753.6,27448.480002484983,219.1706,0.620454749233784,1.0264483721883446,1.0,1.0,1.0,13.799922401731491
SE300_FL320,2022-03-01 01:47:00.000000000,6.397986416102225,51.67697982039795,9753.6,27448.480002484983,219.1872,0.6126176224450626,1.0133581897746362,1.0,1.0,1.0,13.799896422178843
SE300_FL320,2022-03-01 01:48:00.000000000,6.513236540852692,51.77849945999789,9753.6,27448.480002484983,219.21645,0.6002015576577632,0.9926094751660294,1.0,0.0,0.0,13.800070683038491
SE300_FL320,2022-03-01 01:49:00.000000000,6.627989237000202,51.88034855874178,9753.6,27448.480002484983,219.23476,0.5857512900109889,0.9685826955275288,1.0,0.0,0.0,13.800033136164926
SE300_FL320,2022-03-01 01:50:00.000000000,6.7422871098143675,51.982503017475295,9753.6,27448.480002484983,219.2634,0.5685204606292458,0.9398899584057028,1.0,0.0,0.0,13.79999217680041
SE300_FL320,2022-03-01 01:51:00.000000000,6.85616260126879,52.08494594286698,9753.6,27448.480002484983,219.29044,0.5320431052919428,0.8794117657643683,1.0,0.0,0.0,13.799947488517821
SE300_FL320,2022-03-01 01:52:00.000000000,6.9696483812259675,52.187660808917485,9753.6,27448.480002484983,219.32326,0.4897336585457494,0.8092818308040219,1.0,0.0,0.0,13.799898737232269
SE300_FL320,2022-03-01 01:53:00.000000000,7.082777318490884,52.29063144711092,9753.6,27448.480002484983,219.33023,0.45166162761383993,0.746331263354607,1.0,0.0,0.0,13.800030398716745
SE300_FL320,2022-03-01 01:54:00.000000000,7.19557701404532,52.39384625576109,9753.6,27448.480002484983,219.33197,0.41919501162599243,0.69267365365697,1.0,0.0,0.0,13.800054345163323
SE300_FL320,2022-03-01 01:55:00.000000000,7.308085257117626,52.49728673117904,9753.6,27448.480002484983,219.32977,0.3868927491013851,0.6393074252513625,1.0,0.0,0.0,13.799996740891372
SE300_FL320,2022-03-01 01:56:00.000000000,7.420338038484323,52.60093580787837,9753.6,27448.480002484983,219.30408,0.36584935921254585,0.6046504760333662,1.0,0.0,0.0,13.799934836100903
SE300_FL320,2022-03-01 01:57:00.000000000,7.532368946100369,52.70477859337681,9753.6,27448.480002484983,219.27605,0.3484036823788739,0.5759355791186663,1.0,0.0,0.0,13.7999107047655
SE300_FL320,2022-03-01 01:58:00.000000000,7.644210999091989,52.80880120769993,9753.6,27448.480002484983,219.25356,0.3359178958127855,0.5553869332440986,1.0,0.0,0.0,13.80009727987662
SE300_FL320,2022-03-01 01:59:00.000000000,7.755895885982359,52.912992453617406,9753.6,27448.480002484983,219.23601,0.3238993858563399,0.5355859742390169,1.0,0.0,0.0,13.800026839405156
SE300_FL320,2022-03-01 02:00:00.000000000,7.867462507785084,53.01733360209722,9753.6,27448.480002484983,219.19829,0.3222663027405064,0.5330323010651206,1.0,0.0,0.0,13.799951817325509
SE300_FL320,2022-03-01 02:01:00.000000000,7.97894493915904,53.12181080944994,9753.6,27448.480002484983,219.18008,0.32340254675271457,0.5349831709082732,1.0,0.0,0.0,13.799878948745755
SE300_FL320,2022-03-01 02:02:00.000000000,8.090377316599858,53.22641053966239,9753.6,27448.480002484983,219.17894,0.32536852127294474,0.5382404682036753,1.0,0.0,0.0,13.80011613732471
SE300_FL320,2022-03-01 02:03:00.000000000,8.201794722995709,53.33112242122278,9753.6,27448.480002484983,219.1804,0.32816026589763486,0.5428530116480156,1.0,0.0,0.0,13.800033244616367
SE300_FL320,2022-03-01 02:04:00.000000000,8.313233280726271,53.43592919842136,9753.6,27448.480002484983,219.18828,0.3313621464184123,0.5481168514241896,1.0,0.0,0.0,13.799945514347323
SE300_FL320,2022-03-01 02:05:00.000000000,8.42472747485294,53.54081781028977,9753.6,27448.480002484983,219.20532,0.33175931892723753,0.5487046520743298,1.0,0.0,0.0,13.799915365810826
SE300_FL320,2022-03-01 02:06:00.000000000,8.536312692536393,53.64577571103455,9753.6,27448.480002484983,219.22676,0.3288918430434198,0.543877627790491,1.0,0.0,0.0,13.80011004309586
SE300_FL320,2022-03-01 02:07:00.000000000,8.648028278660536,53.750790832795516,9753.6,27448.480002484983,219.24393,0.32933709660593197,0.5445449443057779,1.0,0.0,0.0,13.800015304799869
SE300_FL320,2022-03-01 02:08:00.000000000,8.759906477778147,53.85584845500265,9753.6,27448.480002484983,219.25757,0.32788515268035445,0.5420893975308049,1.0,0.0,0.0,13.79991564313486
SE300_FL320,2022-03-01 02:09:00.000000000,8.871982232889263,53.96093601106962,9753.6,27448.480002484983,219.28084,0.3248201012582026,0.5369300215121116,1.0,0.0,0.0,13.800004103946796
SE300_FL320,2022-03-01 02:10:00.000000000,8.984295963690094,54.06604108818969,9753.6,27448.480002484983,219.2967,0.323410125007598,0.5345380500164584,1.0,0.0,0.0,13.800080631551038
SE300_FL320,2022-03-01 02:11:00.000000000,9.096884905918607,54.17115044521283,9753.6,27448.480002484983,219.30211,0.32498168997084853,0.5371142095350203,1.0,0.0,0.0,13.799975069909443
SE300_FL320,2022-03-01 02:12:00.000000000,9.20978021803311,54.27625136209472,9753.6,27448.480002484983,219.31793,0.32329766119408127,0.5342686065758384,1.0,0.0,0.0,13.799864842324851
SE300_FL320,2022-03-01 02:13:00.000000000,9.323017438348389,54.38133146507345,9753.6,27448.480002484983,219.31425,0.326061586154508,0.5388502237278142,1.0,0.0,0.0,13.800132173225244
SE300_FL320,2022-03-01 02:14:00.000000000,9.436648363691544,54.48637655428334,9753.6,27448.480002484983,219.31276,0.32826756647891686,0.5425027043790356,1.0,0.0,0.0,13.800031613689772
SE300_FL320,2022-03-01 02:15:00.000000000,9.550696513269713,54.59137491446518,9753.6,27448.480002484983,219.30914,0.3289574822584836,0.543657287967628,1.0,0.0,0.0,13.799916973248944
SE300_FL320,2022-03-01 02:16:00.000000000,9.665197626195663,54.69631414251662,9753.6,27448.480002484983,219.3101,0.32717911421073476,0.5407143285090379,1.0,0.0,0.0,13.800000285525412
SE300_FL320,2022-03-01 02:17:00.000000000,9.780198569347377,54.80118004346924,9753.6,27448.480002484983,219.29883,0.3294237697790024,0.5444692406448951,1.0,0.0,0.0,13.800086698051244
SE300_FL320,2022-03-01 02:18:00.000000000,9.895738483326229,54.90595917369293,9753.6,27448.480002484983,219.28049,0.33343951306977065,0.5511808408465065,1.0,0.0,0.0,12.396279145510631
SE300_FL320,2022-03-01 02:18:53.897617080,10.0,55.0,9753.6,27448.480002484983,219.28717,0.32817801267180163,0.5424551136187652,1.0,0.0,0.0,0.0
SE150_FL320,2022-03-01 00:00:00.000000000,-10.000000000000002,45.00000000000001,9753.6,27448.480002484983,218.9977,0.647299848482283,1.0722158244717148,1.0,1.0,1.0,13.800025280721622
SE150_FL320,2022-03-01 00:01:00.000000000,-9.848780362463852,45.06309802296491,9753.6,27448.480002484983,219.05717,0.6661014007879433,1.1028767549105336,1.0,1.0,1.0,13.800023124170625
SE150_FL320,2022-03-01 00:02:00.000000000,-9.69723892593266,45.12601025046198,9753.6,27448.480002484983,219.1432,0.6818892626413937,1.128310404788584,1.0,1.0,1.0,13.800020919334957
SE150_FL320,2022-03-01 00:03:00.000000000,-9.545386915730079,45.18874995403247,9753.6,27448.480002484983,219.24002,0.6991727672593024,1.1560859400005858,1.0,1.0,1.0,13.80001868361511
SE150_FL320,2022-03-01 00:04:00.000000000,-9.393235477429094,45.251330452726556,9753.6,27448.480002484983,219.32866,0.7158736797634903,1.1829318472301884,1.0,1.0,1.0,13.800016434639819
SE150_FL320,2022-03-01 00:05:00.000000000,-9.240795680594678,45.31376510728148,9753.6,27448.480002484983,219.41368,0.7280792868903324,1.2023495856529096,1.0,1.0,1.0,13.800014190107833
SE150_FL320,2022-03-01 00:06:00.000000000,-9.088078522618359,45.376067314269825,9753.6,27448.480002484983,219.47916,0.7425068789519851,1.2255847973474618,1.0,1.0,1.0,13.800011967625645
SE150_FL320,2022-03-01 00:07:00.000000000,-8.935094932619785,45.43825050019791,9753.6,27448.480002484983,219.53696,0.7486243426745512,1.2351548169141775,1.0,1.0,1.0,13.800009784533726
SE150_FL320,2022-03-01 00:08:00.000000000,-8.78185577539008,45.500328115534025,9753.6,27448.480002484983,219.58089,0.7472957467960528,1.232562215836926,1.0,1.0,1.0,13.80000765772226
SE150_FL320,2022-03-01 00:09:00.000000000,-8.628371855351828,45.56231362864651,9753.6,27448.480002484983,219.59943,0.741426337888854,1.2227150804788083,1.0,1.0,1.0,13.80000560344844
SE150_FL320,2022-03-01 00:10:00.000000000,-8.474653920510518,45.62422051963216,9753.6,27448.480002484983,219.61716,0.7339957031732576,1.2103045547571218,1.0,1.0,1.0,13.800003637143645
SE150_FL320,2022-03-01 00:11:00.000000000,-8.320712666371875,45.68606227401563,9753.6,27448.480002484983,219.62831,0.7247001237383643,1.1948748233701667,1.0,1.0,1.0,13.800001773220872
SE150_FL320,2022-03-01 00:12:00.000000000,-8.166558739799713,45.74785237630135,9753.6,27448.480002484983,219.60803,0.7268966631314077,1.1986760119905515,1.0,1.0,1.0,13.800000024891407
SE150_FL320,2022-03-01 00:13:00.000000000,-8.012202742788062,45.80960430335971,9753.6,27448.480002484983,219.5736,0.7241829783816351,1.1945057566229544,1.0,1.0,1.0,13.79999840397277
SE150_FL320,2022-03-01 00:14:00.000000000,-7.857655236121768,45.87133151763049,9753.6,27448.480002484983,219.55286,0.7218415332316481,1.1908264326785636,1.0,1.0,1.0,13.799996920709697
SE150_FL320,2022-03-01 00:15:00.000000000,-7.702926742899029,45.933047460127014,9753.6,27448.480002484983,219.51926,0.7361630379865793,1.2147538797104205,1.0,1.0,1.0,13.799995583611501
SE150_FL320,2022-03-01 00:16:00.000000000,-7.548027751889124,45.99476554322603,9753.6,27448.480002484983,219.48178,0.7626616094779789,1.2588282430433553,1.0,1.0,1.0,13.799994399289552
SE150_FL320,2022-03-01 00:17:00.000000000,-7.392968720698455,46.05649914322893,9753.6,27448.480002484983,219.50978,0.7616028258684581,1.2568179309815992,1.0,1.0,1.0,13.799993372318367
SE150_FL320,2022-03-01 00:18:00.000000000,-7.237760078717368,46.118261592681485,9753.6,27448.480002484983,219.55835,0.7611229658557941,1.2555761221747563,1.0,1.0,1.0,13.799992505114373
SE150_FL320,2022-03-01 00:19:00.000000000,-7.0824122298204,46.18006617244081,9753.6,27448.480002484983,219.62242,0.7598190567464221,1.2528357192643123,1.0,1.0,1.0,13.799991797836244
SE150_FL320,2022-03-01 00:20:00.000000000,-6.926935554791905,46.241926103479614,9753.6,27448.480002484983,219.69035,0.7552124572391617,1.2446129773885464,1.0,1.0,1.0,13.799991248309139
SE150_FL320,2022-03-01 00:21:00.000000000,-6.771340413449099,46.303854538419465,9753.6,27448.480002484983,219.77008,0.7449294528142105,1.2269426490593376,1.0,1.0,1.0,13.79999085197143
SE150_FL320,2022-03-01 00:22:00.000000000,-6.615637146434141,46.36586455278655,9753.6,27448.480002484983,219.8639,0.7328738462768859,1.2062467686240652,1.0,1.0,1.0,13.79999060186101
SE150_FL320,2022-03-01 00:23:00.000000000,-6.4598360766471385,46.427969135985755,9753.6,27448.480002484983,219.95898,0.7241362077303274,1.1910211044690413,1.0,1.0,1.0,13.799990488621079
SE150_FL320,2022-03-01 00:24:00.000000000,-6.3039475102915645,46.49018118199037,9753.6,27448.480002484983,220.03886,0.7245290957148169,1.1909595383896705,1.0,1.0,1.0,13.799990500548963
SE150_FL320,2022-03-01 00:25:00.000000000,-6.147981737503878,46.552513479747134,9753.6,27448.480002484983,220.10388,0.7293555934435259,1.1983125842771727,1.0,1.0,1.0,13.799990623666508
SE150_FL320,2022-03-01 00:26:00.000000000,-5.991949032539317,46.6149787032986,9753.6,27448.480002484983,220.14989,0.7403100131479846,1.2158945615114178,1.0,1.0,1.0,13.799990841836957
SE150_FL320,2022-03-01 00:27:00.000000000,-5.835859653486246,46.67758940162737,9753.6,27448.480002484983,220.09947,0.7532536698076612,1.237617158510066,1.0,1.0,1.0,13.799991136910966
SE150_FL320,2022-03-01 00:28:00.000000000,-5.679723841481787,46.740357988228865,9753.6,27448.480002484983,220.03073,0.766421778816509,1.259901231040883,1.0,1.0,1.0,13.799991488902345
SE150_FL320,2022-03-01 00:29:00.000000000,-5.523551819402239,46.80329673042195,9753.6,27448.480002484983,219.9497,0.7705434440582871,1.2674393506234534,1.0,1.0,1.0,13.799991876206876
SE150_FL320,2022-03-01 00:30:00.000000000,-5.367353790002575,46.86641773840963,9753.6,27448.480002484983,219.8575,0.763727301944915,1.2570864609694898,1.0,1.0,1.0,13.799992275841205
SE150_FL320,2022-03-01 00:31:00.000000000,-5.2111399334805135,46.92973295410445,9753.6,27448.480002484983,219.77016,0.7539753406817885,1.241839433748672,1.0,1.0,1.0,13.799992663719705
SE150_FL320,2022-03-01 00:32:00.000000000,-5.05492040444159,46.993254139735846,9753.6,27448.480002484983,219.69699,0.7355946559897784,1.2122238650391695,1.0,1.0,1.0,13.799993014953047
SE150_FL320,2022-03-01 00:33:00.000000000,-4.89870532824359,47.05699286626,9753.6,27448.480002484983,219.64464,0.704727188334625,1.1618032927302377,1.0,1.0,1.0,13.799993304171764
SE150_FL320,2022-03-01 00:34:00.000000000,-4.7425047966999045,47.12096050159472,9753.6,27448.480002484983,219.59749,0.6711659163102786,1.1068640636542055,1.0,1.0,1.0,13.79999350586429
SE150_FL320,2022-03-01 00:35:00.000000000,-4.586328863123924,47.185168198705355,9753.6,27448.480002484983,219.57848,0.6462361165955217,1.0658976073873028,1.0,1.0,1.0,13.799993594737066
SE150_FL320,2022-03-01 00:36:00.000000000,-4.430187536698249,47.24962688356991,9753.6,27448.480002484983,219.56877,0.6333863517391513,1.044778954717604,1.0,1.0,1.0,13.799993546077733
SE150_FL320,2022-03-01 00:37:00.000000000,-4.274090776155365,47.31434724305453,9753.6,27448.480002484983,219.57977,0.6397748830446227,1.0552295658285946,1.0,1.0,1.0,13.799993336121352
SE150_FL320,2022-03-01 00:38:00.000000000,-4.118048482758973,47.37933971273268,9753.6,27448.480002484983,219.58095,0.6476192119623495,1.0681594183228864,1.0,1.0,1.0,13.799992942424828
SE150_FL320,2022-03-01 00:39:00.000000000,-3.9620704925782735,47.44461446468435,9753.6,27448.480002484983,219.57982,0.6556143877043211,1.0813525182332728,1.0,1.0,1.0,13.7999923442172
SE150_FL320,2022-03-01 00:40:00.000000000,-3.806166568050712,47.510181395313246,9753.6,27448.480002484983,219.56375,0.6579997318017108,1.0854189392159863,1.0,1.0,1.0,13.799991522756148
SE150_FL320,2022-03-01 00:41:00.000000000,-3.6503463888319807,47.57605011322245,9753.6,27448.480002484983,219.53761,0.6573566704238082,1.0845699018886739,1.0,1.0,1.0,13.799990461647935
SE150_FL320,2022-03-01 00:42:00.000000000,-3.4946195419363453,47.64222992719104,9753.6,27448.480002484983,219.52362,0.6537833863680819,1.0787827402549617,1.0,1.0,1.0,13.799989147153058
SE150_FL320,2022-03-01 00:43:00.000000000,-3.3389955111735663,47.708729834295355,9753.6,27448.480002484983,219.51006,0.6444645119604949,1.0635119042268695,1.0,1.0,1.0,13.79998756845803
SE150_FL320,2022-03-01 00:44:00.000000000,-3.1834836658934074,47.775558508220634,9753.6,27448.480002484983,219.48743,0.6348932914696743,1.047892680414421,1.0,1.0,1.0,13.79998571790615
SE150_FL320,2022-03-01 00:45:00.000000000,-3.0280932490527612,47.84272428780939,9753.6,27448.480002484983,219.4559,0.6268002245353342,1.0347759724020824,1.0,1.0,1.0,13.799983591199357
SE150_FL320,2022-03-01 00:46:00.000000000,-2.872833364624784,47.91023516589412,9753.6,27448.480002484983,219.43205,0.6210774654413024,1.0255082017384352,1.0,1.0,1.0,13.799981187540997
SE150_FL320,2022-03-01 00:47:00.000000000,-2.7177129643741873,47.97809877846222,9753.6,27448.480002484983,219.4101,0.6169089559215262,1.0187897872100216,1.0,1.0,1.0,13.799978509741795
SE150_FL320,2022-03-01 00:48:00.000000000,-2.562740834027267,48.046322394201255,9753.6,27448.480002484983,219.38835,0.6202117540599478,1.024406281671194,1.0,1.0,1.0,13.799975564268491
SE150_FL320,2022-03-01 00:49:00.000000000,-2.407925578869879,48.11491290447256,9753.6,27448.480002484983,219.37518,0.6242807273973857,1.0312278831688904,1.0,1.0,1.0,13.799972361242325
SE150_FL320,2022-03-01 00:50:00.000000000,-2.2532756088113697,48.18387681376056,9753.6,27448.480002484983,219.36562,0.6282893785877538,1.0379220249433723,1.0,1.0,1.0,13.799968914382415
SE150_FL320,2022-03-01 00:51:00.000000000,-2.0987991229566814,48.25322023064404,9753.6,27448.480002484983,219.3545,0.6325727781714472,1.0450822998792035,1.0,1.0,1.0,13.799965240897679
SE150_FL320,2022-03-01 00:52:00.000000000,-1.9445040937337181,48.3229488593347,9753.6,27448.480002484983,219.32309,0.6420994287383597,1.0610679753580654,1.0,1.0,1.0,13.799961361323575
SE150_FL320,2022-03-01 00:53:00.000000000,-1.7903982506269553,48.393067991826065,9753.6,27448.480002484983,219.25801,0.6612437235648437,1.093226316231372,1.0,1.0,1.0,13.799957299309654
SE150_FL320,2022-03-01 00:54:00.000000000,-1.6364890635725675,48.46358250069396,9753.6,27448.480002484983,219.19472,0.6802760605897117,1.1252156540363487,1.0,1.0,1.0,13.799953081365691
SE150_FL320,2022-03-01 00:55:00.000000000,-1.482783726073991,48.534496832587074,9753.6,27448.480002484983,219.12306,0.6980674445288567,1.1552474386008433,1.0,1.0,1.0,13.799948736550181
SE150_FL320,2022-03-01 00:56:00.000000000,-1.3292891381006948,48.60581500244348,9753.6,27448.480002484983,219.05132,0.7140483575921095,1.1823146075321542,1.0,1.0,1.0,13.79996224359886
SE150_FL320,2022-03-01 00:57:00.000000000,-1.176012199022902,48.677541157964725,9753.6,27448.480002484983,219.00073,0.7267225099361985,1.2037438983534972,1.0,1.0,1.0,13.800015850398514
SE150_FL320,2022-03-01 00:58:00.000000000,-1.022959909011004,48.74967973493967,9753.6,27448.480002484983,218.97443,0.7380957492895389,1.222815566793309,1.0,1.0,1.0,13.800011280819982
SE150_FL320,2022-03-01 00:59:00.000000000,-0.8701372214611162,48.82223162470867,9753.6,27448.480002484983,218.95973,0.7532458476374483,1.248050038436941,1.0,1.0,1.0,13.800006501605102
SE150_FL320,2022-03-01 01:00:00.000000000,-0.7175496815727354,48.89519906140205,9753.6,27448.480002484983,218.94754,0.7729227554209505,1.2807702055288306,1.0,1.0,1.0,13.800001555312974
SE150_FL320,2022-03-01 01:01:00.000000000,-0.5652024537904219,48.96858383001156,9753.6,27448.480002484983,218.93733,0.7986647605530768,1.3235233784103793,1.0,1.0,1.0,13.79999648581086
SE150_FL320,2022-03-01 01:02:00.000000000,-0.4131003048958678,49.04238726558329,9753.6,27448.480002484983,218.92229,0.8100426083208224,1.3425252505975314,1.0,1.0,1.0,13.799991337765992
SE150_FL320,2022-03-01 01:03:00.000000000,-0.2612475873906203,49.116610253279745,9753.6,27448.480002484983,218.90825,0.8076691047227279,1.3387280922154705,1.0,1.0,1.0,13.7999861561264
SE150_FL320,2022-03-01 01:04:00.000000000,-0.1096482232436474,49.1912532293119,9753.6,27448.480002484983,218.8923,0.7831964204783152,1.2983152944352176,1.0,1.0,1.0,13.799980985617015
SE150_FL320,2022-03-01 01:05:00.000000000,0.041694311923352705,49.266316182737384,9753.6,27448.480002484983,218.88586,0.722807409278943,1.1982616571327172,1.0,1.0,1.0,13.799975870245795
SE150_FL320,2022-03-01 01:06:00.000000000,0.19277700414136667,49.341798658116055,9753.6,27448.480002484983,218.89986,0.6113696896200614,1.0134199828155759,1.0,1.0,1.0,13.799970852837674
SE150_FL320,2022-03-01 01:07:00.000000000,0.3435973158213465,49.41769975900875,9753.6,27448.480002484983,218.91187,0.5621732728357398,0.931787859475396,1.0,0.0,0.0,13.79996597459641
SE150_FL320,2022-03-01 01:08:00.000000000,0.49415319983679507,49.49401815230074,9753.6,27448.480002484983,218.93037,0.5334457696695045,0.8840552635008414,1.0,0.0,0.0,13.799961274703167
SE150_FL320,2022-03-01 01:09:00.000000000,0.6444431128990113,49.5707520733261,9753.6,27448.480002484983,218.91928,0.536298831673437,0.888855118743649,1.0,0.0,0.0,13.799956789951366
SE150_FL320,2022-03-01 01:10:00.000000000,0.7944660281656921,49.647899331764975,9753.6,27448.480002484983,218.90387,0.5459061832791086,0.9048784444673371,1.0,0.0,0.0,13.799952554435153
SE150_FL320,2022-03-01 01:11:00.000000000,0.9442214470284372,49.72545731828128,9753.6,27448.480002484983,218.88261,0.5635056816611373,0.9341979666319296,1.0,0.0,0.0,13.799948599276675
SE150_FL320,2022-03-01 01:12:00.000000000,1.0937094100288882,49.803423011864275,9753.6,27448.480002484983,218.84094,0.5893696772310225,0.9773696564261528,1.0,0.0,0.0,13.79994495241215
SE150_FL320,2022-03-01 01:13:00.000000000,1.2429305068591834,49.8817929878337,9753.6,27448.480002484983,218.79688,0.6204351845555005,1.029218188887279,1.0,1.0,1.0,13.799943970232082
SE150_FL320,2022-03-01 01:14:00.000000000,1.391885839203061,49.9605634958069,9753.6,27448.480002484983,218.76382,0.6356460976199565,1.0547019615375581,1.0,1.0,1.0,13.800018164069398
SE150_FL320,2022-03-01 01:15:00.000000000,1.5405756538199646,50.039732525500625,9753.6,27448.480002484983,218.73508,0.6467330129863602,1.0733235448837737,1.0,1.0,1.0,13.800012779561797
SE150_FL320,2022-03-01 01:16:00.000000000,1.689003811745885,50.119293133097386,9753.6,27448.480002484983,218.70908,0.6562956059653822,1.0893991857904033,1.0,1.0,1.0,13.800007711970267
SE150_FL320,2022-03-01 01:17:00.000000000,1.8371731915099507,50.19924036232172,9753.6,27448.480002484983,218.7126,0.656939332019088,1.0904378427593606,1.0,1.0,1.0,13.800002984178791
SE150_FL320,2022-03-01 01:18:00.000000000,1.985087255414262,50.279568902342035,9753.6,27448.480002484983,218.72588,0.6546548014185283,1.086542354296769,1.0,1.0,1.0,13.79999861501331
SE150_FL320,2022-03-01 01:19:00.000000000,2.1327500533276282,50.36027309878075,9753.6,27448.480002484983,218.73532,0.65488222137428,1.086846843266597,1.0,1.0,1.0,13.799994619263725
SE150_FL320,2022-03-01 01:20:00.000000000,2.2801662254169526,50.44134696502648,9753.6,27448.480002484983,218.753,0.6565531716932487,1.0894807954722852,1.0,1.0,1.0,13.799991007751949
SE150_FL320,2022-03-01 01:21:00.000000000,2.4273410038207826,50.52278419379153,9753.6,27448.480002484983,218.76923,0.6606802164775444,1.0961971779829367,1.0,1.0,1.0,13.799987787443316
SE150_FL320,2022-03-01 01:22:00.000000000,2.5742802132739526,50.604578168858964,9753.6,27448.480002484983,218.76144,0.6670947909103501,1.1069030924923629,1.0,1.0,1.0,13.799984961591031
SE150_FL320,2022-03-01 01:23:00.000000000,2.720990270699007,50.686721976962986,9753.6,27448.480002484983,218.73985,0.6747847993266248,1.1198382297083231,1.0,1.0,1.0,13.79998252990439
SE150_FL320,2022-03-01 01:24:00.000000000,2.8674781837846655,50.769208419747585,9753.6,27448.480002484983,218.70996,0.6805508512986124,1.1296510906960466,1.0,1.0,1.0,13.79998048874809
SE150_FL320,2022-03-01 01:25:00.000000000,3.013751548576857,50.85203002574966,9753.6,27448.480002484983,218.67427,0.686958613050253,1.140582021265416,1.0,1.0,1.0,13.799978831356217
SE150_FL320,2022-03-01 01:26:00.000000000,3.1598185461124664,50.935179062353996,9753.6,27448.480002484983,218.6204,0.6858372122396807,1.139167696809567,1.0,1.0,1.0,13.79997754806047
SE150_FL320,2022-03-01 01:27:00.000000000,3.3056879381298114,51.0186475476696,9753.6,27448.480002484983,218.5625,0.6820154709946602,1.1332942128710934,1.0,1.0,1.0,13.799976626528416
SE150_FL320,2022-03-01 01:28:00.000000000,3.451369061894234,51.10242726227889,9753.6,27448.480002484983,218.4861,0.6766811098375973,1.1250506966876066,1.0,1.0,1.0,13.799976052009184
SE150_FL320,2022-03-01 01:29:00.000000000,3.596871824179734,51.18650976081355,9753.6,27448.480002484983,218.40526,0.6703657956020767,1.1152019381491205,1.0,1.0,1.0,13.79997580757543
SE150_FL320,2022-03-01 01:30:00.000000000,3.7422066944510983,51.27088638331356,9753.6,27448.480002484983,218.3225,0.6632338187266105,1.103994078061091,1.0,1.0,1.0,13.799975874366709
SE150_FL320,2022-03-01 01:31:00.000000000,3.8873846972928505,51.35554826632859,9753.6,27448.480002484983,218.2546,0.662291621618461,1.1029649827473522,1.0,1.0,1.0,13.799976231823901
SE150_FL320,2022-03-01 01:32:00.000000000,4.032417404133353,51.44048635372388,9753.6,27448.480002484983,218.19446,0.6594111941704037,1.098641626752129,1.0,1.0,1.0,13.799976857923344
SE150_FL320,2022-03-01 01:33:00.000000000,4.17731692431389,51.525691407155904,9753.6,27448.480002484983,218.15526,0.6533935641392193,1.0889208626416986,1.0,1.0,1.0,13.79997772939002
SE150_FL320,2022-03-01 01:34:00.000000000,4.322095895553423,51.611154016185885,9753.6,27448.480002484983,218.1414,0.6448585374878231,1.0748044903734801,1.0,1.0,1.0,13.799978821916332
SE150_FL320,2022-03-01 01:35:00.000000000,4.466767473859694,51.69686460800298,9753.6,27448.480002484983,218.15204,0.6348915086099114,1.0581099113594092,1.0,1.0,1.0,13.79998011034861
SE150_FL320,2022-03-01 01:36:00.000000000,4.61134532293813,51.78281345673147,9753.6,27448.480002484983,218.189,0.6220785970333189,1.0364831227439102,1.0,1.0,1.0,13.799981568886242
SE150_FL320,2022-03-01 01:37:00.000000000,4.755843603148792,51.86899069230014,9753.6,27448.480002484983,218.22891,0.610733081465845,1.0172867258075682,1.0,1.0,1.0,13.79998317125147
SE150_FL320,2022-03-01 01:38:00.000000000,4.9002769600611895,51.95538630885467,9753.6,27448.480002484983,218.28572,0.5992180038306322,0.9976997466250112,1.0,0.0,0.0,13.799984890852482
SE150_FL320,2022-03-01 01:39:00.000000000,5.044660512655349,52.041990172697254,9753.6,27448.480002484983,218.33188,0.5978364180920002,0.9950681062335394,1.0,0.0,0.0,13.799986700946327
SE150_FL320,2022-03-01 01:40:00.000000000,5.189009841215732,52.12879202974077,9753.6,27448.480002484983,218.36629,0.6058155315287733,1.0081016933979918,1.0,1.0,1.0,13.799988574784994
SE150_FL320,2022-03-01 01:41:00.000000000,5.33334097496334,52.2157815124673,9753.6,27448.480002484983,218.40149,0.6160700587681117,1.0249036799928044,1.0,1.0,1.0,13.799990485753726
SE150_FL320,2022-03-01 01:42:00.000000000,5.477670379467894,52.30294814638437,9753.6,27448.480002484983,218.44,0.6233365950703874,1.0367034337570749,1.0,1.0,1.0,13.799992407510803
SE150_FL320,2022-03-01 01:43:00.000000000,5.622014943881001,52.390281355974025,9753.6,27448.480002484983,218.4778,0.6262628830222174,1.0412865140729752,1.0,1.0,1.0,13.79999431411892
SE150_FL320,2022-03-01 01:44:00.000000000,5.766391968026885,52.477770470133564,9753.6,27448.480002484983,218.51476,0.6255256818644666,1.039784488936989,1.0,1.0,1.0,13.799996180175784
SE150_FL320,2022-03-01 01:45:00.000000000,5.910819149385742,52.565404727108,9753.6,27448.480002484983,218.56812,0.6132118458116027,1.0189231968567272,1.0,1.0,1.0,13.799997980946767
SE150_FL320,2022-03-01 01:46:00.000000000,6.055314570000713,52.65317327891751,9753.6,27448.480002484983,218.62619,0.6012306483557207,0.9985945514965775,1.0,0.0,0.0,13.799999692491834
SE150_FL320,2022-03-01 01:47:00.000000000,6.19989668333652,52.74106519528474,9753.6,27448.480002484983,218.6953,0.5920659923193562,0.9828803304239553,1.0,0.0,0.0,13.80000129179735
SE150_FL320,2022-03-01 01:48:00.000000000,6.344584301114556,52.829069467069175,9753.6,27448.480002484983,218.76212,0.5768649468922263,0.9571814191933787,1.0,0.0,0.0,13.800002756917273
SE150_FL320,2022-03-01 01:49:00.000000000,6.48939658014588,52.91717500921703,9753.6,27448.480002484983,218.83075,0.5606091955050013,0.9297453061735403,1.0,0.0,0.0,13.800004067102952
SE150_FL320,2022-03-01 01:50:00.000000000,6.634353009179616,53.00537066323756,9753.6,27448.480002484983,218.90433,0.5430946944802625,0.9002164255155888,1.0,0.0,0.0,13.80000520294991
SE150_FL320,2022-03-01 01:51:00.000000000,6.779473395781127,53.09364519921752,9753.6,27448.480002484983,218.96725,0.5322340903416818,0.8818099082772635,1.0,0.0,0.0,13.800006146536646
SE150_FL320,2022-03-01 01:52:00.000000000,6.924777853250975,53.18198731738731,9753.6,27448.480002484983,219.00264,0.5061360853541432,0.8383525693784387,1.0,0.0,0.0,13.80000688157544
SE150_FL320,2022-03-01 01:53:00.000000000,7.070286787591492,53.270385649253456,9753.6,27448.480002484983,219.04091,0.4853147689920064,0.8036408303508982,1.0,0.0,0.0,13.800007393558275
SE150_FL320,2022-03-01 01:54:00.000000000,7.216020884525191,53.35882875831312,9753.6,27448.480002484983,219.07559,0.4710262549744669,0.7797834887200128,1.0,0.0,0.0,13.800007669900015
SE150_FL320,2022-03-01 01:55:00.000000000,7.3620010965652085,53.44730514036748,9753.6,27448.480002484983,219.09326,0.4548413550587779,0.7528899540258343,1.0,0.0,0.0,13.800007700096462
SE150_FL320,2022-03-01 01:56:00.000000000,7.508248630134886,53.53580322345174,9753.6,27448.480002484983,219.11694,0.4321830876462525,0.7152610159743581,1.0,0.0,0.0,13.800007475854803
SE150_FL320,2022-03-01 01:57:00.000000000,7.654784932730397,53.62431136740005,9753.6,27448.480002484983,219.12941,0.4138859018056357,0.684916748523844,1.0,0.0,0.0,13.800006991241453
SE150_FL320,2022-03-01 01:58:00.000000000,7.801631680117048,53.712817863064856,9753.6,27448.480002484983,219.14278,0.3967702301182674,0.6565298355789946,1.0,0.0,0.0,13.800006242806354
SE150_FL320,2022-03-01 01:59:00.000000000,7.948810763547113,53.80131093121019,9753.6,27448.480002484983,219.16768,0.3760731516691351,0.622167077379621,1.0,0.0,0.0,13.800005229709964
SE150_FL320,2022-03-01 02:00:00.000000000,8.096344276983887,53.889778721099525,9753.6,27448.480002484983,219.18742,0.36033832050282194,0.596050312897813,1.0,0.0,0.0,13.800003953824296
SE150_FL320,2022-03-01 02:01:00.000000000,8.244254504314016,53.97820930879907,9753.6,27448.480002484983,219.19884,0.34985983128550885,0.5786698820809496,1.0,0.0,0.0,13.80000241982998
SE150_FL320,2022-03-01 02:02:00.000000000,8.392563906527803,54.06659069521786,9753.6,27448.480002484983,219.2279,0.33618037778238713,0.555924886550646,1.0,0.0,0.0,13.800000635287429
SE150_FL320,2022-03-01 02:03:00.000000000,8.541295108844203,54.15491080390644,9753.6,27448.480002484983,219.25873,0.32383552620792516,0.5353899546240091,1.0,0.0,0.0,13.79999861068731
SE150_FL320,2022-03-01 02:04:00.000000000,8.690470887755579,54.24315747863636,9753.6,27448.480002484983,219.2934,0.31829051759826393,0.5260893706703501,1.0,0.0,0.0,13.799996359482744
SE150_FL320,2022-03-01 02:05:00.000000000,8.840114157964688,54.3313184807831,9753.6,27448.480002484983,219.30118,0.31984079660958464,0.5286202037403255,1.0,0.0,0.0,13.799993898086694
SE150_FL320,2022-03-01 02:06:00.000000000,8.990247959184734,54.41938148653517,9753.6,27448.480002484983,219.32002,0.31834111259705883,0.5260706655240546,1.0,0.0,0.0,13.799991245846577
SE150_FL320,2022-03-01 02:07:00.000000000,9.140895442771445,54.50733408395296,9753.6,27448.480002484983,219.33052,0.31899976499924726,0.527116610239241,1.0,0.0,0.0,13.799988424983786
SE150_FL320,2022-03-01 02:08:00.000000000,9.292079858154782,54.595163769900566,9753.6,27448.480002484983,219.32266,0.32364069848275184,0.5348163844803158,1.0,0.0,0.0,13.799985460504125
SE150_FL320,2022-03-01 02:09:00.000000000,9.443824539036145,54.682857946874975,9753.6,27448.480002484983,219.32568,0.32348188429851266,0.5345431347768799,1.0,0.0,0.0,13.79998238006007
SE150_FL320,2022-03-01 02:10:00.000000000,9.596152889316482,54.770403919756546,9753.6,27448.480002484983,219.32608,0.3230750354262597,0.5338692297665338,1.0,0.0,0.0,13.799979213805697
SE150_FL320,2022-03-01 02:11:00.000000000,9.749088368719127,54.85778889250587,9753.6,27448.480002484983,219.30272,0.32914811898839125,0.5439978846073915,1.0,0.0,0.0,13.79997599417574
SE150_FL320,2022-03-01 02:12:00.000000000,9.902654478070929,54.944999964831716,9753.6,27448.480002484983,219.29044,0.33108177717223347,0.5472436488311885,1.0,0.0,0.0,8.71787688339356
SE150_FL320,2022-03-01 02:12:37.904240283,10.0,55.0,9753.6,27448.480002484983,219.2987,0.3261763463326193,0.5391021154174811,1.0,0.0,0.0,0.0
GC0_FL320,2022-03-01 00:00:00.000000000,-10.000000000000002,45.00000000000001,9753.6,27448.480002484983,218.9977,0.647299848482283,1.0722158244717148,1.0,1.0,1.0,13.800031261260088
GC0_FL320,2022-03-01 00:01:00.000000000,-9.876312021826006,45.08811854334467,9753.6,27448.480002484983,219.03426,0.6636758165460088,1.0990423865801195,1.0,1.0,1.0,13.800027623894355
GC0_FL320,2022-03-01 00:02:00.000000000,-9.752242252140906,45.176103215944366,9753.6,27448.480002484983,219.09871,0.6727257963910795,1.1135079573703452,1.0,1.0,1.0,13.800023933454368
GC0_FL320,2022-03-01 00:03:00.000000000,-9.627788920452794,45.263953191638386,9753.6,27448.480002484983,219.17143,0.6853110642658413,1.1337354467239975,1.0,1.0,1.0,13.800020189682812
GC0_FL320,2022-03-01 00:04:00.000000000,-9.5029502525583,45.351667639156055,9753.6,27448.480002484983,219.238,0.6960737603329534,1.1509786232245902,1.0,1.0,1.0,13.800016392336534
GC0_FL320,2022-03-01 00:05:00.000000000,-9.377724470626134,45.439245722091066,9753.6,27448.480002484983,219.3051,0.7003303542706504,1.1574469679694799,1.0,1.0,1.0,13.800012541176311
GC0_FL320,2022-03-01 00:06:00.000000000,-9.252109793282935,45.52668659887586,9753.6,27448.480002484983,219.37874,0.6957805105620369,1.14930587918883,1.0,1.0,1.0,13.800008635971807
GC0_FL320,2022-03-01 00:07:00.000000000,-9.126104435701345,45.613989422756205,9753.6,27448.480002484983,219.42844,0.6987425459553868,1.1537771355483204,1.0,1.0,1.0,13.800004676501466
GC0_FL320,2022-03-01 00:08:00.000000000,-8.999706609690397,45.701153341765824,9753.6,27448.480002484983,219.49133,0.6871441044043406,1.1340994075535415,1.0,1.0,1.0,13.800000662551579
GC0_FL320,2022-03-01 00:09:00.000000000,-8.872914523788092,45.7881774987011,9753.6,27448.480002484983,219.5023,0.6733164518009686,1.111188362741547,1.0,1.0,1.0,13.799996593917113
GC0_FL320,2022-03-01 00:10:00.000000000,-8.745726383356452,45.87506103109597,9753.6,27448.480002484983,219.50491,0.6566731741260581,1.083701586340749,1.0,1.0,1.0,13.799992470403737
GC0_FL320,2022-03-01 00:11:00.000000000,-8.618140390678803,45.96180307119685,9753.6,27448.480002484983,219.48946,0.6448774282119631,1.064355728933399,1.0,1.0,1.0,13.799988291825057
GC0_FL320,2022-03-01 00:12:00.000000000,-8.490154745059604,46.04840274593778,9753.6,27448.480002484983,219.44963,0.6376446437925198,1.0527264433862225,1.0,1.0,1.0,13.799984058004643
GC0_FL320,2022-03-01 00:13:00.000000000,-8.36176764292664,46.13485917691566,9753.6,27448.480002484983,219.386,0.6369767222016127,1.052115693056137,1.0,1.0,1.0,13.799979768777922
GC0_FL320,2022-03-01 00:14:00.000000000,-8.232977277935733,46.22117148036564,9753.6,27448.480002484983,219.3193,0.6378852079927076,1.0541343052109942,1.0,1.0,1.0,13.79997542398953
GC0_FL320,2022-03-01 00:15:00.000000000,-8.103781841077932,46.30733876713662,9753.6,27448.480002484983,219.22914,0.6538103238322353,1.0811631495301521,1.0,1.0,1.0,13.799971023496427
GC0_FL320,2022-03-01 00:16:00.000000000,-7.974179520789293,46.39336014266697,9753.6,27448.480002484983,219.14912,0.6740678201139279,1.115320202632674,1.0,1.0,1.0,13.799966567164596
GC0_FL320,2022-03-01 00:17:00.000000000,-7.844168503063274,46.47923470696041,9753.6,27448.480002484983,219.09537,0.6938112307927565,1.1484374938744706,1.0,1.0,1.0,13.8000335506074
GC0_FL320,2022-03-01 00:18:00.000000000,-7.713744387039283,46.56496062297613,9753.6,27448.480002484983,219.05775,0.7084081973945181,1.1729179644704804,1.0,1.0,1.0,13.800029833224963
GC0_FL320,2022-03-01 00:19:00.000000000,-7.582907908106713,46.65053789712994,9753.6,27448.480002484983,219.03955,0.721228543838592,1.1943091744112107,1.0,1.0,1.0,13.800025836216795
GC0_FL320,2022-03-01 00:20:00.000000000,-7.451657253716138,46.73596561579989,9753.6,27448.480002484983,219.03699,0.7335012882328769,1.214650175327741,1.0,1.0,1.0,13.800021784046535
GC0_FL320,2022-03-01 00:21:00.000000000,-7.319990601234423,46.82124285691214,9753.6,27448.480002484983,219.07292,0.7385548491500803,1.2227003278478137,1.0,1.0,1.0,13.800017676565119
GC0_FL320,2022-03-01 00:22:00.000000000,-7.187906126190921,46.90636869283971,9753.6,27448.480002484983,219.13235,0.7309795400923462,1.2096315974974077,1.0,1.0,1.0,13.800013513633964
GC0_FL320,2022-03-01 00:23:00.000000000,-7.0554020024062,46.99134219037952,9753.6,27448.480002484983,219.21466,0.7140816887512863,1.1809597303372132,1.0,1.0,1.0,13.800009295126483
GC0_FL320,2022-03-01 00:24:00.000000000,-6.922476402123702,47.07616241072962,9753.6,27448.480002484983,219.3261,0.6849572282948753,1.131865927879565,1.0,1.0,1.0,13.800005020927465
GC0_FL320,2022-03-01 00:25:00.000000000,-6.789127496144292,47.16082840946671,9753.6,27448.480002484983,219.43806,0.6528815487799084,1.0779769882612598,1.0,1.0,1.0,13.800000690938065
GC0_FL320,2022-03-01 00:26:00.000000000,-6.655353453963729,47.24533923652389,9753.6,27448.480002484983,219.52463,0.6350701967548521,1.047897439154394,1.0,1.0,1.0,13.799996305067978
GC0_FL320,2022-03-01 00:27:00.000000000,-6.521152443913118,47.32969393616862,9753.6,27448.480002484983,219.60973,0.6283775676758295,1.0362012349467757,1.0,1.0,1.0,13.799991863244522
GC0_FL320,2022-03-01 00:28:00.000000000,-6.386522633302341,47.41389154698097,9753.6,27448.480002484983,219.65399,0.6240907049706119,1.0287961335090554,1.0,1.0,1.0,13.799987365406142
GC0_FL320,2022-03-01 00:29:00.000000000,-6.251462188566615,47.49793110183218,9753.6,27448.480002484983,219.66312,0.6266480605086142,1.0329450577508255,1.0,1.0,1.0,13.79998281150992
GC0_FL320,2022-03-01 00:30:00.000000000,-6.1159692754160595,47.58181162786344,9753.6,27448.480002484983,219.66075,0.6335551863723197,1.0443469892373654,1.0,1.0,1.0,13.799978201523881
GC0_FL320,2022-03-01 00:31:00.000000000,-5.980042058988454,47.66553214646499,9753.6,27448.480002484983,219.64899,0.6376940796930287,1.0512617650596914,1.0,1.0,1.0,13.799973535432741
GC0_FL320,2022-03-01 00:32:00.000000000,-5.84367870400512,47.74909167325553,9753.6,27448.480002484983,219.59059,0.6353350197658748,1.047824077408786,1.0,1.0,1.0,13.799968813237534
GC0_FL320,2022-03-01 00:33:00.000000000,-5.70687737493005,47.832489218061895,9753.6,27448.480002484983,219.53271,0.6385200316675951,1.0535254139198529,1.0,1.0,1.0,13.799964034957233
GC0_FL320,2022-03-01 00:34:00.000000000,-5.569636236132259,47.91572378489917,9753.6,27448.480002484983,219.47252,0.6385053835267999,1.053967774916848,1.0,1.0,1.0,13.800035855280361
GC0_FL320,2022-03-01 00:35:00.000000000,-5.431950681045849,47.9987933410855,9753.6,27448.480002484983,219.4027,0.6374001541732721,1.0526866792967562,1.0,1.0,1.0,13.80003208062314
GC0_FL320,2022-03-01 00:36:00.000000000,-5.2938216052343305,48.08169789082298,9753.6,27448.480002484983,219.31523,0.6467222619244251,1.0687674148230484,1.0,1.0,1.0,13.800027766635571
GC0_FL320,2022-03-01 00:37:00.000000000,-5.155247191271525,48.164436426955106,9753.6,27448.480002484983,219.24486,0.6482729727381799,1.0718840416351771,1.0,1.0,1.0,13.800023396612284
GC0_FL320,2022-03-01 00:38:00.000000000,-5.016225604851381,48.24700792994952,9753.6,27448.480002484983,219.17128,0.6483334772523909,1.0725625442403612,1.0,1.0,1.0,13.800018970545228
GC0_FL320,2022-03-01 00:39:00.000000000,-4.876755012439158,48.329411374367055,9753.6,27448.480002484983,219.10443,0.654185281060296,1.082774319638032,1.0,1.0,1.0,13.800014488442477
GC0_FL320,2022-03-01 00:40:00.000000000,-4.7368335814541895,48.411645728843965,9753.6,27448.480002484983,219.03157,0.6591911764460928,1.091640699960217,1.0,1.0,1.0,13.800009950331221
GC0_FL320,2022-03-01 00:41:00.000000000,-4.596459480456218,48.493709956074575,9753.6,27448.480002484983,218.99495,0.663381172366724,1.098872477272491,1.0,1.0,1.0,13.800005356252322
GC0_FL320,2022-03-01 00:42:00.000000000,-4.455630879335287,48.57560301279429,9753.6,27448.480002484983,218.95512,0.6640398466946087,1.1002837483948502,1.0,1.0,1.0,13.800000706269127
GC0_FL320,2022-03-01 00:43:00.000000000,-4.314345949505185,48.6573238497631,9753.6,27448.480002484983,218.91399,0.6610375424694555,1.095636079420387,1.0,1.0,1.0,13.799996000461707
GC0_FL320,2022-03-01 00:44:00.000000000,-4.172602864100605,48.73887141174949,9753.6,27448.480002484983,218.86981,0.6551451392399227,1.0862188207398624,1.0,1.0,1.0,13.799991238929968
GC0_FL320,2022-03-01 00:45:00.000000000,-4.030399798177934,48.8202446375148,9753.6,27448.480002484983,218.84824,0.6527811223096861,1.0824704671533159,1.0,1.0,1.0,13.79998642179239
GC0_FL320,2022-03-01 00:46:00.000000000,-3.8877349289197967,48.901442459798034,9753.6,27448.480002484983,218.83525,0.6533054335013755,1.083441986701477,1.0,1.0,1.0,13.799981549189066
GC0_FL320,2022-03-01 00:47:00.000000000,-3.744606435843342,48.98246380530123,9753.6,27448.480002484983,218.8237,0.6510904455975962,1.079857909817251,1.0,1.0,1.0,13.799976621281434
GC0_FL320,2022-03-01 00:48:00.000000000,-3.601012501012314,49.06330759467523,9753.6,27448.480002484983,218.83044,0.6508455016922948,1.0794013870790808,1.0,1.0,1.0,13.799971638251657
GC0_FL320,2022-03-01 00:49:00.000000000,-3.456951309253031,49.14397274250603,9753.6,27448.480002484983,218.84296,0.6501299195980311,1.0781143869788283,1.0,1.0,1.0,13.799966600302653
GC0_FL320,2022-03-01 00:50:00.000000000,-3.312421048374104,49.22445815730157,9753.6,27448.480002484983,218.85167,0.6484136389544256,1.0751995746830603,1.0,1.0,1.0,13.799961507663523
GC0_FL320,2022-03-01 00:51:00.000000000,-3.1674199093902,49.304762741479145,9753.6,27448.480002484983,218.85632,0.6457754533531614,1.0707907342021032,1.0,1.0,1.0,13.80003811560671
GC0_FL320,2022-03-01 00:52:00.000000000,-3.021943131385752,49.3848842512864,9753.6,27448.480002484983,218.86058,0.6423886111531532,1.0651410625445048,1.0,1.0,1.0,13.80003431143209
GC0_FL320,2022-03-01 00:53:00.000000000,-2.875991817593982,49.46482269242153,9753.6,27448.480002484983,218.86394,0.6408318662000778,1.0625328996709154,1.0,1.0,1.0,13.80002967563927
GC0_FL320,2022-03-01 00:54:00.000000000,-2.7295641981544376,49.54457695964448,9753.6,27448.480002484983,218.85672,0.6399387354335596,1.0611094019490244,1.0,1.0,1.0,13.800024984324816
GC0_FL320,2022-03-01 00:55:00.000000000,-2.582658479303576,49.62414593078313,9753.6,27448.480002484983,218.84622,0.6409050826617395,1.0627907032243065,1.0,1.0,1.0,13.800020237683322
GC0_FL320,2022-03-01 00:56:00.000000000,-2.435272871668278,49.703528477519875,9753.6,27448.480002484983,218.82578,0.6442136869599937,1.0684363664436134,1.0,1.0,1.0,13.800015435926571
GC0_FL320,2022-03-01 00:57:00.000000000,-2.2874055905140325,49.78272346538261,9753.6,27448.480002484983,218.79662,0.6481636239945094,1.0752162654565258,1.0,1.0,1.0,13.800010579292724
GC0_FL320,2022-03-01 00:58:00.000000000,-2.139054855997014,49.86172975373617,9753.6,27448.480002484983,218.77325,0.653719827607308,1.0846183542644718,1.0,1.0,1.0,13.80000566804335
GC0_FL320,2022-03-01 00:59:00.000000000,-1.990218893420634,49.940546195774644,9753.6,27448.480002484983,218.73715,0.6602405310771261,1.0957242665335327,1.0,1.0,1.0,13.800000702464757
GC0_FL320,2022-03-01 01:00:00.000000000,-1.840895933496165,50.01917163851421,9753.6,27448.480002484983,218.70145,0.6685585337644634,1.1098156025864483,1.0,1.0,1.0,13.799995682868577
GC0_FL320,2022-03-01 01:01:00.000000000,-1.6910842126076457,50.09760492278672,9753.6,27448.480002484983,218.6641,0.6759402905616941,1.1223741203532949,1.0,1.0,1.0,13.799990609591623
GC0_FL320,2022-03-01 01:02:00.000000000,-1.540781973081079,50.17584488323394,9753.6,27448.480002484983,218.62831,0.6810295129576188,1.131117086940902,1.0,1.0,1.0,13.799985482999908
GC0_FL320,2022-03-01 01:03:00.000000000,-1.3899874634580285,50.2538903483026,9753.6,27448.480002484983,218.59468,0.6851603952236548,1.1382530753702702,1.0,1.0,1.0,13.799980303483485
GC0_FL320,2022-03-01 01:04:00.000000000,-1.2386989387734455,50.33174014024005,9753.6,27448.480002484983,218.56273,0.6871782090796928,1.141871820967128,1.0,1.0,1.0,13.799975071460995
GC0_FL320,2022-03-01 01:05:00.000000000,-1.0869146608380469,50.409393075090854,9753.6,27448.480002484983,218.52502,0.6858855208449479,1.1400343100599017,1.0,1.0,1.0,13.799969787382079
GC0_FL320,2022-03-01 01:06:00.000000000,-0.9346328985249368,50.48684796269396,9753.6,27448.480002484983,218.49739,0.6827301388519034,1.1350140026400477,1.0,1.0,1.0,13.799964451722667
GC0_FL320,2022-03-01 01:07:00.000000000,-0.7818519280607622,50.56410360668077,9753.6,27448.480002484983,218.47145,0.6787792141099571,1.1286603459763072,1.0,1.0,1.0,13.79995906498832
GC0_FL320,2022-03-01 01:08:00.000000000,-0.6285700333214097,50.64115880447403,9753.6,27448.480002484983,218.46791,0.6737627960579371,1.1203452890888979,1.0,1.0,1.0,13.800040250558894
GC0_FL320,2022-03-01 01:09:00.000000000,-0.47478237482134333,50.71801108774824,9753.6,27448.480002484983,218.47557,0.6673012804070294,1.1095382164276562,1.0,1.0,1.0,13.800036449888243
GC0_FL320,2022-03-01 01:10:00.000000000,-0.3204903233010431,50.79466047002034,9753.6,27448.480002484983,218.50114,0.6545571926648005,1.0881489017363155,1.0,1.0,1.0,13.800031495581349
GC0_FL320,2022-03-01 01:11:00.000000000,-0.16569222733307076,50.87110574593124,9753.6,27448.480002484983,218.53487,0.6399698068128045,1.0636399125528049,1.0,1.0,1.0,13.80002648819227
GC0_FL320,2022-03-01 01:12:00.000000000,-0.01038640460530521,50.94734568796158,9753.6,27448.480002484983,218.57796,0.6233818888606684,1.035747306636965,1.0,1.0,1.0,13.800021428178642
GC0_FL320,2022-03-01 01:13:00.000000000,0.14542881799142826,51.02337906239046,9753.6,27448.480002484983,218.59059,0.6067367529525067,1.008001666269378,1.0,1.0,1.0,13.800016316031584
GC0_FL320,2022-03-01 01:14:00.000000000,0.30175510404023853,51.099204629299564,9753.6,27448.480002484983,218.59077,0.5973056734912265,0.9923290143588244,1.0,0.0,0.0,13.80001115226905
GC0_FL320,2022-03-01 01:15:00.000000000,0.45859410727043437,51.17482114257816,9753.6,27448.480002484983,218.58531,0.591809891138628,0.9832376438638178,1.0,0.0,0.0,13.8000059374454
GC0_FL320,2022-03-01 01:16:00.000000000,0.6159474712251815,51.25022734992915,9753.6,27448.480002484983,218.56442,0.5912509483902898,0.9824597189313837,1.0,0.0,0.0,13.800000672141353
GC0_FL320,2022-03-01 01:17:00.000000000,0.7738168289243615,51.325421992876,9753.6,27448.480002484983,218.53139,0.5890042159357937,0.978958985503858,1.0,0.0,0.0,13.7999953569759
GC0_FL320,2022-03-01 01:18:00.000000000,0.932203802522942,51.400403806770754,9753.6,27448.480002484983,218.49603,0.5912596931318402,0.9829583028912984,1.0,0.0,0.0,13.799989992598045
GC0_FL320,2022-03-01 01:19:00.000000000,1.0911100029643799,51.47517152080301,9753.6,27448.480002484983,218.46404,0.5960869969821041,0.9912129573252956,1.0,0.0,0.0,13.79998457969091
GC0_FL320,2022-03-01 01:20:00.000000000,1.2505370296295943,51.549723858009905,9753.6,27448.480002484983,218.43083,0.6009244307177388,0.9994941119855136,1.0,0.0,0.0,13.799979118975191
GC0_FL320,2022-03-01 01:21:00.000000000,1.410486469980993,51.62405953528727,9753.6,27448.480002484983,218.40262,0.6126806645799583,1.019255126798867,1.0,1.0,1.0,13.799973611204168
GC0_FL320,2022-03-01 01:22:00.000000000,1.570959899201897,51.698177263401696,9753.6,27448.480002484983,218.37927,0.6253233413988543,1.0404662776139288,1.0,1.0,1.0,13.799968057170684
GC0_FL320,2022-03-01 01:23:00.000000000,1.7319588798311787,51.77207574700383,9753.6,27448.480002484983,218.35913,0.6363720928104408,1.0590015359981135,1.0,1.0,1.0,13.799962457699413
GC0_FL320,2022-03-01 01:24:00.000000000,1.8934849613930664,51.84575368464275,9753.6,27448.480002484983,218.34422,0.6502446918901685,1.0822037949437622,1.0,1.0,1.0,13.799956813657149
GC0_FL320,2022-03-01 01:25:00.000000000,2.055539680022396,51.91920976878139,9753.6,27448.480002484983,218.33101,0.6651038376788074,1.1070386361701694,1.0,1.0,1.0,13.800042154299087
GC0_FL320,2022-03-01 01:26:00.000000000,2.2181278486239693,51.99244129650124,9753.6,27448.480002484983,218.32063,0.6787645647211731,1.12985985321845,1.0,1.0,1.0,13.800038395347975
GC0_FL320,2022-03-01 01:27:00.000000000,2.381247755746821,52.06544829902248,9753.6,27448.480002484983,218.30734,0.6931698597049522,1.1539501653522948,1.0,1.0,1.0,13.800033137066887
GC0_FL320,2022-03-01 01:28:00.000000000,2.5449008423555197,52.13822947261712,9753.6,27448.480002484983,218.29004,0.7046559149011565,1.1732168868519794,1.0,1.0,1.0,13.800027830685213
GC0_FL320,2022-03-01 01:29:00.000000000,2.7090885869023626,52.210783485473385,9753.6,27448.480002484983,218.26413,0.7086025404424887,1.180008985735826,1.0,1.0,1.0,13.800022477008898
GC0_FL320,2022-03-01 01:30:00.000000000,2.873812452494847,52.283108999789214,9753.6,27448.480002484983,218.22368,0.7012278201027783,1.1680690878360338,1.0,1.0,1.0,13.800017076881304
GC0_FL320,2022-03-01 01:31:00.000000000,3.039073886492103,52.35520467179508,9753.6,27448.480002484983,218.17783,0.6971024200479268,1.161578021259192,1.0,1.0,1.0,13.8000116311833
GC0_FL320,2022-03-01 01:32:00.000000000,3.204874320096632,52.42706915177804,9753.6,27448.480002484983,218.12378,0.7015268283255551,1.1694034566192464,1.0,1.0,1.0,13.80000614083744
GC0_FL320,2022-03-01 01:33:00.000000000,3.3712151679413354,52.498701084107154,9753.6,27448.480002484983,218.06345,0.6988838918471404,1.165500443920787,1.0,1.0,1.0,13.800000606803097
GC0_FL320,2022-03-01 01:34:00.000000000,3.538097827671728,52.57009910726018,9753.6,27448.480002484983,218.00958,0.6943689924527143,1.1584164070647018,1.0,1.0,1.0,13.799995030082775
GC0_FL320,2022-03-01 01:35:00.000000000,3.705523679523632,52.64126185385161,9753.6,27448.480002484983,217.9619,0.6899924711838902,1.1515090821677074,1.0,1.0,1.0,13.799989411721297
GC0_FL320,2022-03-01 01:36:00.000000000,3.8734940858960045,52.71218795066221,9753.6,27448.480002484983,217.91399,0.6781548974972116,1.1321396369218955,1.0,1.0,1.0,13.799983752801687
GC0_FL320,2022-03-01 01:37:00.000000000,4.04201039091922,52.78287601866978,9753.6,27448.480002484983,217.87444,0.6666909227897528,1.1133172873383468,1.0,1.0,1.0,13.799978054452163
GC0_FL320,2022-03-01 01:38:00.000000000,4.211073920018708,52.853324673081396,9753.6,27448.480002484983,217.85957,0.6651184691634802,1.1108082727407596,1.0,1.0,1.0,13.799972317845754
GC0_FL320,2022-03-01 01:39:00.000000000,4.380685979473958,52.92353252336716,9753.6,27448.480002484983,217.84798,0.662775375235144,1.1069851207200134,1.0,1.0,1.0,13.79996654419649
GC0_FL320,2022-03-01 01:40:00.000000000,4.550847855972988,52.993498173295265,9753.6,27448.480002484983,217.84619,0.6559776101413819,1.0956457874644234,1.0,1.0,1.0,13.799960734763747
GC0_FL320,2022-03-01 01:41:00.000000000,4.72156081616213,53.06322022096875,9753.6,27448.480002484983,217.88281,0.6436146923640326,1.0747170538570339,1.0,1.0,1.0,13.799954890854742
GC0_FL320,2022-03-01 01:42:00.000000000,4.892826106191535,53.13269725886355,9753.6,27448.480002484983,217.91791,0.6280874063065484,1.0485252864209493,1.0,1.0,1.0,13.80004369387429
GC0_FL320,2022-03-01 01:43:00.000000000,5.064648373766797,53.201926344915194,9753.6,27448.480002484983,217.94801,0.6131772008783403,1.023416524811494,1.0,1.0,1.0,13.800040019521948
GC0_FL320,2022-03-01 01:44:00.000000000,5.237025480446346,53.270907542595175,9753.6,27448.480002484983,217.972,0.6069692428769468,1.0128828004476345,1.0,1.0,1.0,13.800034486742401
GC0_FL320,2022-03-01 01:45:00.000000000,5.409958542016128,53.339639456889614,9753.6,27448.480002484983,218.01042,0.603884492528326,1.0074564546539877,1.0,1.0,1.0,13.800028914083532
GC0_FL320,2022-03-01 01:46:00.000000000,5.583448717588524,53.40812065808024,9753.6,27448.480002484983,218.04875,0.6050575614442422,1.0091361318412604,1.0,1.0,1.0,13.80002330277767
GC0_FL320,2022-03-01 01:47:00.000000000,5.757497143428711,53.47634971103695,9753.6,27448.480002484983,218.07977,0.6112977161801229,1.0193160325832962,1.0,1.0,1.0,13.800017654102959
GC0_FL320,2022-03-01 01:48:00.000000000,5.932104932473757,53.54432517526539,9753.6,27448.480002484983,218.14078,0.6176207271244493,1.029410383181276,1.0,1.0,1.0,13.800011969384423
GC0_FL320,2022-03-01 01:49:00.000000000,6.10727317384737,53.612045604956435,9753.6,27448.480002484983,218.21156,0.6248275215815654,1.040894489649851,1.0,1.0,1.0,13.800006249993439
GC0_FL320,2022-03-01 01:50:00.000000000,6.283002932370696,53.679509549037114,9753.6,27448.480002484983,218.28345,0.6339862568745733,1.0556054466029536,1.0,1.0,1.0,13.800000497350158
GC0_FL320,2022-03-01 01:51:00.000000000,6.459295248068937,53.746715551223396,9753.6,27448.480002484983,218.37093,0.6466692146178157,1.076044441488833,1.0,1.0,1.0,13.799994712920459
GC0_FL320,2022-03-01 01:52:00.000000000,6.636151135673946,53.81366215007467,9753.6,27448.480002484983,218.46562,0.655078478101221,1.089295824859184,1.0,1.0,1.0,13.799988898221487
GC0_FL320,2022-03-01 01:53:00.000000000,6.8135715841229665,53.88034787904993,9753.6,27448.480002484983,218.55075,0.6493017579022142,1.0790272178084,1.0,1.0,1.0,13.799983054817007
GC0_FL320,2022-03-01 01:54:00.000000000,6.991557556053451,53.94677126656574,9753.6,27448.480002484983,218.63148,0.6271128807088787,1.0415424081816278,1.0,1.0,1.0,13.79997718432221
GC0_FL320,2022-03-01 01:55:00.000000000,7.170109987294104,54.01293083605608,9753.6,27448.480002484983,218.70859,0.5965712370726476,0.9902629339212716,1.0,0.0,0.0,13.799971288402922
GC0_FL320,2022-03-01 01:56:00.000000000,7.349229786352257,54.07882510603384,9753.6,27448.480002484983,218.77681,0.5637375976414489,0.9353006133026622,1.0,0.0,0.0,13.799965368775869
GC0_FL320,2022-03-01 01:57:00.000000000,7.5289178338974985,54.144452590154366,9753.6,27448.480002484983,218.84085,0.5250903033091103,0.8707753132046817,1.0,0.0,0.0,13.799959427205792
GC0_FL320,2022-03-01 01:58:00.000000000,7.709174982241969,54.20981179728059,9753.6,27448.480002484983,218.90703,0.4828844522498451,0.8003955203519034,1.0,0.0,0.0,13.799953465513312
GC0_FL320,2022-03-01 01:59:00.000000000,7.890002054816966,54.2749012315503,9753.6,27448.480002484983,218.9642,0.4416500395290013,0.7317440338982939,1.0,0.0,0.0,13.800044709298199
GC0_FL320,2022-03-01 02:00:00.000000000,8.07140336006643,54.3397177150441,9753.6,27448.480002484983,219.02362,0.40430685230821667,0.6695822542730026,1.0,0.0,0.0,13.800041165932434
GC0_FL320,2022-03-01 02:01:00.000000000,8.253376235746266,54.4042613638653,9753.6,27448.480002484983,219.08856,0.3747678403298863,0.6203690152159334,1.0,0.0,0.0,13.80003540717797
GC0_FL320,2022-03-01 02:02:00.000000000,8.435921335887098,54.46853070587913,9753.6,27448.480002484983,219.1391,0.35353897893786906,0.5850110965607715,1.0,0.0,0.0,13.800029620699759
GC0_FL320,2022-03-01 02:03:00.000000000,8.61903936252284,54.532524226953534,9753.6,27448.480002484983,219.18277,0.34239444847934586,0.5663885232298014,1.0,0.0,0.0,13.800023808234585
GC0_FL320,2022-03-01 02:04:00.000000000,8.802730986129248,54.5962404085977,9753.6,27448.480002484983,219.2231,0.3363976061619579,0.556303112436947,1.0,0.0,0.0,13.80001797157137
GC0_FL320,2022-03-01 02:05:00.000000000,8.986996845082029,54.659677728041075,9753.6,27448.480002484983,219.26315,0.3302506361498604,0.5459780326403139,1.0,0.0,0.0,13.80001211255036
GC0_FL320,2022-03-01 02:06:00.000000000,9.171837545112288,54.72283465831418,9753.6,27448.480002484983,219.28,0.33061781388846945,0.5465184114786729,1.0,0.0,0.0,13.800006233064313
GC0_FL320,2022-03-01 02:07:00.000000000,9.357253658759396,54.785709668331585,9753.6,27448.480002484983,219.29764,0.3292018688321148,0.5441068849632263,1.0,0.0,0.0,13.800000335060249
GC0_FL320,2022-03-01 02:08:00.000000000,9.543245724821515,54.84830122297688,9753.6,27448.480002484983,219.30449,0.3290254362467011,0.5437886220833914,1.0,0.0,0.0,13.79999442053751
GC0_FL320,2022-03-01 02:09:00.000000000,9.729814247803706,54.91060778318973,9753.6,27448.480002484983,219.29388,0.33145084063829783,0.5478396325432402,1.0,0.0,0.0,13.799988491549682
GC0_FL320,2022-03-01 02:10:00.000000000,9.916959697363977,54.97262780605501,9753.6,27448.480002484983,219.2943,0.3295103803918054,0.5446303796245917,1.0,0.0,0.0,6.1100550360113415
GC0_FL320,2022-03-01 02:10:26.566305980,10.0,55.0,9753.6,27448.480002484983,219.30272,0.32547876078662025,0.5379333714460673,1.0,0.0,0.0,0.0
NW150_FL320,2022-03-01 00:00:00.000000000,-10.000000000000002,45.00000000000001,9753.6,27448.480002484983,218.9977,0.647299848482283,1.0722158244717148,1.0,1.0,1.0,13.800014615529586
NW150_FL320,2022-03-01 00:01:00.000000000,-9.911943680217473,45.10739059751919,9753.6,27448.480002484983,219.00523,0.660772632412194,1.0944687892471385,1.0,1.0,1.0,13.800013510743517
NW150_FL320,2022-03-01 00:02:00.000000000,-9.823535417039643,45.21470503205091,9753.6,27448.480002484983,219.03694,0.6680994908999051,1.106349384903847,1.0,1.0,1.0,13.800012336604626
NW150_FL320,2022-03-01 00:03:00.000000000,-9.734752775491534,45.32193450949788,9753.6,27448.480002484983,219.07898,0.6724145480502148,1.113151598032554,1.0,1.0,1.0,13.800011102228465
NW150_FL320,2022-03-01 00:04:00.000000000,-9.64557321962325,45.4290701602766,9753.6,27448.480002484983,219.1139,0.6802877198839766,1.125897742349679,1.0,1.0,1.0,13.800009817596628
NW150_FL320,2022-03-01 00:05:00.000000000,-9.555974120765597,45.53610303447345,9753.6,27448.480002484983,219.15067,0.6845248763058615,1.1326050983917568,1.0,1.0,1.0,13.800008493466299
NW150_FL320,2022-03-01 00:06:00.000000000,-9.465932766099801,45.64302409705574,9753.6,27448.480002484983,219.19484,0.6803181527630566,1.1252826069693176,1.0,1.0,1.0,13.8000071412585
NW150_FL320,2022-03-01 00:07:00.000000000,-9.37542636757764,45.74982422315823,9753.6,27448.480002484983,219.23695,0.6747485626609936,1.1157270823331629,1.0,1.0,1.0,13.800005772917848
NW150_FL320,2022-03-01 00:08:00.000000000,-9.284432071228174,45.85649419346592,9753.6,27448.480002484983,219.26291,0.6618158457715777,1.0941301339608573,1.0,1.0,1.0,13.800004400762623
NW150_FL320,2022-03-01 00:09:00.000000000,-9.192926966886413,45.96302468971482,9753.6,27448.480002484983,219.29599,0.6390314696374123,1.0562089519375704,1.0,1.0,1.0,13.800003037318143
NW150_FL320,2022-03-01 00:10:00.000000000,-9.100888098379096,46.069406290332594,9753.6,27448.480002484983,219.30466,0.6073453800878545,1.0037726617162868,1.0,1.0,1.0,13.800001695131416
NW150_FL320,2022-03-01 00:11:00.000000000,-9.008292474201193,46.175629466241716,9753.6,27448.480002484983,219.30858,0.5852542939834805,0.9672360684598311,1.0,0.0,0.0,13.800000386583605
NW150_FL320,2022-03-01 00:12:00.000000000,-8.915117078716126,46.2816845768484,9753.6,27448.480002484983,219.24529,0.5768795878245432,0.9538359978722709,1.0,0.0,0.0,13.799999123681374
NW150_FL320,2022-03-01 00:13:00.000000000,-8.82133888391088,46.38756186624089,9753.6,27448.480002484983,219.13885,0.5798364190908293,0.9594728034516384,1.0,0.0,0.0,13.799997917859939
NW150_FL320,2022-03-01 00:14:00.000000000,-8.726934861735826,46.49325145962168,9753.6,27448.480002484983,219.03497,0.5839683758631192,0.9670451739216024,1.0,0.0,0.0,13.799996779771385
NW150_FL320,2022-03-01 00:15:00.000000000,-8.631881997057086,46.59874335999853,9753.6,27448.480002484983,218.90927,0.5941090520923816,0.9847370051840004,1.0,0.0,0.0,13.799995719077321
NW150_FL320,2022-03-01 00:16:00.000000000,-8.536157301247139,46.70402744515966,9753.6,27448.480002484983,218.7963,0.5999662896812487,0.995266969542057,1.0,0.0,0.0,13.79999474425429
NW150_FL320,2022-03-01 00:17:00.000000000,-8.439737826436936,46.809093464959474,9753.6,27448.480002484983,218.70943,0.6021509832574845,0.9995221130237459,1.0,0.0,0.0,13.799993862396043
NW150_FL320,2022-03-01 00:18:00.000000000,-8.342600680450126,46.91393103894103,9753.6,27448.480002484983,218.6417,0.6025497971185376,1.0006731686015864,1.0,1.0,1.0,13.799993079039334
NW150_FL320,2022-03-01 00:19:00.000000000,-8.244723042436963,47.01852965432236,9753.6,27448.480002484983,218.58594,0.6009561538575413,0.9984292535771944,1.0,0.0,0.0,13.79999239800333
NW150_FL320,2022-03-01 00:20:00.000000000,-8.146082179222427,47.12287866437407,9753.6,27448.480002484983,218.57504,0.5950722169081519,0.9887320575634193,1.0,0.0,0.0,13.799991821243808
NW150_FL320,2022-03-01 00:21:00.000000000,-8.046655462379125,47.22696728721557,9753.6,27448.480002484983,218.57141,0.5869649487884673,0.9752866084612815,1.0,0.0,0.0,13.79999134873503
NW150_FL320,2022-03-01 00:22:00.000000000,-7.946420386032092,47.33078460505782,9753.6,27448.480002484983,218.57741,0.5857992788807799,0.9733056942307027,1.0,0.0,0.0,13.799990978379531
NW150_FL320,2022-03-01 00:23:00.000000000,-7.845354585398439,47.434319563920425,9753.6,27448.480002484983,218.61421,0.5835952938027028,0.9693880925762931,1.0,0.0,0.0,13.799990705942896
NW150_FL320,2022-03-01 00:24:00.000000000,-7.743435856059993,47.537560973850695,9753.6,27448.480002484983,218.66632,0.5780855524291638,0.9598737423237828,1.0,0.0,0.0,13.799990525026583
NW150_FL320,2022-03-01 00:25:00.000000000,-7.640642173962943,47.64049750967218,9753.6,27448.480002484983,218.7043,0.576204763786473,0.9564865619317722,1.0,0.0,0.0,13.799990427059264
NW150_FL320,2022-03-01 00:26:00.000000000,-7.536951716133178,47.743117712289695,9753.6,27448.480002484983,218.78085,0.5659508907895021,0.9389450757945043,1.0,0.0,0.0,13.799990401351167
NW150_FL320,2022-03-01 00:27:00.000000000,-7.432342882090881,47.84540999057738,9753.6,27448.480002484983,218.8461,0.5577996478237985,0.9249817186761015,1.0,0.0,0.0,13.799990435152703
NW150_FL320,2022-03-01 00:28:00.000000000,-7.32679431594254,47.94736262387532,9753.6,27448.480002484983,218.91403,0.5478763986513727,0.908078882031496,1.0,0.0,0.0,13.799990513782763
NW150_FL320,2022-03-01 00:29:00.000000000,-7.220284929122936,48.04896376511957,9753.6,27448.480002484983,218.98,0.5381844717720216,0.8915848630304877,1.0,0.0,0.0,13.799990620759637
NW150_FL320,2022-03-01 00:30:00.000000000,-7.112793923753648,48.15020144462874,9753.6,27448.480002484983,219.02507,0.5353531845913763,0.8866017119093573,1.0,0.0,0.0,13.799990738007454
NW150_FL320,2022-03-01 00:31:00.000000000,-7.00430081657882,48.251063574569415,9753.6,27448.480002484983,219.06879,0.5324239112097539,0.8814700933978361,1.0,0.0,0.0,13.799990846062991
NW150_FL320,2022-03-01 00:32:00.000000000,-6.894785463432784,48.351537954120296,9753.6,27448.480002484983,219.09349,0.5347138761697627,0.8850991236192552,1.0,0.0,0.0,13.79999092434128
NW150_FL320,2022-03-01 00:33:00.000000000,-6.784228084187853,48.45161227535354,9753.6,27448.480002484983,219.11578,0.5372876542401596,0.8892175668513731,1.0,0.0,0.0,13.79999095142065
NW150_FL320,2022-03-01 00:34:00.000000000,-6.672609288124424,48.55127412984912,9753.6,27448.480002484983,219.12683,0.5414965097796623,0.8961109650513511,1.0,0.0,0.0,13.799990905357314
NW150_FL320,2022-03-01 00:35:00.000000000,-6.559910099659522,48.650511016055766,9753.6,27448.480002484983,219.12195,0.5442571980132763,0.9007102996846504,1.0,0.0,0.0,13.799990764032621
NW150_FL320,2022-03-01 00:36:00.000000000,-6.446111984363311,48.74931034740906,9753.6,27448.480002484983,219.092,0.5491814051594706,0.9090599556929615,1.0,0.0,0.0,13.799990505510175
NW150_FL320,2022-03-01 00:37:00.000000000,-6.331196875187807,48.84765946121438,9753.6,27448.480002484983,219.0759,0.5506965556851121,0.9116729514159014,1.0,0.0,0.0,13.799990108416592
NW150_FL320,2022-03-01 00:38:00.000000000,-6.215147198825244,48.94554562829887,9753.6,27448.480002484983,219.04268,0.5524262211140465,0.9147609652634018,1.0,0.0,0.0,13.799989552329267
NW150_FL320,2022-03-01 00:39:00.000000000,-6.097945902109083,49.04295606343325,9753.6,27448.480002484983,218.99892,0.5594747136255853,0.9267271186685753,1.0,0.0,0.0,13.799988818168638
NW150_FL320,2022-03-01 00:40:00.000000000,-5.979576478364332,49.13987793652022,9753.6,27448.480002484983,218.9645,0.5647528368212522,0.935703343006339,1.0,0.0,0.0,13.799987888596085
NW150_FL320,2022-03-01 00:41:00.000000000,-5.860022993609616,49.23629838454239,9753.6,27448.480002484983,218.9138,0.565468282221809,0.9372373559046121,1.0,0.0,0.0,13.799986748391927
NW150_FL320,2022-03-01 00:42:00.000000000,-5.739270112508919,49.33220452425832,9753.6,27448.480002484983,218.89354,0.5550891416455789,0.9201677663155455,1.0,0.0,0.0,13.799985384831924
NW150_FL320,2022-03-01 00:43:00.000000000,-5.617303123966524,49.42758346563079,9753.6,27448.480002484983,218.87343,0.5478682947179934,0.9083318773144086,1.0,0.0,0.0,13.799983788033904
NW150_FL320,2022-03-01 00:44:00.000000000,-5.4941079662560375,49.52242232596687,9753.6,27448.480002484983,218.85901,0.5287738159473211,0.8767652098742811,1.0,0.0,0.0,13.799981951284067
NW150_FL320,2022-03-01 00:45:00.000000000,-5.369671251570929,49.61670824474481,9753.6,27448.480002484983,218.89046,0.5093463953117834,0.8443619548848564,1.0,0.0,0.0,13.799979871326002
NW150_FL320,2022-03-01 00:46:00.000000000,-5.243980289882591,49.710428399097715,9753.6,27448.480002484983,218.92131,0.49166945097188475,0.8148733896299769,1.0,0.0,0.0,13.799977548611706
NW150_FL320,2022-03-01 00:47:00.000000000,-5.117023111990287,49.803570019919526,9753.6,27448.480002484983,218.9818,0.4799605999569221,0.7951185643924531,1.0,0.0,0.0,13.799974987505227
NW150_FL320,2022-03-01 00:48:00.000000000,-4.988788491647018,49.896120408553536,9753.6,27448.480002484983,219.06807,0.46443479789876085,0.7689120556588888,1.0,0.0,0.0,13.799972196443608
NW150_FL320,2022-03-01 00:49:00.000000000,-4.85926596664584,49.98806695401959,9753.6,27448.480002484983,219.13689,0.4498003175375512,0.744308951324466,1.0,0.0,0.0,13.79996918802526
NW150_FL320,2022-03-01 00:50:00.000000000,-4.728445858752139,50.079397150730635,9753.6,27448.480002484983,219.22083,0.43892391999417235,0.7258657539072396,1.0,0.0,0.0,13.799965979069924
NW150_FL320,2022-03-01 00:51:00.000000000,-4.596319292369935,50.17009861664571,9753.6,27448.480002484983,219.28056,0.4298520813317458,0.7105506490309799,1.0,0.0,0.0,13.799962590579305
NW150_FL320,2022-03-01 00:52:00.000000000,-4.462878211833166,50.26015911180118,9753.6,27448.480002484983,219.34032,0.4191825193425222,0.692610185616882,1.0,0.0,0.0,13.799959047664926
NW150_FL320,2022-03-01 00:53:00.000000000,-4.328115397217069,50.34956655715893,9753.6,27448.480002484983,219.38821,0.40857606252992706,0.6748469206973962,1.0,0.0,0.0,13.799955379398677
NW150_FL320,2022-03-01 00:54:00.000000000,-4.192024478569649,50.43830905370571,9753.6,27448.480002484983,219.41971,0.40345213167665406,0.6662312759350163,1.0,0.0,0.0,13.799951618596008
NW150_FL320,2022-03-01 00:55:00.000000000,-4.05459994846935,50.526374901734854,9753.6,27448.480002484983,219.44597,0.3997365333517951,0.6599679885438829,1.0,0.0,0.0,13.799947801542151
NW150_FL320,2022-03-01 00:56:00.000000000,-3.915837172821923,50.61375262023863,9753.6,27448.480002484983,219.46753,0.40249788898637406,0.664420866291028,1.0,0.0,0.0,13.799961634315533
NW150_FL320,2022-03-01 00:57:00.000000000,-3.775730534366871,50.70042998100058,9753.6,27448.480002484983,219.47531,0.41423737257678994,0.6837611765485666,1.0,0.0,0.0,13.800015187556577
NW150_FL320,2022-03-01 00:58:00.000000000,-3.634272966085093,50.78639370865784,9753.6,27448.480002484983,219.46796,0.4208152059553085,0.6946543057091118,1.0,0.0,0.0,13.800009923240955
NW150_FL320,2022-03-01 00:59:00.000000000,-3.491468425213449,50.87163617748502,9753.6,27448.480002484983,219.43602,0.4352576185045678,0.718666058456335,1.0,0.0,0.0,13.800004456466626
NW150_FL320,2022-03-01 01:00:00.000000000,-3.3473158711349957,50.956146985350514,9753.6,27448.480002484983,219.38857,0.4565598516108631,0.754101159140271,1.0,0.0,0.0,13.799998839363584
NW150_FL320,2022-03-01 01:01:00.000000000,-3.201815162333295,51.03991604591398,9753.6,27448.480002484983,219.29868,0.47951619589414485,0.7925415228178654,1.0,0.0,0.0,13.799993126409735
NW150_FL320,2022-03-01 01:02:00.000000000,-3.0549670550937402,51.122933607024926,9753.6,27448.480002484983,219.1933,0.49804168148383726,0.8237953121656628,1.0,0.0,0.0,13.799987373795798
NW150_FL320,2022-03-01 01:03:00.000000000,-2.9067732000863327,51.20519026867862,9753.6,27448.480002484983,219.10156,0.5158035631576184,0.8537471915703483,1.0,0.0,0.0,13.799981638763203
NW150_FL320,2022-03-01 01:04:00.000000000,-2.75723613682413,51.28667700045241,9753.6,27448.480002484983,218.99292,0.5379575813439573,0.8911248682485291,1.0,0.0,0.0,13.799975978917063
NW150_FL320,2022-03-01 01:05:00.000000000,-2.6063592860038653,51.367385158347936,9753.6,27448.480002484983,218.88965,0.5554393073853809,0.9207747134888823,1.0,0.0,0.0,13.799970451534813
NW150_FL320,2022-03-01 01:06:00.000000000,-2.4541469397475377,51.44730650096773,9753.6,27448.480002484983,218.80394,0.5727627991569343,0.9500856415048077,1.0,0.0,0.0,13.799965112869177
NW150_FL320,2022-03-01 01:07:00.000000000,-2.300604249774821,51.526433204957165,9753.6,27448.480002484983,218.71286,0.582904776133305,0.9675488901973249,1.0,0.0,0.0,13.799960017463881
NW150_FL320,2022-03-01 01:08:00.000000000,-2.145737213549071,51.60475787964777,9753.6,27448.480002484983,218.6241,0.5899161175084605,0.9798163227279296,1.0,0.0,0.0,13.799955217494318
NW150_FL320,2022-03-01 01:09:00.000000000,-1.9895526584501013,51.682273580841326,9753.6,27448.480002484983,218.54803,0.5985086985995224,0.9946367042764396,1.0,0.0,0.0,13.799950762132118
NW150_FL320,2022-03-01 01:10:00.000000000,-1.832058224038491,51.758973823679455,9753.6,27448.480002484983,218.47145,0.6043399463263788,1.0048842373619582,1.0,1.0,1.0,13.799946696952656
NW150_FL320,2022-03-01 01:11:00.000000000,-1.6732623424866224,51.83485259454882,9753.6,27448.480002484983,218.40547,0.6118133160405824,1.0177909125993012,1.0,1.0,1.0,13.799943063395368
NW150_FL320,2022-03-01 01:12:00.000000000,-1.513174217261294,51.909904361977446,9753.6,27448.480002484983,218.3529,0.6188153900271961,1.0298301189435028,1.0,1.0,1.0,13.799939898272926
NW150_FL320,2022-03-01 01:13:00.000000000,-1.3518038001522044,51.98412408648381,9753.6,27448.480002484983,218.30249,0.6243387155780982,1.039401167768169,1.0,1.0,1.0,13.799939745243607
NW150_FL320,2022-03-01 01:14:00.000000000,-1.1891615462200298,52.057507082236924,9753.6,27448.480002484983,218.26253,0.6314987413851174,1.051622874986945,1.0,1.0,1.0,13.800020924011612
NW150_FL320,2022-03-01 01:15:00.000000000,-1.0252518319892376,52.13004458185368,9753.6,27448.480002484983,218.23767,0.6384742004920688,1.0634262942534032,1.0,1.0,1.0,13.800013978858964
NW150_FL320,2022-03-01 01:16:00.000000000,-0.8600941937770141,52.20173800568454,9753.6,27448.480002484983,218.22844,0.6424635252071149,1.07014278713936,1.0,1.0,1.0,13.800007477983955
NW150_FL320,2022-03-01 01:17:00.000000000,-0.6937013373187131,52.27258437763797,9753.6,27448.480002484983,218.21768,0.6448310733748018,1.074169024370878,1.0,1.0,1.0,13.800001452770012
NW150_FL320,2022-03-01 01:18:00.000000000,-0.5260865789675423,52.34258124591907,9753.6,27448.480002484983,218.20557,0.6431423941484208,1.071452889988274,1.0,1.0,1.0,13.799995928589095
NW150_FL320,2022-03-01 01:19:00.000000000,-0.35726381511859207,52.4117266860437,9753.6,27448.480002484983,218.20537,0.63273906960821,1.0541220497936672,1.0,1.0,1.0,13.79999092471825
NW150_FL320,2022-03-01 01:20:00.000000000,-0.1872474908346242,52.480019302721765,9753.6,27448.480002484983,218.20738,0.6202802164414176,1.033349292497494,1.0,1.0,1.0,13.799986454317708
NW150_FL320,2022-03-01 01:21:00.000000000,-0.0160525678074433,52.54745823062341,9753.6,27448.480002484983,218.19794,0.6079123194705454,1.0128140352754726,1.0,1.0,1.0,13.799982524503399
NW150_FL320,2022-03-01 01:22:00.000000000,0.15630550821031364,52.614043134048934,9753.6,27448.480002484983,218.18059,0.5971216861068978,0.9949596461059613,1.0,0.0,0.0,13.79997913648606
NW150_FL320,2022-03-01 01:23:00.000000000,0.329810840369795,52.67977420552756,9753.6,27448.480002484983,218.16214,0.5908276311929178,0.9846033156144328,1.0,0.0,0.0,13.799976285786364
NW150_FL320,2022-03-01 01:24:00.000000000,0.5044471139547051,52.74465216337665,9753.6,27448.480002484983,218.14351,0.5864393897929334,0.9774213067607423,1.0,0.0,0.0,13.799973962517008
NW150_FL320,2022-03-01 01:25:00.000000000,0.680197629744843,52.80867824825721,9753.6,27448.480002484983,218.10426,0.5877661234000662,0.979908318970028,1.0,0.0,0.0,13.799972151720771
NW150_FL320,2022-03-01 01:26:00.000000000,0.857045337388637,52.8718542187659,9753.6,27448.480002484983,218.06561,0.588500495867601,0.9814019318621282,1.0,0.0,0.0,13.799970833761792
NW150_FL320,2022-03-01 01:27:00.000000000,1.034972868662569,52.93418234610838,9753.6,27448.480002484983,218.02649,0.5882012698129478,0.9811805178414991,1.0,0.0,0.0,13.799969984769
NW150_FL320,2022-03-01 01:28:00.000000000,1.2139625705007244,52.99566540790184,9753.6,27448.480002484983,217.98334,0.5859560446632622,0.9777364540251078,1.0,0.0,0.0,13.799969577100743
NW150_FL320,2022-03-01 01:29:00.000000000,1.3939965376829655,53.056306681157686,9753.6,27448.480002484983,217.95142,0.5839249929839638,0.9745696265531807,1.0,0.0,0.0,13.799969579857322
NW150_FL320,2022-03-01 01:30:00.000000000,1.5750566450764563,53.11610993449817,9753.6,27448.480002484983,217.9295,0.5809938156425721,0.9698285937051602,1.0,0.0,0.0,13.799969959394309
NW150_FL320,2022-03-01 01:31:00.000000000,1.7571245793312809,53.17507941966272,9753.6,27448.480002484983,217.91658,0.5772812865162671,0.9637214774433266,1.0,0.0,0.0,13.799970679859165
NW150_FL320,2022-03-01 01:32:00.000000000,1.9401818699385918,53.23321986236095,9753.6,27448.480002484983,217.92241,0.5764837760699876,0.9623490573908159,1.0,0.0,0.0,13.799971703727884
NW150_FL320,2022-03-01 01:33:00.000000000,2.1242099195660367,53.29053645253109,9753.6,27448.480002484983,217.92932,0.5757185371094762,0.9610215342830841,1.0,0.0,0.0,13.799972992333837
NW150_FL320,2022-03-01 01:34:00.000000000,2.3091900335932243,53.34703483406254,9753.6,27448.480002484983,217.93637,0.5764643725716648,0.962223488407728,1.0,0.0,0.0,13.799974506384897
NW150_FL320,2022-03-01 01:35:00.000000000,2.4951034487770922,53.402721094041766,9753.6,27448.480002484983,217.95143,0.5782584123473128,0.9651118456493022,1.0,0.0,0.0,13.799976206465772
NW150_FL320,2022-03-01 01:36:00.000000000,2.6819313609848683,53.457601751580526,9753.6,27448.480002484983,217.9636,0.5800280934191031,0.9679813577131579,1.0,0.0,0.0,13.799978053504757
NW150_FL320,2022-03-01 01:37:00.000000000,2.8696549519397707,53.511683746284476,9753.6,27448.480002484983,217.97943,0.5801047120440277,0.9680005780684592,1.0,0.0,0.0,13.799980009221503
NW150_FL320,2022-03-01 01:38:00.000000000,3.0582554149321086,53.56497442641937,9753.6,27448.480002484983,217.9983,0.5807940300315128,0.9690179631613329,1.0,0.0,0.0,13.799982036526542
NW150_FL320,2022-03-01 01:39:00.000000000,3.2477139794557783,53.61748153683056,9753.6,27448.480002484983,218.0058,0.5851078340461164,0.9761629058049736,1.0,0.0,0.0,13.799984099891018
NW150_FL320,2022-03-01 01:40:00.000000000,3.4380119347371982,53.6692132066701,9753.6,27448.480002484983,217.99895,0.5958988496502222,0.9942157678866698,1.0,0.0,0.0,13.799986165670656
NW150_FL320,2022-03-01 01:41:00.000000000,3.629130652131118,53.72017793698295,9753.6,27448.480002484983,217.97913,0.6146164921123922,1.0255898322645312,1.0,1.0,1.0,13.79998820237766
NW150_FL320,2022-03-01 01:42:00.000000000,3.821051606363487,53.770384588202695,9753.6,27448.480002484983,217.94302,0.6421958607468521,1.071886266160762,1.0,1.0,1.0,13.799990180922991
NW150_FL320,2022-03-01 01:43:00.000000000,4.013756395608983,53.81984236760365,9753.6,27448.480002484983,217.8931,0.6724738064427791,1.122821958373116,1.0,1.0,1.0,13.79999207479392
NW150_FL320,2022-03-01 01:44:00.000000000,4.207226760395775,53.868560816754226,9753.6,27448.480002484983,217.87286,0.6709122078530425,1.1203790387544532,1.0,1.0,1.0,13.79999386020077
NW150_FL320,2022-03-01 01:45:00.000000000,4.401444601336398,53.9165497990135,9753.6,27448.480002484983,217.86037,0.6614115015168862,1.104610528292429,1.0,1.0,1.0,13.799995516168021
NW150_FL320,2022-03-01 01:46:00.000000000,4.59639199568854,53.96381948710966,9753.6,27448.480002484983,217.88771,0.6243769073390304,1.04255607247767,1.0,1.0,1.0,13.799997024593432
NW150_FL320,2022-03-01 01:47:00.000000000,4.792051212754257,54.01038035083665,9753.6,27448.480002484983,217.95761,0.5788410002990776,0.9660400925117869,1.0,0.0,0.0,13.799998370255315
NW150_FL320,2022-03-01 01:48:00.000000000,4.988404728130883,54.05624314490155,9753.6,27448.480002484983,218.03117,0.5481583109558147,0.9143544246591573,1.0,0.0,0.0,13.799999540791967
NW150_FL320,2022-03-01 01:49:00.000000000,5.185435236830494,54.101418896952666,9753.6,27448.480002484983,218.05948,0.5494440690863068,0.9163103089218967,1.0,0.0,0.0,13.800000526639762
NW150_FL320,2022-03-01 01:50:00.000000000,5.383125665288684,54.14591889581483,9753.6,27448.480002484983,218.06615,0.5583171651492156,0.9310637298973703,1.0,0.0,0.0,13.800001320950413
NW150_FL320,2022-03-01 01:51:00.000000000,5.581459182286482,54.18975467995547,9753.6,27448.480002484983,218.04636,0.5734405243108259,0.9564206554950082,1.0,0.0,0.0,13.800001919470516
NW150_FL320,2022-03-01 01:52:00.000000000,5.780419208811863,54.23293802620198,9753.6,27448.480002484983,218.01872,0.5887106552291331,0.9820822523717614,1.0,0.0,0.0,13.800002320404134
NW150_FL320,2022-03-01 01:53:00.000000000,5.979989426890096,54.27548093872749,9753.6,27448.480002484983,217.99547,0.6059991777754484,1.0110930010782446,1.0,1.0,1.0,13.800002524262844
NW150_FL320,2022-03-01 01:54:00.000000000,6.180153787413816,54.31739563831984,9753.6,27448.480002484983,218.0293,0.6271548015472221,1.0461367303085796,1.0,1.0,1.0,13.800002533692991
NW150_FL320,2022-03-01 01:55:00.000000000,6.3808965170056196,54.35869455194499,9753.6,27448.480002484983,218.07704,0.6486566479131394,1.0816328619556514,1.0,1.0,1.0,13.800002353293928
NW150_FL320,2022-03-01 01:56:00.000000000,6.5822021239473365,54.399390302613654,9753.6,27448.480002484983,218.1482,0.6686051547152564,1.1143303617067155,1.0,1.0,1.0,13.80000198943833
NW150_FL320,2022-03-01 01:57:00.000000000,6.784055403211021,54.4394956995573,9753.6,27448.480002484983,218.24069,0.6887486765637918,1.1471391818641516,1.0,1.0,1.0,13.800001450080874
NW150_FL320,2022-03-01 01:58:00.000000000,6.986441440627737,54.479023728716754,9753.6,27448.480002484983,218.3271,0.7200622262087765,1.198548928140082,1.0,1.0,1.0,13.800000744570198
NW150_FL320,2022-03-01 01:59:00.000000000,7.18934561623043,54.51798754354435,9753.6,27448.480002484983,218.41414,0.6774740566147457,1.1269539881942814,1.0,1.0,1.0,13.799999883471097
NW150_FL320,2022-03-01 02:00:00.000000000,7.392753606807693,54.55640045611831,9753.6,27448.480002484983,218.50514,0.6230955969966901,1.0358185880631199,1.0,1.0,1.0,13.799998878381079
NW150_FL320,2022-03-01 02:01:00.000000000,7.596651387704953,54.594275928565615,9753.6,27448.480002484983,218.59799,0.5679512354721076,0.9435144165232472,1.0,0.0,0.0,13.799997741767196
NW150_FL320,2022-03-01 02:02:00.000000000,7.801025233909899,54.63162756478736,9753.6,27448.480002484983,218.6975,0.5102916511972901,0.8471151705895055,1.0,0.0,0.0,13.799996486806835
NW150_FL320,2022-03-01 02:03:00.000000000,8.005861720458118,54.66846910247922,9753.6,27448.480002484983,218.7994,0.45710575718770674,0.7582599497585372,1.0,0.0,0.0,13.799995127240448
NW150_FL320,2022-03-01 02:04:00.000000000,8.21114772219488,54.70481440543687,9753.6,27448.480002484983,218.89667,0.41769234910959013,0.6923902767755216,1.0,0.0,0.0,13.799993677240758
NW150_FL320,2022-03-01 02:05:00.000000000,8.416870412928134,54.74067745613532,9753.6,27448.480002484983,218.99352,0.3865399228167223,0.6403006843072881,1.0,0.0,0.0,13.799992151289874
NW150_FL320,2022-03-01 02:06:00.000000000,8.623017264007114,54.77607234856892,9753.6,27448.480002484983,219.07481,0.36771146795020343,0.608747736188307,1.0,0.0,0.0,13.799990564074568
NW150_FL320,2022-03-01 02:07:00.000000000,8.829576042360262,54.81101328133762,9753.6,27448.480002484983,219.13882,0.35678177796553445,0.5903777130059039,1.0,0.0,0.0,13.799988930389441
NW150_FL320,2022-03-01 02:08:00.000000000,9.036534808025143,54.845514550963514,9753.6,27448.480002484983,219.19154,0.3491334239030245,0.5774986918610693,1.0,0.0,0.0,13.799987265057572
NW150_FL320,2022-03-01 02:09:00.000000000,9.243881911202225,54.87959054542058,9753.6,27448.480002484983,219.23044,0.3451936757867897,0.5708205455336334,1.0,0.0,0.0,13.799985582857834
NW150_FL320,2022-03-01 02:10:00.000000000,9.451605988863491,54.91325573785914,9753.6,27448.480002484983,219.26213,0.339176156048381,0.5607392530186408,1.0,0.0,0.0,13.799983898464221
NW150_FL320,2022-03-01 02:11:00.000000000,9.659695960945642,54.94652468050605,9753.6,27448.480002484983,219.27379,0.3361301256173088,0.5556551894564058,1.0,0.0,0.0,13.799982226394873
NW150_FL320,2022-03-01 02:12:00.000000000,9.868141026157087,54.97941199871997,9753.6,27448.480002484983,219.28516,0.3316168144280398,0.5481495713140423,1.0,0.0,0.0,8.717907553283178
NW150_FL320,2022-03-01 02:12:37.904240283,10.0,55.0,9753.6,27448.480002484983,219.2987,0.3261763463326193,0.5391021154174811,1.0,0.0,0.0,0.0
NW300_FL320,2022-03-01 00:00:00.000000000,-10.000000000000002,45.00000000000001,9753.6,27448.480002484983,218.9977,0.647299848482283,1.0722158244717148,1.0,1.0,1.0,13.800034843118594
NW300_FL320,2022-03-01 00:01:00.000000000,-9.948323151402047,45.11861698721326,9753.6,27448.480002484983,218.97633,0.6578859558293189,1.089917345086715,1.0,1.0,1.0,13.800006665435859
NW300_FL320,2022-03-01 00:02:00.000000000,-9.896402137726424,45.2372040256995,9753.6,27448.480002484983,218.97055,0.6645195197134333,1.1009521392426036,1.0,1.0,1.0,13.799977763173437
NW300_FL320,2022-03-01 00:03:00.000000000,-9.844205048187119,45.355754336568715,9753.6,27448.480002484983,218.97592,0.6670336613947777,1.1050779016542451,1.0,1.0,1.0,13.800003201880159
NW300_FL320,2022-03-01 00:04:00.000000000,-9.79169221545635,45.47425993803365,9753.6,27448.480002484983,218.98453,0.6687104189906988,1.107784491121786,1.0,1.0,1.0,13.800019831035982
NW300_FL320,2022-03-01 00:05:00.000000000,-9.73883020753365,45.592713564836444,9753.6,27448.480002484983,218.97536,0.6738869715136542,1.1164339328405128,1.0,1.0,1.0,13.799990542186567
NW300_FL320,2022-03-01 00:06:00.000000000,-9.68559173693477,45.711108893423734,9753.6,27448.480002484983,218.9701,0.6768207392041858,1.1213409884243812,1.0,1.0,1.0,13.799966575556896
NW300_FL320,2022-03-01 00:07:00.000000000,-9.631942676019541,45.82943851868831,9753.6,27448.480002484983,218.95691,0.6759621116526986,1.1200228386278008,1.0,1.0,1.0,13.800034470564826
NW300_FL320,2022-03-01 00:08:00.000000000,-9.577832641962,45.94769216492699,9753.6,27448.480002484983,218.9417,0.673311284677473,1.1157552042738732,1.0,1.0,1.0,13.800004853679956
NW300_FL320,2022-03-01 00:09:00.000000000,-9.523242741476356,46.0658646319852,9753.6,27448.480002484983,218.91975,0.6551068540780081,1.085762442333839,1.0,1.0,1.0,13.799975174589125
NW300_FL320,2022-03-01 00:10:00.000000000,-9.468138670649463,46.1839481275579,9753.6,27448.480002484983,218.88718,0.6229992658115753,1.0327901378222721,1.0,1.0,1.0,13.799996337513656
NW300_FL320,2022-03-01 00:11:00.000000000,-9.412475134560134,46.30193273606196,9753.6,27448.480002484983,218.83876,0.6008385736633584,0.9964040939878902,1.0,0.0,0.0,13.80002177829723
NW300_FL320,2022-03-01 00:12:00.000000000,-9.356214232217248,46.41980959140651,9753.6,27448.480002484983,218.7669,0.5938784883953828,0.9853789715622807,1.0,0.0,0.0,13.799991978487872
NW300_FL320,2022-03-01 00:13:00.000000000,-9.299331078055891,46.53757207105862,9753.6,27448.480002484983,218.68925,0.5910167154408847,0.9811813428831273,1.0,0.0,0.0,13.79996288903523
NW300_FL320,2022-03-01 00:14:00.000000000,-9.2417896335749,46.65521139046437,9753.6,27448.480002484983,218.59254,0.5987747436511395,0.99475962493575,1.0,0.0,0.0,13.800017586397669
NW300_FL320,2022-03-01 00:15:00.000000000,-9.183533336757865,46.77271458254579,9753.6,27448.480002484983,218.48878,0.6104702213050671,1.0149492719673276,1.0,1.0,1.0,13.800012642606154
NW300_FL320,2022-03-01 00:16:00.000000000,-9.124537269676559,46.8900744241367,9753.6,27448.480002484983,218.40443,0.6196492303464728,1.0308340416202397,1.0,1.0,1.0,13.799983478538548
NW300_FL320,2022-03-01 00:17:00.000000000,-9.06476959695927,47.00728223711839,9753.6,27448.480002484983,218.31544,0.6307205334548497,1.0499247498777748,1.0,1.0,1.0,13.799955874461615
NW300_FL320,2022-03-01 00:18:00.000000000,-9.004192371172094,47.124327917170994,9753.6,27448.480002484983,218.22313,0.6449800762896881,1.0743788942312085,1.0,1.0,1.0,13.800022795812414
NW300_FL320,2022-03-01 00:19:00.000000000,-8.942742331284771,47.241195837621795,9753.6,27448.480002484983,218.1265,0.6588622960619593,1.0982635236837777,1.0,1.0,1.0,13.80000943014113
NW300_FL320,2022-03-01 00:20:00.000000000,-8.880399361758288,47.35787881023055,9753.6,27448.480002484983,218.03827,0.6671559368908366,1.1127878512816523,1.0,1.0,1.0,13.79998144097103
NW300_FL320,2022-03-01 00:21:00.000000000,-8.81712804662872,47.47436632203423,9753.6,27448.480002484983,217.94678,0.6753407409669263,1.1271771559403911,1.0,1.0,1.0,13.799955751288898
NW300_FL320,2022-03-01 00:22:00.000000000,-8.752888484884062,47.59064660231162,9753.6,27448.480002484983,217.84091,0.6790308664383923,1.1341947495058995,1.0,1.0,1.0,13.79999974357544
NW300_FL320,2022-03-01 00:23:00.000000000,-8.687621184744504,47.70670318021615,9753.6,27448.480002484983,217.76433,0.6757474451221313,1.129326464464744,1.0,1.0,1.0,13.800014603485252
NW300_FL320,2022-03-01 00:24:00.000000000,-8.6212916133352,47.822524520353284,9753.6,27448.480002484983,217.69461,0.6723894805740787,1.1242710379960534,1.0,1.0,1.0,13.799987752859257
NW300_FL320,2022-03-01 00:25:00.000000000,-8.553869741791866,47.93809981100981,9753.6,27448.480002484983,217.62843,0.6705412911665498,1.1217071459820487,1.0,1.0,1.0,13.79996366704769
NW300_FL320,2022-03-01 00:26:00.000000000,-8.485313856181833,48.05341525950304,9753.6,27448.480002484983,217.57263,0.6672010171310722,1.1165600637398756,1.0,1.0,1.0,13.799942842235483
NW300_FL320,2022-03-01 00:27:00.000000000,-8.415581801578655,48.16845651097662,9753.6,27448.480002484983,217.53453,0.6560787534512629,1.098243780327077,1.0,1.0,1.0,13.800016914087612
NW300_FL320,2022-03-01 00:28:00.000000000,-8.344603841813232,48.28320205518647,9753.6,27448.480002484983,217.504,0.6418306561946606,1.0746235943672109,1.0,1.0,1.0,13.800004972425114
NW300_FL320,2022-03-01 00:29:00.000000000,-8.272359617391693,48.397641532390416,9753.6,27448.480002484983,217.49303,0.6233577241910537,1.0437778206620592,1.0,1.0,1.0,13.799981440007572
NW300_FL320,2022-03-01 00:30:00.000000000,-8.198809767667017,48.511759680983936,9753.6,27448.480002484983,217.49353,0.6010560462809866,1.0064297858772056,1.0,1.0,1.0,13.799961128930406
NW300_FL320,2022-03-01 00:31:00.000000000,-8.123910851857396,48.62553969747014,9753.6,27448.480002484983,217.54665,0.5846802060582553,0.978641903152709,1.0,0.0,0.0,13.79994434951923
NW300_FL320,2022-03-01 00:32:00.000000000,-8.047619175060253,48.73896411389615,9753.6,27448.480002484983,217.58566,0.5665181546983745,0.9479809775753045,1.0,0.0,0.0,13.799949522704459
NW300_FL320,2022-03-01 00:33:00.000000000,-7.969885434552368,48.85201334557368,9753.6,27448.480002484983,217.69768,0.5623751883603051,0.9402990168569704,1.0,0.0,0.0,13.800014181102688
NW300_FL320,2022-03-01 00:34:00.000000000,-7.890648069563789,48.96466371012504,9753.6,27448.480002484983,217.82228,0.5621962591977286,0.9391691876768858,1.0,0.0,0.0,13.799992650903825
NW300_FL320,2022-03-01 00:35:00.000000000,-7.809886021383044,49.076901625594274,9753.6,27448.480002484983,217.94307,0.5560843291107248,0.9281580010810203,1.0,0.0,0.0,13.799974108707389
NW300_FL320,2022-03-01 00:36:00.000000000,-7.727555347093408,49.1887068387166,9753.6,27448.480002484983,218.05382,0.5500879403100181,0.9174224824048482,1.0,0.0,0.0,13.799958655833514
NW300_FL320,2022-03-01 00:37:00.000000000,-7.643612181951804,49.30005836390617,9753.6,27448.480002484983,218.12091,0.5447833344214793,0.9081401554303895,1.0,0.0,0.0,13.799946336900428
NW300_FL320,2022-03-01 00:38:00.000000000,-7.558012825338964,49.41093447592809,9753.6,27448.480002484983,218.16052,0.536897710621653,0.8947401803112282,1.0,0.0,0.0,13.799937139245799
NW300_FL320,2022-03-01 00:39:00.000000000,-7.470713833585899,49.52131270557739,9753.6,27448.480002484983,218.20866,0.5269857838820075,0.8779175366707144,1.0,0.0,0.0,13.799930993467326
NW300_FL320,2022-03-01 00:40:00.000000000,-7.381672119623329,49.63116983869982,9753.6,27448.480002484983,218.306,0.5024769179941223,0.8365038667376795,1.0,0.0,0.0,13.799935080408797
NW300_FL320,2022-03-01 00:41:00.000000000,-7.290842991180416,49.740481273968314,9753.6,27448.480002484983,218.38167,0.4865418462122786,0.8095350144801552,1.0,0.0,0.0,13.79999350665374
NW300_FL320,2022-03-01 00:42:00.000000000,-7.198169519410879,49.84921753340485,9753.6,27448.480002484983,218.5369,0.44879998563945966,0.7459016241565289,1.0,0.0,0.0,13.799978927303988
NW300_FL320,2022-03-01 00:43:00.000000000,-7.103628498314238,49.95735875096998,9753.6,27448.480002484983,218.66722,0.4150698024978143,0.6891918784197891,1.0,0.0,0.0,13.799966433137888
NW300_FL320,2022-03-01 00:44:00.000000000,-7.0071795140932345,50.06487885572919,9753.6,27448.480002484983,218.77142,0.3804048076158454,0.6311545898546248,1.0,0.0,0.0,13.79995586908043
NW300_FL320,2022-03-01 00:45:00.000000000,-6.9087830925656055,50.171751090152405,9753.6,27448.480002484983,218.88231,0.3393365895154354,0.5625635939944884,1.0,0.0,0.0,13.799947052381834
NW300_FL320,2022-03-01 00:46:00.000000000,-6.808400832996052,50.27794803570585,9753.6,27448.480002484983,218.96918,0.2982893497944859,0.49420113279108896,1.0,0.0,0.0,13.799939778560672
NW300_FL320,2022-03-01 00:47:00.000000000,-6.705995546066805,50.38344164394248,9753.6,27448.480002484983,219.05745,0.2509952700265753,0.4155765173496669,1.0,0.0,0.0,13.799933827852389
NW300_FL320,2022-03-01 00:48:00.000000000,-6.601531395219343,50.48820327332102,9753.6,27448.480002484983,219.16797,0.19882648267556793,0.3289343623658863,1.0,0.0,0.0,13.799928972027583
NW300_FL320,2022-03-01 00:49:00.000000000,-6.494974040497284,50.592203731941304,9753.6,27448.480002484983,219.291,0.1639230199878393,0.2709465216809933,1.0,0.0,0.0,13.799924981403041
NW300_FL320,2022-03-01 00:50:00.000000000,-6.386290783920157,50.69541332633463,9753.6,27448.480002484983,219.45302,0.13170499750360037,0.21743472019882917,1.0,0.0,0.0,13.799921631877607
NW300_FL320,2022-03-01 00:51:00.000000000,-6.2754507153220995,50.797801916390625,9753.6,27448.480002484983,219.58534,0.11293591317852758,0.18626625404039818,1.0,0.0,0.0,13.799918711778243
NW300_FL320,2022-03-01 00:52:00.000000000,-6.162424857501622,50.89933897643868,9753.6,27448.480002484983,219.67868,0.10719058833371921,0.1766687575559088,1.0,0.0,0.0,13.799916028361567
NW300_FL320,2022-03-01 00:53:00.000000000,-6.0471863094495175,50.99999366243146,9753.6,27448.480002484983,219.77576,0.10155548041087159,0.1672606748978797,1.0,0.0,0.0,13.799913413752241
NW300_FL320,2022-03-01 00:54:00.000000000,-5.929710386355748,51.099734885102215,9753.6,27448.480002484983,219.77364,0.10660046512048041,0.17557270822745238,1.0,0.0,0.0,13.799910730138198
NW300_FL320,2022-03-01 00:55:00.000000000,-5.8099747550443395,51.19853138888636,9753.6,27448.480002484983,219.77742,0.10993675968985524,0.18106207734008054,1.0,0.0,0.0,13.799907874076975
NW300_FL320,2022-03-01 00:56:00.000000000,-5.687959563450105,51.296351836313654,9753.6,27448.480002484983,219.76984,0.11085869811513932,0.18259099309981242,1.0,0.0,0.0,13.79990477972228
NW300_FL320,2022-03-01 00:57:00.000000000,-5.56364756273571,51.39316489749046,9753.6,27448.480002484983,219.74014,0.10957405546289503,0.18051479907570264,1.0,0.0,0.0,13.799901420893251
NW300_FL320,2022-03-01 00:58:00.000000000,-5.4370242206528845,51.48893934420452,9753.6,27448.480002484983,219.70572,0.1069958911012444,0.17631210793598345,1.0,0.0,0.0,13.799897811846515
NW300_FL320,2022-03-01 00:59:00.000000000,-5.308077824779514,51.583644148098536,9753.6,27448.480002484983,219.65251,0.10954324627136172,0.18058129525096336,1.0,0.0,0.0,13.799894006728076
NW300_FL320,2022-03-01 01:00:00.000000000,-5.176799574316013,51.67724858227623,9753.6,27448.480002484983,219.57007,0.11400220553471857,0.18804614630139038,1.0,0.0,0.0,13.799890097668875
NW300_FL320,2022-03-01 01:01:00.000000000,-5.043183659200432,51.76972232562682,9753.6,27448.480002484983,219.46672,0.12167759889006623,0.20085939042538367,1.0,0.0,0.0,13.799886211544619
NW300_FL320,2022-03-01 01:02:00.000000000,-4.907227325401263,51.8610355690834,9753.6,27448.480002484983,219.36699,0.13399301389952858,0.22135147674436895,1.0,0.0,0.0,13.799882505488926
NW300_FL320,2022-03-01 01:03:00.000000000,-4.768930925370678,51.95115912296934,9753.6,27448.480002484983,219.2565,0.1491825081845447,0.24664477110877356,1.0,0.0,0.0,13.799879161238978
NW300_FL320,2022-03-01 01:04:00.000000000,-4.628297952786058,52.04006452453659,9753.6,27448.480002484983,219.14635,0.1652010268040661,0.2733481816603864,1.0,0.0,0.0,13.79987637850337
NW300_FL320,2022-03-01 01:05:00.000000000,-4.485335060872928,52.127724144762055,9753.6,27448.480002484983,219.0638,0.17741319866522395,0.2937323479085088,1.0,0.0,0.0,13.799874367506506
NW300_FL320,2022-03-01 01:06:00.000000000,-4.340052063785224,52.214111293444496,9753.6,27448.480002484983,218.97217,0.191970756303442,0.3180472599035942,1.0,0.0,0.0,13.799875260345667
NW300_FL320,2022-03-01 01:07:00.000000000,-4.192461576710146,52.299200123019176,9753.6,27448.480002484983,218.91026,0.20454826694891456,0.33903790378507725,1.0,0.0,0.0,13.799958362399373
NW300_FL320,2022-03-01 01:08:00.000000000,-4.042565505808821,52.382957721133714,9753.6,27448.480002484983,218.86984,0.21534780337779144,0.35704274065894603,1.0,0.0,0.0,13.79994634307932
NW300_FL320,2022-03-01 01:09:00.000000000,-3.8903976137133776,52.4653690353782,9753.6,27448.480002484983,218.80057,0.23392477960179286,0.3880386682361127,1.0,0.0,0.0,13.799934758524605
NW300_FL320,2022-03-01 01:10:00.000000000,-3.7359801900362437,52.5464122011229,9753.6,27448.480002484983,218.74365,0.2506240729568283,0.4159110515639439,1.0,0.0,0.0,13.799923893437573
NW300_FL320,2022-03-01 01:11:00.000000000,-3.5793384277428935,52.62606676530347,9753.6,27448.480002484983,218.7092,0.2636880671735162,0.4377013085775417,1.0,0.0,0.0,13.799914005702364
NW300_FL320,2022-03-01 01:12:00.000000000,-3.420500321548006,52.70431376094036,9753.6,27448.480002484983,218.67307,0.27323879361393844,0.4536726915202917,1.0,0.0,0.0,13.799905318758915
NW300_FL320,2022-03-01 01:13:00.000000000,-3.2594965516209413,52.78113577383572,9753.6,27448.480002484983,218.64215,0.27654667204984673,0.45926810767883974,1.0,0.0,0.0,13.799898015093248
NW300_FL320,2022-03-01 01:14:00.000000000,-3.0963603537213,52.85651700087687,9753.6,27448.480002484983,218.6181,0.272768458425306,0.4530730685070177,1.0,0.0,0.0,13.799892231080968
NW300_FL320,2022-03-01 01:15:00.000000000,-2.93112737703906,52.93044329948208,9753.6,27448.480002484983,218.5802,0.2723066850418411,0.4524299109712327,1.0,0.0,0.0,13.79988805331851
NW300_FL320,2022-03-01 01:16:00.000000000,-2.7638355311439367,53.00290222783783,9753.6,27448.480002484983,218.52101,0.2726859495233356,0.4532541302937042,1.0,0.0,0.0,13.799885516550193
NW300_FL320,2022-03-01 01:17:00.000000000,-2.594524823554262,53.07388307569488,9753.6,27448.480002484983,218.46886,0.2819002446217324,0.46874658207987707,1.0,0.0,0.0,13.799884603266875
NW300_FL320,2022-03-01 01:18:00.000000000,-2.4232371895126836,53.14337688560977,9753.6,27448.480002484983,218.39333,0.2942596917864431,0.48956450061724666,1.0,0.0,0.0,13.799885244947372
NW300_FL320,2022-03-01 01:19:00.000000000,-2.250016315606625,53.21137646463753,9753.6,27448.480002484983,218.29294,0.30933367036446113,0.5150152844114564,1.0,0.0,0.0,13.799887324900999
NW300_FL320,2022-03-01 01:20:00.000000000,-2.0749074588928185,53.277876386596866,9753.6,27448.480002484983,218.19,0.3416987542802366,0.5693201157816605,1.0,0.0,0.0,13.799890682600761
NW300_FL320,2022-03-01 01:21:00.000000000,-1.8979572631798203,53.34287298513899,9753.6,27448.480002484983,218.10486,0.368942863907181,0.6150874040294539,1.0,0.0,0.0,13.799895119344866
NW300_FL320,2022-03-01 01:22:00.000000000,-1.719213574090673,53.406364337953896,9753.6,27448.480002484983,218.01672,0.39177917983985533,0.6535723550308116,1.0,0.0,0.0,13.799900405062836
NW300_FL320,2022-03-01 01:23:00.000000000,-1.538725254472115,53.46835024254097,9753.6,27448.480002484983,217.92526,0.4097574945781874,0.6840103233105435,1.0,0.0,0.0,13.79990628602072
NW300_FL320,2022-03-01 01:24:00.000000000,-1.356542001638573,53.52883218405242,9753.6,27448.480002484983,217.83789,0.4263386755372475,0.7121336107945949,1.0,0.0,0.0,13.79991249319038
NW300_FL320,2022-03-01 01:25:00.000000000,-1.172714167843412,53.58781329578929,9753.6,27448.480002484983,217.776,0.439598011880052,0.734604858632028,1.0,0.0,0.0,13.799918750991056
NW300_FL320,2022-03-01 01:26:00.000000000,-0.9872925852565602,53.64529831298643,9753.6,27448.480002484983,217.6933,0.4579672451188279,0.7657505076886089,1.0,0.0,0.0,13.799924786167315
NW300_FL320,2022-03-01 01:27:00.000000000,-0.800328396603329,53.7012935205683,9753.6,27448.480002484983,217.62009,0.47711672140285966,0.7981861120464387,1.0,0.0,0.0,13.79993033648061
NW300_FL320,2022-03-01 01:28:00.000000000,-0.6118728924847379,53.75580669558846,9753.6,27448.480002484983,217.54872,0.5020604044110843,0.8403413839724658,1.0,0.0,0.0,13.799935159022626
NW300_FL320,2022-03-01 01:29:00.000000000,-0.42197735625945404,53.80884704508488,9753.6,27448.480002484983,217.53899,0.5138333723677956,0.8601042118465183,1.0,0.0,0.0,13.799939037850189
NW300_FL320,2022-03-01 01:30:00.000000000,-0.23069291722504956,53.86042514008997,9753.6,27448.480002484983,217.53223,0.5212993465667621,0.872644868537172,1.0,0.0,0.0,13.79994179078318
NW300_FL320,2022-03-01 01:31:00.000000000,-0.03807041269302599,53.910552846529505,9753.6,27448.480002484983,217.51392,0.5347652804915763,0.8953025002884405,1.0,0.0,0.0,13.799943275155096
NW300_FL320,2022-03-01 01:32:00.000000000,0.1558397405871601,53.95924325373014,9753.6,27448.480002484983,217.52266,0.5437277023193792,0.9102498050890011,1.0,0.0,0.0,13.799943392385876
NW300_FL320,2022-03-01 01:33:00.000000000,0.35098766533486897,54.00651060123104,9753.6,27448.480002484983,217.52408,0.5582453387127445,0.9345450127195503,1.0,0.0,0.0,13.799942091276058
NW300_FL320,2022-03-01 01:34:00.000000000,0.5473241327828376,54.05237020456364,9753.6,27448.480002484983,217.52487,0.5746712153724394,0.9620392195491951,1.0,0.0,0.0,13.799939369947783
NW300_FL320,2022-03-01 01:35:00.000000000,0.7448006617853401,54.09683838062501,9753.6,27448.480002484983,217.53046,0.5846463092646718,0.9786978225720682,1.0,0.0,0.0,13.79993527641069
NW300_FL320,2022-03-01 01:36:00.000000000,0.943369608024376,54.139932373227055,9753.6,27448.480002484983,217.52264,0.5909091855542054,0.9892375664735354,1.0,0.0,0.0,13.799929907760507
NW300_FL320,2022-03-01 01:37:00.000000000,1.142984243446075,54.18167027935618,9753.6,27448.480002484983,217.5064,0.6013043815428041,1.0067544352171536,1.0,1.0,1.0,13.799923408062723
NW300_FL320,2022-03-01 01:38:00.000000000,1.3435988261461758,54.22207097662803,9753.6,27448.480002484983,217.48703,0.6178465363517658,1.0345925083938847,1.0,1.0,1.0,13.799915964977409
NW300_FL320,2022-03-01 01:39:00.000000000,1.545168660997899,54.26115405237014,9753.6,27448.480002484983,217.46596,0.6355324539542276,1.0643655183706797,1.0,1.0,1.0,13.799907805259913
NW300_FL320,2022-03-01 01:40:00.000000000,1.7476501513793214,54.298939734713336,9753.6,27448.480002484983,217.44682,0.652186019795584,1.0924068162686527,1.0,1.0,1.0,13.799905225618216
NW300_FL320,2022-03-01 01:41:00.000000000,1.951001321706038,54.3354480988425,9753.6,27448.480002484983,217.43312,0.6591367018954457,1.1041543974056176,1.0,1.0,1.0,13.80003550067695
NW300_FL320,2022-03-01 01:42:00.000000000,2.1551912888926434,54.370684072582705,9753.6,27448.480002484983,217.41925,0.6640825777662682,1.1125504754270694,1.0,1.0,1.0,13.80001194060027
NW300_FL320,2022-03-01 01:43:00.000000000,2.3601687814981553,54.404685818447064,9753.6,27448.480002484983,217.42593,0.6727863199679786,1.1270767366881356,1.0,1.0,1.0,13.799988050689471
NW300_FL320,2022-03-01 01:44:00.000000000,2.5658948749977406,54.43747558046449,9753.6,27448.480002484983,217.45888,0.6828441599737488,1.1436593256859546,1.0,1.0,1.0,13.799964294443889
NW300_FL320,2022-03-01 01:45:00.000000000,2.772331890772268,54.46907594249486,9753.6,27448.480002484983,217.51538,0.6872851964883934,1.1506359137174007,1.0,1.0,1.0,13.79994113566568
NW300_FL320,2022-03-01 01:46:00.000000000,2.9794434044374127,54.49950977601977,9753.6,27448.480002484983,217.60916,0.6750008380919695,1.129321763065907,1.0,1.0,1.0,13.799919029035573
NW300_FL320,2022-03-01 01:47:00.000000000,3.1871942485890172,54.528800191289015,9753.6,27448.480002484983,217.71696,0.6643476539195009,1.1106459342306918,1.0,1.0,1.0,13.799903858262315
NW300_FL320,2022-03-01 01:48:00.000000000,3.395550879759554,54.55696978407656,9753.6,27448.480002484983,217.79155,0.6691617182125412,1.1181046406178794,1.0,1.0,1.0,13.800055039082034
NW300_FL320,2022-03-01 01:49:00.000000000,3.604491615359623,54.58402008165235,9753.6,27448.480002484983,217.84604,0.6833081440305443,1.141295833067908,1.0,1.0,1.0,13.800015441936033
NW300_FL320,2022-03-01 01:50:00.000000000,3.8139728517228146,54.60999719041869,9753.6,27448.480002484983,217.87573,0.6987537844305537,1.1668456106091454,1.0,1.0,1.0,13.799978645815921
NW300_FL320,2022-03-01 01:51:00.000000000,4.023964354506401,54.63492486350083,9753.6,27448.480002484983,217.86516,0.7074643067771933,1.1814832731140827,1.0,1.0,1.0,13.799945081809751
NW300_FL320,2022-03-01 01:52:00.000000000,4.234437101686992,54.658826899104795,9753.6,27448.480002484983,217.86925,0.7034366035309665,1.1747222952720657,1.0,1.0,1.0,13.799915120264668
NW300_FL320,2022-03-01 01:53:00.000000000,4.445363262970964,54.68172711119074,9753.6,27448.480002484983,217.93587,0.630268978096766,1.0520332909794754,1.0,1.0,1.0,13.800015788586125
NW300_FL320,2022-03-01 01:54:00.000000000,4.65672372489985,54.70363128764721,9753.6,27448.480002484983,218.0159,0.5742515845550694,0.957982106566365,1.0,0.0,0.0,13.800026752290783
NW300_FL320,2022-03-01 01:55:00.000000000,4.868487720428609,54.7245739875963,9753.6,27448.480002484983,218.09972,0.5398271589151017,0.900013754404574,1.0,0.0,0.0,13.799983572061933
NW300_FL320,2022-03-01 01:56:00.000000000,5.080627538644073,54.74458663851475,9753.6,27448.480002484983,218.16585,0.519628710392623,0.8659291464829756,1.0,0.0,0.0,13.799945817559948
NW300_FL320,2022-03-01 01:57:00.000000000,5.293119881497206,54.763692990803875,9753.6,27448.480002484983,218.1855,0.5187737978254223,0.8643823696812223,1.0,0.0,0.0,13.799938516635832
NW300_FL320,2022-03-01 01:58:00.000000000,5.505943868646182,54.78191294381553,9753.6,27448.480002484983,218.13556,0.5461332365157655,0.9102950412684788,1.0,0.0,0.0,13.800050656767903
NW300_FL320,2022-03-01 01:59:00.000000000,5.719084419011531,54.79925175731836,9753.6,27448.480002484983,218.06288,0.5708393296866161,0.9519709035000363,1.0,0.0,0.0,13.800003204209666
NW300_FL320,2022-03-01 02:00:00.000000000,5.932512825652237,54.81575578710652,9753.6,27448.480002484983,217.98848,0.5916917491073963,0.9872692704639346,1.0,0.0,0.0,13.799962666862402
NW300_FL320,2022-03-01 02:01:00.000000000,6.1462099113233615,54.83144846222197,9753.6,27448.480002484983,217.95358,0.6131551663054234,1.023337146458339,1.0,1.0,1.0,13.799932359184918
NW300_FL320,2022-03-01 02:02:00.000000000,6.3601576187555455,54.846352522537195,9753.6,27448.480002484983,217.9523,0.6341975813203162,1.0584651700820988,1.0,1.0,1.0,13.800051701259331
NW300_FL320,2022-03-01 02:03:00.000000000,6.574345601833692,54.860467055141825,9753.6,27448.480002484983,217.97884,0.6631388347777306,1.1065588074791077,1.0,1.0,1.0,13.80000554177809
NW300_FL320,2022-03-01 02:04:00.000000000,6.788749289172524,54.87384091232076,9753.6,27448.480002484983,218.034,0.7125953800422361,1.188616783592776,1.0,1.0,1.0,13.799967129490193
NW300_FL320,2022-03-01 02:05:00.000000000,7.0033531669792195,54.88649708306962,9753.6,27448.480002484983,218.10516,0.7670956659688444,1.278870992564775,1.0,1.0,1.0,13.799960623388825
NW300_FL320,2022-03-01 02:06:00.000000000,7.218143656439326,54.89845407593597,9753.6,27448.480002484983,218.19562,0.7184877167399482,1.1970601134075989,1.0,1.0,1.0,13.8000381484042
NW300_FL320,2022-03-01 02:07:00.000000000,7.433110284466571,54.90971982486474,9753.6,27448.480002484983,218.2906,0.662280874564316,1.1026620352639218,1.0,1.0,1.0,13.799997707739267
NW300_FL320,2022-03-01 02:08:00.000000000,7.648234507949747,54.92033751497244,9753.6,27448.480002484983,218.40744,0.5856577211196411,0.9742672600761705,1.0,0.0,0.0,13.799965046205028
NW300_FL320,2022-03-01 02:09:00.000000000,7.863504016276233,54.93032968835278,9753.6,27448.480002484983,218.5326,0.530497331302537,0.8817101470702107,1.0,0.0,0.0,13.799998359184581
NW300_FL320,2022-03-01 02:10:00.000000000,8.078909613694025,54.93970734956771,9753.6,27448.480002484983,218.65698,0.4834660505365016,0.8028188019327351,1.0,0.0,0.0,13.800019524346945
NW300_FL320,2022-03-01 02:11:00.000000000,8.294439602046854,54.94849485749177,9753.6,27448.480002484983,218.78088,0.4448690933350527,0.7380634696673335,1.0,0.0,0.0,13.799987344744515
NW300_FL320,2022-03-01 02:12:00.000000000,8.51008135994762,54.95672549342708,9753.6,27448.480002484983,218.89836,0.4106576222502262,0.6807226197708635,1.0,0.0,0.0,13.799962217577544
NW300_FL320,2022-03-01 02:13:00.000000000,8.725825342473327,54.96442143190606,9753.6,27448.480002484983,218.99332,0.3912502668819457,0.6481025309063326,1.0,0.0,0.0,13.800030591944905
NW300_FL320,2022-03-01 02:14:00.000000000,8.941665815844612,54.97158610280672,9753.6,27448.480002484983,219.07819,0.3754880531251232,0.6216074260788337,1.0,0.0,0.0,13.800003074592663
NW300_FL320,2022-03-01 02:15:00.000000000,9.157590658160426,54.97826150894907,9753.6,27448.480002484983,219.14764,0.3633853526723632,0.6012656722981314,1.0,0.0,0.0,13.799979693093027
NW300_FL320,2022-03-01 02:16:00.000000000,9.373592057318856,54.984470163858454,9753.6,27448.480002484983,219.20143,0.3531313488077024,0.5840692008219625,1.0,0.0,0.0,13.799998894018712
NW300_FL320,2022-03-01 02:17:00.000000000,9.58966406355943,54.990225655978996,9753.6,27448.480002484983,219.23828,0.34438373901879243,0.5694480706490624,1.0,0.0,0.0,13.800013114578606
NW300_FL320,2022-03-01 02:18:00.000000000,9.805799607243536,54.995551318891,9753.6,27448.480002484983,219.2634,0.3363905247436314,0.5561278761355803,1.0,0.0,0.0,12.396422411584279
NW300_FL320,2022-03-01 02:18:53.897617080,9.999999999999996,55.0,9753.6,27448.480002484983,219.28717,0.32817801267180163,0.5424551136187652,1.0,0.0,0.0,0.0
SE300_FL330,2022-03-01 00:00:00.000000000,-10.000000000000002,45.00000000000001,10058.4,26200.382022635047,216.48128,0.7666209321820323,1.2927888186975633,1.0,1.0,1.0,13.800115027908165
SE300_FL330,2022-03-01 00:01:00.000000000,-9.832634228109365,45.0374989777726,10058.4,26200.382022635047,216.5359,0.7760237654347285,1.3081492463982294,1.0,1.0,1.0,13.800020549916326
SE300_FL330,2022-03-01 00:02:00.000000000,-9.665061957945106,45.074778023133646,10058.4,26200.382022635047,216.60646,0.7889886319037028,1.3293516169798012,1.0,1.0,1.0,13.799927543731021
SE300_FL330,2022-03-01 00:03:00.000000000,-9.497293172355167,45.111857647020635,10058.4,26200.382022635047,216.68642,0.8044545281083816,1.3546590629395665,1.0,1.0,1.0,13.800010362739226
SE300_FL330,2022-03-01 00:04:00.000000000,-9.329333869699752,45.148755048499964,10058.4,26200.382022635047,216.75926,0.8190204887129947,1.3784879053688524,1.0,1.0,1.0,13.8000625389665
SE300_FL330,2022-03-01 00:05:00.000000000,-9.161195059406664,45.18549293097829,10058.4,26200.382022635047,216.82611,0.8321650769274717,1.399960569992839,1.0,1.0,1.0,13.799971646306037
SE300_FL330,2022-03-01 00:06:00.000000000,-8.992889620285059,45.222095268527376,10058.4,26200.382022635047,216.88116,0.8476999905962254,1.4255442136102252,1.0,1.0,1.0,13.799899873840282
SE300_FL330,2022-03-01 00:07:00.000000000,-8.824426642306625,45.25858271091628,10058.4,26200.382022635047,216.9255,0.8445390644666241,1.4197885830965247,1.0,1.0,1.0,13.800105239252431
SE300_FL330,2022-03-01 00:08:00.000000000,-8.65581080706178,45.2949740113112,10058.4,26200.382022635047,216.9867,0.8220302871166355,1.38135420807524,1.0,1.0,1.0,13.80001760658135
SE300_FL330,2022-03-01 00:09:00.000000000,-8.487057177228046,45.3312945416673,10058.4,26200.382022635047,217.03772,0.7991755679990161,1.3424699238228848,1.0,1.0,1.0,13.79993231818943
SE300_FL330,2022-03-01 00:10:00.000000000,-8.31817494269894,45.36756551489382,10058.4,26200.382022635047,217.07793,0.77941212801421,1.3089016390856412,1.0,1.0,1.0,13.799993838825486
SE300_FL330,2022-03-01 00:11:00.000000000,-8.149171301625014,45.4038082101483,10058.4,26200.382022635047,217.11865,0.7579795275851658,1.272545360541172,1.0,1.0,1.0,13.80006634186223
SE300_FL330,2022-03-01 00:12:00.000000000,-7.980055881015995,45.44004548033964,10058.4,26200.382022635047,217.15828,0.7383862824628898,1.2393047623545963,1.0,1.0,1.0,13.799985579438726
SE300_FL330,2022-03-01 00:13:00.000000000,-7.81084018030542,45.47629954581915,10058.4,26200.382022635047,217.17381,0.738575557407374,1.2394876699790682,1.0,1.0,1.0,13.799907812990368
SE300_FL330,2022-03-01 00:14:00.000000000,-7.64153340621131,45.51259224345501,10058.4,26200.382022635047,217.20378,0.7328112325620874,1.2295555773867668,1.0,1.0,1.0,13.80005343805641
SE300_FL330,2022-03-01 00:15:00.000000000,-7.472142889633564,45.54894792999821,10058.4,26200.382022635047,217.24408,0.7257912874537777,1.2174332300062047,1.0,1.0,1.0,13.800042769194542
SE300_FL330,2022-03-01 00:16:00.000000000,-7.30268005570596,45.58538865893594,10058.4,26200.382022635047,217.30211,0.7367261780400094,1.2352692283218207,1.0,1.0,1.0,13.799970371522296
SE300_FL330,2022-03-01 00:17:00.000000000,-7.133155014811902,45.621936316925805,10058.4,26200.382022635047,217.37355,0.7444359732503744,1.2475670017604619,1.0,1.0,1.0,13.799901682232836
SE300_FL330,2022-03-01 00:18:00.000000000,-6.963577350434745,45.65861348889645,10058.4,26200.382022635047,217.44669,0.7528109447837429,1.2609517489471878,1.0,1.0,1.0,13.800065477575464
SE300_FL330,2022-03-01 00:19:00.000000000,-6.793955919788455,45.69544792952469,10058.4,26200.382022635047,217.52771,0.7605510519003732,1.273185809313259,1.0,1.0,1.0,13.80003693342804
SE300_FL330,2022-03-01 00:20:00.000000000,-6.62430206827496,45.732459891422764,10058.4,26200.382022635047,217.59145,0.7710493939501981,1.2901779840897412,1.0,1.0,1.0,13.799973816594894
SE300_FL330,2022-03-01 00:21:00.000000000,-6.454626108496878,45.76967183596835,10058.4,26200.382022635047,217.64645,0.7788419171119229,1.302709105614765,1.0,1.0,1.0,13.79991501954183
SE300_FL330,2022-03-01 00:22:00.000000000,-6.284938381864701,45.807107160064675,10058.4,26200.382022635047,217.68079,0.7867165689136081,1.3155583759789984,1.0,1.0,1.0,13.80001310806428
SE300_FL330,2022-03-01 00:23:00.000000000,-6.1152496770827875,45.84479442806904,10058.4,26200.382022635047,217.71832,0.7886208043107695,1.3183956854994425,1.0,1.0,1.0,13.80004905320983
SE300_FL330,2022-03-01 00:24:00.000000000,-5.945571349662257,45.8827565001216,10058.4,26200.382022635047,217.75238,0.7861085215912041,1.313877041676728,1.0,1.0,1.0,13.799995207272767
SE300_FL330,2022-03-01 00:25:00.000000000,-5.775914582343945,45.92101460539857,10058.4,26200.382022635047,217.7706,0.7795992891360881,1.302824117535317,1.0,1.0,1.0,13.799946018066104
SE300_FL330,2022-03-01 00:26:00.000000000,-5.606290874535937,45.959592928785845,10058.4,26200.382022635047,217.7825,0.7653115952562437,1.2788400073127708,1.0,1.0,1.0,13.799901826521442
SE300_FL330,2022-03-01 00:27:00.000000000,-5.436712081951,45.99851585627959,10058.4,26200.382022635047,217.79039,0.750360413417177,1.253787068937,1.0,1.0,1.0,13.800049850384529
SE300_FL330,2022-03-01 00:28:00.000000000,-5.267191966322243,46.03781647078147,10058.4,26200.382022635047,217.77818,0.7347737284025888,1.227847567281219,1.0,1.0,1.0,13.800031588333269
SE300_FL330,2022-03-01 00:29:00.000000000,-5.097742422824589,46.07751300401981,10058.4,26200.382022635047,217.74687,0.722768049025299,1.2080575382702476,1.0,1.0,1.0,13.799990478669388
SE300_FL330,2022-03-01 00:30:00.000000000,-4.92837633795386,46.11762914151849,10058.4,26200.382022635047,217.71211,0.7093848350471423,1.1859826538062006,1.0,1.0,1.0,13.7999541838252
SE300_FL330,2022-03-01 00:31:00.000000000,-4.759107233713054,46.158189859635726,10058.4,26200.382022635047,217.67699,0.6914941006048043,1.1563605546622056,1.0,1.0,1.0,13.799922890616976
SE300_FL330,2022-03-01 00:32:00.000000000,-4.589949114555786,46.19922026051813,10058.4,26200.382022635047,217.6439,0.659760578984518,1.1035505880003833,1.0,1.0,1.0,13.799929959565615
SE300_FL330,2022-03-01 00:33:00.000000000,-4.420917005638568,46.24074744997757,10058.4,26200.382022635047,217.5953,0.6359329123849982,1.064062823477715,1.0,1.0,1.0,13.800043955541087
SE300_FL330,2022-03-01 00:34:00.000000000,-4.252027880874641,46.28280309951133,10058.4,26200.382022635047,217.52223,0.6174192222193403,1.0336212625859038,1.0,1.0,1.0,13.80001263583261
SE300_FL330,2022-03-01 00:35:00.000000000,-4.083295312513981,46.32540456469928,10058.4,26200.382022635047,217.44664,0.6039859374703632,1.0116714982548223,1.0,1.0,1.0,13.79998555573942
SE300_FL330,2022-03-01 00:36:00.000000000,-3.914735435139302,46.3685770941835,10058.4,26200.382022635047,217.36873,0.593878600166793,0.9952897332940067,1.0,0.0,0.0,13.799962706248108
SE300_FL330,2022-03-01 00:37:00.000000000,-3.7463649709978815,46.41234591653959,10058.4,26200.382022635047,217.2905,0.5881383530731982,0.9862130226798347,1.0,0.0,0.0,13.799944029141807
SE300_FL330,2022-03-01 00:38:00.000000000,-3.578201246424688,46.45673620162743,10058.4,26200.382022635047,217.22806,0.6150970227022601,1.0318715849308309,1.0,1.0,1.0,13.799929415534166
SE300_FL330,2022-03-01 00:39:00.000000000,-3.41026220591334,46.50177301855226,10058.4,26200.382022635047,217.17009,0.6425012385882833,1.0782817981872426,1.0,1.0,1.0,13.79991870565744
SE300_FL330,2022-03-01 00:40:00.000000000,-3.2425664234872786,46.54748129024899,10058.4,26200.382022635047,217.11647,0.6610674397054169,1.1098612997159745,1.0,1.0,1.0,13.799922852412047
SE300_FL330,2022-03-01 00:41:00.000000000,-3.0751334306903266,46.59388656047466,10058.4,26200.382022635047,217.07645,0.662612575764962,1.1127702579937915,1.0,1.0,1.0,13.800008407530912
SE300_FL330,2022-03-01 00:42:00.000000000,-2.907985546322268,46.641019270999685,10058.4,26200.382022635047,217.05286,0.6620928227055503,1.1120788470781862,1.0,1.0,1.0,13.79999152577942
SE300_FL330,2022-03-01 00:43:00.000000000,-2.74114057917694,46.68889649733604,10058.4,26200.382022635047,217.03596,0.6599180407847739,1.108557624152433,1.0,1.0,1.0,13.799977274791766
SE300_FL330,2022-03-01 00:44:00.000000000,-2.5746196225871447,46.73754198383629,10058.4,26200.382022635047,217.04037,0.6608465395319884,1.1100821438869415,1.0,1.0,1.0,13.799965416219916
SE300_FL330,2022-03-01 00:45:00.000000000,-2.4084444011529893,46.78697905887585,10058.4,26200.382022635047,217.05028,0.6634653370230874,1.1144040247407663,1.0,1.0,1.0,13.799955690405685
SE300_FL330,2022-03-01 00:46:00.000000000,-2.24263725835525,46.83723057208739,10058.4,26200.382022635047,217.05978,0.6674650165231565,1.1210487749788969,1.0,1.0,1.0,13.799947822412035
SE300_FL330,2022-03-01 00:47:00.000000000,-2.077221138921509,46.88831882936984,10058.4,26200.382022635047,217.0728,0.6737885226532934,1.1315652015212367,1.0,1.0,1.0,13.799941528604728
SE300_FL330,2022-03-01 00:48:00.000000000,-1.9122195656143586,46.94026552601405,10058.4,26200.382022635047,217.0667,0.6843335676387378,1.1493239919768787,1.0,1.0,1.0,13.799936523592704
SE300_FL330,2022-03-01 00:49:00.000000000,-1.747656610142675,46.99309167833649,10058.4,26200.382022635047,217.04689,0.7010241291382348,1.1775170073583288,1.0,1.0,1.0,13.799932527317191
SE300_FL330,2022-03-01 00:50:00.000000000,-1.5835568579366146,47.046817554258936,10058.4,26200.382022635047,217.03932,0.7196914242692123,1.2089422944236774,1.0,1.0,1.0,13.799929272076493
SE300_FL330,2022-03-01 00:51:00.000000000,-1.41994536657518,47.10146260331857,10058.4,26200.382022635047,217.0348,0.7397538356691572,1.2426785983037045,1.0,1.0,1.0,13.799926509251202
SE300_FL330,2022-03-01 00:52:00.000000000,-1.2568476177121715,47.15704538663485,10058.4,26200.382022635047,217.03679,0.7632928321757257,1.282202297912182,1.0,1.0,1.0,13.799924015512413
SE300_FL330,2022-03-01 00:53:00.000000000,-1.0942894624114776,47.21358350739827,10058.4,26200.382022635047,217.05956,0.75867127477224,1.2742369088312677,1.0,1.0,1.0,13.799921598299676
SE300_FL330,2022-03-01 00:54:00.000000000,-0.9322970598757382,47.27109354247939,10058.4,26200.382022635047,217.08002,0.747641112218763,1.255528039661905,1.0,1.0,1.0,13.799919100366923
SE300_FL330,2022-03-01 00:55:00.000000000,-0.7708968096326502,47.329590975783,10058.4,26200.382022635047,217.09576,0.7239246695312455,1.2155679702732884,1.0,1.0,1.0,13.799916403229442
SE300_FL330,2022-03-01 00:56:00.000000000,-0.6101152773294826,47.38909013399148,10058.4,26200.382022635047,217.08751,0.675079671416072,1.1336153046172162,1.0,1.0,1.0,13.79991342938298
SE300_FL330,2022-03-01 00:57:00.000000000,-0.4499791143776922,47.44960412535214,10058.4,26200.382022635047,217.0681,0.6360343070759714,1.0681951628860267,1.0,1.0,1.0,13.79991014318596
SE300_FL330,2022-03-01 00:58:00.000000000,-0.2905149717839815,47.51114478216384,10058.4,26200.382022635047,217.02097,0.615932633818049,1.034777322117871,1.0,1.0,1.0,13.799906550367
SE300_FL330,2022-03-01 00:59:00.000000000,-0.1317494086006752,47.57372260760951,10058.4,26200.382022635047,216.96568,0.6184102372752803,1.039343041826026,1.0,1.0,1.0,13.799902696148978
SE300_FL330,2022-03-01 01:00:00.000000000,0.026291204476382772,47.63734672756016,10058.4,26200.382022635047,216.90132,0.6316666200020356,1.0621003478650135,1.0,1.0,1.0,13.799898662049376
SE300_FL330,2022-03-01 01:01:00.000000000,0.1835807857402945,47.702024847945545,10058.4,26200.382022635047,216.7961,0.6746409565608877,1.1351929370572658,1.0,1.0,1.0,13.799894561448786
SE300_FL330,2022-03-01 01:02:00.000000000,0.3400936466257237,47.767763218243296,10058.4,26200.382022635047,216.70113,0.7041314317406355,1.1855993526024224,1.0,1.0,1.0,13.799890534083259
SE300_FL330,2022-03-01 01:03:00.000000000,0.4958045985892688,47.834566601585344,10058.4,26200.382022635047,216.61787,0.7149117510615159,1.2044497503469311,1.0,1.0,1.0,13.799886739660096
SE300_FL330,2022-03-01 01:04:00.000000000,0.6506890618532523,47.90243825191635,10058.4,26200.382022635047,216.54875,0.7406526511179071,1.2484141803049382,1.0,1.0,1.0,13.799883350808148
SE300_FL330,2022-03-01 01:05:00.000000000,0.8047231750871445,47.97137989856527,10058.4,26200.382022635047,216.49121,0.7549663386337911,1.2730484952205006,1.0,1.0,1.0,13.799880545640207
SE300_FL330,2022-03-01 01:06:00.000000000,0.9578839050532617,48.04139173850947,10058.4,26200.382022635047,216.45207,0.7595606528780297,1.2811435889839669,1.0,1.0,1.0,13.799880297337754
SE300_FL330,2022-03-01 01:07:00.000000000,1.1101490175689515,48.11247259658721,10058.4,26200.382022635047,216.41801,0.759023889386939,1.2805378701423633,1.0,1.0,1.0,13.799955765457092
SE300_FL330,2022-03-01 01:08:00.000000000,1.2614916109520389,48.18462623408982,10058.4,26200.382022635047,216.384,0.7653524835706981,1.291520359211732,1.0,1.0,1.0,13.799946076537669
SE300_FL330,2022-03-01 01:09:00.000000000,1.4118974565169005,48.25784150407756,10058.4,26200.382022635047,216.34956,0.7500153727663879,1.2659397184906962,1.0,1.0,1.0,13.799936769163452
SE300_FL330,2022-03-01 01:10:00.000000000,1.5613479605795775,48.33211247748483,10058.4,26200.382022635047,216.32277,0.7346108598586503,1.240168414960401,1.0,1.0,1.0,13.799928078960882
SE300_FL330,2022-03-01 01:11:00.000000000,1.7098258754552036,48.40743177483138,10058.4,26200.382022635047,216.29857,0.7208151923444043,1.2170811251746303,1.0,1.0,1.0,13.799920213907653
SE300_FL330,2022-03-01 01:12:00.000000000,1.8573153869251047,48.48379060616857,10058.4,26200.382022635047,216.27318,0.7045827546628781,1.189882781406608,1.0,1.0,1.0,13.799913349084349
SE300_FL330,2022-03-01 01:13:00.000000000,2.00380219478423,48.561178817972646,10058.4,26200.382022635047,216.2504,0.6864925388216078,1.159514054778951,1.0,1.0,1.0,13.799907622724088
SE300_FL330,2022-03-01 01:14:00.000000000,2.1492735857235448,48.63958494650445,10058.4,26200.382022635047,216.27934,0.6713633473313593,1.1337343540896794,1.0,1.0,1.0,13.79990313363142
SE300_FL330,2022-03-01 01:15:00.000000000,2.2937184979011707,48.71899627708127,10058.4,26200.382022635047,216.30261,0.6572875778737081,1.1097863030778068,1.0,1.0,1.0,13.799899939990695
SE300_FL330,2022-03-01 01:16:00.000000000,2.437127576666514,48.79939890864313,10058.4,26200.382022635047,216.33383,0.6401055023999962,1.080541437348835,1.0,1.0,1.0,13.799898059510873
SE300_FL330,2022-03-01 01:17:00.000000000,2.57949322101926,48.88077782294388,10058.4,26200.382022635047,216.37695,0.6187354651110749,1.044155868464277,1.0,1.0,1.0,13.799897470818289
SE300_FL330,2022-03-01 01:18:00.000000000,2.7208096205090637,48.96311695765744,10058.4,26200.382022635047,216.43358,0.592632209482494,0.9997138416409758,1.0,0.0,0.0,13.799898115948379
SE300_FL330,2022-03-01 01:19:00.000000000,2.8610727824072804,49.04639928266274,10058.4,26200.382022635047,216.47885,0.5801803141636628,0.9784024974113504,1.0,0.0,0.0,13.799899903772648
SE300_FL330,2022-03-01 01:20:00.000000000,3.0002805491083504,49.13060687875635,10058.4,26200.382022635047,216.51439,0.5726642980021988,0.9654892296981096,1.0,0.0,0.0,13.799902714140295
SE300_FL330,2022-03-01 01:21:00.000000000,3.1384326058413183,49.21572101804042,10058.4,26200.382022635047,216.53905,0.5696646326653763,0.9602688764856827,1.0,0.0,0.0,13.799906402511214
SE300_FL330,2022-03-01 01:22:00.000000000,3.275530478889779,49.30172224524366,10058.4,26200.382022635047,216.54779,0.5704091707162254,0.9614635981418822,1.0,0.0,0.0,13.799910804862314
SE300_FL330,2022-03-01 01:23:00.000000000,3.411577524628558,49.38859045925548,10058.4,26200.382022635047,216.52614,0.5737218614675915,0.9671925545699289,1.0,0.0,0.0,13.799915742621737
SE300_FL330,2022-03-01 01:24:00.000000000,3.546578909786857,49.47630499418438,10058.4,26200.382022635047,216.50197,0.576765092087581,0.9724864208826064,1.0,0.0,0.0,13.799921027431493
SE300_FL330,2022-03-01 01:25:00.000000000,3.6805415834364057,49.56484469929377,10058.4,26200.382022635047,216.48016,0.5759761936761972,0.971303565586044,1.0,0.0,0.0,13.799926465539238
SE300_FL330,2022-03-01 01:26:00.000000000,3.813474241281341,49.65418801721622,10058.4,26200.382022635047,216.45413,0.5786306264946635,0.975956349944231,1.0,0.0,0.0,13.799931861647412
SE300_FL330,2022-03-01 01:27:00.000000000,3.945387282890515,49.74431305990206,10058.4,26200.382022635047,216.42596,0.5835310917797779,0.9844118236473594,1.0,0.0,0.0,13.799937022113916
SE300_FL330,2022-03-01 01:28:00.000000000,4.076292762563807,49.83519768181777,10058.4,26200.382022635047,216.4156,0.5822284881499767,0.982288331571812,1.0,0.0,0.0,13.799941757380292
SE300_FL330,2022-03-01 01:29:00.000000000,4.206204334561293,49.92681954997152,10058.4,26200.382022635047,216.4116,0.5794653699564267,0.9776542697296936,1.0,0.0,0.0,13.799945883601017
SE300_FL330,2022-03-01 01:30:00.000000000,4.335137193447722,50.01915621040786,10058.4,26200.382022635047,216.40758,0.5782559235593996,0.9756393889988894,1.0,0.0,0.0,13.799949223437263
SE300_FL330,2022-03-01 01:31:00.000000000,4.463108010316069,50.1121851508771,10058.4,26200.382022635047,216.40742,0.5717264752264074,0.9646236430244349,1.0,0.0,0.0,13.79995160605297
SE300_FL330,2022-03-01 01:32:00.000000000,4.590134865652553,50.20588385944899,10058.4,26200.382022635047,216.4095,0.5664222665269885,0.9556601500273578,1.0,0.0,0.0,13.799952866356099
SE300_FL330,2022-03-01 01:33:00.000000000,4.716237179594008,50.300229878900765,10058.4,26200.382022635047,216.41435,0.5631817229530928,0.9501601259776985,1.0,0.0,0.0,13.799952843577072
SE300_FL330,2022-03-01 01:34:00.000000000,4.841435640306324,50.39520085676857,10058.4,26200.382022635047,216.43149,0.5625598579301283,0.9489986890445672,1.0,0.0,0.0,13.799951379286926
SE300_FL330,2022-03-01 01:35:00.000000000,4.965752131182763,50.49077459100485,10058.4,26200.382022635047,216.45143,0.5635664563691857,0.9505650813214596,1.0,0.0,0.0,13.799948314979101
SE300_FL330,2022-03-01 01:36:00.000000000,5.08920965752353,50.58692907123493,10058.4,26200.382022635047,216.4708,0.5684637091754242,0.9586964119253356,1.0,0.0,0.0,13.7999434893709
SE300_FL330,2022-03-01 01:37:00.000000000,5.211832273314692,50.683642515650746,10058.4,26200.382022635047,216.49147,0.5776689967190946,0.9740810560544686,1.0,0.0,0.0,13.799936735540259
SE300_FL330,2022-03-01 01:38:00.000000000,5.333645008677116,50.78089340361986,10058.4,26200.382022635047,216.51534,0.5885956393093482,0.9923435979700814,1.0,0.0,0.0,13.79992787807843
SE300_FL330,2022-03-01 01:39:00.000000000,5.454673798505399,50.87866050412251,10058.4,26200.382022635047,216.54259,0.6066848359590762,1.0226472032872447,1.0,1.0,1.0,13.799916730378694
SE300_FL330,2022-03-01 01:40:00.000000000,5.574945412764155,50.97692290015904,10058.4,26200.382022635047,216.56834,0.6267304174349297,1.0562476967665348,1.0,1.0,1.0,13.799909146879337
SE300_FL330,2022-03-01 01:41:00.000000000,5.69448698268002,51.07566027243519,10058.4,26200.382022635047,216.58792,0.6401882028902666,1.0787813298127988,1.0,1.0,1.0,13.800036502008268
SE300_FL330,2022-03-01 01:42:00.000000000,5.813317860079042,51.17485813030892,10058.4,26200.382022635047,216.60739,0.6303838179643,1.0621161462651014,1.0,1.0,1.0,13.800019343694286
SE300_FL330,2022-03-01 01:43:00.000000000,5.931476383526231,51.274490485820074,10058.4,26200.382022635047,216.62404,0.6110080383465694,1.0293539857647833,1.0,1.0,1.0,13.799999557176893
SE300_FL330,2022-03-01 01:44:00.000000000,6.048992146742065,51.37453779717241,10058.4,26200.382022635047,216.63675,0.5978523707622883,1.0070988141445054,1.0,1.0,1.0,13.799976952886416
SE300_FL330,2022-03-01 01:45:00.000000000,6.16589527157801,51.47498090580639,10058.4,26200.382022635047,216.64992,0.5877266701384609,0.9899522091689377,1.0,0.0,0.0,13.799951314976644
SE300_FL330,2022-03-01 01:46:00.000000000,6.282216354420901,51.575801040761654,10058.4,26200.382022635047,216.66309,0.5800966376706668,0.9770118529517585,1.0,0.0,0.0,13.799922401731491
SE300_FL330,2022-03-01 01:47:00.000000000,6.397986416102225,51.67697982039795,10058.4,26200.382022635047,216.6859,0.5688781116920325,0.9579639078631083,1.0,0.0,0.0,13.799896422178843
SE300_FL330,2022-03-01 01:48:00.000000000,6.513236540852692,51.77849945999789,10058.4,26200.382022635047,216.71109,0.5572796376877065,0.938267936003008,1.0,0.0,0.0,13.800070683038491
SE300_FL330,2022-03-01 01:49:00.000000000,6.627989237000202,51.88034855874178,10058.4,26200.382022635047,216.72961,0.5414121060022633,0.9114346719486532,1.0,0.0,0.0,13.800033136164926
SE300_FL330,2022-03-01 01:50:00.000000000,6.7422871098143675,51.982503017475295,10058.4,26200.382022635047,216.75214,0.5249767818488458,0.883627673562671,1.0,0.0,0.0,13.79999217680041
SE300_FL330,2022-03-01 01:51:00.000000000,6.85616260126879,52.08494594286698,10058.4,26200.382022635047,216.7737,0.4940129507490927,0.8313876271421285,1.0,0.0,0.0,13.799947488517821
SE300_FL330,2022-03-01 01:52:00.000000000,6.9696483812259675,52.187660808917485,10058.4,26200.382022635047,216.79652,0.45941809273658957,0.7730431504501913,1.0,0.0,0.0,13.799898737232269
SE300_FL330,2022-03-01 01:53:00.000000000,7.082777318490884,52.29063144711092,10058.4,26200.382022635047,216.80347,0.43068081443795647,0.7246524098581413,1.0,0.0,0.0,13.800030398716745
SE300_FL330,2022-03-01 01:54:00.000000000,7.19557701404532,52.39384625576109,10058.4,26200.382022635047,216.80916,0.4060355941722771,0.6831578732020266,1.0,0.0,0.0,13.800054345163323
SE300_FL330,2022-03-01 01:55:00.000000000,7.308085257117626,52.49728673117904,10058.4,26200.382022635047,216.81577,0.381260846621054,0.6414441298863848,1.0,0.0,0.0,13.799996740891372
SE300_FL330,2022-03-01 01:56:00.000000000,7.420338038484323,52.60093580787837,10058.4,26200.382022635047,216.81053,0.3650333551552954,0.6141660470698791,1.0,0.0,0.0,13.799934836100903
SE300_FL330,2022-03-01 01:57:00.000000000,7.532368946100369,52.70477859337681,10058.4,26200.382022635047,216.80411,0.3512560087459813,0.5910106818386495,1.0,0.0,0.0,13.7999107047655
SE300_FL330,2022-03-01 01:58:00.000000000,7.644210999091989,52.80880120769993,10058.4,26200.382022635047,216.80104,0.3414220667912735,0.5744783352997866,1.0,0.0,0.0,13.80009727987662
SE300_FL330,2022-03-01 01:59:00.000000000,7.755895885982359,52.912992453617406,10058.4,26200.382022635047,216.80042,0.3322118661464265,0.5589831663039847,1.0,0.0,0.0,13.800026839405156
SE300_FL330,2022-03-01 02:00:00.000000000,7.867462507785084,53.01733360209722,10058.4,26200.382022635047,216.78511,0.3336460228931813,0.5614563205238094,1.0,0.0,0.0,13.799951817325509
SE300_FL330,2022-03-01 02:01:00.000000000,7.97894493915904,53.12181080944994,10058.4,26200.382022635047,216.78273,0.3331754307070438,0.5606733426307842,1.0,0.0,0.0,13.799878948745755
SE300_FL330,2022-03-01 02:02:00.000000000,8.090377316599858,53.22641053966239,10058.4,26200.382022635047,216.78389,0.33498359925381077,0.5637118839964368,1.0,0.0,0.0,13.80011613732471
SE300_FL330,2022-03-01 02:03:00.000000000,8.201794722995709,53.33112242122278,10058.4,26200.382022635047,216.78395,0.3383600452375492,0.5693924888865001,1.0,0.0,0.0,13.800033244616367
SE300_FL330,2022-03-01 02:04:00.000000000,8.313233280726271,53.43592919842136,10058.4,26200.382022635047,216.78706,0.3422782465136917,0.5759746999128138,1.0,0.0,0.0,13.799945514347323
SE300_FL330,2022-03-01 02:05:00.000000000,8.42472747485294,53.54081781028977,10058.4,26200.382022635047,216.79778,0.3427135403267615,0.5766633553640591,1.0,0.0,0.0,13.799915365810826
SE300_FL330,2022-03-01 02:06:00.000000000,8.536312692536393,53.64577571103455,10058.4,26200.382022635047,216.80727,0.34132067847967235,0.5742813606948327,1.0,0.0,0.0,13.80011004309586
SE300_FL330,2022-03-01 02:07:00.000000000,8.648028278660536,53.750790832795516,10058.4,26200.382022635047,216.80836,0.3454863379404935,0.5812859554363873,1.0,0.0,0.0,13.800015304799869
SE300_FL330,2022-03-01 02:08:00.000000000,8.759906477778147,53.85584845500265,10058.4,26200.382022635047,216.81248,0.34624175782908573,0.582540255602905,1.0,0.0,0.0,13.79991564313486
SE300_FL330,2022-03-01 02:09:00.000000000,8.871982232889263,53.96093601106962,10058.4,26200.382022635047,216.8286,0.344474417068466,0.5795028690071364,1.0,0.0,0.0,13.800004103946796
SE300_FL330,2022-03-01 02:10:00.000000000,8.984295963690094,54.06604108818969,10058.4,26200.382022635047,216.8355,0.34434260860114296,0.5792514280550316,1.0,0.0,0.0,13.800080631551038
SE300_FL330,2022-03-01 02:11:00.000000000,9.096884905918607,54.17115044521283,10058.4,26200.382022635047,216.83043,0.34735369342823613,0.5843385680845281,1.0,0.0,0.0,13.799975069909443
SE300_FL330,2022-03-01 02:12:00.000000000,9.20978021803311,54.27625136209472,10058.4,26200.382022635047,216.84152,0.34553689407598154,0.5812377749041423,1.0,0.0,0.0,13.799864842324851
SE300_FL330,2022-03-01 02:13:00.000000000,9.323017438348389,54.38133146507345,10058.4,26200.382022635047,216.82967,0.34874100782740425,0.586675092181344,1.0,0.0,0.0,13.800132173225244
SE300_FL330,2022-03-01 02:14:00.000000000,9.436648363691544,54.48637655428334,10058.4,26200.382022635047,216.82056,0.350891891176649,0.5903315382728406,1.0,0.0,0.0,13.800031613689772
SE300_FL330,2022-03-01 02:15:00.000000000,9.550696513269713,54.59137491446518,10058.4,26200.382022635047,216.81331,0.3508306252778806,0.5902572617115834,1.0,0.0,0.0,13.799916973248944
SE300_FL330,2022-03-01 02:16:00.000000000,9.665197626195663,54.69631414251662,10058.4,26200.382022635047,216.81207,0.34823540128199476,0.5858965344474855,1.0,0.0,0.0,13.800000285525412
SE300_FL330,2022-03-01 02:17:00.000000000,9.780198569347377,54.80118004346924,10058.4,26200.382022635047,216.8001,0.34951122435711607,0.5880917185027538,1.0,0.0,0.0,13.800086698051244
SE300_FL330,2022-03-01 02:18:00.000000000,9.895738483326229,54.90595917369293,10058.4,26200.382022635047,216.77725,0.35321199324063185,0.5944142322145285,1.0,0.0,0.0,12.396279145510631
SE300_FL330,2022-03-01 02:18:53.897617080,10.0,55.0,10058.4,26200.382022635047,216.77946,0.3481216959025527,0.5858402807322166,1.0,0.0,0.0,0.0
SE150_FL330,2022-03-01 00:00:00.000000000,-10.000000000000002,45.00000000000001,10058.4,26200.382022635047,216.48128,0.7666209321820323,1.2927888186975633,1.0,1.0,1.0,13.800025280721622
SE150_FL330,2022-03-01 00:01:00.000000000,-9.848780362463852,45.06309802296491,10058.4,26200.382022635047,216.51784,0.7739565372580482,1.3048281061060556,1.0,1.0,1.0,13.800023124170625
SE150_FL330,2022-03-01 00:02:00.000000000,-9.69723892593266,45.12601025046198,10058.4,26200.382022635047,216.56929,0.7847962868893067,1.322632039064717,1.0,1.0,1.0,13.800020919334957
SE150_FL330,2022-03-01 00:03:00.000000000,-9.545386915730079,45.18874995403247,10058.4,26200.382022635047,216.63055,0.7991944125780934,1.3463228423770273,1.0,1.0,1.0,13.80001868361511
SE150_FL330,2022-03-01 00:04:00.000000000,-9.393235477429094,45.251330452726556,10058.4,26200.382022635047,216.68636,0.8128585921563349,1.3688104346356358,1.0,1.0,1.0,13.800016434639819
SE150_FL330,2022-03-01 00:05:00.000000000,-9.240795680594678,45.31376510728148,10058.4,26200.382022635047,216.74968,0.8185220923719749,1.3777420302653325,1.0,1.0,1.0,13.800014190107833
SE150_FL330,2022-03-01 00:06:00.000000000,-9.088078522618359,45.376067314269825,10058.4,26200.382022635047,216.79599,0.8283859862629576,1.3938941409636616,1.0,1.0,1.0,13.800011967625645
SE150_FL330,2022-03-01 00:07:00.000000000,-8.935094932619785,45.43825050019791,10058.4,26200.382022635047,216.83551,0.8309455069006558,1.3978150843016053,1.0,1.0,1.0,13.800009784533726
SE150_FL330,2022-03-01 00:08:00.000000000,-8.78185577539008,45.500328115534025,10058.4,26200.382022635047,216.8651,0.8259269845822732,1.3890871262189803,1.0,1.0,1.0,13.80000765772226
SE150_FL330,2022-03-01 00:09:00.000000000,-8.628371855351828,45.56231362864651,10058.4,26200.382022635047,216.87119,0.815710041314594,1.3718446431874873,1.0,1.0,1.0,13.80000560344844
SE150_FL330,2022-03-01 00:10:00.000000000,-8.474653920510518,45.62422051963216,10058.4,26200.382022635047,216.87419,0.8048611247473048,1.3535683415953748,1.0,1.0,1.0,13.800003637143645
SE150_FL330,2022-03-01 00:11:00.000000000,-8.320712666371875,45.68606227401563,10058.4,26200.382022635047,216.86426,0.7941441035310736,1.3356412081204048,1.0,1.0,1.0,13.800001773220872
SE150_FL330,2022-03-01 00:12:00.000000000,-8.166558739799713,45.74785237630135,10058.4,26200.382022635047,216.82755,0.7937123316452667,1.335257169174922,1.0,1.0,1.0,13.800000024891407
SE150_FL330,2022-03-01 00:13:00.000000000,-8.012202742788062,45.80960430335971,10058.4,26200.382022635047,216.78474,0.7872924521408053,1.3248522085331307,1.0,1.0,1.0,13.79999840397277
SE150_FL330,2022-03-01 00:14:00.000000000,-7.857655236121768,45.87133151763049,10058.4,26200.382022635047,216.76497,0.7821738611327225,1.3164193892843719,1.0,1.0,1.0,13.799996920709697
SE150_FL330,2022-03-01 00:15:00.000000000,-7.702926742899029,45.933047460127014,10058.4,26200.382022635047,216.74008,0.7874229883562742,1.3254850582439306,1.0,1.0,1.0,13.799995583611501
SE150_FL330,2022-03-01 00:16:00.000000000,-7.548027751889124,45.99476554322603,10058.4,26200.382022635047,216.72487,0.7997105204607944,1.3463082169579337,1.0,1.0,1.0,13.799994399289552
SE150_FL330,2022-03-01 00:17:00.000000000,-7.392968720698455,46.05649914322893,10058.4,26200.382022635047,216.78065,0.7982992371116155,1.3434130715839498,1.0,1.0,1.0,13.799993372318367
SE150_FL330,2022-03-01 00:18:00.000000000,-7.237760078717368,46.118261592681485,10058.4,26200.382022635047,216.86168,0.7969885684052785,1.3404499043530906,1.0,1.0,1.0,13.799992505114373
SE150_FL330,2022-03-01 00:19:00.000000000,-7.0824122298204,46.18006617244081,10058.4,26200.382022635047,216.95572,0.7937466320707068,1.3341150570035323,1.0,1.0,1.0,13.799991797836244
SE150_FL330,2022-03-01 00:20:00.000000000,-6.926935554791905,46.241926103479614,10058.4,26200.382022635047,217.05217,0.7878313257397646,1.323280288498396,1.0,1.0,1.0,13.799991248309139
SE150_FL330,2022-03-01 00:21:00.000000000,-6.771340413449099,46.303854538419465,10058.4,26200.382022635047,217.16429,0.7777317385496658,1.3052881745051759,1.0,1.0,1.0,13.79999085197143
SE150_FL330,2022-03-01 00:22:00.000000000,-6.615637146434141,46.36586455278655,10058.4,26200.382022635047,217.27254,0.7635595865764825,1.2805280394437217,1.0,1.0,1.0,13.79999060186101
SE150_FL330,2022-03-01 00:23:00.000000000,-6.4598360766471385,46.427969135985755,10058.4,26200.382022635047,217.38187,0.7499797780524462,1.256784993255914,1.0,1.0,1.0,13.799990488621079
SE150_FL330,2022-03-01 00:24:00.000000000,-6.3039475102915645,46.49018118199037,10058.4,26200.382022635047,217.47589,0.7432513789550333,1.2446806947170863,1.0,1.0,1.0,13.799990500548963
SE150_FL330,2022-03-01 00:25:00.000000000,-6.147981737503878,46.552513479747134,10058.4,26200.382022635047,217.55022,0.7433064587008101,1.2441220924734022,1.0,1.0,1.0,13.799990623666508
SE150_FL330,2022-03-01 00:26:00.000000000,-5.991949032539317,46.6149787032986,10058.4,26200.382022635047,217.60591,0.7494448673132431,1.2539003826638775,1.0,1.0,1.0,13.799990841836957
SE150_FL330,2022-03-01 00:27:00.000000000,-5.835859653486246,46.67758940162737,10058.4,26200.382022635047,217.59196,0.7628477450273545,1.2764501247809912,1.0,1.0,1.0,13.799991136910966
SE150_FL330,2022-03-01 00:28:00.000000000,-5.679723841481787,46.740357988228865,10058.4,26200.382022635047,217.56235,0.7738492139416588,1.295131967668887,1.0,1.0,1.0,13.799991488902345
SE150_FL330,2022-03-01 00:29:00.000000000,-5.523551819402239,46.80329673042195,10058.4,26200.382022635047,217.51363,0.7795311515358062,1.305089868152022,1.0,1.0,1.0,13.799991876206876
SE150_FL330,2022-03-01 00:30:00.000000000,-5.367353790002575,46.86641773840963,10058.4,26200.382022635047,217.44774,0.7741703963905904,1.2967209892780402,1.0,1.0,1.0,13.799992275841205
SE150_FL330,2022-03-01 00:31:00.000000000,-5.2111399334805135,46.92973295410445,10058.4,26200.382022635047,217.37857,0.7645960876578097,1.2813094906893123,1.0,1.0,1.0,13.799992663719705
SE150_FL330,2022-03-01 00:32:00.000000000,-5.05492040444159,46.993254139735846,10058.4,26200.382022635047,217.3065,0.7477081066351896,1.253642674592113,1.0,1.0,1.0,13.799993014953047
SE150_FL330,2022-03-01 00:33:00.000000000,-4.89870532824359,47.05699286626,10058.4,26200.382022635047,217.23463,0.7264563073101743,1.2186313429091105,1.0,1.0,1.0,13.799993304171764
SE150_FL330,2022-03-01 00:34:00.000000000,-4.7425047966999045,47.12096050159472,10058.4,26200.382022635047,217.16096,0.7039901635265163,1.181554751468635,1.0,1.0,1.0,13.79999350586429
SE150_FL330,2022-03-01 00:35:00.000000000,-4.586328863123924,47.185168198705355,10058.4,26200.382022635047,217.09296,0.6855016440260308,1.1510719896185386,1.0,1.0,1.0,13.799993594737066
SE150_FL330,2022-03-01 00:36:00.000000000,-4.430187536698249,47.24962688356991,10058.4,26200.382022635047,217.03171,0.6746582517278875,1.1333543177439172,1.0,1.0,1.0,13.799993546077733
SE150_FL330,2022-03-01 00:37:00.000000000,-4.274090776155365,47.31434724305453,10058.4,26200.382022635047,216.98688,0.6775313594174724,1.138535418070742,1.0,1.0,1.0,13.799993336121352
SE150_FL330,2022-03-01 00:38:00.000000000,-4.118048482758973,47.37933971273268,10058.4,26200.382022635047,216.93517,0.6813877130600271,1.1454326845072158,1.0,1.0,1.0,13.799992942424828
SE150_FL330,2022-03-01 00:39:00.000000000,-3.9620704925782735,47.44461446468435,10058.4,26200.382022635047,216.88705,0.6865399894352613,1.154481310121407,1.0,1.0,1.0,13.7999923442172
SE150_FL330,2022-03-01 00:40:00.000000000,-3.806166568050712,47.510181395313246,10058.4,26200.382022635047,216.84573,0.6867316000678455,1.1551380867162575,1.0,1.0,1.0,13.799991522756148
SE150_FL330,2022-03-01 00:41:00.000000000,-3.6503463888319807,47.57605011322245,10058.4,26200.382022635047,216.80487,0.6843651729839338,1.1514854219244586,1.0,1.0,1.0,13.799990461647935
SE150_FL330,2022-03-01 00:42:00.000000000,-3.4946195419363453,47.64222992719104,10058.4,26200.382022635047,216.77748,0.6802886471334859,1.1448446415427658,1.0,1.0,1.0,13.799989147153058
SE150_FL330,2022-03-01 00:43:00.000000000,-3.3389955111735663,47.708729834295355,10058.4,26200.382022635047,216.76341,0.6709658088993633,1.129265271779934,1.0,1.0,1.0,13.79998756845803
SE150_FL330,2022-03-01 00:44:00.000000000,-3.1834836658934074,47.775558508220634,10058.4,26200.382022635047,216.73836,0.66266388369428,1.115485742556181,1.0,1.0,1.0,13.79998571790615
SE150_FL330,2022-03-01 00:45:00.000000000,-3.0280932490527612,47.84272428780939,10058.4,26200.382022635047,216.69908,0.6570262572162705,1.1062986627908056,1.0,1.0,1.0,13.799983591199357
SE150_FL330,2022-03-01 00:46:00.000000000,-2.872833364624784,47.91023516589412,10058.4,26200.382022635047,216.65883,0.6549706991943095,1.1031464918622482,1.0,1.0,1.0,13.799981187540997
SE150_FL330,2022-03-01 00:47:00.000000000,-2.7177129643741873,47.97809877846222,10058.4,26200.382022635047,216.61772,0.6547404299801721,1.1030746279360404,1.0,1.0,1.0,13.799978509741795
SE150_FL330,2022-03-01 00:48:00.000000000,-2.562740834027267,48.046322394201255,10058.4,26200.382022635047,216.57089,0.6602325786601082,1.1126919870351273,1.0,1.0,1.0,13.799975564268491
SE150_FL330,2022-03-01 00:49:00.000000000,-2.407925578869879,48.11491290447256,10058.4,26200.382022635047,216.53021,0.6652855788143197,1.1215226731899413,1.0,1.0,1.0,13.799972361242325
SE150_FL330,2022-03-01 00:50:00.000000000,-2.2532756088113697,48.18387681376056,10058.4,26200.382022635047,216.49118,0.6702441382417801,1.1301864390940555,1.0,1.0,1.0,13.799968914382415
SE150_FL330,2022-03-01 00:51:00.000000000,-2.0987991229566814,48.25322023064404,10058.4,26200.382022635047,216.44627,0.6761944300467706,1.1405757098285418,1.0,1.0,1.0,13.799965240897679
SE150_FL330,2022-03-01 00:52:00.000000000,-1.9445040937337181,48.3229488593347,10058.4,26200.382022635047,216.38956,0.6881428298666793,1.1611851937695974,1.0,1.0,1.0,13.799961361323575
SE150_FL330,2022-03-01 00:53:00.000000000,-1.7903982506269553,48.393067991826065,10058.4,26200.382022635047,216.30426,0.7127017449958458,1.203334246005141,1.0,1.0,1.0,13.799957299309654
SE150_FL330,2022-03-01 00:54:00.000000000,-1.6364890635725675,48.46358250069396,10058.4,26200.382022635047,216.22359,0.7367704720781978,1.2446646097999823,1.0,1.0,1.0,13.799953081365691
SE150_FL330,2022-03-01 00:55:00.000000000,-1.482783726073991,48.534496832587074,10058.4,26200.382022635047,216.14009,0.7592691452413979,1.2834108256791081,1.0,1.0,1.0,13.799948736550181
SE150_FL330,2022-03-01 00:56:00.000000000,-1.3292891381006948,48.60581500244348,10058.4,26200.382022635047,216.08488,0.7771342852801183,1.314109476695277,1.0,1.0,1.0,13.79996224359886
SE150_FL330,2022-03-01 00:57:00.000000000,-1.176012199022902,48.677541157964725,10058.4,26200.382022635047,216.0652,0.788741677375105,1.3339163376494945,1.0,1.0,1.0,13.800015850398514
SE150_FL330,2022-03-01 00:58:00.000000000,-1.022959909011004,48.74967973493967,10058.4,26200.382022635047,216.08975,0.7956035229631792,1.3452919320038508,1.0,1.0,1.0,13.800011280819982
SE150_FL330,2022-03-01 00:59:00.000000000,-0.8701372214611162,48.82223162470867,10058.4,26200.382022635047,216.14,0.8051428841315222,1.3609533209760925,1.0,1.0,1.0,13.800006501605102
SE150_FL330,2022-03-01 01:00:00.000000000,-0.7175496815727354,48.89519906140205,10058.4,26200.382022635047,216.19266,0.8175539526395693,1.3814309952762551,1.0,1.0,1.0,13.800001555312974
SE150_FL330,2022-03-01 01:01:00.000000000,-0.5652024537904219,48.96858383001156,10058.4,26200.382022635047,216.24832,0.8313985122585499,1.40428839457819,1.0,1.0,1.0,13.79999648581086
SE150_FL330,2022-03-01 01:02:00.000000000,-0.4131003048958678,49.04238726558329,10058.4,26200.382022635047,216.28323,0.8375326180295233,1.4143063143199173,1.0,1.0,1.0,13.799991337765992
SE150_FL330,2022-03-01 01:03:00.000000000,-0.2612475873906203,49.116610253279745,10058.4,26200.382022635047,216.30441,0.8358167929752048,1.4112041466261611,1.0,1.0,1.0,13.7999861561264
SE150_FL330,2022-03-01 01:04:00.000000000,-0.1096482232436474,49.1912532293119,10058.4,26200.382022635047,216.30013,0.8236206482227084,1.3906506342912417,1.0,1.0,1.0,13.799980985617015
SE150_FL330,2022-03-01 01:05:00.000000000,0.041694311923352705,49.266316182737384,10058.4,26200.382022635047,216.29057,0.7812897591740987,1.3192655255164494,1.0,1.0,1.0,13.799975870245795
SE150_FL330,2022-03-01 01:06:00.000000000,0.19277700414136667,49.341798658116055,10058.4,26200.382022635047,216.28204,0.6856433457959491,1.1578306550409865,1.0,1.0,1.0,13.799970852837674
SE150_FL330,2022-03-01 01:07:00.000000000,0.3435973158213465,49.41769975900875,10058.4,26200.382022635047,216.27214,0.6168412236282972,1.0417171071825735,1.0,1.0,1.0,13.79996597459641
SE150_FL330,2022-03-01 01:08:00.000000000,0.49415319983679507,49.49401815230074,10058.4,26200.382022635047,216.2638,0.5796116858892816,0.9788969048536033,1.0,0.0,0.0,13.799961274703167
SE150_FL330,2022-03-01 01:09:00.000000000,0.6444431128990113,49.5707520733261,10058.4,26200.382022635047,216.23694,0.5752379571086585,0.9716908131838493,1.0,0.0,0.0,13.799956789951366
SE150_FL330,2022-03-01 01:10:00.000000000,0.7944660281656921,49.647899331764975,10058.4,26200.382022635047,216.20795,0.5774400117202112,0.9756054139643745,1.0,0.0,0.0,13.799952554435153
SE150_FL330,2022-03-01 01:11:00.000000000,0.9442214470284372,49.72545731828128,10058.4,26200.382022635047,216.17538,0.5891079233567798,0.9955426900635629,1.0,0.0,0.0,13.799948599276675
SE150_FL330,2022-03-01 01:12:00.000000000,1.0937094100288882,49.803423011864275,10058.4,26200.382022635047,216.12282,0.6219293431927023,1.051389120546295,1.0,1.0,1.0,13.79994495241215
SE150_FL330,2022-03-01 01:13:00.000000000,1.2429305068591834,49.8817929878337,10058.4,26200.382022635047,216.07037,0.655718678555927,1.1089087252804022,1.0,1.0,1.0,13.799943970232082
SE150_FL330,2022-03-01 01:14:00.000000000,1.391885839203061,49.9605634958069,10058.4,26200.382022635047,216.02003,0.6753631537485921,1.142527943279346,1.0,1.0,1.0,13.800018164069398
SE150_FL330,2022-03-01 01:15:00.000000000,1.5405756538199646,50.039732525500625,10058.4,26200.382022635047,215.97227,0.6931209168343018,1.1729500999631648,1.0,1.0,1.0,13.800012779561797
SE150_FL330,2022-03-01 01:16:00.000000000,1.689003811745885,50.119293133097386,10058.4,26200.382022635047,215.93164,0.7063674591622484,1.1957031185726203,1.0,1.0,1.0,13.800007711970267
SE150_FL330,2022-03-01 01:17:00.000000000,1.8371731915099507,50.19924036232172,10058.4,26200.382022635047,215.92117,0.7090895976572267,1.200396217133562,1.0,1.0,1.0,13.800002984178791
SE150_FL330,2022-03-01 01:18:00.000000000,1.985087255414262,50.279568902342035,10058.4,26200.382022635047,215.92018,0.7091921379177039,1.2005784353391602,1.0,1.0,1.0,13.79999861501331
SE150_FL330,2022-03-01 01:19:00.000000000,2.1327500533276282,50.36027309878075,10058.4,26200.382022635047,215.92314,0.7099995425015928,1.2019182815538212,1.0,1.0,1.0,13.799994619263725
SE150_FL330,2022-03-01 01:20:00.000000000,2.2801662254169526,50.44134696502648,10058.4,26200.382022635047,215.9352,0.711431001878122,1.2042417685752984,1.0,1.0,1.0,13.799991007751949
SE150_FL330,2022-03-01 01:21:00.000000000,2.4273410038207826,50.52278419379153,10058.4,26200.382022635047,215.94307,0.715688302681901,1.2113830773761214,1.0,1.0,1.0,13.799987787443316
SE150_FL330,2022-03-01 01:22:00.000000000,2.5742802132739526,50.604578168858964,10058.4,26200.382022635047,215.93661,0.7208657602587328,1.2202008807982256,1.0,1.0,1.0,13.799984961591031
SE150_FL330,2022-03-01 01:23:00.000000000,2.720990270699007,50.686721976962986,10058.4,26200.382022635047,215.92381,0.7265115822593479,1.2298671979165399,1.0,1.0,1.0,13.79998252990439
SE150_FL330,2022-03-01 01:24:00.000000000,2.8674781837846655,50.769208419747585,10058.4,26200.382022635047,215.90656,0.7299095456379123,1.235765186603704,1.0,1.0,1.0,13.79998048874809
SE150_FL330,2022-03-01 01:25:00.000000000,3.013751548576857,50.85203002574966,10058.4,26200.382022635047,215.88605,0.7329701404509634,1.241120404643818,1.0,1.0,1.0,13.799978831356217
SE150_FL330,2022-03-01 01:26:00.000000000,3.1598185461124664,50.935179062353996,10058.4,26200.382022635047,215.85837,0.7268552681965584,1.2309999054718523,1.0,1.0,1.0,13.79997754806047
SE150_FL330,2022-03-01 01:27:00.000000000,3.3056879381298114,51.0186475476696,10058.4,26200.382022635047,215.82826,0.7178111752726369,1.2159346877419424,1.0,1.0,1.0,13.799976626528416
SE150_FL330,2022-03-01 01:28:00.000000000,3.451369061894234,51.10242726227889,10058.4,26200.382022635047,215.78699,0.7065831921211521,1.1972506030113044,1.0,1.0,1.0,13.799976052009184
SE150_FL330,2022-03-01 01:29:00.000000000,3.596871824179734,51.18650976081355,10058.4,26200.382022635047,215.74533,0.6939817935858459,1.1762315355840536,1.0,1.0,1.0,13.79997580757543
SE150_FL330,2022-03-01 01:30:00.000000000,3.7422066944510983,51.27088638331356,10058.4,26200.382022635047,215.70674,0.6801901447361787,1.1531625850670257,1.0,1.0,1.0,13.799975874366709
SE150_FL330,2022-03-01 01:31:00.000000000,3.8873846972928505,51.35554826632859,10058.4,26200.382022635047,215.69737,0.6722579961165587,1.1397881967000518,1.0,1.0,1.0,13.799976231823901
SE150_FL330,2022-03-01 01:32:00.000000000,4.032417404133353,51.44048635372388,10058.4,26200.382022635047,215.69492,0.6633599498193841,1.1247189196759355,1.0,1.0,1.0,13.799976857923344
SE150_FL330,2022-03-01 01:33:00.000000000,4.17731692431389,51.525691407155904,10058.4,26200.382022635047,215.70485,0.652497503951764,1.1062284545529826,1.0,1.0,1.0,13.79997772939002
SE150_FL330,2022-03-01 01:34:00.000000000,4.322095895553423,51.611154016185885,10058.4,26200.382022635047,215.72952,0.638803328381129,1.0828278542283405,1.0,1.0,1.0,13.799978821916332
SE150_FL330,2022-03-01 01:35:00.000000000,4.466767473859694,51.69686460800298,10058.4,26200.382022635047,215.76819,0.6232886081809564,1.056249664406129,1.0,1.0,1.0,13.79998011034861
SE150_FL330,2022-03-01 01:36:00.000000000,4.61134532293813,51.78281345673147,10058.4,26200.382022635047,215.81007,0.611778087580996,1.0364470229577554,1.0,1.0,1.0,13.799981568886242
SE150_FL330,2022-03-01 01:37:00.000000000,4.755843603148792,51.86899069230014,10058.4,26200.382022635047,215.84642,0.6014281111774727,1.018660677625692,1.0,1.0,1.0,13.79998317125147
SE150_FL330,2022-03-01 01:38:00.000000000,4.9002769600611895,51.95538630885467,10058.4,26200.382022635047,215.88806,0.5936243065730946,1.0051540052036103,1.0,1.0,1.0,13.799984890852482
SE150_FL330,2022-03-01 01:39:00.000000000,5.044660512655349,52.041990172697254,10058.4,26200.382022635047,215.91963,0.5929261343184353,1.0037571626691624,1.0,1.0,1.0,13.799986700946327
SE150_FL330,2022-03-01 01:40:00.000000000,5.189009841215732,52.12879202974077,10058.4,26200.382022635047,215.94005,0.6027600210757804,1.0202605204232056,1.0,1.0,1.0,13.799988574784994
SE150_FL330,2022-03-01 01:41:00.000000000,5.33334097496334,52.2157815124673,10058.4,26200.382022635047,215.96158,0.6137421902510158,1.0386986622349443,1.0,1.0,1.0,13.799990485753726
SE150_FL330,2022-03-01 01:42:00.000000000,5.477670379467894,52.30294814638437,10058.4,26200.382022635047,215.98499,0.6238344670494739,1.055608830201707,1.0,1.0,1.0,13.799992407510803
SE150_FL330,2022-03-01 01:43:00.000000000,5.622014943881001,52.390281355974025,10058.4,26200.382022635047,216.00327,0.6320694841745662,1.0694063474168038,1.0,1.0,1.0,13.79999431411892
SE150_FL330,2022-03-01 01:44:00.000000000,5.766391968026885,52.477770470133564,10058.4,26200.382022635047,216.01851,0.6376606251682239,1.0787558080010733,1.0,1.0,1.0,13.799996180175784
SE150_FL330,2022-03-01 01:45:00.000000000,5.910819149385742,52.565404727108,10058.4,26200.382022635047,216.04724,0.6330934210803513,1.070818769510626,1.0,1.0,1.0,13.799997980946767
SE150_FL330,2022-03-01 01:46:00.000000000,6.055314570000713,52.65317327891751,10058.4,26200.382022635047,216.07668,0.6284166789781424,1.0626914580737437,1.0,1.0,1.0,13.799999692491834
SE150_FL330,2022-03-01 01:47:00.000000000,6.19989668333652,52.74106519528474,10058.4,26200.382022635047,216.11415,0.6208083589560391,1.0495554544090806,1.0,1.0,1.0,13.80000129179735
SE150_FL330,2022-03-01 01:48:00.000000000,6.344584301114556,52.829069467069175,10058.4,26200.382022635047,216.1579,0.6013932342927094,1.0164267538299838,1.0,1.0,1.0,13.800002756917273
SE150_FL330,2022-03-01 01:49:00.000000000,6.48939658014588,52.91717500921703,10058.4,26200.382022635047,216.20192,0.5863597290585778,0.9907169978111128,1.0,0.0,0.0,13.800004067102952
SE150_FL330,2022-03-01 01:50:00.000000000,6.634353009179616,53.00537066323756,10058.4,26200.382022635047,216.24767,0.5760231074691573,0.9729461928955396,1.0,0.0,0.0,13.80000520294991
SE150_FL330,2022-03-01 01:51:00.000000000,6.779473395781127,53.09364519921752,10058.4,26200.382022635047,216.29254,0.5670154497734263,0.9574337749738463,1.0,0.0,0.0,13.800006146536646
SE150_FL330,2022-03-01 01:52:00.000000000,6.924777853250975,53.18198731738731,10058.4,26200.382022635047,216.32811,0.5426466611837355,0.9160618191119722,1.0,0.0,0.0,13.80000688157544
SE150_FL330,2022-03-01 01:53:00.000000000,7.070286787591492,53.270385649253456,10058.4,26200.382022635047,216.36221,0.5239482554507515,0.8842874274912115,1.0,0.0,0.0,13.800007393558275
SE150_FL330,2022-03-01 01:54:00.000000000,7.216020884525191,53.35882875831312,10058.4,26200.382022635047,216.39642,0.5104792884445284,0.8613512748274158,1.0,0.0,0.0,13.800007669900015
SE150_FL330,2022-03-01 01:55:00.000000000,7.3620010965652085,53.44730514036748,10058.4,26200.382022635047,216.42949,0.4916556283583187,0.8293999457515121,1.0,0.0,0.0,13.800007700096462
SE150_FL330,2022-03-01 01:56:00.000000000,7.508248630134886,53.53580322345174,10058.4,26200.382022635047,216.46211,0.4685251826574129,0.7902009304298083,1.0,0.0,0.0,13.800007475854803
SE150_FL330,2022-03-01 01:57:00.000000000,7.654784932730397,53.62431136740005,10058.4,26200.382022635047,216.48833,0.44860447048494007,0.7564654767958375,1.0,0.0,0.0,13.800006991241453
SE150_FL330,2022-03-01 01:58:00.000000000,7.801631680117048,53.712817863064856,10058.4,26200.382022635047,216.515,0.4296838920841679,0.7244271677006747,1.0,0.0,0.0,13.800006242806354
SE150_FL330,2022-03-01 01:59:00.000000000,7.948810763547113,53.80131093121019,10058.4,26200.382022635047,216.54591,0.4084514603132324,0.6884809428095459,1.0,0.0,0.0,13.800005229709964
SE150_FL330,2022-03-01 02:00:00.000000000,8.096344276983887,53.889778721099525,10058.4,26200.382022635047,216.56975,0.3932606500335025,0.662767585651559,1.0,0.0,0.0,13.800003953824296
SE150_FL330,2022-03-01 02:01:00.000000000,8.244254504314016,53.97820930879907,10058.4,26200.382022635047,216.58995,0.38264958722947046,0.6447938099218363,1.0,0.0,0.0,13.80000241982998
SE150_FL330,2022-03-01 02:02:00.000000000,8.392563906527803,54.06659069521786,10058.4,26200.382022635047,216.62032,0.36804862678934647,0.6200579884402857,1.0,0.0,0.0,13.800000635287429
SE150_FL330,2022-03-01 02:03:00.000000000,8.541295108844203,54.15491080390644,10058.4,26200.382022635047,216.65114,0.35510522835846753,0.598125324953487,1.0,0.0,0.0,13.79999861068731
SE150_FL330,2022-03-01 02:04:00.000000000,8.690470887755579,54.24315747863636,10058.4,26200.382022635047,216.68852,0.34760385696761836,0.5853387225195376,1.0,0.0,0.0,13.799996359482744
SE150_FL330,2022-03-01 02:05:00.000000000,8.840114157964688,54.3313184807831,10058.4,26200.382022635047,216.70709,0.34857949954795764,0.5869048663807055,1.0,0.0,0.0,13.799993898086694
SE150_FL330,2022-03-01 02:06:00.000000000,8.990247959184734,54.41938148653517,10058.4,26200.382022635047,216.73267,0.3454736701745438,0.5815724757607325,1.0,0.0,0.0,13.799991245846577
SE150_FL330,2022-03-01 02:07:00.000000000,9.140895442771445,54.50733408395296,10058.4,26200.382022635047,216.75505,0.34456642823550254,0.5799542710889635,1.0,0.0,0.0,13.799988424983786
SE150_FL330,2022-03-01 02:08:00.000000000,9.292079858154782,54.595163769900566,10058.4,26200.382022635047,216.76375,0.34807283463911676,0.5858215074105407,1.0,0.0,0.0,13.799985460504125
SE150_FL330,2022-03-01 02:09:00.000000000,9.443824539036145,54.682857946874975,10058.4,26200.382022635047,216.77924,0.34581700345301347,0.5819608702491701,1.0,0.0,0.0,13.79998238006007
SE150_FL330,2022-03-01 02:10:00.000000000,9.596152889316482,54.770403919756546,10058.4,26200.382022635047,216.79358,0.34358182531321835,0.5781415084590195,1.0,0.0,0.0,13.799979213805697
SE150_FL330,2022-03-01 02:11:00.000000000,9.749088368719127,54.85778889250587,10058.4,26200.382022635047,216.78859,0.34886765798288344,0.5870565180200051,1.0,0.0,0.0,13.79997599417574
SE150_FL330,2022-03-01 02:12:00.000000000,9.902654478070929,54.944999964831716,10058.4,26200.382022635047,216.78404,0.35065539876875135,0.5900837335759745,1.0,0.0,0.0,8.71787688339356
SE150_FL330,2022-03-01 02:12:37.904240283,10.0,55.0,10058.4,26200.382022635047,216.79686,0.34603527824120206,0.5822571207326007,1.0,0.0,0.0,0.0
GC0_FL330,2022-03-01 00:00:00.000000000,-10.000000000000002,45.00000000000001,10058.4,26200.382022635047,216.48128,0.7666209321820323,1.2927888186975633,1.0,1.0,1.0,13.800031261260088
GC0_FL330,2022-03-01 00:01:00.000000000,-9.876312021826006,45.08811854334467,10058.4,26200.382022635047,216.49341,0.7708634718089092,1.299835328577906,1.0,1.0,1.0,13.800027623894355
GC0_FL330,2022-03-01 00:02:00.000000000,-9.752242252140906,45.176103215944366,10058.4,26200.382022635047,216.51826,0.7778229593565676,1.311342546521318,1.0,1.0,1.0,13.800023933454368
GC0_FL330,2022-03-01 00:03:00.000000000,-9.627788920452794,45.263953191638386,10058.4,26200.382022635047,216.55713,0.7878629326196339,1.3279128839778902,1.0,1.0,1.0,13.800020189682812
GC0_FL330,2022-03-01 00:04:00.000000000,-9.5029502525583,45.351667639156055,10058.4,26200.382022635047,216.61243,0.7904382886600971,1.3317378970020621,1.0,1.0,1.0,13.800016392336534
GC0_FL330,2022-03-01 00:05:00.000000000,-9.377724470626134,45.439245722091066,10058.4,26200.382022635047,216.65607,0.7910632677210908,1.332387827265092,1.0,1.0,1.0,13.800012541176311
GC0_FL330,2022-03-01 00:06:00.000000000,-9.252109793282935,45.52668659887586,10058.4,26200.382022635047,216.70491,0.788973062663628,1.328414776919555,1.0,1.0,1.0,13.800008635971807
GC0_FL330,2022-03-01 00:07:00.000000000,-9.126104435701345,45.613989422756205,10058.4,26200.382022635047,216.76184,0.782001317457982,1.3161555445792525,1.0,1.0,1.0,13.800004676501466
GC0_FL330,2022-03-01 00:08:00.000000000,-8.999706609690397,45.701153341765824,10058.4,26200.382022635047,216.81113,0.7691798864283128,1.29413532168363,1.0,1.0,1.0,13.800000662551579
GC0_FL330,2022-03-01 00:09:00.000000000,-8.872914523788092,45.7881774987011,10058.4,26200.382022635047,216.81871,0.7491146848372915,1.2603059933148513,1.0,1.0,1.0,13.799996593917113
GC0_FL330,2022-03-01 00:10:00.000000000,-8.745726383356452,45.87506103109597,10058.4,26200.382022635047,216.82364,0.724417324933994,1.218713909432722,1.0,1.0,1.0,13.799992470403737
GC0_FL330,2022-03-01 00:11:00.000000000,-8.618140390678803,45.96180307119685,10058.4,26200.382022635047,216.79263,0.7087794860179596,1.1926620778668373,1.0,1.0,1.0,13.799988291825057
GC0_FL330,2022-03-01 00:12:00.000000000,-8.490154745059604,46.04840274593778,10058.4,26200.382022635047,216.72784,0.7006787031081283,1.1795656417141702,1.0,1.0,1.0,13.799984058004643
GC0_FL330,2022-03-01 00:13:00.000000000,-8.36176764292664,46.13485917691566,10058.4,26200.382022635047,216.65211,0.6973910118839424,1.1746487752868469,1.0,1.0,1.0,13.799979768777922
GC0_FL330,2022-03-01 00:14:00.000000000,-8.232977277935733,46.22117148036564,10058.4,26200.382022635047,216.55855,0.6999921460323867,1.179798327727604,1.0,1.0,1.0,13.79997542398953
GC0_FL330,2022-03-01 00:15:00.000000000,-8.103781841077932,46.30733876713662,10058.4,26200.382022635047,216.48094,0.7113198881482002,1.1995360598414662,1.0,1.0,1.0,13.799971023496427
GC0_FL330,2022-03-01 00:16:00.000000000,-7.974179520789293,46.39336014266697,10058.4,26200.382022635047,216.41757,0.7287997185885862,1.2295533959955374,1.0,1.0,1.0,13.799966567164596
GC0_FL330,2022-03-01 00:17:00.000000000,-7.844168503063274,46.47923470696041,10058.4,26200.382022635047,216.3892,0.7458219233224596,1.2585170667131074,1.0,1.0,1.0,13.8000335506074
GC0_FL330,2022-03-01 00:18:00.000000000,-7.713744387039283,46.56496062297613,10058.4,26200.382022635047,216.39343,0.7558533197306616,1.2754075355125893,1.0,1.0,1.0,13.800029833224963
GC0_FL330,2022-03-01 00:19:00.000000000,-7.582907908106713,46.65053789712994,10058.4,26200.382022635047,216.42726,0.7613749320258505,1.2844246020847034,1.0,1.0,1.0,13.800025836216795
GC0_FL330,2022-03-01 00:20:00.000000000,-7.451657253716138,46.73596561579989,10058.4,26200.382022635047,216.46965,0.7663276503196794,1.2923976417452767,1.0,1.0,1.0,13.800021784046535
GC0_FL330,2022-03-01 00:21:00.000000000,-7.319990601234423,46.82124285691214,10058.4,26200.382022635047,216.56044,0.7601621162827895,1.2811958043412979,1.0,1.0,1.0,13.800017676565119
GC0_FL330,2022-03-01 00:22:00.000000000,-7.187906126190921,46.90636869283971,10058.4,26200.382022635047,216.66899,0.745070219978023,1.2548135202749784,1.0,1.0,1.0,13.800013513633964
GC0_FL330,2022-03-01 00:23:00.000000000,-7.0554020024062,46.99134219037952,10058.4,26200.382022635047,216.79118,0.7230082224819103,1.2166218735706484,1.0,1.0,1.0,13.800009295126483
GC0_FL330,2022-03-01 00:24:00.000000000,-6.922476402123702,47.07616241072962,10058.4,26200.382022635047,216.94756,0.691308058310854,1.1620044312823872,1.0,1.0,1.0,13.800005020927465
GC0_FL330,2022-03-01 00:25:00.000000000,-6.789127496144292,47.16082840946671,10058.4,26200.382022635047,217.09465,0.6611007465745271,1.1100887365558922,1.0,1.0,1.0,13.800000690938065
GC0_FL330,2022-03-01 00:26:00.000000000,-6.655353453963729,47.24533923652389,10058.4,26200.382022635047,217.20255,0.6444973439871828,1.0813876331790115,1.0,1.0,1.0,13.799996305067978
GC0_FL330,2022-03-01 00:27:00.000000000,-6.521152443913118,47.32969393616862,10058.4,26200.382022635047,217.30988,0.631966537927051,1.0595632354960343,1.0,1.0,1.0,13.799991863244522
GC0_FL330,2022-03-01 00:28:00.000000000,-6.386522633302341,47.41389154698097,10058.4,26200.382022635047,217.37091,0.6256589766926839,1.0485376722243636,1.0,1.0,1.0,13.799987365406142
GC0_FL330,2022-03-01 00:29:00.000000000,-6.251462188566615,47.49793110183218,10058.4,26200.382022635047,217.38055,0.6277073812457578,1.0518961183489834,1.0,1.0,1.0,13.79998281150992
GC0_FL330,2022-03-01 00:30:00.000000000,-6.1159692754160595,47.58181162786344,10058.4,26200.382022635047,217.38051,0.6317069551009258,1.058598803141579,1.0,1.0,1.0,13.799978201523881
GC0_FL330,2022-03-01 00:31:00.000000000,-5.980042058988454,47.66553214646499,10058.4,26200.382022635047,217.36018,0.636807946524307,1.0673007346035348,1.0,1.0,1.0,13.799973535432741
GC0_FL330,2022-03-01 00:32:00.000000000,-5.84367870400512,47.74909167325553,10058.4,26200.382022635047,217.29303,0.6389805528566698,1.0714483603216747,1.0,1.0,1.0,13.799968813237534
GC0_FL330,2022-03-01 00:33:00.000000000,-5.70687737493005,47.832489218061895,10058.4,26200.382022635047,217.22495,0.6464870576740727,1.0845568840640956,1.0,1.0,1.0,13.799964034957233
GC0_FL330,2022-03-01 00:34:00.000000000,-5.569636236132259,47.91572378489917,10058.4,26200.382022635047,217.15657,0.6509539427182274,1.0925745987899271,1.0,1.0,1.0,13.800035855280361
GC0_FL330,2022-03-01 00:35:00.000000000,-5.431950681045849,47.9987933410855,10058.4,26200.382022635047,217.07816,0.6539659935417708,1.0982329716685328,1.0,1.0,1.0,13.80003208062314
GC0_FL330,2022-03-01 00:36:00.000000000,-5.2938216052343305,48.08169789082298,10058.4,26200.382022635047,216.99448,0.6631902230816952,1.114376693620664,1.0,1.0,1.0,13.800027766635571
GC0_FL330,2022-03-01 00:37:00.000000000,-5.155247191271525,48.164436426955106,10058.4,26200.382022635047,216.91743,0.667321402107302,1.1219267484108937,1.0,1.0,1.0,13.800023396612284
GC0_FL330,2022-03-01 00:38:00.000000000,-5.016225604851381,48.24700792994952,10058.4,26200.382022635047,216.83575,0.6702279736695733,1.1274539197943025,1.0,1.0,1.0,13.800018970545228
GC0_FL330,2022-03-01 00:39:00.000000000,-4.876755012439158,48.329411374367055,10058.4,26200.382022635047,216.75739,0.6781995783576874,1.141489091171699,1.0,1.0,1.0,13.800014488442477
GC0_FL330,2022-03-01 00:40:00.000000000,-4.7368335814541895,48.411645728843965,10058.4,26200.382022635047,216.67683,0.6847177399745695,1.1531057798577355,1.0,1.0,1.0,13.800009950331221
GC0_FL330,2022-03-01 00:41:00.000000000,-4.596459480456218,48.493709956074575,10058.4,26200.382022635047,216.62111,0.6877379132844136,1.1586392000310701,1.0,1.0,1.0,13.800005356252322
GC0_FL330,2022-03-01 00:42:00.000000000,-4.455630879335287,48.57560301279429,10058.4,26200.382022635047,216.56558,0.6861766075631655,1.156455431978708,1.0,1.0,1.0,13.800000706269127
GC0_FL330,2022-03-01 00:43:00.000000000,-4.314345949505185,48.6573238497631,10058.4,26200.382022635047,216.51129,0.6825173079027002,1.1507238261287995,1.0,1.0,1.0,13.799996000461707
GC0_FL330,2022-03-01 00:44:00.000000000,-4.172602864100605,48.73887141174949,10058.4,26200.382022635047,216.45653,0.6769777195698503,1.1418156533094268,1.0,1.0,1.0,13.799991238929968
GC0_FL330,2022-03-01 00:45:00.000000000,-4.030399798177934,48.8202446375148,10058.4,26200.382022635047,216.40959,0.6742688623390862,1.1376146707674324,1.0,1.0,1.0,13.79998642179239
GC0_FL330,2022-03-01 00:46:00.000000000,-3.8877349289197967,48.901442459798034,10058.4,26200.382022635047,216.37106,0.6753986535453974,1.1398247610249326,1.0,1.0,1.0,13.799981549189066
GC0_FL330,2022-03-01 00:47:00.000000000,-3.744606435843342,48.98246380530123,10058.4,26200.382022635047,216.33514,0.6754539416881504,1.1402023709490163,1.0,1.0,1.0,13.799976621281434
GC0_FL330,2022-03-01 00:48:00.000000000,-3.601012501012314,49.06330759467523,10058.4,26200.382022635047,216.31323,0.6751191678828782,1.1398092794433843,1.0,1.0,1.0,13.799971638251657
GC0_FL330,2022-03-01 00:49:00.000000000,-3.456951309253031,49.14397274250603,10058.4,26200.382022635047,216.29652,0.6742432355925345,1.1384611744550217,1.0,1.0,1.0,13.799966600302653
GC0_FL330,2022-03-01 00:50:00.000000000,-3.312421048374104,49.22445815730157,10058.4,26200.382022635047,216.27826,0.6725778733976254,1.135791494922381,1.0,1.0,1.0,13.799961507663523
GC0_FL330,2022-03-01 00:51:00.000000000,-3.1674199093902,49.304762741479145,10058.4,26200.382022635047,216.25955,0.6693530621979414,1.1304938582210553,1.0,1.0,1.0,13.80003811560671
GC0_FL330,2022-03-01 00:52:00.000000000,-3.021943131385752,49.3848842512864,10058.4,26200.382022635047,216.2393,0.6657773488443591,1.1246097134981599,1.0,1.0,1.0,13.80003431143209
GC0_FL330,2022-03-01 00:53:00.000000000,-2.875991817593982,49.46482269242153,10058.4,26200.382022635047,216.21019,0.665026586978904,1.1235668228610476,1.0,1.0,1.0,13.80002967563927
GC0_FL330,2022-03-01 00:54:00.000000000,-2.7295641981544376,49.54457695964448,10058.4,26200.382022635047,216.16931,0.6655765399168537,1.1248163515128362,1.0,1.0,1.0,13.800024984324816
GC0_FL330,2022-03-01 00:55:00.000000000,-2.582658479303576,49.62414593078313,10058.4,26200.382022635047,216.1238,0.667688378639961,1.128737954174322,1.0,1.0,1.0,13.800020237683322
GC0_FL330,2022-03-01 00:56:00.000000000,-2.435272871668278,49.703528477519875,10058.4,26200.382022635047,216.0509,0.6734800171982591,1.1390983529786498,1.0,1.0,1.0,13.800015435926571
GC0_FL330,2022-03-01 00:57:00.000000000,-2.2874055905140325,49.78272346538261,10058.4,26200.382022635047,215.95058,0.6820292264608446,1.1543528713079736,1.0,1.0,1.0,13.800010579292724
GC0_FL330,2022-03-01 00:58:00.000000000,-2.139054855997014,49.86172975373617,10058.4,26200.382022635047,215.85983,0.6936952590664888,1.1748286357821784,1.0,1.0,1.0,13.80000566804335
GC0_FL330,2022-03-01 00:59:00.000000000,-1.990218893420634,49.940546195774644,10058.4,26200.382022635047,215.75197,0.707161914627016,1.1985192827011473,1.0,1.0,1.0,13.800000702464757
GC0_FL330,2022-03-01 01:00:00.000000000,-1.840895933496165,50.01917163851421,10058.4,26200.382022635047,215.6499,0.727842901126495,1.2344277136283004,1.0,1.0,1.0,13.799995682868577
GC0_FL330,2022-03-01 01:01:00.000000000,-1.6910842126076457,50.09760492278672,10058.4,26200.382022635047,215.58119,0.7477363062612458,1.2687610176632498,1.0,1.0,1.0,13.799990609591623
GC0_FL330,2022-03-01 01:02:00.000000000,-1.540781973081079,50.17584488323394,10058.4,26200.382022635047,215.55289,0.7592556521872527,1.288553637495456,1.0,1.0,1.0,13.799985482999908
GC0_FL330,2022-03-01 01:03:00.000000000,-1.3899874634580285,50.2538903483026,10058.4,26200.382022635047,215.54803,0.7679331894145012,1.3033270634792546,1.0,1.0,1.0,13.799980303483485
GC0_FL330,2022-03-01 01:04:00.000000000,-1.2386989387734455,50.33174014024005,10058.4,26200.382022635047,215.56386,0.7747694921554149,1.3147855738579055,1.0,1.0,1.0,13.799975071460995
GC0_FL330,2022-03-01 01:05:00.000000000,-1.0869146608380469,50.409393075090854,10058.4,26200.382022635047,215.63008,0.7552369974625249,1.281061805129535,1.0,1.0,1.0,13.799969787382079
GC0_FL330,2022-03-01 01:06:00.000000000,-0.9346328985249368,50.48684796269396,10058.4,26200.382022635047,215.68425,0.7333617220821302,1.2434975786664106,1.0,1.0,1.0,13.799964451722667
GC0_FL330,2022-03-01 01:07:00.000000000,-0.7818519280607622,50.56410360668077,10058.4,26200.382022635047,215.74464,0.7113788019709569,1.2057240150087547,1.0,1.0,1.0,13.79995906498832
GC0_FL330,2022-03-01 01:08:00.000000000,-0.6285700333214097,50.64115880447403,10058.4,26200.382022635047,215.79257,0.6932622161050411,1.1746334666894709,1.0,1.0,1.0,13.800040250558894
GC0_FL330,2022-03-01 01:09:00.000000000,-0.47478237482134333,50.71801108774824,10058.4,26200.382022635047,215.82993,0.6775520000711789,1.1477220683372888,1.0,1.0,1.0,13.800036449888243
GC0_FL330,2022-03-01 01:10:00.000000000,-0.3204903233010431,50.79466047002034,10058.4,26200.382022635047,215.84984,0.6674912547085118,1.130528240912301,1.0,1.0,1.0,13.800031495581349
GC0_FL330,2022-03-01 01:11:00.000000000,-0.16569222733307076,50.87110574593124,10058.4,26200.382022635047,215.8715,0.6574712466743842,1.1133921088623941,1.0,1.0,1.0,13.80002648819227
GC0_FL330,2022-03-01 01:12:00.000000000,-0.01038640460530521,50.94734568796158,10058.4,26200.382022635047,215.8892,0.6482413279431498,1.097628004140671,1.0,1.0,1.0,13.800021428178642
GC0_FL330,2022-03-01 01:13:00.000000000,0.14542881799142826,51.02337906239046,10058.4,26200.382022635047,215.86078,0.6451013332853963,1.092520479280617,1.0,1.0,1.0,13.800016316031584
GC0_FL330,2022-03-01 01:14:00.000000000,0.30175510404023853,51.099204629299564,10058.4,26200.382022635047,215.83002,0.6449320279393325,1.0924658769710913,1.0,1.0,1.0,13.80001115226905
GC0_FL330,2022-03-01 01:15:00.000000000,0.45859410727043437,51.17482114257816,10058.4,26200.382022635047,215.79367,0.6491732234517807,1.0999231842454569,1.0,1.0,1.0,13.8000059374454
GC0_FL330,2022-03-01 01:16:00.000000000,0.6159474712251815,51.25022734992915,10058.4,26200.382022635047,215.74626,0.6597414089320759,1.1181917265085592,1.0,1.0,1.0,13.800000672141353
GC0_FL330,2022-03-01 01:17:00.000000000,0.7738168289243615,51.325421992876,10058.4,26200.382022635047,215.70091,0.6647481649777315,1.1270274341411408,1.0,1.0,1.0,13.7999953569759
GC0_FL330,2022-03-01 01:18:00.000000000,0.932203802522942,51.400403806770754,10058.4,26200.382022635047,215.66718,0.6701028239347712,1.136365890438881,1.0,1.0,1.0,13.799989992598045
GC0_FL330,2022-03-01 01:19:00.000000000,1.0911100029643799,51.47517152080301,10058.4,26200.382022635047,215.62888,0.6777289028667427,1.149596956331963,1.0,1.0,1.0,13.79998457969091
GC0_FL330,2022-03-01 01:20:00.000000000,1.2505370296295943,51.549723858009905,10058.4,26200.382022635047,215.59267,0.6844414579103039,1.1612721352028132,1.0,1.0,1.0,13.799979118975191
GC0_FL330,2022-03-01 01:21:00.000000000,1.410486469980993,51.62405953528727,10058.4,26200.382022635047,215.5798,0.690224577141354,1.1711884980472047,1.0,1.0,1.0,13.799973611204168
GC0_FL330,2022-03-01 01:22:00.000000000,1.570959899201897,51.698177263401696,10058.4,26200.382022635047,215.5603,0.6979445872896679,1.1844445180768897,1.0,1.0,1.0,13.799968057170684
GC0_FL330,2022-03-01 01:23:00.000000000,1.7319588798311787,51.77207574700383,10058.4,26200.382022635047,215.55025,0.7041180606063375,1.1950013179378285,1.0,1.0,1.0,13.799962457699413
GC0_FL330,2022-03-01 01:24:00.000000000,1.8934849613930664,51.84575368464275,10058.4,26200.382022635047,215.55177,0.709538943533336,1.2041889350944013,1.0,1.0,1.0,13.799956813657149
GC0_FL330,2022-03-01 01:25:00.000000000,2.055539680022396,51.91920976878139,10058.4,26200.382022635047,215.55319,0.7156859118508333,1.2146094204998423,1.0,1.0,1.0,13.800042154299087
GC0_FL330,2022-03-01 01:26:00.000000000,2.2181278486239693,51.99244129650124,10058.4,26200.382022635047,215.553,0.721786717294796,1.2249643131286871,1.0,1.0,1.0,13.800038395347975
GC0_FL330,2022-03-01 01:27:00.000000000,2.381247755746821,52.06544829902248,10058.4,26200.382022635047,215.55849,0.7298543396633042,1.2386090999080683,1.0,1.0,1.0,13.800033137066887
GC0_FL330,2022-03-01 01:28:00.000000000,2.5449008423555197,52.13822947261712,10058.4,26200.382022635047,215.56215,0.7353614130630695,1.2479289708460608,1.0,1.0,1.0,13.800027830685213
GC0_FL330,2022-03-01 01:29:00.000000000,2.7090885869023626,52.210783485473385,10058.4,26200.382022635047,215.56152,0.7354132985572356,1.2480187526913944,1.0,1.0,1.0,13.800022477008898
GC0_FL330,2022-03-01 01:30:00.000000000,2.873812452494847,52.283108999789214,10058.4,26200.382022635047,215.55354,0.7270822317751738,1.233947733483969,1.0,1.0,1.0,13.800017076881304
GC0_FL330,2022-03-01 01:31:00.000000000,3.039073886492103,52.35520467179508,10058.4,26200.382022635047,215.54298,0.7207281569856493,1.2232519640477457,1.0,1.0,1.0,13.8000116311833
GC0_FL330,2022-03-01 01:32:00.000000000,3.204874320096632,52.42706915177804,10058.4,26200.382022635047,215.52777,0.7203468151597691,1.2227303513035879,1.0,1.0,1.0,13.80000614083744
GC0_FL330,2022-03-01 01:33:00.000000000,3.3712151679413354,52.498701084107154,10058.4,26200.382022635047,215.51045,0.7155378742950791,1.2147123785355272,1.0,1.0,1.0,13.800000606803097
GC0_FL330,2022-03-01 01:34:00.000000000,3.538097827671728,52.57009910726018,10058.4,26200.382022635047,215.49832,0.7093562321365432,1.204317981770899,1.0,1.0,1.0,13.799995030082775
GC0_FL330,2022-03-01 01:35:00.000000000,3.705523679523632,52.64126185385161,10058.4,26200.382022635047,215.49123,0.7018069226739501,1.1915568154499891,1.0,1.0,1.0,13.799989411721297
GC0_FL330,2022-03-01 01:36:00.000000000,3.8734940858960045,52.71218795066221,10058.4,26200.382022635047,215.48624,0.6894170306466818,1.1705601021707515,1.0,1.0,1.0,13.799983752801687
GC0_FL330,2022-03-01 01:37:00.000000000,4.04201039091922,52.78287601866978,10058.4,26200.382022635047,215.48883,0.6772535901138164,1.1498873729516863,1.0,1.0,1.0,13.799978054452163
GC0_FL330,2022-03-01 01:38:00.000000000,4.211073920018708,52.853324673081396,10058.4,26200.382022635047,215.50957,0.6710253408426982,1.1391511548812678,1.0,1.0,1.0,13.799972317845754
GC0_FL330,2022-03-01 01:39:00.000000000,4.380685979473958,52.92353252336716,10058.4,26200.382022635047,215.53523,0.6639753163193095,1.126986397597496,1.0,1.0,1.0,13.79996654419649
GC0_FL330,2022-03-01 01:40:00.000000000,4.550847855972988,52.993498173295265,10058.4,26200.382022635047,215.56242,0.6532200755857607,1.1085271753923032,1.0,1.0,1.0,13.799960734763747
GC0_FL330,2022-03-01 01:41:00.000000000,4.72156081616213,53.06322022096875,10058.4,26200.382022635047,215.59688,0.6375505710343299,1.0816815931792572,1.0,1.0,1.0,13.799954890854742
GC0_FL330,2022-03-01 01:42:00.000000000,4.892826106191535,53.13269725886355,10058.4,26200.382022635047,215.62746,0.6210291097348358,1.0534321667647537,1.0,1.0,1.0,13.80004369387429
GC0_FL330,2022-03-01 01:43:00.000000000,5.064648373766797,53.201926344915194,10058.4,26200.382022635047,215.64679,0.6081675926521065,1.031477811942528,1.0,1.0,1.0,13.800040019521948
GC0_FL330,2022-03-01 01:44:00.000000000,5.237025480446346,53.270907542595175,10058.4,26200.382022635047,215.64784,0.6067189535921323,1.0290148890496087,1.0,1.0,1.0,13.800034486742401
GC0_FL330,2022-03-01 01:45:00.000000000,5.409958542016128,53.339639456889614,10058.4,26200.382022635047,215.6578,0.6084470081388734,1.0318756449311073,1.0,1.0,1.0,13.800028914083532
GC0_FL330,2022-03-01 01:46:00.000000000,5.583448717588524,53.40812065808024,10058.4,26200.382022635047,215.66698,0.6141157827636082,1.0414236110170387,1.0,1.0,1.0,13.80002330277767
GC0_FL330,2022-03-01 01:47:00.000000000,5.757497143428711,53.47634971103695,10058.4,26200.382022635047,215.67049,0.6243129509229981,1.058691705709478,1.0,1.0,1.0,13.800017654102959
GC0_FL330,2022-03-01 01:48:00.000000000,5.932104932473757,53.54432517526539,10058.4,26200.382022635047,215.70038,0.6355335479671823,1.0774999110576877,1.0,1.0,1.0,13.800011969384423
GC0_FL330,2022-03-01 01:49:00.000000000,6.10727317384737,53.612045604956435,10058.4,26200.382022635047,215.73921,0.647400329063613,1.0973284366014082,1.0,1.0,1.0,13.800006249993439
GC0_FL330,2022-03-01 01:50:00.000000000,6.283002932370696,53.679509549037114,10058.4,26200.382022635047,215.78123,0.6592311671190527,1.117060581083328,1.0,1.0,1.0,13.800000497350158
GC0_FL330,2022-03-01 01:51:00.000000000,6.459295248068937,53.746715551223396,10058.4,26200.382022635047,215.83896,0.6721774733832563,1.1385488435606856,1.0,1.0,1.0,13.799994712920459
GC0_FL330,2022-03-01 01:52:00.000000000,6.636151135673946,53.81366215007467,10058.4,26200.382022635047,215.9027,0.6811743787405923,1.1532865732958424,1.0,1.0,1.0,13.799988898221487
GC0_FL330,2022-03-01 01:53:00.000000000,6.8135715841229665,53.88034787904993,10058.4,26200.382022635047,215.96097,0.6780643816708157,1.1475597335657417,1.0,1.0,1.0,13.799983054817007
GC0_FL330,2022-03-01 01:54:00.000000000,6.991557556053451,53.94677126656574,10058.4,26200.382022635047,216.01387,0.6644772353866996,1.1241557075161612,1.0,1.0,1.0,13.79997718432221
GC0_FL330,2022-03-01 01:55:00.000000000,7.170109987294104,54.01293083605608,10058.4,26200.382022635047,216.06804,0.6370849871010293,1.077414281675674,1.0,1.0,1.0,13.799971288402922
GC0_FL330,2022-03-01 01:56:00.000000000,7.349229786352257,54.07882510603384,10058.4,26200.382022635047,216.1174,0.5917411316977316,1.00038993804755,1.0,1.0,1.0,13.799965368775869
GC0_FL330,2022-03-01 01:57:00.000000000,7.5289178338974985,54.144452590154366,10058.4,26200.382022635047,216.1616,0.5615015940270807,0.9489813692836898,1.0,0.0,0.0,13.799959427205792
GC0_FL330,2022-03-01 01:58:00.000000000,7.709174982241969,54.20981179728059,10058.4,26200.382022635047,216.20558,0.5283031820296821,0.8926026631131915,1.0,0.0,0.0,13.799953465513312
GC0_FL330,2022-03-01 01:59:00.000000000,7.890002054816966,54.2749012315503,10058.4,26200.382022635047,216.25433,0.4922081723818374,0.8313378332766164,1.0,0.0,0.0,13.800044709298199
GC0_FL330,2022-03-01 02:00:00.000000000,8.07140336006643,54.3397177150441,10058.4,26200.382022635047,216.30516,0.4580535977247203,0.7733795891804106,1.0,0.0,0.0,13.800041165932434
GC0_FL330,2022-03-01 02:01:00.000000000,8.253376235746266,54.4042613638653,10058.4,26200.382022635047,216.36118,0.4278112237079058,0.7220389171646366,1.0,0.0,0.0,13.80003540717797
GC0_FL330,2022-03-01 02:02:00.000000000,8.435921335887098,54.46853070587913,10058.4,26200.382022635047,216.41902,0.4037734141178779,0.681196898843347,1.0,0.0,0.0,13.800029620699759
GC0_FL330,2022-03-01 02:03:00.000000000,8.61903936252284,54.532524226953534,10058.4,26200.382022635047,216.47949,0.38806656932396627,0.6544240153039026,1.0,0.0,0.0,13.800023808234585
GC0_FL330,2022-03-01 02:04:00.000000000,8.802730986129248,54.5962404085977,10058.4,26200.382022635047,216.5409,0.376147702416262,0.6340537304770877,1.0,0.0,0.0,13.80001797157137
GC0_FL330,2022-03-01 02:05:00.000000000,8.986996845082029,54.659677728041075,10058.4,26200.382022635047,216.60161,0.3645781628159502,0.6142930694882716,1.0,0.0,0.0,13.80001211255036
GC0_FL330,2022-03-01 02:06:00.000000000,9.171837545112288,54.72283465831418,10058.4,26200.382022635047,216.65196,0.36076088747042057,0.6076466797197566,1.0,0.0,0.0,13.800006233064313
GC0_FL330,2022-03-01 02:07:00.000000000,9.357253658759396,54.785709668331585,10058.4,26200.382022635047,216.7018,0.3540580622806064,0.5961509317938576,1.0,0.0,0.0,13.800000335060249
GC0_FL330,2022-03-01 02:08:00.000000000,9.543245724821515,54.84830122297688,10058.4,26200.382022635047,216.74019,0.34954927777602635,0.588403086613261,1.0,0.0,0.0,13.79999442053751
GC0_FL330,2022-03-01 02:09:00.000000000,9.729814247803706,54.91060778318973,10058.4,26200.382022635047,216.76321,0.35090481911087873,0.5905888959935172,1.0,0.0,0.0,13.799988491549682
GC0_FL330,2022-03-01 02:10:00.000000000,9.916959697363977,54.97262780605501,10058.4,26200.382022635047,216.78554,0.34903126828675274,0.5873435644218163,1.0,0.0,0.0,6.1100550360113415
GC0_FL330,2022-03-01 02:10:26.566305980,10.0,55.0,10058.4,26200.382022635047,216.80293,0.3453085520320822,0.5810092374174602,1.0,0.0,0.0,0.0
NW150_FL330,2022-03-01 00:00:00.000000000,-10.000000000000002,45.00000000000001,10058.4,26200.382022635047,216.48128,0.7666209321820323,1.2927888186975633,1.0,1.0,1.0,13.800014615529586
NW150_FL330,2022-03-01 00:01:00.000000000,-9.911943680217473,45.10739059751919,10058.4,26200.382022635047,216.4661,0.767129050568974,1.2937833008814357,1.0,1.0,1.0,13.800013510743517
NW150_FL330,2022-03-01 00:02:00.000000000,-9.823535417039643,45.21470503205091,10058.4,26200.382022635047,216.46167,0.7701157304020418,1.298857522689786,1.0,1.0,1.0,13.800012336604626
NW150_FL330,2022-03-01 00:03:00.000000000,-9.734752775491534,45.32193450949788,10058.4,26200.382022635047,216.4851,0.7688067462600512,1.2964399100253332,1.0,1.0,1.0,13.800011102228465
NW150_FL330,2022-03-01 00:04:00.000000000,-9.64557321962325,45.4290701602766,10058.4,26200.382022635047,216.51584,0.7657567638185822,1.2910245388976846,1.0,1.0,1.0,13.800009817596628
NW150_FL330,2022-03-01 00:05:00.000000000,-9.555974120765597,45.53610303447345,10058.4,26200.382022635047,216.55676,0.7597215416136859,1.2804840831602857,1.0,1.0,1.0,13.800008493466299
NW150_FL330,2022-03-01 00:06:00.000000000,-9.465932766099801,45.64302409705574,10058.4,26200.382022635047,216.61967,0.7462186584362945,1.2571753204665903,1.0,1.0,1.0,13.8000071412585
NW150_FL330,2022-03-01 00:07:00.000000000,-9.37542636757764,45.74982422315823,10058.4,26200.382022635047,216.67517,0.7332480288751952,1.2348476410069555,1.0,1.0,1.0,13.800005772917848
NW150_FL330,2022-03-01 00:08:00.000000000,-9.284432071228174,45.85649419346592,10058.4,26200.382022635047,216.74586,0.7095406452420061,1.1943343743741248,1.0,1.0,1.0,13.800004400762623
NW150_FL330,2022-03-01 00:09:00.000000000,-9.192926966886413,45.96302468971482,10058.4,26200.382022635047,216.80568,0.6796683711814389,1.143575423685436,1.0,1.0,1.0,13.800003037318143
NW150_FL330,2022-03-01 00:10:00.000000000,-9.100888098379096,46.069406290332594,10058.4,26200.382022635047,216.84804,0.6424138990316612,1.0805741209971418,1.0,1.0,1.0,13.800001695131416
NW150_FL330,2022-03-01 00:11:00.000000000,-9.008292474201193,46.175629466241716,10058.4,26200.382022635047,216.88306,0.6024263999987631,1.0130651944987838,1.0,1.0,1.0,13.800000386583605
NW150_FL330,2022-03-01 00:12:00.000000000,-8.915117078716126,46.2816845768484,10058.4,26200.382022635047,216.84158,0.5868920180987673,0.9872286701318919,1.0,0.0,0.0,13.799999123681374
NW150_FL330,2022-03-01 00:13:00.000000000,-8.82133888391088,46.38756186624089,10058.4,26200.382022635047,216.75482,0.5849889637427497,0.9846202445001152,1.0,0.0,0.0,13.799997917859939
NW150_FL330,2022-03-01 00:14:00.000000000,-8.726934861735826,46.49325145962168,10058.4,26200.382022635047,216.66768,0.5857308910633131,0.9864690045754481,1.0,0.0,0.0,13.799996779771385
NW150_FL330,2022-03-01 00:15:00.000000000,-8.631881997057086,46.59874335999853,10058.4,26200.382022635047,216.56029,0.5952053473967377,1.0031731169283666,1.0,1.0,1.0,13.799995719077321
NW150_FL330,2022-03-01 00:16:00.000000000,-8.536157301247139,46.70402744515966,10058.4,26200.382022635047,216.4773,0.606160184373499,1.0222252684951065,1.0,1.0,1.0,13.79999474425429
NW150_FL330,2022-03-01 00:17:00.000000000,-8.439737826436936,46.809093464959474,10058.4,26200.382022635047,216.42715,0.6091241796615249,1.027580725136806,1.0,1.0,1.0,13.799993862396043
NW150_FL330,2022-03-01 00:18:00.000000000,-8.342600680450126,46.91393103894103,10058.4,26200.382022635047,216.39679,0.6067480575716372,1.0237868333331615,1.0,1.0,1.0,13.799993079039334
NW150_FL330,2022-03-01 00:19:00.000000000,-8.244723042436963,47.01852965432236,10058.4,26200.382022635047,216.37839,0.6016507731357741,1.0153139433899263,1.0,1.0,1.0,13.79999239800333
NW150_FL330,2022-03-01 00:20:00.000000000,-8.146082179222427,47.12287866437407,10058.4,26200.382022635047,216.39992,0.5883769968103799,0.9927686263637083,1.0,0.0,0.0,13.799991821243808
NW150_FL330,2022-03-01 00:21:00.000000000,-8.046655462379125,47.22696728721557,10058.4,26200.382022635047,216.43399,0.5761459577891619,0.9718992105320564,1.0,0.0,0.0,13.79999134873503
NW150_FL330,2022-03-01 00:22:00.000000000,-7.946420386032092,47.33078460505782,10058.4,26200.382022635047,216.47533,0.5679833284925359,0.9578556852266851,1.0,0.0,0.0,13.799990978379531
NW150_FL330,2022-03-01 00:23:00.000000000,-7.845354585398439,47.434319563920425,10058.4,26200.382022635047,216.55182,0.5598254316085417,0.9435974557424077,1.0,0.0,0.0,13.799990705942896
NW150_FL330,2022-03-01 00:24:00.000000000,-7.743435856059993,47.537560973850695,10058.4,26200.382022635047,216.6445,0.5501497136948766,0.9266942100944425,1.0,0.0,0.0,13.799990525026583
NW150_FL330,2022-03-01 00:25:00.000000000,-7.640642173962943,47.64049750967218,10058.4,26200.382022635047,216.7151,0.5436007947679075,0.9152128623368029,1.0,0.0,0.0,13.799990427059264
NW150_FL330,2022-03-01 00:26:00.000000000,-7.536951716133178,47.743117712289695,10058.4,26200.382022635047,216.82504,0.5306663336013911,0.8927509593676971,1.0,0.0,0.0,13.799990401351167
NW150_FL330,2022-03-01 00:27:00.000000000,-7.432342882090881,47.84540999057738,10058.4,26200.382022635047,216.91872,0.5199089280452975,0.8740810455332199,1.0,0.0,0.0,13.799990435152703
NW150_FL330,2022-03-01 00:28:00.000000000,-7.32679431594254,47.94736262387532,10058.4,26200.382022635047,217.00822,0.5084081267098699,0.8542109530284633,1.0,0.0,0.0,13.799990513782763
NW150_FL330,2022-03-01 00:29:00.000000000,-7.220284929122936,48.04896376511957,10058.4,26200.382022635047,217.08414,0.4969330629261158,0.8344863514968157,1.0,0.0,0.0,13.799990620759637
NW150_FL330,2022-03-01 00:30:00.000000000,-7.112793923753648,48.15020144462874,10058.4,26200.382022635047,217.13239,0.49073106945505984,0.8237913537507968,1.0,0.0,0.0,13.799990738007454
NW150_FL330,2022-03-01 00:31:00.000000000,-7.00430081657882,48.251063574569415,10058.4,26200.382022635047,217.1781,0.484982970124552,0.8138823334540176,1.0,0.0,0.0,13.799990846062991
NW150_FL330,2022-03-01 00:32:00.000000000,-6.894785463432784,48.351537954120296,10058.4,26200.382022635047,217.19244,0.48502675496991676,0.8138740049679204,1.0,0.0,0.0,13.79999092434128
NW150_FL330,2022-03-01 00:33:00.000000000,-6.784228084187853,48.45161227535354,10058.4,26200.382022635047,217.19687,0.4866385984253318,0.8165521745224904,1.0,0.0,0.0,13.79999095142065
NW150_FL330,2022-03-01 00:34:00.000000000,-6.672609288124424,48.55127412984912,10058.4,26200.382022635047,217.20113,0.4884020585157469,0.8194872731072292,1.0,0.0,0.0,13.799990905357314
NW150_FL330,2022-03-01 00:35:00.000000000,-6.559910099659522,48.650511016055766,10058.4,26200.382022635047,217.19312,0.48724818063612013,0.8175979316743526,1.0,0.0,0.0,13.799990764032621
NW150_FL330,2022-03-01 00:36:00.000000000,-6.446111984363311,48.74931034740906,10058.4,26200.382022635047,217.15448,0.48773311726385143,0.8186333048305773,1.0,0.0,0.0,13.799990505510175
NW150_FL330,2022-03-01 00:37:00.000000000,-6.331196875187807,48.84765946121438,10058.4,26200.382022635047,217.1396,0.4821163664320995,0.8092917674426626,1.0,0.0,0.0,13.799990108416592
NW150_FL330,2022-03-01 00:38:00.000000000,-6.215147198825244,48.94554562829887,10058.4,26200.382022635047,217.1033,0.4769628465700602,0.8008424823653989,1.0,0.0,0.0,13.799989552329267
NW150_FL330,2022-03-01 00:39:00.000000000,-6.097945902109083,49.04295606343325,10058.4,26200.382022635047,217.06433,0.4790801462966136,0.804618763254875,1.0,0.0,0.0,13.799988818168638
NW150_FL330,2022-03-01 00:40:00.000000000,-5.979576478364332,49.13987793652022,10058.4,26200.382022635047,217.03577,0.4804363261725039,0.8070573635510991,1.0,0.0,0.0,13.799987888596085
NW150_FL330,2022-03-01 00:41:00.000000000,-5.860022993609616,49.23629838454239,10058.4,26200.382022635047,216.99042,0.4783785496261302,0.8038557245201793,1.0,0.0,0.0,13.799986748391927
NW150_FL330,2022-03-01 00:42:00.000000000,-5.739270112508919,49.33220452425832,10058.4,26200.382022635047,216.97649,0.4699079986857309,0.789699783991782,1.0,0.0,0.0,13.799985384831924
NW150_FL330,2022-03-01 00:43:00.000000000,-5.617303123966524,49.42758346563079,10058.4,26200.382022635047,216.96725,0.464356521662755,0.7804198465466514,1.0,0.0,0.0,13.799983788033904
NW150_FL330,2022-03-01 00:44:00.000000000,-5.4941079662560375,49.52242232596687,10058.4,26200.382022635047,216.96402,0.44815295729755705,0.7532039393621042,1.0,0.0,0.0,13.799981951284067
NW150_FL330,2022-03-01 00:45:00.000000000,-5.369671251570929,49.61670824474481,10058.4,26200.382022635047,216.99568,0.4341613737929455,0.7295275002477706,1.0,0.0,0.0,13.799979871326002
NW150_FL330,2022-03-01 00:46:00.000000000,-5.243980289882591,49.710428399097715,10058.4,26200.382022635047,217.02815,0.4208599944858411,0.7070150752020725,1.0,0.0,0.0,13.799977548611706
NW150_FL330,2022-03-01 00:47:00.000000000,-5.117023111990287,49.803570019919526,10058.4,26200.382022635047,217.07996,0.4074744593012073,0.6842807629501777,1.0,0.0,0.0,13.799974987505227
NW150_FL330,2022-03-01 00:48:00.000000000,-4.988788491647018,49.896120408553536,10058.4,26200.382022635047,217.148,0.39151973807338397,0.6571744098774894,1.0,0.0,0.0,13.799972196443608
NW150_FL330,2022-03-01 00:49:00.000000000,-4.85926596664584,49.98806695401959,10058.4,26200.382022635047,217.2044,0.38209216697791354,0.6410961026845354,1.0,0.0,0.0,13.79996918802526
NW150_FL330,2022-03-01 00:50:00.000000000,-4.728445858752139,50.079397150730635,10058.4,26200.382022635047,217.27014,0.37492053086595994,0.6287717794516212,1.0,0.0,0.0,13.799965979069924
NW150_FL330,2022-03-01 00:51:00.000000000,-4.596319292369935,50.17009861664571,10058.4,26200.382022635047,217.3263,0.3650610371360665,0.6119942312339072,1.0,0.0,0.0,13.799962590579305
NW150_FL330,2022-03-01 00:52:00.000000000,-4.462878211833166,50.26015911180118,10058.4,26200.382022635047,217.37845,0.35586778290088,0.5963630848207447,1.0,0.0,0.0,13.799959047664926
NW150_FL330,2022-03-01 00:53:00.000000000,-4.328115397217069,50.34956655715893,10058.4,26200.382022635047,217.41095,0.351469640192816,0.5888570770089088,1.0,0.0,0.0,13.799955379398677
NW150_FL330,2022-03-01 00:54:00.000000000,-4.192024478569649,50.43830905370571,10058.4,26200.382022635047,217.43535,0.3486929299130006,0.5841042060039134,1.0,0.0,0.0,13.799951618596008
NW150_FL330,2022-03-01 00:55:00.000000000,-4.05459994846935,50.526374901734854,10058.4,26200.382022635047,217.44336,0.34923881584901384,0.5849862543250045,1.0,0.0,0.0,13.799947801542151
NW150_FL330,2022-03-01 00:56:00.000000000,-3.915837172821923,50.61375262023863,10058.4,26200.382022635047,217.43921,0.3548852103045246,0.5944612064902112,1.0,0.0,0.0,13.799961634315533
NW150_FL330,2022-03-01 00:57:00.000000000,-3.775730534366871,50.70042998100058,10058.4,26200.382022635047,217.43324,0.3647232494804758,0.6109667850290067,1.0,0.0,0.0,13.800015187556577
NW150_FL330,2022-03-01 00:58:00.000000000,-3.634272966085093,50.78639370865784,10058.4,26200.382022635047,217.37929,0.37471147361420465,0.627937150019217,1.0,0.0,0.0,13.800009923240955
NW150_FL330,2022-03-01 00:59:00.000000000,-3.491468425213449,50.87163617748502,10058.4,26200.382022635047,217.29903,0.3910280585354339,0.655651055006033,1.0,0.0,0.0,13.800004456466626
NW150_FL330,2022-03-01 01:00:00.000000000,-3.3473158711349957,50.956146985350514,10058.4,26200.382022635047,217.21727,0.40923183606491875,0.6865694176583605,1.0,0.0,0.0,13.799998839363584
NW150_FL330,2022-03-01 01:01:00.000000000,-3.201815162333295,51.03991604591398,10058.4,26200.382022635047,217.10893,0.4278675386607668,0.7183807144868447,1.0,0.0,0.0,13.799993126409735
NW150_FL330,2022-03-01 01:02:00.000000000,-3.0549670550937402,51.122933607024926,10058.4,26200.382022635047,216.99138,0.44246702096521684,0.74350695083552,1.0,0.0,0.0,13.799987373795798
NW150_FL330,2022-03-01 01:03:00.000000000,-2.9067732000863327,51.20519026867862,10058.4,26200.382022635047,216.90213,0.45469587630277386,0.7645322538422491,1.0,0.0,0.0,13.799981638763203
NW150_FL330,2022-03-01 01:04:00.000000000,-2.75723613682413,51.28667700045241,10058.4,26200.382022635047,216.81679,0.470362238075212,0.7913454162861053,1.0,0.0,0.0,13.799975978917063
NW150_FL330,2022-03-01 01:05:00.000000000,-2.6063592860038653,51.367385158347936,10058.4,26200.382022635047,216.73175,0.48481391278204783,0.8161443040096906,1.0,0.0,0.0,13.799970451534813
NW150_FL330,2022-03-01 01:06:00.000000000,-2.4541469397475377,51.44730650096773,10058.4,26200.382022635047,216.67029,0.49831421075699384,0.8392283087988148,1.0,0.0,0.0,13.799965112869177
NW150_FL330,2022-03-01 01:07:00.000000000,-2.300604249774821,51.526433204957165,10058.4,26200.382022635047,216.60762,0.5085518255157655,0.8568443167422873,1.0,0.0,0.0,13.799960017463881
NW150_FL330,2022-03-01 01:08:00.000000000,-2.145737213549071,51.60475787964777,10058.4,26200.382022635047,216.5345,0.5159800206576692,0.8698003056188053,1.0,0.0,0.0,13.799955217494318
NW150_FL330,2022-03-01 01:09:00.000000000,-1.9895526584501013,51.682273580841326,10058.4,26200.382022635047,216.48047,0.5228855971321272,0.8817724815809201,1.0,0.0,0.0,13.799950762132118
NW150_FL330,2022-03-01 01:10:00.000000000,-1.832058224038491,51.758973823679455,10058.4,26200.382022635047,216.4317,0.5252278184747866,0.8860196526353193,1.0,0.0,0.0,13.799946696952656
NW150_FL330,2022-03-01 01:11:00.000000000,-1.6732623424866224,51.83485259454882,10058.4,26200.382022635047,216.38086,0.5257834153814425,0.8872716073386007,1.0,0.0,0.0,13.799943063395368
NW150_FL330,2022-03-01 01:12:00.000000000,-1.513174217261294,51.909904361977446,10058.4,26200.382022635047,216.34038,0.5258724160121141,0.8876687500290511,1.0,0.0,0.0,13.799939898272926
NW150_FL330,2022-03-01 01:13:00.000000000,-1.3518038001522044,51.98412408648381,10058.4,26200.382022635047,216.30673,0.5233412856812594,0.8836018312557431,1.0,0.0,0.0,13.799939745243607
NW150_FL330,2022-03-01 01:14:00.000000000,-1.1891615462200298,52.057507082236924,10058.4,26200.382022635047,216.27644,0.5214303874723789,0.8805587881198814,1.0,0.0,0.0,13.800020924011612
NW150_FL330,2022-03-01 01:15:00.000000000,-1.0252518319892376,52.13004458185368,10058.4,26200.382022635047,216.25725,0.5192448614390909,0.8769846704041137,1.0,0.0,0.0,13.800013978858964
NW150_FL330,2022-03-01 01:16:00.000000000,-0.8600941937770141,52.20173800568454,10058.4,26200.382022635047,216.25702,0.5135223884277259,0.8673205132851709,1.0,0.0,0.0,13.800007477983955
NW150_FL330,2022-03-01 01:17:00.000000000,-0.6937013373187131,52.27258437763797,10058.4,26200.382022635047,216.2552,0.5077124405938239,0.8575184240271951,1.0,0.0,0.0,13.800001452770012
NW150_FL330,2022-03-01 01:18:00.000000000,-0.5260865789675423,52.34258124591907,10058.4,26200.382022635047,216.25093,0.5011849600009308,0.8465184666795692,1.0,0.0,0.0,13.799995928589095
NW150_FL330,2022-03-01 01:19:00.000000000,-0.35726381511859207,52.4117266860437,10058.4,26200.382022635047,216.25616,0.4930582634988315,0.8327625330805866,1.0,0.0,0.0,13.79999092471825
NW150_FL330,2022-03-01 01:20:00.000000000,-0.1872474908346242,52.480019302721765,10058.4,26200.382022635047,216.26416,0.4845819498594112,0.8184017451053305,1.0,0.0,0.0,13.799986454317708
NW150_FL330,2022-03-01 01:21:00.000000000,-0.0160525678074433,52.54745823062341,10058.4,26200.382022635047,216.26399,0.47702665720109394,0.8056429695427753,1.0,0.0,0.0,13.799982524503399
NW150_FL330,2022-03-01 01:22:00.000000000,0.15630550821031364,52.614043134048934,10058.4,26200.382022635047,216.22665,0.47908642654559563,0.8093304159133335,1.0,0.0,0.0,13.79997913648606
NW150_FL330,2022-03-01 01:23:00.000000000,0.329810840369795,52.67977420552756,10058.4,26200.382022635047,216.19171,0.4805621070240548,0.8120185390211982,1.0,0.0,0.0,13.799976285786364
NW150_FL330,2022-03-01 01:24:00.000000000,0.5044471139547051,52.74465216337665,10058.4,26200.382022635047,216.16077,0.48160503993652226,0.8139518335354631,1.0,0.0,0.0,13.799973962517008
NW150_FL330,2022-03-01 01:25:00.000000000,0.680197629744843,52.80867824825721,10058.4,26200.382022635047,216.08241,0.4950617268008862,0.8371472000920933,1.0,0.0,0.0,13.799972151720771
NW150_FL330,2022-03-01 01:26:00.000000000,0.857045337388637,52.8718542187659,10058.4,26200.382022635047,216.0033,0.507925261609965,0.8593664363384322,1.0,0.0,0.0,13.799970833761792
NW150_FL330,2022-03-01 01:27:00.000000000,1.034972868662569,52.93418234610838,10058.4,26200.382022635047,215.92216,0.5206808696514105,0.8814369237634883,1.0,0.0,0.0,13.799969984769
NW150_FL330,2022-03-01 01:28:00.000000000,1.2139625705007244,52.99566540790184,10058.4,26200.382022635047,215.82944,0.5354519701498105,0.9070185808348689,1.0,0.0,0.0,13.799969577100743
NW150_FL330,2022-03-01 01:29:00.000000000,1.3939965376829655,53.056306681157686,10058.4,26200.382022635047,215.74348,0.5493770438905095,0.9311546930457091,1.0,0.0,0.0,13.799969579857322
NW150_FL330,2022-03-01 01:30:00.000000000,1.5750566450764563,53.11610993449817,10058.4,26200.382022635047,215.66574,0.5622852781420836,0.9535381484783301,1.0,0.0,0.0,13.799969959394309
NW150_FL330,2022-03-01 01:31:00.000000000,1.7571245793312809,53.17507941966272,10058.4,26200.382022635047,215.59644,0.5746175248822298,0.9749109304736332,1.0,0.0,0.0,13.799970679859165
NW150_FL330,2022-03-01 01:32:00.000000000,1.9401818699385918,53.23321986236095,10058.4,26200.382022635047,215.55737,0.5839351236037895,0.9909823344636727,1.0,0.0,0.0,13.799971703727884
NW150_FL330,2022-03-01 01:33:00.000000000,2.1242099195660367,53.29053645253109,10058.4,26200.382022635047,215.51752,0.5969379833141646,1.0133235405253909,1.0,1.0,1.0,13.799972992333837
NW150_FL330,2022-03-01 01:34:00.000000000,2.3091900335932243,53.34703483406254,10058.4,26200.382022635047,215.48744,0.6126289293000726,1.040174199773064,1.0,1.0,1.0,13.799974506384897
NW150_FL330,2022-03-01 01:35:00.000000000,2.4951034487770922,53.402721094041766,10058.4,26200.382022635047,215.48042,0.6235873273593299,1.0588296263964718,1.0,1.0,1.0,13.799976206465772
NW150_FL330,2022-03-01 01:36:00.000000000,2.6819313609848683,53.457601751580526,10058.4,26200.382022635047,215.47345,0.6339179417394937,1.076420619015715,1.0,1.0,1.0,13.799978053504757
NW150_FL330,2022-03-01 01:37:00.000000000,2.8696549519397707,53.511683746284476,10058.4,26200.382022635047,215.47588,0.638048564653404,1.083418273624536,1.0,1.0,1.0,13.799980009221503
NW150_FL330,2022-03-01 01:38:00.000000000,3.0582554149321086,53.56497442641937,10058.4,26200.382022635047,215.484,0.6401740602539703,1.0869641991374384,1.0,1.0,1.0,13.799982036526542
NW150_FL330,2022-03-01 01:39:00.000000000,3.2477139794557783,53.61748153683056,10058.4,26200.382022635047,215.48912,0.644471742353579,1.0942247595215477,1.0,1.0,1.0,13.799984099891018
NW150_FL330,2022-03-01 01:40:00.000000000,3.4380119347371982,53.6692132066701,10058.4,26200.382022635047,215.49579,0.6497022354357173,1.1030551358402387,1.0,1.0,1.0,13.799986165670656
NW150_FL330,2022-03-01 01:41:00.000000000,3.629130652131118,53.72017793698295,10058.4,26200.382022635047,215.50056,0.6578280203895401,1.1168166218803015,1.0,1.0,1.0,13.79998820237766
NW150_FL330,2022-03-01 01:42:00.000000000,3.821051606363487,53.770384588202695,10058.4,26200.382022635047,215.50105,0.6709274190529119,1.1390524803579098,1.0,1.0,1.0,13.799990180922991
NW150_FL330,2022-03-01 01:43:00.000000000,4.013756395608983,53.81984236760365,10058.4,26200.382022635047,215.4996,0.6854525653567487,1.163722274698077,1.0,1.0,1.0,13.79999207479392
NW150_FL330,2022-03-01 01:44:00.000000000,4.207226760395775,53.868560816754226,10058.4,26200.382022635047,215.53178,0.6751019609580252,1.1458994574755232,1.0,1.0,1.0,13.79999386020077
NW150_FL330,2022-03-01 01:45:00.000000000,4.401444601336398,53.9165497990135,10058.4,26200.382022635047,215.57375,0.6580980500490557,1.1167200938729367,1.0,1.0,1.0,13.799995516168021
NW150_FL330,2022-03-01 01:46:00.000000000,4.59639199568854,53.96381948710966,10058.4,26200.382022635047,215.6247,0.6207642209638208,1.0530021263511347,1.0,1.0,1.0,13.799997024593432
NW150_FL330,2022-03-01 01:47:00.000000000,4.792051212754257,54.01038035083665,10058.4,26200.382022635047,215.68321,0.5766628265405336,0.9778042866163088,1.0,0.0,0.0,13.799998370255315
NW150_FL330,2022-03-01 01:48:00.000000000,4.988404728130883,54.05624314490155,10058.4,26200.382022635047,215.73804,0.5502797442996586,0.9327193045450929,1.0,0.0,0.0,13.799999540791967
NW150_FL330,2022-03-01 01:49:00.000000000,5.185435236830494,54.101418896952666,10058.4,26200.382022635047,215.73074,0.5534635401321116,0.9381599205995802,1.0,0.0,0.0,13.800000526639762
NW150_FL330,2022-03-01 01:50:00.000000000,5.383125665288684,54.14591889581483,10058.4,26200.382022635047,215.70447,0.5638819345173792,0.9559935007851535,1.0,0.0,0.0,13.800001320950413
NW150_FL330,2022-03-01 01:51:00.000000000,5.581459182286482,54.18975467995547,10058.4,26200.382022635047,215.65762,0.5809719269963366,0.985282774548086,1.0,0.0,0.0,13.800001919470516
NW150_FL330,2022-03-01 01:52:00.000000000,5.780419208811863,54.23293802620198,10058.4,26200.382022635047,215.6101,0.6061056079010922,1.0282394457698179,1.0,1.0,1.0,13.800002320404134
NW150_FL330,2022-03-01 01:53:00.000000000,5.979989426890096,54.27548093872749,10058.4,26200.382022635047,215.57254,0.6345387014803497,1.0767493975502802,1.0,1.0,1.0,13.800002524262844
NW150_FL330,2022-03-01 01:54:00.000000000,6.180153787413816,54.31739563831984,10058.4,26200.382022635047,215.58405,0.6536738776762272,1.1091315621213749,1.0,1.0,1.0,13.800002533692991
NW150_FL330,2022-03-01 01:55:00.000000000,6.3808965170056196,54.35869455194499,10058.4,26200.382022635047,215.60962,0.6698042550463875,1.1363051966516662,1.0,1.0,1.0,13.800002353293928
NW150_FL330,2022-03-01 01:56:00.000000000,6.5822021239473365,54.399390302613654,10058.4,26200.382022635047,215.65523,0.68416956929235,1.1603135708120973,1.0,1.0,1.0,13.80000198943833
NW150_FL330,2022-03-01 01:57:00.000000000,6.784055403211021,54.4394956995573,10058.4,26200.382022635047,215.71869,0.6999451755933741,1.1865571483551496,1.0,1.0,1.0,13.800001450080874
NW150_FL330,2022-03-01 01:58:00.000000000,6.986441440627737,54.479023728716754,10058.4,26200.382022635047,215.7806,0.7232774172661249,1.225590617817149,1.0,1.0,1.0,13.800000744570198
NW150_FL330,2022-03-01 01:59:00.000000000,7.18934561623043,54.51798754354435,10058.4,26200.382022635047,215.83276,0.6996976175534159,1.1852116232569274,1.0,1.0,1.0,13.799999883471097
NW150_FL330,2022-03-01 02:00:00.000000000,7.392753606807693,54.55640045611831,10058.4,26200.382022635047,215.88707,0.6668261886890359,1.1291127484305838,1.0,1.0,1.0,13.799998878381079
NW150_FL330,2022-03-01 02:01:00.000000000,7.596651387704953,54.594275928565615,10058.4,26200.382022635047,215.94652,0.6094197664271098,1.0314867005471664,1.0,1.0,1.0,13.799997741767196
NW150_FL330,2022-03-01 02:02:00.000000000,7.801025233909899,54.63162756478736,10058.4,26200.382022635047,216.00981,0.5587426117746249,0.9453036131392484,1.0,0.0,0.0,13.799996486806835
NW150_FL330,2022-03-01 02:03:00.000000000,8.005861720458118,54.66846910247922,10058.4,26200.382022635047,216.07239,0.5192670682138419,0.8781386317819461,1.0,0.0,0.0,13.799995127240448
NW150_FL330,2022-03-01 02:04:00.000000000,8.21114772219488,54.70481440543687,10058.4,26200.382022635047,216.15521,0.47854696180272366,0.8088168719668481,1.0,0.0,0.0,13.799993677240758
NW150_FL330,2022-03-01 02:05:00.000000000,8.416870412928134,54.74067745613532,10058.4,26200.382022635047,216.23355,0.44680039452639225,0.7547523153385067,1.0,0.0,0.0,13.799992151289874
NW150_FL330,2022-03-01 02:06:00.000000000,8.623017264007114,54.77607234856892,10058.4,26200.382022635047,216.32037,0.4225034851491489,0.7132817386119709,1.0,0.0,0.0,13.799990564074568
NW150_FL330,2022-03-01 02:07:00.000000000,8.829576042360262,54.81101328133762,10058.4,26200.382022635047,216.41164,0.4028928088929693,0.6797458708337643,1.0,0.0,0.0,13.799988930389441
NW150_FL330,2022-03-01 02:08:00.000000000,9.036534808025143,54.845514550963514,10058.4,26200.382022635047,216.49687,0.3871743057148771,0.652839493132177,1.0,0.0,0.0,13.799987265057572
NW150_FL330,2022-03-01 02:09:00.000000000,9.243881911202225,54.87959054542058,10058.4,26200.382022635047,216.58116,0.3743823719359854,0.6309006492698189,1.0,0.0,0.0,13.799985582857834
NW150_FL330,2022-03-01 02:10:00.000000000,9.451605988863491,54.91325573785914,10058.4,26200.382022635047,216.65591,0.3618649446606898,0.6094906396156202,1.0,0.0,0.0,13.799983898464221
NW150_FL330,2022-03-01 02:11:00.000000000,9.659695960945642,54.94652468050605,10058.4,26200.382022635047,216.71327,0.35612972740731996,0.5995913874808539,1.0,0.0,0.0,13.799982226394873
NW150_FL330,2022-03-01 02:12:00.000000000,9.868141026157087,54.97941199871997,10058.4,26200.382022635047,216.76305,0.3510520072556407,0.5908380111859705,1.0,0.0,0.0,8.717907553283178
NW150_FL330,2022-03-01 02:12:37.904240283,10.0,55.0,10058.4,26200.382022635047,216.79686,0.34603527824120206,0.5822571207326007,1.0,0.0,0.0,0.0
NW300_FL330,2022-03-01 00:00:00.000000000,-10.000000000000002,45.00000000000001,10058.4,26200.382022635047,216.48128,0.7666209321820323,1.2927888186975633,1.0,1.0,1.0,13.800034843118594
NW300_FL330,2022-03-01 00:01:00.000000000,-9.948323151402047,45.11861698721326,10058.4,26200.382022635047,216.44113,0.7635060043146769,1.2878969496479205,1.0,1.0,1.0,13.800006665435859
NW300_FL330,2022-03-01 00:02:00.000000000,-9.896402137726424,45.2372040256995,10058.4,26200.382022635047,216.4069,0.7621321270431483,1.2858828920805294,1.0,1.0,1.0,13.799977763173437
NW300_FL330,2022-03-01 00:03:00.000000000,-9.844205048187119,45.355754336568715,10058.4,26200.382022635047,216.4116,0.7533879672928135,1.2710905623957813,1.0,1.0,1.0,13.800003201880159
NW300_FL330,2022-03-01 00:04:00.000000000,-9.79169221545635,45.47425993803365,10058.4,26200.382022635047,216.41867,0.744542908793473,1.256102247454421,1.0,1.0,1.0,13.800019831035982
NW300_FL330,2022-03-01 00:05:00.000000000,-9.73883020753365,45.592713564836444,10058.4,26200.382022635047,216.45148,0.732500858590562,1.2355052214956272,1.0,1.0,1.0,13.799990542186567
NW300_FL330,2022-03-01 00:06:00.000000000,-9.68559173693477,45.711108893423734,10058.4,26200.382022635047,216.49124,0.7180225395893198,1.2107527019389641,1.0,1.0,1.0,13.799966575556896
NW300_FL330,2022-03-01 00:07:00.000000000,-9.631942676019541,45.82943851868831,10058.4,26200.382022635047,216.54619,0.701006949435915,1.181609571471358,1.0,1.0,1.0,13.800034470564826
NW300_FL330,2022-03-01 00:08:00.000000000,-9.577832641962,45.94769216492699,10058.4,26200.382022635047,216.608,0.6825534647211916,1.1500113985158402,1.0,1.0,1.0,13.800004853679956
NW300_FL330,2022-03-01 00:09:00.000000000,-9.523242741476356,46.0658646319852,10058.4,26200.382022635047,216.66287,0.6518127721784,1.0977979260485158,1.0,1.0,1.0,13.799975174589125
NW300_FL330,2022-03-01 00:10:00.000000000,-9.468138670649463,46.1839481275579,10058.4,26200.382022635047,216.70712,0.6100747112201161,1.0271836207883305,1.0,1.0,1.0,13.799996337513656
NW300_FL330,2022-03-01 00:11:00.000000000,-9.412475134560134,46.30193273606196,10058.4,26200.382022635047,216.7111,0.5844119287449054,0.9839493880123819,1.0,0.0,0.0,13.80002177829723
NW300_FL330,2022-03-01 00:12:00.000000000,-9.356214232217248,46.41980959140651,10058.4,26200.382022635047,216.67459,0.5712535032768299,0.9620414462007961,1.0,0.0,0.0,13.799991978487872
NW300_FL330,2022-03-01 00:13:00.000000000,-9.299331078055891,46.53757207105862,10058.4,26200.382022635047,216.61258,0.5639601462256523,0.9501661713514428,1.0,0.0,0.0,13.79996288903523
NW300_FL330,2022-03-01 00:14:00.000000000,-9.2417896335749,46.65521139046437,10058.4,26200.382022635047,216.49199,0.5706530972786387,0.9622485606742147,1.0,0.0,0.0,13.800017586397669
NW300_FL330,2022-03-01 00:15:00.000000000,-9.183533336757865,46.77271458254579,10058.4,26200.382022635047,216.35338,0.5806798113127615,0.9800955147712844,1.0,0.0,0.0,13.800012642606154
NW300_FL330,2022-03-01 00:16:00.000000000,-9.124537269676559,46.8900744241367,10058.4,26200.382022635047,216.18102,0.6016950639763814,1.0167747695051372,1.0,1.0,1.0,13.799983478538548
NW300_FL330,2022-03-01 00:17:00.000000000,-9.06476959695927,47.00728223711839,10058.4,26200.382022635047,216.03113,0.628138646159238,1.0625545503576874,1.0,1.0,1.0,13.799955874461615
NW300_FL330,2022-03-01 00:18:00.000000000,-9.004192371172094,47.124327917170994,10058.4,26200.382022635047,215.9216,0.6488986377772641,1.0984980635367119,1.0,1.0,1.0,13.800022795812414
NW300_FL330,2022-03-01 00:19:00.000000000,-8.942742331284771,47.241195837621795,10058.4,26200.382022635047,215.82935,0.6654627944005393,1.1272486866456306,1.0,1.0,1.0,13.80000943014113
NW300_FL330,2022-03-01 00:20:00.000000000,-8.880399361758288,47.35787881023055,10058.4,26200.382022635047,215.7292,0.6772290741332675,1.1479659746385011,1.0,1.0,1.0,13.79998144097103
NW300_FL330,2022-03-01 00:21:00.000000000,-8.81712804662872,47.47436632203423,10058.4,26200.382022635047,215.65344,0.6810134025397,1.1549778394234327,1.0,1.0,1.0,13.799955751288898
NW300_FL330,2022-03-01 00:22:00.000000000,-8.752888484884062,47.59064660231162,10058.4,26200.382022635047,215.59547,0.6725465949888988,1.1410679750832182,1.0,1.0,1.0,13.79999974357544
NW300_FL330,2022-03-01 00:23:00.000000000,-8.687621184744504,47.70670318021615,10058.4,26200.382022635047,215.55052,0.6577256740445863,1.1162635876053373,1.0,1.0,1.0,13.800014603485252
NW300_FL330,2022-03-01 00:24:00.000000000,-8.6212916133352,47.822524520353284,10058.4,26200.382022635047,215.54604,0.634287984480037,1.07651972444446,1.0,1.0,1.0,13.799987752859257
NW300_FL330,2022-03-01 00:25:00.000000000,-8.553869741791866,47.93809981100981,10058.4,26200.382022635047,215.56189,0.608842416599615,1.0332212858320367,1.0,1.0,1.0,13.79996366704769
NW300_FL330,2022-03-01 00:26:00.000000000,-8.485313856181833,48.05341525950304,10058.4,26200.382022635047,215.60233,0.5835672320916937,0.9900559398969375,1.0,0.0,0.0,13.799942842235483
NW300_FL330,2022-03-01 00:27:00.000000000,-8.415581801578655,48.16845651097662,10058.4,26200.382022635047,215.65962,0.5637329812474405,0.9560321944099537,1.0,0.0,0.0,13.800016914087612
NW300_FL330,2022-03-01 00:28:00.000000000,-8.344603841813232,48.28320205518647,10058.4,26200.382022635047,215.71988,0.5436964528138967,0.9216747024500573,1.0,0.0,0.0,13.800004972425114
NW300_FL330,2022-03-01 00:29:00.000000000,-8.272359617391693,48.397641532390416,10058.4,26200.382022635047,215.8034,0.5211004548650002,0.8828655571274328,1.0,0.0,0.0,13.799981440007572
NW300_FL330,2022-03-01 00:30:00.000000000,-8.198809767667017,48.511759680983936,10058.4,26200.382022635047,215.8965,0.49767329432677077,0.8426365575053824,1.0,0.0,0.0,13.799961128930406
NW300_FL330,2022-03-01 00:31:00.000000000,-8.123910851857396,48.62553969747014,10058.4,26200.382022635047,216.02829,0.4742640331989042,0.8022766693756153,1.0,0.0,0.0,13.79994434951923
NW300_FL330,2022-03-01 00:32:00.000000000,-8.047619175060253,48.73896411389615,10058.4,26200.382022635047,216.14812,0.4502636701829562,0.7610512730507774,1.0,0.0,0.0,13.799949522704459
NW300_FL330,2022-03-01 00:33:00.000000000,-7.969885434552368,48.85201334557368,10058.4,26200.382022635047,216.28131,0.436133583230186,0.7364911500155538,1.0,0.0,0.0,13.800014181102688
NW300_FL330,2022-03-01 00:34:00.000000000,-7.890648069563789,48.96466371012504,10058.4,26200.382022635047,216.40704,0.42527670935453177,0.7175326798334398,1.0,0.0,0.0,13.799992650903825
NW300_FL330,2022-03-01 00:35:00.000000000,-7.809886021383044,49.076901625594274,10058.4,26200.382022635047,216.5121,0.41377337375894496,0.6976161548469401,1.0,0.0,0.0,13.799974108707389
NW300_FL330,2022-03-01 00:36:00.000000000,-7.727555347093408,49.1887068387166,10058.4,26200.382022635047,216.5997,0.4039502377039583,0.6806407946897467,1.0,0.0,0.0,13.799958655833514
NW300_FL330,2022-03-01 00:37:00.000000000,-7.643612181951804,49.30005836390617,10058.4,26200.382022635047,216.65695,0.3961348850846778,0.6672069246004141,1.0,0.0,0.0,13.799946336900428
NW300_FL330,2022-03-01 00:38:00.000000000,-7.558012825338964,49.41093447592809,10058.4,26200.382022635047,216.69945,0.38777524607688624,0.6529336987358976,1.0,0.0,0.0,13.799937139245799
NW300_FL330,2022-03-01 00:39:00.000000000,-7.470713833585899,49.52131270557739,10058.4,26200.382022635047,216.74866,0.37880843664860325,0.6376162251557844,1.0,0.0,0.0,13.799930993467326
NW300_FL330,2022-03-01 00:40:00.000000000,-7.381672119623329,49.63116983869982,10058.4,26200.382022635047,216.84764,0.36177311175057525,0.6085222654686256,1.0,0.0,0.0,13.799935080408797
NW300_FL330,2022-03-01 00:41:00.000000000,-7.290842991180416,49.740481273968314,10058.4,26200.382022635047,216.91666,0.3505697553453362,0.5893935834470813,1.0,0.0,0.0,13.79999350665374
NW300_FL330,2022-03-01 00:42:00.000000000,-7.198169519410879,49.84921753340485,10058.4,26200.382022635047,217.07494,0.3256731916498275,0.5469299909863025,1.0,0.0,0.0,13.799978927303988
NW300_FL330,2022-03-01 00:43:00.000000000,-7.103628498314238,49.95735875096998,10058.4,26200.382022635047,217.20583,0.3032752084564858,0.5088474131678526,1.0,0.0,0.0,13.799966433137888
NW300_FL330,2022-03-01 00:44:00.000000000,-7.0071795140932345,50.06487885572919,10058.4,26200.382022635047,217.31183,0.2808446351490793,0.4708611410818044,1.0,0.0,0.0,13.79995586908043
NW300_FL330,2022-03-01 00:45:00.000000000,-6.9087830925656055,50.171751090152405,10058.4,26200.382022635047,217.43619,0.2544698993492946,0.4262667479181573,1.0,0.0,0.0,13.799947052381834
NW300_FL330,2022-03-01 00:46:00.000000000,-6.808400832996052,50.27794803570585,10058.4,26200.382022635047,217.54753,0.22827494666226467,0.3820855830363554,1.0,0.0,0.0,13.799939778560672
NW300_FL330,2022-03-01 00:47:00.000000000,-6.705995546066805,50.38344164394248,10058.4,26200.382022635047,217.66542,0.19909247351443043,0.33296148260371744,1.0,0.0,0.0,13.799933827852389
NW300_FL330,2022-03-01 00:48:00.000000000,-6.601531395219343,50.48820327332102,10058.4,26200.382022635047,217.79726,0.16740973073828133,0.27971379100509397,1.0,0.0,0.0,13.799928972027583
NW300_FL330,2022-03-01 00:49:00.000000000,-6.494974040497284,50.592203731941304,10058.4,26200.382022635047,217.92087,0.14571324638194855,0.24324791869457757,1.0,0.0,0.0,13.799924981403041
NW300_FL330,2022-03-01 00:50:00.000000000,-6.386290783920157,50.69541332633463,10058.4,26200.382022635047,218.05498,0.12546729661822803,0.20924948694306336,1.0,0.0,0.0,13.799921631877607
NW300_FL330,2022-03-01 00:51:00.000000000,-6.2754507153220995,50.797801916390625,10058.4,26200.382022635047,218.16261,0.11284795131700442,0.1880583559411606,1.0,0.0,0.0,13.799918711778243
NW300_FL330,2022-03-01 00:52:00.000000000,-6.162424857501622,50.89933897643868,10058.4,26200.382022635047,218.23557,0.10775832176742307,0.17948247749865773,1.0,0.0,0.0,13.799916028361567
NW300_FL330,2022-03-01 00:53:00.000000000,-6.0471863094495175,50.99999366243146,10058.4,26200.382022635047,218.3079,0.10256390076780716,0.1707420239736331,1.0,0.0,0.0,13.799913413752241
NW300_FL330,2022-03-01 00:54:00.000000000,-5.929710386355748,51.099734885102215,10058.4,26200.382022635047,218.33098,0.10446104526438231,0.17387126623105612,1.0,0.0,0.0,13.799910730138198
NW300_FL330,2022-03-01 00:55:00.000000000,-5.8099747550443395,51.19853138888636,10058.4,26200.382022635047,218.35898,0.10521399056862164,0.17508941459780297,1.0,0.0,0.0,13.799907874076975
NW300_FL330,2022-03-01 00:56:00.000000000,-5.687959563450105,51.296351836313654,10058.4,26200.382022635047,218.37831,0.10491803166928515,0.1745720374495905,1.0,0.0,0.0,13.79990477972228
NW300_FL330,2022-03-01 00:57:00.000000000,-5.56364756273571,51.39316489749046,10058.4,26200.382022635047,218.38426,0.10361004920087681,0.17238863090334458,1.0,0.0,0.0,13.799901420893251
NW300_FL330,2022-03-01 00:58:00.000000000,-5.4370242206528845,51.48893934420452,10058.4,26200.382022635047,218.38329,0.10158483482958594,0.1690201905592983,1.0,0.0,0.0,13.799897811846515
NW300_FL330,2022-03-01 00:59:00.000000000,-5.308077824779514,51.583644148098536,10058.4,26200.382022635047,218.37044,0.1033066258383758,0.17190103331408446,1.0,0.0,0.0,13.799894006728076
NW300_FL330,2022-03-01 01:00:00.000000000,-5.176799574316013,51.67724858227623,10058.4,26200.382022635047,218.3436,0.10567102188775636,0.17586962480412394,1.0,0.0,0.0,13.799890097668875
NW300_FL330,2022-03-01 01:01:00.000000000,-5.043183659200432,51.76972232562682,10058.4,26200.382022635047,218.29175,0.10996484297420293,0.18308380926406703,1.0,0.0,0.0,13.799886211544619
NW300_FL330,2022-03-01 01:02:00.000000000,-4.907227325401263,51.8610355690834,10058.4,26200.382022635047,218.23264,0.11728526482939719,0.19535469744772993,1.0,0.0,0.0,13.799882505488926
NW300_FL330,2022-03-01 01:03:00.000000000,-4.768930925370678,51.95115912296934,10058.4,26200.382022635047,218.16931,0.1257484418618298,0.2095464597385577,1.0,0.0,0.0,13.799879161238978
NW300_FL330,2022-03-01 01:04:00.000000000,-4.628297952786058,52.04006452453659,10058.4,26200.382022635047,218.11757,0.13415788933751013,0.22364344485255902,1.0,0.0,0.0,13.79987637850337
NW300_FL330,2022-03-01 01:05:00.000000000,-4.485335060872928,52.127724144762055,10058.4,26200.382022635047,218.08221,0.14071210898347467,0.23462831509199175,1.0,0.0,0.0,13.799874367506506
NW300_FL330,2022-03-01 01:06:00.000000000,-4.340052063785224,52.214111293444496,10058.4,26200.382022635047,218.02295,0.14897555677220942,0.2485128546234057,1.0,0.0,0.0,13.799875260345667
NW300_FL330,2022-03-01 01:07:00.000000000,-4.192461576710146,52.299200123019176,10058.4,26200.382022635047,217.98582,0.15586567737957274,0.2600759822301285,1.0,0.0,0.0,13.799958362399373
NW300_FL330,2022-03-01 01:08:00.000000000,-4.042565505808821,52.382957721133714,10058.4,26200.382022635047,217.96767,0.16155377035649482,0.26960165987088436,1.0,0.0,0.0,13.79994634307932
NW300_FL330,2022-03-01 01:09:00.000000000,-3.8903976137133776,52.4653690353782,10058.4,26200.382022635047,217.92514,0.17119431425973416,0.2857761037725614,1.0,0.0,0.0,13.799934758524605
NW300_FL330,2022-03-01 01:10:00.000000000,-3.7359801900362437,52.5464122011229,10058.4,26200.382022635047,217.8828,0.1798277970072422,0.3002790885658749,1.0,0.0,0.0,13.799923893437573
NW300_FL330,2022-03-01 01:11:00.000000000,-3.5793384277428935,52.62606676530347,10058.4,26200.382022635047,217.84761,0.1868661664698107,0.31210974821551585,1.0,0.0,0.0,13.799914005702364
NW300_FL330,2022-03-01 01:12:00.000000000,-3.420500321548006,52.70431376094036,10058.4,26200.382022635047,217.81708,0.19217254394197036,0.32104291121664524,1.0,0.0,0.0,13.799905318758915
NW300_FL330,2022-03-01 01:13:00.000000000,-3.2594965516209413,52.78113577383572,10058.4,26200.382022635047,217.79018,0.1941794007614879,0.3244571820417265,1.0,0.0,0.0,13.799898015093248
NW300_FL330,2022-03-01 01:14:00.000000000,-3.0963603537213,52.85651700087687,10058.4,26200.382022635047,217.77171,0.1925317858171129,0.3217473759192943,1.0,0.0,0.0,13.799892231080968
NW300_FL330,2022-03-01 01:15:00.000000000,-2.93112737703906,52.93044329948208,10058.4,26200.382022635047,217.74069,0.1925127832082257,0.3217855133518608,1.0,0.0,0.0,13.79988805331851
NW300_FL330,2022-03-01 01:16:00.000000000,-2.7638355311439367,53.00290222783783,10058.4,26200.382022635047,217.69301,0.19248079719425404,0.321842297882815,1.0,0.0,0.0,13.799885516550193
NW300_FL330,2022-03-01 01:17:00.000000000,-2.594524823554262,53.07388307569488,10058.4,26200.382022635047,217.63586,0.19761539693971825,0.33056039423301636,1.0,0.0,0.0,13.799884603266875
NW300_FL330,2022-03-01 01:18:00.000000000,-2.4232371895126836,53.14337688560977,10058.4,26200.382022635047,217.56233,0.2043405788229595,0.34198919243901177,1.0,0.0,0.0,13.799885244947372
NW300_FL330,2022-03-01 01:19:00.000000000,-2.250016315606625,53.21137646463753,10058.4,26200.382022635047,217.47281,0.21232229254706217,0.35557224174716434,1.0,0.0,0.0,13.799887324900999
NW300_FL330,2022-03-01 01:20:00.000000000,-2.0749074588928185,53.277876386596866,10058.4,26200.382022635047,217.35423,0.2305899481028037,0.38648830710671106,1.0,0.0,0.0,13.799890682600761
NW300_FL330,2022-03-01 01:21:00.000000000,-1.8979572631798203,53.34287298513899,10058.4,26200.382022635047,217.24767,0.24657125146394648,0.41358530886865463,1.0,0.0,0.0,13.799895119344866
NW300_FL330,2022-03-01 01:22:00.000000000,-1.719213574090673,53.406364337953896,10058.4,26200.382022635047,217.14311,0.2605450440595117,0.43734532713673996,1.0,0.0,0.0,13.799900405062836
NW300_FL330,2022-03-01 01:23:00.000000000,-1.538725254472115,53.46835024254097,10058.4,26200.382022635047,217.03937,0.2720667426773646,0.45701778185869374,1.0,0.0,0.0,13.79990628602072
NW300_FL330,2022-03-01 01:24:00.000000000,-1.356542001638573,53.52883218405242,10058.4,26200.382022635047,216.9387,0.2823622214363885,0.4746462713085555,1.0,0.0,0.0,13.79991249319038
NW300_FL330,2022-03-01 01:25:00.000000000,-1.172714167843412,53.58781329578929,10058.4,26200.382022635047,216.85338,0.2914574110431052,0.49022762966812533,1.0,0.0,0.0,13.799918750991056
NW300_FL330,2022-03-01 01:26:00.000000000,-0.9872925852565602,53.64529831298643,10058.4,26200.382022635047,216.75415,0.3031276537507948,0.5102094483210345,1.0,0.0,0.0,13.799924786167315
NW300_FL330,2022-03-01 01:27:00.000000000,-0.800328396603329,53.7012935205683,10058.4,26200.382022635047,216.66763,0.31508061293615786,0.530647776160172,1.0,0.0,0.0,13.79993033648061
NW300_FL330,2022-03-01 01:28:00.000000000,-0.6118728924847379,53.75580669558846,10058.4,26200.382022635047,216.57886,0.33018268649946836,0.5564259866435491,1.0,0.0,0.0,13.799935159022626
NW300_FL330,2022-03-01 01:29:00.000000000,-0.42197735625945404,53.80884704508488,10058.4,26200.382022635047,216.53929,0.33889122556564166,0.5712585238626677,1.0,0.0,0.0,13.799939037850189
NW300_FL330,2022-03-01 01:30:00.000000000,-0.23069291722504956,53.86042514008997,10058.4,26200.382022635047,216.50871,0.34423667932833685,0.5803921335907527,1.0,0.0,0.0,13.79994179078318
NW300_FL330,2022-03-01 01:31:00.000000000,-0.03807041269302599,53.910552846529505,10058.4,26200.382022635047,216.46373,0.3522937690624745,0.5941617051806668,1.0,0.0,0.0,13.799943275155096
NW300_FL330,2022-03-01 01:32:00.000000000,0.1558397405871601,53.95924325373014,10058.4,26200.382022635047,216.42657,0.3600609501420907,0.6074181407729711,1.0,0.0,0.0,13.799943392385876
NW300_FL330,2022-03-01 01:33:00.000000000,0.35098766533486897,54.00651060123104,10058.4,26200.382022635047,216.3681,0.3720109374706325,0.6278305833773957,1.0,0.0,0.0,13.799942091276058
NW300_FL330,2022-03-01 01:34:00.000000000,0.5473241327828376,54.05237020456364,10058.4,26200.382022635047,216.29347,0.38702187338897553,0.6535021859962804,1.0,0.0,0.0,13.799939369947783
NW300_FL330,2022-03-01 01:35:00.000000000,0.7448006617853401,54.09683838062501,10058.4,26200.382022635047,216.20908,0.4021484226146858,0.6794388966111832,1.0,0.0,0.0,13.79993527641069
NW300_FL330,2022-03-01 01:36:00.000000000,0.943369608024376,54.139932373227055,10058.4,26200.382022635047,216.12083,0.41754330261144557,0.7058771368075087,1.0,0.0,0.0,13.799929907760507
NW300_FL330,2022-03-01 01:37:00.000000000,1.142984243446075,54.18167027935618,10058.4,26200.382022635047,216.00682,0.4383979652547333,0.7417140743470737,1.0,0.0,0.0,13.799923408062723
NW300_FL330,2022-03-01 01:38:00.000000000,1.3435988261461758,54.22207097662803,10058.4,26200.382022635047,215.88545,0.4620753802604447,0.7824254644920241,1.0,0.0,0.0,13.799915964977409
NW300_FL330,2022-03-01 01:39:00.000000000,1.545168660997899,54.26115405237014,10058.4,26200.382022635047,215.76657,0.487105094587544,0.8254763347946902,1.0,0.0,0.0,13.799907805259913
NW300_FL330,2022-03-01 01:40:00.000000000,1.7476501513793214,54.298939734713336,10058.4,26200.382022635047,215.65561,0.5133652655639548,0.8706364334619036,1.0,0.0,0.0,13.799905225618216
NW300_FL330,2022-03-01 01:41:00.000000000,1.951001321706038,54.3354480988425,10058.4,26200.382022635047,215.5706,0.5343269917142438,0.906712539439087,1.0,0.0,0.0,13.80003550067695
NW300_FL330,2022-03-01 01:42:00.000000000,2.1551912888926434,54.370684072582705,10058.4,26200.382022635047,215.4875,0.5556996521884887,0.9435123328858211,1.0,0.0,0.0,13.80001194060027
NW300_FL330,2022-03-01 01:43:00.000000000,2.3601687814981553,54.404685818447064,10058.4,26200.382022635047,215.42027,0.5793620931671617,0.9841380074046825,1.0,0.0,0.0,13.799988050689471
NW300_FL330,2022-03-01 01:44:00.000000000,2.5658948749977406,54.43747558046449,10058.4,26200.382022635047,215.37149,0.6163572540362895,1.0473272962573885,1.0,1.0,1.0,13.799964294443889
NW300_FL330,2022-03-01 01:45:00.000000000,2.772331890772268,54.46907594249486,10058.4,26200.382022635047,215.34953,0.6554383207384745,1.113898145645378,1.0,1.0,1.0,13.79994113566568
NW300_FL330,2022-03-01 01:46:00.000000000,2.9794434044374127,54.49950977601977,10058.4,26200.382022635047,215.37077,0.669184886693061,1.1370970742799429,1.0,1.0,1.0,13.799919029035573
NW300_FL330,2022-03-01 01:47:00.000000000,3.1871942485890172,54.528800191289015,10058.4,26200.382022635047,215.39375,0.6861464931997495,1.1657367880730791,1.0,1.0,1.0,13.799903858262315
NW300_FL330,2022-03-01 01:48:00.000000000,3.395550879759554,54.55696978407656,10058.4,26200.382022635047,215.42049,0.6968888770139113,1.1837723115010157,1.0,1.0,1.0,13.800055039082034
NW300_FL330,2022-03-01 01:49:00.000000000,3.604491615359623,54.58402008165235,10058.4,26200.382022635047,215.44867,0.704117220259252,1.1958249999317034,1.0,1.0,1.0,13.800015441936033
NW300_FL330,2022-03-01 01:50:00.000000000,3.8139728517228146,54.60999719041869,10058.4,26200.382022635047,215.47641,0.7097526288326323,1.2051667718439365,1.0,1.0,1.0,13.799978645815921
NW300_FL330,2022-03-01 01:51:00.000000000,4.023964354506401,54.63492486350083,10058.4,26200.382022635047,215.51067,0.7066998501342602,1.1997041843272345,1.0,1.0,1.0,13.799945081809751
NW300_FL330,2022-03-01 01:52:00.000000000,4.234437101686992,54.658826899104795,10058.4,26200.382022635047,215.55682,0.6934029901405172,1.176762989641672,1.0,1.0,1.0,13.799915120264668
NW300_FL330,2022-03-01 01:53:00.000000000,4.445363262970964,54.68172711119074,10058.4,26200.382022635047,215.65648,0.6237741259047915,1.0578783053999836,1.0,1.0,1.0,13.800015788586125
NW300_FL330,2022-03-01 01:54:00.000000000,4.65672372489985,54.70363128764721,10058.4,26200.382022635047,215.75523,0.5700269517057207,0.9660762512331807,1.0,0.0,0.0,13.800026752290783
NW300_FL330,2022-03-01 01:55:00.000000000,4.868487720428609,54.7245739875963,10058.4,26200.382022635047,215.82338,0.5407290554969503,0.9159961411356135,1.0,0.0,0.0,13.799983572061933
NW300_FL330,2022-03-01 01:56:00.000000000,5.080627538644073,54.74458663851475,10058.4,26200.382022635047,215.85078,0.525657372462951,0.8902971661324156,1.0,0.0,0.0,13.799945817559948
NW300_FL330,2022-03-01 01:57:00.000000000,5.293119881497206,54.763692990803875,10058.4,26200.382022635047,215.83263,0.5276042140468954,0.8937078758823007,1.0,0.0,0.0,13.799938516635832
NW300_FL330,2022-03-01 01:58:00.000000000,5.505943868646182,54.78191294381553,10058.4,26200.382022635047,215.74498,0.5549026006414941,0.9405100792793485,1.0,0.0,0.0,13.800050656767903
NW300_FL330,2022-03-01 01:59:00.000000000,5.719084419011531,54.79925175731836,10058.4,26200.382022635047,215.64876,0.5794560117972036,0.9827701544208918,1.0,0.0,0.0,13.800003204209666
NW300_FL330,2022-03-01 02:00:00.000000000,5.932512825652237,54.81575578710652,10058.4,26200.382022635047,215.56374,0.6094916106518221,1.0343114541782485,1.0,1.0,1.0,13.799962666862402
NW300_FL330,2022-03-01 02:01:00.000000000,6.1462099113233615,54.83144846222197,10058.4,26200.382022635047,215.51816,0.6351567016716968,1.0781984104620026,1.0,1.0,1.0,13.799932359184918
NW300_FL330,2022-03-01 02:02:00.000000000,6.3601576187555455,54.846352522537195,10058.4,26200.382022635047,215.50323,0.6520130758704824,1.1069238647129302,1.0,1.0,1.0,13.800051701259331
NW300_FL330,2022-03-01 02:03:00.000000000,6.574345601833692,54.860467055141825,10058.4,26200.382022635047,215.51442,0.6722574936769699,1.1412081504645972,1.0,1.0,1.0,13.80000554177809
NW300_FL330,2022-03-01 02:04:00.000000000,6.788749289172524,54.87384091232076,10058.4,26200.382022635047,215.55319,0.7065077580724441,1.19903293386313,1.0,1.0,1.0,13.799967129490193
NW300_FL330,2022-03-01 02:05:00.000000000,7.0033531669792195,54.88649708306962,10058.4,26200.382022635047,215.60579,0.7443744934713448,1.2628449541242648,1.0,1.0,1.0,13.799960623388825
NW300_FL330,2022-03-01 02:06:00.000000000,7.218143656439326,54.89845407593597,10058.4,26200.382022635047,215.66238,0.7191249456999045,1.2195373655101882,1.0,1.0,1.0,13.8000381484042
NW300_FL330,2022-03-01 02:07:00.000000000,7.433110284466571,54.90971982486474,10058.4,26200.382022635047,215.72191,0.6887152297335244,1.1674941676980288,1.0,1.0,1.0,13.799997707739267
NW300_FL330,2022-03-01 02:08:00.000000000,7.648234507949747,54.92033751497244,10058.4,26200.382022635047,215.79134,0.6328464085796647,1.0722772832249121,1.0,1.0,1.0,13.799965046205028
NW300_FL330,2022-03-01 02:09:00.000000000,7.863504016276233,54.93032968835278,10058.4,26200.382022635047,215.86555,0.5788865672752582,0.9803538234510344,1.0,0.0,0.0,13.799998359184581
NW300_FL330,2022-03-01 02:10:00.000000000,8.078909613694025,54.93970734956771,10058.4,26200.382022635047,215.9455,0.5442008501033015,0.9211073161409192,1.0,0.0,0.0,13.800019524346945
NW300_FL330,2022-03-01 02:11:00.000000000,8.294439602046854,54.94849485749177,10058.4,26200.382022635047,216.03497,0.5092077453068827,0.8613494715324935,1.0,0.0,0.0,13.799987344744515
NW300_FL330,2022-03-01 02:12:00.000000000,8.51008135994762,54.95672549342708,10058.4,26200.382022635047,216.12859,0.4757204013498478,0.8041867893296596,1.0,0.0,0.0,13.799962217577544
NW300_FL330,2022-03-01 02:13:00.000000000,8.725825342473327,54.96442143190606,10058.4,26200.382022635047,216.2394,0.4468708592865098,0.7548397833269603,1.0,0.0,0.0,13.800030591944905
NW300_FL330,2022-03-01 02:14:00.000000000,8.941665815844612,54.97158610280672,10058.4,26200.382022635047,216.34235,0.4220306368165369,0.712374631439801,1.0,0.0,0.0,13.800003074592663
NW300_FL330,2022-03-01 02:15:00.000000000,9.157590658160426,54.97826150894907,10058.4,26200.382022635047,216.45045,0.399076486580208,0.6731259257792244,1.0,0.0,0.0,13.799979693093027
NW300_FL330,2022-03-01 02:16:00.000000000,9.373592057318856,54.984470163858454,10058.4,26200.382022635047,216.55261,0.37979279802683225,0.6401467143128519,1.0,0.0,0.0,13.799998894018712
NW300_FL330,2022-03-01 02:17:00.000000000,9.58966406355943,54.990225655978996,10058.4,26200.382022635047,216.6417,0.3658162729062331,0.6162082713328341,1.0,0.0,0.0,13.800013114578606
NW300_FL330,2022-03-01 02:18:00.000000000,9.805799607243536,54.995551318891,10058.4,26200.382022635047,216.71858,0.35594987919485216,0.5992667706653448,1.0,0.0,0.0,12.396422411584279
NW300_FL330,2022-03-01 02:18:53.897617080,9.999999999999996,55.0,10058.4,26200.382022635047,216.77946,0.3481216959025527,0.5858402807322166,1.0,0.0,0.0,0.0
SE300_FL340,2022-03-01 00:00:00.000000000,-10.000000000000002,45.00000000000001,10363.2,24998.640987310537,214.05959,0.8613587389602843,1.4765361576946134,1.0,1.0,1.0,13.800115027908165
SE300_FL340,2022-03-01 00:01:00.000000000,-9.832634228109365,45.0374989777726,10363.2,24998.640987310537,214.09569,0.8479049556581041,1.4531254799171114,1.0,1.0,1.0,13.800020549916326
SE300_FL340,2022-03-01 00:02:00.000000000,-9.665061957945106,45.074778023133646,10363.2,24998.640987310537,214.13902,0.842063366736121,1.4427012172528833,1.0,1.0,1.0,13.799927543731021
SE300_FL340,2022-03-01 00:03:00.000000000,-9.497293172355167,45.111857647020635,10363.2,24998.640987310537,214.18976,0.8401325956976934,1.4389095308020041,1.0,1.0,1.0,13.800010362739226
SE300_FL340,2022-03-01 00:04:00.000000000,-9.329333869699752,45.148755048499964,10363.2,24998.640987310537,214.23766,0.8371180380764761,1.4332902292653378,1.0,1.0,1.0,13.8000625389665
SE300_FL340,2022-03-01 00:05:00.000000000,-9.161195059406664,45.18549293097829,10363.2,24998.640987310537,214.27872,0.8354426260081772,1.4300342150087866,1.0,1.0,1.0,13.799971646306037
SE300_FL340,2022-03-01 00:06:00.000000000,-8.992889620285059,45.222095268527376,10363.2,24998.640987310537,214.31123,0.8366611825751671,1.4318136035360463,1.0,1.0,1.0,13.799899873840282
SE300_FL340,2022-03-01 00:07:00.000000000,-8.824426642306625,45.25858271091628,10363.2,24998.640987310537,214.33981,0.8267088981830404,1.414513637342653,1.0,1.0,1.0,13.800105239252431
SE300_FL340,2022-03-01 00:08:00.000000000,-8.65581080706178,45.2949740113112,10363.2,24998.640987310537,214.37885,0.8117724018040653,1.3885946076842879,1.0,1.0,1.0,13.80001760658135
SE300_FL340,2022-03-01 00:09:00.000000000,-8.487057177228046,45.3312945416673,10363.2,24998.640987310537,214.40483,0.7994362394919516,1.3672578085696168,1.0,1.0,1.0,13.79993231818943
SE300_FL340,2022-03-01 00:10:00.000000000,-8.31817494269894,45.36756551489382,10363.2,24998.640987310537,214.42897,0.7853185985014086,1.3428958174488972,1.0,1.0,1.0,13.799993838825486
SE300_FL340,2022-03-01 00:11:00.000000000,-8.149171301625014,45.4038082101483,10363.2,24998.640987310537,214.45584,0.7808215370739158,1.3349679986721035,1.0,1.0,1.0,13.80006634186223
SE300_FL340,2022-03-01 00:12:00.000000000,-7.980055881015995,45.44004548033964,10363.2,24998.640987310537,214.48442,0.7837445457619353,1.339711488809983,1.0,1.0,1.0,13.799985579438726
SE300_FL340,2022-03-01 00:13:00.000000000,-7.81084018030542,45.47629954581915,10363.2,24998.640987310537,214.50327,0.7924304241042,1.3543889711981971,1.0,1.0,1.0,13.799907812990368
SE300_FL340,2022-03-01 00:14:00.000000000,-7.64153340621131,45.51259224345501,10363.2,24998.640987310537,214.53876,0.8053340140044857,1.3761198585593455,1.0,1.0,1.0,13.80005343805641
SE300_FL340,2022-03-01 00:15:00.000000000,-7.472142889633564,45.54894792999821,10363.2,24998.640987310537,214.58813,0.8179681584023204,1.3972478543087334,1.0,1.0,1.0,13.800042769194542
SE300_FL340,2022-03-01 00:16:00.000000000,-7.30268005570596,45.58538865893594,10363.2,24998.640987310537,214.66422,0.8367201966749647,1.4285522635266408,1.0,1.0,1.0,13.799970371522296
SE300_FL340,2022-03-01 00:17:00.000000000,-7.133155014811902,45.621936316925805,10363.2,24998.640987310537,214.74745,0.8511963750016582,1.4524603367496145,1.0,1.0,1.0,13.799901682232836
SE300_FL340,2022-03-01 00:18:00.000000000,-6.963577350434745,45.65861348889645,10363.2,24998.640987310537,214.83006,0.8614727221367119,1.4691821042331619,1.0,1.0,1.0,13.800065477575464
SE300_FL340,2022-03-01 00:19:00.000000000,-6.793955919788455,45.69544792952469,10363.2,24998.640987310537,214.919,0.8645237816230127,1.4735080472998392,1.0,1.0,1.0,13.80003693342804
SE300_FL340,2022-03-01 00:20:00.000000000,-6.62430206827496,45.732459891422764,10363.2,24998.640987310537,214.98215,0.8565368886957505,1.459276460485911,1.0,1.0,1.0,13.799973816594894
SE300_FL340,2022-03-01 00:21:00.000000000,-6.454626108496878,45.76967183596835,10363.2,24998.640987310537,215.03749,0.8381542215257672,1.427425464775487,1.0,1.0,1.0,13.79991501954183
SE300_FL340,2022-03-01 00:22:00.000000000,-6.284938381864701,45.807107160064675,10363.2,24998.640987310537,215.08089,0.8118912776151853,1.3822960108055575,1.0,1.0,1.0,13.80001310806428
SE300_FL340,2022-03-01 00:23:00.000000000,-6.1152496770827875,45.84479442806904,10363.2,24998.640987310537,215.12375,0.7971244165972663,1.3567611983311456,1.0,1.0,1.0,13.80004905320983
SE300_FL340,2022-03-01 00:24:00.000000000,-5.945571349662257,45.8827565001216,10363.2,24998.640987310537,215.16643,0.7881302172992009,1.341065429173396,1.0,1.0,1.0,13.799995207272767
SE300_FL340,2022-03-01 00:25:00.000000000,-5.775914582343945,45.92101460539857,10363.2,24998.640987310537,215.20633,0.7798564277657262,1.326625404457625,1.0,1.0,1.0,13.799946018066104
SE300_FL340,2022-03-01 00:26:00.000000000,-5.606290874535937,45.959592928785845,10363.2,24998.640987310537,215.24617,0.7725759583880213,1.3138907999341163,1.0,1.0,1.0,13.799901826521442
SE300_FL340,2022-03-01 00:27:00.000000000,-5.436712081951,45.99851585627959,10363.2,24998.640987310537,215.29039,0.7616300504966872,1.2948885155927012,1.0,1.0,1.0,13.800049850384529
SE300_FL340,2022-03-01 00:28:00.000000000,-5.267191966322243,46.03781647078147,10363.2,24998.640987310537,215.33151,0.7402270831800084,1.2581476825184292,1.0,1.0,1.0,13.800031588333269
SE300_FL340,2022-03-01 00:29:00.000000000,-5.097742422824589,46.07751300401981,10363.2,24998.640987310537,215.3335,0.7096455979098766,1.2061547453072987,1.0,1.0,1.0,13.799990478669388
SE300_FL340,2022-03-01 00:30:00.000000000,-4.92837633795386,46.11762914151849,10363.2,24998.640987310537,215.32497,0.6860957515223743,1.166194733617948,1.0,1.0,1.0,13.7999541838252
SE300_FL340,2022-03-01 00:31:00.000000000,-4.759107233713054,46.158189859635726,10363.2,24998.640987310537,215.30963,0.6704485887850091,1.1397197336960205,1.0,1.0,1.0,13.799922890616976
SE300_FL340,2022-03-01 00:32:00.000000000,-4.589949114555786,46.19922026051813,10363.2,24998.640987310537,215.28271,0.6596196199492121,1.1215135757192365,1.0,1.0,1.0,13.799929959565615
SE300_FL340,2022-03-01 00:33:00.000000000,-4.420917005638568,46.24074744997757,10363.2,24998.640987310537,215.23222,0.6520811544804236,1.1090749135763918,1.0,1.0,1.0,13.800043955541087
SE300_FL340,2022-03-01 00:34:00.000000000,-4.252027880874641,46.28280309951133,10363.2,24998.640987310537,215.14212,0.6408847176527459,1.0906937558504313,1.0,1.0,1.0,13.80001263583261
SE300_FL340,2022-03-01 00:35:00.000000000,-4.083295312513981,46.32540456469928,10363.2,24998.640987310537,215.04199,0.6302088506781955,1.0732514689092496,1.0,1.0,1.0,13.79998555573942
SE300_FL340,2022-03-01 00:36:00.000000000,-3.914735435139302,46.3685770941835,10363.2,24998.640987310537,214.93727,0.6175252414812069,1.0523893172676144,1.0,1.0,1.0,13.799962706248108
SE300_FL340,2022-03-01 00:37:00.000000000,-3.7463649709978815,46.41234591653959,10363.2,24998.640987310537,214.83199,0.6023800878274757,1.0273039405362687,1.0,1.0,1.0,13.799944029141807
SE300_FL340,2022-03-01 00:38:00.000000000,-3.578201246424688,46.45673620162743,10363.2,24998.640987310537,214.763,0.6051283098776018,1.0324701926713513,1.0,1.0,1.0,13.799929415534166
SE300_FL340,2022-03-01 00:39:00.000000000,-3.41026220591334,46.50177301855226,10363.2,24998.640987310537,214.70125,0.6059905648442713,1.0343660612393322,1.0,1.0,1.0,13.79991870565744
SE300_FL340,2022-03-01 00:40:00.000000000,-3.2425664234872786,46.54748129024899,10363.2,24998.640987310537,214.64293,0.6041500036408265,1.0316269398810352,1.0,1.0,1.0,13.799922852412047
SE300_FL340,2022-03-01 00:41:00.000000000,-3.0751334306903266,46.59388656047466,10363.2,24998.640987310537,214.59784,0.600763216135249,1.0261515301931865,1.0,1.0,1.0,13.800008407530912
SE300_FL340,2022-03-01 00:42:00.000000000,-2.907985546322268,46.641019270999685,10363.2,24998.640987310537,214.56187,0.5976575605326219,1.0210924682793299,1.0,1.0,1.0,13.79999152577942
SE300_FL340,2022-03-01 00:43:00.000000000,-2.74114057917694,46.68889649733604,10363.2,24998.640987310537,214.5301,0.5944625518230402,1.0158486053925222,1.0,1.0,1.0,13.799977274791766
SE300_FL340,2022-03-01 00:44:00.000000000,-2.5746196225871447,46.73754198383629,10363.2,24998.640987310537,214.50948,0.5978231303594033,1.0217340339536642,1.0,1.0,1.0,13.799965416219916
SE300_FL340,2022-03-01 00:45:00.000000000,-2.4084444011529893,46.78697905887585,10363.2,24998.640987310537,214.49367,0.6007056407521147,1.0267656738667876,1.0,1.0,1.0,13.799955690405685
SE300_FL340,2022-03-01 00:46:00.000000000,-2.24263725835525,46.83723057208739,10363.2,24998.640987310537,214.4796,0.6042630829851775,1.0329440635547886,1.0,1.0,1.0,13.799947822412035
SE300_FL340,2022-03-01 00:47:00.000000000,-2.077221138921509,46.88831882936984,10363.2,24998.640987310537,214.47066,0.6088182482433301,1.040791675706399,1.0,1.0,1.0,13.799941528604728
SE300_FL340,2022-03-01 00:48:00.000000000,-1.9122195656143586,46.94026552601405,10363.2,24998.640987310537,214.44911,0.6247125730422364,1.0681203282345848,1.0,1.0,1.0,13.799936523592704
SE300_FL340,2022-03-01 00:49:00.000000000,-1.747656610142675,46.99309167833649,10363.2,24998.640987310537,214.41681,0.6519124774296435,1.1148633812119626,1.0,1.0,1.0,13.799932527317191
SE300_FL340,2022-03-01 00:50:00.000000000,-1.5835568579366146,47.046817554258936,10363.2,24998.640987310537,214.39067,0.6768958628491352,1.157790121374565,1.0,1.0,1.0,13.799929272076493
SE300_FL340,2022-03-01 00:51:00.000000000,-1.41994536657518,47.10146260331857,10363.2,24998.640987310537,214.3695,0.7015458465131034,1.2001173127720786,1.0,1.0,1.0,13.799926509251202
SE300_FL340,2022-03-01 00:52:00.000000000,-1.2568476177121715,47.15704538663485,10363.2,24998.640987310537,214.35866,0.7273312058417053,1.244320054856942,1.0,1.0,1.0,13.799924015512413
SE300_FL340,2022-03-01 00:53:00.000000000,-1.0942894624114776,47.21358350739827,10363.2,24998.640987310537,214.38416,0.7231849071028759,1.2370183749310166,1.0,1.0,1.0,13.799921598299676
SE300_FL340,2022-03-01 00:54:00.000000000,-0.9322970598757382,47.27109354247939,10363.2,24998.640987310537,214.41171,0.7119793850186125,1.2176270790499273,1.0,1.0,1.0,13.799919100366923
SE300_FL340,2022-03-01 00:55:00.000000000,-0.7708968096326502,47.329590975783,10363.2,24998.640987310537,214.43817,0.684916157826999,1.1711361384349221,1.0,1.0,1.0,13.799916403229442
SE300_FL340,2022-03-01 00:56:00.000000000,-0.6101152773294826,47.38909013399148,10363.2,24998.640987310537,214.44623,0.6348132024031207,1.0854069571265879,1.0,1.0,1.0,13.79991342938298
SE300_FL340,2022-03-01 00:57:00.000000000,-0.4499791143776922,47.44960412535214,10363.2,24998.640987310537,214.44339,0.5972897377145961,1.0212683042209885,1.0,1.0,1.0,13.79991014318596
SE300_FL340,2022-03-01 00:58:00.000000000,-0.2905149717839815,47.51114478216384,10363.2,24998.640987310537,214.40327,0.5898514485513678,1.0088213942802517,1.0,1.0,1.0,13.799906550367
SE300_FL340,2022-03-01 00:59:00.000000000,-0.1317494086006752,47.57372260760951,10363.2,24998.640987310537,214.35269,0.5997857903044223,1.0261556119873028,1.0,1.0,1.0,13.799902696148978
SE300_FL340,2022-03-01 01:00:00.000000000,0.026291204476382772,47.63734672756016,10363.2,24998.640987310537,214.29263,0.6256943310528433,1.070909513834681,1.0,1.0,1.0,13.799898662049376
SE300_FL340,2022-03-01 01:01:00.000000000,0.1835807857402945,47.702024847945545,10363.2,24998.640987310537,214.19926,0.6998574571413388,1.1985838849453627,1.0,1.0,1.0,13.799894561448786
SE300_FL340,2022-03-01 01:02:00.000000000,0.3400936466257237,47.767763218243296,10363.2,24998.640987310537,214.11668,0.755557491417596,1.2946801540273534,1.0,1.0,1.0,13.799890534083259
SE300_FL340,2022-03-01 01:03:00.000000000,0.4958045985892688,47.834566601585344,10363.2,24998.640987310537,214.04427,0.7880104520420875,1.3509387953396206,1.0,1.0,1.0,13.799886739660096
SE300_FL340,2022-03-01 01:04:00.000000000,0.6506890618532523,47.90243825191635,10363.2,24998.640987310537,214.00085,0.8001666222239358,1.3721729944973025,1.0,1.0,1.0,13.799883350808148
SE300_FL340,2022-03-01 01:05:00.000000000,0.8047231750871445,47.97137989856527,10363.2,24998.640987310537,213.96399,0.8050071545078158,1.3808089099835001,1.0,1.0,1.0,13.799880545640207
SE300_FL340,2022-03-01 01:06:00.000000000,0.9578839050532617,48.04139173850947,10363.2,24998.640987310537,213.941,0.7780613620517337,1.334790569957828,1.0,1.0,1.0,13.799880297337754
SE300_FL340,2022-03-01 01:07:00.000000000,1.1101490175689515,48.11247259658721,10363.2,24998.640987310537,213.92336,0.7445836685085707,1.2775076358387236,1.0,1.0,1.0,13.799955765457092
SE300_FL340,2022-03-01 01:08:00.000000000,1.2614916109520389,48.18462623408982,10363.2,24998.640987310537,213.8993,0.7238050163842693,1.2420544944529677,1.0,1.0,1.0,13.799946076537669
SE300_FL340,2022-03-01 01:09:00.000000000,1.4118974565169005,48.25784150407756,10363.2,24998.640987310537,213.8746,0.7036140350598361,1.2076006444656937,1.0,1.0,1.0,13.799936769163452
SE300_FL340,2022-03-01 01:10:00.000000000,1.5613479605795775,48.33211247748483,10363.2,24998.640987310537,213.85597,0.6856827704967956,1.1769703901362236,1.0,1.0,1.0,13.799928078960882
SE300_FL340,2022-03-01 01:11:00.000000000,1.7098258754552036,48.40743177483138,10363.2,24998.640987310537,213.8379,0.6741748496578577,1.1573555274685179,1.0,1.0,1.0,13.799920213907653
SE300_FL340,2022-03-01 01:12:00.000000000,1.8573153869251047,48.48379060616857,10363.2,24998.640987310537,213.81825,0.6631609489088749,1.1385906362713507,1.0,1.0,1.0,13.799913349084349
SE300_FL340,2022-03-01 01:13:00.000000000,2.00380219478423,48.561178817972646,10363.2,24998.640987310537,213.79762,0.6465635329761732,1.1102487609256113,1.0,1.0,1.0,13.799907622724088
SE300_FL340,2022-03-01 01:14:00.000000000,2.1492735857235448,48.63958494650445,10363.2,24998.640987310537,213.84381,0.6114809392745649,1.0496887978644214,1.0,1.0,1.0,13.79990313363142
SE300_FL340,2022-03-01 01:15:00.000000000,2.2937184979011707,48.71899627708127,10363.2,24998.640987310537,213.88281,0.5815606908496062,0.9980701260588013,1.0,0.0,0.0,13.799899939990695
SE300_FL340,2022-03-01 01:16:00.000000000,2.437127576666514,48.79939890864313,10363.2,24998.640987310537,213.92705,0.5596857060274429,0.9602475063338904,1.0,0.0,0.0,13.799898059510873
SE300_FL340,2022-03-01 01:17:00.000000000,2.57949322101926,48.88077782294388,10363.2,24998.640987310537,213.9809,0.5331810210520376,0.9144484053656743,1.0,0.0,0.0,13.799897470818289
SE300_FL340,2022-03-01 01:18:00.000000000,2.7208096205090637,48.96311695765744,10363.2,24998.640987310537,214.04855,0.5033433404962608,0.8628898528962105,1.0,0.0,0.0,13.799898115948379
SE300_FL340,2022-03-01 01:19:00.000000000,2.8610727824072804,49.04639928266274,10363.2,24998.640987310537,214.08806,0.4850636745239439,0.8313362915703238,1.0,0.0,0.0,13.799899903772648
SE300_FL340,2022-03-01 01:20:00.000000000,3.0002805491083504,49.13060687875635,10363.2,24998.640987310537,214.11665,0.47319124367307913,0.8108345260674592,1.0,0.0,0.0,13.799902714140295
SE300_FL340,2022-03-01 01:21:00.000000000,3.1384326058413183,49.21572101804042,10363.2,24998.640987310537,214.12643,0.4753235458787177,0.8144342527133354,1.0,0.0,0.0,13.799906402511214
SE300_FL340,2022-03-01 01:22:00.000000000,3.275530478889779,49.30172224524366,10363.2,24998.640987310537,214.12907,0.47962662697205566,0.821796602168337,1.0,0.0,0.0,13.799910804862314
SE300_FL340,2022-03-01 01:23:00.000000000,3.411577524628558,49.38859045925548,10363.2,24998.640987310537,214.08601,0.4934658178574097,0.8457493555451081,1.0,0.0,0.0,13.799915742621737
SE300_FL340,2022-03-01 01:24:00.000000000,3.546578909786857,49.47630499418438,10363.2,24998.640987310537,214.04436,0.5063937953605824,0.8681437229265909,1.0,0.0,0.0,13.799921027431493
SE300_FL340,2022-03-01 01:25:00.000000000,3.6805415834364057,49.56484469929377,10363.2,24998.640987310537,214.02863,0.5117456860617846,0.8774119237310504,1.0,0.0,0.0,13.799926465539238
SE300_FL340,2022-03-01 01:26:00.000000000,3.813474241281341,49.65418801721622,10363.2,24998.640987310537,214.006,0.5213288808400616,0.8939741904154517,1.0,0.0,0.0,13.799931861647412
SE300_FL340,2022-03-01 01:27:00.000000000,3.945387282890515,49.74431305990206,10363.2,24998.640987310537,213.97348,0.5363732289590725,0.9199693420057087,1.0,0.0,0.0,13.799937022113916
SE300_FL340,2022-03-01 01:28:00.000000000,4.076292762563807,49.83519768181777,10363.2,24998.640987310537,213.97807,0.5412398707319976,0.9282888729537145,1.0,0.0,0.0,13.799941757380292
SE300_FL340,2022-03-01 01:29:00.000000000,4.206204334561293,49.92681954997152,10363.2,24998.640987310537,213.99239,0.5430109635742467,0.9312374654383171,1.0,0.0,0.0,13.799945883601017
SE300_FL340,2022-03-01 01:30:00.000000000,4.335137193447722,50.01915621040786,10363.2,24998.640987310537,213.99176,0.544713749997121,0.9341631922727549,1.0,0.0,0.0,13.799949223437263
SE300_FL340,2022-03-01 01:31:00.000000000,4.463108010316069,50.1121851508771,10363.2,24998.640987310537,213.98978,0.5418151668943038,0.9292044464304464,1.0,0.0,0.0,13.79995160605297
SE300_FL340,2022-03-01 01:32:00.000000000,4.590134865652553,50.20588385944899,10363.2,24998.640987310537,213.984,0.5342993158923676,0.9163489193933627,1.0,0.0,0.0,13.799952866356099
SE300_FL340,2022-03-01 01:33:00.000000000,4.716237179594008,50.300229878900765,10363.2,24998.640987310537,213.97269,0.5271901202209132,0.904223711190933,1.0,0.0,0.0,13.799952843577072
SE300_FL340,2022-03-01 01:34:00.000000000,4.841435640306324,50.39520085676857,10363.2,24998.640987310537,213.96416,0.5220542418345683,0.8954647778671186,1.0,0.0,0.0,13.799951379286926
SE300_FL340,2022-03-01 01:35:00.000000000,4.965752131182763,50.49077459100485,10363.2,24998.640987310537,213.95374,0.5187038770351792,0.8897785807146045,1.0,0.0,0.0,13.799948314979101
SE300_FL340,2022-03-01 01:36:00.000000000,5.08920965752353,50.58692907123493,10363.2,24998.640987310537,213.96019,0.521113875508546,0.8938760702489519,1.0,0.0,0.0,13.7999434893709
SE300_FL340,2022-03-01 01:37:00.000000000,5.211832273314692,50.683642515650746,10363.2,24998.640987310537,213.97025,0.5315655448743634,0.9117439050591368,1.0,0.0,0.0,13.799936735540259
SE300_FL340,2022-03-01 01:38:00.000000000,5.333645008677116,50.78089340361986,10363.2,24998.640987310537,213.98991,0.5422961083203145,0.9300279806491109,1.0,0.0,0.0,13.79992787807843
SE300_FL340,2022-03-01 01:39:00.000000000,5.454673798505399,50.87866050412251,10363.2,24998.640987310537,214.01735,0.5528733189306968,0.9479952969653549,1.0,0.0,0.0,13.799916730378694
SE300_FL340,2022-03-01 01:40:00.000000000,5.574945412764155,50.97692290015904,10363.2,24998.640987310537,214.05586,0.5577797373944066,0.9561670922243536,1.0,0.0,0.0,13.799909146879337
SE300_FL340,2022-03-01 01:41:00.000000000,5.69448698268002,51.07566027243519,10363.2,24998.640987310537,214.0931,0.5552061034844441,0.9515196467920832,1.0,0.0,0.0,13.800036502008268
SE300_FL340,2022-03-01 01:42:00.000000000,5.813317860079042,51.17485813030892,10363.2,24998.640987310537,214.13225,0.5425903882695295,0.9296573705034157,1.0,0.0,0.0,13.800019343694286
SE300_FL340,2022-03-01 01:43:00.000000000,5.931476383526231,51.274490485820074,10363.2,24998.640987310537,214.17194,0.5250166691716576,0.8993139397782025,1.0,0.0,0.0,13.799999557176893
SE300_FL340,2022-03-01 01:44:00.000000000,6.048992146742065,51.37453779717241,10363.2,24998.640987310537,214.20119,0.5100413760282402,0.8734930331587422,1.0,0.0,0.0,13.799976952886416
SE300_FL340,2022-03-01 01:45:00.000000000,6.16589527157801,51.47498090580639,10363.2,24998.640987310537,214.22647,0.4948691308391666,0.8473646637056997,1.0,0.0,0.0,13.799951314976644
SE300_FL340,2022-03-01 01:46:00.000000000,6.282216354420901,51.575801040761654,10363.2,24998.640987310537,214.24895,0.4808609160538726,0.8232557749178346,1.0,0.0,0.0,13.799922401731491
SE300_FL340,2022-03-01 01:47:00.000000000,6.397986416102225,51.67697982039795,10363.2,24998.640987310537,214.27771,0.46017845694624065,0.7876970787315567,1.0,0.0,0.0,13.799896422178843
SE300_FL340,2022-03-01 01:48:00.000000000,6.513236540852692,51.77849945999789,10363.2,24998.640987310537,214.299,0.44520695615858247,0.7619629481284332,1.0,0.0,0.0,13.800070683038491
SE300_FL340,2022-03-01 01:49:00.000000000,6.627989237000202,51.88034855874178,10363.2,24998.640987310537,214.31775,0.4283267707049299,0.7329823278201605,1.0,0.0,0.0,13.800033136164926
SE300_FL340,2022-03-01 01:50:00.000000000,6.7422871098143675,51.982503017475295,10363.2,24998.640987310537,214.3344,0.41411415212315095,0.708581554571524,1.0,0.0,0.0,13.79999217680041
SE300_FL340,2022-03-01 01:51:00.000000000,6.85616260126879,52.08494594286698,10363.2,24998.640987310537,214.35072,0.3941763936693053,0.6743924411725911,1.0,0.0,0.0,13.799947488517821
SE300_FL340,2022-03-01 01:52:00.000000000,6.9696483812259675,52.187660808917485,10363.2,24998.640987310537,214.36398,0.37426488655060863,0.6402699468033783,1.0,0.0,0.0,13.799898737232269
SE300_FL340,2022-03-01 01:53:00.000000000,7.082777318490884,52.29063144711092,10363.2,24998.640987310537,214.37091,0.3628959324511909,0.6207935942991898,1.0,0.0,0.0,13.800030398716745
SE300_FL340,2022-03-01 01:54:00.000000000,7.19557701404532,52.39384625576109,10363.2,24998.640987310537,214.38045,0.35299996618872204,0.60382588652781,1.0,0.0,0.0,13.800054345163323
SE300_FL340,2022-03-01 01:55:00.000000000,7.308085257117626,52.49728673117904,10363.2,24998.640987310537,214.39555,0.342631668139767,0.5860309526287006,1.0,0.0,0.0,13.799996740891372
SE300_FL340,2022-03-01 01:56:00.000000000,7.420338038484323,52.60093580787837,10363.2,24998.640987310537,214.41002,0.33603615612922133,0.5746958497013314,1.0,0.0,0.0,13.799934836100903
SE300_FL340,2022-03-01 01:57:00.000000000,7.532368946100369,52.70477859337681,10363.2,24998.640987310537,214.42441,0.32976693727389245,0.5639204678338223,1.0,0.0,0.0,13.7999107047655
SE300_FL340,2022-03-01 01:58:00.000000000,7.644210999091989,52.80880120769993,10363.2,24998.640987310537,214.44003,0.3253780169304483,0.5563564184256815,1.0,0.0,0.0,13.80009727987662
SE300_FL340,2022-03-01 01:59:00.000000000,7.755895885982359,52.912992453617406,10363.2,24998.640987310537,214.45572,0.32167814263451305,0.5499723854450206,1.0,0.0,0.0,13.800026839405156
SE300_FL340,2022-03-01 02:00:00.000000000,7.867462507785084,53.01733360209722,10363.2,24998.640987310537,214.46193,0.3283325507785279,0.5613275822903652,1.0,0.0,0.0,13.799951817325509
SE300_FL340,2022-03-01 02:01:00.000000000,7.97894493915904,53.12181080944994,10363.2,24998.640987310537,214.47476,0.32570513946197793,0.5567862809487039,1.0,0.0,0.0,13.799878948745755
SE300_FL340,2022-03-01 02:02:00.000000000,8.090377316599858,53.22641053966239,10363.2,24998.640987310537,214.47813,0.32719254963518635,0.5593178947850624,1.0,0.0,0.0,13.80011613732471
SE300_FL340,2022-03-01 02:03:00.000000000,8.201794722995709,53.33112242122278,10363.2,24998.640987310537,214.4768,0.3312253904766942,0.5662166348559674,1.0,0.0,0.0,13.800033244616367
SE300_FL340,2022-03-01 02:04:00.000000000,8.313233280726271,53.43592919842136,10363.2,24998.640987310537,214.47533,0.3358997862143831,0.5742138478019817,1.0,0.0,0.0,13.799945514347323
SE300_FL340,2022-03-01 02:05:00.000000000,8.42472747485294,53.54081781028977,10363.2,24998.640987310537,214.47995,0.33623403804336216,0.5747663435535276,1.0,0.0,0.0,13.799915365810826
SE300_FL340,2022-03-01 02:06:00.000000000,8.536312692536393,53.64577571103455,10363.2,24998.640987310537,214.4779,0.33700778375210066,0.5760965184635731,1.0,0.0,0.0,13.80011004309586
SE300_FL340,2022-03-01 02:07:00.000000000,8.648028278660536,53.750790832795516,10363.2,24998.640987310537,214.46356,0.34641856573694363,0.5922401686873563,1.0,0.0,0.0,13.800015304799869
SE300_FL340,2022-03-01 02:08:00.000000000,8.759906477778147,53.85584845500265,10363.2,24998.640987310537,214.4585,0.3504294423144177,0.5991174839824368,1.0,0.0,0.0,13.79991564313486
SE300_FL340,2022-03-01 02:09:00.000000000,8.871982232889263,53.96093601106962,10363.2,24998.640987310537,214.46768,0.350721296679101,0.5995786567806386,1.0,0.0,0.0,13.800004103946796
SE300_FL340,2022-03-01 02:10:00.000000000,8.984295963690094,54.06604108818969,10363.2,24998.640987310537,214.46594,0.35246117435317076,0.6025610239266318,1.0,0.0,0.0,13.800080631551038
SE300_FL340,2022-03-01 02:11:00.000000000,9.096884905918607,54.17115044521283,10363.2,24998.640987310537,214.4508,0.3573443391913253,0.610970644687634,1.0,0.0,0.0,13.799975069909443
SE300_FL340,2022-03-01 02:12:00.000000000,9.20978021803311,54.27625136209472,10363.2,24998.640987310537,214.45732,0.3553701664705352,0.6075689644214494,1.0,0.0,0.0,13.799864842324851
SE300_FL340,2022-03-01 02:13:00.000000000,9.323017438348389,54.38133146507345,10363.2,24998.640987310537,214.43759,0.35887694497829215,0.6136449057104458,1.0,0.0,0.0,13.800132173225244
SE300_FL340,2022-03-01 02:14:00.000000000,9.436648363691544,54.48637655428334,10363.2,24998.640987310537,214.42117,0.3606259550905249,0.6167030166357181,1.0,0.0,0.0,13.800031613689772
SE300_FL340,2022-03-01 02:15:00.000000000,9.550696513269713,54.59137491446518,10363.2,24998.640987310537,214.41043,0.35928720147345294,0.6144581984396724,1.0,0.0,0.0,13.799916973248944
SE300_FL340,2022-03-01 02:16:00.000000000,9.665197626195663,54.69631414251662,10363.2,24998.640987310537,214.40709,0.35553455445836546,0.6080538093282757,1.0,0.0,0.0,13.800000285525412
SE300_FL340,2022-03-01 02:17:00.000000000,9.780198569347377,54.80118004346924,10363.2,24998.640987310537,214.39442,0.3551349461673811,0.6074221025303801,1.0,0.0,0.0,13.800086698051244
SE300_FL340,2022-03-01 02:18:00.000000000,9.895738483326229,54.90595917369293,10363.2,24998.640987310537,214.3673,0.35793740323156664,0.612325201066699,1.0,0.0,0.0,12.396279145510631
SE300_FL340,2022-03-01 02:18:53.897617080,10.0,55.0,10363.2,24998.640987310537,214.36517,0.3534277131403175,0.6046186483545317,1.0,0.0,0.0,0.0
SE150_FL340,2022-03-01 00:00:00.000000000,-10.000000000000002,45.00000000000001,10363.2,24998.640987310537,214.05959,0.8613587389602843,1.4765361576946134,1.0,1.0,1.0,13.800025280721622
SE150_FL340,2022-03-01 00:01:00.000000000,-9.848780362463852,45.06309802296491,10363.2,24998.640987310537,214.074,0.8449432698770218,1.4482567583534933,1.0,1.0,1.0,13.800023124170625
SE150_FL340,2022-03-01 00:02:00.000000000,-9.69723892593266,45.12601025046198,10363.2,24998.640987310537,214.0921,0.8424576944162043,1.4438253027471006,1.0,1.0,1.0,13.800020919334957
SE150_FL340,2022-03-01 00:03:00.000000000,-9.545386915730079,45.18874995403247,10363.2,24998.640987310537,214.11911,0.8464038631430725,1.450329021917457,1.0,1.0,1.0,13.80001868361511
SE150_FL340,2022-03-01 00:04:00.000000000,-9.393235477429094,45.251330452726556,10363.2,24998.640987310537,214.14322,0.8494736952921084,1.4553561690110972,1.0,1.0,1.0,13.800016434639819
SE150_FL340,2022-03-01 00:05:00.000000000,-9.240795680594678,45.31376510728148,10363.2,24998.640987310537,214.18561,0.8404740884038379,1.4395333546098927,1.0,1.0,1.0,13.800014190107833
SE150_FL340,2022-03-01 00:06:00.000000000,-9.088078522618359,45.376067314269825,10363.2,24998.640987310537,214.21341,0.8386849909333984,1.436206484554133,1.0,1.0,1.0,13.800011967625645
SE150_FL340,2022-03-01 00:07:00.000000000,-8.935094932619785,45.43825050019791,10363.2,24998.640987310537,214.2353,0.8326815559039995,1.4257181470935114,1.0,1.0,1.0,13.800009784533726
SE150_FL340,2022-03-01 00:08:00.000000000,-8.78185577539008,45.500328115534025,10363.2,24998.640987310537,214.25107,0.8205419266696721,1.4047857086191244,1.0,1.0,1.0,13.80000765772226
SE150_FL340,2022-03-01 00:09:00.000000000,-8.628371855351828,45.56231362864651,10363.2,24998.640987310537,214.24516,0.8030911263621068,1.3749638791020167,1.0,1.0,1.0,13.80000560344844
SE150_FL340,2022-03-01 00:10:00.000000000,-8.474653920510518,45.62422051963216,10363.2,24998.640987310537,214.234,0.7865385771585589,1.3467217010028576,1.0,1.0,1.0,13.800003637143645
SE150_FL340,2022-03-01 00:11:00.000000000,-8.320712666371875,45.68606227401563,10363.2,24998.640987310537,214.20375,0.7729666445292805,1.3237539759690506,1.0,1.0,1.0,13.800001773220872
SE150_FL340,2022-03-01 00:12:00.000000000,-8.166558739799713,45.74785237630135,10363.2,24998.640987310537,214.15123,0.7660388293481314,1.312343850826615,1.0,1.0,1.0,13.800000024891407
SE150_FL340,2022-03-01 00:13:00.000000000,-8.012202742788062,45.80960430335971,10363.2,24998.640987310537,214.1004,0.7531544533395275,1.2907042677083274,1.0,1.0,1.0,13.79999840397277
SE150_FL340,2022-03-01 00:14:00.000000000,-7.857655236121768,45.87133151763049,10363.2,24998.640987310537,214.0815,0.7440990546353526,1.2753426787088549,1.0,1.0,1.0,13.799996920709697
SE150_FL340,2022-03-01 00:15:00.000000000,-7.702926742899029,45.933047460127014,10363.2,24998.640987310537,214.06497,0.7333143429247109,1.2569976270369447,1.0,1.0,1.0,13.799995583611501
SE150_FL340,2022-03-01 00:16:00.000000000,-7.548027751889124,45.99476554322603,10363.2,24998.640987310537,214.07118,0.7214395050407632,1.2365915704309232,1.0,1.0,1.0,13.799994399289552
SE150_FL340,2022-03-01 00:17:00.000000000,-7.392968720698455,46.05649914322893,10363.2,24998.640987310537,214.15369,0.723105489810089,1.2387703009501843,1.0,1.0,1.0,13.799993372318367
SE150_FL340,2022-03-01 00:18:00.000000000,-7.237760078717368,46.118261592681485,10363.2,24998.640987310537,214.26588,0.7245979927345306,1.2404088370318553,1.0,1.0,1.0,13.799992505114373
SE150_FL340,2022-03-01 00:19:00.000000000,-7.0824122298204,46.18006617244081,10363.2,24998.640987310537,214.38873,0.7223023685315441,1.2354711549364523,1.0,1.0,1.0,13.799991797836244
SE150_FL340,2022-03-01 00:20:00.000000000,-6.926935554791905,46.241926103479614,10363.2,24998.640987310537,214.51259,0.7185872345332399,1.2281002973864499,1.0,1.0,1.0,13.799991248309139
SE150_FL340,2022-03-01 00:21:00.000000000,-6.771340413449099,46.303854538419465,10363.2,24998.640987310537,214.65582,0.7141071608659331,1.219278322806807,1.0,1.0,1.0,13.79999085197143
SE150_FL340,2022-03-01 00:22:00.000000000,-6.615637146434141,46.36586455278655,10363.2,24998.640987310537,214.7779,0.7003884495020589,1.194881991662319,1.0,1.0,1.0,13.79999060186101
SE150_FL340,2022-03-01 00:23:00.000000000,-6.4598360766471385,46.427969135985755,10363.2,24998.640987310537,214.9009,0.6826896736516366,1.163728421325646,1.0,1.0,1.0,13.799990488621079
SE150_FL340,2022-03-01 00:24:00.000000000,-6.3039475102915645,46.49018118199037,10363.2,24998.640987310537,215.00847,0.6671793182170689,1.1364667508188913,1.0,1.0,1.0,13.799990500548963
SE150_FL340,2022-03-01 00:25:00.000000000,-6.147981737503878,46.552513479747134,10363.2,24998.640987310537,215.09174,0.6608054438863612,1.124977551171456,1.0,1.0,1.0,13.799990623666508
SE150_FL340,2022-03-01 00:26:00.000000000,-5.991949032539317,46.6149787032986,10363.2,24998.640987310537,215.15668,0.6596632086332267,1.122541355750616,1.0,1.0,1.0,13.799990841836957
SE150_FL340,2022-03-01 00:27:00.000000000,-5.835859653486246,46.67758940162737,10363.2,24998.640987310537,215.17781,0.6756317574821568,1.1495531206198488,1.0,1.0,1.0,13.799991136910966
SE150_FL340,2022-03-01 00:28:00.000000000,-5.679723841481787,46.740357988228865,10363.2,24998.640987310537,215.18579,0.6857353008856119,1.1666794899231159,1.0,1.0,1.0,13.799991488902345
SE150_FL340,2022-03-01 00:29:00.000000000,-5.523551819402239,46.80329673042195,10363.2,24998.640987310537,215.16815,0.6962177955307699,1.1846564032057092,1.0,1.0,1.0,13.799991876206876
SE150_FL340,2022-03-01 00:30:00.000000000,-5.367353790002575,46.86641773840963,10363.2,24998.640987310537,215.1276,0.6961563082921878,1.1848755029740796,1.0,1.0,1.0,13.799992275841205
SE150_FL340,2022-03-01 00:31:00.000000000,-5.2111399334805135,46.92973295410445,10363.2,24998.640987310537,215.07594,0.6895806806137968,1.1740906997186518,1.0,1.0,1.0,13.799992663719705
SE150_FL340,2022-03-01 00:32:00.000000000,-5.05492040444159,46.993254139735846,10363.2,24998.640987310537,215.00493,0.6769106800136264,1.1530711045162685,1.0,1.0,1.0,13.799993014953047
SE150_FL340,2022-03-01 00:33:00.000000000,-4.89870532824359,47.05699286626,10363.2,24998.640987310537,214.9143,0.6711452420014543,1.1439446522954906,1.0,1.0,1.0,13.799993304171764
SE150_FL340,2022-03-01 00:34:00.000000000,-4.7425047966999045,47.12096050159472,10363.2,24998.640987310537,214.81514,0.6665379127294779,1.1368500286210843,1.0,1.0,1.0,13.79999350586429
SE150_FL340,2022-03-01 00:35:00.000000000,-4.586328863123924,47.185168198705355,10363.2,24998.640987310537,214.7,0.656678642560972,1.120896657473906,1.0,1.0,1.0,13.799993594737066
SE150_FL340,2022-03-01 00:36:00.000000000,-4.430187536698249,47.24962688356991,10363.2,24998.640987310537,214.58916,0.6462674291636961,1.10394200117291,1.0,1.0,1.0,13.799993546077733
SE150_FL340,2022-03-01 00:37:00.000000000,-4.274090776155365,47.31434724305453,10363.2,24998.640987310537,214.49057,0.6380169181707461,1.090565044202031,1.0,1.0,1.0,13.799993336121352
SE150_FL340,2022-03-01 00:38:00.000000000,-4.118048482758973,47.37933971273268,10363.2,24998.640987310537,214.38797,0.6297329064454948,1.0771382369834632,1.0,1.0,1.0,13.799992942424828
SE150_FL340,2022-03-01 00:39:00.000000000,-3.9620704925782735,47.44461446468435,10363.2,24998.640987310537,214.29462,0.6247080319838917,1.0692071259739786,1.0,1.0,1.0,13.7999923442172
SE150_FL340,2022-03-01 00:40:00.000000000,-3.806166568050712,47.510181395313246,10363.2,24998.640987310537,214.22899,0.6185882132792552,1.059193859459759,1.0,1.0,1.0,13.799991522756148
SE150_FL340,2022-03-01 00:41:00.000000000,-3.6503463888319807,47.57605011322245,10363.2,24998.640987310537,214.17393,0.6121441682283678,1.0485409244014228,1.0,1.0,1.0,13.799990461647935
SE150_FL340,2022-03-01 00:42:00.000000000,-3.4946195419363453,47.64222992719104,10363.2,24998.640987310537,214.13362,0.6064973857722609,1.0391455497533806,1.0,1.0,1.0,13.799989147153058
SE150_FL340,2022-03-01 00:43:00.000000000,-3.3389955111735663,47.708729834295355,10363.2,24998.640987310537,214.11903,0.5987007831367391,1.0258847907884812,1.0,1.0,1.0,13.79998756845803
SE150_FL340,2022-03-01 00:44:00.000000000,-3.1834836658934074,47.775558508220634,10363.2,24998.640987310537,214.09164,0.5936717628174966,1.0174500188776066,1.0,1.0,1.0,13.79998571790615
SE150_FL340,2022-03-01 00:45:00.000000000,-3.0280932490527612,47.84272428780939,10363.2,24998.640987310537,214.04492,0.5923181127507993,1.0154443263874602,1.0,1.0,1.0,13.799983591199357
SE150_FL340,2022-03-01 00:46:00.000000000,-2.872833364624784,47.91023516589412,10363.2,24998.640987310537,213.9889,0.5951856625755569,1.0207400253386958,1.0,1.0,1.0,13.799981187540997
SE150_FL340,2022-03-01 00:47:00.000000000,-2.7177129643741873,47.97809877846222,10363.2,24998.640987310537,213.92941,0.5998214870706312,1.0290937558738245,1.0,1.0,1.0,13.799978509741795
SE150_FL340,2022-03-01 00:48:00.000000000,-2.562740834027267,48.046322394201255,10363.2,24998.640987310537,213.8585,0.6055250514957481,1.0393624752957027,1.0,1.0,1.0,13.799975564268491
SE150_FL340,2022-03-01 00:49:00.000000000,-2.407925578869879,48.11491290447256,10363.2,24998.640987310537,213.79143,0.6084668115763144,1.0448741363705483,1.0,1.0,1.0,13.799972361242325
SE150_FL340,2022-03-01 00:50:00.000000000,-2.2532756088113697,48.18387681376056,10363.2,24998.640987310537,213.72412,0.6109986805379045,1.0496851023502018,1.0,1.0,1.0,13.799968914382415
SE150_FL340,2022-03-01 00:51:00.000000000,-2.0987991229566814,48.25322023064404,10363.2,24998.640987310537,213.64674,0.615038098560269,1.0571582758554572,1.0,1.0,1.0,13.799965240897679
SE150_FL340,2022-03-01 00:52:00.000000000,-1.9445040937337181,48.3229488593347,10363.2,24998.640987310537,213.56573,0.6259290364457897,1.0764495563754768,1.0,1.0,1.0,13.799961361323575
SE150_FL340,2022-03-01 00:53:00.000000000,-1.7903982506269553,48.393067991826065,10363.2,24998.640987310537,213.46115,0.6524904823894774,1.1228960902418246,1.0,1.0,1.0,13.799957299309654
SE150_FL340,2022-03-01 00:54:00.000000000,-1.6364890635725675,48.46358250069396,10363.2,24998.640987310537,213.36388,0.6782111627025748,1.1678972446636042,1.0,1.0,1.0,13.799953081365691
SE150_FL340,2022-03-01 00:55:00.000000000,-1.482783726073991,48.534496832587074,10363.2,24998.640987310537,213.26913,0.7026538070808953,1.2107376376940777,1.0,1.0,1.0,13.799948736550181
SE150_FL340,2022-03-01 00:56:00.000000000,-1.3292891381006948,48.60581500244348,10363.2,24998.640987310537,213.22993,0.7218161930029248,1.2440694798757252,1.0,1.0,1.0,13.79996224359886
SE150_FL340,2022-03-01 00:57:00.000000000,-1.176012199022902,48.677541157964725,10363.2,24998.640987310537,213.24002,0.7326459029945138,1.262655099434005,1.0,1.0,1.0,13.800015850398514
SE150_FL340,2022-03-01 00:58:00.000000000,-1.022959909011004,48.74967973493967,10363.2,24998.640987310537,213.31346,0.7361982350581601,1.26817114575049,1.0,1.0,1.0,13.800011280819982
SE150_FL340,2022-03-01 00:59:00.000000000,-0.8701372214611162,48.82223162470867,10363.2,24998.640987310537,213.4261,0.741924612451735,1.2770976186236538,1.0,1.0,1.0,13.800006501605102
SE150_FL340,2022-03-01 01:00:00.000000000,-0.7175496815727354,48.89519906140205,10363.2,24998.640987310537,213.54105,0.7473830957561305,1.2855305062650195,1.0,1.0,1.0,13.800001555312974
SE150_FL340,2022-03-01 01:01:00.000000000,-0.5652024537904219,48.96858383001156,10363.2,24998.640987310537,213.65993,0.7468407476879413,1.2835976229850448,1.0,1.0,1.0,13.79999648581086
SE150_FL340,2022-03-01 01:02:00.000000000,-0.4131003048958678,49.04238726558329,10363.2,24998.640987310537,213.7428,0.7494524375476652,1.287385685551668,1.0,1.0,1.0,13.799991337765992
SE150_FL340,2022-03-01 01:03:00.000000000,-0.2612475873906203,49.116610253279745,10363.2,24998.640987310537,213.79774,0.7533293397084176,1.2935782681145447,1.0,1.0,1.0,13.7999861561264
SE150_FL340,2022-03-01 01:04:00.000000000,-0.1096482232436474,49.1912532293119,10363.2,24998.640987310537,213.8046,0.7645032830483331,1.3127067817609421,1.0,1.0,1.0,13.799980985617015
SE150_FL340,2022-03-01 01:05:00.000000000,0.041694311923352705,49.266316182737384,10363.2,24998.640987310537,213.79202,0.7587599704503939,1.3029540891522657,1.0,1.0,1.0,13.799975870245795
SE150_FL340,2022-03-01 01:06:00.000000000,0.19277700414136667,49.341798658116055,10363.2,24998.640987310537,213.76183,0.7040894161756698,1.2093118021111728,1.0,1.0,1.0,13.799970852837674
SE150_FL340,2022-03-01 01:07:00.000000000,0.3435973158213465,49.41769975900875,10363.2,24998.640987310537,213.73085,0.6590882807665194,1.132250313243751,1.0,1.0,1.0,13.79996597459641
SE150_FL340,2022-03-01 01:08:00.000000000,0.49415319983679507,49.49401815230074,10363.2,24998.640987310537,213.6967,0.6195365217841031,1.064544548493072,1.0,1.0,1.0,13.799961274703167
SE150_FL340,2022-03-01 01:09:00.000000000,0.6444431128990113,49.5707520733261,10363.2,24998.640987310537,213.65474,0.5907632034950349,1.0153810855902015,1.0,1.0,1.0,13.799956789951366
SE150_FL340,2022-03-01 01:10:00.000000000,0.7944660281656921,49.647899331764975,10363.2,24998.640987310537,213.6127,0.5759776745906208,0.9902414516531405,1.0,0.0,0.0,13.799952554435153
SE150_FL340,2022-03-01 01:11:00.000000000,0.9442214470284372,49.72545731828128,10363.2,24998.640987310537,213.5693,0.5759440727063282,0.9904650458228754,1.0,0.0,0.0,13.799948599276675
SE150_FL340,2022-03-01 01:12:00.000000000,1.0937094100288882,49.803423011864275,10363.2,24998.640987310537,213.50633,0.5855097235396409,1.0073297537240553,1.0,1.0,1.0,13.79994495241215
SE150_FL340,2022-03-01 01:13:00.000000000,1.2429305068591834,49.8817929878337,10363.2,24998.640987310537,213.4459,0.601001562810977,1.0343887494692967,1.0,1.0,1.0,13.799943970232082
SE150_FL340,2022-03-01 01:14:00.000000000,1.391885839203061,49.9605634958069,10363.2,24998.640987310537,213.37901,0.6229584216158233,1.0726450814496926,1.0,1.0,1.0,13.800018164069398
SE150_FL340,2022-03-01 01:15:00.000000000,1.5405756538199646,50.039732525500625,10363.2,24998.640987310537,213.31305,0.6470460511840813,1.1145993819555997,1.0,1.0,1.0,13.800012779561797
SE150_FL340,2022-03-01 01:16:00.000000000,1.689003811745885,50.119293133097386,10363.2,24998.640987310537,213.25842,0.6626910264313685,1.1419595215728802,1.0,1.0,1.0,13.800007711970267
SE150_FL340,2022-03-01 01:17:00.000000000,1.8371731915099507,50.19924036232172,10363.2,24998.640987310537,213.23457,0.6670991779063734,1.1497313858499016,1.0,1.0,1.0,13.800002984178791
SE150_FL340,2022-03-01 01:18:00.000000000,1.985087255414262,50.279568902342035,10363.2,24998.640987310537,213.21991,0.6699570427683474,1.1547646756629992,1.0,1.0,1.0,13.79999861501331
SE150_FL340,2022-03-01 01:19:00.000000000,2.1327500533276282,50.36027309878075,10363.2,24998.640987310537,213.21667,0.670974518301997,1.156544544990584,1.0,1.0,1.0,13.799994619263725
SE150_FL340,2022-03-01 01:20:00.000000000,2.2801662254169526,50.44134696502648,10363.2,24998.640987310537,213.22331,0.6711533242835287,1.1568026539285605,1.0,1.0,1.0,13.799991007751949
SE150_FL340,2022-03-01 01:21:00.000000000,2.4273410038207826,50.52278419379153,10363.2,24998.640987310537,213.22318,0.6739734599144902,1.1616652256163922,1.0,1.0,1.0,13.799987787443316
SE150_FL340,2022-03-01 01:22:00.000000000,2.5742802132739526,50.604578168858964,10363.2,24998.640987310537,213.21796,0.6760508128185733,1.1652842109987236,1.0,1.0,1.0,13.799984961591031
SE150_FL340,2022-03-01 01:23:00.000000000,2.720990270699007,50.686721976962986,10363.2,24998.640987310537,213.2136,0.6778637161360807,1.1684422817970714,1.0,1.0,1.0,13.79998252990439
SE150_FL340,2022-03-01 01:24:00.000000000,2.8674781837846655,50.769208419747585,10363.2,24998.640987310537,213.20845,0.677731324819705,1.1682503810850056,1.0,1.0,1.0,13.79998048874809
SE150_FL340,2022-03-01 01:25:00.000000000,3.013751548576857,50.85203002574966,10363.2,24998.640987310537,213.20253,0.6759127449430301,1.1651620622330592,1.0,1.0,1.0,13.799978831356217
SE150_FL340,2022-03-01 01:26:00.000000000,3.1598185461124664,50.935179062353996,10363.2,24998.640987310537,213.19998,0.6649980445560855,1.1463676393640678,1.0,1.0,1.0,13.79997754806047
SE150_FL340,2022-03-01 01:27:00.000000000,3.3056879381298114,51.0186475476696,10363.2,24998.640987310537,213.19658,0.6515058285568044,1.1231303711483656,1.0,1.0,1.0,13.799976626528416
SE150_FL340,2022-03-01 01:28:00.000000000,3.451369061894234,51.10242726227889,10363.2,24998.640987310537,213.18907,0.6358277581300316,1.096159745986017,1.0,1.0,1.0,13.799976052009184
SE150_FL340,2022-03-01 01:29:00.000000000,3.596871824179734,51.18650976081355,10363.2,24998.640987310537,213.18512,0.6187764105924801,1.066787537149704,1.0,1.0,1.0,13.79997580757543
SE150_FL340,2022-03-01 01:30:00.000000000,3.7422066944510983,51.27088638331356,10363.2,24998.640987310537,213.18896,0.6006353038191083,1.0354871295074086,1.0,1.0,1.0,13.799975874366709
SE150_FL340,2022-03-01 01:31:00.000000000,3.8873846972928505,51.35554826632859,10363.2,24998.640987310537,213.23593,0.5883944657032371,1.0140759753054567,1.0,1.0,1.0,13.799976231823901
SE150_FL340,2022-03-01 01:32:00.000000000,4.032417404133353,51.44048635372388,10363.2,24998.640987310537,213.28896,0.5782963156873251,0.996328974779477,1.0,0.0,0.0,13.799976857923344
SE150_FL340,2022-03-01 01:33:00.000000000,4.17731692431389,51.525691407155904,10363.2,24998.640987310537,213.34613,0.5711044693450245,0.9835722278711511,1.0,0.0,0.0,13.79997772939002
SE150_FL340,2022-03-01 01:34:00.000000000,4.322095895553423,51.611154016185885,10363.2,24998.640987310537,213.40784,0.5614839723620169,0.9666144231798051,1.0,0.0,0.0,13.799978821916332
SE150_FL340,2022-03-01 01:35:00.000000000,4.466767473859694,51.69686460800298,10363.2,24998.640987310537,213.47343,0.5498647183599572,0.9462075915476862,1.0,0.0,0.0,13.79998011034861
SE150_FL340,2022-03-01 01:36:00.000000000,4.61134532293813,51.78281345673147,10363.2,24998.640987310537,213.52003,0.545236577865068,0.9379596616525468,1.0,0.0,0.0,13.799981568886242
SE150_FL340,2022-03-01 01:37:00.000000000,4.755843603148792,51.86899069230014,10363.2,24998.640987310537,213.55295,0.5404549043478089,0.9295326945914908,1.0,0.0,0.0,13.79998317125147
SE150_FL340,2022-03-01 01:38:00.000000000,4.9002769600611895,51.95538630885467,10363.2,24998.640987310537,213.57997,0.5398630336197141,0.9283500001533438,1.0,0.0,0.0,13.799984890852482
SE150_FL340,2022-03-01 01:39:00.000000000,5.044660512655349,52.041990172697254,10363.2,24998.640987310537,213.59749,0.54048435296725,0.9293107279954249,1.0,0.0,0.0,13.799986700946327
SE150_FL340,2022-03-01 01:40:00.000000000,5.189009841215732,52.12879202974077,10363.2,24998.640987310537,213.60442,0.5449114777014064,0.9368816761262371,1.0,0.0,0.0,13.799988574784994
SE150_FL340,2022-03-01 01:41:00.000000000,5.33334097496334,52.2157815124673,10363.2,24998.640987310537,213.61276,0.5507911907442231,0.946937827345066,1.0,0.0,0.0,13.799990485753726
SE150_FL340,2022-03-01 01:42:00.000000000,5.477670379467894,52.30294814638437,10363.2,24998.640987310537,213.62158,0.5580033949399784,0.9592836372387809,1.0,0.0,0.0,13.799992407510803
SE150_FL340,2022-03-01 01:43:00.000000000,5.622014943881001,52.390281355974025,10363.2,24998.640987310537,213.62103,0.5662336679127565,0.9734367981919567,1.0,0.0,0.0,13.79999431411892
SE150_FL340,2022-03-01 01:44:00.000000000,5.766391968026885,52.477770470133564,10363.2,24998.640987310537,213.61536,0.5739013189653727,0.9866540942169065,1.0,0.0,0.0,13.799996180175784
SE150_FL340,2022-03-01 01:45:00.000000000,5.910819149385742,52.565404727108,10363.2,24998.640987310537,213.62033,0.5776600014389085,0.993083185142129,1.0,0.0,0.0,13.799997980946767
SE150_FL340,2022-03-01 01:46:00.000000000,6.055314570000713,52.65317327891751,10363.2,24998.640987310537,213.62221,0.5814633599253286,0.9996080661993748,1.0,0.0,0.0,13.799999692491834
SE150_FL340,2022-03-01 01:47:00.000000000,6.19989668333652,52.74106519528474,10363.2,24998.640987310537,213.6292,0.5856853690313217,1.0068214914371663,1.0,1.0,1.0,13.80000129179735
SE150_FL340,2022-03-01 01:48:00.000000000,6.344584301114556,52.829069467069175,10363.2,24998.640987310537,213.65074,0.5794463608100948,0.995955631720816,1.0,0.0,0.0,13.800002756917273
SE150_FL340,2022-03-01 01:49:00.000000000,6.48939658014588,52.91717500921703,10363.2,24998.640987310537,213.6711,0.5771003499264701,0.9917908431394781,1.0,0.0,0.0,13.800004067102952
SE150_FL340,2022-03-01 01:50:00.000000000,6.634353009179616,53.00537066323756,10363.2,24998.640987310537,213.6901,0.5786127693670959,0.994267653211018,1.0,0.0,0.0,13.80000520294991
SE150_FL340,2022-03-01 01:51:00.000000000,6.779473395781127,53.09364519921752,10363.2,24998.640987310537,213.71765,0.572905500563449,0.9842818696233782,1.0,0.0,0.0,13.800006146536646
SE150_FL340,2022-03-01 01:52:00.000000000,6.924777853250975,53.18198731738731,10363.2,24998.640987310537,213.75345,0.5537551966985913,0.9511573433213566,1.0,0.0,0.0,13.80000688157544
SE150_FL340,2022-03-01 01:53:00.000000000,7.070286787591492,53.270385649253456,10363.2,24998.640987310537,213.78365,0.5402511616200425,0.9277795560025743,1.0,0.0,0.0,13.800007393558275
SE150_FL340,2022-03-01 01:54:00.000000000,7.216020884525191,53.35882875831312,10363.2,24998.640987310537,213.81746,0.5294292713718939,0.9089903003094975,1.0,0.0,0.0,13.800007669900015
SE150_FL340,2022-03-01 01:55:00.000000000,7.3620010965652085,53.44730514036748,10363.2,24998.640987310537,213.86537,0.5084044960755021,0.8726195665991198,1.0,0.0,0.0,13.800007700096462
SE150_FL340,2022-03-01 01:56:00.000000000,7.508248630134886,53.53580322345174,10363.2,24998.640987310537,213.90663,0.4868741735160531,0.8354368787516312,1.0,0.0,0.0,13.800007475854803
SE150_FL340,2022-03-01 01:57:00.000000000,7.654784932730397,53.62431136740005,10363.2,24998.640987310537,213.94609,0.4664241583058515,0.8001404544110712,1.0,0.0,0.0,13.800006991241453
SE150_FL340,2022-03-01 01:58:00.000000000,7.801631680117048,53.712817863064856,10363.2,24998.640987310537,213.98557,0.44653906733004023,0.7658277585648503,1.0,0.0,0.0,13.800006242806354
SE150_FL340,2022-03-01 01:59:00.000000000,7.948810763547113,53.80131093121019,10363.2,24998.640987310537,214.02225,0.42645157469907496,0.731200592059761,1.0,0.0,0.0,13.800005229709964
SE150_FL340,2022-03-01 02:00:00.000000000,8.096344276983887,53.889778721099525,10363.2,24998.640987310537,214.04999,0.4135999687357158,0.7090356418348017,1.0,0.0,0.0,13.800003953824296
SE150_FL340,2022-03-01 02:01:00.000000000,8.244254504314016,53.97820930879907,10363.2,24998.640987310537,214.07861,0.4038870717582863,0.692253206958834,1.0,0.0,0.0,13.80000241982998
SE150_FL340,2022-03-01 02:02:00.000000000,8.392563906527803,54.06659069521786,10363.2,24998.640987310537,214.1102,0.3890676406105591,0.6667145767100201,1.0,0.0,0.0,13.800000635287429
SE150_FL340,2022-03-01 02:03:00.000000000,8.541295108844203,54.15491080390644,10363.2,24998.640987310537,214.14098,0.3762731592327646,0.6446591285946047,1.0,0.0,0.0,13.79999861068731
SE150_FL340,2022-03-01 02:04:00.000000000,8.690470887755579,54.24315747863636,10363.2,24998.640987310537,214.18092,0.36626091425618557,0.6273383761686513,1.0,0.0,0.0,13.799996359482744
SE150_FL340,2022-03-01 02:05:00.000000000,8.840114157964688,54.3313184807831,10363.2,24998.640987310537,214.20985,0.36641884055001456,0.6274884679183003,1.0,0.0,0.0,13.799993898086694
SE150_FL340,2022-03-01 02:06:00.000000000,8.990247959184734,54.41938148653517,10363.2,24998.640987310537,214.24185,0.36107778803194673,0.6182121924911479,1.0,0.0,0.0,13.799991245846577
SE150_FL340,2022-03-01 02:07:00.000000000,9.140895442771445,54.50733408395296,10363.2,24998.640987310537,214.27563,0.35792052584174955,0.6126688973404255,1.0,0.0,0.0,13.799988424983786
SE150_FL340,2022-03-01 02:08:00.000000000,9.292079858154782,54.595163769900566,10363.2,24998.640987310537,214.30026,0.3596139843399669,0.6154668489132752,1.0,0.0,0.0,13.799985460504125
SE150_FL340,2022-03-01 02:09:00.000000000,9.443824539036145,54.682857946874975,10363.2,24998.640987310537,214.32771,0.3543830324408709,0.6064038723278615,1.0,0.0,0.0,13.79998238006007
SE150_FL340,2022-03-01 02:10:00.000000000,9.596152889316482,54.770403919756546,10363.2,24998.640987310537,214.35545,0.3496510126694934,0.5981963625586499,1.0,0.0,0.0,13.799979213805697
SE150_FL340,2022-03-01 02:11:00.000000000,9.749088368719127,54.85778889250587,10363.2,24998.640987310537,214.36815,0.35362419139746276,0.6049437171885605,1.0,0.0,0.0,13.79997599417574
SE150_FL340,2022-03-01 02:12:00.000000000,9.902654478070929,54.944999964831716,10363.2,24998.640987310537,214.37105,0.35519567083989856,0.607619781538262,1.0,0.0,0.0,8.71787688339356
SE150_FL340,2022-03-01 02:12:37.904240283,10.0,55.0,10363.2,24998.640987310537,214.38821,0.35149365900660295,0.6012193021093297,1.0,0.0,0.0,0.0
GC0_FL340,2022-03-01 00:00:00.000000000,-10.000000000000002,45.00000000000001,10363.2,24998.640987310537,214.05959,0.8613587389602843,1.4765361576946134,1.0,1.0,1.0,13.800031261260088
GC0_FL340,2022-03-01 00:01:00.000000000,-9.876312021826006,45.08811854334467,10363.2,24998.640987310537,214.04819,0.8409683631615631,1.4416919600852467,1.0,1.0,1.0,13.800027623894355
GC0_FL340,2022-03-01 00:02:00.000000000,-9.752242252140906,45.176103215944366,10363.2,24998.640987310537,214.03487,0.8399799672596866,1.4401213343162784,1.0,1.0,1.0,13.800023933454368
GC0_FL340,2022-03-01 00:03:00.000000000,-9.627788920452794,45.263953191638386,10363.2,24998.640987310537,214.04109,0.8410072391652628,1.4418247491436476,1.0,1.0,1.0,13.800020189682812
GC0_FL340,2022-03-01 00:04:00.000000000,-9.5029502525583,45.351667639156055,10363.2,24998.640987310537,214.08548,0.827420481353038,1.418114803663564,1.0,1.0,1.0,13.800016392336534
GC0_FL340,2022-03-01 00:05:00.000000000,-9.377724470626134,45.439245722091066,10363.2,24998.640987310537,214.10652,0.8193916957475202,1.4041596141085078,1.0,1.0,1.0,13.800012541176311
GC0_FL340,2022-03-01 00:06:00.000000000,-9.252109793282935,45.52668659887586,10363.2,24998.640987310537,214.13144,0.8199977053778224,1.4049670423847096,1.0,1.0,1.0,13.800008635971807
GC0_FL340,2022-03-01 00:07:00.000000000,-9.126104435701345,45.613989422756205,10363.2,24998.640987310537,214.19528,0.7971018325941149,1.3651608727112556,1.0,1.0,1.0,13.800004676501466
GC0_FL340,2022-03-01 00:08:00.000000000,-8.999706609690397,45.701153341765824,10363.2,24998.640987310537,214.23141,0.7831738752143115,1.3409856170909609,1.0,1.0,1.0,13.800000662551579
GC0_FL340,2022-03-01 00:09:00.000000000,-8.872914523788092,45.7881774987011,10363.2,24998.640987310537,214.23573,0.7551028997095606,1.2928861755531247,1.0,1.0,1.0,13.799996593917113
GC0_FL340,2022-03-01 00:10:00.000000000,-8.745726383356452,45.87506103109597,10363.2,24998.640987310537,214.24287,0.7205403006719397,1.233647506166299,1.0,1.0,1.0,13.799992470403737
GC0_FL340,2022-03-01 00:11:00.000000000,-8.618140390678803,45.96180307119685,10363.2,24998.640987310537,214.19691,0.6992987607921,1.197645589028442,1.0,1.0,1.0,13.799988291825057
GC0_FL340,2022-03-01 00:12:00.000000000,-8.490154745059604,46.04840274593778,10363.2,24998.640987310537,214.10811,0.6886446434179203,1.180091396539856,1.0,1.0,1.0,13.799984058004643
GC0_FL340,2022-03-01 00:13:00.000000000,-8.36176764292664,46.13485917691566,10363.2,24998.640987310537,214.0208,0.6799662851338362,1.165891884462459,1.0,1.0,1.0,13.799979768777922
GC0_FL340,2022-03-01 00:14:00.000000000,-8.232977277935733,46.22117148036564,10363.2,24998.640987310537,213.90143,0.6823497429169737,1.1708988134118368,1.0,1.0,1.0,13.79997542398953
GC0_FL340,2022-03-01 00:15:00.000000000,-8.103781841077932,46.30733876713662,10363.2,24998.640987310537,213.83597,0.6843912382906064,1.174907925317856,1.0,1.0,1.0,13.799971023496427
GC0_FL340,2022-03-01 00:16:00.000000000,-7.974179520789293,46.39336014266697,10363.2,24998.640987310537,213.78868,0.6952786348098003,1.1939705046880675,1.0,1.0,1.0,13.799966567164596
GC0_FL340,2022-03-01 00:17:00.000000000,-7.844168503063274,46.47923470696041,10363.2,24998.640987310537,213.7848,0.707028628122734,1.214178729105558,1.0,1.0,1.0,13.8000335506074
GC0_FL340,2022-03-01 00:18:00.000000000,-7.713744387039283,46.56496062297613,10363.2,24998.640987310537,213.82935,0.7117730739442726,1.2219679184125631,1.0,1.0,1.0,13.800029833224963
GC0_FL340,2022-03-01 00:19:00.000000000,-7.582907908106713,46.65053789712994,10363.2,24998.640987310537,213.9133,0.7094708348034177,1.2173428928104524,1.0,1.0,1.0,13.800025836216795
GC0_FL340,2022-03-01 00:20:00.000000000,-7.451657253716138,46.73596561579989,10363.2,24998.640987310537,213.99901,0.7062490078684331,1.2111316083801773,1.0,1.0,1.0,13.800021784046535
GC0_FL340,2022-03-01 00:21:00.000000000,-7.319990601234423,46.82124285691214,10363.2,24998.640987310537,214.14262,0.6886602118035373,1.1798469724459184,1.0,1.0,1.0,13.800017676565119
GC0_FL340,2022-03-01 00:22:00.000000000,-7.187906126190921,46.90636869283971,10363.2,24998.640987310537,214.29848,0.6689038643751101,1.1448194357562156,1.0,1.0,1.0,13.800013513633964
GC0_FL340,2022-03-01 00:23:00.000000000,-7.0554020024062,46.99134219037952,10363.2,24998.640987310537,214.45903,0.6457871222885616,1.1040762852785877,1.0,1.0,1.0,13.800009295126483
GC0_FL340,2022-03-01 00:24:00.000000000,-6.922476402123702,47.07616241072962,10363.2,24998.640987310537,214.65865,0.6184310085679603,1.0559039643200654,1.0,1.0,1.0,13.800005020927465
GC0_FL340,2022-03-01 00:25:00.000000000,-6.789127496144292,47.16082840946671,10363.2,24998.640987310537,214.83951,0.5978127364710469,1.0194637549254177,1.0,1.0,1.0,13.800000690938065
GC0_FL340,2022-03-01 00:26:00.000000000,-6.655353453963729,47.24533923652389,10363.2,24998.640987310537,214.96791,0.5868392188462277,0.9998899799828878,1.0,0.0,0.0,13.799996305067978
GC0_FL340,2022-03-01 00:27:00.000000000,-6.521152443913118,47.32969393616862,10363.2,24998.640987310537,215.09659,0.5763993044588447,0.981252125855536,1.0,0.0,0.0,13.799991863244522
GC0_FL340,2022-03-01 00:28:00.000000000,-6.386522633302341,47.41389154698097,10363.2,24998.640987310537,215.17375,0.5721925191739271,0.9735836326403543,1.0,0.0,0.0,13.799987365406142
GC0_FL340,2022-03-01 00:29:00.000000000,-6.251462188566615,47.49793110183218,10363.2,24998.640987310537,215.18387,0.5728980660510643,0.9747161091539797,1.0,0.0,0.0,13.79998281150992
GC0_FL340,2022-03-01 00:30:00.000000000,-6.1159692754160595,47.58181162786344,10363.2,24998.640987310537,215.18604,0.5726023281964329,0.97419831584958,1.0,0.0,0.0,13.799978201523881
GC0_FL340,2022-03-01 00:31:00.000000000,-5.980042058988454,47.66553214646499,10363.2,24998.640987310537,215.15746,0.575725548853193,0.979700217359295,1.0,0.0,0.0,13.799973535432741
GC0_FL340,2022-03-01 00:32:00.000000000,-5.84367870400512,47.74909167325553,10363.2,24998.640987310537,215.08188,0.5802759552000823,0.9879477978414295,1.0,0.0,0.0,13.799968813237534
GC0_FL340,2022-03-01 00:33:00.000000000,-5.70687737493005,47.832489218061895,10363.2,24998.640987310537,215.00395,0.5876192270952149,1.000973155235562,1.0,1.0,1.0,13.799964034957233
GC0_FL340,2022-03-01 00:34:00.000000000,-5.569636236132259,47.91572378489917,10363.2,24998.640987310537,214.92767,0.5976038467663191,1.0185032883876246,1.0,1.0,1.0,13.800035855280361
GC0_FL340,2022-03-01 00:35:00.000000000,-5.431950681045849,47.9987933410855,10363.2,24998.640987310537,214.84097,0.6057445430254171,1.0329795088533276,1.0,1.0,1.0,13.80003208062314
GC0_FL340,2022-03-01 00:36:00.000000000,-5.2938216052343305,48.08169789082298,10363.2,24998.640987310537,214.76086,0.6139292360113909,1.0475008186919001,1.0,1.0,1.0,13.800027766635571
GC0_FL340,2022-03-01 00:37:00.000000000,-5.155247191271525,48.164436426955106,10363.2,24998.640987310537,214.67737,0.6208950352802316,1.059974314245818,1.0,1.0,1.0,13.800023396612284
GC0_FL340,2022-03-01 00:38:00.000000000,-5.016225604851381,48.24700792994952,10363.2,24998.640987310537,214.58784,0.6270790840825405,1.071171136215959,1.0,1.0,1.0,13.800018970545228
GC0_FL340,2022-03-01 00:39:00.000000000,-4.876755012439158,48.329411374367055,10363.2,24998.640987310537,214.49835,0.6363629871077674,1.0876799271290452,1.0,1.0,1.0,13.800014488442477
GC0_FL340,2022-03-01 00:40:00.000000000,-4.7368335814541895,48.411645728843965,10363.2,24998.640987310537,214.4103,0.6437200325246145,1.1008989984280286,1.0,1.0,1.0,13.800009950331221
GC0_FL340,2022-03-01 00:41:00.000000000,-4.596459480456218,48.493709956074575,10363.2,24998.640987310537,214.33612,0.6429038883265712,1.1000461083329773,1.0,1.0,1.0,13.800005356252322
GC0_FL340,2022-03-01 00:42:00.000000000,-4.455630879335287,48.57560301279429,10363.2,24998.640987310537,214.26544,0.6366650519585074,1.0898812738656394,1.0,1.0,1.0,13.800000706269127
GC0_FL340,2022-03-01 00:43:00.000000000,-4.314345949505185,48.6573238497631,10363.2,24998.640987310537,214.19846,0.6312354099613792,1.0810652641870115,1.0,1.0,1.0,13.799996000461707
GC0_FL340,2022-03-01 00:44:00.000000000,-4.172602864100605,48.73887141174949,10363.2,24998.640987310537,214.13344,0.6259500273606456,1.0724765386523936,1.0,1.0,1.0,13.799991238929968
GC0_FL340,2022-03-01 00:45:00.000000000,-4.030399798177934,48.8202446375148,10363.2,24998.640987310537,214.06206,0.6208161488746533,1.064180167975713,1.0,1.0,1.0,13.79998642179239
GC0_FL340,2022-03-01 00:46:00.000000000,-3.8877349289197967,48.901442459798034,10363.2,24998.640987310537,213.99893,0.6204745108243402,1.0640370804046937,1.0,1.0,1.0,13.799981549189066
GC0_FL340,2022-03-01 00:47:00.000000000,-3.744606435843342,48.98246380530123,10363.2,24998.640987310537,213.93954,0.6219419629240103,1.0669694568642338,1.0,1.0,1.0,13.799976621281434
GC0_FL340,2022-03-01 00:48:00.000000000,-3.601012501012314,49.06330759467523,10363.2,24998.640987310537,213.89006,0.6189288618781025,1.0621490546710053,1.0,1.0,1.0,13.799971638251657
GC0_FL340,2022-03-01 00:49:00.000000000,-3.456951309253031,49.14397274250603,10363.2,24998.640987310537,213.84521,0.6152643291339606,1.0561716063317976,1.0,1.0,1.0,13.799966600302653
GC0_FL340,2022-03-01 00:50:00.000000000,-3.312421048374104,49.22445815730157,10363.2,24998.640987310537,213.801,0.6114228206665818,1.0498837477934295,1.0,1.0,1.0,13.799961507663523
GC0_FL340,2022-03-01 00:51:00.000000000,-3.1674199093902,49.304762741479145,10363.2,24998.640987310537,213.7598,0.6055293887456416,1.0400433104000304,1.0,1.0,1.0,13.80003811560671
GC0_FL340,2022-03-01 00:52:00.000000000,-3.021943131385752,49.3848842512864,10363.2,24998.640987310537,213.71597,0.5998667145375373,1.0306139561179746,1.0,1.0,1.0,13.80003431143209
GC0_FL340,2022-03-01 00:53:00.000000000,-2.875991817593982,49.46482269242153,10363.2,24998.640987310537,213.65564,0.5974158927323389,1.0268110074889467,1.0,1.0,1.0,13.80002967563927
GC0_FL340,2022-03-01 00:54:00.000000000,-2.7295641981544376,49.54457695964448,10363.2,24998.640987310537,213.58241,0.5969157103979583,1.026439923988509,1.0,1.0,1.0,13.800024984324816
GC0_FL340,2022-03-01 00:55:00.000000000,-2.582658479303576,49.62414593078313,10363.2,24998.640987310537,213.50328,0.5970089695611103,1.027130792331253,1.0,1.0,1.0,13.800020237683322
GC0_FL340,2022-03-01 00:56:00.000000000,-2.435272871668278,49.703528477519875,10363.2,24998.640987310537,213.38,0.6004465576584395,1.033875785830207,1.0,1.0,1.0,13.800015435926571
GC0_FL340,2022-03-01 00:57:00.000000000,-2.2874055905140325,49.78272346538261,10363.2,24998.640987310537,213.21144,0.6074613436850148,1.0471042204934642,1.0,1.0,1.0,13.800010579292724
GC0_FL340,2022-03-01 00:58:00.000000000,-2.139054855997014,49.86172975373617,10363.2,24998.640987310537,213.05605,0.6197765797189688,1.0694075335558908,1.0,1.0,1.0,13.80000566804335
GC0_FL340,2022-03-01 00:59:00.000000000,-1.990218893420634,49.940546195774644,10363.2,24998.640987310537,212.87935,0.6341814317160643,1.0955148871998832,1.0,1.0,1.0,13.800000702464757
GC0_FL340,2022-03-01 01:00:00.000000000,-1.840895933496165,50.01917163851421,10363.2,24998.640987310537,212.71368,0.6645667848259512,1.1492267029739576,1.0,1.0,1.0,13.799995682868577
GC0_FL340,2022-03-01 01:01:00.000000000,-1.6910842126076457,50.09760492278672,10363.2,24998.640987310537,212.61494,0.6992339162028718,1.2099444447920649,1.0,1.0,1.0,13.799990609591623
GC0_FL340,2022-03-01 01:02:00.000000000,-1.540781973081079,50.17584488323394,10363.2,24998.640987310537,212.59389,0.721107143064887,1.2479647090088284,1.0,1.0,1.0,13.799985482999908
GC0_FL340,2022-03-01 01:03:00.000000000,-1.3899874634580285,50.2538903483026,10363.2,24998.640987310537,212.61674,0.7399781811563065,1.28043242796094,1.0,1.0,1.0,13.799980303483485
GC0_FL340,2022-03-01 01:04:00.000000000,-1.2386989387734455,50.33174014024005,10363.2,24998.640987310537,212.6785,0.7603002196044194,1.3150763874403115,1.0,1.0,1.0,13.799975071460995
GC0_FL340,2022-03-01 01:05:00.000000000,-1.0869146608380469,50.409393075090854,10363.2,24998.640987310537,212.84454,0.7228429168624821,1.2489526782938947,1.0,1.0,1.0,13.799969787382079
GC0_FL340,2022-03-01 01:06:00.000000000,-0.9346328985249368,50.48684796269396,10363.2,24998.640987310537,212.97725,0.6808058135726839,1.1753098824032338,1.0,1.0,1.0,13.799964451722667
GC0_FL340,2022-03-01 01:07:00.000000000,-0.7818519280607622,50.56410360668077,10363.2,24998.640987310537,213.12054,0.6411362754370545,1.105803498843021,1.0,1.0,1.0,13.79995906498832
GC0_FL340,2022-03-01 01:08:00.000000000,-0.6285700333214097,50.64115880447403,10363.2,24998.640987310537,213.21783,0.6098145709700402,1.0511160531387478,1.0,1.0,1.0,13.800040250558894
GC0_FL340,2022-03-01 01:09:00.000000000,-0.47478237482134333,50.71801108774824,10363.2,24998.640987310537,213.28358,0.5848224304908396,1.007607648413475,1.0,1.0,1.0,13.800036449888243
GC0_FL340,2022-03-01 01:10:00.000000000,-0.3204903233010431,50.79466047002034,10363.2,24998.640987310537,213.29797,0.5803264386038083,0.9997668926709288,1.0,0.0,0.0,13.800031495581349
GC0_FL340,2022-03-01 01:11:00.000000000,-0.16569222733307076,50.87110574593124,10363.2,24998.640987310537,213.30792,0.5791377566541636,0.9976560839857531,1.0,0.0,0.0,13.80002648819227
GC0_FL340,2022-03-01 01:12:00.000000000,-0.01038640460530521,50.94734568796158,10363.2,24998.640987310537,213.30106,0.58035960049711,0.9998054439514248,1.0,0.0,0.0,13.800021428178642
GC0_FL340,2022-03-01 01:13:00.000000000,0.14542881799142826,51.02337906239046,10363.2,24998.640987310537,213.2331,0.5966571270708808,1.0283353324585311,1.0,1.0,1.0,13.800016316031584
GC0_FL340,2022-03-01 01:14:00.000000000,0.30175510404023853,51.099204629299564,10363.2,24998.640987310537,213.17255,0.6154315496946914,1.0611090926024243,1.0,1.0,1.0,13.80001115226905
GC0_FL340,2022-03-01 01:15:00.000000000,0.45859410727043437,51.17482114257816,10363.2,24998.640987310537,213.10649,0.6403242809748055,1.1045004572344626,1.0,1.0,1.0,13.8000059374454
GC0_FL340,2022-03-01 01:16:00.000000000,0.6159474712251815,51.25022734992915,10363.2,24998.640987310537,213.0336,0.667523987650033,1.1519620992308224,1.0,1.0,1.0,13.800000672141353
GC0_FL340,2022-03-01 01:17:00.000000000,0.7738168289243615,51.325421992876,10363.2,24998.640987310537,212.97647,0.686727617659189,1.18553798927206,1.0,1.0,1.0,13.7999953569759
GC0_FL340,2022-03-01 01:18:00.000000000,0.932203802522942,51.400403806770754,10363.2,24998.640987310537,212.94438,0.6937905168429379,1.1979827969877754,1.0,1.0,1.0,13.799989992598045
GC0_FL340,2022-03-01 01:19:00.000000000,1.0911100029643799,51.47517152080301,10363.2,24998.640987310537,212.90015,0.697980495116919,1.2055625045005087,1.0,1.0,1.0,13.79998457969091
GC0_FL340,2022-03-01 01:20:00.000000000,1.2505370296295943,51.549723858009905,10363.2,24998.640987310537,212.86115,0.6998718767249966,1.2091339281835025,1.0,1.0,1.0,13.799979118975191
GC0_FL340,2022-03-01 01:21:00.000000000,1.410486469980993,51.62405953528727,10363.2,24998.640987310537,212.8631,0.6941475378592714,1.1992268630171694,1.0,1.0,1.0,13.799973611204168
GC0_FL340,2022-03-01 01:22:00.000000000,1.570959899201897,51.698177263401696,10363.2,24998.640987310537,212.84737,0.6914187555902287,1.1946347290126165,1.0,1.0,1.0,13.799968057170684
GC0_FL340,2022-03-01 01:23:00.000000000,1.7319588798311787,51.77207574700383,10363.2,24998.640987310537,212.84703,0.6883185537838215,1.1892796597136976,1.0,1.0,1.0,13.799962457699413
GC0_FL340,2022-03-01 01:24:00.000000000,1.8934849613930664,51.84575368464275,10363.2,24998.640987310537,212.86433,0.6789885207298301,1.17302830878801,1.0,1.0,1.0,13.799956813657149
GC0_FL340,2022-03-01 01:25:00.000000000,2.055539680022396,51.91920976878139,10363.2,24998.640987310537,212.87984,0.6699507099098119,1.1573005603149966,1.0,1.0,1.0,13.800042154299087
GC0_FL340,2022-03-01 01:26:00.000000000,2.2181278486239693,51.99244129650124,10363.2,24998.640987310537,212.8894,0.6627503829187038,1.1447897393175872,1.0,1.0,1.0,13.800038395347975
GC0_FL340,2022-03-01 01:27:00.000000000,2.381247755746821,52.06544829902248,10363.2,24998.640987310537,212.91292,0.6604618774015828,1.140664336317117,1.0,1.0,1.0,13.800033137066887
GC0_FL340,2022-03-01 01:28:00.000000000,2.5449008423555197,52.13822947261712,10363.2,24998.640987310537,212.93672,0.6571520765680231,1.1347759203684005,1.0,1.0,1.0,13.800027830685213
GC0_FL340,2022-03-01 01:29:00.000000000,2.7090885869023626,52.210783485473385,10363.2,24998.640987310537,212.96036,0.6534643976816952,1.128236461747287,1.0,1.0,1.0,13.800022477008898
GC0_FL340,2022-03-01 01:30:00.000000000,2.873812452494847,52.283108999789214,10363.2,24998.640987310537,212.98358,0.6484753475890245,1.1194517765371146,1.0,1.0,1.0,13.800017076881304
GC0_FL340,2022-03-01 01:31:00.000000000,3.039073886492103,52.35520467179508,10363.2,24998.640987310537,213.00694,0.6432125308576442,1.1101982291832537,1.0,1.0,1.0,13.8000116311833
GC0_FL340,2022-03-01 01:32:00.000000000,3.204874320096632,52.42706915177804,10363.2,24998.640987310537,213.02905,0.6390662718450651,1.10288592482048,1.0,1.0,1.0,13.80000614083744
GC0_FL340,2022-03-01 01:33:00.000000000,3.3712151679413354,52.498701084107154,10363.2,24998.640987310537,213.0531,0.6358659721148668,1.0971924742940051,1.0,1.0,1.0,13.800000606803097
GC0_FL340,2022-03-01 01:34:00.000000000,3.538097827671728,52.57009910726018,10363.2,24998.640987310537,213.08109,0.6320585531653209,1.0904241827110521,1.0,1.0,1.0,13.799995030082775
GC0_FL340,2022-03-01 01:35:00.000000000,3.705523679523632,52.64126185385161,10363.2,24998.640987310537,213.11299,0.6244844393492254,1.0771348028089425,1.0,1.0,1.0,13.799989411721297
GC0_FL340,2022-03-01 01:36:00.000000000,3.8734940858960045,52.71218795066221,10363.2,24998.640987310537,213.14928,0.6168891400782661,1.0637823920034684,1.0,1.0,1.0,13.799983752801687
GC0_FL340,2022-03-01 01:37:00.000000000,4.04201039091922,52.78287601866978,10363.2,24998.640987310537,213.19235,0.608984758028145,1.0498615260423085,1.0,1.0,1.0,13.799978054452163
GC0_FL340,2022-03-01 01:38:00.000000000,4.211073920018708,52.853324673081396,10363.2,24998.640987310537,213.24728,0.5995407879330539,1.033207874731134,1.0,1.0,1.0,13.799972317845754
GC0_FL340,2022-03-01 01:39:00.000000000,4.380685979473958,52.92353252336716,10363.2,24998.640987310537,213.3087,0.5894656847549309,1.0154430163894246,1.0,1.0,1.0,13.79996654419649
GC0_FL340,2022-03-01 01:40:00.000000000,4.550847855972988,52.993498173295265,10363.2,24998.640987310537,213.36372,0.5782460546196586,0.9957557592794606,1.0,0.0,0.0,13.799960734763747
GC0_FL340,2022-03-01 01:41:00.000000000,4.72156081616213,53.06322022096875,10363.2,24998.640987310537,213.39603,0.5670679875484068,0.9763029811192129,1.0,0.0,0.0,13.799954890854742
GC0_FL340,2022-03-01 01:42:00.000000000,4.892826106191535,53.13269725886355,10363.2,24998.640987310537,213.42223,0.5572103886993162,0.9591675596573279,1.0,0.0,0.0,13.80004369387429
GC0_FL340,2022-03-01 01:43:00.000000000,5.064648373766797,53.201926344915194,10363.2,24998.640987310537,213.43117,0.5516179930541276,0.9494844422577086,1.0,0.0,0.0,13.800040019521948
GC0_FL340,2022-03-01 01:44:00.000000000,5.237025480446346,53.270907542595175,10363.2,24998.640987310537,213.41013,0.55401256110559,0.9537377224195537,1.0,0.0,0.0,13.800034486742401
GC0_FL340,2022-03-01 01:45:00.000000000,5.409958542016128,53.339639456889614,10363.2,24998.640987310537,213.3927,0.5579637425708361,0.9606491090283888,1.0,0.0,0.0,13.800028914083532
GC0_FL340,2022-03-01 01:46:00.000000000,5.583448717588524,53.40812065808024,10363.2,24998.640987310537,213.37381,0.563692929770527,0.9706320114989055,1.0,0.0,0.0,13.80002330277767
GC0_FL340,2022-03-01 01:47:00.000000000,5.757497143428711,53.47634971103695,10363.2,24998.640987310537,213.35081,0.5713302196359216,0.9839316162428885,1.0,0.0,0.0,13.800017654102959
GC0_FL340,2022-03-01 01:48:00.000000000,5.932104932473757,53.54432517526539,10363.2,24998.640987310537,213.35077,0.5801763361337714,0.9991654595707283,1.0,0.0,0.0,13.800011969384423
GC0_FL340,2022-03-01 01:49:00.000000000,6.10727317384737,53.612045604956435,10363.2,24998.640987310537,213.35883,0.5949263829614078,1.0245153683201702,1.0,1.0,1.0,13.800006249993439
GC0_FL340,2022-03-01 01:50:00.000000000,6.283002932370696,53.679509549037114,10363.2,24998.640987310537,213.37213,0.6069431299323484,1.045118042941109,1.0,1.0,1.0,13.800000497350158
GC0_FL340,2022-03-01 01:51:00.000000000,6.459295248068937,53.746715551223396,10363.2,24998.640987310537,213.40125,0.6159609970756921,1.0604427040259772,1.0,1.0,1.0,13.799994712920459
GC0_FL340,2022-03-01 01:52:00.000000000,6.636151135673946,53.81366215007467,10363.2,24998.640987310537,213.43524,0.6219074135106978,1.070442168129571,1.0,1.0,1.0,13.799988898221487
GC0_FL340,2022-03-01 01:53:00.000000000,6.8135715841229665,53.88034787904993,10363.2,24998.640987310537,213.46773,0.6212745102126794,1.0691282039117054,1.0,1.0,1.0,13.799983054817007
GC0_FL340,2022-03-01 01:54:00.000000000,6.991557556053451,53.94677126656574,10363.2,24998.640987310537,213.49396,0.621688945342193,1.0696568915412672,1.0,1.0,1.0,13.79997718432221
GC0_FL340,2022-03-01 01:55:00.000000000,7.170109987294104,54.01293083605608,10363.2,24998.640987310537,213.5262,0.6091001218716109,1.0477774273977716,1.0,1.0,1.0,13.799971288402922
GC0_FL340,2022-03-01 01:56:00.000000000,7.349229786352257,54.07882510603384,10363.2,24998.640987310537,213.5575,0.5859352849831623,1.007724471093214,1.0,1.0,1.0,13.799965368775869
GC0_FL340,2022-03-01 01:57:00.000000000,7.5289178338974985,54.144452590154366,10363.2,24998.640987310537,213.5827,0.5703016149414644,0.9806733086434324,1.0,0.0,0.0,13.799959427205792
GC0_FL340,2022-03-01 01:58:00.000000000,7.709174982241969,54.20981179728059,10363.2,24998.640987310537,213.6054,0.5547648391453552,0.9538169602486115,1.0,0.0,0.0,13.799953465513312
GC0_FL340,2022-03-01 01:59:00.000000000,7.890002054816966,54.2749012315503,10363.2,24998.640987310537,213.64604,0.5306638945681051,0.9121372875727148,1.0,0.0,0.0,13.800044709298199
GC0_FL340,2022-03-01 02:00:00.000000000,8.07140336006643,54.3397177150441,10363.2,24998.640987310537,213.68861,0.5050685121634124,0.8678997837526263,1.0,0.0,0.0,13.800041165932434
GC0_FL340,2022-03-01 02:01:00.000000000,8.253376235746266,54.4042613638653,10363.2,24998.640987310537,213.73602,0.4764359809780417,0.8184430791529104,1.0,0.0,0.0,13.80003540717797
GC0_FL340,2022-03-01 02:02:00.000000000,8.435921335887098,54.46853070587913,10363.2,24998.640987310537,213.80084,0.45012681250239855,0.7729190557027982,1.0,0.0,0.0,13.800029620699759
GC0_FL340,2022-03-01 02:03:00.000000000,8.61903936252284,54.532524226953534,10363.2,24998.640987310537,213.87741,0.42851971497355906,0.735445306312024,1.0,0.0,0.0,13.800023808234585
GC0_FL340,2022-03-01 02:04:00.000000000,8.802730986129248,54.5962404085977,10363.2,24998.640987310537,213.959,0.40814366801147606,0.7001010056633655,1.0,0.0,0.0,13.80001797157137
GC0_FL340,2022-03-01 02:05:00.000000000,8.986996845082029,54.659677728041075,10363.2,24998.640987310537,214.03954,0.38896081336242605,0.6668409127298305,1.0,0.0,0.0,13.80001211255036
GC0_FL340,2022-03-01 02:06:00.000000000,9.171837545112288,54.72283465831418,10363.2,24998.640987310537,214.12206,0.3791897165160933,0.6497370874595819,1.0,0.0,0.0,13.800006233064313
GC0_FL340,2022-03-01 02:07:00.000000000,9.357253658759396,54.785709668331585,10363.2,24998.640987310537,214.20284,0.36501178260275957,0.6251083474816513,1.0,0.0,0.0,13.800000335060249
GC0_FL340,2022-03-01 02:08:00.000000000,9.543245724821515,54.84830122297688,10363.2,24998.640987310537,214.27153,0.35446772038430113,0.6067752366547858,1.0,0.0,0.0,13.79999442053751
GC0_FL340,2022-03-01 02:09:00.000000000,9.729814247803706,54.91060778318973,10363.2,24998.640987310537,214.3269,0.354705236737776,0.6069584818584913,1.0,0.0,0.0,13.799988491549682
GC0_FL340,2022-03-01 02:10:00.000000000,9.916959697363977,54.97262780605501,10363.2,24998.640987310537,214.37029,0.3535630474436722,0.6048292260061844,1.0,0.0,0.0,6.1100550360113415
GC0_FL340,2022-03-01 02:10:26.566305980,10.0,55.0,10363.2,24998.640987310537,214.39627,0.350820121186816,0.6000337958203844,1.0,0.0,0.0,0.0
NW150_FL340,2022-03-01 00:00:00.000000000,-10.000000000000002,45.00000000000001,10363.2,24998.640987310537,214.05959,0.8613587389602843,1.4765361576946134,1.0,1.0,1.0,13.800014615529586
NW150_FL340,2022-03-01 00:01:00.000000000,-9.911943680217473,45.10739059751919,10363.2,24998.640987310537,214.02255,0.8363895046343415,1.4340838743011024,1.0,1.0,1.0,13.800013510743517
NW150_FL340,2022-03-01 00:02:00.000000000,-9.823535417039643,45.21470503205091,10363.2,24998.640987310537,213.98335,0.8282025772963463,1.4204148951234294,1.0,1.0,1.0,13.800012336604626
NW150_FL340,2022-03-01 00:03:00.000000000,-9.734752775491534,45.32193450949788,10363.2,24998.640987310537,213.98888,0.8154650943311412,1.3985163109806529,1.0,1.0,1.0,13.800011102228465
NW150_FL340,2022-03-01 00:04:00.000000000,-9.64557321962325,45.4290701602766,10363.2,24998.640987310537,214.01555,0.7930187194171607,1.3597817076219434,1.0,1.0,1.0,13.800009817596628
NW150_FL340,2022-03-01 00:05:00.000000000,-9.555974120765597,45.53610303447345,10363.2,24998.640987310537,214.06046,0.7702557536904294,1.3203573552223709,1.0,1.0,1.0,13.800008493466299
NW150_FL340,2022-03-01 00:06:00.000000000,-9.465932766099801,45.64302409705574,10363.2,24998.640987310537,214.14133,0.7445177442208035,1.275559466905347,1.0,1.0,1.0,13.8000071412585
NW150_FL340,2022-03-01 00:07:00.000000000,-9.37542636757764,45.74982422315823,10363.2,24998.640987310537,214.20964,0.7221566675595529,1.23669004836609,1.0,1.0,1.0,13.800005772917848
NW150_FL340,2022-03-01 00:08:00.000000000,-9.284432071228174,45.85649419346592,10363.2,24998.640987310537,214.32333,0.6878294859235603,1.177015700991162,1.0,1.0,1.0,13.800004400762623
NW150_FL340,2022-03-01 00:09:00.000000000,-9.192926966886413,45.96302468971482,10363.2,24998.640987310537,214.40881,0.6527882761662896,1.1164193105732092,1.0,1.0,1.0,13.800003037318143
NW150_FL340,2022-03-01 00:10:00.000000000,-9.100888098379096,46.069406290332594,10363.2,24998.640987310537,214.48357,0.6142319543100107,1.0499584500098984,1.0,1.0,1.0,13.800001695131416
NW150_FL340,2022-03-01 00:11:00.000000000,-9.008292474201193,46.175629466241716,10363.2,24998.640987310537,214.54845,0.5790202139009889,0.9893399116919734,1.0,0.0,0.0,13.800000386583605
NW150_FL340,2022-03-01 00:12:00.000000000,-8.915117078716126,46.2816845768484,10363.2,24998.640987310537,214.528,0.5621798241253313,0.9606975346281075,1.0,0.0,0.0,13.799999123681374
NW150_FL340,2022-03-01 00:13:00.000000000,-8.82133888391088,46.38756186624089,10363.2,24998.640987310537,214.46022,0.553496759107235,0.9462849030611251,1.0,0.0,0.0,13.799997917859939
NW150_FL340,2022-03-01 00:14:00.000000000,-8.726934861735826,46.49325145962168,10363.2,24998.640987310537,214.38925,0.5494989476714436,0.9398927810498429,1.0,0.0,0.0,13.799996779771385
NW150_FL340,2022-03-01 00:15:00.000000000,-8.631881997057086,46.59874335999853,10363.2,24998.640987310537,214.29962,0.5560303187650972,0.9516283850781454,1.0,0.0,0.0,13.799995719077321
NW150_FL340,2022-03-01 00:16:00.000000000,-8.536157301247139,46.70402744515966,10363.2,24998.640987310537,214.24557,0.5637142654584661,0.9651258790931415,1.0,0.0,0.0,13.79999474425429
NW150_FL340,2022-03-01 00:17:00.000000000,-8.439737826436936,46.809093464959474,10363.2,24998.640987310537,214.23087,0.565909054800365,0.968980452951597,1.0,0.0,0.0,13.799993862396043
NW150_FL340,2022-03-01 00:18:00.000000000,-8.342600680450126,46.91393103894103,10363.2,24998.640987310537,214.23659,0.5635419189417672,0.9648901224830597,1.0,0.0,0.0,13.799993079039334
NW150_FL340,2022-03-01 00:19:00.000000000,-8.244723042436963,47.01852965432236,10363.2,24998.640987310537,214.25424,0.5598340376072051,0.958430305098082,1.0,0.0,0.0,13.79999239800333
NW150_FL340,2022-03-01 00:20:00.000000000,-8.146082179222427,47.12287866437407,10363.2,24998.640987310537,214.30707,0.5467358630629966,0.9356774485285497,1.0,0.0,0.0,13.799991821243808
NW150_FL340,2022-03-01 00:21:00.000000000,-8.046655462379125,47.22696728721557,10363.2,24998.640987310537,214.37752,0.5305829628491624,0.907610070372766,1.0,0.0,0.0,13.79999134873503
NW150_FL340,2022-03-01 00:22:00.000000000,-7.946420386032092,47.33078460505782,10363.2,24998.640987310537,214.45293,0.5140294500434464,0.8788535929671568,1.0,0.0,0.0,13.799990978379531
NW150_FL340,2022-03-01 00:23:00.000000000,-7.845354585398439,47.434319563920425,10363.2,24998.640987310537,214.56767,0.4993117239855378,0.853036907670934,1.0,0.0,0.0,13.799990705942896
NW150_FL340,2022-03-01 00:24:00.000000000,-7.743435856059993,47.537560973850695,10363.2,24998.640987310537,214.69943,0.4858415171989743,0.8292941855906085,1.0,0.0,0.0,13.799990525026583
NW150_FL340,2022-03-01 00:25:00.000000000,-7.640642173962943,47.64049750967218,10363.2,24998.640987310537,214.80145,0.47432864340977204,0.8090907403517439,1.0,0.0,0.0,13.799990427059264
NW150_FL340,2022-03-01 00:26:00.000000000,-7.536951716133178,47.743117712289695,10363.2,24998.640987310537,214.9435,0.4596059023690075,0.7832296238647818,1.0,0.0,0.0,13.799990401351167
NW150_FL340,2022-03-01 00:27:00.000000000,-7.432342882090881,47.84540999057738,10363.2,24998.640987310537,215.0645,0.4468488888583758,0.7608709532169101,1.0,0.0,0.0,13.799990435152703
NW150_FL340,2022-03-01 00:28:00.000000000,-7.32679431594254,47.94736262387532,10363.2,24998.640987310537,215.17474,0.4345209676232525,0.7393307386066793,1.0,0.0,0.0,13.799990513782763
NW150_FL340,2022-03-01 00:29:00.000000000,-7.220284929122936,48.04896376511957,10363.2,24998.640987310537,215.26018,0.42145380312292596,0.7166824551887908,1.0,0.0,0.0,13.799990620759637
NW150_FL340,2022-03-01 00:30:00.000000000,-7.112793923753648,48.15020144462874,10363.2,24998.640987310537,215.31145,0.41097664217447916,0.6986236303187094,1.0,0.0,0.0,13.799990738007454
NW150_FL340,2022-03-01 00:31:00.000000000,-7.00430081657882,48.251063574569415,10363.2,24998.640987310537,215.35904,0.4016590955552124,0.6825641618283185,1.0,0.0,0.0,13.799990846062991
NW150_FL340,2022-03-01 00:32:00.000000000,-6.894785463432784,48.351537954120296,10363.2,24998.640987310537,215.36336,0.3981837870744471,0.676638725798262,1.0,0.0,0.0,13.79999092434128
NW150_FL340,2022-03-01 00:33:00.000000000,-6.784228084187853,48.45161227535354,10363.2,24998.640987310537,215.35057,0.39765574817745614,0.6758006250250383,1.0,0.0,0.0,13.79999095142065
NW150_FL340,2022-03-01 00:34:00.000000000,-6.672609288124424,48.55127412984912,10363.2,24998.640987310537,215.34825,0.39566198937429603,0.6724236978281994,1.0,0.0,0.0,13.799990905357314
NW150_FL340,2022-03-01 00:35:00.000000000,-6.559910099659522,48.650511016055766,10363.2,24998.640987310537,215.33716,0.38895041849039064,0.66106667416708,1.0,0.0,0.0,13.799990764032621
NW150_FL340,2022-03-01 00:36:00.000000000,-6.446111984363311,48.74931034740906,10363.2,24998.640987310537,215.29013,0.38278017036252826,0.6507862723025164,1.0,0.0,0.0,13.799990505510175
NW150_FL340,2022-03-01 00:37:00.000000000,-6.331196875187807,48.84765946121438,10363.2,24998.640987310537,215.27641,0.3674526323535529,0.624783977006803,1.0,0.0,0.0,13.799990108416592
NW150_FL340,2022-03-01 00:38:00.000000000,-6.215147198825244,48.94554562829887,10363.2,24998.640987310537,215.23708,0.3526751456933117,0.5998182592885063,1.0,0.0,0.0,13.799989552329267
NW150_FL340,2022-03-01 00:39:00.000000000,-6.097945902109083,49.04295606343325,10363.2,24998.640987310537,215.20267,0.34801927261991833,0.5920364815229939,1.0,0.0,0.0,13.799988818168638
NW150_FL340,2022-03-01 00:40:00.000000000,-5.979576478364332,49.13987793652022,10363.2,24998.640987310537,215.1797,0.3441230265874991,0.5855008672693549,1.0,0.0,0.0,13.799987888596085
NW150_FL340,2022-03-01 00:41:00.000000000,-5.860022993609616,49.23629838454239,10363.2,24998.640987310537,215.13945,0.3385110927626167,0.5761075702936976,1.0,0.0,0.0,13.799986748391927
NW150_FL340,2022-03-01 00:42:00.000000000,-5.739270112508919,49.33220452425832,10363.2,24998.640987310537,215.1316,0.3333538158398242,0.5673601443705636,1.0,0.0,0.0,13.799985384831924
NW150_FL340,2022-03-01 00:43:00.000000000,-5.617303123966524,49.42758346563079,10363.2,24998.640987310537,215.13283,0.3308974293932493,0.563175019429993,1.0,0.0,0.0,13.799983788033904
NW150_FL340,2022-03-01 00:44:00.000000000,-5.4941079662560375,49.52242232596687,10363.2,24998.640987310537,215.14035,0.31987900369407024,0.5443949288675862,1.0,0.0,0.0,13.799981951284067
NW150_FL340,2022-03-01 00:45:00.000000000,-5.369671251570929,49.61670824474481,10363.2,24998.640987310537,215.17224,0.313978992647239,0.5342389701841715,1.0,0.0,0.0,13.799979871326002
NW150_FL340,2022-03-01 00:46:00.000000000,-5.243980289882591,49.710428399097715,10363.2,24998.640987310537,215.20625,0.30733630479971014,0.522817491641537,1.0,0.0,0.0,13.799977548611706
NW150_FL340,2022-03-01 00:47:00.000000000,-5.117023111990287,49.803570019919526,10363.2,24998.640987310537,215.24973,0.291779090281619,0.49620449344804346,1.0,0.0,0.0,13.799974987505227
NW150_FL340,2022-03-01 00:48:00.000000000,-4.988788491647018,49.896120408553536,10363.2,24998.640987310537,215.3002,0.2750747947837131,0.46763756786866095,1.0,0.0,0.0,13.799972196443608
NW150_FL340,2022-03-01 00:49:00.000000000,-4.85926596664584,49.98806695401959,10363.2,24998.640987310537,215.3447,0.27278188782593027,0.4636006013186097,1.0,0.0,0.0,13.79996918802526
NW150_FL340,2022-03-01 00:50:00.000000000,-4.728445858752139,50.079397150730635,10363.2,24998.640987310537,215.39288,0.2703692797832426,0.459349774891179,1.0,0.0,0.0,13.799965979069924
NW150_FL340,2022-03-01 00:51:00.000000000,-4.596319292369935,50.17009861664571,10363.2,24998.640987310537,215.44557,0.2596979408222825,0.44106217830574496,1.0,0.0,0.0,13.799962590579305
NW150_FL340,2022-03-01 00:52:00.000000000,-4.462878211833166,50.26015911180118,10363.2,24998.640987310537,215.49036,0.252682061635931,0.4290156443372264,1.0,0.0,0.0,13.799959047664926
NW150_FL340,2022-03-01 00:53:00.000000000,-4.328115397217069,50.34956655715893,10363.2,24998.640987310537,215.50797,0.25662869093726787,0.4356653501939168,1.0,0.0,0.0,13.799955379398677
NW150_FL340,2022-03-01 00:54:00.000000000,-4.192024478569649,50.43830905370571,10363.2,24998.640987310537,215.52547,0.2570319451797791,0.4362975400285782,1.0,0.0,0.0,13.799951618596008
NW150_FL340,2022-03-01 00:55:00.000000000,-4.05459994846935,50.526374901734854,10363.2,24998.640987310537,215.51585,0.26292353970106924,0.44632705741136264,1.0,0.0,0.0,13.799947801542151
NW150_FL340,2022-03-01 00:56:00.000000000,-3.915837172821923,50.61375262023863,10363.2,24998.640987310537,215.48691,0.2714989940777708,0.4609756148926604,1.0,0.0,0.0,13.799961634315533
NW150_FL340,2022-03-01 00:57:00.000000000,-3.775730534366871,50.70042998100058,10363.2,24998.640987310537,215.46764,0.27767311727928967,0.4715202558460298,1.0,0.0,0.0,13.800015187556577
NW150_FL340,2022-03-01 00:58:00.000000000,-3.634272966085093,50.78639370865784,10363.2,24998.640987310537,215.36882,0.29030357762464604,0.49329877465775246,1.0,0.0,0.0,13.800009923240955
NW150_FL340,2022-03-01 00:59:00.000000000,-3.491468425213449,50.87163617748502,10363.2,24998.640987310537,215.24211,0.3066046512557878,0.521444699895245,1.0,0.0,0.0,13.800004456466626
NW150_FL340,2022-03-01 01:00:00.000000000,-3.3473158711349957,50.956146985350514,10363.2,24998.640987310537,215.12735,0.3178157800712801,0.5409310620952867,1.0,0.0,0.0,13.799998839363584
NW150_FL340,2022-03-01 01:01:00.000000000,-3.201815162333295,51.03991604591398,10363.2,24998.640987310537,215.00131,0.3281149342650379,0.5589341229419655,1.0,0.0,0.0,13.799993126409735
NW150_FL340,2022-03-01 01:02:00.000000000,-3.0549670550937402,51.122933607024926,10363.2,24998.640987310537,214.87212,0.33535588420520623,0.5717652937565179,1.0,0.0,0.0,13.799987373795798
NW150_FL340,2022-03-01 01:03:00.000000000,-2.9067732000863327,51.20519026867862,10363.2,24998.640987310537,214.78531,0.33866838533723054,0.5777484350821732,1.0,0.0,0.0,13.799981638763203
NW150_FL340,2022-03-01 01:04:00.000000000,-2.75723613682413,51.28667700045241,10363.2,24998.640987310537,214.72237,0.3449559842822127,0.5887233674706701,1.0,0.0,0.0,13.799975978917063
NW150_FL340,2022-03-01 01:05:00.000000000,-2.6063592860038653,51.367385158347936,10363.2,24998.640987310537,214.65488,0.35505250006446093,0.6062283375284209,1.0,0.0,0.0,13.799970451534813
NW150_FL340,2022-03-01 01:06:00.000000000,-2.4541469397475377,51.44730650096773,10363.2,24998.640987310537,214.61676,0.36350917273928746,0.6208241610529617,1.0,0.0,0.0,13.799965112869177
NW150_FL340,2022-03-01 01:07:00.000000000,-2.300604249774821,51.526433204957165,10363.2,24998.640987310537,214.58144,0.3749275427808168,0.6404764112565056,1.0,0.0,0.0,13.799960017463881
NW150_FL340,2022-03-01 01:08:00.000000000,-2.145737213549071,51.60475787964777,10363.2,24998.640987310537,214.5234,0.38339949268576956,0.6552022344884385,1.0,0.0,0.0,13.799955217494318
NW150_FL340,2022-03-01 01:09:00.000000000,-1.9895526584501013,51.682273580841326,10363.2,24998.640987310537,214.49059,0.38872227109094265,0.6644441697160401,1.0,0.0,0.0,13.799950762132118
NW150_FL340,2022-03-01 01:10:00.000000000,-1.832058224038491,51.758973823679455,10363.2,24998.640987310537,214.4686,0.3892075284402684,0.6653719851897347,1.0,0.0,0.0,13.799946696952656
NW150_FL340,2022-03-01 01:11:00.000000000,-1.6732623424866224,51.83485259454882,10363.2,24998.640987310537,214.43236,0.38523616582805575,0.6587408683503986,1.0,0.0,0.0,13.799943063395368
NW150_FL340,2022-03-01 01:12:00.000000000,-1.513174217261294,51.909904361977446,10363.2,24998.640987310537,214.40353,0.3804003187397397,0.6505969156798446,1.0,0.0,0.0,13.799939898272926
NW150_FL340,2022-03-01 01:13:00.000000000,-1.3518038001522044,51.98412408648381,10363.2,24998.640987310537,214.38602,0.3708919084242591,0.6344075460723875,1.0,0.0,0.0,13.799939745243607
NW150_FL340,2022-03-01 01:14:00.000000000,-1.1891615462200298,52.057507082236924,10363.2,24998.640987310537,214.36507,0.36111564129507556,0.6177721080113723,1.0,0.0,0.0,13.800020924011612
NW150_FL340,2022-03-01 01:15:00.000000000,-1.0252518319892376,52.13004458185368,10363.2,24998.640987310537,214.35129,0.35062035252435486,0.5998729429671767,1.0,0.0,0.0,13.800013978858964
NW150_FL340,2022-03-01 01:16:00.000000000,-0.8600941937770141,52.20173800568454,10363.2,24998.640987310537,214.35968,0.3343983220194694,0.572084927049642,1.0,0.0,0.0,13.800007477983955
NW150_FL340,2022-03-01 01:17:00.000000000,-0.6937013373187131,52.27258437763797,10363.2,24998.640987310537,214.36641,0.3193312491740863,0.5462837198867374,1.0,0.0,0.0,13.800001452770012
NW150_FL340,2022-03-01 01:18:00.000000000,-0.5260865789675423,52.34258124591907,10363.2,24998.640987310537,214.36964,0.3057856583184419,0.523100115087541,1.0,0.0,0.0,13.799995928589095
NW150_FL340,2022-03-01 01:19:00.000000000,-0.35726381511859207,52.4117266860437,10363.2,24998.640987310537,214.38,0.2953465086311069,0.50520766122636,1.0,0.0,0.0,13.79999092471825
NW150_FL340,2022-03-01 01:20:00.000000000,-0.1872474908346242,52.480019302721765,10363.2,24998.640987310537,214.39365,0.2858537775085484,0.4889257165523411,1.0,0.0,0.0,13.799986454317708
NW150_FL340,2022-03-01 01:21:00.000000000,-0.0160525678074433,52.54745823062341,10363.2,24998.640987310537,214.40234,0.2787909284868463,0.4768186345764082,1.0,0.0,0.0,13.799982524503399
NW150_FL340,2022-03-01 01:22:00.000000000,0.15630550821031364,52.614043134048934,10363.2,24998.640987310537,214.34576,0.29297486046848475,0.5012649039449634,1.0,0.0,0.0,13.79997913648606
NW150_FL340,2022-03-01 01:23:00.000000000,0.329810840369795,52.67977420552756,10363.2,24998.640987310537,214.29489,0.30425011832091836,0.5207325752596131,1.0,0.0,0.0,13.799976285786364
NW150_FL340,2022-03-01 01:24:00.000000000,0.5044471139547051,52.74465216337665,10363.2,24998.640987310537,214.25206,0.3121314806361947,0.5343727864513048,1.0,0.0,0.0,13.799973962517008
NW150_FL340,2022-03-01 01:25:00.000000000,0.680197629744843,52.80867824825721,10363.2,24998.640987310537,214.13612,0.3397859695641858,0.5821637296051678,1.0,0.0,0.0,13.799972151720771
NW150_FL340,2022-03-01 01:26:00.000000000,0.857045337388637,52.8718542187659,10363.2,24998.640987310537,214.01816,0.3670204464314476,0.6293161495160051,1.0,0.0,0.0,13.799970833761792
NW150_FL340,2022-03-01 01:27:00.000000000,1.034972868662569,52.93418234610838,10363.2,24998.640987310537,213.89665,0.3956545805895744,0.6789574310663513,1.0,0.0,0.0,13.799969984769
NW150_FL340,2022-03-01 01:28:00.000000000,1.2139625705007244,52.99566540790184,10363.2,24998.640987310537,213.7563,0.43193535055276244,0.7418999202560808,1.0,0.0,0.0,13.799969577100743
NW150_FL340,2022-03-01 01:29:00.000000000,1.3939965376829655,53.056306681157686,10363.2,24998.640987310537,213.61848,0.4660548753226113,0.8012276075129782,1.0,0.0,0.0,13.799969579857322
NW150_FL340,2022-03-01 01:30:00.000000000,1.5750566450764563,53.11610993449817,10363.2,24998.640987310537,213.48712,0.4994211360451861,0.8593265932549499,1.0,0.0,0.0,13.799969959394309
NW150_FL340,2022-03-01 01:31:00.000000000,1.7571245793312809,53.17507941966272,10363.2,24998.640987310537,213.36365,0.5330258521602185,0.9178873167184795,1.0,0.0,0.0,13.799970679859165
NW150_FL340,2022-03-01 01:32:00.000000000,1.9401818699385918,53.23321986236095,10363.2,24998.640987310537,213.28146,0.5555192155454212,0.9571349091397509,1.0,0.0,0.0,13.799971703727884
NW150_FL340,2022-03-01 01:33:00.000000000,2.1242099195660367,53.29053645253109,10363.2,24998.640987310537,213.19664,0.5792252108695747,0.9985264706655615,1.0,0.0,0.0,13.799972992333837
NW150_FL340,2022-03-01 01:34:00.000000000,2.3091900335932243,53.34703483406254,10363.2,24998.640987310537,213.13087,0.6135187133459526,1.0580962216340641,1.0,1.0,1.0,13.799974506384897
NW150_FL340,2022-03-01 01:35:00.000000000,2.4951034487770922,53.402721094041766,10363.2,24998.640987310537,213.1026,0.6350195842390195,1.0953796730036338,1.0,1.0,1.0,13.799976206465772
NW150_FL340,2022-03-01 01:36:00.000000000,2.6819313609848683,53.457601751580526,10363.2,24998.640987310537,213.0772,0.6553247055396568,1.1305914535150041,1.0,1.0,1.0,13.799978053504757
NW150_FL340,2022-03-01 01:37:00.000000000,2.8696549519397707,53.511683746284476,10363.2,24998.640987310537,213.06668,0.6650041929123706,1.1473669124646542,1.0,1.0,1.0,13.799980009221503
NW150_FL340,2022-03-01 01:38:00.000000000,3.0582554149321086,53.56497442641937,10363.2,24998.640987310537,213.06442,0.6678979734747675,1.1523766456537476,1.0,1.0,1.0,13.799982036526542
NW150_FL340,2022-03-01 01:39:00.000000000,3.2477139794557783,53.61748153683056,10363.2,24998.640987310537,213.0672,0.6663461131371018,1.14967755160553,1.0,1.0,1.0,13.799984099891018
NW150_FL340,2022-03-01 01:40:00.000000000,3.4380119347371982,53.6692132066701,10363.2,24998.640987310537,213.08684,0.6494088545133485,1.1203141791785276,1.0,1.0,1.0,13.799986165670656
NW150_FL340,2022-03-01 01:41:00.000000000,3.629130652131118,53.72017793698295,10363.2,24998.640987310537,213.1152,0.6364259399712667,1.097714616282217,1.0,1.0,1.0,13.79998820237766
NW150_FL340,2022-03-01 01:42:00.000000000,3.821051606363487,53.770384588202695,10363.2,24998.640987310537,213.15077,0.6271370827209365,1.0814442184339639,1.0,1.0,1.0,13.799990180922991
NW150_FL340,2022-03-01 01:43:00.000000000,4.013756395608983,53.81984236760365,10363.2,24998.640987310537,213.19589,0.6191660817412089,1.067389059422457,1.0,1.0,1.0,13.79999207479392
NW150_FL340,2022-03-01 01:44:00.000000000,4.207226760395775,53.868560816754226,10363.2,24998.640987310537,213.27838,0.6013183527721736,1.0360634257224393,1.0,1.0,1.0,13.79999386020077
NW150_FL340,2022-03-01 01:45:00.000000000,4.401444601336398,53.9165497990135,10363.2,24998.640987310537,213.37256,0.5801988519090812,0.9990633136722052,1.0,0.0,0.0,13.799995516168021
NW150_FL340,2022-03-01 01:46:00.000000000,4.59639199568854,53.96381948710966,10363.2,24998.640987310537,213.44614,0.5614568231051442,0.9663273484287332,1.0,0.0,0.0,13.799997024593432
NW150_FL340,2022-03-01 01:47:00.000000000,4.792051212754257,54.01038035083665,10363.2,24998.640987310537,213.49358,0.5378218871903915,0.9253623943833551,1.0,0.0,0.0,13.799998370255315
NW150_FL340,2022-03-01 01:48:00.000000000,4.988404728130883,54.05624314490155,10363.2,24998.640987310537,213.53024,0.5189847883682607,0.8927374334069145,1.0,0.0,0.0,13.799999540791967
NW150_FL340,2022-03-01 01:49:00.000000000,5.185435236830494,54.101418896952666,10363.2,24998.640987310537,213.48865,0.5234869579876605,0.9007262210130735,1.0,0.0,0.0,13.800000526639762
NW150_FL340,2022-03-01 01:50:00.000000000,5.383125665288684,54.14591889581483,10363.2,24998.640987310537,213.43065,0.5342631022865117,0.9196176386468807,1.0,0.0,0.0,13.800001320950413
NW150_FL340,2022-03-01 01:51:00.000000000,5.581459182286482,54.18975467995547,10363.2,24998.640987310537,213.35776,0.5520806265210273,0.9507372162315995,1.0,0.0,0.0,13.800001919470516
NW150_FL340,2022-03-01 01:52:00.000000000,5.780419208811863,54.23293802620198,10363.2,24998.640987310537,213.2911,0.5727684838696661,0.9867903501100403,1.0,0.0,0.0,13.800002320404134
NW150_FL340,2022-03-01 01:53:00.000000000,5.979989426890096,54.27548093872749,10363.2,24998.640987310537,213.23973,0.5969948033409914,1.0288723052309479,1.0,1.0,1.0,13.800002524262844
NW150_FL340,2022-03-01 01:54:00.000000000,6.180153787413816,54.31739563831984,10363.2,24998.640987310537,213.22974,0.608583243120086,1.0489126238222901,1.0,1.0,1.0,13.800002533692991
NW150_FL340,2022-03-01 01:55:00.000000000,6.3808965170056196,54.35869455194499,10363.2,24998.640987310537,213.234,0.6121303737394732,1.0549962132886221,1.0,1.0,1.0,13.800002353293928
NW150_FL340,2022-03-01 01:56:00.000000000,6.5822021239473365,54.399390302613654,10363.2,24998.640987310537,213.25505,0.6134544708206715,1.0571354745662769,1.0,1.0,1.0,13.80000198943833
NW150_FL340,2022-03-01 01:57:00.000000000,6.784055403211021,54.4394956995573,10363.2,24998.640987310537,213.29063,0.6174775024542272,1.0638225909442827,1.0,1.0,1.0,13.800001450080874
NW150_FL340,2022-03-01 01:58:00.000000000,6.986441440627737,54.479023728716754,10363.2,24998.640987310537,213.329,0.6225715384898601,1.0723292304835272,1.0,1.0,1.0,13.800000744570198
NW150_FL340,2022-03-01 01:59:00.000000000,7.18934561623043,54.51798754354435,10363.2,24998.640987310537,213.34775,0.6293625721977283,1.0838925108186022,1.0,1.0,1.0,13.799999883471097
NW150_FL340,2022-03-01 02:00:00.000000000,7.392753606807693,54.55640045611831,10363.2,24998.640987310537,213.36685,0.6340578274259763,1.0918460926546507,1.0,1.0,1.0,13.799998878381079
NW150_FL340,2022-03-01 02:01:00.000000000,7.596651387704953,54.594275928565615,10363.2,24998.640987310537,213.39427,0.6191863617350465,1.0660459521691215,1.0,1.0,1.0,13.799997741767196
NW150_FL340,2022-03-01 02:02:00.000000000,7.801025233909899,54.63162756478736,10363.2,24998.640987310537,213.4228,0.5924487196771544,1.019822779530879,1.0,1.0,1.0,13.799996486806835
NW150_FL340,2022-03-01 02:03:00.000000000,8.005861720458118,54.66846910247922,10363.2,24998.640987310537,213.44765,0.5742693159308881,0.9883691822068597,1.0,0.0,0.0,13.799995127240448
NW150_FL340,2022-03-01 02:04:00.000000000,8.21114772219488,54.70481440543687,10363.2,24998.640987310537,213.51654,0.5350975687980191,0.9205367295317157,1.0,0.0,0.0,13.799993677240758
NW150_FL340,2022-03-01 02:05:00.000000000,8.416870412928134,54.74067745613532,10363.2,24998.640987310537,213.57709,0.5052109507563095,0.8687782880169858,1.0,0.0,0.0,13.799992151289874
NW150_FL340,2022-03-01 02:06:00.000000000,8.623017264007114,54.77607234856892,10363.2,24998.640987310537,213.66917,0.47413246086753547,0.8148433797992393,1.0,0.0,0.0,13.799990564074568
NW150_FL340,2022-03-01 02:07:00.000000000,8.829576042360262,54.81101328133762,10363.2,24998.640987310537,213.78658,0.44218938449725137,0.7593593952544089,1.0,0.0,0.0,13.799988930389441
NW150_FL340,2022-03-01 02:08:00.000000000,9.036534808025143,54.845514550963514,10363.2,24998.640987310537,213.903,0.41499043422333526,0.7121081942915205,1.0,0.0,0.0,13.799987265057572
NW150_FL340,2022-03-01 02:09:00.000000000,9.243881911202225,54.87959054542058,10363.2,24998.640987310537,214.03088,0.38952669121710315,0.6678503374621457,1.0,0.0,0.0,13.799985582857834
NW150_FL340,2022-03-01 02:10:00.000000000,9.451605988863491,54.91325573785914,10363.2,24998.640987310537,214.14699,0.3683248133624562,0.6310163312118405,1.0,0.0,0.0,13.799983898464221
NW150_FL340,2022-03-01 02:11:00.000000000,9.659695960945642,54.94652468050605,10363.2,24998.640987310537,214.24825,0.3597173172329223,0.6158562443211377,1.0,0.0,0.0,13.799982226394873
NW150_FL340,2022-03-01 02:12:00.000000000,9.868141026157087,54.97941199871997,10363.2,24998.640987310537,214.33493,0.35499631230574774,0.6074238123911522,1.0,0.0,0.0,8.717907553283178
NW150_FL340,2022-03-01 02:12:37.904240283,10.0,55.0,10363.2,24998.640987310537,214.38821,0.35149365900660295,0.6012193021093297,1.0,0.0,0.0,0.0
NW300_FL340,2022-03-01 00:00:00.000000000,-10.000000000000002,45.00000000000001,10363.2,24998.640987310537,214.05959,0.8613587389602843,1.4765361576946134,1.0,1.0,1.0,13.800034843118594
NW300_FL340,2022-03-01 00:01:00.000000000,-9.948323151402047,45.11861698721326,10363.2,24998.640987310537,214.00145,0.8322485245843505,1.4271837433716261,1.0,1.0,1.0,13.800006665435859
NW300_FL340,2022-03-01 00:02:00.000000000,-9.896402137726424,45.2372040256995,10363.2,24998.640987310537,213.9399,0.8143369814080063,1.3970326226006506,1.0,1.0,1.0,13.799977763173437
NW300_FL340,2022-03-01 00:03:00.000000000,-9.844205048187119,45.355754336568715,10363.2,24998.640987310537,213.94395,0.786790300260051,1.349737575648458,1.0,1.0,1.0,13.800003201880159
NW300_FL340,2022-03-01 00:04:00.000000000,-9.79169221545635,45.47425993803365,10363.2,24998.640987310537,213.94955,0.7606639333790258,1.3048714889763158,1.0,1.0,1.0,13.800019831035982
NW300_FL340,2022-03-01 00:05:00.000000000,-9.73883020753365,45.592713564836444,10363.2,24998.640987310537,214.02274,0.7244421991663443,1.2421379931512366,1.0,1.0,1.0,13.799990542186567
NW300_FL340,2022-03-01 00:06:00.000000000,-9.68559173693477,45.711108893423734,10363.2,24998.640987310537,214.10585,0.6870173292797679,1.1773215370374144,1.0,1.0,1.0,13.799966575556896
NW300_FL340,2022-03-01 00:07:00.000000000,-9.631942676019541,45.82943851868831,10363.2,24998.640987310537,214.22632,0.6523057045409448,1.1169453576926571,1.0,1.0,1.0,13.800034470564826
NW300_FL340,2022-03-01 00:08:00.000000000,-9.577832641962,45.94769216492699,10363.2,24998.640987310537,214.36221,0.6183107477554315,1.0577837321521608,1.0,1.0,1.0,13.800004853679956
NW300_FL340,2022-03-01 00:09:00.000000000,-9.523242741476356,46.0658646319852,10363.2,24998.640987310537,214.49098,0.5812645018340176,0.9935539514508975,1.0,0.0,0.0,13.799975174589125
NW300_FL340,2022-03-01 00:10:00.000000000,-9.468138670649463,46.1839481275579,10363.2,24998.640987310537,214.60916,0.5541110305123003,0.9463933826210204,1.0,0.0,0.0,13.799996337513656
NW300_FL340,2022-03-01 00:11:00.000000000,-9.412475134560134,46.30193273606196,10363.2,24998.640987310537,214.66359,0.5309375349025194,0.9064861335255825,1.0,0.0,0.0,13.80002177829723
NW300_FL340,2022-03-01 00:12:00.000000000,-9.356214232217248,46.41980959140651,10363.2,24998.640987310537,214.66116,0.5108127204821606,0.872140361524997,1.0,0.0,0.0,13.799991978487872
NW300_FL340,2022-03-01 00:13:00.000000000,-9.299331078055891,46.53757207105862,10363.2,24998.640987310537,214.61435,0.498017981161979,0.8505625081502933,1.0,0.0,0.0,13.79996288903523
NW300_FL340,2022-03-01 00:14:00.000000000,-9.2417896335749,46.65521139046437,10363.2,24998.640987310537,214.47098,0.5016401091997623,0.8575649435054165,1.0,0.0,0.0,13.800017586397669
NW300_FL340,2022-03-01 00:15:00.000000000,-9.183533336757865,46.77271458254579,10363.2,24998.640987310537,214.29907,0.5124090618767454,0.8769774291596518,1.0,0.0,0.0,13.800012642606154
NW300_FL340,2022-03-01 00:16:00.000000000,-9.124537269676559,46.8900744241367,10363.2,24998.640987310537,214.04236,0.5415913551463758,0.9284989354047203,1.0,0.0,0.0,13.799983478538548
NW300_FL340,2022-03-01 00:17:00.000000000,-9.06476959695927,47.00728223711839,10363.2,24998.640987310537,213.83415,0.5661379229185727,0.9719121888351226,1.0,0.0,0.0,13.799955874461615
NW300_FL340,2022-03-01 00:18:00.000000000,-9.004192371172094,47.124327917170994,10363.2,24998.640987310537,213.70827,0.5816692730002778,0.9994014157624483,1.0,0.0,0.0,13.800022795812414
NW300_FL340,2022-03-01 00:19:00.000000000,-8.942742331284771,47.241195837621795,10363.2,24998.640987310537,213.62042,0.6002707356306934,1.0319556709530786,1.0,1.0,1.0,13.80000943014113
NW300_FL340,2022-03-01 00:20:00.000000000,-8.880399361758288,47.35787881023055,10363.2,24998.640987310537,213.50896,0.6147241666540432,1.0575711852831478,1.0,1.0,1.0,13.79998144097103
NW300_FL340,2022-03-01 00:21:00.000000000,-8.81712804662872,47.47436632203423,10363.2,24998.640987310537,213.44849,0.6125909042062117,1.0543165870144955,1.0,1.0,1.0,13.799955751288898
NW300_FL340,2022-03-01 00:22:00.000000000,-8.752888484884062,47.59064660231162,10363.2,24998.640987310537,213.4367,0.5909976557897183,1.0172334034546375,1.0,1.0,1.0,13.79999974357544
NW300_FL340,2022-03-01 00:23:00.000000000,-8.687621184744504,47.70670318021615,10363.2,24998.640987310537,213.42227,0.5707441268937089,0.9824646958103749,1.0,0.0,0.0,13.800014603485252
NW300_FL340,2022-03-01 00:24:00.000000000,-8.6212916133352,47.822524520353284,10363.2,24998.640987310537,213.4806,0.5445082514627715,0.936946128407865,1.0,0.0,0.0,13.799987752859257
NW300_FL340,2022-03-01 00:25:00.000000000,-8.553869741791866,47.93809981100981,10363.2,24998.640987310537,213.57536,0.5149843299991194,0.8855945681027521,1.0,0.0,0.0,13.79996366704769
NW300_FL340,2022-03-01 00:26:00.000000000,-8.485313856181833,48.05341525950304,10363.2,24998.640987310537,213.70837,0.4818158766145914,0.8278351526188988,1.0,0.0,0.0,13.799942842235483
NW300_FL340,2022-03-01 00:27:00.000000000,-8.415581801578655,48.16845651097662,10363.2,24998.640987310537,213.85738,0.44887487344338256,0.7704842504619482,1.0,0.0,0.0,13.800016914087612
NW300_FL340,2022-03-01 00:28:00.000000000,-8.344603841813232,48.28320205518647,10363.2,24998.640987310537,214.0049,0.41807766233566585,0.7169252545934335,1.0,0.0,0.0,13.800004972425114
NW300_FL340,2022-03-01 00:29:00.000000000,-8.272359617391693,48.397641532390416,10363.2,24998.640987310537,214.17923,0.3851882657396062,0.6597634353360065,1.0,0.0,0.0,13.799981440007572
NW300_FL340,2022-03-01 00:30:00.000000000,-8.198809767667017,48.511759680983936,10363.2,24998.640987310537,214.36127,0.353644228628383,0.6050059081358012,1.0,0.0,0.0,13.799961128930406
NW300_FL340,2022-03-01 00:31:00.000000000,-8.123910851857396,48.62553969747014,10363.2,24998.640987310537,214.5686,0.32393191485047834,0.5534100975427436,1.0,0.0,0.0,13.79994434951923
NW300_FL340,2022-03-01 00:32:00.000000000,-8.047619175060253,48.73896411389615,10363.2,24998.640987310537,214.76604,0.29730169999395817,0.5072458580882089,1.0,0.0,0.0,13.799949522704459
NW300_FL340,2022-03-01 00:33:00.000000000,-7.969885434552368,48.85201334557368,10363.2,24998.640987310537,214.9195,0.2722356658500966,0.4640002880110388,1.0,0.0,0.0,13.800014181102688
NW300_FL340,2022-03-01 00:34:00.000000000,-7.890648069563789,48.96466371012504,10363.2,24998.640987310537,215.0462,0.24853094517493732,0.42323736374116583,1.0,0.0,0.0,13.799992650903825
NW300_FL340,2022-03-01 00:35:00.000000000,-7.809886021383044,49.076901625594274,10363.2,24998.640987310537,215.13605,0.22977347038746862,0.39105722658652864,1.0,0.0,0.0,13.799974108707389
NW300_FL340,2022-03-01 00:36:00.000000000,-7.727555347093408,49.1887068387166,10363.2,24998.640987310537,215.20131,0.2141294934149375,0.36427235985538475,1.0,0.0,0.0,13.799958655833514
NW300_FL340,2022-03-01 00:37:00.000000000,-7.643612181951804,49.30005836390617,10363.2,24998.640987310537,215.24905,0.20280811073993696,0.3449016299906985,1.0,0.0,0.0,13.799946336900428
NW300_FL340,2022-03-01 00:38:00.000000000,-7.558012825338964,49.41093447592809,10363.2,24998.640987310537,215.29431,0.1942246524899588,0.33020323208825897,1.0,0.0,0.0,13.799937139245799
NW300_FL340,2022-03-01 00:39:00.000000000,-7.470713833585899,49.52131270557739,10363.2,24998.640987310537,215.34453,0.18671740749617574,0.31733183377405405,1.0,0.0,0.0,13.799930993467326
NW300_FL340,2022-03-01 00:40:00.000000000,-7.381672119623329,49.63116983869982,10363.2,24998.640987310537,215.44507,0.17950870557540233,0.3048724357695144,1.0,0.0,0.0,13.799935080408797
NW300_FL340,2022-03-01 00:41:00.000000000,-7.290842991180416,49.740481273968314,10363.2,24998.640987310537,215.5077,0.17412533625406668,0.29560339910872174,1.0,0.0,0.0,13.79999350665374
NW300_FL340,2022-03-01 00:42:00.000000000,-7.198169519410879,49.84921753340485,10363.2,24998.640987310537,215.66885,0.16601503266953266,0.2815264946397852,1.0,0.0,0.0,13.799978927303988
NW300_FL340,2022-03-01 00:43:00.000000000,-7.103628498314238,49.95735875096998,10363.2,24998.640987310537,215.80028,0.15829021586373115,0.26818631287599903,1.0,0.0,0.0,13.799966433137888
NW300_FL340,2022-03-01 00:44:00.000000000,-7.0071795140932345,50.06487885572919,10363.2,24998.640987310537,215.90799,0.15166942062291014,0.25677948334899275,1.0,0.0,0.0,13.79995586908043
NW300_FL340,2022-03-01 00:45:00.000000000,-6.9087830925656055,50.171751090152405,10363.2,24998.640987310537,216.04527,0.14460569449733726,0.24459029390258263,1.0,0.0,0.0,13.799947052381834
NW300_FL340,2022-03-01 00:46:00.000000000,-6.808400832996052,50.27794803570585,10363.2,24998.640987310537,216.18011,0.13805179490114175,0.2332883144511741,1.0,0.0,0.0,13.799939778560672
NW300_FL340,2022-03-01 00:47:00.000000000,-6.705995546066805,50.38344164394248,10363.2,24998.640987310537,216.3264,0.13238075799880847,0.22347903982052394,1.0,0.0,0.0,13.799933827852389
NW300_FL340,2022-03-01 00:48:00.000000000,-6.601531395219343,50.48820327332102,10363.2,24998.640987310537,216.47867,0.1266162329819063,0.21352274953842715,1.0,0.0,0.0,13.799928972027583
NW300_FL340,2022-03-01 00:49:00.000000000,-6.494974040497284,50.592203731941304,10363.2,24998.640987310537,216.60274,0.12135444384130158,0.204473251209095,1.0,0.0,0.0,13.799924981403041
NW300_FL340,2022-03-01 00:50:00.000000000,-6.386290783920157,50.69541332633463,10363.2,24998.640987310537,216.70993,0.11584141309343829,0.19503896148166266,1.0,0.0,0.0,13.799921631877607
NW300_FL340,2022-03-01 00:51:00.000000000,-6.2754507153220995,50.797801916390625,10363.2,24998.640987310537,216.79375,0.1108746513038505,0.18656749954273913,1.0,0.0,0.0,13.799918711778243
NW300_FL340,2022-03-01 00:52:00.000000000,-6.162424857501622,50.89933897643868,10363.2,24998.640987310537,216.84708,0.10661696452233568,0.17933660125530593,1.0,0.0,0.0,13.799916028361567
NW300_FL340,2022-03-01 00:53:00.000000000,-6.0471863094495175,50.99999366243146,10363.2,24998.640987310537,216.89558,0.1019892053529579,0.17149432723013264,1.0,0.0,0.0,13.799913413752241
NW300_FL340,2022-03-01 00:54:00.000000000,-5.929710386355748,51.099734885102215,10363.2,24998.640987310537,216.94289,0.10003862752436668,0.16815880343260167,1.0,0.0,0.0,13.799910730138198
NW300_FL340,2022-03-01 00:55:00.000000000,-5.8099747550443395,51.19853138888636,10363.2,24998.640987310537,216.99417,0.09770066604396711,0.1641698347578261,1.0,0.0,0.0,13.799907874076975
NW300_FL340,2022-03-01 00:56:00.000000000,-5.687959563450105,51.296351836313654,10363.2,24998.640987310537,217.03941,0.09604478378497672,0.16133632930104247,1.0,0.0,0.0,13.79990477972228
NW300_FL340,2022-03-01 00:57:00.000000000,-5.56364756273571,51.39316489749046,10363.2,24998.640987310537,217.0797,0.09489743080251886,0.1593635858945966,1.0,0.0,0.0,13.799901420893251
NW300_FL340,2022-03-01 00:58:00.000000000,-5.4370242206528845,51.48893934420452,10363.2,24998.640987310537,217.11093,0.09371655144588961,0.15734587853625617,1.0,0.0,0.0,13.799897811846515
NW300_FL340,2022-03-01 00:59:00.000000000,-5.308077824779514,51.583644148098536,10363.2,24998.640987310537,217.13693,0.09460322409433497,0.15880577168749466,1.0,0.0,0.0,13.799894006728076
NW300_FL340,2022-03-01 01:00:00.000000000,-5.176799574316013,51.67724858227623,10363.2,24998.640987310537,217.16365,0.09471961381425852,0.1589716294852797,1.0,0.0,0.0,13.799890097668875
NW300_FL340,2022-03-01 01:01:00.000000000,-5.043183659200432,51.76972232562682,10363.2,24998.640987310537,217.1614,0.09528851406520777,0.15992864625445463,1.0,0.0,0.0,13.799886211544619
NW300_FL340,2022-03-01 01:02:00.000000000,-4.907227325401263,51.8610355690834,10363.2,24998.640987310537,217.14143,0.09702480603825865,0.16286586146299994,1.0,0.0,0.0,13.799882505488926
NW300_FL340,2022-03-01 01:03:00.000000000,-4.768930925370678,51.95115912296934,10363.2,24998.640987310537,217.12354,0.09809545722915103,0.16468349297522403,1.0,0.0,0.0,13.799879161238978
NW300_FL340,2022-03-01 01:04:00.000000000,-4.628297952786058,52.04006452453659,10363.2,24998.640987310537,217.12804,0.09841771518484045,0.16521926163574543,1.0,0.0,0.0,13.79987637850337
NW300_FL340,2022-03-01 01:05:00.000000000,-4.485335060872928,52.127724144762055,10363.2,24998.640987310537,217.13814,0.0991518690333673,0.1664404560689738,1.0,0.0,0.0,13.799874367506506
NW300_FL340,2022-03-01 01:06:00.000000000,-4.340052063785224,52.214111293444496,10363.2,24998.640987310537,217.11005,0.10082167417324855,0.16927666644926817,1.0,0.0,0.0,13.799875260345667
NW300_FL340,2022-03-01 01:07:00.000000000,-4.192461576710146,52.299200123019176,10363.2,24998.640987310537,217.09676,0.10178448906613757,0.17090904097272255,1.0,0.0,0.0,13.799958362399373
NW300_FL340,2022-03-01 01:08:00.000000000,-4.042565505808821,52.382957721133714,10363.2,24998.640987310537,217.10002,0.10221299233604719,0.17162476403327462,1.0,0.0,0.0,13.79994634307932
NW300_FL340,2022-03-01 01:09:00.000000000,-3.8903976137133776,52.4653690353782,10363.2,24998.640987310537,217.08324,0.10257385368276987,0.1722507651848712,1.0,0.0,0.0,13.799934758524605
NW300_FL340,2022-03-01 01:10:00.000000000,-3.7359801900362437,52.5464122011229,10363.2,24998.640987310537,217.05493,0.10274132945998751,0.17256641481953672,1.0,0.0,0.0,13.799923893437573
NW300_FL340,2022-03-01 01:11:00.000000000,-3.5793384277428935,52.62606676530347,10363.2,24998.640987310537,217.01904,0.103232798066729,0.17343509237095994,1.0,0.0,0.0,13.799914005702364
NW300_FL340,2022-03-01 01:12:00.000000000,-3.420500321548006,52.70431376094036,10363.2,24998.640987310537,216.99394,0.1040664630351377,0.17486664597436943,1.0,0.0,0.0,13.799905318758915
NW300_FL340,2022-03-01 01:13:00.000000000,-3.2594965516209413,52.78113577383572,10363.2,24998.640987310537,216.97095,0.10475155929317546,0.17604592527170357,1.0,0.0,0.0,13.799898015093248
NW300_FL340,2022-03-01 01:14:00.000000000,-3.0963603537213,52.85651700087687,10363.2,24998.640987310537,216.95789,0.10552616159235322,0.17736414611514298,1.0,0.0,0.0,13.799892231080968
NW300_FL340,2022-03-01 01:15:00.000000000,-2.93112737703906,52.93044329948208,10363.2,24998.640987310537,216.93352,0.10613162126680223,0.1784121376589933,1.0,0.0,0.0,13.79988805331851
NW300_FL340,2022-03-01 01:16:00.000000000,-2.7638355311439367,53.00290222783783,10363.2,24998.640987310537,216.89691,0.10591346013041356,0.17809114932079578,1.0,0.0,0.0,13.799885516550193
NW300_FL340,2022-03-01 01:17:00.000000000,-2.594524823554262,53.07388307569488,10363.2,24998.640987310537,216.83499,0.10653183757738535,0.17920806924289767,1.0,0.0,0.0,13.799884603266875
NW300_FL340,2022-03-01 01:18:00.000000000,-2.4232371895126836,53.14337688560977,10363.2,24998.640987310537,216.7634,0.10723153969904775,0.1804755496395347,1.0,0.0,0.0,13.799885244947372
NW300_FL340,2022-03-01 01:19:00.000000000,-2.250016315606625,53.21137646463753,10363.2,24998.640987310537,216.68433,0.10786557312975724,0.1816426230248015,1.0,0.0,0.0,13.799887324900999
NW300_FL340,2022-03-01 01:20:00.000000000,-2.0749074588928185,53.277876386596866,10363.2,24998.640987310537,216.55072,0.11048424444859693,0.1862251649290754,1.0,0.0,0.0,13.799890682600761
NW300_FL340,2022-03-01 01:21:00.000000000,-1.8979572631798203,53.34287298513899,10363.2,24998.640987310537,216.42355,0.11354489409979591,0.1915525463537331,1.0,0.0,0.0,13.799895119344866
NW300_FL340,2022-03-01 01:22:00.000000000,-1.719213574090673,53.406364337953896,10363.2,24998.640987310537,216.30325,0.1172466888227115,0.19796246697526823,1.0,0.0,0.0,13.799900405062836
NW300_FL340,2022-03-01 01:23:00.000000000,-1.538725254472115,53.46835024254097,10363.2,24998.640987310537,216.18774,0.12119536987199628,0.2047920993778041,1.0,0.0,0.0,13.79990628602072
NW300_FL340,2022-03-01 01:24:00.000000000,-1.356542001638573,53.52883218405242,10363.2,24998.640987310537,216.07437,0.12401582062844829,0.2097216029467365,1.0,0.0,0.0,13.79991249319038
NW300_FL340,2022-03-01 01:25:00.000000000,-1.172714167843412,53.58781329578929,10363.2,24998.640987310537,215.96654,0.12746901838426553,0.2157213270771745,1.0,0.0,0.0,13.799918750991056
NW300_FL340,2022-03-01 01:26:00.000000000,-0.9872925852565602,53.64529831298643,10363.2,24998.640987310537,215.85147,0.13092699517442588,0.2217480008686778,1.0,0.0,0.0,13.799924786167315
NW300_FL340,2022-03-01 01:27:00.000000000,-0.800328396603329,53.7012935205683,10363.2,24998.640987310537,215.75217,0.13420211657163358,0.22744977792934482,1.0,0.0,0.0,13.79993033648061
NW300_FL340,2022-03-01 01:28:00.000000000,-0.6118728924847379,53.75580669558846,10363.2,24998.640987310537,215.64667,0.1373952252209618,0.23302848268179335,1.0,0.0,0.0,13.799935159022626
NW300_FL340,2022-03-01 01:29:00.000000000,-0.42197735625945404,53.80884704508488,10363.2,24998.640987310537,215.5784,0.1410416359640418,0.23932423900375382,1.0,0.0,0.0,13.799939037850189
NW300_FL340,2022-03-01 01:30:00.000000000,-0.23069291722504956,53.86042514008997,10363.2,24998.640987310537,215.52484,0.1426648747903702,0.24216678750751428,1.0,0.0,0.0,13.79994179078318
NW300_FL340,2022-03-01 01:31:00.000000000,-0.03807041269302599,53.910552846529505,10363.2,24998.640987310537,215.45421,0.1430408670685382,0.24292220156452865,1.0,0.0,0.0,13.799943275155096
NW300_FL340,2022-03-01 01:32:00.000000000,0.1558397405871601,53.95924325373014,10363.2,24998.640987310537,215.37283,0.14670331473860676,0.2492789092162382,1.0,0.0,0.0,13.799943392385876
NW300_FL340,2022-03-01 01:33:00.000000000,0.35098766533486897,54.00651060123104,10363.2,24998.640987310537,215.25671,0.15194371210547492,0.25838671320873147,1.0,0.0,0.0,13.799942091276058
NW300_FL340,2022-03-01 01:34:00.000000000,0.5473241327828376,54.05237020456364,10363.2,24998.640987310537,215.10947,0.16034328183655358,0.27294089199819815,1.0,0.0,0.0,13.799939369947783
NW300_FL340,2022-03-01 01:35:00.000000000,0.7448006617853401,54.09683838062501,10363.2,24998.640987310537,214.93849,0.17552002416327006,0.2991204488981656,1.0,0.0,0.0,13.79993527641069
NW300_FL340,2022-03-01 01:36:00.000000000,0.943369608024376,54.139932373227055,10363.2,24998.640987310537,214.77281,0.1964603405505235,0.33517753727369093,1.0,0.0,0.0,13.799929907760507
NW300_FL340,2022-03-01 01:37:00.000000000,1.142984243446075,54.18167027935618,10363.2,24998.640987310537,214.56474,0.22552498767262072,0.3852994801670046,1.0,0.0,0.0,13.799923408062723
NW300_FL340,2022-03-01 01:38:00.000000000,1.3435988261461758,54.22207097662803,10363.2,24998.640987310537,214.34526,0.2598585066300373,0.44460582512781716,1.0,0.0,0.0,13.799915964977409
NW300_FL340,2022-03-01 01:39:00.000000000,1.545168660997899,54.26115405237014,10363.2,24998.640987310537,214.13228,0.29723641458547306,0.5092752639334843,1.0,0.0,0.0,13.799907805259913
NW300_FL340,2022-03-01 01:40:00.000000000,1.7476501513793214,54.298939734713336,10363.2,24998.640987310537,213.93295,0.33923838015198665,0.5820058752636724,1.0,0.0,0.0,13.799905225618216
NW300_FL340,2022-03-01 01:41:00.000000000,1.951001321706038,54.3354480988425,10363.2,24998.640987310537,213.7793,0.37832132785990347,0.6497135060393433,1.0,0.0,0.0,13.80003550067695
NW300_FL340,2022-03-01 01:42:00.000000000,2.1551912888926434,54.370684072582705,10363.2,24998.640987310537,213.62955,0.4206237131913505,0.7230708243404976,1.0,0.0,0.0,13.80001194060027
NW300_FL340,2022-03-01 01:43:00.000000000,2.3601687814981553,54.404685818447064,10363.2,24998.640987310537,213.49113,0.46567402546941267,0.801238514158139,1.0,0.0,0.0,13.799988050689471
NW300_FL340,2022-03-01 01:44:00.000000000,2.5658948749977406,54.43747558046449,10363.2,24998.640987310537,213.3637,0.5139170500098799,0.8849800447663729,1.0,0.0,0.0,13.799964294443889
NW300_FL340,2022-03-01 01:45:00.000000000,2.772331890772268,54.46907594249486,10363.2,24998.640987310537,213.26614,0.5600189771494203,0.9649811023600819,1.0,0.0,0.0,13.79994113566568
NW300_FL340,2022-03-01 01:46:00.000000000,2.9794434044374127,54.49950977601977,10363.2,24998.640987310537,213.21756,0.5893406557561812,1.0158278338189142,1.0,1.0,1.0,13.799919029035573
NW300_FL340,2022-03-01 01:47:00.000000000,3.1871942485890172,54.528800191289015,10363.2,24998.640987310537,213.15883,0.6389199471185824,1.1017061720711716,1.0,1.0,1.0,13.799903858262315
NW300_FL340,2022-03-01 01:48:00.000000000,3.395550879759554,54.55696978407656,10363.2,24998.640987310537,213.13942,0.6537198179503921,1.1273666327375542,1.0,1.0,1.0,13.800055039082034
NW300_FL340,2022-03-01 01:49:00.000000000,3.604491615359623,54.58402008165235,10363.2,24998.640987310537,213.14218,0.6469878344569073,1.1157391098919902,1.0,1.0,1.0,13.800015441936033
NW300_FL340,2022-03-01 01:50:00.000000000,3.8139728517228146,54.60999719041869,10363.2,24998.640987310537,213.16786,0.6365855211647906,1.0976156353146862,1.0,1.0,1.0,13.799978645815921
NW300_FL340,2022-03-01 01:51:00.000000000,4.023964354506401,54.63492486350083,10363.2,24998.640987310537,213.24506,0.620297908345428,1.0689945526645663,1.0,1.0,1.0,13.799945081809751
NW300_FL340,2022-03-01 01:52:00.000000000,4.234437101686992,54.658826899104795,10363.2,24998.640987310537,213.33145,0.5988404912680658,1.03143800820368,1.0,1.0,1.0,13.799915120264668
NW300_FL340,2022-03-01 01:53:00.000000000,4.445363262970964,54.68172711119074,10363.2,24998.640987310537,213.46265,0.5597777011246655,0.9633335738292302,1.0,0.0,0.0,13.800015788586125
NW300_FL340,2022-03-01 01:54:00.000000000,4.65672372489985,54.70363128764721,10363.2,24998.640987310537,213.57915,0.5291033849580004,0.9098513261398894,1.0,0.0,0.0,13.800026752290783
NW300_FL340,2022-03-01 01:55:00.000000000,4.868487720428609,54.7245739875963,10363.2,24998.640987310537,213.63203,0.5088870203519518,0.8747853295417857,1.0,0.0,0.0,13.799983572061933
NW300_FL340,2022-03-01 01:56:00.000000000,5.080627538644073,54.74458663851475,10363.2,24998.640987310537,213.62202,0.501240225809535,0.8616965040151372,1.0,0.0,0.0,13.799945817559948
NW300_FL340,2022-03-01 01:57:00.000000000,5.293119881497206,54.763692990803875,10363.2,24998.640987310537,213.56738,0.5060247283837209,0.8702314840614451,1.0,0.0,0.0,13.799938516635832
NW300_FL340,2022-03-01 01:58:00.000000000,5.505943868646182,54.78191294381553,10363.2,24998.640987310537,213.44345,0.52981921408524,0.9118905142640694,1.0,0.0,0.0,13.800050656767903
NW300_FL340,2022-03-01 01:59:00.000000000,5.719084419011531,54.79925175731836,10363.2,24998.640987310537,213.32455,0.5512997918797277,0.9495960607556176,1.0,0.0,0.0,13.800003204209666
NW300_FL340,2022-03-01 02:00:00.000000000,5.932512825652237,54.81575578710652,10363.2,24998.640987310537,213.22928,0.5720238367439322,0.9859045762608117,1.0,0.0,0.0,13.799962666862402
NW300_FL340,2022-03-01 02:01:00.000000000,6.1462099113233615,54.83144846222197,10363.2,24998.640987310537,213.17339,0.5859999298395477,1.0103582463689138,1.0,1.0,1.0,13.799932359184918
NW300_FL340,2022-03-01 02:02:00.000000000,6.3601576187555455,54.846352522537195,10363.2,24998.640987310537,213.14531,0.5928247634301032,1.0223133149724974,1.0,1.0,1.0,13.800051701259331
NW300_FL340,2022-03-01 02:03:00.000000000,6.574345601833692,54.860467055141825,10363.2,24998.640987310537,213.14172,0.5953667677503951,1.026720733934439,1.0,1.0,1.0,13.80000554177809
NW300_FL340,2022-03-01 02:04:00.000000000,6.788749289172524,54.87384091232076,10363.2,24998.640987310537,213.16476,0.6000194250846997,1.034589000749821,1.0,1.0,1.0,13.799967129490193
NW300_FL340,2022-03-01 02:05:00.000000000,7.0033531669792195,54.88649708306962,10363.2,24998.640987310537,213.19954,0.6057060735773557,1.0441576765918965,1.0,1.0,1.0,13.799960623388825
NW300_FL340,2022-03-01 02:06:00.000000000,7.218143656439326,54.89845407593597,10363.2,24998.640987310537,213.22363,0.6160593008892017,1.0618412610193768,1.0,1.0,1.0,13.8000381484042
NW300_FL340,2022-03-01 02:07:00.000000000,7.433110284466571,54.90971982486474,10363.2,24998.640987310537,213.24916,0.6278305632427141,1.0819492063456775,1.0,1.0,1.0,13.799997707739267
NW300_FL340,2022-03-01 02:08:00.000000000,7.648234507949747,54.92033751497244,10363.2,24998.640987310537,213.27307,0.6297965210964329,1.085167819870984,1.0,1.0,1.0,13.799965046205028
NW300_FL340,2022-03-01 02:09:00.000000000,7.863504016276233,54.93032968835278,10363.2,24998.640987310537,213.29842,0.625156753651288,1.0769970727266949,1.0,1.0,1.0,13.799998359184581
NW300_FL340,2022-03-01 02:10:00.000000000,8.078909613694025,54.93970734956771,10363.2,24998.640987310537,213.33563,0.6046280526496212,1.0413780490120164,1.0,1.0,1.0,13.800019524346945
NW300_FL340,2022-03-01 02:11:00.000000000,8.294439602046854,54.94849485749177,10363.2,24998.640987310537,213.39201,0.5684762284126401,0.9787526830447701,1.0,0.0,0.0,13.799987344744515
NW300_FL340,2022-03-01 02:12:00.000000000,8.51008135994762,54.95672549342708,10363.2,24998.640987310537,213.46269,0.5392024812412928,0.9279245067075677,1.0,0.0,0.0,13.799962217577544
NW300_FL340,2022-03-01 02:13:00.000000000,8.725825342473327,54.96442143190606,10363.2,24998.640987310537,213.58868,0.49742932702202286,0.8553313228345372,1.0,0.0,0.0,13.800030591944905
NW300_FL340,2022-03-01 02:14:00.000000000,8.941665815844612,54.97158610280672,10363.2,24998.640987310537,213.70895,0.4599686884981202,0.7902964504943394,1.0,0.0,0.0,13.800003074592663
NW300_FL340,2022-03-01 02:15:00.000000000,9.157590658160426,54.97826150894907,10363.2,24998.640987310537,213.85417,0.421716478952457,0.72388116789613,1.0,0.0,0.0,13.799979693093027
NW300_FL340,2022-03-01 02:16:00.000000000,9.373592057318856,54.984470163858454,10363.2,24998.640987310537,214.00276,0.39022737912355243,0.6691764694128691,1.0,0.0,0.0,13.799998894018712
NW300_FL340,2022-03-01 02:17:00.000000000,9.58966406355943,54.990225655978996,10363.2,24998.640987310537,214.14203,0.3700795915121886,0.634041531322611,1.0,0.0,0.0,13.800013114578606
NW300_FL340,2022-03-01 02:18:00.000000000,9.805799607243536,54.995551318891,10363.2,24998.640987310537,214.26865,0.3591859090925674,0.6148631659708241,1.0,0.0,0.0,12.396422411584279
NW300_FL340,2022-03-01 02:18:53.897617080,9.999999999999996,55.0,10363.2,24998.640987310537,214.36517,0.3534277131403175,0.6046186483545317,1.0,0.0,0.0,0.0
SE300_FL350,2022-03-01 00:00:00.000000000,-10.000000000000002,45.00000000000001,10668.0,23841.928016066504,212.79758,0.784340125473082,1.3556192025176708,1.0,1.0,1.0,13.800115027908165
SE300_FL350,2022-03-01 00:01:00.000000000,-9.832634228109365,45.0374989777726,10668.0,23841.928016066504,212.73808,0.7874951240221111,1.3615943833457715,1.0,1.0,1.0,13.800020549916326
SE300_FL350,2022-03-01 00:02:00.000000000,-9.665061957945106,45.074778023133646,10668.0,23841.928016066504,212.68633,0.7915013453015391,1.3689732416727625,1.0,1.0,1.0,13.799927543731021
SE300_FL350,2022-03-01 00:03:00.000000000,-9.497293172355167,45.111857647020635,10668.0,23841.928016066504,212.64952,0.7930465781213215,1.3719715615561876,1.0,1.0,1.0,13.800010362739226
SE300_FL350,2022-03-01 00:04:00.000000000,-9.329333869699752,45.148755048499964,10668.0,23841.928016066504,212.62834,0.7985721483959483,1.381718167636307,1.0,1.0,1.0,13.8000625389665
SE300_FL350,2022-03-01 00:05:00.000000000,-9.161195059406664,45.18549293097829,10668.0,23841.928016066504,212.6059,0.8081288041893434,1.3984589978134851,1.0,1.0,1.0,13.799971646306037
SE300_FL350,2022-03-01 00:06:00.000000000,-8.992889620285059,45.222095268527376,10668.0,23841.928016066504,212.57898,0.822616017676956,1.4237739070491717,1.0,1.0,1.0,13.799899873840282
SE300_FL350,2022-03-01 00:07:00.000000000,-8.824426642306625,45.25858271091628,10668.0,23841.928016066504,212.57782,0.822121144909133,1.4229256370594185,1.0,1.0,1.0,13.800105239252431
SE300_FL350,2022-03-01 00:08:00.000000000,-8.65581080706178,45.2949740113112,10668.0,23841.928016066504,212.57587,0.8209716906472928,1.4209539050720759,1.0,1.0,1.0,13.80001760658135
SE300_FL350,2022-03-01 00:09:00.000000000,-8.487057177228046,45.3312945416673,10668.0,23841.928016066504,212.56001,0.8239835986660412,1.4263122381108329,1.0,1.0,1.0,13.79993231818943
SE300_FL350,2022-03-01 00:10:00.000000000,-8.31817494269894,45.36756551489382,10668.0,23841.928016066504,212.54814,0.8276147272357285,1.4327071370267834,1.0,1.0,1.0,13.799993838825486
SE300_FL350,2022-03-01 00:11:00.000000000,-8.149171301625014,45.4038082101483,10668.0,23841.928016066504,212.52548,0.8259653135697831,1.430060884258604,1.0,1.0,1.0,13.80006634186223
SE300_FL350,2022-03-01 00:12:00.000000000,-7.980055881015995,45.44004548033964,10668.0,23841.928016066504,212.49667,0.8229010961693167,1.42501910804889,1.0,1.0,1.0,13.799985579438726
SE300_FL350,2022-03-01 00:13:00.000000000,-7.81084018030542,45.47629954581915,10668.0,23841.928016066504,212.46803,0.8247459858079622,1.4284724570088183,1.0,1.0,1.0,13.799907812990368
SE300_FL350,2022-03-01 00:14:00.000000000,-7.64153340621131,45.51259224345501,10668.0,23841.928016066504,212.44095,0.8245631949801264,1.4284038298884951,1.0,1.0,1.0,13.80005343805641
SE300_FL350,2022-03-01 00:15:00.000000000,-7.472142889633564,45.54894792999821,10668.0,23841.928016066504,212.42221,0.8225582005905189,1.4251026404814153,1.0,1.0,1.0,13.800042769194542
SE300_FL350,2022-03-01 00:16:00.000000000,-7.30268005570596,45.58538865893594,10668.0,23841.928016066504,212.43483,0.8318667787332952,1.441113370703612,1.0,1.0,1.0,13.799970371522296
SE300_FL350,2022-03-01 00:17:00.000000000,-7.133155014811902,45.621936316925805,10668.0,23841.928016066504,212.45967,0.8400234765835146,1.4550142568247408,1.0,1.0,1.0,13.799901682232836
SE300_FL350,2022-03-01 00:18:00.000000000,-6.963577350434745,45.65861348889645,10668.0,23841.928016066504,212.48627,0.8471959358896122,1.46718818950001,1.0,1.0,1.0,13.800065477575464
SE300_FL350,2022-03-01 00:19:00.000000000,-6.793955919788455,45.69544792952469,10668.0,23841.928016066504,212.5217,0.8530960718417587,1.4770713304365184,1.0,1.0,1.0,13.80003693342804
SE300_FL350,2022-03-01 00:20:00.000000000,-6.62430206827496,45.732459891422764,10668.0,23841.928016066504,212.54637,0.8511397437786444,1.4734495013067643,1.0,1.0,1.0,13.799973816594894
SE300_FL350,2022-03-01 00:21:00.000000000,-6.454626108496878,45.76967183596835,10668.0,23841.928016066504,212.57214,0.8425109566204803,1.4582697335217776,1.0,1.0,1.0,13.79991501954183
SE300_FL350,2022-03-01 00:22:00.000000000,-6.284938381864701,45.807107160064675,10668.0,23841.928016066504,212.59874,0.8310933584308917,1.4382627473458325,1.0,1.0,1.0,13.80001310806428
SE300_FL350,2022-03-01 00:23:00.000000000,-6.1152496770827875,45.84479442806904,10668.0,23841.928016066504,212.62323,0.8314219444936184,1.4386025835354794,1.0,1.0,1.0,13.80004905320983
SE300_FL350,2022-03-01 00:24:00.000000000,-5.945571349662257,45.8827565001216,10668.0,23841.928016066504,212.65094,0.8351387643739683,1.4447815507217117,1.0,1.0,1.0,13.799995207272767
SE300_FL350,2022-03-01 00:25:00.000000000,-5.775914582343945,45.92101460539857,10668.0,23841.928016066504,212.68698,0.835626479025897,1.4452898476472467,1.0,1.0,1.0,13.799946018066104
SE300_FL350,2022-03-01 00:26:00.000000000,-5.606290874535937,45.959592928785845,10668.0,23841.928016066504,212.7216,0.8323286782061946,1.4392651916043233,1.0,1.0,1.0,13.799901826521442
SE300_FL350,2022-03-01 00:27:00.000000000,-5.436712081951,45.99851585627959,10668.0,23841.928016066504,212.75986,0.8232565201869576,1.4232260039034663,1.0,1.0,1.0,13.800049850384529
SE300_FL350,2022-03-01 00:28:00.000000000,-5.267191966322243,46.03781647078147,10668.0,23841.928016066504,212.81393,0.8019220430810815,1.3858608357451723,1.0,1.0,1.0,13.800031588333269
SE300_FL350,2022-03-01 00:29:00.000000000,-5.097742422824589,46.07751300401981,10668.0,23841.928016066504,212.84123,0.7752549583002514,1.3395401150573818,1.0,1.0,1.0,13.799990478669388
SE300_FL350,2022-03-01 00:30:00.000000000,-4.92837633795386,46.11762914151849,10668.0,23841.928016066504,212.85628,0.7519180881033175,1.2990889630161804,1.0,1.0,1.0,13.7999541838252
SE300_FL350,2022-03-01 00:31:00.000000000,-4.759107233713054,46.158189859635726,10668.0,23841.928016066504,212.86043,0.7316617601077733,1.2640594144963606,1.0,1.0,1.0,13.799922890616976
SE300_FL350,2022-03-01 00:32:00.000000000,-4.589949114555786,46.19922026051813,10668.0,23841.928016066504,212.84659,0.7114564422302532,1.2292602095136305,1.0,1.0,1.0,13.799929959565615
SE300_FL350,2022-03-01 00:33:00.000000000,-4.420917005638568,46.24074744997757,10668.0,23841.928016066504,212.8021,0.6946811646037441,1.2006216582001692,1.0,1.0,1.0,13.800043955541087
SE300_FL350,2022-03-01 00:34:00.000000000,-4.252027880874641,46.28280309951133,10668.0,23841.928016066504,212.71515,0.6790082422309005,1.174190374275248,1.0,1.0,1.0,13.80001263583261
SE300_FL350,2022-03-01 00:35:00.000000000,-4.083295312513981,46.32540456469928,10668.0,23841.928016066504,212.62454,0.666113762716779,1.152561825236566,1.0,1.0,1.0,13.79998555573942
SE300_FL350,2022-03-01 00:36:00.000000000,-3.914735435139302,46.3685770941835,10668.0,23841.928016066504,212.52937,0.6531647887431272,1.1308505422180017,1.0,1.0,1.0,13.799962706248108
SE300_FL350,2022-03-01 00:37:00.000000000,-3.7463649709978815,46.41234591653959,10668.0,23841.928016066504,212.4319,0.6394598097026634,1.1078102654881683,1.0,1.0,1.0,13.799944029141807
SE300_FL350,2022-03-01 00:38:00.000000000,-3.578201246424688,46.45673620162743,10668.0,23841.928016066504,212.36633,0.6387634701877978,1.1070713914660184,1.0,1.0,1.0,13.799929415534166
SE300_FL350,2022-03-01 00:39:00.000000000,-3.41026220591334,46.50177301855226,10668.0,23841.928016066504,212.30914,0.6370993288841702,1.1045882259840758,1.0,1.0,1.0,13.79991870565744
SE300_FL350,2022-03-01 00:40:00.000000000,-3.2425664234872786,46.54748129024899,10668.0,23841.928016066504,212.25867,0.6335187390070608,1.0987338036157708,1.0,1.0,1.0,13.799922852412047
SE300_FL350,2022-03-01 00:41:00.000000000,-3.0751334306903266,46.59388656047466,10668.0,23841.928016066504,212.23206,0.6294464067768867,1.091857628022838,1.0,1.0,1.0,13.800008407530912
SE300_FL350,2022-03-01 00:42:00.000000000,-2.907985546322268,46.641019270999685,10668.0,23841.928016066504,212.21292,0.6265599976936695,1.0869831048471041,1.0,1.0,1.0,13.79999152577942
SE300_FL350,2022-03-01 00:43:00.000000000,-2.74114057917694,46.68889649733604,10668.0,23841.928016066504,212.19662,0.624371989641999,1.0832984582210345,1.0,1.0,1.0,13.799977274791766
SE300_FL350,2022-03-01 00:44:00.000000000,-2.5746196225871447,46.73754198383629,10668.0,23841.928016066504,212.16736,0.6314772277721765,1.0958302919064853,1.0,1.0,1.0,13.799965416219916
SE300_FL350,2022-03-01 00:45:00.000000000,-2.4084444011529893,46.78697905887585,10668.0,23841.928016066504,212.12141,0.6409006932356309,1.1125103570304395,1.0,1.0,1.0,13.799955690405685
SE300_FL350,2022-03-01 00:46:00.000000000,-2.24263725835525,46.83723057208739,10668.0,23841.928016066504,212.06592,0.6527114382616133,1.1334114596174527,1.0,1.0,1.0,13.799947822412035
SE300_FL350,2022-03-01 00:47:00.000000000,-2.077221138921509,46.88831882936984,10668.0,23841.928016066504,211.99602,0.6681893804079839,1.1608008962378824,1.0,1.0,1.0,13.799941528604728
SE300_FL350,2022-03-01 00:48:00.000000000,-1.9122195656143586,46.94026552601405,10668.0,23841.928016066504,211.92459,0.690098183285708,1.1994055089048983,1.0,1.0,1.0,13.799936523592704
SE300_FL350,2022-03-01 00:49:00.000000000,-1.747656610142675,46.99309167833649,10668.0,23841.928016066504,211.85152,0.7189118706448658,1.25006374793106,1.0,1.0,1.0,13.799932527317191
SE300_FL350,2022-03-01 00:50:00.000000000,-1.5835568579366146,47.046817554258936,10668.0,23841.928016066504,211.82777,0.7378465837334919,1.2831833225015066,1.0,1.0,1.0,13.799929272076493
SE300_FL350,2022-03-01 00:51:00.000000000,-1.41994536657518,47.10146260331857,10668.0,23841.928016066504,211.82646,0.752812323498194,1.3092207275110344,1.0,1.0,1.0,13.799926509251202
SE300_FL350,2022-03-01 00:52:00.000000000,-1.2568476177121715,47.15704538663485,10668.0,23841.928016066504,211.84854,0.7658249864993955,1.3316629367077069,1.0,1.0,1.0,13.799924015512413
SE300_FL350,2022-03-01 00:53:00.000000000,-1.0942894624114776,47.21358350739827,10668.0,23841.928016066504,211.86925,0.7603046675786983,1.3218880915937063,1.0,1.0,1.0,13.799921598299676
SE300_FL350,2022-03-01 00:54:00.000000000,-0.9322970598757382,47.27109354247939,10668.0,23841.928016066504,211.88628,0.7505420947200998,1.3047757266943694,1.0,1.0,1.0,13.799919100366923
SE300_FL350,2022-03-01 00:55:00.000000000,-0.7708968096326502,47.329590975783,10668.0,23841.928016066504,211.90352,0.7284357418375219,1.2662054439813346,1.0,1.0,1.0,13.799916403229442
SE300_FL350,2022-03-01 00:56:00.000000000,-0.6101152773294826,47.38909013399148,10668.0,23841.928016066504,211.87492,0.6936919420472671,1.2060324442848327,1.0,1.0,1.0,13.79991342938298
SE300_FL350,2022-03-01 00:57:00.000000000,-0.4499791143776922,47.44960412535214,10668.0,23841.928016066504,211.8401,0.6677295464241354,1.1611500933337264,1.0,1.0,1.0,13.79991014318596
SE300_FL350,2022-03-01 00:58:00.000000000,-0.2905149717839815,47.51114478216384,10668.0,23841.928016066504,211.80289,0.6630201412793212,1.1532343245651548,1.0,1.0,1.0,13.799906550367
SE300_FL350,2022-03-01 00:59:00.000000000,-0.1317494086006752,47.57372260760951,10668.0,23841.928016066504,211.76094,0.6740502105418438,1.1727298551614211,1.0,1.0,1.0,13.799902696148978
SE300_FL350,2022-03-01 01:00:00.000000000,0.026291204476382772,47.63734672756016,10668.0,23841.928016066504,211.72511,0.6966423258621272,1.2123077735504817,1.0,1.0,1.0,13.799898662049376
SE300_FL350,2022-03-01 01:01:00.000000000,0.1835807857402945,47.702024847945545,10668.0,23841.928016066504,211.7289,0.7486764678959924,1.3028291711444544,1.0,1.0,1.0,13.799894561448786
SE300_FL350,2022-03-01 01:02:00.000000000,0.3400936466257237,47.767763218243296,10668.0,23841.928016066504,211.73418,0.7860652464792283,1.3678468246715536,1.0,1.0,1.0,13.799890534083259
SE300_FL350,2022-03-01 01:03:00.000000000,0.4958045985892688,47.834566601585344,10668.0,23841.928016066504,211.73918,0.8078226936488457,1.40566503064572,1.0,1.0,1.0,13.799886739660096
SE300_FL350,2022-03-01 01:04:00.000000000,0.6506890618532523,47.90243825191635,10668.0,23841.928016066504,211.77994,0.8086357589706956,1.4067153661271432,1.0,1.0,1.0,13.799883350808148
SE300_FL350,2022-03-01 01:05:00.000000000,0.8047231750871445,47.97137989856527,10668.0,23841.928016066504,211.82472,0.8034318020918457,1.3972683946399838,1.0,1.0,1.0,13.799880545640207
SE300_FL350,2022-03-01 01:06:00.000000000,0.9578839050532617,48.04139173850947,10668.0,23841.928016066504,211.88376,0.7775548417442678,1.3517595960205357,1.0,1.0,1.0,13.799880297337754
SE300_FL350,2022-03-01 01:07:00.000000000,1.1101490175689515,48.11247259658721,10668.0,23841.928016066504,211.95055,0.7455230295025065,1.2955235614297393,1.0,1.0,1.0,13.799955765457092
SE300_FL350,2022-03-01 01:08:00.000000000,1.2614916109520389,48.18462623408982,10668.0,23841.928016066504,212.0151,0.7188971736922065,1.248741925565748,1.0,1.0,1.0,13.799946076537669
SE300_FL350,2022-03-01 01:09:00.000000000,1.4118974565169005,48.25784150407756,10668.0,23841.928016066504,212.092,0.6827043272798109,1.1852926406007793,1.0,1.0,1.0,13.799936769163452
SE300_FL350,2022-03-01 01:10:00.000000000,1.5613479605795775,48.33211247748483,10668.0,23841.928016066504,212.16463,0.6503672821745433,1.1286323839974937,1.0,1.0,1.0,13.799928078960882
SE300_FL350,2022-03-01 01:11:00.000000000,1.7098258754552036,48.40743177483138,10668.0,23841.928016066504,212.23161,0.625239405405519,1.0845632578947406,1.0,1.0,1.0,13.799920213907653
SE300_FL350,2022-03-01 01:12:00.000000000,1.8573153869251047,48.48379060616857,10668.0,23841.928016066504,212.29507,0.6032536373622264,1.0460005925334412,1.0,1.0,1.0,13.799913349084349
SE300_FL350,2022-03-01 01:13:00.000000000,2.00380219478423,48.561178817972646,10668.0,23841.928016066504,212.35437,0.5798626699898444,1.005063048659781,1.0,1.0,1.0,13.799907622724088
SE300_FL350,2022-03-01 01:14:00.000000000,2.1492735857235448,48.63958494650445,10668.0,23841.928016066504,212.40659,0.5613501280394149,0.9726498709318646,1.0,0.0,0.0,13.79990313363142
SE300_FL350,2022-03-01 01:15:00.000000000,2.2937184979011707,48.71899627708127,10668.0,23841.928016066504,212.45406,0.5455362239300419,0.944962516471504,1.0,0.0,0.0,13.799899939990695
SE300_FL350,2022-03-01 01:16:00.000000000,2.437127576666514,48.79939890864313,10668.0,23841.928016066504,212.49384,0.5278651950986707,0.9141192965890208,1.0,0.0,0.0,13.799898059510873
SE300_FL350,2022-03-01 01:17:00.000000000,2.57949322101926,48.88077782294388,10668.0,23841.928016066504,212.52557,0.5084157724434164,0.8802597015462237,1.0,0.0,0.0,13.799897470818289
SE300_FL350,2022-03-01 01:18:00.000000000,2.7208096205090637,48.96311695765744,10668.0,23841.928016066504,212.54742,0.4882777161621685,0.8452770301411969,1.0,0.0,0.0,13.799898115948379
SE300_FL350,2022-03-01 01:19:00.000000000,2.8610727824072804,49.04639928266274,10668.0,23841.928016066504,212.5461,0.47591493070662,0.8238800844021471,1.0,0.0,0.0,13.799899903772648
SE300_FL350,2022-03-01 01:20:00.000000000,3.0002805491083504,49.13060687875635,10668.0,23841.928016066504,212.53766,0.46779154498817116,0.8098605412570985,1.0,0.0,0.0,13.799902714140295
SE300_FL350,2022-03-01 01:21:00.000000000,3.1384326058413183,49.21572101804042,10668.0,23841.928016066504,212.5136,0.4688929227026156,0.8118945255125579,1.0,0.0,0.0,13.799906402511214
SE300_FL350,2022-03-01 01:22:00.000000000,3.275530478889779,49.30172224524366,10668.0,23841.928016066504,212.4896,0.4712436192087384,0.816088518905088,1.0,0.0,0.0,13.799910804862314
SE300_FL350,2022-03-01 01:23:00.000000000,3.411577524628558,49.38859045925548,10668.0,23841.928016066504,212.45317,0.47834501045016964,0.8285796109662558,1.0,0.0,0.0,13.799915742621737
SE300_FL350,2022-03-01 01:24:00.000000000,3.546578909786857,49.47630499418438,10668.0,23841.928016066504,212.42119,0.48455115864957715,0.8395040350503078,1.0,0.0,0.0,13.799921027431493
SE300_FL350,2022-03-01 01:25:00.000000000,3.6805415834364057,49.56484469929377,10668.0,23841.928016066504,212.41603,0.48511574718167433,0.8405080004095495,1.0,0.0,0.0,13.799926465539238
SE300_FL350,2022-03-01 01:26:00.000000000,3.813474241281341,49.65418801721622,10668.0,23841.928016066504,212.40866,0.48876986637577796,0.8468794692307734,1.0,0.0,0.0,13.799931861647412
SE300_FL350,2022-03-01 01:27:00.000000000,3.945387282890515,49.74431305990206,10668.0,23841.928016066504,212.39604,0.49638714755058316,0.8601471147059625,1.0,0.0,0.0,13.799937022113916
SE300_FL350,2022-03-01 01:28:00.000000000,4.076292762563807,49.83519768181777,10668.0,23841.928016066504,212.41441,0.49770573089335274,0.8623308608739002,1.0,0.0,0.0,13.799941757380292
SE300_FL350,2022-03-01 01:29:00.000000000,4.206204334561293,49.92681954997152,10668.0,23841.928016066504,212.43765,0.49749625384443535,0.8618378387063088,1.0,0.0,0.0,13.799945883601017
SE300_FL350,2022-03-01 01:30:00.000000000,4.335137193447722,50.01915621040786,10668.0,23841.928016066504,212.45049,0.4981678145051609,0.8629304886426745,1.0,0.0,0.0,13.799949223437263
SE300_FL350,2022-03-01 01:31:00.000000000,4.463108010316069,50.1121851508771,10668.0,23841.928016066504,212.46976,0.4956644343140613,0.8584908799005122,1.0,0.0,0.0,13.79995160605297
SE300_FL350,2022-03-01 01:32:00.000000000,4.590134865652553,50.20588385944899,10668.0,23841.928016066504,212.47775,0.4898255373290548,0.8483323647633614,1.0,0.0,0.0,13.799952866356099
SE300_FL350,2022-03-01 01:33:00.000000000,4.716237179594008,50.300229878900765,10668.0,23841.928016066504,212.47247,0.4842088679172899,0.8386351589887068,1.0,0.0,0.0,13.799952843577072
SE300_FL350,2022-03-01 01:34:00.000000000,4.841435640306324,50.39520085676857,10668.0,23841.928016066504,212.4598,0.4794552332062862,0.8304703062729524,1.0,0.0,0.0,13.799951379286926
SE300_FL350,2022-03-01 01:35:00.000000000,4.965752131182763,50.49077459100485,10668.0,23841.928016066504,212.44615,0.4754574098483889,0.8236165327338467,1.0,0.0,0.0,13.799948314979101
SE300_FL350,2022-03-01 01:36:00.000000000,5.08920965752353,50.58692907123493,10668.0,23841.928016066504,212.41174,0.4763741724594448,0.8253853948047664,1.0,0.0,0.0,13.7999434893709
SE300_FL350,2022-03-01 01:37:00.000000000,5.211832273314692,50.683642515650746,10668.0,23841.928016066504,212.37292,0.48313442414438634,0.8373075964751852,1.0,0.0,0.0,13.799936735540259
SE300_FL350,2022-03-01 01:38:00.000000000,5.333645008677116,50.78089340361986,10668.0,23841.928016066504,212.34015,0.4913529091135013,0.8517287652220678,1.0,0.0,0.0,13.79992787807843
SE300_FL350,2022-03-01 01:39:00.000000000,5.454673798505399,50.87866050412251,10668.0,23841.928016066504,212.31091,0.5004239476571934,0.8676141855540616,1.0,0.0,0.0,13.799916730378694
SE300_FL350,2022-03-01 01:40:00.000000000,5.574945412764155,50.97692290015904,10668.0,23841.928016066504,212.28139,0.5079115263349506,0.8807600608530964,1.0,0.0,0.0,13.799909146879337
SE300_FL350,2022-03-01 01:41:00.000000000,5.69448698268002,51.07566027243519,10668.0,23841.928016066504,212.23831,0.5121911441438713,0.8884258142880475,1.0,0.0,0.0,13.800036502008268
SE300_FL350,2022-03-01 01:42:00.000000000,5.813317860079042,51.17485813030892,10668.0,23841.928016066504,212.21024,0.5089519627663119,0.8829657970927745,1.0,0.0,0.0,13.800019343694286
SE300_FL350,2022-03-01 01:43:00.000000000,5.931476383526231,51.274490485820074,10668.0,23841.928016066504,212.19225,0.5017768834400689,0.8706168648395959,1.0,0.0,0.0,13.799999557176893
SE300_FL350,2022-03-01 01:44:00.000000000,6.048992146742065,51.37453779717241,10668.0,23841.928016066504,212.16597,0.49628298612899857,0.8612314227979291,1.0,0.0,0.0,13.799976952886416
SE300_FL350,2022-03-01 01:45:00.000000000,6.16589527157801,51.47498090580639,10668.0,23841.928016066504,212.13747,0.49067005363408583,0.8516436325986361,1.0,0.0,0.0,13.799951314976644
SE300_FL350,2022-03-01 01:46:00.000000000,6.282216354420901,51.575801040761654,10668.0,23841.928016066504,212.11879,0.4839588657397807,0.8400957842151227,1.0,0.0,0.0,13.799922401731491
SE300_FL350,2022-03-01 01:47:00.000000000,6.397986416102225,51.67697982039795,10668.0,23841.928016066504,212.14833,0.4678405637870495,0.8119623249378521,1.0,0.0,0.0,13.799896422178843
SE300_FL350,2022-03-01 01:48:00.000000000,6.513236540852692,51.77849945999789,10668.0,23841.928016066504,212.17148,0.45581672110092186,0.7909775602486785,1.0,0.0,0.0,13.800070683038491
SE300_FL350,2022-03-01 01:49:00.000000000,6.627989237000202,51.88034855874178,10668.0,23841.928016066504,212.19795,0.4417381535410582,0.7664202055955417,1.0,0.0,0.0,13.800033136164926
SE300_FL350,2022-03-01 01:50:00.000000000,6.7422871098143675,51.982503017475295,10668.0,23841.928016066504,212.2225,0.42959037432573083,0.7452262514771548,1.0,0.0,0.0,13.79999217680041
SE300_FL350,2022-03-01 01:51:00.000000000,6.85616260126879,52.08494594286698,10668.0,23841.928016066504,212.2667,0.4118674276161547,0.7142797133440894,1.0,0.0,0.0,13.799947488517821
SE300_FL350,2022-03-01 01:52:00.000000000,6.9696483812259675,52.187660808917485,10668.0,23841.928016066504,212.31334,0.3940314063737699,0.6831448091006047,1.0,0.0,0.0,13.799898737232269
SE300_FL350,2022-03-01 01:53:00.000000000,7.082777318490884,52.29063144711092,10668.0,23841.928016066504,212.34883,0.38354444992439246,0.6648132469663012,1.0,0.0,0.0,13.800030398716745
SE300_FL350,2022-03-01 01:54:00.000000000,7.19557701404532,52.39384625576109,10668.0,23841.928016066504,212.38702,0.37405869456542246,0.6482116729990502,1.0,0.0,0.0,13.800054345163323
SE300_FL350,2022-03-01 01:55:00.000000000,7.308085257117626,52.49728673117904,10668.0,23841.928016066504,212.42921,0.3642003038738849,0.6309582158699192,1.0,0.0,0.0,13.799996740891372
SE300_FL350,2022-03-01 01:56:00.000000000,7.420338038484323,52.60093580787837,10668.0,23841.928016066504,212.46468,0.3576012159164348,0.6193839210161062,1.0,0.0,0.0,13.799934836100903
SE300_FL350,2022-03-01 01:57:00.000000000,7.532368946100369,52.70477859337681,10668.0,23841.928016066504,212.49516,0.3516221968423517,0.608909584185939,1.0,0.0,0.0,13.7999107047655
SE300_FL350,2022-03-01 01:58:00.000000000,7.644210999091989,52.80880120769993,10668.0,23841.928016066504,212.52084,0.3469656164121725,0.6007470876366934,1.0,0.0,0.0,13.80009727987662
SE300_FL350,2022-03-01 01:59:00.000000000,7.755895885982359,52.912992453617406,10668.0,23841.928016066504,212.54784,0.34252361354869726,0.5929539086701033,1.0,0.0,0.0,13.800026839405156
SE300_FL350,2022-03-01 02:00:00.000000000,7.867462507785084,53.01733360209722,10668.0,23841.928016066504,212.54955,0.3473633224925566,0.6013247235319791,1.0,0.0,0.0,13.799951817325509
SE300_FL350,2022-03-01 02:01:00.000000000,7.97894493915904,53.12181080944994,10668.0,23841.928016066504,212.55019,0.34561161822278436,0.598289741658493,1.0,0.0,0.0,13.799878948745755
SE300_FL350,2022-03-01 02:02:00.000000000,8.090377316599858,53.22641053966239,10668.0,23841.928016066504,212.54051,0.34859608929197383,0.6034945198989242,1.0,0.0,0.0,13.80011613732471
SE300_FL350,2022-03-01 02:03:00.000000000,8.201794722995709,53.33112242122278,10668.0,23841.928016066504,212.52797,0.35364320612468314,0.6122802486918987,1.0,0.0,0.0,13.800033244616367
SE300_FL350,2022-03-01 02:04:00.000000000,8.313233280726271,53.43592919842136,10668.0,23841.928016066504,212.51147,0.35928965056976386,0.6221220603144303,1.0,0.0,0.0,13.799945514347323
SE300_FL350,2022-03-01 02:05:00.000000000,8.42472747485294,53.54081781028977,10668.0,23841.928016066504,212.49281,0.3612439283035587,0.6255826187421211,1.0,0.0,0.0,13.799915365810826
SE300_FL350,2022-03-01 02:06:00.000000000,8.536312692536393,53.64577571103455,10668.0,23841.928016066504,212.47067,0.3635853013435613,0.6297256296512839,1.0,0.0,0.0,13.80011004309586
SE300_FL350,2022-03-01 02:07:00.000000000,8.648028278660536,53.750790832795516,10668.0,23841.928016066504,212.44572,0.3733201012330738,0.6466900580683429,1.0,0.0,0.0,13.800015304799869
SE300_FL350,2022-03-01 02:08:00.000000000,8.759906477778147,53.85584845500265,10668.0,23841.928016066504,212.42458,0.37818554669165444,0.6552071586856553,1.0,0.0,0.0,13.79991564313486
SE300_FL350,2022-03-01 02:09:00.000000000,8.871982232889263,53.96093601106962,10668.0,23841.928016066504,212.40773,0.37952436562946157,0.6575968368384699,1.0,0.0,0.0,13.800004103946796
SE300_FL350,2022-03-01 02:10:00.000000000,8.984295963690094,54.06604108818969,10668.0,23841.928016066504,212.38719,0.38212726253611945,0.6621933976338953,1.0,0.0,0.0,13.800080631551038
SE300_FL350,2022-03-01 02:11:00.000000000,9.096884905918607,54.17115044521283,10668.0,23841.928016066504,212.36903,0.38703417644053895,0.670775641844899,1.0,0.0,0.0,13.799975069909443
SE300_FL350,2022-03-01 02:12:00.000000000,9.20978021803311,54.27625136209472,10668.0,23841.928016066504,212.36023,0.3860860822975343,0.6691687543598498,1.0,0.0,0.0,13.799864842324851
SE300_FL350,2022-03-01 02:13:00.000000000,9.323017438348389,54.38133146507345,10668.0,23841.928016066504,212.3438,0.38983601797893364,0.6757399413694549,1.0,0.0,0.0,13.800132173225244
SE300_FL350,2022-03-01 02:14:00.000000000,9.436648363691544,54.48637655428334,10668.0,23841.928016066504,212.32887,0.3917822896998618,0.6791792099015499,1.0,0.0,0.0,13.800031613689772
SE300_FL350,2022-03-01 02:15:00.000000000,9.550696513269713,54.59137491446518,10668.0,23841.928016066504,212.31853,0.3911193290381763,0.6780743830651081,1.0,0.0,0.0,13.799916973248944
SE300_FL350,2022-03-01 02:16:00.000000000,9.665197626195663,54.69631414251662,10668.0,23841.928016066504,212.3121,0.38794274495797454,0.6725933838347562,1.0,0.0,0.0,13.800000285525412
SE300_FL350,2022-03-01 02:17:00.000000000,9.780198569347377,54.80118004346924,10668.0,23841.928016066504,212.30309,0.38735161208360874,0.6716073688527395,1.0,0.0,0.0,13.800086698051244
SE300_FL350,2022-03-01 02:18:00.000000000,9.895738483326229,54.90595917369293,10668.0,23841.928016066504,212.28767,0.3891147721517336,0.6747317021232503,1.0,0.0,0.0,12.396279145510631
SE300_FL350,2022-03-01 02:18:53.897617080,10.0,55.0,10668.0,23841.928016066504,212.28018,0.38495846447111076,0.6675552619109045,1.0,0.0,0.0,0.0
SE150_FL350,2022-03-01 00:00:00.000000000,-10.000000000000002,45.00000000000001,10668.0,23841.928016066504,212.79758,0.784340125473082,1.3556192025176708,1.0,1.0,1.0,13.800025280721622
SE150_FL350,2022-03-01 00:01:00.000000000,-9.848780362463852,45.06309802296491,10668.0,23841.928016066504,212.74278,0.7801891701031876,1.3489188747707141,1.0,1.0,1.0,13.800023124170625
SE150_FL350,2022-03-01 00:02:00.000000000,-9.69723892593266,45.12601025046198,10668.0,23841.928016066504,212.67305,0.7884248408563757,1.363770364344348,1.0,1.0,1.0,13.800020919334957
SE150_FL350,2022-03-01 00:03:00.000000000,-9.545386915730079,45.18874995403247,10668.0,23841.928016066504,212.61827,0.7958782378044355,1.3771473009213584,1.0,1.0,1.0,13.80001868361511
SE150_FL350,2022-03-01 00:04:00.000000000,-9.393235477429094,45.251330452726556,10668.0,23841.928016066504,212.57393,0.8058055801809575,1.394725498288964,1.0,1.0,1.0,13.800016434639819
SE150_FL350,2022-03-01 00:05:00.000000000,-9.240795680594678,45.31376510728148,10668.0,23841.928016066504,212.5576,0.8049464526312129,1.3933804983737015,1.0,1.0,1.0,13.800014190107833
SE150_FL350,2022-03-01 00:06:00.000000000,-9.088078522618359,45.376067314269825,10668.0,23841.928016066504,212.5311,0.8144346171833335,1.4100465201940342,1.0,1.0,1.0,13.800011967625645
SE150_FL350,2022-03-01 00:07:00.000000000,-8.935094932619785,45.43825050019791,10668.0,23841.928016066504,212.51147,0.8179986962726361,1.4163921322327018,1.0,1.0,1.0,13.800009784533726
SE150_FL350,2022-03-01 00:08:00.000000000,-8.78185577539008,45.500328115534025,10668.0,23841.928016066504,212.50705,0.8117981754355268,1.4056973737243856,1.0,1.0,1.0,13.80000765772226
SE150_FL350,2022-03-01 00:09:00.000000000,-8.628371855351828,45.56231362864651,10668.0,23841.928016066504,212.48096,0.8010902984715833,1.3873877379905826,1.0,1.0,1.0,13.80000560344844
SE150_FL350,2022-03-01 00:10:00.000000000,-8.474653920510518,45.62422051963216,10668.0,23841.928016066504,212.44775,0.7934313815631768,1.374415231527945,1.0,1.0,1.0,13.800003637143645
SE150_FL350,2022-03-01 00:11:00.000000000,-8.320712666371875,45.68606227401563,10668.0,23841.928016066504,212.40132,0.7931822051657755,1.3743926804761104,1.0,1.0,1.0,13.800001773220872
SE150_FL350,2022-03-01 00:12:00.000000000,-8.166558739799713,45.74785237630135,10668.0,23841.928016066504,212.33772,0.7947993764181317,1.3777543686474434,1.0,1.0,1.0,13.800000024891407
SE150_FL350,2022-03-01 00:13:00.000000000,-8.012202742788062,45.80960430335971,10668.0,23841.928016066504,212.28136,0.7864475834640626,1.3637658655968803,1.0,1.0,1.0,13.79999840397277
SE150_FL350,2022-03-01 00:14:00.000000000,-7.857655236121768,45.87133151763049,10668.0,23841.928016066504,212.24765,0.7736587091680347,1.341876884905951,1.0,1.0,1.0,13.799996920709697
SE150_FL350,2022-03-01 00:15:00.000000000,-7.702926742899029,45.933047460127014,10668.0,23841.928016066504,212.2262,0.7616832939823137,1.3212885288396388,1.0,1.0,1.0,13.799995583611501
SE150_FL350,2022-03-01 00:16:00.000000000,-7.548027751889124,45.99476554322603,10668.0,23841.928016066504,212.22566,0.7499696562460311,1.3009717362722377,1.0,1.0,1.0,13.799994399289552
SE150_FL350,2022-03-01 00:17:00.000000000,-7.392968720698455,46.05649914322893,10668.0,23841.928016066504,212.29008,0.741398650630623,1.285579915376375,1.0,1.0,1.0,13.799993372318367
SE150_FL350,2022-03-01 00:18:00.000000000,-7.237760078717368,46.118261592681485,10668.0,23841.928016066504,212.3807,0.7350527161198841,1.2738365171300174,1.0,1.0,1.0,13.799992505114373
SE150_FL350,2022-03-01 00:19:00.000000000,-7.0824122298204,46.18006617244081,10668.0,23841.928016066504,212.48022,0.7304985043004847,1.2651353261397762,1.0,1.0,1.0,13.799991797836244
SE150_FL350,2022-03-01 00:20:00.000000000,-6.926935554791905,46.241926103479614,10668.0,23841.928016066504,212.57953,0.7262968234181774,1.2570600669326446,1.0,1.0,1.0,13.799991248309139
SE150_FL350,2022-03-01 00:21:00.000000000,-6.771340413449099,46.303854538419465,10668.0,23841.928016066504,212.69952,0.7149353631805154,1.236441356719204,1.0,1.0,1.0,13.79999085197143
SE150_FL350,2022-03-01 00:22:00.000000000,-6.615637146434141,46.36586455278655,10668.0,23841.928016066504,212.78996,0.7035047341454336,1.2159665717204244,1.0,1.0,1.0,13.79999060186101
SE150_FL350,2022-03-01 00:23:00.000000000,-6.4598360766471385,46.427969135985755,10668.0,23841.928016066504,212.87524,0.6935882215004446,1.1981678204134618,1.0,1.0,1.0,13.799990488621079
SE150_FL350,2022-03-01 00:24:00.000000000,-6.3039475102915645,46.49018118199037,10668.0,23841.928016066504,212.9453,0.6885624949377065,1.1889471933883569,1.0,1.0,1.0,13.799990500548963
SE150_FL350,2022-03-01 00:25:00.000000000,-6.147981737503878,46.552513479747134,10668.0,23841.928016066504,212.99182,0.6915120466662485,1.1936816307884697,1.0,1.0,1.0,13.799990623666508
SE150_FL350,2022-03-01 00:26:00.000000000,-5.991949032539317,46.6149787032986,10668.0,23841.928016066504,213.01807,0.7029565381822103,1.2132322713586177,1.0,1.0,1.0,13.799990841836957
SE150_FL350,2022-03-01 00:27:00.000000000,-5.835859653486246,46.67758940162737,10668.0,23841.928016066504,213.02823,0.7224018679210467,1.2467087995442354,1.0,1.0,1.0,13.799991136910966
SE150_FL350,2022-03-01 00:28:00.000000000,-5.679723841481787,46.740357988228865,10668.0,23841.928016066504,213.03131,0.7382247414478043,1.273990751888859,1.0,1.0,1.0,13.799991488902345
SE150_FL350,2022-03-01 00:29:00.000000000,-5.523551819402239,46.80329673042195,10668.0,23841.928016066504,213.01988,0.7501153340764514,1.294606730579181,1.0,1.0,1.0,13.799991876206876
SE150_FL350,2022-03-01 00:30:00.000000000,-5.367353790002575,46.86641773840963,10668.0,23841.928016066504,212.997,0.7424640494839302,1.2815916580172524,1.0,1.0,1.0,13.799992275841205
SE150_FL350,2022-03-01 00:31:00.000000000,-5.2111399334805135,46.92973295410445,10668.0,23841.928016066504,212.9626,0.7309587831942512,1.2620108658930431,1.0,1.0,1.0,13.799992663719705
SE150_FL350,2022-03-01 00:32:00.000000000,-5.05492040444159,46.993254139735846,10668.0,23841.928016066504,212.91519,0.7131461332886893,1.2316378963298262,1.0,1.0,1.0,13.799993014953047
SE150_FL350,2022-03-01 00:33:00.000000000,-4.89870532824359,47.05699286626,10668.0,23841.928016066504,212.83064,0.7017165157250972,1.212558311600164,1.0,1.0,1.0,13.799993304171764
SE150_FL350,2022-03-01 00:34:00.000000000,-4.7425047966999045,47.12096050159472,10668.0,23841.928016066504,212.7314,0.6918938707117008,1.1963496251376162,1.0,1.0,1.0,13.79999350586429
SE150_FL350,2022-03-01 00:35:00.000000000,-4.586328863123924,47.185168198705355,10668.0,23841.928016066504,212.60097,0.6787015019646572,1.1745219743137545,1.0,1.0,1.0,13.799993594737066
SE150_FL350,2022-03-01 00:36:00.000000000,-4.430187536698249,47.24962688356991,10668.0,23841.928016066504,212.46786,0.6670935926644376,1.15541698913662,1.0,1.0,1.0,13.799993546077733
SE150_FL350,2022-03-01 00:37:00.000000000,-4.274090776155365,47.31434724305453,10668.0,23841.928016066504,212.33324,0.6600396599109478,1.1441847513298373,1.0,1.0,1.0,13.799993336121352
SE150_FL350,2022-03-01 00:38:00.000000000,-4.118048482758973,47.37933971273268,10668.0,23841.928016066504,212.19853,0.6538855865406977,1.1344911517393006,1.0,1.0,1.0,13.799992942424828
SE150_FL350,2022-03-01 00:39:00.000000000,-3.9620704925782735,47.44461446468435,10668.0,23841.928016066504,212.07236,0.6501673686317476,1.1289475305308179,1.0,1.0,1.0,13.7999923442172
SE150_FL350,2022-03-01 00:40:00.000000000,-3.806166568050712,47.510181395313246,10668.0,23841.928016066504,211.98206,0.6455727945217969,1.1216116929649134,1.0,1.0,1.0,13.799991522756148
SE150_FL350,2022-03-01 00:41:00.000000000,-3.6503463888319807,47.57605011322245,10668.0,23841.928016066504,211.90674,0.6404576060675787,1.1132571557501998,1.0,1.0,1.0,13.799990461647935
SE150_FL350,2022-03-01 00:42:00.000000000,-3.4946195419363453,47.64222992719104,10668.0,23841.928016066504,211.83836,0.6361641207213414,1.1062710723094145,1.0,1.0,1.0,13.799989147153058
SE150_FL350,2022-03-01 00:43:00.000000000,-3.3389955111735663,47.708729834295355,10668.0,23841.928016066504,211.79337,0.6303853559892247,1.096536836756601,1.0,1.0,1.0,13.79998756845803
SE150_FL350,2022-03-01 00:44:00.000000000,-3.1834836658934074,47.775558508220634,10668.0,23841.928016066504,211.75021,0.6271290279168653,1.0911681515788831,1.0,1.0,1.0,13.79998571790615
SE150_FL350,2022-03-01 00:45:00.000000000,-3.0280932490527612,47.84272428780939,10668.0,23841.928016066504,211.71288,0.6263875133741875,1.0901357356517807,1.0,1.0,1.0,13.799983591199357
SE150_FL350,2022-03-01 00:46:00.000000000,-2.872833364624784,47.91023516589412,10668.0,23841.928016066504,211.67966,0.6281041809640938,1.0933535970184964,1.0,1.0,1.0,13.799981187540997
SE150_FL350,2022-03-01 00:47:00.000000000,-2.7177129643741873,47.97809877846222,10668.0,23841.928016066504,211.64874,0.6311625014110067,1.0988903364791722,1.0,1.0,1.0,13.799978509741795
SE150_FL350,2022-03-01 00:48:00.000000000,-2.562740834027267,48.046322394201255,10668.0,23841.928016066504,211.62509,0.6350086995377361,1.1057506965405288,1.0,1.0,1.0,13.799975564268491
SE150_FL350,2022-03-01 00:49:00.000000000,-2.407925578869879,48.11491290447256,10668.0,23841.928016066504,211.59695,0.6358270290299622,1.1073752573495548,1.0,1.0,1.0,13.799972361242325
SE150_FL350,2022-03-01 00:50:00.000000000,-2.2532756088113697,48.18387681376056,10668.0,23841.928016066504,211.56404,0.6362042136984006,1.108259984535597,1.0,1.0,1.0,13.799968914382415
SE150_FL350,2022-03-01 00:51:00.000000000,-2.0987991229566814,48.25322023064404,10668.0,23841.928016066504,211.5206,0.6382614769828562,1.1121450249130769,1.0,1.0,1.0,13.799965240897679
SE150_FL350,2022-03-01 00:52:00.000000000,-1.9445040937337181,48.3229488593347,10668.0,23841.928016066504,211.49655,0.6436676970692662,1.1217357939215984,1.0,1.0,1.0,13.799961361323575
SE150_FL350,2022-03-01 00:53:00.000000000,-1.7903982506269553,48.393067991826065,10668.0,23841.928016066504,211.50146,0.6553081001517874,1.141986604929288,1.0,1.0,1.0,13.799957299309654
SE150_FL350,2022-03-01 00:54:00.000000000,-1.6364890635725675,48.46358250069396,10668.0,23841.928016066504,211.51378,0.6647782885458665,1.1584025805437244,1.0,1.0,1.0,13.799953081365691
SE150_FL350,2022-03-01 00:55:00.000000000,-1.482783726073991,48.534496832587074,10668.0,23841.928016066504,211.53482,0.6712102683670725,1.169452522635348,1.0,1.0,1.0,13.799948736550181
SE150_FL350,2022-03-01 00:56:00.000000000,-1.3292891381006948,48.60581500244348,10668.0,23841.928016066504,211.59906,0.6723748807285751,1.1710094066520702,1.0,1.0,1.0,13.79996224359886
SE150_FL350,2022-03-01 00:57:00.000000000,-1.176012199022902,48.677541157964725,10668.0,23841.928016066504,211.65099,0.6743083071279179,1.1739954532337744,1.0,1.0,1.0,13.800015850398514
SE150_FL350,2022-03-01 00:58:00.000000000,-1.022959909011004,48.74967973493967,10668.0,23841.928016066504,211.69951,0.6792111171670842,1.182168821346566,1.0,1.0,1.0,13.800011280819982
SE150_FL350,2022-03-01 00:59:00.000000000,-0.8701372214611162,48.82223162470867,10668.0,23841.928016066504,211.7538,0.6894228420332684,1.1995287204808154,1.0,1.0,1.0,13.800006501605102
SE150_FL350,2022-03-01 01:00:00.000000000,-0.7175496815727354,48.89519906140205,10668.0,23841.928016066504,211.79715,0.7019695263842634,1.221023680956117,1.0,1.0,1.0,13.800001555312974
SE150_FL350,2022-03-01 01:01:00.000000000,-0.5652024537904219,48.96858383001156,10668.0,23841.928016066504,211.80745,0.7166441013019463,1.2464681290822202,1.0,1.0,1.0,13.79999648581086
SE150_FL350,2022-03-01 01:02:00.000000000,-0.4131003048958678,49.04238726558329,10668.0,23841.928016066504,211.80032,0.7312255083599405,1.2718881229381303,1.0,1.0,1.0,13.799991337765992
SE150_FL350,2022-03-01 01:03:00.000000000,-0.2612475873906203,49.116610253279745,10668.0,23841.928016066504,211.77498,0.7455196748247078,1.2969576633609403,1.0,1.0,1.0,13.7999861561264
SE150_FL350,2022-03-01 01:04:00.000000000,-0.1096482232436474,49.1912532293119,10668.0,23841.928016066504,211.72495,0.7649612549102421,1.331201683401569,1.0,1.0,1.0,13.799980985617015
SE150_FL350,2022-03-01 01:05:00.000000000,0.041694311923352705,49.266316182737384,10668.0,23841.928016066504,211.67532,0.7723227630041848,1.344432287236773,1.0,1.0,1.0,13.799975870245795
SE150_FL350,2022-03-01 01:06:00.000000000,0.19277700414136667,49.341798658116055,10668.0,23841.928016066504,211.64676,0.7379645262656968,1.2848541549499137,1.0,1.0,1.0,13.799970852837674
SE150_FL350,2022-03-01 01:07:00.000000000,0.3435973158213465,49.41769975900875,10668.0,23841.928016066504,211.62389,0.7085207383020816,1.233768135241712,1.0,1.0,1.0,13.79996597459641
SE150_FL350,2022-03-01 01:08:00.000000000,0.49415319983679507,49.49401815230074,10668.0,23841.928016066504,211.60077,0.6793487820861016,1.1831449313801954,1.0,1.0,1.0,13.799961274703167
SE150_FL350,2022-03-01 01:09:00.000000000,0.6444431128990113,49.5707520733261,10668.0,23841.928016066504,211.59274,0.6515957127830614,1.134865570410205,1.0,1.0,1.0,13.799956789951366
SE150_FL350,2022-03-01 01:10:00.000000000,0.7944660281656921,49.647899331764975,10668.0,23841.928016066504,211.58675,0.6306558515473261,1.0984371798904116,1.0,1.0,1.0,13.799952554435153
SE150_FL350,2022-03-01 01:11:00.000000000,0.9442214470284372,49.72545731828128,10668.0,23841.928016066504,211.58038,0.6229752948073266,1.085102297555881,1.0,1.0,1.0,13.799948599276675
SE150_FL350,2022-03-01 01:12:00.000000000,1.0937094100288882,49.803423011864275,10668.0,23841.928016066504,211.56755,0.6233830887536619,1.0859008047010499,1.0,1.0,1.0,13.79994495241215
SE150_FL350,2022-03-01 01:13:00.000000000,1.2429305068591834,49.8817929878337,10668.0,23841.928016066504,211.55902,0.6248769389881788,1.088560042869623,1.0,1.0,1.0,13.799943970232082
SE150_FL350,2022-03-01 01:14:00.000000000,1.391885839203061,49.9605634958069,10668.0,23841.928016066504,211.56204,0.6306242530937286,1.098552101527082,1.0,1.0,1.0,13.800018164069398
SE150_FL350,2022-03-01 01:15:00.000000000,1.5405756538199646,50.039732525500625,10668.0,23841.928016066504,211.56728,0.6375566688130003,1.1105935190817242,1.0,1.0,1.0,13.800012779561797
SE150_FL350,2022-03-01 01:16:00.000000000,1.689003811745885,50.119293133097386,10668.0,23841.928016066504,211.58466,0.6382735424879978,1.1117211404663514,1.0,1.0,1.0,13.800007711970267
SE150_FL350,2022-03-01 01:17:00.000000000,1.8371731915099507,50.19924036232172,10668.0,23841.928016066504,211.6154,0.633777088419971,1.1036741971615973,1.0,1.0,1.0,13.800002984178791
SE150_FL350,2022-03-01 01:18:00.000000000,1.985087255414262,50.279568902342035,10668.0,23841.928016066504,211.64807,0.6301556048254454,1.0971421680756315,1.0,1.0,1.0,13.79999861501331
SE150_FL350,2022-03-01 01:19:00.000000000,2.1327500533276282,50.36027309878075,10668.0,23841.928016066504,211.67418,0.6296499821687983,1.0960815824384575,1.0,1.0,1.0,13.799994619263725
SE150_FL350,2022-03-01 01:20:00.000000000,2.2801662254169526,50.44134696502648,10668.0,23841.928016066504,211.69144,0.6332878536366939,1.1022932062480042,1.0,1.0,1.0,13.799991007751949
SE150_FL350,2022-03-01 01:21:00.000000000,2.4273410038207826,50.52278419379153,10668.0,23841.928016066504,211.69737,0.6414403046258704,1.1164412600780826,1.0,1.0,1.0,13.799987787443316
SE150_FL350,2022-03-01 01:22:00.000000000,2.5742802132739526,50.604578168858964,10668.0,23841.928016066504,211.68439,0.6491981149496999,1.1300350221776956,1.0,1.0,1.0,13.799984961591031
SE150_FL350,2022-03-01 01:23:00.000000000,2.720990270699007,50.686721976962986,10668.0,23841.928016066504,211.65396,0.6578767203824311,1.1453618916127404,1.0,1.0,1.0,13.79998252990439
SE150_FL350,2022-03-01 01:24:00.000000000,2.8674781837846655,50.769208419747585,10668.0,23841.928016066504,211.61641,0.6654560917241242,1.1588352664942063,1.0,1.0,1.0,13.79998048874809
SE150_FL350,2022-03-01 01:25:00.000000000,3.013751548576857,50.85203002574966,10668.0,23841.928016066504,211.57509,0.6722805917486416,1.1710241240502892,1.0,1.0,1.0,13.799978831356217
SE150_FL350,2022-03-01 01:26:00.000000000,3.1598185461124664,50.935179062353996,10668.0,23841.928016066504,211.53549,0.6678477029798028,1.1635932913824827,1.0,1.0,1.0,13.79997754806047
SE150_FL350,2022-03-01 01:27:00.000000000,3.3056879381298114,51.0186475476696,10668.0,23841.928016066504,211.50641,0.6592189625737396,1.1487689461614334,1.0,1.0,1.0,13.799976626528416
SE150_FL350,2022-03-01 01:28:00.000000000,3.451369061894234,51.10242726227889,10668.0,23841.928016066504,211.49521,0.6448573603404432,1.1238207286972954,1.0,1.0,1.0,13.799976052009184
SE150_FL350,2022-03-01 01:29:00.000000000,3.596871824179734,51.18650976081355,10668.0,23841.928016066504,211.48816,0.6288059500052745,1.0958942314810824,1.0,1.0,1.0,13.79997580757543
SE150_FL350,2022-03-01 01:30:00.000000000,3.7422066944510983,51.27088638331356,10668.0,23841.928016066504,211.48344,0.6120833080743922,1.066782955456287,1.0,1.0,1.0,13.799975874366709
SE150_FL350,2022-03-01 01:31:00.000000000,3.8873846972928505,51.35554826632859,10668.0,23841.928016066504,211.54114,0.5933778457371471,1.0338073147769524,1.0,1.0,1.0,13.799976231823901
SE150_FL350,2022-03-01 01:32:00.000000000,4.032417404133353,51.44048635372388,10668.0,23841.928016066504,211.59528,0.576197301679265,1.0035322539773075,1.0,1.0,1.0,13.799976857923344
SE150_FL350,2022-03-01 01:33:00.000000000,4.17731692431389,51.525691407155904,10668.0,23841.928016066504,211.64206,0.5657841215764201,0.9851042622689911,1.0,0.0,0.0,13.79997772939002
SE150_FL350,2022-03-01 01:34:00.000000000,4.322095895553423,51.611154016185885,10668.0,23841.928016066504,211.69524,0.5543971297317702,0.9649561469003343,1.0,0.0,0.0,13.799978821916332
SE150_FL350,2022-03-01 01:35:00.000000000,4.466767473859694,51.69686460800298,10668.0,23841.928016066504,211.74608,0.5421192986560235,0.9432806767497875,1.0,0.0,0.0,13.79998011034861
SE150_FL350,2022-03-01 01:36:00.000000000,4.61134532293813,51.78281345673147,10668.0,23841.928016066504,211.77415,0.5354981386410028,0.9315965827415671,1.0,0.0,0.0,13.799981568886242
SE150_FL350,2022-03-01 01:37:00.000000000,4.755843603148792,51.86899069230014,10668.0,23841.928016066504,211.78691,0.5290844046740619,0.9203625625358336,1.0,0.0,0.0,13.79998317125147
SE150_FL350,2022-03-01 01:38:00.000000000,4.9002769600611895,51.95538630885467,10668.0,23841.928016066504,211.79974,0.5258748791026165,0.9147056285075529,1.0,0.0,0.0,13.799984890852482
SE150_FL350,2022-03-01 01:39:00.000000000,5.044660512655349,52.041990172697254,10668.0,23841.928016066504,211.79968,0.5244020542628507,0.9121449310429447,1.0,0.0,0.0,13.799986700946327
SE150_FL350,2022-03-01 01:40:00.000000000,5.189009841215732,52.12879202974077,10668.0,23841.928016066504,211.78459,0.5266808579823863,0.9161946717779262,1.0,0.0,0.0,13.799988574784994
SE150_FL350,2022-03-01 01:41:00.000000000,5.33334097496334,52.2157815124673,10668.0,23841.928016066504,211.75537,0.5314623385667859,0.9246833750381644,1.0,0.0,0.0,13.799990485753726
SE150_FL350,2022-03-01 01:42:00.000000000,5.477670379467894,52.30294814638437,10668.0,23841.928016066504,211.71692,0.5380502789663272,0.9363742278619461,1.0,0.0,0.0,13.799992407510803
SE150_FL350,2022-03-01 01:43:00.000000000,5.622014943881001,52.390281355974025,10668.0,23841.928016066504,211.66833,0.5458695752245414,0.9502738568414089,1.0,0.0,0.0,13.79999431411892
SE150_FL350,2022-03-01 01:44:00.000000000,5.766391968026885,52.477770470133564,10668.0,23841.928016066504,211.61809,0.5534302994335683,0.9637408321120801,1.0,0.0,0.0,13.799996180175784
SE150_FL350,2022-03-01 01:45:00.000000000,5.910819149385742,52.565404727108,10668.0,23841.928016066504,211.575,0.5595055000237218,0.9745837127776692,1.0,0.0,0.0,13.799997980946767
SE150_FL350,2022-03-01 01:46:00.000000000,6.055314570000713,52.65317327891751,10668.0,23841.928016066504,211.53911,0.5651043304302028,0.9845595868809804,1.0,0.0,0.0,13.799999692491834
SE150_FL350,2022-03-01 01:47:00.000000000,6.19989668333652,52.74106519528474,10668.0,23841.928016066504,211.51158,0.5697987587227819,0.9929099857977398,1.0,0.0,0.0,13.80000129179735
SE150_FL350,2022-03-01 01:48:00.000000000,6.344584301114556,52.829069467069175,10668.0,23841.928016066504,211.5234,0.5666186038848294,0.9872945657784952,1.0,0.0,0.0,13.800002756917273
SE150_FL350,2022-03-01 01:49:00.000000000,6.48939658014588,52.91717500921703,10668.0,23841.928016066504,211.55211,0.563438589278071,0.9815753290369514,1.0,0.0,0.0,13.800004067102952
SE150_FL350,2022-03-01 01:50:00.000000000,6.634353009179616,53.00537066323756,10668.0,23841.928016066504,211.5907,0.5619856273034858,0.9788070450569846,1.0,0.0,0.0,13.80000520294991
SE150_FL350,2022-03-01 01:51:00.000000000,6.779473395781127,53.09364519921752,10668.0,23841.928016066504,211.64343,0.5543547973277017,0.9651970238701703,1.0,0.0,0.0,13.800006146536646
SE150_FL350,2022-03-01 01:52:00.000000000,6.924777853250975,53.18198731738731,10668.0,23841.928016066504,211.73975,0.5328343091772206,0.9271616735883831,1.0,0.0,0.0,13.80000688157544
SE150_FL350,2022-03-01 01:53:00.000000000,7.070286787591492,53.270385649253456,10668.0,23841.928016066504,211.83208,0.5156459023546262,0.8967294668845175,1.0,0.0,0.0,13.800007393558275
SE150_FL350,2022-03-01 01:54:00.000000000,7.216020884525191,53.35882875831312,10668.0,23841.928016066504,211.92375,0.5009753080418813,0.8707119664251316,1.0,0.0,0.0,13.800007669900015
SE150_FL350,2022-03-01 01:55:00.000000000,7.3620010965652085,53.44730514036748,10668.0,23841.928016066504,212.00702,0.480774092152056,0.8351599848375046,1.0,0.0,0.0,13.800007700096462
SE150_FL350,2022-03-01 01:56:00.000000000,7.508248630134886,53.53580322345174,10668.0,23841.928016066504,212.0854,0.46037798308774147,0.7993317573356529,1.0,0.0,0.0,13.800007475854803
SE150_FL350,2022-03-01 01:57:00.000000000,7.654784932730397,53.62431136740005,10668.0,23841.928016066504,212.14243,0.44334563099832947,0.7694798076316154,1.0,0.0,0.0,13.800006991241453
SE150_FL350,2022-03-01 01:58:00.000000000,7.801631680117048,53.712817863064856,10668.0,23841.928016066504,212.1879,0.42781324646326646,0.7423078450281719,1.0,0.0,0.0,13.800006242806354
SE150_FL350,2022-03-01 01:59:00.000000000,7.948810763547113,53.80131093121019,10668.0,23841.928016066504,212.21028,0.4137084472527297,0.7177304730401998,1.0,0.0,0.0,13.800005229709964
SE150_FL350,2022-03-01 02:00:00.000000000,8.096344276983887,53.889778721099525,10668.0,23841.928016066504,212.22197,0.40562764023517495,0.703659718690401,1.0,0.0,0.0,13.800003953824296
SE150_FL350,2022-03-01 02:01:00.000000000,8.244254504314016,53.97820930879907,10668.0,23841.928016066504,212.22867,0.4006024579260271,0.694912530511582,1.0,0.0,0.0,13.80000241982998
SE150_FL350,2022-03-01 02:02:00.000000000,8.392563906527803,54.06659069521786,10668.0,23841.928016066504,212.22247,0.39189083953729437,0.679827501889424,1.0,0.0,0.0,13.800000635287429
SE150_FL350,2022-03-01 02:03:00.000000000,8.541295108844203,54.15491080390644,10668.0,23841.928016066504,212.21707,0.38451548530606733,0.6670555917077774,1.0,0.0,0.0,13.79999861068731
SE150_FL350,2022-03-01 02:04:00.000000000,8.690470887755579,54.24315747863636,10668.0,23841.928016066504,212.2168,0.3794105202729468,0.6582012727940252,1.0,0.0,0.0,13.799996359482744
SE150_FL350,2022-03-01 02:05:00.000000000,8.840114157964688,54.3313184807831,10668.0,23841.928016066504,212.21867,0.3824592792512433,0.6634820287219924,1.0,0.0,0.0,13.799993898086694
SE150_FL350,2022-03-01 02:06:00.000000000,8.990247959184734,54.41938148653517,10668.0,23841.928016066504,212.2234,0.38101024332055555,0.6609491334965188,1.0,0.0,0.0,13.799991245846577
SE150_FL350,2022-03-01 02:07:00.000000000,9.140895442771445,54.50733408395296,10668.0,23841.928016066504,212.23729,0.38120186130450584,0.6612228295340726,1.0,0.0,0.0,13.799988424983786
SE150_FL350,2022-03-01 02:08:00.000000000,9.292079858154782,54.595163769900566,10668.0,23841.928016066504,212.25096,0.3851504287908435,0.6680129588169025,1.0,0.0,0.0,13.799985460504125
SE150_FL350,2022-03-01 02:09:00.000000000,9.443824539036145,54.682857946874975,10668.0,23841.928016066504,212.26595,0.3831040666530441,0.6644001246494617,1.0,0.0,0.0,13.79998238006007
SE150_FL350,2022-03-01 02:10:00.000000000,9.596152889316482,54.770403919756546,10668.0,23841.928016066504,212.28331,0.3805001352963582,0.6598120064857597,1.0,0.0,0.0,13.799979213805697
SE150_FL350,2022-03-01 02:11:00.000000000,9.749088368719127,54.85778889250587,10668.0,23841.928016066504,212.29922,0.3844231325527791,0.6665463506080135,1.0,0.0,0.0,13.79997599417574
SE150_FL350,2022-03-01 02:12:00.000000000,9.902654478070929,54.944999964831716,10668.0,23841.928016066504,212.3042,0.38590783213735447,0.6690994052502178,1.0,0.0,0.0,8.71787688339356
SE150_FL350,2022-03-01 02:12:37.904240283,10.0,55.0,10668.0,23841.928016066504,212.31227,0.3829761918176712,0.6639818902924672,1.0,0.0,0.0,0.0
GC0_FL350,2022-03-01 00:00:00.000000000,-10.000000000000002,45.00000000000001,10668.0,23841.928016066504,212.79758,0.784340125473082,1.3556192025176708,1.0,1.0,1.0,13.800031261260088
GC0_FL350,2022-03-01 00:01:00.000000000,-9.876312021826006,45.08811854334467,10668.0,23841.928016066504,212.75504,0.770103740210176,1.3313792434444351,1.0,1.0,1.0,13.800027623894355
GC0_FL350,2022-03-01 00:02:00.000000000,-9.752242252140906,45.176103215944366,10668.0,23841.928016066504,212.67044,0.7804649021506281,1.3500284841712205,1.0,1.0,1.0,13.800023933454368
GC0_FL350,2022-03-01 00:03:00.000000000,-9.627788920452794,45.263953191638386,10668.0,23841.928016066504,212.62018,0.7828027678342115,1.354508830672101,1.0,1.0,1.0,13.800020189682812
GC0_FL350,2022-03-01 00:04:00.000000000,-9.5029502525583,45.351667639156055,10668.0,23841.928016066504,212.61128,0.7726795106496611,1.3370640975577284,1.0,1.0,1.0,13.800016392336534
GC0_FL350,2022-03-01 00:05:00.000000000,-9.377724470626134,45.439245722091066,10668.0,23841.928016066504,212.58768,0.7702470680592787,1.3330584690531486,1.0,1.0,1.0,13.800012541176311
GC0_FL350,2022-03-01 00:06:00.000000000,-9.252109793282935,45.52668659887586,10668.0,23841.928016066504,212.54047,0.7808328112970794,1.3517863457111388,1.0,1.0,1.0,13.800008635971807
GC0_FL350,2022-03-01 00:07:00.000000000,-9.126104435701345,45.613989422756205,10668.0,23841.928016066504,212.5646,0.7654478856331436,1.3249471375436124,1.0,1.0,1.0,13.800004676501466
GC0_FL350,2022-03-01 00:08:00.000000000,-8.999706609690397,45.701153341765824,10668.0,23841.928016066504,212.5448,0.7591679480139483,1.3142471871973003,1.0,1.0,1.0,13.800000662551579
GC0_FL350,2022-03-01 00:09:00.000000000,-8.872914523788092,45.7881774987011,10668.0,23841.928016066504,212.53818,0.730655221568806,1.2649398573708843,1.0,1.0,1.0,13.799996593917113
GC0_FL350,2022-03-01 00:10:00.000000000,-8.745726383356452,45.87506103109597,10668.0,23841.928016066504,212.53307,0.6955708769714731,1.204241299465945,1.0,1.0,1.0,13.799992470403737
GC0_FL350,2022-03-01 00:11:00.000000000,-8.618140390678803,45.96180307119685,10668.0,23841.928016066504,212.48705,0.6759113870693965,1.1705476585916192,1.0,1.0,1.0,13.799988291825057
GC0_FL350,2022-03-01 00:12:00.000000000,-8.490154745059604,46.04840274593778,10668.0,23841.928016066504,212.4109,0.6662948118093698,1.154455693971763,1.0,1.0,1.0,13.799984058004643
GC0_FL350,2022-03-01 00:13:00.000000000,-8.36176764292664,46.13485917691566,10668.0,23841.928016066504,212.3545,0.6603513827573481,1.1445701731173141,1.0,1.0,1.0,13.799979768777922
GC0_FL350,2022-03-01 00:14:00.000000000,-8.232977277935733,46.22117148036564,10668.0,23841.928016066504,212.27007,0.6606163720316002,1.1456462629113389,1.0,1.0,1.0,13.79997542398953
GC0_FL350,2022-03-01 00:15:00.000000000,-8.103781841077932,46.30733876713662,10668.0,23841.928016066504,212.26569,0.6464200853657079,1.121059546253771,1.0,1.0,1.0,13.799971023496427
GC0_FL350,2022-03-01 00:16:00.000000000,-7.974179520789293,46.39336014266697,10668.0,23841.928016066504,212.28479,0.6334139711185535,1.098369309652175,1.0,1.0,1.0,13.799966567164596
GC0_FL350,2022-03-01 00:17:00.000000000,-7.844168503063274,46.47923470696041,10668.0,23841.928016066504,212.33519,0.6200268287504284,1.074809658630784,1.0,1.0,1.0,13.8000335506074
GC0_FL350,2022-03-01 00:18:00.000000000,-7.713744387039283,46.56496062297613,10668.0,23841.928016066504,212.4526,0.594600810184673,1.029959692183593,1.0,1.0,1.0,13.800029833224963
GC0_FL350,2022-03-01 00:19:00.000000000,-7.582907908106713,46.65053789712994,10668.0,23841.928016066504,212.60852,0.5694770136856627,0.9854573139841006,1.0,0.0,0.0,13.800025836216795
GC0_FL350,2022-03-01 00:20:00.000000000,-7.451657253716138,46.73596561579989,10668.0,23841.928016066504,212.75793,0.5526770882518074,0.9554659253752621,1.0,0.0,0.0,13.800021784046535
GC0_FL350,2022-03-01 00:21:00.000000000,-7.319990601234423,46.82124285691214,10668.0,23841.928016066504,212.95792,0.5317427272548532,0.918092069288997,1.0,0.0,0.0,13.800017676565119
GC0_FL350,2022-03-01 00:22:00.000000000,-7.187906126190921,46.90636869283971,10668.0,23841.928016066504,213.15582,0.5115299423761387,0.8820618617329291,1.0,0.0,0.0,13.800013513633964
GC0_FL350,2022-03-01 00:23:00.000000000,-7.0554020024062,46.99134219037952,10668.0,23841.928016066504,213.33249,0.49275749474225544,0.8487149971620794,1.0,0.0,0.0,13.800009295126483
GC0_FL350,2022-03-01 00:24:00.000000000,-6.922476402123702,47.07616241072962,10668.0,23841.928016066504,213.53615,0.4750418764699179,0.8171164314410971,1.0,0.0,0.0,13.800005020927465
GC0_FL350,2022-03-01 00:25:00.000000000,-6.789127496144292,47.16082840946671,10668.0,23841.928016066504,213.71832,0.46060427167138346,0.79133783486932,1.0,0.0,0.0,13.800000690938065
GC0_FL350,2022-03-01 00:26:00.000000000,-6.655353453963729,47.24533923652389,10668.0,23841.928016066504,213.83318,0.45698287527330034,0.7845261260237787,1.0,0.0,0.0,13.799996305067978
GC0_FL350,2022-03-01 00:27:00.000000000,-6.521152443913118,47.32969393616862,10668.0,23841.928016066504,213.93675,0.4549922294586145,0.7805759595187354,1.0,0.0,0.0,13.799991863244522
GC0_FL350,2022-03-01 00:28:00.000000000,-6.386522633302341,47.41389154698097,10668.0,23841.928016066504,214.0012,0.45817758444015466,0.7857067883389802,1.0,0.0,0.0,13.799987365406142
GC0_FL350,2022-03-01 00:29:00.000000000,-6.251462188566615,47.49793110183218,10668.0,23841.928016066504,214.00562,0.46647496551514256,0.7999107827373957,1.0,0.0,0.0,13.79998281150992
GC0_FL350,2022-03-01 00:30:00.000000000,-6.1159692754160595,47.58181162786344,10668.0,23841.928016066504,213.9913,0.4766884324066759,0.8175027051093746,1.0,0.0,0.0,13.799978201523881
GC0_FL350,2022-03-01 00:31:00.000000000,-5.980042058988454,47.66553214646499,10668.0,23841.928016066504,213.9553,0.48818628958814997,0.8374221181947201,1.0,0.0,0.0,13.799973535432741
GC0_FL350,2022-03-01 00:32:00.000000000,-5.84367870400512,47.74909167325553,10668.0,23841.928016066504,213.86674,0.501768579753272,0.8612216305700435,1.0,0.0,0.0,13.799968813237534
GC0_FL350,2022-03-01 00:33:00.000000000,-5.70687737493005,47.832489218061895,10668.0,23841.928016066504,213.76524,0.5163589716249287,0.886855128891949,1.0,0.0,0.0,13.799964034957233
GC0_FL350,2022-03-01 00:34:00.000000000,-5.569636236132259,47.91572378489917,10668.0,23841.928016066504,213.6663,0.5293342046457141,0.9097297878740424,1.0,0.0,0.0,13.800035855280361
GC0_FL350,2022-03-01 00:35:00.000000000,-5.431950681045849,47.9987933410855,10668.0,23841.928016066504,213.55104,0.5423924674378645,0.932878272980386,1.0,0.0,0.0,13.80003208062314
GC0_FL350,2022-03-01 00:36:00.000000000,-5.2938216052343305,48.08169789082298,10668.0,23841.928016066504,213.42822,0.5517606258682488,0.9497496414654043,1.0,0.0,0.0,13.800027766635571
GC0_FL350,2022-03-01 00:37:00.000000000,-5.155247191271525,48.164436426955106,10668.0,23841.928016066504,213.30167,0.5613314861181228,0.9670191583179396,1.0,0.0,0.0,13.800023396612284
GC0_FL350,2022-03-01 00:38:00.000000000,-5.016225604851381,48.24700792994952,10668.0,23841.928016066504,213.16057,0.5745590775291128,0.9907162415959612,1.0,0.0,0.0,13.800018970545228
GC0_FL350,2022-03-01 00:39:00.000000000,-4.876755012439158,48.329411374367055,10668.0,23841.928016066504,213.0124,0.5861630182079804,1.0116961786732477,1.0,1.0,1.0,13.800014488442477
GC0_FL350,2022-03-01 00:40:00.000000000,-4.7368335814541895,48.411645728843965,10668.0,23841.928016066504,212.8628,0.6076121740186342,1.0497291793931005,1.0,1.0,1.0,13.800009950331221
GC0_FL350,2022-03-01 00:41:00.000000000,-4.596459480456218,48.493709956074575,10668.0,23841.928016066504,212.73242,0.6099752492246808,1.0546940297830152,1.0,1.0,1.0,13.800005356252322
GC0_FL350,2022-03-01 00:42:00.000000000,-4.455630879335287,48.57560301279429,10668.0,23841.928016066504,212.6032,0.6107334579335548,1.0568836688913992,1.0,1.0,1.0,13.800000706269127
GC0_FL350,2022-03-01 00:43:00.000000000,-4.314345949505185,48.6573238497631,10668.0,23841.928016066504,212.48686,0.615277286863022,1.0655444184781924,1.0,1.0,1.0,13.799996000461707
GC0_FL350,2022-03-01 00:44:00.000000000,-4.172602864100605,48.73887141174949,10668.0,23841.928016066504,212.37561,0.6216524907283663,1.0773499722523843,1.0,1.0,1.0,13.799991238929968
GC0_FL350,2022-03-01 00:45:00.000000000,-4.030399798177934,48.8202446375148,10668.0,23841.928016066504,212.26122,0.6214923026712511,1.0778598769222345,1.0,1.0,1.0,13.79998642179239
GC0_FL350,2022-03-01 00:46:00.000000000,-3.8877349289197967,48.901442459798034,10668.0,23841.928016066504,212.17278,0.6167805897195291,1.0702907149675966,1.0,1.0,1.0,13.799981549189066
GC0_FL350,2022-03-01 00:47:00.000000000,-3.744606435843342,48.98246380530123,10668.0,23841.928016066504,212.07922,0.6132307606607791,1.064764020221089,1.0,1.0,1.0,13.799976621281434
GC0_FL350,2022-03-01 00:48:00.000000000,-3.601012501012314,49.06330759467523,10668.0,23841.928016066504,212.01654,0.6084672070850132,1.05691289155672,1.0,1.0,1.0,13.799971638251657
GC0_FL350,2022-03-01 00:49:00.000000000,-3.456951309253031,49.14397274250603,10668.0,23841.928016066504,211.95123,0.6055858503564341,1.0523467991095559,1.0,1.0,1.0,13.799966600302653
GC0_FL350,2022-03-01 00:50:00.000000000,-3.312421048374104,49.22445815730157,10668.0,23841.928016066504,211.88344,0.6051622059333889,1.0520606667922345,1.0,1.0,1.0,13.799961507663523
GC0_FL350,2022-03-01 00:51:00.000000000,-3.1674199093902,49.304762741479145,10668.0,23841.928016066504,211.8305,0.6069938994682856,1.0555988470896724,1.0,1.0,1.0,13.80003811560671
GC0_FL350,2022-03-01 00:52:00.000000000,-3.021943131385752,49.3848842512864,10668.0,23841.928016066504,211.7788,0.6128128163928598,1.0660651280904356,1.0,1.0,1.0,13.80003431143209
GC0_FL350,2022-03-01 00:53:00.000000000,-2.875991817593982,49.46482269242153,10668.0,23841.928016066504,211.73007,0.6164169335941205,1.0726651615422071,1.0,1.0,1.0,13.80002967563927
GC0_FL350,2022-03-01 00:54:00.000000000,-2.7295641981544376,49.54457695964448,10668.0,23841.928016066504,211.68349,0.6158680022695533,1.0720273942317546,1.0,1.0,1.0,13.800024984324816
GC0_FL350,2022-03-01 00:55:00.000000000,-2.582658479303576,49.62414593078313,10668.0,23841.928016066504,211.6452,0.6125760958824633,1.0665559771623911,1.0,1.0,1.0,13.800020237683322
GC0_FL350,2022-03-01 00:56:00.000000000,-2.435272871668278,49.703528477519875,10668.0,23841.928016066504,211.59657,0.6062277058552534,1.055824580885395,1.0,1.0,1.0,13.800015435926571
GC0_FL350,2022-03-01 00:57:00.000000000,-2.2874055905140325,49.78272346538261,10668.0,23841.928016066504,211.58035,0.5888279454816339,1.0256246386239687,1.0,1.0,1.0,13.800010579292724
GC0_FL350,2022-03-01 00:58:00.000000000,-2.139054855997014,49.86172975373617,10668.0,23841.928016066504,211.57486,0.5730130884321675,0.9981137185293395,1.0,0.0,0.0,13.80000566804335
GC0_FL350,2022-03-01 00:59:00.000000000,-1.990218893420634,49.940546195774644,10668.0,23841.928016066504,211.5523,0.5650985247941606,0.9844674032510679,1.0,0.0,0.0,13.800000702464757
GC0_FL350,2022-03-01 01:00:00.000000000,-1.840895933496165,50.01917163851421,10668.0,23841.928016066504,211.55833,0.5587258586391608,0.9733287267067877,1.0,0.0,0.0,13.799995682868577
GC0_FL350,2022-03-01 01:01:00.000000000,-1.6910842126076457,50.09760492278672,10668.0,23841.928016066504,211.58784,0.5549711946512752,0.9666085147324455,1.0,0.0,0.0,13.799990609591623
GC0_FL350,2022-03-01 01:02:00.000000000,-1.540781973081079,50.17584488323394,10668.0,23841.928016066504,211.6173,0.5526828277505312,0.9624420230488674,1.0,0.0,0.0,13.799985482999908
GC0_FL350,2022-03-01 01:03:00.000000000,-1.3899874634580285,50.2538903483026,10668.0,23841.928016066504,211.65369,0.5519155300628413,0.960886187730151,1.0,0.0,0.0,13.799980303483485
GC0_FL350,2022-03-01 01:04:00.000000000,-1.2386989387734455,50.33174014024005,10668.0,23841.928016066504,211.70186,0.5524772968509918,0.9615709669050032,1.0,0.0,0.0,13.799975071460995
GC0_FL350,2022-03-01 01:05:00.000000000,-1.0869146608380469,50.409393075090854,10668.0,23841.928016066504,211.75479,0.5462107699756441,0.950347159418061,1.0,0.0,0.0,13.799969787382079
GC0_FL350,2022-03-01 01:06:00.000000000,-0.9346328985249368,50.48684796269396,10668.0,23841.928016066504,211.78218,0.5386941598721685,0.9371058162602439,1.0,0.0,0.0,13.799964451722667
GC0_FL350,2022-03-01 01:07:00.000000000,-0.7818519280607622,50.56410360668077,10668.0,23841.928016066504,211.80733,0.5328558594284737,0.9268036051738362,1.0,0.0,0.0,13.79995906498832
GC0_FL350,2022-03-01 01:08:00.000000000,-0.6285700333214097,50.64115880447403,10668.0,23841.928016066504,211.78503,0.5330370780279502,0.9272509300590248,1.0,0.0,0.0,13.800040250558894
GC0_FL350,2022-03-01 01:09:00.000000000,-0.47478237482134333,50.71801108774824,10668.0,23841.928016066504,211.73546,0.5366322485788041,0.933796444333225,1.0,0.0,0.0,13.800036449888243
GC0_FL350,2022-03-01 01:10:00.000000000,-0.3204903233010431,50.79466047002034,10668.0,23841.928016066504,211.65323,0.5476191331426303,0.9534084366198168,1.0,0.0,0.0,13.800031495581349
GC0_FL350,2022-03-01 01:11:00.000000000,-0.16569222733307076,50.87110574593124,10668.0,23841.928016066504,211.5578,0.5614639268392667,0.9781018521450588,1.0,0.0,0.0,13.80002648819227
GC0_FL350,2022-03-01 01:12:00.000000000,-0.01038640460530521,50.94734568796158,10668.0,23841.928016066504,211.44186,0.5825458250820853,1.015566111751149,1.0,1.0,1.0,13.800021428178642
GC0_FL350,2022-03-01 01:13:00.000000000,0.14542881799142826,51.02337906239046,10668.0,23841.928016066504,211.34161,0.6086641484729537,1.0617690905901525,1.0,1.0,1.0,13.800016316031584
GC0_FL350,2022-03-01 01:14:00.000000000,0.30175510404023853,51.099204629299564,10668.0,23841.928016066504,211.25603,0.6340712678683814,1.106680368414826,1.0,1.0,1.0,13.80001115226905
GC0_FL350,2022-03-01 01:15:00.000000000,0.45859410727043437,51.17482114257816,10668.0,23841.928016066504,211.17714,0.6598759933379991,1.1522869150961312,1.0,1.0,1.0,13.8000059374454
GC0_FL350,2022-03-01 01:16:00.000000000,0.6159474712251815,51.25022734992915,10668.0,23841.928016066504,211.13179,0.675516569164542,1.179935547329445,1.0,1.0,1.0,13.800000672141353
GC0_FL350,2022-03-01 01:17:00.000000000,0.7738168289243615,51.325421992876,10668.0,23841.928016066504,211.13274,0.6776681036252635,1.18368820923295,1.0,1.0,1.0,13.7999953569759
GC0_FL350,2022-03-01 01:18:00.000000000,0.932203802522942,51.400403806770754,10668.0,23841.928016066504,211.1761,0.6677201943038592,1.165994917170065,1.0,1.0,1.0,13.799989992598045
GC0_FL350,2022-03-01 01:19:00.000000000,1.0911100029643799,51.47517152080301,10668.0,23841.928016066504,211.22218,0.6552260666644595,1.1438480877949857,1.0,1.0,1.0,13.79998457969091
GC0_FL350,2022-03-01 01:20:00.000000000,1.2505370296295943,51.549723858009905,10668.0,23841.928016066504,211.28098,0.6407745313405507,1.118203737457904,1.0,1.0,1.0,13.799979118975191
GC0_FL350,2022-03-01 01:21:00.000000000,1.410486469980993,51.62405953528727,10668.0,23841.928016066504,211.33043,0.6321636083791714,1.1028382815227924,1.0,1.0,1.0,13.799973611204168
GC0_FL350,2022-03-01 01:22:00.000000000,1.570959899201897,51.698177263401696,10668.0,23841.928016066504,211.35684,0.6284112564423162,1.096111172945668,1.0,1.0,1.0,13.799968057170684
GC0_FL350,2022-03-01 01:23:00.000000000,1.7319588798311787,51.77207574700383,10668.0,23841.928016066504,211.38504,0.6267932501593084,1.0930953258551537,1.0,1.0,1.0,13.799962457699413
GC0_FL350,2022-03-01 01:24:00.000000000,1.8934849613930664,51.84575368464275,10668.0,23841.928016066504,211.39388,0.6307401363184942,1.0999160754910813,1.0,1.0,1.0,13.799956813657149
GC0_FL350,2022-03-01 01:25:00.000000000,2.055539680022396,51.91920976878139,10668.0,23841.928016066504,211.3923,0.6369596495980177,1.110771598958048,1.0,1.0,1.0,13.800042154299087
GC0_FL350,2022-03-01 01:26:00.000000000,2.2181278486239693,51.99244129650124,10668.0,23841.928016066504,211.37938,0.645760708524161,1.1262143188819258,1.0,1.0,1.0,13.800038395347975
GC0_FL350,2022-03-01 01:27:00.000000000,2.381247755746821,52.06544829902248,10668.0,23841.928016066504,211.37196,0.6578864476535001,1.1474139892126365,1.0,1.0,1.0,13.800033137066887
GC0_FL350,2022-03-01 01:28:00.000000000,2.5449008423555197,52.13822947261712,10668.0,23841.928016066504,211.36342,0.6687094077526052,1.1663527078294733,1.0,1.0,1.0,13.800027830685213
GC0_FL350,2022-03-01 01:29:00.000000000,2.7090885869023626,52.210783485473385,10668.0,23841.928016066504,211.35793,0.6771825131416105,1.181173487522899,1.0,1.0,1.0,13.800022477008898
GC0_FL350,2022-03-01 01:30:00.000000000,2.873812452494847,52.283108999789214,10668.0,23841.928016066504,211.35951,0.6806437609533112,1.1871967252867184,1.0,1.0,1.0,13.800017076881304
GC0_FL350,2022-03-01 01:31:00.000000000,3.039073886492103,52.35520467179508,10668.0,23841.928016066504,211.3646,0.6816097701286118,1.188845658654466,1.0,1.0,1.0,13.8000116311833
GC0_FL350,2022-03-01 01:32:00.000000000,3.204874320096632,52.42706915177804,10668.0,23841.928016066504,211.36935,0.6801401388912054,1.1862436545051338,1.0,1.0,1.0,13.80000614083744
GC0_FL350,2022-03-01 01:33:00.000000000,3.3712151679413354,52.498701084107154,10668.0,23841.928016066504,211.37877,0.6762327697787098,1.1793605517277166,1.0,1.0,1.0,13.800000606803097
GC0_FL350,2022-03-01 01:34:00.000000000,3.538097827671728,52.57009910726018,10668.0,23841.928016066504,211.39215,0.6723991033139368,1.172575471778309,1.0,1.0,1.0,13.799995030082775
GC0_FL350,2022-03-01 01:35:00.000000000,3.705523679523632,52.64126185385161,10668.0,23841.928016066504,211.40489,0.6638033634492881,1.1574947840259566,1.0,1.0,1.0,13.799989411721297
GC0_FL350,2022-03-01 01:36:00.000000000,3.8734940858960045,52.71218795066221,10668.0,23841.928016066504,211.41614,0.654632839528242,1.1414230891207178,1.0,1.0,1.0,13.799983752801687
GC0_FL350,2022-03-01 01:37:00.000000000,4.04201039091922,52.78287601866978,10668.0,23841.928016066504,211.4275,0.6443294226854988,1.1233756703407622,1.0,1.0,1.0,13.799978054452163
GC0_FL350,2022-03-01 01:38:00.000000000,4.211073920018708,52.853324673081396,10668.0,23841.928016066504,211.43732,0.6306725690480782,1.0994990016584105,1.0,1.0,1.0,13.799972317845754
GC0_FL350,2022-03-01 01:39:00.000000000,4.380685979473958,52.92353252336716,10668.0,23841.928016066504,211.44788,0.6159528401983176,1.0737647776594903,1.0,1.0,1.0,13.79996654419649
GC0_FL350,2022-03-01 01:40:00.000000000,4.550847855972988,52.993498173295265,10668.0,23841.928016066504,211.44936,0.5999659206321232,1.0458892342481696,1.0,1.0,1.0,13.799960734763747
GC0_FL350,2022-03-01 01:41:00.000000000,4.72156081616213,53.06322022096875,10668.0,23841.928016066504,211.43814,0.5796395027555464,1.0105231202241403,1.0,1.0,1.0,13.799954890854742
GC0_FL350,2022-03-01 01:42:00.000000000,4.892826106191535,53.13269725886355,10668.0,23841.928016066504,211.42287,0.5663740707219767,0.9874914285359623,1.0,0.0,0.0,13.80004369387429
GC0_FL350,2022-03-01 01:43:00.000000000,5.064648373766797,53.201926344915194,10668.0,23841.928016066504,211.39752,0.5590884505852605,0.9749445790770237,1.0,0.0,0.0,13.800040019521948
GC0_FL350,2022-03-01 01:44:00.000000000,5.237025480446346,53.270907542595175,10668.0,23841.928016066504,211.35854,0.5579721863630743,0.9732353723853484,1.0,0.0,0.0,13.800034486742401
GC0_FL350,2022-03-01 01:45:00.000000000,5.409958542016128,53.339639456889614,10668.0,23841.928016066504,211.32066,0.5590683248613681,0.9753799662421775,1.0,0.0,0.0,13.800028914083532
GC0_FL350,2022-03-01 01:46:00.000000000,5.583448717588524,53.40812065808024,10668.0,23841.928016066504,211.27725,0.5627631629672106,0.9820951530963965,1.0,0.0,0.0,13.80002330277767
GC0_FL350,2022-03-01 01:47:00.000000000,5.757497143428711,53.47634971103695,10668.0,23841.928016066504,211.22575,0.5694671226887567,0.9941152918325269,1.0,0.0,0.0,13.800017654102959
GC0_FL350,2022-03-01 01:48:00.000000000,5.932104932473757,53.54432517526539,10668.0,23841.928016066504,211.20206,0.5809829536226443,1.014366994905515,1.0,1.0,1.0,13.800011969384423
GC0_FL350,2022-03-01 01:49:00.000000000,6.10727317384737,53.612045604956435,10668.0,23841.928016066504,211.18787,0.5956258373121145,1.0400255805074243,1.0,1.0,1.0,13.800006249993439
GC0_FL350,2022-03-01 01:50:00.000000000,6.283002932370696,53.679509549037114,10668.0,23841.928016066504,211.18668,0.6072108055091164,1.0602595274206514,1.0,1.0,1.0,13.800000497350158
GC0_FL350,2022-03-01 01:51:00.000000000,6.459295248068937,53.746715551223396,10668.0,23841.928016066504,211.2342,0.6092403231470008,1.0634912001218029,1.0,1.0,1.0,13.799994712920459
GC0_FL350,2022-03-01 01:52:00.000000000,6.636151135673946,53.81366215007467,10668.0,23841.928016066504,211.29323,0.6074604838881112,1.0599898325736592,1.0,1.0,1.0,13.799988898221487
GC0_FL350,2022-03-01 01:53:00.000000000,6.8135715841229665,53.88034787904993,10668.0,23841.928016066504,211.37227,0.596825544309765,1.040914848753029,1.0,1.0,1.0,13.799983054817007
GC0_FL350,2022-03-01 01:54:00.000000000,6.991557556053451,53.94677126656574,10668.0,23841.928016066504,211.487,0.578993461639535,1.0090882664033047,1.0,1.0,1.0,13.79997718432221
GC0_FL350,2022-03-01 01:55:00.000000000,7.170109987294104,54.01293083605608,10668.0,23841.928016066504,211.60104,0.5619930064062832,0.978755703678929,1.0,0.0,0.0,13.799971288402922
GC0_FL350,2022-03-01 01:56:00.000000000,7.349229786352257,54.07882510603384,10668.0,23841.928016066504,211.70549,0.5437867056714563,0.9464244799112602,1.0,0.0,0.0,13.799965368775869
GC0_FL350,2022-03-01 01:57:00.000000000,7.5289178338974985,54.144452590154366,10668.0,23841.928016066504,211.79988,0.5260849997380118,0.915069701542402,1.0,0.0,0.0,13.799959427205792
GC0_FL350,2022-03-01 01:58:00.000000000,7.709174982241969,54.20981179728059,10668.0,23841.928016066504,211.872,0.5090595633934557,0.8850521023261142,1.0,0.0,0.0,13.799953465513312
GC0_FL350,2022-03-01 01:59:00.000000000,7.890002054816966,54.2749012315503,10668.0,23841.928016066504,211.9251,0.4891718853131286,0.8501906580396926,1.0,0.0,0.0,13.800044709298199
GC0_FL350,2022-03-01 02:00:00.000000000,8.07140336006643,54.3397177150441,10668.0,23841.928016066504,211.96329,0.46959765543399135,0.8159716439785528,1.0,0.0,0.0,13.800041165932434
GC0_FL350,2022-03-01 02:01:00.000000000,8.253376235746266,54.4042613638653,10668.0,23841.928016066504,211.98753,0.4493392587923629,0.7806520609622779,1.0,0.0,0.0,13.80003540717797
GC0_FL350,2022-03-01 02:02:00.000000000,8.435921335887098,54.46853070587913,10668.0,23841.928016066504,212.00859,0.4326002553764078,0.7514681564030374,1.0,0.0,0.0,13.800029620699759
GC0_FL350,2022-03-01 02:03:00.000000000,8.61903936252284,54.532524226953534,10668.0,23841.928016066504,212.03462,0.4199704240268503,0.7294093733977993,1.0,0.0,0.0,13.800023808234585
GC0_FL350,2022-03-01 02:04:00.000000000,8.802730986129248,54.5962404085977,10668.0,23841.928016066504,212.06468,0.4084979903377092,0.7093481081749423,1.0,0.0,0.0,13.80001797157137
GC0_FL350,2022-03-01 02:05:00.000000000,8.986996845082029,54.659677728041075,10668.0,23841.928016066504,212.0988,0.3977404449624836,0.690517522483492,1.0,0.0,0.0,13.80001211255036
GC0_FL350,2022-03-01 02:06:00.000000000,9.171837545112288,54.72283465831418,10668.0,23841.928016066504,212.14302,0.39454786630190164,0.6847827595351761,1.0,0.0,0.0,13.800006233064313
GC0_FL350,2022-03-01 02:07:00.000000000,9.357253658759396,54.785709668331585,10668.0,23841.928016066504,212.1886,0.38728736703640976,0.6719865294651267,1.0,0.0,0.0,13.800000335060249
GC0_FL350,2022-03-01 02:08:00.000000000,9.543245724821515,54.84830122297688,10668.0,23841.928016066504,212.23296,0.3819688076168199,0.6625709775649657,1.0,0.0,0.0,13.79999442053751
GC0_FL350,2022-03-01 02:09:00.000000000,9.729814247803706,54.91060778318973,10668.0,23841.928016066504,212.27692,0.3839483137013601,0.6658182497070185,1.0,0.0,0.0,13.799988491549682
GC0_FL350,2022-03-01 02:10:00.000000000,9.916959697363977,54.97262780605501,10668.0,23841.928016066504,212.30792,0.38411016590727287,0.6659671658454224,1.0,0.0,0.0,6.1100550360113415
GC0_FL350,2022-03-01 02:10:26.566305980,10.0,55.0,10668.0,23841.928016066504,212.32347,0.38228665739388157,0.6627388396529986,1.0,0.0,0.0,0.0
NW150_FL350,2022-03-01 00:00:00.000000000,-10.000000000000002,45.00000000000001,10668.0,23841.928016066504,212.79758,0.784340125473082,1.3556192025176708,1.0,1.0,1.0,13.800014615529586
NW150_FL350,2022-03-01 00:01:00.000000000,-9.911943680217473,45.10739059751919,10668.0,23841.928016066504,212.77428,0.7585363774912983,1.311218764939786,1.0,1.0,1.0,13.800013510743517
NW150_FL350,2022-03-01 00:02:00.000000000,-9.823535417039643,45.21470503205091,10668.0,23841.928016066504,212.71486,0.7536157376281964,1.3032097682786892,1.0,1.0,1.0,13.800012336604626
NW150_FL350,2022-03-01 00:03:00.000000000,-9.734752775491534,45.32193450949788,10668.0,23841.928016066504,212.68175,0.7473936922224976,1.2927261248802584,1.0,1.0,1.0,13.800011102228465
NW150_FL350,2022-03-01 00:04:00.000000000,-9.64557321962325,45.4290701602766,10668.0,23841.928016066504,212.69678,0.724194898762376,1.2524805640240761,1.0,1.0,1.0,13.800009817596628
NW150_FL350,2022-03-01 00:05:00.000000000,-9.555974120765597,45.53610303447345,10668.0,23841.928016066504,212.71999,0.702732923176154,1.2151792152426213,1.0,1.0,1.0,13.800008493466299
NW150_FL350,2022-03-01 00:06:00.000000000,-9.465932766099801,45.64302409705574,10668.0,23841.928016066504,212.75685,0.6837196433337149,1.1820224906359926,1.0,1.0,1.0,13.8000071412585
NW150_FL350,2022-03-01 00:07:00.000000000,-9.37542636757764,45.74982422315823,10668.0,23841.928016066504,212.78795,0.667303098465638,1.1534090101440417,1.0,1.0,1.0,13.800005772917848
NW150_FL350,2022-03-01 00:08:00.000000000,-9.284432071228174,45.85649419346592,10668.0,23841.928016066504,212.86044,0.6354046375311405,1.0977600997120147,1.0,1.0,1.0,13.800004400762623
NW150_FL350,2022-03-01 00:09:00.000000000,-9.192926966886413,45.96302468971482,10668.0,23841.928016066504,212.90324,0.6042712291951751,1.0436838678502633,1.0,1.0,1.0,13.800003037318143
NW150_FL350,2022-03-01 00:10:00.000000000,-9.100888098379096,46.069406290332594,10668.0,23841.928016066504,212.95645,0.5721628516123088,0.9878887863562223,1.0,0.0,0.0,13.800001695131416
NW150_FL350,2022-03-01 00:11:00.000000000,-9.008292474201193,46.175629466241716,10668.0,23841.928016066504,212.995,0.5514310437799929,0.9518568422587271,1.0,0.0,0.0,13.800000386583605
NW150_FL350,2022-03-01 00:12:00.000000000,-8.915117078716126,46.2816845768484,10668.0,23841.928016066504,213.00998,0.5319512634987997,0.9181403165805643,1.0,0.0,0.0,13.799999123681374
NW150_FL350,2022-03-01 00:13:00.000000000,-8.82133888391088,46.38756186624089,10668.0,23841.928016066504,213.01392,0.5162407899706265,0.8910023762023084,1.0,0.0,0.0,13.799997917859939
NW150_FL350,2022-03-01 00:14:00.000000000,-8.726934861735826,46.49325145962168,10668.0,23841.928016066504,213.00462,0.5052326455751769,0.8720566825416918,1.0,0.0,0.0,13.799996779771385
NW150_FL350,2022-03-01 00:15:00.000000000,-8.631881997057086,46.59874335999853,10668.0,23841.928016066504,213.03236,0.49629471036743655,0.8564740538309519,1.0,0.0,0.0,13.799995719077321
NW150_FL350,2022-03-01 00:16:00.000000000,-8.536157301247139,46.70402744515966,10668.0,23841.928016066504,213.07256,0.48851772888177863,0.8428351653751471,1.0,0.0,0.0,13.79999474425429
NW150_FL350,2022-03-01 00:17:00.000000000,-8.439737826436936,46.809093464959474,10668.0,23841.928016066504,213.16309,0.4754790800952741,0.8198585977581563,1.0,0.0,0.0,13.799993862396043
NW150_FL350,2022-03-01 00:18:00.000000000,-8.342600680450126,46.91393103894103,10668.0,23841.928016066504,213.28539,0.45855912978890356,0.7900546479108963,1.0,0.0,0.0,13.799993079039334
NW150_FL350,2022-03-01 00:19:00.000000000,-8.244723042436963,47.01852965432236,10668.0,23841.928016066504,213.40906,0.44181217257154115,0.7605905828781162,1.0,0.0,0.0,13.79999239800333
NW150_FL350,2022-03-01 00:20:00.000000000,-8.146082179222427,47.12287866437407,10668.0,23841.928016066504,213.56174,0.4203398167154285,0.7229033989345318,1.0,0.0,0.0,13.799991821243808
NW150_FL350,2022-03-01 00:21:00.000000000,-8.046655462379125,47.22696728721557,10668.0,23841.928016066504,213.7185,0.3980755743970039,0.6839112364590987,1.0,0.0,0.0,13.79999134873503
NW150_FL350,2022-03-01 00:22:00.000000000,-7.946420386032092,47.33078460505782,10668.0,23841.928016066504,213.87257,0.377937716140262,0.6486573391760403,1.0,0.0,0.0,13.799990978379531
NW150_FL350,2022-03-01 00:23:00.000000000,-7.845354585398439,47.434319563920425,10668.0,23841.928016066504,214.05228,0.35966643691238026,0.6165665468692677,1.0,0.0,0.0,13.799990705942896
NW150_FL350,2022-03-01 00:24:00.000000000,-7.743435856059993,47.537560973850695,10668.0,23841.928016066504,214.2269,0.34392528232279795,0.5889025570189266,1.0,0.0,0.0,13.799990525026583
NW150_FL350,2022-03-01 00:25:00.000000000,-7.640642173962943,47.64049750967218,10668.0,23841.928016066504,214.36868,0.3307624334449904,0.565831504112805,1.0,0.0,0.0,13.799990427059264
NW150_FL350,2022-03-01 00:26:00.000000000,-7.536951716133178,47.743117712289695,10668.0,23841.928016066504,214.51094,0.3172769012025686,0.542249472347284,1.0,0.0,0.0,13.799990401351167
NW150_FL350,2022-03-01 00:27:00.000000000,-7.432342882090881,47.84540999057738,10668.0,23841.928016066504,214.61504,0.3064559872677127,0.5233918386621432,1.0,0.0,0.0,13.799990435152703
NW150_FL350,2022-03-01 00:28:00.000000000,-7.32679431594254,47.94736262387532,10668.0,23841.928016066504,214.7141,0.29547711160203255,0.504308168671872,1.0,0.0,0.0,13.799990513782763
NW150_FL350,2022-03-01 00:29:00.000000000,-7.220284929122936,48.04896376511957,10668.0,23841.928016066504,214.76894,0.28546179666622784,0.48703371476150925,1.0,0.0,0.0,13.799990620759637
NW150_FL350,2022-03-01 00:30:00.000000000,-7.112793923753648,48.15020144462874,10668.0,23841.928016066504,214.78154,0.2778178534655375,0.4739528066235706,1.0,0.0,0.0,13.799990738007454
NW150_FL350,2022-03-01 00:31:00.000000000,-7.00430081657882,48.251063574569415,10668.0,23841.928016066504,214.79369,0.2705984678459202,0.46160025924393644,1.0,0.0,0.0,13.799990846062991
NW150_FL350,2022-03-01 00:32:00.000000000,-6.894785463432784,48.351537954120296,10668.0,23841.928016066504,214.7577,0.27009204488802774,0.46084585149198837,1.0,0.0,0.0,13.79999092434128
NW150_FL350,2022-03-01 00:33:00.000000000,-6.784228084187853,48.45161227535354,10668.0,23841.928016066504,214.7049,0.27161742800072264,0.4636127408869647,1.0,0.0,0.0,13.79999095142065
NW150_FL350,2022-03-01 00:34:00.000000000,-6.672609288124424,48.55127412984912,10668.0,23841.928016066504,214.66345,0.27386523390535417,0.46757907087708306,1.0,0.0,0.0,13.799990905357314
NW150_FL350,2022-03-01 00:35:00.000000000,-6.559910099659522,48.650511016055766,10668.0,23841.928016066504,214.61354,0.27239788737936366,0.465228945170651,1.0,0.0,0.0,13.799990764032621
NW150_FL350,2022-03-01 00:36:00.000000000,-6.446111984363311,48.74931034740906,10668.0,23841.928016066504,214.53087,0.26956983796036155,0.4606535587264346,1.0,0.0,0.0,13.799990505510175
NW150_FL350,2022-03-01 00:37:00.000000000,-6.331196875187807,48.84765946121438,10668.0,23841.928016066504,214.47067,0.26231023228252387,0.44842661765635194,1.0,0.0,0.0,13.799990108416592
NW150_FL350,2022-03-01 00:38:00.000000000,-6.215147198825244,48.94554562829887,10668.0,23841.928016066504,214.38191,0.25560866670115445,0.437228804347448,1.0,0.0,0.0,13.799989552329267
NW150_FL350,2022-03-01 00:39:00.000000000,-6.097945902109083,49.04295606343325,10668.0,23841.928016066504,214.31131,0.25568505380832907,0.43756357796222434,1.0,0.0,0.0,13.799988818168638
NW150_FL350,2022-03-01 00:40:00.000000000,-5.979576478364332,49.13987793652022,10668.0,23841.928016066504,214.26036,0.2559734201717334,0.4382057036548261,1.0,0.0,0.0,13.799987888596085
NW150_FL350,2022-03-01 00:41:00.000000000,-5.860022993609616,49.23629838454239,10668.0,23841.928016066504,214.18996,0.2549808459710276,0.4367106004918033,1.0,0.0,0.0,13.799986748391927
NW150_FL350,2022-03-01 00:42:00.000000000,-5.739270112508919,49.33220452425832,10668.0,23841.928016066504,214.16992,0.2529405416937173,0.4332725094162783,1.0,0.0,0.0,13.799985384831924
NW150_FL350,2022-03-01 00:43:00.000000000,-5.617303123966524,49.42758346563079,10668.0,23841.928016066504,214.16914,0.25247363929880684,0.4324754660044819,1.0,0.0,0.0,13.799983788033904
NW150_FL350,2022-03-01 00:44:00.000000000,-5.4941079662560375,49.52242232596687,10668.0,23841.928016066504,214.1752,0.2458094507233419,0.4210426396697367,1.0,0.0,0.0,13.799981951284067
NW150_FL350,2022-03-01 00:45:00.000000000,-5.369671251570929,49.61670824474481,10668.0,23841.928016066504,214.21489,0.24171707088739183,0.41392377540471526,1.0,0.0,0.0,13.799979871326002
NW150_FL350,2022-03-01 00:46:00.000000000,-5.243980289882591,49.710428399097715,10668.0,23841.928016066504,214.2564,0.23715401301098263,0.40599941226185093,1.0,0.0,0.0,13.799977548611706
NW150_FL350,2022-03-01 00:47:00.000000000,-5.117023111990287,49.803570019919526,10668.0,23841.928016066504,214.30359,0.22687302183248603,0.3882764617236459,1.0,0.0,0.0,13.799974987505227
NW150_FL350,2022-03-01 00:48:00.000000000,-4.988788491647018,49.896120408553536,10668.0,23841.928016066504,214.35234,0.21627985726084908,0.3700274192542739,1.0,0.0,0.0,13.799972196443608
NW150_FL350,2022-03-01 00:49:00.000000000,-4.85926596664584,49.98806695401959,10668.0,23841.928016066504,214.38567,0.21683233002188268,0.3708908947240991,1.0,0.0,0.0,13.79996918802526
NW150_FL350,2022-03-01 00:50:00.000000000,-4.728445858752139,50.079397150730635,10668.0,23841.928016066504,214.40906,0.2165934462870023,0.3704245723544666,1.0,0.0,0.0,13.799965979069924
NW150_FL350,2022-03-01 00:51:00.000000000,-4.596319292369935,50.17009861664571,10668.0,23841.928016066504,214.43245,0.2103219147268957,0.35964261189650837,1.0,0.0,0.0,13.799962590579305
NW150_FL350,2022-03-01 00:52:00.000000000,-4.462878211833166,50.26015911180118,10668.0,23841.928016066504,214.44296,0.20655773125359922,0.3531815014241478,1.0,0.0,0.0,13.799959047664926
NW150_FL350,2022-03-01 00:53:00.000000000,-4.328115397217069,50.34956655715893,10668.0,23841.928016066504,214.39745,0.21063533871793663,0.3602620592114239,1.0,0.0,0.0,13.799955379398677
NW150_FL350,2022-03-01 00:54:00.000000000,-4.192024478569649,50.43830905370571,10668.0,23841.928016066504,214.34743,0.21260433040628396,0.36375159128314094,1.0,0.0,0.0,13.799951618596008
NW150_FL350,2022-03-01 00:55:00.000000000,-4.05459994846935,50.526374901734854,10668.0,23841.928016066504,214.2753,0.21864808659278726,0.374270094261659,1.0,0.0,0.0,13.799947801542151
NW150_FL350,2022-03-01 00:56:00.000000000,-3.915837172821923,50.61375262023863,10668.0,23841.928016066504,214.18379,0.22704674672898942,0.3888825795783715,1.0,0.0,0.0,13.799961634315533
NW150_FL350,2022-03-01 00:57:00.000000000,-3.775730534366871,50.70042998100058,10668.0,23841.928016066504,214.0961,0.23390667561325829,0.40086398798447614,1.0,0.0,0.0,13.800015187556577
NW150_FL350,2022-03-01 00:58:00.000000000,-3.634272966085093,50.78639370865784,10668.0,23841.928016066504,213.97733,0.24545017657214324,0.4209777034481058,1.0,0.0,0.0,13.800009923240955
NW150_FL350,2022-03-01 00:59:00.000000000,-3.491468425213449,50.87163617748502,10668.0,23841.928016066504,213.85162,0.2588626028153187,0.4443486270147958,1.0,0.0,0.0,13.800004456466626
NW150_FL350,2022-03-01 01:00:00.000000000,-3.3473158711349957,50.956146985350514,10668.0,23841.928016066504,213.73395,0.2684479703761778,0.4611578819368912,1.0,0.0,0.0,13.799998839363584
NW150_FL350,2022-03-01 01:01:00.000000000,-3.201815162333295,51.03991604591398,10668.0,23841.928016066504,213.64005,0.27600660256784987,0.47443567675909964,1.0,0.0,0.0,13.799993126409735
NW150_FL350,2022-03-01 01:02:00.000000000,-3.0549670550937402,51.122933607024926,10668.0,23841.928016066504,213.5715,0.28036316523232047,0.4821404389472619,1.0,0.0,0.0,13.799987373795798
NW150_FL350,2022-03-01 01:03:00.000000000,-2.9067732000863327,51.20519026867862,10668.0,23841.928016066504,213.51031,0.28232011359879333,0.4857000370295681,1.0,0.0,0.0,13.799981638763203
NW150_FL350,2022-03-01 01:04:00.000000000,-2.75723613682413,51.28667700045241,10668.0,23841.928016066504,213.46199,0.28612608786974386,0.4924032877920719,1.0,0.0,0.0,13.799975978917063
NW150_FL350,2022-03-01 01:05:00.000000000,-2.6063592860038653,51.367385158347936,10668.0,23841.928016066504,213.41527,0.2924351662409711,0.5034138683108509,1.0,0.0,0.0,13.799970451534813
NW150_FL350,2022-03-01 01:06:00.000000000,-2.4541469397475377,51.44730650096773,10668.0,23841.928016066504,213.38356,0.29733142334742113,0.5119472001157829,1.0,0.0,0.0,13.799965112869177
NW150_FL350,2022-03-01 01:07:00.000000000,-2.300604249774821,51.526433204957165,10668.0,23841.928016066504,213.36423,0.3034202259434438,0.5224972300432087,1.0,0.0,0.0,13.799960017463881
NW150_FL350,2022-03-01 01:08:00.000000000,-2.145737213549071,51.60475787964777,10668.0,23841.928016066504,213.35207,0.30689035711933216,0.5285144424804508,1.0,0.0,0.0,13.799955217494318
NW150_FL350,2022-03-01 01:09:00.000000000,-1.9895526584501013,51.682273580841326,10668.0,23841.928016066504,213.3338,0.30885035002265043,0.5319528628954329,1.0,0.0,0.0,13.799950762132118
NW150_FL350,2022-03-01 01:10:00.000000000,-1.832058224038491,51.758973823679455,10668.0,23841.928016066504,213.3243,0.30645953171760554,0.5278684310283379,1.0,0.0,0.0,13.799946696952656
NW150_FL350,2022-03-01 01:11:00.000000000,-1.6732623424866224,51.83485259454882,10668.0,23841.928016066504,213.3368,0.30070197905026774,0.5179090940407258,1.0,0.0,0.0,13.799943063395368
NW150_FL350,2022-03-01 01:12:00.000000000,-1.513174217261294,51.909904361977446,10668.0,23841.928016066504,213.33238,0.2953395752164877,0.5086872095916009,1.0,0.0,0.0,13.799939898272926
NW150_FL350,2022-03-01 01:13:00.000000000,-1.3518038001522044,51.98412408648381,10668.0,23841.928016066504,213.32692,0.2876844386811651,0.49551968061020824,1.0,0.0,0.0,13.799939745243607
NW150_FL350,2022-03-01 01:14:00.000000000,-1.1891615462200298,52.057507082236924,10668.0,23841.928016066504,213.32231,0.2804354774080293,0.4830490359352538,1.0,0.0,0.0,13.800020924011612
NW150_FL350,2022-03-01 01:15:00.000000000,-1.0252518319892376,52.13004458185368,10668.0,23841.928016066504,213.29808,0.2740395224545731,0.47210682466351545,1.0,0.0,0.0,13.800013978858964
NW150_FL350,2022-03-01 01:16:00.000000000,-0.8600941937770141,52.20173800568454,10668.0,23841.928016066504,213.26833,0.26779257876762763,0.46143363301092766,1.0,0.0,0.0,13.800007477983955
NW150_FL350,2022-03-01 01:17:00.000000000,-0.6937013373187131,52.27258437763797,10668.0,23841.928016066504,213.22821,0.26276213560833583,0.4528834741470925,1.0,0.0,0.0,13.800001452770012
NW150_FL350,2022-03-01 01:18:00.000000000,-0.5260865789675423,52.34258124591907,10668.0,23841.928016066504,213.18098,0.25804941965769473,0.44489807898614236,1.0,0.0,0.0,13.799995928589095
NW150_FL350,2022-03-01 01:19:00.000000000,-0.35726381511859207,52.4117266860437,10668.0,23841.928016066504,213.12045,0.2583366065104054,0.4455668704031067,1.0,0.0,0.0,13.79999092471825
NW150_FL350,2022-03-01 01:20:00.000000000,-0.1872474908346242,52.480019302721765,10668.0,23841.928016066504,213.05637,0.2599993836906945,0.4486214680344866,1.0,0.0,0.0,13.799986454317708
NW150_FL350,2022-03-01 01:21:00.000000000,-0.0160525678074433,52.54745823062341,10668.0,23841.928016066504,212.99747,0.2638468355150292,0.4554334907299681,1.0,0.0,0.0,13.799982524503399
NW150_FL350,2022-03-01 01:22:00.000000000,0.15630550821031364,52.614043134048934,10668.0,23841.928016066504,212.92842,0.2819025961595638,0.48681610664642666,1.0,0.0,0.0,13.79997913648606
NW150_FL350,2022-03-01 01:23:00.000000000,0.329810840369795,52.67977420552756,10668.0,23841.928016066504,212.84648,0.29828071586215815,0.5153720800711702,1.0,0.0,0.0,13.799976285786364
NW150_FL350,2022-03-01 01:24:00.000000000,0.5044471139547051,52.74465216337665,10668.0,23841.928016066504,212.74939,0.3124052812762359,0.5401156734597087,1.0,0.0,0.0,13.799973962517008
NW150_FL350,2022-03-01 01:25:00.000000000,0.680197629744843,52.80867824825721,10668.0,23841.928016066504,212.67049,0.33566379020429665,0.5806199987253928,1.0,0.0,0.0,13.799972151720771
NW150_FL350,2022-03-01 01:26:00.000000000,0.857045337388637,52.8718542187659,10668.0,23841.928016066504,212.5889,0.35862800216236823,0.6206683839884698,1.0,0.0,0.0,13.799970833761792
NW150_FL350,2022-03-01 01:27:00.000000000,1.034972868662569,52.93418234610838,10668.0,23841.928016066504,212.50003,0.38313798085627015,0.663466029568592,1.0,0.0,0.0,13.799969984769
NW150_FL350,2022-03-01 01:28:00.000000000,1.2139625705007244,52.99566540790184,10668.0,23841.928016066504,212.41966,0.41240868438910566,0.7145204714008089,1.0,0.0,0.0,13.799969577100743
NW150_FL350,2022-03-01 01:29:00.000000000,1.3939965376829655,53.056306681157686,10668.0,23841.928016066504,212.35979,0.4368615576490526,0.7571743661115491,1.0,0.0,0.0,13.799969579857322
NW150_FL350,2022-03-01 01:30:00.000000000,1.5750566450764563,53.11610993449817,10668.0,23841.928016066504,212.29745,0.460831726619774,0.7990404541733288,1.0,0.0,0.0,13.799969959394309
NW150_FL350,2022-03-01 01:31:00.000000000,1.7571245793312809,53.17507941966272,10668.0,23841.928016066504,212.23148,0.4857180444408226,0.8425446942989847,1.0,0.0,0.0,13.799970679859165
NW150_FL350,2022-03-01 01:32:00.000000000,1.9401818699385918,53.23321986236095,10668.0,23841.928016066504,212.17358,0.5039850204910479,0.8745514773432852,1.0,0.0,0.0,13.799971703727884
NW150_FL350,2022-03-01 01:33:00.000000000,2.1242099195660367,53.29053645253109,10668.0,23841.928016066504,212.11699,0.5218279398297059,0.905839807058081,1.0,0.0,0.0,13.799972992333837
NW150_FL350,2022-03-01 01:34:00.000000000,2.3091900335932243,53.34703483406254,10668.0,23841.928016066504,212.0588,0.5390862646824063,0.936148517614176,1.0,0.0,0.0,13.799974506384897
NW150_FL350,2022-03-01 01:35:00.000000000,2.4951034487770922,53.402721094041766,10668.0,23841.928016066504,212.00636,0.5540881606936561,0.9625189980731591,1.0,0.0,0.0,13.799976206465772
NW150_FL350,2022-03-01 01:36:00.000000000,2.6819313609848683,53.457601751580526,10668.0,23841.928016066504,211.95651,0.5688195241004905,0.9884217697460318,1.0,0.0,0.0,13.799978053504757
NW150_FL350,2022-03-01 01:37:00.000000000,2.8696549519397707,53.511683746284476,10668.0,23841.928016066504,211.91281,0.5837996523815631,1.0147326595532498,1.0,1.0,1.0,13.799980009221503
NW150_FL350,2022-03-01 01:38:00.000000000,3.0582554149321086,53.56497442641937,10668.0,23841.928016066504,211.87369,0.5986285726897957,1.0407659390728115,1.0,1.0,1.0,13.799982036526542
NW150_FL350,2022-03-01 01:39:00.000000000,3.2477139794557783,53.61748153683056,10668.0,23841.928016066504,211.83969,0.6091908017194729,1.0593546250288381,1.0,1.0,1.0,13.799984099891018
NW150_FL350,2022-03-01 01:40:00.000000000,3.4380119347371982,53.6692132066701,10668.0,23841.928016066504,211.8091,0.6097525432437865,1.0605407193722958,1.0,1.0,1.0,13.799986165670656
NW150_FL350,2022-03-01 01:41:00.000000000,3.629130652131118,53.72017793698295,10668.0,23841.928016066504,211.77817,0.6111660347223361,1.0632049025497536,1.0,1.0,1.0,13.79998820237766
NW150_FL350,2022-03-01 01:42:00.000000000,3.821051606363487,53.770384588202695,10668.0,23841.928016066504,211.74783,0.6131750699835846,1.0669065493257768,1.0,1.0,1.0,13.799990180922991
NW150_FL350,2022-03-01 01:43:00.000000000,4.013756395608983,53.81984236760365,10668.0,23841.928016066504,211.72224,0.6141707806269235,1.0688107952531363,1.0,1.0,1.0,13.79999207479392
NW150_FL350,2022-03-01 01:44:00.000000000,4.207226760395775,53.868560816754226,10668.0,23841.928016066504,211.71077,0.6044526287539874,1.0519732886391604,1.0,1.0,1.0,13.79999386020077
NW150_FL350,2022-03-01 01:45:00.000000000,4.401444601336398,53.9165497990135,10668.0,23841.928016066504,211.69681,0.5939690757364586,1.033822740404581,1.0,1.0,1.0,13.799995516168021
NW150_FL350,2022-03-01 01:46:00.000000000,4.59639199568854,53.96381948710966,10668.0,23841.928016066504,211.66933,0.5734114085695929,0.9982129709852493,1.0,0.0,0.0,13.799997024593432
NW150_FL350,2022-03-01 01:47:00.000000000,4.792051212754257,54.01038035083665,10668.0,23841.928016066504,211.62404,0.5552205916348167,0.9668208613437245,1.0,0.0,0.0,13.799998370255315
NW150_FL350,2022-03-01 01:48:00.000000000,4.988404728130883,54.05624314490155,10668.0,23841.928016066504,211.56201,0.5410268921432677,0.942473747024963,1.0,0.0,0.0,13.799999540791967
NW150_FL350,2022-03-01 01:49:00.000000000,5.185435236830494,54.101418896952666,10668.0,23841.928016066504,211.4704,0.5407674398351858,0.942565355287269,1.0,0.0,0.0,13.800000526639762
NW150_FL350,2022-03-01 01:50:00.000000000,5.383125665288684,54.14591889581483,10668.0,23841.928016066504,211.37517,0.5452904303839682,0.9510154186942139,1.0,0.0,0.0,13.800001320950413
NW150_FL350,2022-03-01 01:51:00.000000000,5.581459182286482,54.18975467995547,10668.0,23841.928016066504,211.27292,0.556201087284968,0.9706643427726639,1.0,0.0,0.0,13.800001919470516
NW150_FL350,2022-03-01 01:52:00.000000000,5.780419208811863,54.23293802620198,10668.0,23841.928016066504,211.17906,0.5714239314869748,0.9978209080557633,1.0,0.0,0.0,13.800002320404134
NW150_FL350,2022-03-01 01:53:00.000000000,5.979989426890096,54.27548093872749,10668.0,23841.928016066504,211.10037,0.5961753557136896,1.041551845105043,1.0,1.0,1.0,13.800002524262844
NW150_FL350,2022-03-01 01:54:00.000000000,6.180153787413816,54.31739563831984,10668.0,23841.928016066504,211.07185,0.6090209661988338,1.0641878244568115,1.0,1.0,1.0,13.800002533692991
NW150_FL350,2022-03-01 01:55:00.000000000,6.3808965170056196,54.35869455194499,10668.0,23841.928016066504,211.06981,0.6142995960903682,1.0734220831974863,1.0,1.0,1.0,13.800002353293928
NW150_FL350,2022-03-01 01:56:00.000000000,6.5822021239473365,54.399390302613654,10668.0,23841.928016066504,211.10489,0.6134385161115706,1.0716835678305667,1.0,1.0,1.0,13.80000198943833
NW150_FL350,2022-03-01 01:57:00.000000000,6.784055403211021,54.4394956995573,10668.0,23841.928016066504,211.1803,0.6082078255111326,1.0620436868648835,1.0,1.0,1.0,13.800001450080874
NW150_FL350,2022-03-01 01:58:00.000000000,6.986441440627737,54.479023728716754,10668.0,23841.928016066504,211.2594,0.6033931404079784,1.053112816539114,1.0,1.0,1.0,13.800000744570198
NW150_FL350,2022-03-01 01:59:00.000000000,7.18934561623043,54.51798754354435,10668.0,23841.928016066504,211.35844,0.5923011026761281,1.0331154603995654,1.0,1.0,1.0,13.799999883471097
NW150_FL350,2022-03-01 02:00:00.000000000,7.392753606807693,54.55640045611831,10668.0,23841.928016066504,211.46822,0.5774558357863987,1.0065281176198884,1.0,1.0,1.0,13.799998878381079
NW150_FL350,2022-03-01 02:01:00.000000000,7.596651387704953,54.594275928565615,10668.0,23841.928016066504,211.57208,0.5602466615307904,0.9758941963415662,1.0,0.0,0.0,13.799997741767196
NW150_FL350,2022-03-01 02:02:00.000000000,7.801025233909899,54.63162756478736,10668.0,23841.928016066504,211.66028,0.5408119184023065,0.9415162161307649,1.0,0.0,0.0,13.799996486806835
NW150_FL350,2022-03-01 02:03:00.000000000,8.005861720458118,54.66846910247922,10668.0,23841.928016066504,211.74155,0.523408523727102,0.910750760123311,1.0,0.0,0.0,13.799995127240448
NW150_FL350,2022-03-01 02:04:00.000000000,8.21114772219488,54.70481440543687,10668.0,23841.928016066504,211.79224,0.4944669631013319,0.8601149584249059,1.0,0.0,0.0,13.799993677240758
NW150_FL350,2022-03-01 02:05:00.000000000,8.416870412928134,54.74067745613532,10668.0,23841.928016066504,211.84695,0.47114562791752035,0.8192642875500188,1.0,0.0,0.0,13.799992151289874
NW150_FL350,2022-03-01 02:06:00.000000000,8.623017264007114,54.77607234856892,10668.0,23841.928016066504,211.90013,0.4501520179177135,0.7824952327378146,1.0,0.0,0.0,13.799990564074568
NW150_FL350,2022-03-01 02:07:00.000000000,8.829576042360262,54.81101328133762,10668.0,23841.928016066504,211.95337,0.4310110227095979,0.7489702522708994,1.0,0.0,0.0,13.799988930389441
NW150_FL350,2022-03-01 02:08:00.000000000,9.036534808025143,54.845514550963514,10668.0,23841.928016066504,212.01297,0.41517466383094154,0.7211781955088972,1.0,0.0,0.0,13.799987265057572
NW150_FL350,2022-03-01 02:09:00.000000000,9.243881911202225,54.87959054542058,10668.0,23841.928016066504,212.08139,0.4015626904826276,0.6972309143856161,1.0,0.0,0.0,13.799985582857834
NW150_FL350,2022-03-01 02:10:00.000000000,9.451605988863491,54.91325573785914,10668.0,23841.928016066504,212.15013,0.38967900135102446,0.6763012913746562,1.0,0.0,0.0,13.799983898464221
NW150_FL350,2022-03-01 02:11:00.000000000,9.659695960945642,54.94652468050605,10668.0,23841.928016066504,212.2187,0.3861721944702302,0.669924066877641,1.0,0.0,0.0,13.799982226394873
NW150_FL350,2022-03-01 02:12:00.000000000,9.868141026157087,54.97941199871997,10668.0,23841.928016066504,212.27797,0.3847068552768816,0.6671286852275167,1.0,0.0,0.0,8.717907553283178
NW150_FL350,2022-03-01 02:12:37.904240283,10.0,55.0,10668.0,23841.928016066504,212.31227,0.3829761918176712,0.6639818902924672,1.0,0.0,0.0,0.0
NW300_FL350,2022-03-01 00:00:00.000000000,-10.000000000000002,45.00000000000001,10668.0,23841.928016066504,212.79758,0.784340125473082,1.3556192025176708,1.0,1.0,1.0,13.800034843118594
NW300_FL350,2022-03-01 00:01:00.000000000,-9.948323151402047,45.11861698721326,10668.0,23841.928016066504,212.79575,0.7479335729438084,1.2927124366696108,1.0,1.0,1.0,13.800006665435859
NW300_FL350,2022-03-01 00:02:00.000000000,-9.896402137726424,45.2372040256995,10668.0,23841.928016066504,212.76999,0.7253935749906562,1.2539598940245316,1.0,1.0,1.0,13.799977763173437
NW300_FL350,2022-03-01 00:03:00.000000000,-9.844205048187119,45.355754336568715,10668.0,23841.928016066504,212.78465,0.6993348304330949,1.2088000687402183,1.0,1.0,1.0,13.800003201880159
NW300_FL350,2022-03-01 00:04:00.000000000,-9.79169221545635,45.47425993803365,10668.0,23841.928016066504,212.79874,0.6752011208940171,1.166979461067318,1.0,1.0,1.0,13.800019831035982
NW300_FL350,2022-03-01 00:05:00.000000000,-9.73883020753365,45.592713564836444,10668.0,23841.928016066504,212.88019,0.6388052029793708,1.103494385493064,1.0,1.0,1.0,13.799990542186567
NW300_FL350,2022-03-01 00:06:00.000000000,-9.68559173693477,45.711108893423734,10668.0,23841.928016066504,212.97856,0.5996432544007846,1.0351877590426315,1.0,1.0,1.0,13.799966575556896
NW300_FL350,2022-03-01 00:07:00.000000000,-9.631942676019541,45.82943851868831,10668.0,23841.928016066504,213.10905,0.5682691355994667,0.9801993632390509,1.0,0.0,0.0,13.800034470564826
NW300_FL350,2022-03-01 00:08:00.000000000,-9.577832641962,45.94769216492699,10668.0,23841.928016066504,213.25356,0.5449804867957283,0.939146397511007,1.0,0.0,0.0,13.800004853679956
NW300_FL350,2022-03-01 00:09:00.000000000,-9.523242741476356,46.0658646319852,10668.0,23841.928016066504,213.39635,0.5194435157099857,0.8943072407791492,1.0,0.0,0.0,13.799975174589125
NW300_FL350,2022-03-01 00:10:00.000000000,-9.468138670649463,46.1839481275579,10668.0,23841.928016066504,213.53389,0.49116591161183104,0.8448637884016442,1.0,0.0,0.0,13.799996337513656
NW300_FL350,2022-03-01 00:11:00.000000000,-9.412475134560134,46.30193273606196,10668.0,23841.928016066504,213.64597,0.4647036786394308,0.7987605933587538,1.0,0.0,0.0,13.80002177829723
NW300_FL350,2022-03-01 00:12:00.000000000,-9.356214232217248,46.41980959140651,10668.0,23841.928016066504,213.73581,0.4397721178737705,0.7554618761196022,1.0,0.0,0.0,13.799991978487872
NW300_FL350,2022-03-01 00:13:00.000000000,-9.299331078055891,46.53757207105862,10668.0,23841.928016066504,213.80168,0.41956047911748773,0.7204283443801773,1.0,0.0,0.0,13.79996288903523
NW300_FL350,2022-03-01 00:14:00.000000000,-9.2417896335749,46.65521139046437,10668.0,23841.928016066504,213.83029,0.40735020906184854,0.6993320939143814,1.0,0.0,0.0,13.800017586397669
NW300_FL350,2022-03-01 00:15:00.000000000,-9.183533336757865,46.77271458254579,10668.0,23841.928016066504,213.85023,0.39881373783915924,0.6845865050572019,1.0,0.0,0.0,13.800012642606154
NW300_FL350,2022-03-01 00:16:00.000000000,-9.124537269676559,46.8900744241367,10668.0,23841.928016066504,213.83719,0.4000484934296243,0.6867648080097113,1.0,0.0,0.0,13.799983478538548
NW300_FL350,2022-03-01 00:17:00.000000000,-9.06476959695927,47.00728223711839,10668.0,23841.928016066504,213.84418,0.398945618161956,0.6848411688735486,1.0,0.0,0.0,13.799955874461615
NW300_FL350,2022-03-01 00:18:00.000000000,-9.004192371172094,47.124327917170994,10668.0,23841.928016066504,213.89088,0.395857724328663,0.6793302694455922,1.0,0.0,0.0,13.800022795812414
NW300_FL350,2022-03-01 00:19:00.000000000,-8.942742331284771,47.241195837621795,10668.0,23841.928016066504,213.96507,0.389781049509258,0.6685760283126237,1.0,0.0,0.0,13.80000943014113
NW300_FL350,2022-03-01 00:20:00.000000000,-8.880399361758288,47.35787881023055,10668.0,23841.928016066504,213.9888,0.3862513346275158,0.6624176542710142,1.0,0.0,0.0,13.79998144097103
NW300_FL350,2022-03-01 00:21:00.000000000,-8.81712804662872,47.47436632203423,10668.0,23841.928016066504,214.0559,0.37712868178522707,0.6464877839184691,1.0,0.0,0.0,13.799955751288898
NW300_FL350,2022-03-01 00:22:00.000000000,-8.752888484884062,47.59064660231162,10668.0,23841.928016066504,214.14452,0.36443059127431554,0.624354600260952,1.0,0.0,0.0,13.79999974357544
NW300_FL350,2022-03-01 00:23:00.000000000,-8.687621184744504,47.70670318021615,10668.0,23841.928016066504,214.22151,0.3507703198723324,0.6006443377509525,1.0,0.0,0.0,13.800014603485252
NW300_FL350,2022-03-01 00:24:00.000000000,-8.6212916133352,47.822524520353284,10668.0,23841.928016066504,214.3238,0.3344200079089525,0.5722583568809919,1.0,0.0,0.0,13.799987752859257
NW300_FL350,2022-03-01 00:25:00.000000000,-8.553869741791866,47.93809981100981,10668.0,23841.928016066504,214.44316,0.3173212310714569,0.5425702417896336,1.0,0.0,0.0,13.79996366704769
NW300_FL350,2022-03-01 00:26:00.000000000,-8.485313856181833,48.05341525950304,10668.0,23841.928016066504,214.57062,0.2994874018390912,0.5116410543089824,1.0,0.0,0.0,13.799942842235483
NW300_FL350,2022-03-01 00:27:00.000000000,-8.415581801578655,48.16845651097662,10668.0,23841.928016066504,214.6833,0.28316518391282225,0.48339351130553504,1.0,0.0,0.0,13.800016914087612
NW300_FL350,2022-03-01 00:28:00.000000000,-8.344603841813232,48.28320205518647,10668.0,23841.928016066504,214.79053,0.26811915102359385,0.4573794483629792,1.0,0.0,0.0,13.800004972425114
NW300_FL350,2022-03-01 00:29:00.000000000,-8.272359617391693,48.397641532390416,10668.0,23841.928016066504,214.89635,0.2529318461545187,0.43116598893522173,1.0,0.0,0.0,13.799981440007572
NW300_FL350,2022-03-01 00:30:00.000000000,-8.198809767667017,48.511759680983936,10668.0,23841.928016066504,214.99811,0.23860821740559895,0.4064712634504433,1.0,0.0,0.0,13.799961128930406
NW300_FL350,2022-03-01 00:31:00.000000000,-8.123910851857396,48.62553969747014,10668.0,23841.928016066504,215.09628,0.2262044083740748,0.3850866679927265,1.0,0.0,0.0,13.79994434951923
NW300_FL350,2022-03-01 00:32:00.000000000,-8.047619175060253,48.73896411389615,10668.0,23841.928016066504,215.20024,0.21513279056670348,0.3659817761368929,1.0,0.0,0.0,13.799949522704459
NW300_FL350,2022-03-01 00:33:00.000000000,-7.969885434552368,48.85201334557368,10668.0,23841.928016066504,215.25616,0.20309467362958636,0.34537198959807464,1.0,0.0,0.0,13.800014181102688
NW300_FL350,2022-03-01 00:34:00.000000000,-7.890648069563789,48.96466371012504,10668.0,23841.928016066504,215.29556,0.19088119068023013,0.3245158394728918,1.0,0.0,0.0,13.799992650903825
NW300_FL350,2022-03-01 00:35:00.000000000,-7.809886021383044,49.076901625594274,10668.0,23841.928016066504,215.31537,0.1812507575302249,0.3081021972770042,1.0,0.0,0.0,13.799974108707389
NW300_FL350,2022-03-01 00:36:00.000000000,-7.727555347093408,49.1887068387166,10668.0,23841.928016066504,215.3229,0.17322742649944653,0.2944483135090357,1.0,0.0,0.0,13.799958655833514
NW300_FL350,2022-03-01 00:37:00.000000000,-7.643612181951804,49.30005836390617,10668.0,23841.928016066504,215.33923,0.16721176615117778,0.28419110800137776,1.0,0.0,0.0,13.799946336900428
NW300_FL350,2022-03-01 00:38:00.000000000,-7.558012825338964,49.41093447592809,10668.0,23841.928016066504,215.36926,0.16228181920739287,0.27575666236692514,1.0,0.0,0.0,13.799937139245799
NW300_FL350,2022-03-01 00:39:00.000000000,-7.470713833585899,49.52131270557739,10668.0,23841.928016066504,215.4025,0.15786022820396717,0.2681830386844545,1.0,0.0,0.0,13.799930993467326
NW300_FL350,2022-03-01 00:40:00.000000000,-7.381672119623329,49.63116983869982,10668.0,23841.928016066504,215.47612,0.15306280164519506,0.2599032449770271,1.0,0.0,0.0,13.799935080408797
NW300_FL350,2022-03-01 00:41:00.000000000,-7.290842991180416,49.740481273968314,10668.0,23841.928016066504,215.54329,0.1490856069756515,0.2530339582109249,1.0,0.0,0.0,13.79999350665374
NW300_FL350,2022-03-01 00:42:00.000000000,-7.198169519410879,49.84921753340485,10668.0,23841.928016066504,215.66237,0.143582575327453,0.24349633613276359,1.0,0.0,0.0,13.799978927303988
NW300_FL350,2022-03-01 00:43:00.000000000,-7.103628498314238,49.95735875096998,10668.0,23841.928016066504,215.77325,0.13810792133109212,0.23403544938515167,1.0,0.0,0.0,13.799966433137888
NW300_FL350,2022-03-01 00:44:00.000000000,-7.0071795140932345,50.06487885572919,10668.0,23841.928016066504,215.87584,0.13321450965364282,0.22558446402595173,1.0,0.0,0.0,13.79995586908043
NW300_FL350,2022-03-01 00:45:00.000000000,-6.9087830925656055,50.171751090152405,10668.0,23841.928016066504,215.97664,0.12836009499044385,0.21721409240075398,1.0,0.0,0.0,13.799947052381834
NW300_FL350,2022-03-01 00:46:00.000000000,-6.808400832996052,50.27794803570585,10668.0,23841.928016066504,216.07225,0.1238652068238852,0.20946988007915557,1.0,0.0,0.0,13.799939778560672
NW300_FL350,2022-03-01 00:47:00.000000000,-6.705995546066805,50.38344164394248,10668.0,23841.928016066504,216.15636,0.1200748122403879,0.20294342856915573,1.0,0.0,0.0,13.799933827852389
NW300_FL350,2022-03-01 00:48:00.000000000,-6.601531395219343,50.48820327332102,10668.0,23841.928016066504,216.23753,0.11633479701715631,0.19651167452060572,1.0,0.0,0.0,13.799928972027583
NW300_FL350,2022-03-01 00:49:00.000000000,-6.494974040497284,50.592203731941304,10668.0,23841.928016066504,216.29228,0.1132074845540522,0.1911571327184295,1.0,0.0,0.0,13.799924981403041
NW300_FL350,2022-03-01 00:50:00.000000000,-6.386290783920157,50.69541332633463,10668.0,23841.928016066504,216.32999,0.11005768628493959,0.18578988834537222,1.0,0.0,0.0,13.799921631877607
NW300_FL350,2022-03-01 00:51:00.000000000,-6.2754507153220995,50.797801916390625,10668.0,23841.928016066504,216.36354,0.10714651968872303,0.18083350593546418,1.0,0.0,0.0,13.799918711778243
NW300_FL350,2022-03-01 00:52:00.000000000,-6.162424857501622,50.89933897643868,10668.0,23841.928016066504,216.38533,0.10477966784237121,0.17681224455510006,1.0,0.0,0.0,13.799916028361567
NW300_FL350,2022-03-01 00:53:00.000000000,-6.0471863094495175,50.99999366243146,10668.0,23841.928016066504,216.40164,0.10220616567064643,0.17245018021052186,1.0,0.0,0.0,13.799913413752241
NW300_FL350,2022-03-01 00:54:00.000000000,-5.929710386355748,51.099734885102215,10668.0,23841.928016066504,216.45102,0.100750254964281,0.169935704792502,1.0,0.0,0.0,13.799910730138198
NW300_FL350,2022-03-01 00:55:00.000000000,-5.8099747550443395,51.19853138888636,10668.0,23841.928016066504,216.50192,0.09903261228111584,0.16697964446243405,1.0,0.0,0.0,13.799907874076975
NW300_FL350,2022-03-01 00:56:00.000000000,-5.687959563450105,51.296351836313654,10668.0,23841.928016066504,216.55794,0.09760600794994512,0.16450989601040394,1.0,0.0,0.0,13.79990477972228
NW300_FL350,2022-03-01 00:57:00.000000000,-5.56364756273571,51.39316489749046,10668.0,23841.928016066504,216.62704,0.09634044137643684,0.16229918106816427,1.0,0.0,0.0,13.799901420893251
NW300_FL350,2022-03-01 00:58:00.000000000,-5.4370242206528845,51.48893934420452,10668.0,23841.928016066504,216.69234,0.09512527250762497,0.16017943031155532,1.0,0.0,0.0,13.799897811846515
NW300_FL350,2022-03-01 00:59:00.000000000,-5.308077824779514,51.583644148098536,10668.0,23841.928016066504,216.75978,0.09506686356068571,0.1600058589647012,1.0,0.0,0.0,13.799894006728076
NW300_FL350,2022-03-01 01:00:00.000000000,-5.176799574316013,51.67724858227623,10668.0,23841.928016066504,216.84279,0.09445199994176434,0.15887867623890523,1.0,0.0,0.0,13.799890097668875
NW300_FL350,2022-03-01 01:01:00.000000000,-5.043183659200432,51.76972232562682,10668.0,23841.928016066504,216.90834,0.09414336647145333,0.15828706556078118,1.0,0.0,0.0,13.799886211544619
NW300_FL350,2022-03-01 01:02:00.000000000,-4.907227325401263,51.8610355690834,10668.0,23841.928016066504,216.95398,0.09443921767107943,0.1587339196482047,1.0,0.0,0.0,13.799882505488926
NW300_FL350,2022-03-01 01:03:00.000000000,-4.768930925370678,51.95115912296934,10668.0,23841.928016066504,217.00552,0.09430708937789911,0.15845462897151893,1.0,0.0,0.0,13.799879161238978
NW300_FL350,2022-03-01 01:04:00.000000000,-4.628297952786058,52.04006452453659,10668.0,23841.928016066504,217.06783,0.09374205255573563,0.15743661328442224,1.0,0.0,0.0,13.79987637850337
NW300_FL350,2022-03-01 01:05:00.000000000,-4.485335060872928,52.127724144762055,10668.0,23841.928016066504,217.11841,0.0935299082747221,0.15702454648167982,1.0,0.0,0.0,13.799874367506506
NW300_FL350,2022-03-01 01:06:00.000000000,-4.340052063785224,52.214111293444496,10668.0,23841.928016066504,217.13203,0.09408891835374765,0.1579483346014687,1.0,0.0,0.0,13.799875260345667
NW300_FL350,2022-03-01 01:07:00.000000000,-4.192461576710146,52.299200123019176,10668.0,23841.928016066504,217.13791,0.09443109333799016,0.15851570746221183,1.0,0.0,0.0,13.799958362399373
NW300_FL350,2022-03-01 01:08:00.000000000,-4.042565505808821,52.382957721133714,10668.0,23841.928016066504,217.1399,0.09466778441917194,0.15891115743382042,1.0,0.0,0.0,13.79994634307932
NW300_FL350,2022-03-01 01:09:00.000000000,-3.8903976137133776,52.4653690353782,10668.0,23841.928016066504,217.13445,0.09495386247599501,0.15939721878144578,1.0,0.0,0.0,13.799934758524605
NW300_FL350,2022-03-01 01:10:00.000000000,-3.7359801900362437,52.5464122011229,10668.0,23841.928016066504,217.11572,0.09518211405460639,0.15980127982666123,1.0,0.0,0.0,13.799923893437573
NW300_FL350,2022-03-01 01:11:00.000000000,-3.5793384277428935,52.62606676530347,10668.0,23841.928016066504,217.0927,0.09547728660383846,0.1603230299859927,1.0,0.0,0.0,13.799914005702364
NW300_FL350,2022-03-01 01:12:00.000000000,-3.420500321548006,52.70431376094036,10668.0,23841.928016066504,217.09412,0.09572556866200468,0.16073807813740704,1.0,0.0,0.0,13.799905318758915
NW300_FL350,2022-03-01 01:13:00.000000000,-3.2594965516209413,52.78113577383572,10668.0,23841.928016066504,217.11032,0.09565371611671099,0.1605992910686415,1.0,0.0,0.0,13.799898015093248
NW300_FL350,2022-03-01 01:14:00.000000000,-3.0963603537213,52.85651700087687,10668.0,23841.928016066504,217.12183,0.09580578295986339,0.16084140927537435,1.0,0.0,0.0,13.799892231080968
NW300_FL350,2022-03-01 01:15:00.000000000,-2.93112737703906,52.93044329948208,10668.0,23841.928016066504,217.12418,0.09593332161072295,0.1610533360397058,1.0,0.0,0.0,13.79988805331851
NW300_FL350,2022-03-01 01:16:00.000000000,-2.7638355311439367,53.00290222783783,10668.0,23841.928016066504,217.11826,0.09571750689946198,0.16069751246000644,1.0,0.0,0.0,13.799885516550193
NW300_FL350,2022-03-01 01:17:00.000000000,-2.594524823554262,53.07388307569488,10668.0,23841.928016066504,217.06525,0.09635441989043089,0.1618268587910297,1.0,0.0,0.0,13.799884603266875
NW300_FL350,2022-03-01 01:18:00.000000000,-2.4232371895126836,53.14337688560977,10668.0,23841.928016066504,217.0022,0.09713803790952101,0.16321490134085298,1.0,0.0,0.0,13.799885244947372
NW300_FL350,2022-03-01 01:19:00.000000000,-2.250016315606625,53.21137646463753,10668.0,23841.928016066504,216.93124,0.09799495688052878,0.16473643789443113,1.0,0.0,0.0,13.799887324900999
NW300_FL350,2022-03-01 01:20:00.000000000,-2.0749074588928185,53.277876386596866,10668.0,23841.928016066504,216.81013,0.09999244990915879,0.16823684239632927,1.0,0.0,0.0,13.799890682600761
NW300_FL350,2022-03-01 01:21:00.000000000,-1.8979572631798203,53.34287298513899,10668.0,23841.928016066504,216.69902,0.10206360533171485,0.17185438119452937,1.0,0.0,0.0,13.799895119344866
NW300_FL350,2022-03-01 01:22:00.000000000,-1.719213574090673,53.406364337953896,10668.0,23841.928016066504,216.60107,0.10433904867822921,0.1758056342271443,1.0,0.0,0.0,13.799900405062836
NW300_FL350,2022-03-01 01:23:00.000000000,-1.538725254472115,53.46835024254097,10668.0,23841.928016066504,216.53572,0.10636846148051605,0.1793062206676161,1.0,0.0,0.0,13.79990628602072
NW300_FL350,2022-03-01 01:24:00.000000000,-1.356542001638573,53.52883218405242,10668.0,23841.928016066504,216.47325,0.10783970587524425,0.1818651670646591,1.0,0.0,0.0,13.79991249319038
NW300_FL350,2022-03-01 01:25:00.000000000,-1.172714167843412,53.58781329578929,10668.0,23841.928016066504,216.40376,0.10969841733534309,0.18508932357334867,1.0,0.0,0.0,13.799918750991056
NW300_FL350,2022-03-01 01:26:00.000000000,-0.9872925852565602,53.64529831298643,10668.0,23841.928016066504,216.32123,0.11172962359407775,0.18862374307176327,1.0,0.0,0.0,13.799924786167315
NW300_FL350,2022-03-01 01:27:00.000000000,-0.800328396603329,53.7012935205683,10668.0,23841.928016066504,216.23804,0.11376677510090318,0.19217327233782613,1.0,0.0,0.0,13.79993033648061
NW300_FL350,2022-03-01 01:28:00.000000000,-0.6118728924847379,53.75580669558846,10668.0,23841.928016066504,216.15297,0.11577022703321686,0.1956722496723213,1.0,0.0,0.0,13.799935159022626
NW300_FL350,2022-03-01 01:29:00.000000000,-0.42197735625945404,53.80884704508488,10668.0,23841.928016066504,216.06508,0.11818047261597175,0.1998666694955604,1.0,0.0,0.0,13.799939037850189
NW300_FL350,2022-03-01 01:30:00.000000000,-0.23069291722504956,53.86042514008997,10668.0,23841.928016066504,215.98029,0.11971122720947519,0.2025735262815001,1.0,0.0,0.0,13.79994179078318
NW300_FL350,2022-03-01 01:31:00.000000000,-0.03807041269302599,53.910552846529505,10668.0,23841.928016066504,215.89351,0.12060912442231199,0.20421390583708413,1.0,0.0,0.0,13.799943275155096
NW300_FL350,2022-03-01 01:32:00.000000000,0.1558397405871601,53.95924325373014,10668.0,23841.928016066504,215.74861,0.12379244654482909,0.20981147839897724,1.0,0.0,0.0,13.799943392385876
NW300_FL350,2022-03-01 01:33:00.000000000,0.35098766533486897,54.00651060123104,10668.0,23841.928016066504,215.57751,0.1279349839608806,0.2170857982700916,1.0,0.0,0.0,13.799942091276058
NW300_FL350,2022-03-01 01:34:00.000000000,0.5473241327828376,54.05237020456364,10668.0,23841.928016066504,215.38327,0.13393068145102954,0.22755949625569924,1.0,0.0,0.0,13.799939369947783
NW300_FL350,2022-03-01 01:35:00.000000000,0.7448006617853401,54.09683838062501,10668.0,23841.928016066504,215.16151,0.14375644990539402,0.24462075508568268,1.0,0.0,0.0,13.79993527641069
NW300_FL350,2022-03-01 01:36:00.000000000,0.943369608024376,54.139932373227055,10668.0,23841.928016066504,214.93938,0.15783750832707588,0.2689836803965826,1.0,0.0,0.0,13.799929907760507
NW300_FL350,2022-03-01 01:37:00.000000000,1.142984243446075,54.18167027935618,10668.0,23841.928016066504,214.70346,0.17590248973066636,0.30024396183699475,1.0,0.0,0.0,13.799923408062723
NW300_FL350,2022-03-01 01:38:00.000000000,1.3435988261461758,54.22207097662803,10668.0,23841.928016066504,214.46501,0.19731307782096194,0.3373247677227073,1.0,0.0,0.0,13.799915964977409
NW300_FL350,2022-03-01 01:39:00.000000000,1.545168660997899,54.26115405237014,10668.0,23841.928016066504,214.2301,0.22147299345216398,0.3792195366155437,1.0,0.0,0.0,13.799907805259913
NW300_FL350,2022-03-01 01:40:00.000000000,1.7476501513793214,54.298939734713336,10668.0,23841.928016066504,213.99664,0.2492278878452715,0.4274022999833772,1.0,0.0,0.0,13.799905225618216
NW300_FL350,2022-03-01 01:41:00.000000000,1.951001321706038,54.3354480988425,10668.0,23841.928016066504,213.78658,0.2785209211420706,0.478296145631371,1.0,0.0,0.0,13.80003550067695
NW300_FL350,2022-03-01 01:42:00.000000000,2.1551912888926434,54.370684072582705,10668.0,23841.928016066504,213.57365,0.31088049883601454,0.5346135654616059,1.0,0.0,0.0,13.80001194060027
NW300_FL350,2022-03-01 01:43:00.000000000,2.3601687814981553,54.404685818447064,10668.0,23841.928016066504,213.36847,0.3462054425984067,0.5961588768568766,1.0,0.0,0.0,13.799988050689471
NW300_FL350,2022-03-01 01:44:00.000000000,2.5658948749977406,54.43747558046449,10668.0,23841.928016066504,213.1694,0.384840494550033,0.6635453272943647,1.0,0.0,0.0,13.799964294443889
NW300_FL350,2022-03-01 01:45:00.000000000,2.772331890772268,54.46907594249486,10668.0,23841.928016066504,212.99384,0.4238140023281619,0.7315734865157973,1.0,0.0,0.0,13.79994113566568
NW300_FL350,2022-03-01 01:46:00.000000000,2.9794434044374127,54.49950977601977,10668.0,23841.928016066504,212.86584,0.4509025661273309,0.7789775455882936,1.0,0.0,0.0,13.799919029035573
NW300_FL350,2022-03-01 01:47:00.000000000,3.1871942485890172,54.528800191289015,10668.0,23841.928016066504,212.71779,0.48163108058286386,0.8328581888835958,1.0,0.0,0.0,13.799903858262315
NW300_FL350,2022-03-01 01:48:00.000000000,3.395550879759554,54.55696978407656,10668.0,23841.928016066504,212.58798,0.5015275463486801,0.8679850677704056,1.0,0.0,0.0,13.800055039082034
NW300_FL350,2022-03-01 01:49:00.000000000,3.604491615359623,54.58402008165235,10668.0,23841.928016066504,212.47157,0.5146458200886301,0.8913574454662395,1.0,0.0,0.0,13.800015441936033
NW300_FL350,2022-03-01 01:50:00.000000000,3.8139728517228146,54.60999719041869,10668.0,23841.928016066504,212.36342,0.5268207361027127,0.9130747073529828,1.0,0.0,0.0,13.799978645815921
NW300_FL350,2022-03-01 01:51:00.000000000,4.023964354506401,54.63492486350083,10668.0,23841.928016066504,212.27045,0.5379645062676022,0.9329407473835218,1.0,0.0,0.0,13.799945081809751
NW300_FL350,2022-03-01 01:52:00.000000000,4.234437101686992,54.658826899104795,10668.0,23841.928016066504,212.1736,0.5483797682837551,0.9515902247061525,1.0,0.0,0.0,13.799915120264668
NW300_FL350,2022-03-01 01:53:00.000000000,4.445363262970964,54.68172711119074,10668.0,23841.928016066504,212.09898,0.541945888154509,0.9408716557528575,1.0,0.0,0.0,13.800015788586125
NW300_FL350,2022-03-01 01:54:00.000000000,4.65672372489985,54.70363128764721,10668.0,23841.928016066504,212.0089,0.5352626115765866,0.9298006223665012,1.0,0.0,0.0,13.800026752290783
NW300_FL350,2022-03-01 01:55:00.000000000,4.868487720428609,54.7245739875963,10668.0,23841.928016066504,211.89055,0.5298163423543832,0.9210328938917789,1.0,0.0,0.0,13.799983572061933
NW300_FL350,2022-03-01 01:56:00.000000000,5.080627538644073,54.74458663851475,10668.0,23841.928016066504,211.7539,0.526834694600716,0.9166406905251884,1.0,0.0,0.0,13.799945817559948
NW300_FL350,2022-03-01 01:57:00.000000000,5.293119881497206,54.763692990803875,10668.0,23841.928016066504,211.61028,0.529526008973101,0.9221581214872557,1.0,0.0,0.0,13.799938516635832
NW300_FL350,2022-03-01 01:58:00.000000000,5.505943868646182,54.78191294381553,10668.0,23841.928016066504,211.44579,0.5424179308047751,0.9455876548024555,1.0,0.0,0.0,13.800050656767903
NW300_FL350,2022-03-01 01:59:00.000000000,5.719084419011531,54.79925175731836,10668.0,23841.928016066504,211.29036,0.5558403270659942,0.9699318571371839,1.0,0.0,0.0,13.800003204209666
NW300_FL350,2022-03-01 02:00:00.000000000,5.932512825652237,54.81575578710652,10668.0,23841.928016066504,211.1661,0.5712808656361776,0.9976548377531262,1.0,0.0,0.0,13.799962666862402
NW300_FL350,2022-03-01 02:01:00.000000000,6.1462099113233615,54.83144846222197,10668.0,23841.928016066504,211.08392,0.5884336732094824,1.02813378412013,1.0,1.0,1.0,13.799932359184918
NW300_FL350,2022-03-01 02:02:00.000000000,6.3601576187555455,54.846352522537195,10668.0,23841.928016066504,211.03433,0.5980030857232467,1.0451787176225096,1.0,1.0,1.0,13.800051701259331
NW300_FL350,2022-03-01 02:03:00.000000000,6.574345601833692,54.860467055141825,10668.0,23841.928016066504,211.02156,0.6023902845709446,1.0529311715478094,1.0,1.0,1.0,13.80000554177809
NW300_FL350,2022-03-01 02:04:00.000000000,6.788749289172524,54.87384091232076,10668.0,23841.928016066504,211.05661,0.6029852325894566,1.0537390405528504,1.0,1.0,1.0,13.799967129490193
NW300_FL350,2022-03-01 02:05:00.000000000,7.0033531669792195,54.88649708306962,10668.0,23841.928016066504,211.11795,0.6011659557251466,1.0501566148116692,1.0,1.0,1.0,13.799960623388825
NW300_FL350,2022-03-01 02:06:00.000000000,7.218143656439326,54.89845407593597,10668.0,23841.928016066504,211.21829,0.5932415439651256,1.0356633308460845,1.0,1.0,1.0,13.8000381484042
NW300_FL350,2022-03-01 02:07:00.000000000,7.433110284466571,54.90971982486474,10668.0,23841.928016066504,211.32574,0.585225829043728,1.020982166552473,1.0,1.0,1.0,13.799997707739267
NW300_FL350,2022-03-01 02:08:00.000000000,7.648234507949747,54.92033751497244,10668.0,23841.928016066504,211.43079,0.5704569241909566,0.994561382917282,1.0,0.0,0.0,13.799965046205028
NW300_FL350,2022-03-01 02:09:00.000000000,7.863504016276233,54.93032968835278,10668.0,23841.928016066504,211.52971,0.558283734379311,0.9727325267254544,1.0,0.0,0.0,13.799998359184581
NW300_FL350,2022-03-01 02:10:00.000000000,8.078909613694025,54.93970734956771,10668.0,23841.928016066504,211.6168,0.5418615724809202,0.9436034675283377,1.0,0.0,0.0,13.800019524346945
NW300_FL350,2022-03-01 02:11:00.000000000,8.294439602046854,54.94849485749177,10668.0,23841.928016066504,211.68892,0.5183169108573681,0.9021920540162047,1.0,0.0,0.0,13.799987344744515
NW300_FL350,2022-03-01 02:12:00.000000000,8.51008135994762,54.95672549342708,10668.0,23841.928016066504,211.75717,0.4946565666475486,0.8606370756350799,1.0,0.0,0.0,13.799962217577544
NW300_FL350,2022-03-01 02:13:00.000000000,8.725825342473327,54.96442143190606,10668.0,23841.928016066504,211.82161,0.46803962158868434,0.8139954325611788,1.0,0.0,0.0,13.800030591944905
NW300_FL350,2022-03-01 02:14:00.000000000,8.941665815844612,54.97158610280672,10668.0,23841.928016066504,211.89229,0.44388268449981716,0.771635209826522,1.0,0.0,0.0,13.800003074592663
NW300_FL350,2022-03-01 02:15:00.000000000,9.157590658160426,54.97826150894907,10668.0,23841.928016066504,211.97011,0.42117292996041006,0.7317976430800022,1.0,0.0,0.0,13.799979693093027
NW300_FL350,2022-03-01 02:16:00.000000000,9.373592057318856,54.984470163858454,10668.0,23841.928016066504,212.05156,0.4031984497503842,0.7002027389507772,1.0,0.0,0.0,13.799998894018712
NW300_FL350,2022-03-01 02:17:00.000000000,9.58966406355943,54.990225655978996,10668.0,23841.928016066504,212.13544,0.39235482960517293,0.6810091776748405,1.0,0.0,0.0,13.800013114578606
NW300_FL350,2022-03-01 02:18:00.000000000,9.805799607243536,54.995551318891,10668.0,23841.928016066504,212.21718,0.3873332764872144,0.6719427092712489,1.0,0.0,0.0,12.396422411584279
NW300_FL350,2022-03-01 02:18:53.897617080,9.999999999999996,55.0,10668.0,23841.928016066504,212.28018,0.38495846447111076,0.6675552619109045,1.0,0.0,0.0,0.0
SE300_FL360,2022-03-01 00:00:00.000000000,-10.000000000000002,45.00000000000001,10972.8,22728.94085815235,211.58328,0.6760531579887934,1.1775319174025136,1.0,1.0,1.0,13.800115027908165
SE300_FL360,2022-03-01 00:01:00.000000000,-9.832634228109365,45.0374989777726,10972.8,22728.94085815235,211.4318,0.6916982621413139,1.205931177429924,1.0,1.0,1.0,13.800020549916326
SE300_FL360,2022-03-01 00:02:00.000000000,-9.665061957945106,45.074778023133646,10972.8,22728.94085815235,211.28854,0.7007775345030324,1.2228589173880984,1.0,1.0,1.0,13.799927543731021
SE300_FL360,2022-03-01 00:03:00.000000000,-9.497293172355167,45.111857647020635,10972.8,22728.94085815235,211.1675,0.7003449883616383,1.223030127723666,1.0,1.0,1.0,13.800010362739226
SE300_FL360,2022-03-01 00:04:00.000000000,-9.329333869699752,45.148755048499964,10972.8,22728.94085815235,211.07986,0.7110551031553718,1.2424130478664808,1.0,1.0,1.0,13.8000625389665
SE300_FL360,2022-03-01 00:05:00.000000000,-9.161195059406664,45.18549293097829,10972.8,22728.94085815235,210.9963,0.729499506319226,1.2753084227362683,1.0,1.0,1.0,13.799971646306037
SE300_FL360,2022-03-01 00:06:00.000000000,-8.992889620285059,45.222095268527376,10972.8,22728.94085815235,210.91222,0.7558057558315971,1.3219886747534002,1.0,1.0,1.0,13.799899873840282
SE300_FL360,2022-03-01 00:07:00.000000000,-8.824426642306625,45.25858271091628,10972.8,22728.94085815235,210.88243,0.765617454529194,1.3394000617346256,1.0,1.0,1.0,13.800105239252431
SE300_FL360,2022-03-01 00:08:00.000000000,-8.65581080706178,45.2949740113112,10972.8,22728.94085815235,210.84105,0.7801529462873216,1.3651786073090677,1.0,1.0,1.0,13.80001760658135
SE300_FL360,2022-03-01 00:09:00.000000000,-8.487057177228046,45.3312945416673,10972.8,22728.94085815235,210.78494,0.8012501958368989,1.4025827377578906,1.0,1.0,1.0,13.79993231818943
SE300_FL360,2022-03-01 00:10:00.000000000,-8.31817494269894,45.36756551489382,10972.8,22728.94085815235,210.73839,0.8274959568801978,1.4489446923520932,1.0,1.0,1.0,13.799993838825486
SE300_FL360,2022-03-01 00:11:00.000000000,-8.149171301625014,45.4038082101483,10972.8,22728.94085815235,210.66809,0.8265982116099464,1.4480057593940652,1.0,1.0,1.0,13.80006634186223
SE300_FL360,2022-03-01 00:12:00.000000000,-7.980055881015995,45.44004548033964,10972.8,22728.94085815235,210.58408,0.8105541052060632,1.4206366267548756,1.0,1.0,1.0,13.799985579438726
SE300_FL360,2022-03-01 00:13:00.000000000,-7.81084018030542,45.47629954581915,10972.8,22728.94085815235,210.50975,0.7981717158694395,1.3995803852147235,1.0,1.0,1.0,13.799907812990368
SE300_FL360,2022-03-01 00:14:00.000000000,-7.64153340621131,45.51259224345501,10972.8,22728.94085815235,210.42245,0.7729952965274285,1.3561679736926684,1.0,1.0,1.0,13.80005343805641
SE300_FL360,2022-03-01 00:15:00.000000000,-7.472142889633564,45.54894792999821,10972.8,22728.94085815235,210.33818,0.7428941465756342,1.3040319410134396,1.0,1.0,1.0,13.800042769194542
SE300_FL360,2022-03-01 00:16:00.000000000,-7.30268005570596,45.58538865893594,10972.8,22728.94085815235,210.2897,0.7305687980479063,1.2827813245372226,1.0,1.0,1.0,13.799970371522296
SE300_FL360,2022-03-01 00:17:00.000000000,-7.133155014811902,45.621936316925805,10972.8,22728.94085815235,210.25839,0.7218518364898616,1.2677178948307526,1.0,1.0,1.0,13.799901682232836
SE300_FL360,2022-03-01 00:18:00.000000000,-6.963577350434745,45.65861348889645,10972.8,22728.94085815235,210.23108,0.7168582969503517,1.2591633898948016,1.0,1.0,1.0,13.800065477575464
SE300_FL360,2022-03-01 00:19:00.000000000,-6.793955919788455,45.69544792952469,10972.8,22728.94085815235,210.21501,0.7196580246141322,1.264201124504851,1.0,1.0,1.0,13.80003693342804
SE300_FL360,2022-03-01 00:20:00.000000000,-6.62430206827496,45.732459891422764,10972.8,22728.94085815235,210.20267,0.7223226266975457,1.268982000201136,1.0,1.0,1.0,13.799973816594894
SE300_FL360,2022-03-01 00:21:00.000000000,-6.454626108496878,45.76967183596835,10972.8,22728.94085815235,210.2,0.7263556609972264,1.2760882376482081,1.0,1.0,1.0,13.79991501954183
SE300_FL360,2022-03-01 00:22:00.000000000,-6.284938381864701,45.807107160064675,10972.8,22728.94085815235,210.21043,0.7381085252737073,1.2966527647333221,1.0,1.0,1.0,13.80001310806428
SE300_FL360,2022-03-01 00:23:00.000000000,-6.1152496770827875,45.84479442806904,10972.8,22728.94085815235,210.21725,0.7607346263054718,1.3363421596449698,1.0,1.0,1.0,13.80004905320983
SE300_FL360,2022-03-01 00:24:00.000000000,-5.945571349662257,45.8827565001216,10972.8,22728.94085815235,210.23053,0.7832947195292818,1.3758628195966558,1.0,1.0,1.0,13.799995207272767
SE300_FL360,2022-03-01 00:25:00.000000000,-5.775914582343945,45.92101460539857,10972.8,22728.94085815235,210.26286,0.7981416531367225,1.401663314583362,1.0,1.0,1.0,13.799946018066104
SE300_FL360,2022-03-01 00:26:00.000000000,-5.606290874535937,45.959592928785845,10972.8,22728.94085815235,210.2925,0.8016589523674506,1.407582700518201,1.0,1.0,1.0,13.799901826521442
SE300_FL360,2022-03-01 00:27:00.000000000,-5.436712081951,45.99851585627959,10972.8,22728.94085815235,210.325,0.7967032685730385,1.398602168160891,1.0,1.0,1.0,13.800049850384529
SE300_FL360,2022-03-01 00:28:00.000000000,-5.267191966322243,46.03781647078147,10972.8,22728.94085815235,210.39153,0.7804490343443092,1.3695053189794435,1.0,1.0,1.0,13.800031588333269
SE300_FL360,2022-03-01 00:29:00.000000000,-5.097742422824589,46.07751300401981,10972.8,22728.94085815235,210.44318,0.767333868624705,1.3460593566852619,1.0,1.0,1.0,13.799990478669388
SE300_FL360,2022-03-01 00:30:00.000000000,-4.92837633795386,46.11762914151849,10972.8,22728.94085815235,210.48091,0.7502311147865652,1.3157521916003976,1.0,1.0,1.0,13.7999541838252
SE300_FL360,2022-03-01 00:31:00.000000000,-4.759107233713054,46.158189859635726,10972.8,22728.94085815235,210.5038,0.726914588372251,1.2746809892348572,1.0,1.0,1.0,13.799922890616976
SE300_FL360,2022-03-01 00:32:00.000000000,-4.589949114555786,46.19922026051813,10972.8,22728.94085815235,210.50253,0.6949658711621058,1.218666243182065,1.0,1.0,1.0,13.799929959565615
SE300_FL360,2022-03-01 00:33:00.000000000,-4.420917005638568,46.24074744997757,10972.8,22728.94085815235,210.46384,0.6656460853346473,1.167528558243246,1.0,1.0,1.0,13.800043955541087
SE300_FL360,2022-03-01 00:34:00.000000000,-4.252027880874641,46.28280309951133,10972.8,22728.94085815235,210.37993,0.6449053370677078,1.1317393330517143,1.0,1.0,1.0,13.80001263583261
SE300_FL360,2022-03-01 00:35:00.000000000,-4.083295312513981,46.32540456469928,10972.8,22728.94085815235,210.29848,0.6308237168935952,1.1075827440425734,1.0,1.0,1.0,13.79998555573942
SE300_FL360,2022-03-01 00:36:00.000000000,-3.914735435139302,46.3685770941835,10972.8,22728.94085815235,210.2125,0.6198809793340153,1.0889437504664812,1.0,1.0,1.0,13.799962706248108
SE300_FL360,2022-03-01 00:37:00.000000000,-3.7463649709978815,46.41234591653959,10972.8,22728.94085815235,210.12254,0.6108907929736356,1.073747695564745,1.0,1.0,1.0,13.799944029141807
SE300_FL360,2022-03-01 00:38:00.000000000,-3.578201246424688,46.45673620162743,10972.8,22728.94085815235,210.06026,0.6048019991714375,1.063451260831592,1.0,1.0,1.0,13.799929415534166
SE300_FL360,2022-03-01 00:39:00.000000000,-3.41026220591334,46.50177301855226,10972.8,22728.94085815235,210.00748,0.59951517226035,1.0544958781933802,1.0,1.0,1.0,13.79991870565744
SE300_FL360,2022-03-01 00:40:00.000000000,-3.2425664234872786,46.54748129024899,10972.8,22728.94085815235,209.96454,0.5941546229989526,1.0453401059717755,1.0,1.0,1.0,13.799922852412047
SE300_FL360,2022-03-01 00:41:00.000000000,-3.0751334306903266,46.59388656047466,10972.8,22728.94085815235,209.95572,0.590995897931116,1.0398391433350358,1.0,1.0,1.0,13.800008407530912
SE300_FL360,2022-03-01 00:42:00.000000000,-2.907985546322268,46.641019270999685,10972.8,22728.94085815235,209.95274,0.5901693507544102,1.0384054159315093,1.0,1.0,1.0,13.79999152577942
SE300_FL360,2022-03-01 00:43:00.000000000,-2.74114057917694,46.68889649733604,10972.8,22728.94085815235,209.95137,0.5910745626464498,1.0400081493788063,1.0,1.0,1.0,13.799977274791766
SE300_FL360,2022-03-01 00:44:00.000000000,-2.5746196225871447,46.73754198383629,10972.8,22728.94085815235,209.91377,0.6025366450493078,1.0604174725296136,1.0,1.0,1.0,13.799965416219916
SE300_FL360,2022-03-01 00:45:00.000000000,-2.4084444011529893,46.78697905887585,10972.8,22728.94085815235,209.83885,0.6188620959301205,1.0896470648134233,1.0,1.0,1.0,13.799955690405685
SE300_FL360,2022-03-01 00:46:00.000000000,-2.24263725835525,46.83723057208739,10972.8,22728.94085815235,209.74347,0.6392619805422901,1.1262230772699204,1.0,1.0,1.0,13.799947822412035
SE300_FL360,2022-03-01 00:47:00.000000000,-2.077221138921509,46.88831882936984,10972.8,22728.94085815235,209.61493,0.6658248334623544,1.1739404425463573,1.0,1.0,1.0,13.799941528604728
SE300_FL360,2022-03-01 00:48:00.000000000,-1.9122195656143586,46.94026552601405,10972.8,22728.94085815235,209.4955,0.6902129406073819,1.2178277406990057,1.0,1.0,1.0,13.799936523592704
SE300_FL360,2022-03-01 00:49:00.000000000,-1.747656610142675,46.99309167833649,10972.8,22728.94085815235,209.3832,0.7130345777590463,1.2589539445628837,1.0,1.0,1.0,13.799932527317191
SE300_FL360,2022-03-01 00:50:00.000000000,-1.5835568579366146,47.046817554258936,10972.8,22728.94085815235,209.36177,0.7182170266162564,1.2682646671750435,1.0,1.0,1.0,13.799929272076493
SE300_FL360,2022-03-01 00:51:00.000000000,-1.41994536657518,47.10146260331857,10972.8,22728.94085815235,209.37953,0.7159268584125602,1.2640877798471908,1.0,1.0,1.0,13.799926509251202
SE300_FL360,2022-03-01 00:52:00.000000000,-1.2568476177121715,47.15704538663485,10972.8,22728.94085815235,209.43332,0.708841694745746,1.2511646582625762,1.0,1.0,1.0,13.799924015512413
SE300_FL360,2022-03-01 00:53:00.000000000,-1.0942894624114776,47.21358350739827,10972.8,22728.94085815235,209.44942,0.70143687147624,1.2379745357733636,1.0,1.0,1.0,13.799921598299676
SE300_FL360,2022-03-01 00:54:00.000000000,-0.9322970598757382,47.27109354247939,10972.8,22728.94085815235,209.4563,0.694554678564664,1.2257794869375997,1.0,1.0,1.0,13.799919100366923
SE300_FL360,2022-03-01 00:55:00.000000000,-0.7708968096326502,47.329590975783,10972.8,22728.94085815235,209.46468,0.6834442762304375,1.206109991955372,1.0,1.0,1.0,13.799916403229442
SE300_FL360,2022-03-01 00:56:00.000000000,-0.6101152773294826,47.38909013399148,10972.8,22728.94085815235,209.4008,0.6773282148416606,1.1957774754575585,1.0,1.0,1.0,13.79991342938298
SE300_FL360,2022-03-01 00:57:00.000000000,-0.4499791143776922,47.44960412535214,10972.8,22728.94085815235,209.33522,0.6736057871194816,1.1896819465435726,1.0,1.0,1.0,13.79991014318596
SE300_FL360,2022-03-01 00:58:00.000000000,-0.2905149717839815,47.51114478216384,10972.8,22728.94085815235,209.3008,0.6748865302070466,1.1921888901753581,1.0,1.0,1.0,13.799906550367
SE300_FL360,2022-03-01 00:59:00.000000000,-0.1317494086006752,47.57372260760951,10972.8,22728.94085815235,209.26718,0.6865416152243906,1.213028734239549,1.0,1.0,1.0,13.799902696148978
SE300_FL360,2022-03-01 01:00:00.000000000,0.026291204476382772,47.63734672756016,10972.8,22728.94085815235,209.25465,0.7011696693482534,1.238963920551222,1.0,1.0,1.0,13.799898662049376
SE300_FL360,2022-03-01 01:01:00.000000000,0.1835807857402945,47.702024847945545,10972.8,22728.94085815235,209.3519,0.7155218970882938,1.2635840305944925,1.0,1.0,1.0,13.799894561448786
SE300_FL360,2022-03-01 01:02:00.000000000,0.3400936466257237,47.767763218243296,10972.8,22728.94085815235,209.44174,0.7264621877830832,1.282205322096612,1.0,1.0,1.0,13.799890534083259
SE300_FL360,2022-03-01 01:03:00.000000000,0.4958045985892688,47.834566601585344,10972.8,22728.94085815235,209.52122,0.736725154904265,1.2996902377738309,1.0,1.0,1.0,13.799886739660096
SE300_FL360,2022-03-01 01:04:00.000000000,0.6506890618532523,47.90243825191635,10972.8,22728.94085815235,209.64297,0.729085538815268,1.285256799140075,1.0,1.0,1.0,13.799883350808148
SE300_FL360,2022-03-01 01:05:00.000000000,0.8047231750871445,47.97137989856527,10972.8,22728.94085815235,209.76634,0.7180296284577758,1.2648161482358982,1.0,1.0,1.0,13.799880545640207
SE300_FL360,2022-03-01 01:06:00.000000000,0.9578839050532617,48.04139173850947,10972.8,22728.94085815235,209.9043,0.7042458540095211,1.239490526868108,1.0,1.0,1.0,13.799880297337754
SE300_FL360,2022-03-01 01:07:00.000000000,1.1101490175689515,48.11247259658721,10972.8,22728.94085815235,210.05232,0.6845281403064843,1.2036919880677264,1.0,1.0,1.0,13.799955765457092
SE300_FL360,2022-03-01 01:08:00.000000000,1.2614916109520389,48.18462623408982,10972.8,22728.94085815235,210.20212,0.6588763381409841,1.157520659303504,1.0,1.0,1.0,13.799946076537669
SE300_FL360,2022-03-01 01:09:00.000000000,1.4118974565169005,48.25784150407756,10972.8,22728.94085815235,210.37675,0.6111289837636465,1.0724824994066002,1.0,1.0,1.0,13.799936769163452
SE300_FL360,2022-03-01 01:10:00.000000000,1.5613479605795775,48.33211247748483,10972.8,22728.94085815235,210.53723,0.5692889729722552,0.9980710214448407,1.0,0.0,0.0,13.799928078960882
SE300_FL360,2022-03-01 01:11:00.000000000,1.7098258754552036,48.40743177483138,10972.8,22728.94085815235,210.68605,0.548621595695852,0.9609488320166777,1.0,0.0,0.0,13.799920213907653
SE300_FL360,2022-03-01 01:12:00.000000000,1.8573153869251047,48.48379060616857,10972.8,22728.94085815235,210.82948,0.5312498351150009,0.9296913291894687,1.0,0.0,0.0,13.799913349084349
SE300_FL360,2022-03-01 01:13:00.000000000,2.00380219478423,48.561178817972646,10972.8,22728.94085815235,210.96568,0.5155370194574741,0.9014307862919914,1.0,0.0,0.0,13.799907622724088
SE300_FL360,2022-03-01 01:14:00.000000000,2.1492735857235448,48.63958494650445,10972.8,22728.94085815235,211.02368,0.5021082700139743,0.8776319889424725,1.0,0.0,0.0,13.79990313363142
SE300_FL360,2022-03-01 01:15:00.000000000,2.2937184979011707,48.71899627708127,10972.8,22728.94085815235,211.0793,0.4894507165581072,0.855211097274291,1.0,0.0,0.0,13.799899939990695
SE300_FL360,2022-03-01 01:16:00.000000000,2.437127576666514,48.79939890864313,10972.8,22728.94085815235,211.1148,0.4773024843518774,0.8338019751976907,1.0,0.0,0.0,13.799898059510873
SE300_FL360,2022-03-01 01:17:00.000000000,2.57949322101926,48.88077782294388,10972.8,22728.94085815235,211.12526,0.46655068771537717,0.8149642397979939,1.0,0.0,0.0,13.799897470818289
SE300_FL360,2022-03-01 01:18:00.000000000,2.7208096205090637,48.96311695765744,10972.8,22728.94085815235,211.10304,0.4580347172584164,0.8002017779242349,1.0,0.0,0.0,13.799898115948379
SE300_FL360,2022-03-01 01:19:00.000000000,2.8610727824072804,49.04639928266274,10972.8,22728.94085815235,211.06244,0.4526195587197496,0.7909394983300779,1.0,0.0,0.0,13.799899903772648
SE300_FL360,2022-03-01 01:20:00.000000000,3.0002805491083504,49.13060687875635,10972.8,22728.94085815235,211.01837,0.4487435358507386,0.7843839908938052,1.0,0.0,0.0,13.799902714140295
SE300_FL360,2022-03-01 01:21:00.000000000,3.1384326058413183,49.21572101804042,10972.8,22728.94085815235,210.96173,0.4476939030127962,0.7828252127364947,1.0,0.0,0.0,13.799906402511214
SE300_FL360,2022-03-01 01:22:00.000000000,3.275530478889779,49.30172224524366,10972.8,22728.94085815235,210.91211,0.44674753635981984,0.7814135401751608,1.0,0.0,0.0,13.799910804862314
SE300_FL360,2022-03-01 01:23:00.000000000,3.411577524628558,49.38859045925548,10972.8,22728.94085815235,210.88206,0.44486481161452274,0.7782644040538315,1.0,0.0,0.0,13.799915742621737
SE300_FL360,2022-03-01 01:24:00.000000000,3.546578909786857,49.47630499418438,10972.8,22728.94085815235,210.85939,0.44225634807187214,0.7738083749284428,1.0,0.0,0.0,13.799921027431493
SE300_FL360,2022-03-01 01:25:00.000000000,3.6805415834364057,49.56484469929377,10972.8,22728.94085815235,210.86441,0.43679244960380265,0.7642263244534907,1.0,0.0,0.0,13.799926465539238
SE300_FL360,2022-03-01 01:26:00.000000000,3.813474241281341,49.65418801721622,10972.8,22728.94085815235,210.8717,0.433021233622129,0.7575941332087839,1.0,0.0,0.0,13.799931861647412
SE300_FL360,2022-03-01 01:27:00.000000000,3.945387282890515,49.74431305990206,10972.8,22728.94085815235,210.87825,0.4313667659729342,0.7546678514359606,1.0,0.0,0.0,13.799937022113916
SE300_FL360,2022-03-01 01:28:00.000000000,4.076292762563807,49.83519768181777,10972.8,22728.94085815235,210.90985,0.42851692128171437,0.7495358878415442,1.0,0.0,0.0,13.799941757380292
SE300_FL360,2022-03-01 01:29:00.000000000,4.206204334561293,49.92681954997152,10972.8,22728.94085815235,210.9417,0.4260690161011548,0.7451054004881001,1.0,0.0,0.0,13.799945883601017
SE300_FL360,2022-03-01 01:30:00.000000000,4.335137193447722,50.01915621040786,10972.8,22728.94085815235,210.96745,0.42587868638755916,0.7446528921223121,1.0,0.0,0.0,13.799949223437263
SE300_FL360,2022-03-01 01:31:00.000000000,4.463108010316069,50.1121851508771,10972.8,22728.94085815235,211.0072,0.4247155111344098,0.7424352602757588,1.0,0.0,0.0,13.79995160605297
SE300_FL360,2022-03-01 01:32:00.000000000,4.590134865652553,50.20588385944899,10972.8,22728.94085815235,211.02844,0.4216478807228568,0.7369757572818635,1.0,0.0,0.0,13.799952866356099
SE300_FL360,2022-03-01 01:33:00.000000000,4.716237179594008,50.300229878900765,10972.8,22728.94085815235,211.02896,0.4182743241607336,0.7310768032438736,1.0,0.0,0.0,13.799952843577072
SE300_FL360,2022-03-01 01:34:00.000000000,4.841435640306324,50.39520085676857,10972.8,22728.94085815235,211.0123,0.413973401521045,0.7236330758040553,1.0,0.0,0.0,13.799951379286926
SE300_FL360,2022-03-01 01:35:00.000000000,4.965752131182763,50.49077459100485,10972.8,22728.94085815235,210.99556,0.40912015264908547,0.7152240181215611,1.0,0.0,0.0,13.799948314979101
SE300_FL360,2022-03-01 01:36:00.000000000,5.08920965752353,50.58692907123493,10972.8,22728.94085815235,210.92183,0.4066789648256463,0.711284808956764,1.0,0.0,0.0,13.7999434893709
SE300_FL360,2022-03-01 01:37:00.000000000,5.211832273314692,50.683642515650746,10972.8,22728.94085815235,210.83598,0.406659683477425,0.711627399828966,1.0,0.0,0.0,13.799936735540259
SE300_FL360,2022-03-01 01:38:00.000000000,5.333645008677116,50.78089340361986,10972.8,22728.94085815235,210.75276,0.40926345949946136,0.716556979960237,1.0,0.0,0.0,13.79992787807843
SE300_FL360,2022-03-01 01:39:00.000000000,5.454673798505399,50.87866050412251,10972.8,22728.94085815235,210.66899,0.41366876014314524,0.724647766640752,1.0,0.0,0.0,13.799916730378694
SE300_FL360,2022-03-01 01:40:00.000000000,5.574945412764155,50.97692290015904,10972.8,22728.94085815235,210.574,0.4214437267090838,0.7387009561720028,1.0,0.0,0.0,13.799909146879337
SE300_FL360,2022-03-01 01:41:00.000000000,5.69448698268002,51.07566027243519,10972.8,22728.94085815235,210.45364,0.43149883696921615,0.7568855434549433,1.0,0.0,0.0,13.800036502008268
SE300_FL360,2022-03-01 01:42:00.000000000,5.813317860079042,51.17485813030892,10972.8,22728.94085815235,210.36087,0.4387198681169059,0.7699947673481368,1.0,0.0,0.0,13.800019343694286
SE300_FL360,2022-03-01 01:43:00.000000000,5.931476383526231,51.274490485820074,10972.8,22728.94085815235,210.28741,0.4444230812566585,0.7803570990023689,1.0,0.0,0.0,13.799999557176893
SE300_FL360,2022-03-01 01:44:00.000000000,6.048992146742065,51.37453779717241,10972.8,22728.94085815235,210.2077,0.4508564815910152,0.7920421193220738,1.0,0.0,0.0,13.799976952886416
SE300_FL360,2022-03-01 01:45:00.000000000,6.16589527157801,51.47498090580639,10972.8,22728.94085815235,210.12743,0.457703258755809,0.804469073248802,1.0,0.0,0.0,13.799951314976644
SE300_FL360,2022-03-01 01:46:00.000000000,6.282216354420901,51.575801040761654,10972.8,22728.94085815235,210.06917,0.46088049385356344,0.8103430760393312,1.0,0.0,0.0,13.799922401731491
SE300_FL360,2022-03-01 01:47:00.000000000,6.397986416102225,51.67697982039795,10972.8,22728.94085815235,210.09944,0.4526113546729765,0.795655981559641,1.0,0.0,0.0,13.799896422178843
SE300_FL360,2022-03-01 01:48:00.000000000,6.513236540852692,51.77849945999789,10972.8,22728.94085815235,210.12439,0.4457844049268772,0.7835346156805622,1.0,0.0,0.0,13.800070683038491
SE300_FL360,2022-03-01 01:49:00.000000000,6.627989237000202,51.88034855874178,10972.8,22728.94085815235,210.15828,0.436950391085528,0.767845857453243,1.0,0.0,0.0,13.800033136164926
SE300_FL360,2022-03-01 01:50:00.000000000,6.7422871098143675,51.982503017475295,10972.8,22728.94085815235,210.19044,0.4287963994535663,0.7533675985100681,1.0,0.0,0.0,13.79999217680041
SE300_FL360,2022-03-01 01:51:00.000000000,6.85616260126879,52.08494594286698,10972.8,22728.94085815235,210.26143,0.416013908154858,0.7305916583702534,1.0,0.0,0.0,13.799947488517821
SE300_FL360,2022-03-01 01:52:00.000000000,6.9696483812259675,52.187660808917485,10972.8,22728.94085815235,210.34021,0.40288640925356173,0.707193156969674,1.0,0.0,0.0,13.799898737232269
SE300_FL360,2022-03-01 01:53:00.000000000,7.082777318490884,52.29063144711092,10972.8,22728.94085815235,210.4032,0.3947509951804675,0.6926474528329565,1.0,0.0,0.0,13.800030398716745
SE300_FL360,2022-03-01 01:54:00.000000000,7.19557701404532,52.39384625576109,10972.8,22728.94085815235,210.46896,0.3868131342256261,0.6784427149074425,1.0,0.0,0.0,13.800054345163323
SE300_FL360,2022-03-01 01:55:00.000000000,7.308085257117626,52.49728673117904,10972.8,22728.94085815235,210.53722,0.37858558407936715,0.6637309024043321,1.0,0.0,0.0,13.799996740891372
SE300_FL360,2022-03-01 01:56:00.000000000,7.420338038484323,52.60093580787837,10972.8,22728.94085815235,210.59288,0.3725892590209642,0.6529916380334652,1.0,0.0,0.0,13.799934836100903
SE300_FL360,2022-03-01 01:57:00.000000000,7.532368946100369,52.70477859337681,10972.8,22728.94085815235,210.63885,0.3675156435809665,0.6439184599764093,1.0,0.0,0.0,13.7999107047655
SE300_FL360,2022-03-01 01:58:00.000000000,7.644210999091989,52.80880120769993,10972.8,22728.94085815235,210.6742,0.3628171492491403,0.6355467099872527,1.0,0.0,0.0,13.80009727987662
SE300_FL360,2022-03-01 01:59:00.000000000,7.755895885982359,52.912992453617406,10972.8,22728.94085815235,210.71207,0.35766065969327016,0.6263656863128991,1.0,0.0,0.0,13.800026839405156
SE300_FL360,2022-03-01 02:00:00.000000000,7.867462507785084,53.01733360209722,10972.8,22728.94085815235,210.70943,0.3596554969501823,0.6298700477831838,1.0,0.0,0.0,13.799951817325509
SE300_FL360,2022-03-01 02:01:00.000000000,7.97894493915904,53.12181080944994,10972.8,22728.94085815235,210.69836,0.359063010223974,0.6288748950908086,1.0,0.0,0.0,13.799878948745755
SE300_FL360,2022-03-01 02:02:00.000000000,8.090377316599858,53.22641053966239,10972.8,22728.94085815235,210.67612,0.3638820542045159,0.6374026603600017,1.0,0.0,0.0,13.80011613732471
SE300_FL360,2022-03-01 02:03:00.000000000,8.201794722995709,53.33112242122278,10972.8,22728.94085815235,210.65279,0.3700053278978651,0.6482236932703913,1.0,0.0,0.0,13.800033244616367
SE300_FL360,2022-03-01 02:04:00.000000000,8.313233280726271,53.43592919842136,10972.8,22728.94085815235,210.62184,0.37658877001934876,0.6598838911484431,1.0,0.0,0.0,13.799945514347323
SE300_FL360,2022-03-01 02:05:00.000000000,8.42472747485294,53.54081781028977,10972.8,22728.94085815235,210.5808,0.38047604612904984,0.6668650149336279,1.0,0.0,0.0,13.799915365810826
SE300_FL360,2022-03-01 02:06:00.000000000,8.536312692536393,53.64577571103455,10972.8,22728.94085815235,210.5393,0.3847087037773928,0.6744564500641077,1.0,0.0,0.0,13.80011004309586
SE300_FL360,2022-03-01 02:07:00.000000000,8.648028278660536,53.750790832795516,10972.8,22728.94085815235,210.50418,0.3942852988839557,0.6913966011934775,1.0,0.0,0.0,13.800015304799869
SE300_FL360,2022-03-01 02:08:00.000000000,8.759906477778147,53.85584845500265,10972.8,22728.94085815235,210.46756,0.3999274272738153,0.7014471293228213,1.0,0.0,0.0,13.79991564313486
SE300_FL360,2022-03-01 02:09:00.000000000,8.871982232889263,53.96093601106962,10972.8,22728.94085815235,210.42566,0.4023588258675718,0.7058957455702619,1.0,0.0,0.0,13.800004103946796
SE300_FL360,2022-03-01 02:10:00.000000000,8.984295963690094,54.06604108818969,10972.8,22728.94085815235,210.38702,0.40582175968413936,0.7121409174040524,1.0,0.0,0.0,13.800080631551038
SE300_FL360,2022-03-01 02:11:00.000000000,9.096884905918607,54.17115044521283,10972.8,22728.94085815235,210.36595,0.41045031126664394,0.7203581209936637,1.0,0.0,0.0,13.799975069909443
SE300_FL360,2022-03-01 02:12:00.000000000,9.20978021803311,54.27625136209472,10972.8,22728.94085815235,210.34242,0.4108484403419039,0.7211597327295303,1.0,0.0,0.0,13.799864842324851
SE300_FL360,2022-03-01 02:13:00.000000000,9.323017438348389,54.38133146507345,10972.8,22728.94085815235,210.32916,0.4147999901292877,0.7281569138965873,1.0,0.0,0.0,13.800132173225244
SE300_FL360,2022-03-01 02:14:00.000000000,9.436648363691544,54.48637655428334,10972.8,22728.94085815235,210.31566,0.4169543657305937,0.7319971379733715,1.0,0.0,0.0,13.800031613689772
SE300_FL360,2022-03-01 02:15:00.000000000,9.550696513269713,54.59137491446518,10972.8,22728.94085815235,210.30571,0.4173344883590455,0.7327106558833313,1.0,0.0,0.0,13.799916973248944
SE300_FL360,2022-03-01 02:16:00.000000000,9.665197626195663,54.69631414251662,10972.8,22728.94085815235,210.29631,0.415140484634501,0.7289027911761862,1.0,0.0,0.0,13.800000285525412
SE300_FL360,2022-03-01 02:17:00.000000000,9.780198569347377,54.80118004346924,10972.8,22728.94085815235,210.29079,0.41434700903693966,0.7275305930244084,1.0,0.0,0.0,13.800086698051244
SE300_FL360,2022-03-01 02:18:00.000000000,9.895738483326229,54.90595917369293,10972.8,22728.94085815235,210.28665,0.4146332730380699,0.7280540186806683,1.0,0.0,0.0,12.396279145510631
SE300_FL360,2022-03-01 02:18:53.897617080,10.0,55.0,10972.8,22728.94085815235,210.27402,0.41114251262915885,0.7219805954546268,1.0,0.0,0.0,0.0
SE150_FL360,2022-03-01 00:00:00.000000000,-10.000000000000002,45.00000000000001,10972.8,22728.94085815235,211.58328,0.6760531579887934,1.1775319174025136,1.0,1.0,1.0,13.800025280721622
SE150_FL360,2022-03-01 00:01:00.000000000,-9.848780362463852,45.06309802296491,10972.8,22728.94085815235,211.46187,0.681357217835757,1.1876773250901247,1.0,1.0,1.0,13.800023124170625
SE150_FL360,2022-03-01 00:02:00.000000000,-9.69723892593266,45.12601025046198,10972.8,22728.94085815235,211.30765,0.6959468024296948,1.2142858273059207,1.0,1.0,1.0,13.800020919334957
SE150_FL360,2022-03-01 00:03:00.000000000,-9.545386915730079,45.18874995403247,10972.8,22728.94085815235,211.17416,0.701659652483731,1.2252757738025473,1.0,1.0,1.0,13.80001868361511
SE150_FL360,2022-03-01 00:04:00.000000000,-9.393235477429094,45.251330452726556,10972.8,22728.94085815235,211.06396,0.7144938067523168,1.2485473544132795,1.0,1.0,1.0,13.800016434639819
SE150_FL360,2022-03-01 00:05:00.000000000,-9.240795680594678,45.31376510728148,10972.8,22728.94085815235,210.99112,0.7194026752045988,1.2576934423462751,1.0,1.0,1.0,13.800014190107833
SE150_FL360,2022-03-01 00:06:00.000000000,-9.088078522618359,45.376067314269825,10972.8,22728.94085815235,210.91238,0.7385699390842312,1.2918417347353257,1.0,1.0,1.0,13.800011967625645
SE150_FL360,2022-03-01 00:07:00.000000000,-8.935094932619785,45.43825050019791,10972.8,22728.94085815235,210.85283,0.751168898782063,1.314360381447307,1.0,1.0,1.0,13.800009784533726
SE150_FL360,2022-03-01 00:08:00.000000000,-8.78185577539008,45.500328115534025,10972.8,22728.94085815235,210.82895,0.7516397529303206,1.3153804143003278,1.0,1.0,1.0,13.80000765772226
SE150_FL360,2022-03-01 00:09:00.000000000,-8.628371855351828,45.56231362864651,10972.8,22728.94085815235,210.78345,0.7490476882387186,1.3112195381476255,1.0,1.0,1.0,13.80000560344844
SE150_FL360,2022-03-01 00:10:00.000000000,-8.474653920510518,45.62422051963216,10972.8,22728.94085815235,210.72905,0.7522753161628462,1.3173083028075057,1.0,1.0,1.0,13.800003637143645
SE150_FL360,2022-03-01 00:11:00.000000000,-8.320712666371875,45.68606227401563,10972.8,22728.94085815235,210.66702,0.7692267592190642,1.3475138239178752,1.0,1.0,1.0,13.800001773220872
SE150_FL360,2022-03-01 00:12:00.000000000,-8.166558739799713,45.74785237630135,10972.8,22728.94085815235,210.59276,0.7819039477634685,1.370349122199438,1.0,1.0,1.0,13.800000024891407
SE150_FL360,2022-03-01 00:13:00.000000000,-8.012202742788062,45.80960430335971,10972.8,22728.94085815235,210.53107,0.7801153364764016,1.3677363544426484,1.0,1.0,1.0,13.79999840397277
SE150_FL360,2022-03-01 00:14:00.000000000,-7.857655236121768,45.87133151763049,10972.8,22728.94085815235,210.48312,0.7618749248227858,1.3361523655746608,1.0,1.0,1.0,13.799996920709697
SE150_FL360,2022-03-01 00:15:00.000000000,-7.702926742899029,45.933047460127014,10972.8,22728.94085815235,210.45692,0.7486841632170541,1.313234395829382,1.0,1.0,1.0,13.799995583611501
SE150_FL360,2022-03-01 00:16:00.000000000,-7.548027751889124,45.99476554322603,10972.8,22728.94085815235,210.44992,0.7375828241132801,1.2938159297191187,1.0,1.0,1.0,13.799994399289552
SE150_FL360,2022-03-01 00:17:00.000000000,-7.392968720698455,46.05649914322893,10972.8,22728.94085815235,210.49693,0.7139671272921373,1.252029737356266,1.0,1.0,1.0,13.799993372318367
SE150_FL360,2022-03-01 00:18:00.000000000,-7.237760078717368,46.118261592681485,10972.8,22728.94085815235,210.56679,0.6956620782745835,1.2194011883560345,1.0,1.0,1.0,13.799992505114373
SE150_FL360,2022-03-01 00:19:00.000000000,-7.0824122298204,46.18006617244081,10972.8,22728.94085815235,210.64386,0.6867314819404213,1.2031747180834216,1.0,1.0,1.0,13.799991797836244
SE150_FL360,2022-03-01 00:20:00.000000000,-6.926935554791905,46.241926103479614,10972.8,22728.94085815235,210.71954,0.6805243592907108,1.1917401729783577,1.0,1.0,1.0,13.799991248309139
SE150_FL360,2022-03-01 00:21:00.000000000,-6.771340413449099,46.303854538419465,10972.8,22728.94085815235,210.81718,0.6588128415915585,1.1530187754297356,1.0,1.0,1.0,13.79999085197143
SE150_FL360,2022-03-01 00:22:00.000000000,-6.615637146434141,46.36586455278655,10972.8,22728.94085815235,210.87717,0.6493033914529875,1.1359539127409821,1.0,1.0,1.0,13.79999060186101
SE150_FL360,2022-03-01 00:23:00.000000000,-6.4598360766471385,46.427969135985755,10972.8,22728.94085815235,210.92615,0.6486930301339677,1.1345357217476453,1.0,1.0,1.0,13.799990488621079
SE150_FL360,2022-03-01 00:24:00.000000000,-6.3039475102915645,46.49018118199037,10972.8,22728.94085815235,210.9601,0.6568246350181731,1.1485165349401443,1.0,1.0,1.0,13.799990500548963
SE150_FL360,2022-03-01 00:25:00.000000000,-6.147981737503878,46.552513479747134,10972.8,22728.94085815235,210.9713,0.6708817544449645,1.173014173279388,1.0,1.0,1.0,13.799990623666508
SE150_FL360,2022-03-01 00:26:00.000000000,-5.991949032539317,46.6149787032986,10972.8,22728.94085815235,210.9603,0.6977765173299325,1.2201224283313497,1.0,1.0,1.0,13.799990841836957
SE150_FL360,2022-03-01 00:27:00.000000000,-5.835859653486246,46.67758940162737,10972.8,22728.94085815235,210.95992,0.7198450220247385,1.2587171102384964,1.0,1.0,1.0,13.799991136910966
SE150_FL360,2022-03-01 00:28:00.000000000,-5.679723841481787,46.740357988228865,10972.8,22728.94085815235,210.95827,0.7426270528195443,1.298566264735823,1.0,1.0,1.0,13.799991488902345
SE150_FL360,2022-03-01 00:29:00.000000000,-5.523551819402239,46.80329673042195,10972.8,22728.94085815235,210.95282,0.7559240229259989,1.3218595835159197,1.0,1.0,1.0,13.799991876206876
SE150_FL360,2022-03-01 00:30:00.000000000,-5.367353790002575,46.86641773840963,10972.8,22728.94085815235,210.94695,0.7384632115312549,1.2913725764032389,1.0,1.0,1.0,13.799992275841205
SE150_FL360,2022-03-01 00:31:00.000000000,-5.2111399334805135,46.92973295410445,10972.8,22728.94085815235,210.92915,0.7217175256293659,1.2622305754979402,1.0,1.0,1.0,13.799992663719705
SE150_FL360,2022-03-01 00:32:00.000000000,-5.05492040444159,46.993254139735846,10972.8,22728.94085815235,210.90443,0.6994326090987026,1.223445898435117,1.0,1.0,1.0,13.799993014953047
SE150_FL360,2022-03-01 00:33:00.000000000,-4.89870532824359,47.05699286626,10972.8,22728.94085815235,210.82573,0.6808197905702618,1.1914739442010032,1.0,1.0,1.0,13.799993304171764
SE150_FL360,2022-03-01 00:34:00.000000000,-4.7425047966999045,47.12096050159472,10972.8,22728.94085815235,210.72643,0.6639205339941312,1.1626144672633703,1.0,1.0,1.0,13.79999350586429
SE150_FL360,2022-03-01 00:35:00.000000000,-4.586328863123924,47.185168198705355,10972.8,22728.94085815235,210.58128,0.6456736592548767,1.1316763834418992,1.0,1.0,1.0,13.799993594737066
SE150_FL360,2022-03-01 00:36:00.000000000,-4.430187536698249,47.24962688356991,10972.8,22728.94085815235,210.42676,0.6315427233847928,1.107966594379778,1.0,1.0,1.0,13.799993546077733
SE150_FL360,2022-03-01 00:37:00.000000000,-4.274090776155365,47.31434724305453,10972.8,22728.94085815235,210.25745,0.624091565449557,1.0960374790261962,1.0,1.0,1.0,13.799993336121352
SE150_FL360,2022-03-01 00:38:00.000000000,-4.118048482758973,47.37933971273268,10972.8,22728.94085815235,210.09187,0.6191782856504843,1.0885185084844409,1.0,1.0,1.0,13.799992942424828
SE150_FL360,2022-03-01 00:39:00.000000000,-3.9620704925782735,47.44461446468435,10972.8,22728.94085815235,209.93411,0.6151520231119669,1.0824833716969362,1.0,1.0,1.0,13.7999923442172
SE150_FL360,2022-03-01 00:40:00.000000000,-3.806166568050712,47.510181395313246,10972.8,22728.94085815235,209.82007,0.6113807023889648,1.076597818545096,1.0,1.0,1.0,13.799991522756148
SE150_FL360,2022-03-01 00:41:00.000000000,-3.6503463888319807,47.57605011322245,10972.8,22728.94085815235,209.72523,0.6072462910870541,1.0699371440550427,1.0,1.0,1.0,13.799990461647935
SE150_FL360,2022-03-01 00:42:00.000000000,-3.4946195419363453,47.64222992719104,10972.8,22728.94085815235,209.62987,0.6032866280853683,1.0635794842947077,1.0,1.0,1.0,13.799989147153058
SE150_FL360,2022-03-01 00:43:00.000000000,-3.3389955111735663,47.708729834295355,10972.8,22728.94085815235,209.5556,0.598984341749869,1.0564709903819371,1.0,1.0,1.0,13.79998756845803
SE150_FL360,2022-03-01 00:44:00.000000000,-3.1834836658934074,47.775558508220634,10972.8,22728.94085815235,209.49728,0.5976784681041486,1.0545441285071802,1.0,1.0,1.0,13.79998571790615
SE150_FL360,2022-03-01 00:45:00.000000000,-3.0280932490527612,47.84272428780939,10972.8,22728.94085815235,209.469,0.5986907426897125,1.0565142522612103,1.0,1.0,1.0,13.799983591199357
SE150_FL360,2022-03-01 00:46:00.000000000,-2.872833364624784,47.91023516589412,10972.8,22728.94085815235,209.45769,0.6000531162374407,1.058990221455059,1.0,1.0,1.0,13.799981187540997
SE150_FL360,2022-03-01 00:47:00.000000000,-2.7177129643741873,47.97809877846222,10972.8,22728.94085815235,209.45428,0.6023577825886595,1.0630800032617145,1.0,1.0,1.0,13.799978509741795
SE150_FL360,2022-03-01 00:48:00.000000000,-2.562740834027267,48.046322394201255,10972.8,22728.94085815235,209.4761,0.6063711800480163,1.070017435781539,1.0,1.0,1.0,13.799975564268491
SE150_FL360,2022-03-01 00:49:00.000000000,-2.407925578869879,48.11491290447256,10972.8,22728.94085815235,209.48544,0.6066502330092414,1.0704528091621166,1.0,1.0,1.0,13.799972361242325
SE150_FL360,2022-03-01 00:50:00.000000000,-2.2532756088113697,48.18387681376056,10972.8,22728.94085815235,209.48561,0.606142182386982,1.0695522669492425,1.0,1.0,1.0,13.799968914382415
SE150_FL360,2022-03-01 00:51:00.000000000,-2.0987991229566814,48.25322023064404,10972.8,22728.94085815235,209.47482,0.607346426093717,1.0717483585146426,1.0,1.0,1.0,13.799965240897679
SE150_FL360,2022-03-01 00:52:00.000000000,-1.9445040937337181,48.3229488593347,10972.8,22728.94085815235,209.50558,0.608025436151685,1.0727451933666823,1.0,1.0,1.0,13.799961361323575
SE150_FL360,2022-03-01 00:53:00.000000000,-1.7903982506269553,48.393067991826065,10972.8,22728.94085815235,209.61586,0.6047835319937614,1.066309010795461,1.0,1.0,1.0,13.799957299309654
SE150_FL360,2022-03-01 00:54:00.000000000,-1.6364890635725675,48.46358250069396,10972.8,22728.94085815235,209.73361,0.598849689010058,1.0550929482128133,1.0,1.0,1.0,13.799953081365691
SE150_FL360,2022-03-01 00:55:00.000000000,-1.482783726073991,48.534496832587074,10972.8,22728.94085815235,209.86606,0.5893454195953446,1.037505950169893,1.0,1.0,1.0,13.799948736550181
SE150_FL360,2022-03-01 00:56:00.000000000,-1.3292891381006948,48.60581500244348,10972.8,22728.94085815235,210.02983,0.5752041620205187,1.011593867393908,1.0,1.0,1.0,13.79996224359886
SE150_FL360,2022-03-01 00:57:00.000000000,-1.176012199022902,48.677541157964725,10972.8,22728.94085815235,210.12202,0.5692442830293384,1.0005480634528414,1.0,1.0,1.0,13.800015850398514
SE150_FL360,2022-03-01 00:58:00.000000000,-1.022959909011004,48.74967973493967,10972.8,22728.94085815235,210.14656,0.5738188758046623,1.008436044935029,1.0,1.0,1.0,13.800011280819982
SE150_FL360,2022-03-01 00:59:00.000000000,-0.8701372214611162,48.82223162470867,10972.8,22728.94085815235,210.14473,0.5847723866733068,1.0277002245985236,1.0,1.0,1.0,13.800006501605102
SE150_FL360,2022-03-01 01:00:00.000000000,-0.7175496815727354,48.89519906140205,10972.8,22728.94085815235,210.11919,0.6000631720113251,1.0547356421852405,1.0,1.0,1.0,13.800001555312974
SE150_FL360,2022-03-01 01:01:00.000000000,-0.5652024537904219,48.96858383001156,10972.8,22728.94085815235,210.02498,0.6248630871636325,1.098962904731636,1.0,1.0,1.0,13.79999648581086
SE150_FL360,2022-03-01 01:02:00.000000000,-0.4131003048958678,49.04238726558329,10972.8,22728.94085815235,209.93126,0.646998748489106,1.1385482510065716,1.0,1.0,1.0,13.799991337765992
SE150_FL360,2022-03-01 01:03:00.000000000,-0.2612475873906203,49.116610253279745,10972.8,22728.94085815235,209.82867,0.6676141368752231,1.1755648072063072,1.0,1.0,1.0,13.7999861561264
SE150_FL360,2022-03-01 01:04:00.000000000,-0.1096482232436474,49.1912532293119,10972.8,22728.94085815235,209.7239,0.691870497206195,1.2190533615593377,1.0,1.0,1.0,13.799980985617015
SE150_FL360,2022-03-01 01:05:00.000000000,0.041694311923352705,49.266316182737384,10972.8,22728.94085815235,209.63866,0.7142320020277004,1.2591050731428008,1.0,1.0,1.0,13.799975870245795
SE150_FL360,2022-03-01 01:06:00.000000000,0.19277700414136667,49.341798658116055,10972.8,22728.94085815235,209.61165,0.7140773735258543,1.2590396456592936,1.0,1.0,1.0,13.799970852837674
SE150_FL360,2022-03-01 01:07:00.000000000,0.3435973158213465,49.41769975900875,10972.8,22728.94085815235,209.59656,0.7123508150887501,1.25611161562778,1.0,1.0,1.0,13.79996597459641
SE150_FL360,2022-03-01 01:08:00.000000000,0.49415319983679507,49.49401815230074,10972.8,22728.94085815235,209.58408,0.7033476604773244,1.2403340070666458,1.0,1.0,1.0,13.799961274703167
SE150_FL360,2022-03-01 01:09:00.000000000,0.6444431128990113,49.5707520733261,10972.8,22728.94085815235,209.60869,0.682123992833113,1.2027227605276158,1.0,1.0,1.0,13.799956789951366
SE150_FL360,2022-03-01 01:10:00.000000000,0.7944660281656921,49.647899331764975,10972.8,22728.94085815235,209.63737,0.6617457617776347,1.166587601041541,1.0,1.0,1.0,13.799952554435153
SE150_FL360,2022-03-01 01:11:00.000000000,0.9442214470284372,49.72545731828128,10972.8,22728.94085815235,209.66664,0.6446659399685508,1.1362775959263178,1.0,1.0,1.0,13.799948599276675
SE150_FL360,2022-03-01 01:12:00.000000000,1.0937094100288882,49.803423011864275,10972.8,22728.94085815235,209.70206,0.6279590249455982,1.1065903293878434,1.0,1.0,1.0,13.79994495241215
SE150_FL360,2022-03-01 01:13:00.000000000,1.2429305068591834,49.8817929878337,10972.8,22728.94085815235,209.74348,0.611656167033018,1.0775906055283446,1.0,1.0,1.0,13.799943970232082
SE150_FL360,2022-03-01 01:14:00.000000000,1.391885839203061,49.9605634958069,10972.8,22728.94085815235,209.81374,0.5981478253809629,1.053339255609441,1.0,1.0,1.0,13.800018164069398
SE150_FL360,2022-03-01 01:15:00.000000000,1.5405756538199646,50.039732525500625,10972.8,22728.94085815235,209.88748,0.585681891146008,1.0309214066709782,1.0,1.0,1.0,13.800012779561797
SE150_FL360,2022-03-01 01:16:00.000000000,1.689003811745885,50.119293133097386,10972.8,22728.94085815235,209.97415,0.571385454711436,1.0052228205717657,1.0,1.0,1.0,13.800007711970267
SE150_FL360,2022-03-01 01:17:00.000000000,1.8371731915099507,50.19924036232172,10972.8,22728.94085815235,210.05745,0.5631558114599754,0.9902384955965197,1.0,0.0,0.0,13.800002984178791
SE150_FL360,2022-03-01 01:18:00.000000000,1.985087255414262,50.279568902342035,10972.8,22728.94085815235,210.13565,0.5582125496364548,0.9810751139909168,1.0,0.0,0.0,13.79999861501331
SE150_FL360,2022-03-01 01:19:00.000000000,2.1327500533276282,50.36027309878075,10972.8,22728.94085815235,210.19,0.5579581364959091,0.9802997738574372,1.0,0.0,0.0,13.799994619263725
SE150_FL360,2022-03-01 01:20:00.000000000,2.2801662254169526,50.44134696502648,10972.8,22728.94085815235,210.21748,0.5629258898242273,0.9888599161618814,1.0,0.0,0.0,13.799991007751949
SE150_FL360,2022-03-01 01:21:00.000000000,2.4273410038207826,50.52278419379153,10972.8,22728.94085815235,210.22926,0.5731482382991223,1.0067458586200382,1.0,1.0,1.0,13.799987787443316
SE150_FL360,2022-03-01 01:22:00.000000000,2.5742802132739526,50.604578168858964,10972.8,22728.94085815235,210.20879,0.5870812971177218,1.031347305323534,1.0,1.0,1.0,13.799984961591031
SE150_FL360,2022-03-01 01:23:00.000000000,2.720990270699007,50.686721976962986,10972.8,22728.94085815235,210.15327,0.6024098061381638,1.0586392669225724,1.0,1.0,1.0,13.79998252990439
SE150_FL360,2022-03-01 01:24:00.000000000,2.8674781837846655,50.769208419747585,10972.8,22728.94085815235,210.08456,0.6175292830992295,1.0856625118679253,1.0,1.0,1.0,13.79998048874809
SE150_FL360,2022-03-01 01:25:00.000000000,3.013751548576857,50.85203002574966,10972.8,22728.94085815235,210.00917,0.6331328873703457,1.1136155159182892,1.0,1.0,1.0,13.799978831356217
SE150_FL360,2022-03-01 01:26:00.000000000,3.1598185461124664,50.935179062353996,10972.8,22728.94085815235,209.93394,0.635341678447576,1.1180146089578322,1.0,1.0,1.0,13.79997754806047
SE150_FL360,2022-03-01 01:27:00.000000000,3.3056879381298114,51.0186475476696,10972.8,22728.94085815235,209.88014,0.6322375922962941,1.112920331757279,1.0,1.0,1.0,13.799976626528416
SE150_FL360,2022-03-01 01:28:00.000000000,3.451369061894234,51.10242726227889,10972.8,22728.94085815235,209.86537,0.6202561041979484,1.091924041231885,1.0,1.0,1.0,13.799976052009184
SE150_FL360,2022-03-01 01:29:00.000000000,3.596871824179734,51.18650976081355,10972.8,22728.94085815235,209.85536,0.6062970209521436,1.0674176597156895,1.0,1.0,1.0,13.79997580757543
SE150_FL360,2022-03-01 01:30:00.000000000,3.7422066944510983,51.27088638331356,10972.8,22728.94085815235,209.84239,0.5920257032846608,1.0423736679279616,1.0,1.0,1.0,13.799975874366709
SE150_FL360,2022-03-01 01:31:00.000000000,3.8873846972928505,51.35554826632859,10972.8,22728.94085815235,209.9104,0.5670536994789829,0.997991119029338,1.0,0.0,0.0,13.799976231823901
SE150_FL360,2022-03-01 01:32:00.000000000,4.032417404133353,51.44048635372388,10972.8,22728.94085815235,209.9656,0.5531242903183092,0.9731475431498111,1.0,0.0,0.0,13.799976857923344
SE150_FL360,2022-03-01 01:33:00.000000000,4.17731692431389,51.525691407155904,10972.8,22728.94085815235,210.00241,0.5403373123402002,0.950436286124918,1.0,0.0,0.0,13.79997772939002
SE150_FL360,2022-03-01 01:34:00.000000000,4.322095895553423,51.611154016185885,10972.8,22728.94085815235,210.04736,0.5266996987339618,0.9261933842642434,1.0,0.0,0.0,13.799978821916332
SE150_FL360,2022-03-01 01:35:00.000000000,4.466767473859694,51.69686460800298,10972.8,22728.94085815235,210.08403,0.5135075454736422,0.9027925934459718,1.0,0.0,0.0,13.79998011034861
SE150_FL360,2022-03-01 01:36:00.000000000,4.61134532293813,51.78281345673147,10972.8,22728.94085815235,210.09425,0.5038369821789264,0.8857348715778363,1.0,0.0,0.0,13.799981568886242
SE150_FL360,2022-03-01 01:37:00.000000000,4.755843603148792,51.86899069230014,10972.8,22728.94085815235,210.08765,0.4947759762285823,0.8698400085156682,1.0,0.0,0.0,13.79998317125147
SE150_FL360,2022-03-01 01:38:00.000000000,4.9002769600611895,51.95538630885467,10972.8,22728.94085815235,210.08679,0.4876209608056001,0.857265671885246,1.0,0.0,0.0,13.799984890852482
SE150_FL360,2022-03-01 01:39:00.000000000,5.044660512655349,52.041990172697254,10972.8,22728.94085815235,210.06984,0.48271252651446167,0.8487247044009001,1.0,0.0,0.0,13.799986700946327
SE150_FL360,2022-03-01 01:40:00.000000000,5.189009841215732,52.12879202974077,10972.8,22728.94085815235,210.03355,0.4811357195783988,0.8461412446200096,1.0,0.0,0.0,13.799988574784994
SE150_FL360,2022-03-01 01:41:00.000000000,5.33334097496334,52.2157815124673,10972.8,22728.94085815235,209.96819,0.4827911001360587,0.8493918310462732,1.0,0.0,0.0,13.799990485753726
SE150_FL360,2022-03-01 01:42:00.000000000,5.477670379467894,52.30294814638437,10972.8,22728.94085815235,209.88426,0.48636701195467785,0.856121316943411,1.0,0.0,0.0,13.799992407510803
SE150_FL360,2022-03-01 01:43:00.000000000,5.622014943881001,52.390281355974025,10972.8,22728.94085815235,209.78944,0.4912537920622469,0.8652280041357571,1.0,0.0,0.0,13.79999431411892
SE150_FL360,2022-03-01 01:44:00.000000000,5.766391968026885,52.477770470133564,10972.8,22728.94085815235,209.69632,0.496351030241369,0.8747017526870284,1.0,0.0,0.0,13.799996180175784
SE150_FL360,2022-03-01 01:45:00.000000000,5.910819149385742,52.565404727108,10972.8,22728.94085815235,209.60698,0.5033551777686722,0.8875272801680265,1.0,0.0,0.0,13.799997980946767
SE150_FL360,2022-03-01 01:46:00.000000000,6.055314570000713,52.65317327891751,10972.8,22728.94085815235,209.53476,0.5095785896741277,0.8988979584499339,1.0,0.0,0.0,13.799999692491834
SE150_FL360,2022-03-01 01:47:00.000000000,6.19989668333652,52.74106519528474,10972.8,22728.94085815235,209.47401,0.5155572789502482,0.9097788301045948,1.0,0.0,0.0,13.80000129179735
SE150_FL360,2022-03-01 01:48:00.000000000,6.344584301114556,52.829069467069175,10972.8,22728.94085815235,209.4765,0.5142716741540708,0.9074945624944984,1.0,0.0,0.0,13.800002756917273
SE150_FL360,2022-03-01 01:49:00.000000000,6.48939658014588,52.91717500921703,10972.8,22728.94085815235,209.51321,0.5104311726848645,0.9005161325380233,1.0,0.0,0.0,13.800004067102952
SE150_FL360,2022-03-01 01:50:00.000000000,6.634353009179616,53.00537066323756,10972.8,22728.94085815235,209.57068,0.505537379205237,0.8915724832877928,1.0,0.0,0.0,13.80000520294991
SE150_FL360,2022-03-01 01:51:00.000000000,6.779473395781127,53.09364519921752,10972.8,22728.94085815235,209.64761,0.49666490371914884,0.8755116729578919,1.0,0.0,0.0,13.800006146536646
SE150_FL360,2022-03-01 01:52:00.000000000,6.924777853250975,53.18198731738731,10972.8,22728.94085815235,209.80217,0.4755235482773233,0.8374552684888172,1.0,0.0,0.0,13.80000688157544
SE150_FL360,2022-03-01 01:53:00.000000000,7.070286787591492,53.270385649253456,10972.8,22728.94085815235,209.95427,0.45649537288145775,0.803197343637843,1.0,0.0,0.0,13.800007393558275
SE150_FL360,2022-03-01 01:54:00.000000000,7.216020884525191,53.35882875831312,10972.8,22728.94085815235,210.10162,0.4393883846894529,0.7724010331103133,1.0,0.0,0.0,13.800007669900015
SE150_FL360,2022-03-01 01:55:00.000000000,7.3620010965652085,53.44730514036748,10972.8,22728.94085815235,210.21892,0.4226154015191092,0.7423784683514131,1.0,0.0,0.0,13.800007700096462
SE150_FL360,2022-03-01 01:56:00.000000000,7.508248630134886,53.53580322345174,10972.8,22728.94085815235,210.33302,0.40600267463402384,0.7126940934294097,1.0,0.0,0.0,13.800007475854803
SE150_FL360,2022-03-01 01:57:00.000000000,7.654784932730397,53.62431136740005,10972.8,22728.94085815235,210.40697,0.3949809677703587,0.6930336799110911,1.0,0.0,0.0,13.800006991241453
SE150_FL360,2022-03-01 01:58:00.000000000,7.801631680117048,53.712817863064856,10972.8,22728.94085815235,210.45816,0.3862685247742604,0.6775313763183277,1.0,0.0,0.0,13.800006242806354
SE150_FL360,2022-03-01 01:59:00.000000000,7.948810763547113,53.80131093121019,10972.8,22728.94085815235,210.4668,0.3805847977499543,0.6675256752586668,1.0,0.0,0.0,13.800005229709964
SE150_FL360,2022-03-01 02:00:00.000000000,8.096344276983887,53.889778721099525,10972.8,22728.94085815235,210.46306,0.379037653947382,0.6648270433715869,1.0,0.0,0.0,13.800003953824296
SE150_FL360,2022-03-01 02:01:00.000000000,8.244254504314016,53.97820930879907,10972.8,22728.94085815235,210.44864,0.3802315170687788,0.666980962751312,1.0,0.0,0.0,13.80000241982998
SE150_FL360,2022-03-01 02:02:00.000000000,8.392563906527803,54.06659069521786,10972.8,22728.94085815235,210.40611,0.37961406165217665,0.6660729736315858,1.0,0.0,0.0,13.800000635287429
SE150_FL360,2022-03-01 02:03:00.000000000,8.541295108844203,54.15491080390644,10972.8,22728.94085815235,210.3659,0.3795004881509236,0.6660391421050956,1.0,0.0,0.0,13.79999861068731
SE150_FL360,2022-03-01 02:04:00.000000000,8.690470887755579,54.24315747863636,10972.8,22728.94085815235,210.32692,0.3808969730022889,0.6686517077171902,1.0,0.0,0.0,13.799996359482744
SE150_FL360,2022-03-01 02:05:00.000000000,8.840114157964688,54.3313184807831,10972.8,22728.94085815235,210.30276,0.38749236437298645,0.6803288669952812,1.0,0.0,0.0,13.799993898086694
SE150_FL360,2022-03-01 02:06:00.000000000,8.990247959184734,54.41938148653517,10972.8,22728.94085815235,210.28127,0.3913079371098084,0.6871191116885186,1.0,0.0,0.0,13.799991245846577
SE150_FL360,2022-03-01 02:07:00.000000000,9.140895442771445,54.50733408395296,10972.8,22728.94085815235,210.276,0.3960764058235948,0.6955142458548075,1.0,0.0,0.0,13.799988424983786
SE150_FL360,2022-03-01 02:08:00.000000000,9.292079858154782,54.595163769900566,10972.8,22728.94085815235,210.27913,0.40297210028721414,0.7076110945798185,1.0,0.0,0.0,13.799985460504125
SE150_FL360,2022-03-01 02:09:00.000000000,9.443824539036145,54.682857946874975,10972.8,22728.94085815235,210.2821,0.40555192189406164,0.7121274794485225,1.0,0.0,0.0,13.79998238006007
SE150_FL360,2022-03-01 02:10:00.000000000,9.596152889316482,54.770403919756546,10972.8,22728.94085815235,210.28949,0.4060956480135236,0.7130498741375138,1.0,0.0,0.0,13.799979213805697
SE150_FL360,2022-03-01 02:11:00.000000000,9.749088368719127,54.85778889250587,10972.8,22728.94085815235,210.30852,0.40978668814933866,0.7194458704677973,1.0,0.0,0.0,13.79997599417574
SE150_FL360,2022-03-01 02:12:00.000000000,9.902654478070929,54.944999964831716,10972.8,22728.94085815235,210.31548,0.41109475908908594,0.7217129415837585,1.0,0.0,0.0,8.71787688339356
SE150_FL360,2022-03-01 02:12:37.904240283,10.0,55.0,10972.8,22728.94085815235,210.3148,0.40933510529427264,0.7186256570757867,1.0,0.0,0.0,0.0
GC0_FL360,2022-03-01 00:00:00.000000000,-10.000000000000002,45.00000000000001,10972.8,22728.94085815235,211.58328,0.6760531579887934,1.1775319174025136,1.0,1.0,1.0,13.800031261260088
GC0_FL360,2022-03-01 00:01:00.000000000,-9.876312021826006,45.08811854334467,10972.8,22728.94085815235,211.51074,0.667111011965123,1.1624891796056847,1.0,1.0,1.0,13.800027623894355
GC0_FL360,2022-03-01 00:02:00.000000000,-9.752242252140906,45.176103215944366,10972.8,22728.94085815235,211.35759,0.685439311922577,1.1955739007958612,1.0,1.0,1.0,13.800023933454368
GC0_FL360,2022-03-01 00:03:00.000000000,-9.627788920452794,45.263953191638386,10972.8,22728.94085815235,211.25298,0.685502874144902,1.196472745820004,1.0,1.0,1.0,13.800020189682812
GC0_FL360,2022-03-01 00:04:00.000000000,-9.5029502525583,45.351667639156055,10972.8,22728.94085815235,211.19281,0.6762525326284157,1.1807691041770707,1.0,1.0,1.0,13.800016392336534
GC0_FL360,2022-03-01 00:05:00.000000000,-9.377724470626134,45.439245722091066,10972.8,22728.94085815235,211.12625,0.677502400575674,1.1834464216659664,1.0,1.0,1.0,13.800012541176311
GC0_FL360,2022-03-01 00:06:00.000000000,-9.252109793282935,45.52668659887586,10972.8,22728.94085815235,211.00964,0.6946392518635854,1.2142639738693992,1.0,1.0,1.0,13.800008635971807
GC0_FL360,2022-03-01 00:07:00.000000000,-9.126104435701345,45.613989422756205,10972.8,22728.94085815235,210.99559,0.6865833500540959,1.2002897072963474,1.0,1.0,1.0,13.800004676501466
GC0_FL360,2022-03-01 00:08:00.000000000,-8.999706609690397,45.701153341765824,10972.8,22728.94085815235,210.92195,0.6863664097257385,1.200455800072206,1.0,1.0,1.0,13.800000662551579
GC0_FL360,2022-03-01 00:09:00.000000000,-8.872914523788092,45.7881774987011,10972.8,22728.94085815235,210.90479,0.6580984251386638,1.151140303276597,1.0,1.0,1.0,13.799996593917113
GC0_FL360,2022-03-01 00:10:00.000000000,-8.745726383356452,45.87506103109597,10972.8,22728.94085815235,210.8879,0.6234954760767645,1.0907261155420285,1.0,1.0,1.0,13.799992470403737
GC0_FL360,2022-03-01 00:11:00.000000000,-8.618140390678803,45.96180307119685,10972.8,22728.94085815235,210.84181,0.6069421452145622,1.062072188318302,1.0,1.0,1.0,13.799988291825057
GC0_FL360,2022-03-01 00:12:00.000000000,-8.490154745059604,46.04840274593778,10972.8,22728.94085815235,210.77785,0.5999327355068852,1.0502254049639859,1.0,1.0,1.0,13.799984058004643
GC0_FL360,2022-03-01 00:13:00.000000000,-8.36176764292664,46.13485917691566,10972.8,22728.94085815235,210.75122,0.5996839092683289,1.0499637997034488,1.0,1.0,1.0,13.799979768777922
GC0_FL360,2022-03-01 00:14:00.000000000,-8.232977277935733,46.22117148036564,10972.8,22728.94085815235,210.70038,0.5992538337098328,1.049538293708268,1.0,1.0,1.0,13.79997542398953
GC0_FL360,2022-03-01 00:15:00.000000000,-8.103781841077932,46.30733876713662,10972.8,22728.94085815235,210.75476,0.5700138174805618,0.997995117968557,1.0,0.0,0.0,13.799971023496427
GC0_FL360,2022-03-01 00:16:00.000000000,-7.974179520789293,46.39336014266697,10972.8,22728.94085815235,210.83774,0.548182913563145,0.9592739697685377,1.0,0.0,0.0,13.799966567164596
GC0_FL360,2022-03-01 00:17:00.000000000,-7.844168503063274,46.47923470696041,10972.8,22728.94085815235,210.94038,0.5251425063172747,0.9183700484925703,1.0,0.0,0.0,13.8000335506074
GC0_FL360,2022-03-01 00:18:00.000000000,-7.713744387039283,46.56496062297613,10972.8,22728.94085815235,211.12791,0.4925159191261934,0.8603055388838694,1.0,0.0,0.0,13.800029833224963
GC0_FL360,2022-03-01 00:19:00.000000000,-7.582907908106713,46.65053789712994,10972.8,22728.94085815235,211.35307,0.4573423620562824,0.7977431149269921,1.0,0.0,0.0,13.800025836216795
GC0_FL360,2022-03-01 00:20:00.000000000,-7.451657253716138,46.73596561579989,10972.8,22728.94085815235,211.5638,0.42537804546451347,0.74100383868403,1.0,0.0,0.0,13.800021784046535
GC0_FL360,2022-03-01 00:21:00.000000000,-7.319990601234423,46.82124285691214,10972.8,22728.94085815235,211.81801,0.39370169969937663,0.6847264711788061,1.0,0.0,0.0,13.800017676565119
GC0_FL360,2022-03-01 00:22:00.000000000,-7.187906126190921,46.90636869283971,10972.8,22728.94085815235,212.05637,0.36462022267366095,0.633188600602747,1.0,0.0,0.0,13.800013513633964
GC0_FL360,2022-03-01 00:23:00.000000000,-7.0554020024062,46.99134219037952,10972.8,22728.94085815235,212.24854,0.339839860521179,0.5894341756524925,1.0,0.0,0.0,13.800009295126483
GC0_FL360,2022-03-01 00:24:00.000000000,-6.922476402123702,47.07616241072962,10972.8,22728.94085815235,212.45609,0.3197665843108525,0.5538837978507226,1.0,0.0,0.0,13.800005020927465
GC0_FL360,2022-03-01 00:25:00.000000000,-6.789127496144292,47.16082840946671,10972.8,22728.94085815235,212.63951,0.3024114492990473,0.5232067812340874,1.0,0.0,0.0,13.800000690938065
GC0_FL360,2022-03-01 00:26:00.000000000,-6.655353453963729,47.24533923652389,10972.8,22728.94085815235,212.74135,0.3012816794193204,0.5209104159255087,1.0,0.0,0.0,13.799996305067978
GC0_FL360,2022-03-01 00:27:00.000000000,-6.521152443913118,47.32969393616862,10972.8,22728.94085815235,212.82077,0.308031293065081,0.5323091644696654,1.0,0.0,0.0,13.799991863244522
GC0_FL360,2022-03-01 00:28:00.000000000,-6.386522633302341,47.41389154698097,10972.8,22728.94085815235,212.87297,0.31929885238521766,0.5515945069421063,1.0,0.0,0.0,13.799987365406142
GC0_FL360,2022-03-01 00:29:00.000000000,-6.251462188566615,47.49793110183218,10972.8,22728.94085815235,212.87189,0.3361672441889847,0.5807386792503657,1.0,0.0,0.0,13.79998281150992
GC0_FL360,2022-03-01 00:30:00.000000000,-6.1159692754160595,47.58181162786344,10972.8,22728.94085815235,212.84175,0.3579415524265298,0.618474266838361,1.0,0.0,0.0,13.799978201523881
GC0_FL360,2022-03-01 00:31:00.000000000,-5.980042058988454,47.66553214646499,10972.8,22728.94085815235,212.7986,0.3788832551473086,0.6548405509380089,1.0,0.0,0.0,13.799973535432741
GC0_FL360,2022-03-01 00:32:00.000000000,-5.84367870400512,47.74909167325553,10972.8,22728.94085815235,212.69754,0.40246367868310695,0.6960471088680461,1.0,0.0,0.0,13.799968813237534
GC0_FL360,2022-03-01 00:33:00.000000000,-5.70687737493005,47.832489218061895,10972.8,22728.94085815235,212.57338,0.42486985461289406,0.7353860287303373,1.0,0.0,0.0,13.799964034957233
GC0_FL360,2022-03-01 00:34:00.000000000,-5.569636236132259,47.91572378489917,10972.8,22728.94085815235,212.4526,0.44551608146765914,0.7717170886275037,1.0,0.0,0.0,13.800035855280361
GC0_FL360,2022-03-01 00:35:00.000000000,-5.431950681045849,47.9987933410855,10972.8,22728.94085815235,212.30988,0.4675769083123724,0.8106710934003372,1.0,0.0,0.0,13.80003208062314
GC0_FL360,2022-03-01 00:36:00.000000000,-5.2938216052343305,48.08169789082298,10972.8,22728.94085815235,212.14597,0.4811269759970527,0.8350350172838832,1.0,0.0,0.0,13.800027766635571
GC0_FL360,2022-03-01 00:37:00.000000000,-5.155247191271525,48.164436426955106,10972.8,22728.94085815235,211.97795,0.4960729249246122,0.8618948684093307,1.0,0.0,0.0,13.800023396612284
GC0_FL360,2022-03-01 00:38:00.000000000,-5.016225604851381,48.24700792994952,10972.8,22728.94085815235,211.78725,0.5195803371799141,0.9038290643223458,1.0,0.0,0.0,13.800018970545228
GC0_FL360,2022-03-01 00:39:00.000000000,-4.876755012439158,48.329411374367055,10972.8,22728.94085815235,211.58263,0.5308776385288617,0.9246732027764086,1.0,0.0,0.0,13.800014488442477
GC0_FL360,2022-03-01 00:40:00.000000000,-4.7368335814541895,48.411645728843965,10972.8,22728.94085815235,211.3738,0.551290906379856,0.9614911465274226,1.0,0.0,0.0,13.800009950331221
GC0_FL360,2022-03-01 00:41:00.000000000,-4.596459480456218,48.493709956074575,10972.8,22728.94085815235,211.18935,0.5527705082523131,0.9651882195147617,1.0,0.0,0.0,13.800005356252322
GC0_FL360,2022-03-01 00:42:00.000000000,-4.455630879335287,48.57560301279429,10972.8,22728.94085815235,211.00378,0.5560964127591743,0.9721186668883525,1.0,0.0,0.0,13.800000706269127
GC0_FL360,2022-03-01 00:43:00.000000000,-4.314345949505185,48.6573238497631,10972.8,22728.94085815235,210.83998,0.5642666533156996,0.9874074435680005,1.0,0.0,0.0,13.799996000461707
GC0_FL360,2022-03-01 00:44:00.000000000,-4.172602864100605,48.73887141174949,10972.8,22728.94085815235,210.68425,0.5778399828540195,1.0121378191202999,1.0,1.0,1.0,13.799991238929968
GC0_FL360,2022-03-01 00:45:00.000000000,-4.030399798177934,48.8202446375148,10972.8,22728.94085815235,210.52844,0.5817780751078498,1.0200180504734158,1.0,1.0,1.0,13.79998642179239
GC0_FL360,2022-03-01 00:46:00.000000000,-3.8877349289197967,48.901442459798034,10972.8,22728.94085815235,210.41563,0.5698781930931229,0.999853833705865,1.0,0.0,0.0,13.799981549189066
GC0_FL360,2022-03-01 00:47:00.000000000,-3.744606435843342,48.98246380530123,10972.8,22728.94085815235,210.28925,0.5623917150774168,0.9874842729015465,1.0,0.0,0.0,13.799976621281434
GC0_FL360,2022-03-01 00:48:00.000000000,-3.601012501012314,49.06330759467523,10972.8,22728.94085815235,210.21384,0.5576877665795065,0.979682433907127,1.0,0.0,0.0,13.799971638251657
GC0_FL360,2022-03-01 00:49:00.000000000,-3.456951309253031,49.14397274250603,10972.8,22728.94085815235,210.12883,0.5557686324862643,0.9768191150020128,1.0,0.0,0.0,13.799966600302653
GC0_FL360,2022-03-01 00:50:00.000000000,-3.312421048374104,49.22445815730157,10972.8,22728.94085815235,210.03836,0.5572332897544957,0.9799412892236181,1.0,0.0,0.0,13.799961507663523
GC0_FL360,2022-03-01 00:51:00.000000000,-3.1674199093902,49.304762741479145,10972.8,22728.94085815235,209.97414,0.56404359640924,0.9923044728493521,1.0,0.0,0.0,13.80003811560671
GC0_FL360,2022-03-01 00:52:00.000000000,-3.021943131385752,49.3848842512864,10972.8,22728.94085815235,209.91484,0.58207820104674,1.0244050861582341,1.0,1.0,1.0,13.80003431143209
GC0_FL360,2022-03-01 00:53:00.000000000,-2.875991817593982,49.46482269242153,10972.8,22728.94085815235,209.87729,0.5947528165520309,1.0469534986635767,1.0,1.0,1.0,13.80002967563927
GC0_FL360,2022-03-01 00:54:00.000000000,-2.7295641981544376,49.54457695964448,10972.8,22728.94085815235,209.85634,0.5957004739739747,1.0487536129240738,1.0,1.0,1.0,13.800024984324816
GC0_FL360,2022-03-01 00:55:00.000000000,-2.582658479303576,49.62414593078313,10972.8,22728.94085815235,209.85738,0.5901367789152818,1.0389539855375391,1.0,1.0,1.0,13.800020237683322
GC0_FL360,2022-03-01 00:56:00.000000000,-2.435272871668278,49.703528477519875,10972.8,22728.94085815235,209.88055,0.5747482825986685,1.0117170235270976,1.0,1.0,1.0,13.800015435926571
GC0_FL360,2022-03-01 00:57:00.000000000,-2.2874055905140325,49.78272346538261,10972.8,22728.94085815235,210.01091,0.5482335368001472,0.9642748916030904,1.0,0.0,0.0,13.800010579292724
GC0_FL360,2022-03-01 00:58:00.000000000,-2.139054855997014,49.86172975373617,10972.8,22728.94085815235,210.14967,0.5220136862650547,0.9173758664380044,1.0,0.0,0.0,13.80000566804335
GC0_FL360,2022-03-01 00:59:00.000000000,-1.990218893420634,49.940546195774644,10972.8,22728.94085815235,210.27542,0.49945845886127854,0.8770573470684904,1.0,0.0,0.0,13.800000702464757
GC0_FL360,2022-03-01 01:00:00.000000000,-1.840895933496165,50.01917163851421,10972.8,22728.94085815235,210.44666,0.47122108734844287,0.8266016991209157,1.0,0.0,0.0,13.799995682868577
GC0_FL360,2022-03-01 01:01:00.000000000,-1.6910842126076457,50.09760492278672,10972.8,22728.94085815235,210.5996,0.44604692448016836,0.7817018655054305,1.0,0.0,0.0,13.799990609591623
GC0_FL360,2022-03-01 01:02:00.000000000,-1.540781973081079,50.17584488323394,10972.8,22728.94085815235,210.6776,0.42988172666642427,0.7530083184816009,1.0,0.0,0.0,13.799985482999908
GC0_FL360,2022-03-01 01:03:00.000000000,-1.3899874634580285,50.2538903483026,10972.8,22728.94085815235,210.72704,0.4174942513185686,0.7310841570500654,1.0,0.0,0.0,13.799980303483485
GC0_FL360,2022-03-01 01:04:00.000000000,-1.2386989387734455,50.33174014024005,10972.8,22728.94085815235,210.76215,0.4059137240553094,0.710651891856942,1.0,0.0,0.0,13.799975071460995
GC0_FL360,2022-03-01 01:05:00.000000000,-1.0869146608380469,50.409393075090854,10972.8,22728.94085815235,210.70625,0.40963155522186734,0.7174077288607404,1.0,0.0,0.0,13.799969787382079
GC0_FL360,2022-03-01 01:06:00.000000000,-0.9346328985249368,50.48684796269396,10972.8,22728.94085815235,210.6323,0.4151095284536384,0.7273379784289166,1.0,0.0,0.0,13.799964451722667
GC0_FL360,2022-03-01 01:07:00.000000000,-0.7818519280607622,50.56410360668077,10972.8,22728.94085815235,210.54375,0.42351486193207954,0.7424701318711662,1.0,0.0,0.0,13.79995906498832
GC0_FL360,2022-03-01 01:08:00.000000000,-0.6285700333214097,50.64115880447403,10972.8,22728.94085815235,210.40639,0.44090930935332756,0.773619585213315,1.0,0.0,0.0,13.800040250558894
GC0_FL360,2022-03-01 01:09:00.000000000,-0.47478237482134333,50.71801108774824,10972.8,22728.94085815235,210.24583,0.46292026931074653,0.813046321476209,1.0,0.0,0.0,13.800036449888243
GC0_FL360,2022-03-01 01:10:00.000000000,-0.3204903233010431,50.79466047002034,10972.8,22728.94085815235,210.07065,0.4879087970895683,0.8578547921569496,1.0,0.0,0.0,13.800031495581349
GC0_FL360,2022-03-01 01:11:00.000000000,-0.16569222733307076,50.87110574593124,10972.8,22728.94085815235,209.87386,0.5177471459710351,0.9114188952968503,1.0,0.0,0.0,13.80002648819227
GC0_FL360,2022-03-01 01:12:00.000000000,-0.01038640460530521,50.94734568796158,10972.8,22728.94085815235,209.65294,0.5530838547013552,0.9749371852072178,1.0,0.0,0.0,13.800021428178642
GC0_FL360,2022-03-01 01:13:00.000000000,0.14542881799142826,51.02337906239046,10972.8,22728.94085815235,209.52164,0.5791561652588708,1.0217136476355446,1.0,1.0,1.0,13.800016316031584
GC0_FL360,2022-03-01 01:14:00.000000000,0.30175510404023853,51.099204629299564,10972.8,22728.94085815235,209.41196,0.6104358586253723,1.0776159632681066,1.0,1.0,1.0,13.80001115226905
GC0_FL360,2022-03-01 01:15:00.000000000,0.45859410727043437,51.17482114257816,10972.8,22728.94085815235,209.32071,0.6345689235306408,1.1208331184304263,1.0,1.0,1.0,13.8000059374454
GC0_FL360,2022-03-01 01:16:00.000000000,0.6159474712251815,51.25022734992915,10972.8,22728.94085815235,209.30188,0.6342197403670786,1.1203430493669144,1.0,1.0,1.0,13.800000672141353
GC0_FL360,2022-03-01 01:17:00.000000000,0.7738168289243615,51.325421992876,10972.8,22728.94085815235,209.3587,0.6166598471153238,1.0889496052764087,1.0,1.0,1.0,13.7999953569759
GC0_FL360,2022-03-01 01:18:00.000000000,0.932203802522942,51.400403806770754,10972.8,22728.94085815235,209.47467,0.5901596563730971,1.041421221261059,1.0,1.0,1.0,13.799989992598045
GC0_FL360,2022-03-01 01:19:00.000000000,1.0911100029643799,51.47517152080301,10972.8,22728.94085815235,209.60765,0.5650337460129475,0.9962775285287361,1.0,0.0,0.0,13.79998457969091
GC0_FL360,2022-03-01 01:20:00.000000000,1.2505370296295943,51.549723858009905,10972.8,22728.94085815235,209.76056,0.5492717933698779,0.9675822937990824,1.0,0.0,0.0,13.799979118975191
GC0_FL360,2022-03-01 01:21:00.000000000,1.410486469980993,51.62405953528727,10972.8,22728.94085815235,209.8557,0.5443306384866107,0.9583199225136303,1.0,0.0,0.0,13.799973611204168
GC0_FL360,2022-03-01 01:22:00.000000000,1.570959899201897,51.698177263401696,10972.8,22728.94085815235,209.92268,0.5431691124885183,0.9558830467330497,1.0,0.0,0.0,13.799968057170684
GC0_FL360,2022-03-01 01:23:00.000000000,1.7319588798311787,51.77207574700383,10972.8,22728.94085815235,209.97833,0.5444244498656532,0.9577676878127638,1.0,0.0,0.0,13.799962457699413
GC0_FL360,2022-03-01 01:24:00.000000000,1.8934849613930664,51.84575368464275,10972.8,22728.94085815235,209.97899,0.555709727731083,0.9776152090745602,1.0,0.0,0.0,13.799956813657149
GC0_FL360,2022-03-01 01:25:00.000000000,2.055539680022396,51.91920976878139,10972.8,22728.94085815235,209.961,0.5701715894348588,1.003168501604294,1.0,1.0,1.0,13.800042154299087
GC0_FL360,2022-03-01 01:26:00.000000000,2.2181278486239693,51.99244129650124,10972.8,22728.94085815235,209.92644,0.5970279247016341,1.050640800943626,1.0,1.0,1.0,13.800038395347975
GC0_FL360,2022-03-01 01:27:00.000000000,2.381247755746821,52.06544829902248,10972.8,22728.94085815235,209.88927,0.6252390306029094,1.1005385946865718,1.0,1.0,1.0,13.800033137066887
GC0_FL360,2022-03-01 01:28:00.000000000,2.5449008423555197,52.13822947261712,10972.8,22728.94085815235,209.84958,0.652323470009467,1.1484877848357957,1.0,1.0,1.0,13.800027830685213
GC0_FL360,2022-03-01 01:29:00.000000000,2.7090885869023626,52.210783485473385,10972.8,22728.94085815235,209.81607,0.6752006881709977,1.1890110380080248,1.0,1.0,1.0,13.800022477008898
GC0_FL360,2022-03-01 01:30:00.000000000,2.873812452494847,52.283108999789214,10972.8,22728.94085815235,209.79683,0.6889852191214131,1.213428640984147,1.0,1.0,1.0,13.800017076881304
GC0_FL360,2022-03-01 01:31:00.000000000,3.039073886492103,52.35520467179508,10972.8,22728.94085815235,209.78433,0.6976821870575289,1.2288392741095422,1.0,1.0,1.0,13.8000116311833
GC0_FL360,2022-03-01 01:32:00.000000000,3.204874320096632,52.42706915177804,10972.8,22728.94085815235,209.77238,0.6992580886781924,1.2317016480463185,1.0,1.0,1.0,13.80000614083744
GC0_FL360,2022-03-01 01:33:00.000000000,3.3712151679413354,52.498701084107154,10972.8,22728.94085815235,209.76773,0.6939179185582363,1.222333618168351,1.0,1.0,1.0,13.800000606803097
GC0_FL360,2022-03-01 01:34:00.000000000,3.538097827671728,52.57009910726018,10972.8,22728.94085815235,209.76707,0.6896097034872266,1.214747462764721,1.0,1.0,1.0,13.799995030082775
GC0_FL360,2022-03-01 01:35:00.000000000,3.705523679523632,52.64126185385161,10972.8,22728.94085815235,209.76135,0.6792100604085513,1.1964727896669551,1.0,1.0,1.0,13.799989411721297
GC0_FL360,2022-03-01 01:36:00.000000000,3.8734940858960045,52.71218795066221,10972.8,22728.94085815235,209.7485,0.6671904576458105,1.1753906249585624,1.0,1.0,1.0,13.799983752801687
GC0_FL360,2022-03-01 01:37:00.000000000,4.04201039091922,52.78287601866978,10972.8,22728.94085815235,209.72939,0.6525919639311941,1.1498073824780564,1.0,1.0,1.0,13.799978054452163
GC0_FL360,2022-03-01 01:38:00.000000000,4.211073920018708,52.853324673081396,10972.8,22728.94085815235,209.69576,0.6315562735529815,1.1129715092017411,1.0,1.0,1.0,13.799972317845754
GC0_FL360,2022-03-01 01:39:00.000000000,4.380685979473958,52.92353252336716,10972.8,22728.94085815235,209.6574,0.6085098743223094,1.0726099901482482,1.0,1.0,1.0,13.79996654419649
GC0_FL360,2022-03-01 01:40:00.000000000,4.550847855972988,52.993498173295265,10972.8,22728.94085815235,209.60735,0.5863712899281743,1.0339029989230497,1.0,1.0,1.0,13.799960734763747
GC0_FL360,2022-03-01 01:41:00.000000000,4.72156081616213,53.06322022096875,10972.8,22728.94085815235,209.55428,0.5647063809412826,0.9960256453864462,1.0,0.0,0.0,13.799954890854742
GC0_FL360,2022-03-01 01:42:00.000000000,4.892826106191535,53.13269725886355,10972.8,22728.94085815235,209.49908,0.5517353677426321,0.9734736680492884,1.0,0.0,0.0,13.80004369387429
GC0_FL360,2022-03-01 01:43:00.000000000,5.064648373766797,53.201926344915194,10972.8,22728.94085815235,209.44075,0.5411392478362099,0.9551160558005791,1.0,0.0,0.0,13.800040019521948
GC0_FL360,2022-03-01 01:44:00.000000000,5.237025480446346,53.270907542595175,10972.8,22728.94085815235,209.3845,0.534209122543921,0.9432055145485899,1.0,0.0,0.0,13.800034486742401
GC0_FL360,2022-03-01 01:45:00.000000000,5.409958542016128,53.339639456889614,10972.8,22728.94085815235,209.32695,0.5301974148991154,0.9364498800335549,1.0,0.0,0.0,13.800028914083532
GC0_FL360,2022-03-01 01:46:00.000000000,5.583448717588524,53.40812065808024,10972.8,22728.94085815235,209.25996,0.5296378105000097,0.9358369598324142,1.0,0.0,0.0,13.80002330277767
GC0_FL360,2022-03-01 01:47:00.000000000,5.757497143428711,53.47634971103695,10972.8,22728.94085815235,209.18103,0.5333241306818098,0.9428018188889187,1.0,0.0,0.0,13.800017654102959
GC0_FL360,2022-03-01 01:48:00.000000000,5.932104932473757,53.54432517526539,10972.8,22728.94085815235,209.13455,0.5387992920370438,0.9527511857929137,1.0,0.0,0.0,13.800011969384423
GC0_FL360,2022-03-01 01:49:00.000000000,6.10727317384737,53.612045604956435,10972.8,22728.94085815235,209.09898,0.5452353497482699,0.9643403288579193,1.0,0.0,0.0,13.800006249993439
GC0_FL360,2022-03-01 01:50:00.000000000,6.283002932370696,53.679509549037114,10972.8,22728.94085815235,209.08383,0.5503449386559616,0.9734632772979694,1.0,0.0,0.0,13.800000497350158
GC0_FL360,2022-03-01 01:51:00.000000000,6.459295248068937,53.746715551223396,10972.8,22728.94085815235,209.14908,0.5462910237070615,0.9659151320576419,1.0,0.0,0.0,13.799994712920459
GC0_FL360,2022-03-01 01:52:00.000000000,6.636151135673946,53.81366215007467,10972.8,22728.94085815235,209.2322,0.5399816019986788,0.9542764239607975,1.0,0.0,0.0,13.799988898221487
GC0_FL360,2022-03-01 01:53:00.000000000,6.8135715841229665,53.88034787904993,10972.8,22728.94085815235,209.35602,0.5280468621433165,0.9324878741658382,1.0,0.0,0.0,13.799983054817007
GC0_FL360,2022-03-01 01:54:00.000000000,6.991557556053451,53.94677126656574,10972.8,22728.94085815235,209.55591,0.5072252953477104,0.8946291549418164,1.0,0.0,0.0,13.79997718432221
GC0_FL360,2022-03-01 01:55:00.000000000,7.170109987294104,54.01293083605608,10972.8,22728.94085815235,209.74867,0.4860034905320445,0.8561922767414674,1.0,0.0,0.0,13.799971288402922
GC0_FL360,2022-03-01 01:56:00.000000000,7.349229786352257,54.07882510603384,10972.8,22728.94085815235,209.92351,0.46528250985766445,0.8188134129396105,1.0,0.0,0.0,13.799965368775869
GC0_FL360,2022-03-01 01:57:00.000000000,7.5289178338974985,54.144452590154366,10972.8,22728.94085815235,210.08446,0.4459741769065248,0.784057833922107,1.0,0.0,0.0,13.799959427205792
GC0_FL360,2022-03-01 01:58:00.000000000,7.709174982241969,54.20981179728059,10972.8,22728.94085815235,210.20413,0.42967958949899093,0.7548572056975436,1.0,0.0,0.0,13.799953465513312
GC0_FL360,2022-03-01 01:59:00.000000000,7.890002054816966,54.2749012315503,10972.8,22728.94085815235,210.26918,0.41673712711615235,0.7318275324848823,1.0,0.0,0.0,13.800044709298199
GC0_FL360,2022-03-01 02:00:00.000000000,8.07140336006643,54.3397177150441,10972.8,22728.94085815235,210.30318,0.4058546867320225,0.7125680299122619,1.0,0.0,0.0,13.800041165932434
GC0_FL360,2022-03-01 02:01:00.000000000,8.253376235746266,54.4042613638653,10972.8,22728.94085815235,210.30515,0.3969217289080053,0.6968755130404292,1.0,0.0,0.0,13.80003540717797
GC0_FL360,2022-03-01 02:02:00.000000000,8.435921335887098,54.46853070587913,10972.8,22728.94085815235,210.2841,0.3925891494914914,0.689356760798206,1.0,0.0,0.0,13.800029620699759
GC0_FL360,2022-03-01 02:03:00.000000000,8.61903936252284,54.532524226953534,10972.8,22728.94085815235,210.2615,0.39153403342828347,0.6876001689678367,1.0,0.0,0.0,13.800023808234585
GC0_FL360,2022-03-01 02:04:00.000000000,8.802730986129248,54.5962404085977,10972.8,22728.94085815235,210.24196,0.3917990651050743,0.6881486319298515,1.0,0.0,0.0,13.80001797157137
GC0_FL360,2022-03-01 02:05:00.000000000,8.986996845082029,54.659677728041075,10972.8,22728.94085815235,210.23143,0.39251145595753384,0.6894453384000271,1.0,0.0,0.0,13.80001211255036
GC0_FL360,2022-03-01 02:06:00.000000000,9.171837545112288,54.72283465831418,10972.8,22728.94085815235,210.23878,0.39820934153822884,0.6994220693240227,1.0,0.0,0.0,13.800006233064313
GC0_FL360,2022-03-01 02:07:00.000000000,9.357253658759396,54.785709668331585,10972.8,22728.94085815235,210.2505,0.400760995220049,0.7038518082831247,1.0,0.0,0.0,13.800000335060249
GC0_FL360,2022-03-01 02:08:00.000000000,9.543245724821515,54.84830122297688,10972.8,22728.94085815235,210.27144,0.40300813938583135,0.7077075052428143,1.0,0.0,0.0,13.79999442053751
GC0_FL360,2022-03-01 02:09:00.000000000,9.729814247803706,54.91060778318973,10972.8,22728.94085815235,210.30443,0.4072999772417808,0.7150987005541367,1.0,0.0,0.0,13.799988491549682
GC0_FL360,2022-03-01 02:10:00.000000000,9.916959697363977,54.97262780605501,10972.8,22728.94085815235,210.32353,0.4092145724522261,0.7183757653292925,1.0,0.0,0.0,6.1100550360113415
GC0_FL360,2022-03-01 02:10:26.566305980,10.0,55.0,10972.8,22728.94085815235,210.32904,0.40870617619963046,0.7174594319566115,1.0,0.0,0.0,0.0
NW150_FL360,2022-03-01 00:00:00.000000000,-10.000000000000002,45.00000000000001,10972.8,22728.94085815235,211.58328,0.6760531579887934,1.1775319174025136,1.0,1.0,1.0,13.800014615529586
NW150_FL360,2022-03-01 00:01:00.000000000,-9.911943680217473,45.10739059751919,10972.8,22728.94085815235,211.57317,0.6509300551917234,1.1338443354642416,1.0,1.0,1.0,13.800013510743517
NW150_FL360,2022-03-01 00:02:00.000000000,-9.823535417039643,45.21470503205091,10972.8,22728.94085815235,211.49432,0.6484749890396556,1.1301318405428817,1.0,1.0,1.0,13.800012336604626
NW150_FL360,2022-03-01 00:03:00.000000000,-9.734752775491534,45.32193450949788,10972.8,22728.94085815235,211.42404,0.6473225502901573,1.128619670505016,1.0,1.0,1.0,13.800011102228465
NW150_FL360,2022-03-01 00:04:00.000000000,-9.64557321962325,45.4290701602766,10972.8,22728.94085815235,211.42787,0.6233574422632782,1.086812601960754,1.0,1.0,1.0,13.800009817596628
NW150_FL360,2022-03-01 00:05:00.000000000,-9.555974120765597,45.53610303447345,10972.8,22728.94085815235,211.43019,0.6028164033508829,1.050983387910442,1.0,1.0,1.0,13.800008493466299
NW150_FL360,2022-03-01 00:06:00.000000000,-9.465932766099801,45.64302409705574,10972.8,22728.94085815235,211.4247,0.5895196330107784,1.0278340802707775,1.0,1.0,1.0,13.8000071412585
NW150_FL360,2022-03-01 00:07:00.000000000,-9.37542636757764,45.74982422315823,10972.8,22728.94085815235,211.41998,0.5783954859568556,1.0084701801710791,1.0,1.0,1.0,13.800005772917848
NW150_FL360,2022-03-01 00:08:00.000000000,-9.284432071228174,45.85649419346592,10972.8,22728.94085815235,211.45284,0.5585912644285013,0.9737406516889728,1.0,0.0,0.0,13.800004400762623
NW150_FL360,2022-03-01 00:09:00.000000000,-9.192926966886413,45.96302468971482,10972.8,22728.94085815235,211.4546,0.5418786101697735,0.9445951693767651,1.0,0.0,0.0,13.800003037318143
NW150_FL360,2022-03-01 00:10:00.000000000,-9.100888098379096,46.069406290332594,10972.8,22728.94085815235,211.48708,0.5204586062564391,0.9070708041839132,1.0,0.0,0.0,13.800001695131416
NW150_FL360,2022-03-01 00:11:00.000000000,-9.008292474201193,46.175629466241716,10972.8,22728.94085815235,211.50026,0.5023267560942969,0.875397523293069,1.0,0.0,0.0,13.800000386583605
NW150_FL360,2022-03-01 00:12:00.000000000,-8.915117078716126,46.2816845768484,10972.8,22728.94085815235,211.54935,0.4810183981108015,0.8380042388011555,1.0,0.0,0.0,13.799999123681374
NW150_FL360,2022-03-01 00:13:00.000000000,-8.82133888391088,46.38756186624089,10972.8,22728.94085815235,211.62227,0.45891978427574126,0.799138285359078,1.0,0.0,0.0,13.799997917859939
NW150_FL360,2022-03-01 00:14:00.000000000,-8.726934861735826,46.49325145962168,10972.8,22728.94085815235,211.67235,0.44125364975451253,0.7681323004832181,1.0,0.0,0.0,13.799996779771385
NW150_FL360,2022-03-01 00:15:00.000000000,-8.631881997057086,46.59874335999853,10972.8,22728.94085815235,211.813,0.41729892482143344,0.7257868852704392,1.0,0.0,0.0,13.799995719077321
NW150_FL360,2022-03-01 00:16:00.000000000,-8.536157301247139,46.70402744515966,10972.8,22728.94085815235,211.94388,0.3944140717767505,0.6854175952788641,1.0,0.0,0.0,13.79999474425429
NW150_FL360,2022-03-01 00:17:00.000000000,-8.439737826436936,46.809093464959474,10972.8,22728.94085815235,212.13567,0.36761664818288764,0.6380698360095091,1.0,0.0,0.0,13.799993862396043
NW150_FL360,2022-03-01 00:18:00.000000000,-8.342600680450126,46.91393103894103,10972.8,22728.94085815235,212.37013,0.33875940313252606,0.5871043569434444,1.0,0.0,0.0,13.799993079039334
NW150_FL360,2022-03-01 00:19:00.000000000,-8.244723042436963,47.01852965432236,10972.8,22728.94085815235,212.59583,0.3118606767974705,0.5397059441235497,1.0,0.0,0.0,13.79999239800333
NW150_FL360,2022-03-01 00:20:00.000000000,-8.146082179222427,47.12287866437407,10972.8,22728.94085815235,212.84459,0.28538189268500475,0.4930912506733425,1.0,0.0,0.0,13.799991821243808
NW150_FL360,2022-03-01 00:21:00.000000000,-8.046655462379125,47.22696728721557,10972.8,22728.94085815235,213.0844,0.2601073692700638,0.4487257534453025,1.0,0.0,0.0,13.79999134873503
NW150_FL360,2022-03-01 00:22:00.000000000,-7.946420386032092,47.33078460505782,10972.8,22728.94085815235,213.31418,0.23930052699116125,0.41221511764099145,1.0,0.0,0.0,13.799990978379531
NW150_FL360,2022-03-01 00:23:00.000000000,-7.845354585398439,47.434319563920425,10972.8,22728.94085815235,213.55638,0.21989121167212972,0.3781839208875015,1.0,0.0,0.0,13.799990705942896
NW150_FL360,2022-03-01 00:24:00.000000000,-7.743435856059993,47.537560973850695,10972.8,22728.94085815235,213.77222,0.20350170113927898,0.34950200571851703,1.0,0.0,0.0,13.799990525026583
NW150_FL360,2022-03-01 00:25:00.000000000,-7.640642173962943,47.64049750967218,10972.8,22728.94085815235,213.95227,0.19017908261161068,0.3262340321203305,1.0,0.0,0.0,13.799990427059264
NW150_FL360,2022-03-01 00:26:00.000000000,-7.536951716133178,47.743117712289695,10972.8,22728.94085815235,214.09473,0.17795740813122954,0.3049828598239632,1.0,0.0,0.0,13.799990401351167
NW150_FL360,2022-03-01 00:27:00.000000000,-7.432342882090881,47.84540999057738,10972.8,22728.94085815235,214.18257,0.16848056689890079,0.2885730990368118,1.0,0.0,0.0,13.799990435152703
NW150_FL360,2022-03-01 00:28:00.000000000,-7.32679431594254,47.94736262387532,10972.8,22728.94085815235,214.27086,0.15847830847201966,0.27128287490813424,1.0,0.0,0.0,13.799990513782763
NW150_FL360,2022-03-01 00:29:00.000000000,-7.220284929122936,48.04896376511957,10972.8,22728.94085815235,214.29625,0.15045232656414598,0.2575008081900767,1.0,0.0,0.0,13.799990620759637
NW150_FL360,2022-03-01 00:30:00.000000000,-7.112793923753648,48.15020144462874,10972.8,22728.94085815235,214.27167,0.14432698014715176,0.24705776689940884,1.0,0.0,0.0,13.799990738007454
NW150_FL360,2022-03-01 00:31:00.000000000,-7.00430081657882,48.251063574569415,10972.8,22728.94085815235,214.24973,0.13802772045146067,0.2363089068265701,1.0,0.0,0.0,13.799990846062991
NW150_FL360,2022-03-01 00:32:00.000000000,-6.894785463432784,48.351537954120296,10972.8,22728.94085815235,214.17496,0.13915137496560182,0.23835008278961212,1.0,0.0,0.0,13.79999092434128
NW150_FL360,2022-03-01 00:33:00.000000000,-6.784228084187853,48.45161227535354,10972.8,22728.94085815235,214.08362,0.14140053274346864,0.24234942573446572,1.0,0.0,0.0,13.79999095142065
NW150_FL360,2022-03-01 00:34:00.000000000,-6.672609288124424,48.55127412984912,10972.8,22728.94085815235,214.00456,0.1466858353293004,0.25153899677140046,1.0,0.0,0.0,13.799990905357314
NW150_FL360,2022-03-01 00:35:00.000000000,-6.559910099659522,48.650511016055766,10972.8,22728.94085815235,213.9173,0.1493857365910631,0.256316529707367,1.0,0.0,0.0,13.799990764032621
NW150_FL360,2022-03-01 00:36:00.000000000,-6.446111984363311,48.74931034740906,10972.8,22728.94085815235,213.80031,0.14889675590951562,0.2556739346064517,1.0,0.0,0.0,13.799990505510175
NW150_FL360,2022-03-01 00:37:00.000000000,-6.331196875187807,48.84765946121438,10972.8,22728.94085815235,213.6954,0.14874519237956127,0.25558961992055423,1.0,0.0,0.0,13.799990108416592
NW150_FL360,2022-03-01 00:38:00.000000000,-6.215147198825244,48.94554562829887,10972.8,22728.94085815235,213.55907,0.14923811443856702,0.25666531539741433,1.0,0.0,0.0,13.799989552329267
NW150_FL360,2022-03-01 00:39:00.000000000,-6.097945902109083,49.04295606343325,10972.8,22728.94085815235,213.45364,0.1533803507715364,0.26397107385463053,1.0,0.0,0.0,13.799988818168638
NW150_FL360,2022-03-01 00:40:00.000000000,-5.979576478364332,49.13987793652022,10972.8,22728.94085815235,213.37578,0.15744081782731112,0.27109684745656265,1.0,0.0,0.0,13.799987888596085
NW150_FL360,2022-03-01 00:41:00.000000000,-5.860022993609616,49.23629838454239,10972.8,22728.94085815235,213.27637,0.16069916743327883,0.2768855460565296,1.0,0.0,0.0,13.799986748391927
NW150_FL360,2022-03-01 00:42:00.000000000,-5.739270112508919,49.33220452425832,10972.8,22728.94085815235,213.2446,0.16179746807267853,0.2788367246588858,1.0,0.0,0.0,13.799985384831924
NW150_FL360,2022-03-01 00:43:00.000000000,-5.617303123966524,49.42758346563079,10972.8,22728.94085815235,213.24188,0.1634951196691061,0.28176658899872337,1.0,0.0,0.0,13.799983788033904
NW150_FL360,2022-03-01 00:44:00.000000000,-5.4941079662560375,49.52242232596687,10972.8,22728.94085815235,213.24655,0.16168590069379393,0.2786404735892573,1.0,0.0,0.0,13.799981951284067
NW150_FL360,2022-03-01 00:45:00.000000000,-5.369671251570929,49.61670824474481,10972.8,22728.94085815235,213.29373,0.15983347037292264,0.2753634830551194,1.0,0.0,0.0,13.799979871326002
NW150_FL360,2022-03-01 00:46:00.000000000,-5.243980289882591,49.710428399097715,10972.8,22728.94085815235,213.34244,0.15779792293522413,0.27177025297066804,1.0,0.0,0.0,13.799977548611706
NW150_FL360,2022-03-01 00:47:00.000000000,-5.117023111990287,49.803570019919526,10972.8,22728.94085815235,213.39322,0.1535260892089286,0.26432621189795846,1.0,0.0,0.0,13.799974987505227
NW150_FL360,2022-03-01 00:48:00.000000000,-4.988788491647018,49.896120408553536,10972.8,22728.94085815235,213.44029,0.14974639748759716,0.2577390057317932,1.0,0.0,0.0,13.799972196443608
NW150_FL360,2022-03-01 00:49:00.000000000,-4.85926596664584,49.98806695401959,10972.8,22728.94085815235,213.46289,0.15324072395770238,0.26371473161357,1.0,0.0,0.0,13.79996918802526
NW150_FL360,2022-03-01 00:50:00.000000000,-4.728445858752139,50.079397150730635,10972.8,22728.94085815235,213.46242,0.15495969484321817,0.26667306735433066,1.0,0.0,0.0,13.799965979069924
NW150_FL360,2022-03-01 00:51:00.000000000,-4.596319292369935,50.17009861664571,10972.8,22728.94085815235,213.45763,0.15313681761745682,0.2635451402467354,1.0,0.0,0.0,13.799962590579305
NW150_FL360,2022-03-01 00:52:00.000000000,-4.462878211833166,50.26015911180118,10972.8,22728.94085815235,213.43517,0.15248174841044404,0.2624559781746538,1.0,0.0,0.0,13.799959047664926
NW150_FL360,2022-03-01 00:53:00.000000000,-4.328115397217069,50.34956655715893,10972.8,22728.94085815235,213.3289,0.15555385708650804,0.2679291380783566,1.0,0.0,0.0,13.799955379398677
NW150_FL360,2022-03-01 00:54:00.000000000,-4.192024478569649,50.43830905370571,10972.8,22728.94085815235,213.21393,0.15809138709478726,0.27250354544184385,1.0,0.0,0.0,13.799951618596008
NW150_FL360,2022-03-01 00:55:00.000000000,-4.05459994846935,50.526374901734854,10972.8,22728.94085815235,213.08165,0.16305371996340276,0.2812987163615471,1.0,0.0,0.0,13.799947801542151
NW150_FL360,2022-03-01 00:56:00.000000000,-3.915837172821923,50.61375262023863,10972.8,22728.94085815235,212.92995,0.16986931157600077,0.2933440106367724,1.0,0.0,0.0,13.799961634315533
NW150_FL360,2022-03-01 00:57:00.000000000,-3.775730534366871,50.70042998100058,10972.8,22728.94085815235,212.77641,0.17601977893658888,0.30426662192800774,1.0,0.0,0.0,13.800015187556577
NW150_FL360,2022-03-01 00:58:00.000000000,-3.634272966085093,50.78639370865784,10972.8,22728.94085815235,212.63843,0.18555176832524387,0.3210277250237309,1.0,0.0,0.0,13.800009923240955
NW150_FL360,2022-03-01 00:59:00.000000000,-3.491468425213449,50.87163617748502,10972.8,22728.94085815235,212.51372,0.19512617059725032,0.33786397281636443,1.0,0.0,0.0,13.800004456466626
NW150_FL360,2022-03-01 01:00:00.000000000,-3.3473158711349957,50.956146985350514,10972.8,22728.94085815235,212.39323,0.20241121499392337,0.350748144635506,1.0,0.0,0.0,13.799998839363584
NW150_FL360,2022-03-01 01:01:00.000000000,-3.201815162333295,51.03991604591398,10972.8,22728.94085815235,212.33025,0.20721341229093235,0.3592142920764291,1.0,0.0,0.0,13.799993126409735
NW150_FL360,2022-03-01 01:02:00.000000000,-3.0549670550937402,51.122933607024926,10972.8,22728.94085815235,212.32007,0.20947717309518732,0.3631615220997407,1.0,0.0,0.0,13.799987373795798
NW150_FL360,2022-03-01 01:03:00.000000000,-2.9067732000863327,51.20519026867862,10972.8,22728.94085815235,212.28352,0.21039311562400356,0.3648347607239541,1.0,0.0,0.0,13.799981638763203
NW150_FL360,2022-03-01 01:04:00.000000000,-2.75723613682413,51.28667700045241,10972.8,22728.94085815235,212.24927,0.2115169523882626,0.36686377321161856,1.0,0.0,0.0,13.799975978917063
NW150_FL360,2022-03-01 01:05:00.000000000,-2.6063592860038653,51.367385158347936,10972.8,22728.94085815235,212.2225,0.21373579161773196,0.3707753532508429,1.0,0.0,0.0,13.799970451534813
NW150_FL360,2022-03-01 01:06:00.000000000,-2.4541469397475377,51.44730650096773,10972.8,22728.94085815235,212.19698,0.21447853980506787,0.37212422929669614,1.0,0.0,0.0,13.799965112869177
NW150_FL360,2022-03-01 01:07:00.000000000,-2.300604249774821,51.526433204957165,10972.8,22728.94085815235,212.19302,0.21459646695094076,0.3723386070457927,1.0,0.0,0.0,13.799960017463881
NW150_FL360,2022-03-01 01:08:00.000000000,-2.145737213549071,51.60475787964777,10972.8,22728.94085815235,212.225,0.21348578146983155,0.3703354845404171,1.0,0.0,0.0,13.799955217494318
NW150_FL360,2022-03-01 01:09:00.000000000,-1.9895526584501013,51.682273580841326,10972.8,22728.94085815235,212.22075,0.21192031255150576,0.3676306902279391,1.0,0.0,0.0,13.799950762132118
NW150_FL360,2022-03-01 01:10:00.000000000,-1.832058224038491,51.758973823679455,10972.8,22728.94085815235,212.22325,0.20658281910624113,0.35836502170237333,1.0,0.0,0.0,13.799946696952656
NW150_FL360,2022-03-01 01:11:00.000000000,-1.6732623424866224,51.83485259454882,10972.8,22728.94085815235,212.28267,0.2003567257593033,0.3474319098498173,1.0,0.0,0.0,13.799943063395368
NW150_FL360,2022-03-01 01:12:00.000000000,-1.513174217261294,51.909904361977446,10972.8,22728.94085815235,212.30173,0.19519589558960707,0.33844318006518864,1.0,0.0,0.0,13.799939898272926
NW150_FL360,2022-03-01 01:13:00.000000000,-1.3518038001522044,51.98412408648381,10972.8,22728.94085815235,212.30785,0.19009738244255195,0.3295890063593557,1.0,0.0,0.0,13.799939745243607
NW150_FL360,2022-03-01 01:14:00.000000000,-1.1891615462200298,52.057507082236924,10972.8,22728.94085815235,212.31898,0.1862728573238188,0.3229358509798558,1.0,0.0,0.0,13.800020924011612
NW150_FL360,2022-03-01 01:15:00.000000000,-1.0252518319892376,52.13004458185368,10972.8,22728.94085815235,212.28468,0.1842983101108252,0.3195818260154517,1.0,0.0,0.0,13.800013978858964
NW150_FL360,2022-03-01 01:16:00.000000000,-0.8600941937770141,52.20173800568454,10972.8,22728.94085815235,212.21825,0.18852094664754468,0.3270431785999043,1.0,0.0,0.0,13.800007477983955
NW150_FL360,2022-03-01 01:17:00.000000000,-0.6937013373187131,52.27258437763797,10972.8,22728.94085815235,212.13304,0.19402898206984143,0.33678039672186943,1.0,0.0,0.0,13.800001452770012
NW150_FL360,2022-03-01 01:18:00.000000000,-0.5260865789675423,52.34258124591907,10972.8,22728.94085815235,212.03726,0.19861122938132536,0.34494427112867937,1.0,0.0,0.0,13.799995928589095
NW150_FL360,2022-03-01 01:19:00.000000000,-0.35726381511859207,52.4117266860437,10972.8,22728.94085815235,211.90852,0.21025274054576015,0.36546114421975295,1.0,0.0,0.0,13.79999092471825
NW150_FL360,2022-03-01 01:20:00.000000000,-0.1872474908346242,52.480019302721765,10972.8,22728.94085815235,211.76962,0.22406036481782615,0.38980455450006746,1.0,0.0,0.0,13.799986454317708
NW150_FL360,2022-03-01 01:21:00.000000000,-0.0160525678074433,52.54745823062341,10972.8,22728.94085815235,211.6457,0.2403017120983155,0.41838678111889843,1.0,0.0,0.0,13.799982524503399
NW150_FL360,2022-03-01 01:22:00.000000000,0.15630550821031364,52.614043134048934,10972.8,22728.94085815235,211.56465,0.26267421926368123,0.45757247650722227,1.0,0.0,0.0,13.79997913648606
NW150_FL360,2022-03-01 01:23:00.000000000,0.329810840369795,52.67977420552756,10972.8,22728.94085815235,211.45282,0.28471919124170775,0.49632474059776116,1.0,0.0,0.0,13.799976285786364
NW150_FL360,2022-03-01 01:24:00.000000000,0.5044471139547051,52.74465216337665,10972.8,22728.94085815235,211.30353,0.30578277030567513,0.5335418830446542,1.0,0.0,0.0,13.799973962517008
NW150_FL360,2022-03-01 01:25:00.000000000,0.680197629744843,52.80867824825721,10972.8,22728.94085815235,211.26027,0.32340025497364183,0.5644355118677723,1.0,0.0,0.0,13.799972151720771
NW150_FL360,2022-03-01 01:26:00.000000000,0.857045337388637,52.8718542187659,10972.8,22728.94085815235,211.21367,0.3410267637933846,0.5953702447806881,1.0,0.0,0.0,13.799970833761792
NW150_FL360,2022-03-01 01:27:00.000000000,1.034972868662569,52.93418234610838,10972.8,22728.94085815235,211.15619,0.3604212614053271,0.6294563593744554,1.0,0.0,0.0,13.799969984769
NW150_FL360,2022-03-01 01:28:00.000000000,1.2139625705007244,52.99566540790184,10972.8,22728.94085815235,211.13353,0.3815858883701629,0.6665142674689855,1.0,0.0,0.0,13.799969577100743
NW150_FL360,2022-03-01 01:29:00.000000000,1.3939965376829655,53.056306681157686,10972.8,22728.94085815235,211.14867,0.3954951652745766,0.690743882975661,1.0,0.0,0.0,13.799969579857322
NW150_FL360,2022-03-01 01:30:00.000000000,1.5750566450764563,53.11610993449817,10972.8,22728.94085815235,211.15277,0.4094923728975044,0.715171438460338,1.0,0.0,0.0,13.799969959394309
NW150_FL360,2022-03-01 01:31:00.000000000,1.7571245793312809,53.17507941966272,10972.8,22728.94085815235,211.14209,0.4252591622012909,0.7427617614877725,1.0,0.0,0.0,13.799970679859165
NW150_FL360,2022-03-01 01:32:00.000000000,1.9401818699385918,53.23321986236095,10972.8,22728.94085815235,211.10759,0.4390435304639351,0.7670005371943728,1.0,0.0,0.0,13.799971703727884
NW150_FL360,2022-03-01 01:33:00.000000000,2.1242099195660367,53.29053645253109,10972.8,22728.94085815235,211.07816,0.45070382664056585,0.7875143322734707,1.0,0.0,0.0,13.799972992333837
NW150_FL360,2022-03-01 01:34:00.000000000,2.3091900335932243,53.34703483406254,10972.8,22728.94085815235,211.02725,0.46462667177435535,0.8121017549083178,1.0,0.0,0.0,13.799974506384897
NW150_FL360,2022-03-01 01:35:00.000000000,2.4951034487770922,53.402721094041766,10972.8,22728.94085815235,210.95157,0.4819458210996701,0.8427703626377574,1.0,0.0,0.0,13.799976206465772
NW150_FL360,2022-03-01 01:36:00.000000000,2.6819313609848683,53.457601751580526,10972.8,22728.94085815235,210.8782,0.4996554425529995,0.8741376695010425,1.0,0.0,0.0,13.799978053504757
NW150_FL360,2022-03-01 01:37:00.000000000,2.8696549519397707,53.511683746284476,10972.8,22728.94085815235,210.80257,0.517131221164177,0.9051349830602045,1.0,0.0,0.0,13.799980009221503
NW150_FL360,2022-03-01 01:38:00.000000000,3.0582554149321086,53.56497442641937,10972.8,22728.94085815235,210.72798,0.5327292653087928,0.9328710710556283,1.0,0.0,0.0,13.799982036526542
NW150_FL360,2022-03-01 01:39:00.000000000,3.2477139794557783,53.61748153683056,10972.8,22728.94085815235,210.65858,0.5458639117736916,0.9562803050339385,1.0,0.0,0.0,13.799984099891018
NW150_FL360,2022-03-01 01:40:00.000000000,3.4380119347371982,53.6692132066701,10972.8,22728.94085815235,210.57967,0.5564706950052254,0.9753384114809707,1.0,0.0,0.0,13.799986165670656
NW150_FL360,2022-03-01 01:41:00.000000000,3.629130652131118,53.72017793698295,10972.8,22728.94085815235,210.49167,0.5655200786190956,0.9917390296834595,1.0,0.0,0.0,13.79998820237766
NW150_FL360,2022-03-01 01:42:00.000000000,3.821051606363487,53.770384588202695,10972.8,22728.94085815235,210.39792,0.5748379031148562,1.0086622995218995,1.0,1.0,1.0,13.799990180922991
NW150_FL360,2022-03-01 01:43:00.000000000,4.013756395608983,53.81984236760365,10972.8,22728.94085815235,210.3043,0.5837554872255308,1.024901890896831,1.0,1.0,1.0,13.79999207479392
NW150_FL360,2022-03-01 01:44:00.000000000,4.207226760395775,53.868560816754226,10972.8,22728.94085815235,210.20241,0.580587430001435,1.0199810647139387,1.0,1.0,1.0,13.79999386020077
NW150_FL360,2022-03-01 01:45:00.000000000,4.401444601336398,53.9165497990135,10972.8,22728.94085815235,210.0844,0.5802495923718207,1.020129360591329,1.0,1.0,1.0,13.799995516168021
NW150_FL360,2022-03-01 01:46:00.000000000,4.59639199568854,53.96381948710966,10972.8,22728.94085815235,209.95969,0.5699266103358693,1.0027448622497968,1.0,1.0,1.0,13.799997024593432
NW150_FL360,2022-03-01 01:47:00.000000000,4.792051212754257,54.01038035083665,10972.8,22728.94085815235,209.8252,0.5569349959237095,0.9806943766325703,1.0,0.0,0.0,13.799998370255315
NW150_FL360,2022-03-01 01:48:00.000000000,4.988404728130883,54.05624314490155,10972.8,22728.94085815235,209.66817,0.5474088742216059,0.9648423098266445,1.0,0.0,0.0,13.799999540791967
NW150_FL360,2022-03-01 01:49:00.000000000,5.185435236830494,54.101418896952666,10972.8,22728.94085815235,209.52844,0.5387622380920913,0.9504085869825629,1.0,0.0,0.0,13.800000526639762
NW150_FL360,2022-03-01 01:50:00.000000000,5.383125665288684,54.14591889581483,10972.8,22728.94085815235,209.39737,0.5325713316379243,0.9402392509829168,1.0,0.0,0.0,13.800001320950413
NW150_FL360,2022-03-01 01:51:00.000000000,5.581459182286482,54.18975467995547,10972.8,22728.94085815235,209.26688,0.531462954327884,0.9390245430524561,1.0,0.0,0.0,13.800001919470516
NW150_FL360,2022-03-01 01:52:00.000000000,5.780419208811863,54.23293802620198,10972.8,22728.94085815235,209.14685,0.5364472743508495,0.9485200604995441,1.0,0.0,0.0,13.800002320404134
NW150_FL360,2022-03-01 01:53:00.000000000,5.979989426890096,54.27548093872749,10972.8,22728.94085815235,209.04187,0.5454733136541348,0.965091891217964,1.0,0.0,0.0,13.800002524262844
NW150_FL360,2022-03-01 01:54:00.000000000,6.180153787413816,54.31739563831984,10972.8,22728.94085815235,208.99554,0.5525191387099143,0.9778313606533702,1.0,0.0,0.0,13.800002533692991
NW150_FL360,2022-03-01 01:55:00.000000000,6.3808965170056196,54.35869455194499,10972.8,22728.94085815235,208.98744,0.5565365299727127,0.9849900723727791,1.0,0.0,0.0,13.800002353293928
NW150_FL360,2022-03-01 01:56:00.000000000,6.5822021239473365,54.399390302613654,10972.8,22728.94085815235,209.03601,0.5549248305029446,0.9818481568748212,1.0,0.0,0.0,13.80000198943833
NW150_FL360,2022-03-01 01:57:00.000000000,6.784055403211021,54.4394956995573,10972.8,22728.94085815235,209.14973,0.5461705271136473,0.9656952620509942,1.0,0.0,0.0,13.800001450080874
NW150_FL360,2022-03-01 01:58:00.000000000,6.986441440627737,54.479023728716754,10972.8,22728.94085815235,209.26804,0.5372077644138902,0.9491688060708662,1.0,0.0,0.0,13.800000744570198
NW150_FL360,2022-03-01 01:59:00.000000000,7.18934561623043,54.51798754354435,10972.8,22728.94085815235,209.44435,0.5201398385450509,0.9180293627438333,1.0,0.0,0.0,13.799999883471097
NW150_FL360,2022-03-01 02:00:00.000000000,7.392753606807693,54.55640045611831,10972.8,22728.94085815235,209.64133,0.5002932945309295,0.8819440559808877,1.0,0.0,0.0,13.799998878381079
NW150_FL360,2022-03-01 02:01:00.000000000,7.596651387704953,54.594275928565615,10972.8,22728.94085815235,209.81876,0.4787744559706723,0.8430953457769972,1.0,0.0,0.0,13.799997741767196
NW150_FL360,2022-03-01 02:02:00.000000000,7.801025233909899,54.63162756478736,10972.8,22728.94085815235,209.96439,0.45730121470484303,0.8045651830241253,1.0,0.0,0.0,13.799996486806835
NW150_FL360,2022-03-01 02:03:00.000000000,8.005861720458118,54.66846910247922,10972.8,22728.94085815235,210.09993,0.43761603135433896,0.7692932296590832,1.0,0.0,0.0,13.799995127240448
NW150_FL360,2022-03-01 02:04:00.000000000,8.21114772219488,54.70481440543687,10972.8,22728.94085815235,210.1331,0.42279542031918144,0.7430893127464228,1.0,0.0,0.0,13.799993677240758
NW150_FL360,2022-03-01 02:05:00.000000000,8.416870412928134,54.74067745613532,10972.8,22728.94085815235,210.18224,0.40901034285194837,0.71864145916221,1.0,0.0,0.0,13.799992151289874
NW150_FL360,2022-03-01 02:06:00.000000000,8.623017264007114,54.77607234856892,10972.8,22728.94085815235,210.19795,0.401256583993987,0.7049509668442988,1.0,0.0,0.0,13.799990564074568
NW150_FL360,2022-03-01 02:07:00.000000000,8.829576042360262,54.81101328133762,10972.8,22728.94085815235,210.18947,0.3986807679481419,0.7004608758727253,1.0,0.0,0.0,13.799988930389441
NW150_FL360,2022-03-01 02:08:00.000000000,9.036534808025143,54.845514550963514,10972.8,22728.94085815235,210.19438,0.39802860810449714,0.6992933867792623,1.0,0.0,0.0,13.799987265057572
NW150_FL360,2022-03-01 02:09:00.000000000,9.243881911202225,54.87959054542058,10972.8,22728.94085815235,210.20558,0.4006548409177531,0.7038603154629686,1.0,0.0,0.0,13.799985582857834
NW150_FL360,2022-03-01 02:10:00.000000000,9.451605988863491,54.91325573785914,10972.8,22728.94085815235,210.22876,0.4019677183481475,0.7060662799594513,1.0,0.0,0.0,13.799983898464221
NW150_FL360,2022-03-01 02:11:00.000000000,9.659695960945642,54.94652468050605,10972.8,22728.94085815235,210.26587,0.40559577904995736,0.712273908247029,1.0,0.0,0.0,13.799982226394873
NW150_FL360,2022-03-01 02:12:00.000000000,9.868141026157087,54.97941199871997,10972.8,22728.94085815235,210.29877,0.40860963775354747,0.7174210292949409,1.0,0.0,0.0,8.717907553283178
NW150_FL360,2022-03-01 02:12:37.904240283,10.0,55.0,10972.8,22728.94085815235,210.3148,0.40933510529427264,0.7186256570757867,1.0,0.0,0.0,0.0
NW300_FL360,2022-03-01 00:00:00.000000000,-10.000000000000002,45.00000000000001,10972.8,22728.94085815235,211.58328,0.6760531579887934,1.1775319174025136,1.0,1.0,1.0,13.800034843118594
NW300_FL360,2022-03-01 00:01:00.000000000,-9.948323151402047,45.11861698721326,10972.8,22728.94085815235,211.6356,0.6361931280155669,1.107741663245032,1.0,1.0,1.0,13.800006665435859
NW300_FL360,2022-03-01 00:02:00.000000000,-9.896402137726424,45.2372040256995,10972.8,22728.94085815235,211.6443,0.6114111017340826,1.064532485878724,1.0,1.0,1.0,13.799977763173437
NW300_FL360,2022-03-01 00:03:00.000000000,-9.844205048187119,45.355754336568715,10972.8,22728.94085815235,211.66917,0.5882440652495636,1.0240343100928013,1.0,1.0,1.0,13.800003201880159
NW300_FL360,2022-03-01 00:04:00.000000000,-9.79169221545635,45.47425993803365,10972.8,22728.94085815235,211.69142,0.5702768165177944,0.992620003254547,1.0,0.0,0.0,13.800019831035982
NW300_FL360,2022-03-01 00:05:00.000000000,-9.73883020753365,45.592713564836444,10972.8,22728.94085815235,211.78082,0.5493807256242368,0.9557072858498787,1.0,0.0,0.0,13.799990542186567
NW300_FL360,2022-03-01 00:06:00.000000000,-9.68559173693477,45.711108893423734,10972.8,22728.94085815235,211.89389,0.5254644908684767,0.9134458889134641,1.0,0.0,0.0,13.799966575556896
NW300_FL360,2022-03-01 00:07:00.000000000,-9.631942676019541,45.82943851868831,10972.8,22728.94085815235,212.03401,0.49872697672962174,0.8662000615639391,1.0,0.0,0.0,13.800034470564826
NW300_FL360,2022-03-01 00:08:00.000000000,-9.577832641962,45.94769216492699,10972.8,22728.94085815235,212.18681,0.47111387368574925,0.8174431808010701,1.0,0.0,0.0,13.800004853679956
NW300_FL360,2022-03-01 00:09:00.000000000,-9.523242741476356,46.0658646319852,10972.8,22728.94085815235,212.3431,0.4432571959186929,0.7683422186210354,1.0,0.0,0.0,13.799975174589125
NW300_FL360,2022-03-01 00:10:00.000000000,-9.468138670649463,46.1839481275579,10972.8,22728.94085815235,212.49927,0.4145627547376168,0.7178857052861339,1.0,0.0,0.0,13.799996337513656
NW300_FL360,2022-03-01 00:11:00.000000000,-9.412475134560134,46.30193273606196,10972.8,22728.94085815235,212.66681,0.3862517721063592,0.6681418628975352,1.0,0.0,0.0,13.80002177829723
NW300_FL360,2022-03-01 00:12:00.000000000,-9.356214232217248,46.41980959140651,10972.8,22728.94085815235,212.84543,0.35867506303785507,0.6197269981698527,1.0,0.0,0.0,13.799991978487872
NW300_FL360,2022-03-01 00:13:00.000000000,-9.299331078055891,46.53757207105862,10972.8,22728.94085815235,213.01973,0.33351128628419147,0.5756000132973857,1.0,0.0,0.0,13.79996288903523
NW300_FL360,2022-03-01 00:14:00.000000000,-9.2417896335749,46.65521139046437,10972.8,22728.94085815235,213.21382,0.30932858906799116,0.5331929331759745,1.0,0.0,0.0,13.800017586397669
NW300_FL360,2022-03-01 00:15:00.000000000,-9.183533336757865,46.77271458254579,10972.8,22728.94085815235,213.41837,0.28677836522837064,0.4936649651547948,1.0,0.0,0.0,13.800012642606154
NW300_FL360,2022-03-01 00:16:00.000000000,-9.124537269676559,46.8900744241367,10972.8,22728.94085815235,213.63979,0.26864944300998206,0.4617899525215263,1.0,0.0,0.0,13.799983478538548
NW300_FL360,2022-03-01 00:17:00.000000000,-9.06476959695927,47.00728223711839,10972.8,22728.94085815235,213.8538,0.25131291144000295,0.4313832208993984,1.0,0.0,0.0,13.799955874461615
NW300_FL360,2022-03-01 00:18:00.000000000,-9.004192371172094,47.124327917170994,10972.8,22728.94085815235,214.0666,0.23797258380168165,0.40791174987204515,1.0,0.0,0.0,13.800022795812414
NW300_FL360,2022-03-01 00:19:00.000000000,-8.942742331284771,47.241195837621795,10972.8,22728.94085815235,214.29668,0.22345059163431197,0.38243733331038754,1.0,0.0,0.0,13.80000943014113
NW300_FL360,2022-03-01 00:20:00.000000000,-8.880399361758288,47.35787881023055,10972.8,22728.94085815235,214.4505,0.21525535602293047,0.36803473525494523,1.0,0.0,0.0,13.79998144097103
NW300_FL360,2022-03-01 00:21:00.000000000,-8.81712804662872,47.47436632203423,10972.8,22728.94085815235,214.64035,0.20452056930049314,0.34923879471548375,1.0,0.0,0.0,13.799955751288898
NW300_FL360,2022-03-01 00:22:00.000000000,-8.752888484884062,47.59064660231162,10972.8,22728.94085815235,214.82555,0.19511921118987882,0.33277216624580774,1.0,0.0,0.0,13.79999974357544
NW300_FL360,2022-03-01 00:23:00.000000000,-8.687621184744504,47.70670318021615,10972.8,22728.94085815235,214.99054,0.18626946809050413,0.31732753184987234,1.0,0.0,0.0,13.800014603485252
NW300_FL360,2022-03-01 00:24:00.000000000,-8.6212916133352,47.822524520353284,10972.8,22728.94085815235,215.13512,0.17853927919581186,0.3038626189276225,1.0,0.0,0.0,13.799987752859257
NW300_FL360,2022-03-01 00:25:00.000000000,-8.553869741791866,47.93809981100981,10972.8,22728.94085815235,215.27815,0.17121506852143686,0.29111583358393006,1.0,0.0,0.0,13.79996366704769
NW300_FL360,2022-03-01 00:26:00.000000000,-8.485313856181833,48.05341525950304,10972.8,22728.94085815235,215.40027,0.16441127312315504,0.2793162723249411,1.0,0.0,0.0,13.799942842235483
NW300_FL360,2022-03-01 00:27:00.000000000,-8.415581801578655,48.16845651097662,10972.8,22728.94085815235,215.47801,0.15936721310975285,0.2706046544929372,1.0,0.0,0.0,13.800016914087612
NW300_FL360,2022-03-01 00:28:00.000000000,-8.344603841813232,48.28320205518647,10972.8,22728.94085815235,215.54646,0.15504552202050298,0.2631441904940955,1.0,0.0,0.0,13.800004972425114
NW300_FL360,2022-03-01 00:29:00.000000000,-8.272359617391693,48.397641532390416,10972.8,22728.94085815235,215.58635,0.15169480961764434,0.257386929836962,1.0,0.0,0.0,13.799981440007572
NW300_FL360,2022-03-01 00:30:00.000000000,-8.198809767667017,48.511759680983936,10972.8,22728.94085815235,215.61087,0.1489954732525631,0.25276536739089234,1.0,0.0,0.0,13.799961128930406
NW300_FL360,2022-03-01 00:31:00.000000000,-8.123910851857396,48.62553969747014,10972.8,22728.94085815235,215.60403,0.1482687983695242,0.2515433613210616,1.0,0.0,0.0,13.79994434951923
NW300_FL360,2022-03-01 00:32:00.000000000,-8.047619175060253,48.73896411389615,10972.8,22728.94085815235,215.61804,0.14822054378359298,0.2514378117393094,1.0,0.0,0.0,13.799949522704459
NW300_FL360,2022-03-01 00:33:00.000000000,-7.969885434552368,48.85201334557368,10972.8,22728.94085815235,215.58011,0.14559899960213704,0.24705435399283082,1.0,0.0,0.0,13.800014181102688
NW300_FL360,2022-03-01 00:34:00.000000000,-7.890648069563789,48.96466371012504,10972.8,22728.94085815235,215.53549,0.14201622222916083,0.24104825049972423,1.0,0.0,0.0,13.799992650903825
NW300_FL360,2022-03-01 00:35:00.000000000,-7.809886021383044,49.076901625594274,10972.8,22728.94085815235,215.48792,0.13946418794097074,0.23679290672302755,1.0,0.0,0.0,13.799974108707389
NW300_FL360,2022-03-01 00:36:00.000000000,-7.727555347093408,49.1887068387166,10972.8,22728.94085815235,215.43993,0.1375179456690541,0.23356487968588144,1.0,0.0,0.0,13.799958655833514
NW300_FL360,2022-03-01 00:37:00.000000000,-7.643612181951804,49.30005836390617,10972.8,22728.94085815235,215.426,0.13587317943786403,0.23079321998861027,1.0,0.0,0.0,13.799946336900428
NW300_FL360,2022-03-01 00:38:00.000000000,-7.558012825338964,49.41093447592809,10972.8,22728.94085815235,215.44139,0.13402287304645125,0.2276266205444166,1.0,0.0,0.0,13.799937139245799
NW300_FL360,2022-03-01 00:39:00.000000000,-7.470713833585899,49.52131270557739,10972.8,22728.94085815235,215.45828,0.13220209129496716,0.22450831313047806,1.0,0.0,0.0,13.799930993467326
NW300_FL360,2022-03-01 00:40:00.000000000,-7.381672119623329,49.63116983869982,10972.8,22728.94085815235,215.50601,0.1294035049272485,0.21968473567350882,1.0,0.0,0.0,13.799935080408797
NW300_FL360,2022-03-01 00:41:00.000000000,-7.290842991180416,49.740481273968314,10972.8,22728.94085815235,215.57751,0.12668158741030797,0.21495897898809418,1.0,0.0,0.0,13.79999350665374
NW300_FL360,2022-03-01 00:42:00.000000000,-7.198169519410879,49.84921753340485,10972.8,22728.94085815235,215.65613,0.12332753468324575,0.20915566171595606,1.0,0.0,0.0,13.799978927303988
NW300_FL360,2022-03-01 00:43:00.000000000,-7.103628498314238,49.95735875096998,10972.8,22728.94085815235,215.74725,0.11978669258977885,0.20302438865446265,1.0,0.0,0.0,13.799966433137888
NW300_FL360,2022-03-01 00:44:00.000000000,-7.0071795140932345,50.06487885572919,10972.8,22728.94085815235,215.84491,0.11641962062770957,0.19718590229335878,1.0,0.0,0.0,13.79995586908043
NW300_FL360,2022-03-01 00:45:00.000000000,-6.9087830925656055,50.171751090152405,10972.8,22728.94085815235,215.9106,0.11344702371638352,0.19206491810521287,1.0,0.0,0.0,13.799947052381834
NW300_FL360,2022-03-01 00:46:00.000000000,-6.808400832996052,50.27794803570585,10972.8,22728.94085815235,215.96846,0.11071898497430166,0.18737196493613653,1.0,0.0,0.0,13.799939778560672
NW300_FL360,2022-03-01 00:47:00.000000000,-6.705995546066805,50.38344164394248,10972.8,22728.94085815235,215.99275,0.10851461213865166,0.18361070841768048,1.0,0.0,0.0,13.799933827852389
NW300_FL360,2022-03-01 00:48:00.000000000,-6.601531395219343,50.48820327332102,10972.8,22728.94085815235,216.00551,0.10651199370250693,0.1802065115197465,1.0,0.0,0.0,13.799928972027583
NW300_FL360,2022-03-01 00:49:00.000000000,-6.494974040497284,50.592203731941304,10972.8,22728.94085815235,215.99356,0.10527325327958238,0.17812526398988593,1.0,0.0,0.0,13.799924981403041
NW300_FL360,2022-03-01 00:50:00.000000000,-6.386290783920157,50.69541332633463,10972.8,22728.94085815235,215.9644,0.10428213441897831,0.17648361782249652,1.0,0.0,0.0,13.799921631877607
NW300_FL360,2022-03-01 00:51:00.000000000,-6.2754507153220995,50.797801916390625,10972.8,22728.94085815235,215.94958,0.10330757924290256,0.17485220002968554,1.0,0.0,0.0,13.799918711778243
NW300_FL360,2022-03-01 00:52:00.000000000,-6.162424857501622,50.89933897643868,10972.8,22728.94085815235,215.94102,0.10276663113391196,0.17394678211230835,1.0,0.0,0.0,13.799916028361567
NW300_FL360,2022-03-01 00:53:00.000000000,-6.0471863094495175,50.99999366243146,10972.8,22728.94085815235,215.92639,0.10220568166082504,0.17301462839300893,1.0,0.0,0.0,13.799913413752241
NW300_FL360,2022-03-01 00:54:00.000000000,-5.929710386355748,51.099734885102215,10972.8,22728.94085815235,215.97775,0.10124179260854477,0.17132221729464933,1.0,0.0,0.0,13.799910730138198
NW300_FL360,2022-03-01 00:55:00.000000000,-5.8099747550443395,51.19853138888636,10972.8,22728.94085815235,216.02827,0.1001396157864572,0.1693989203509329,1.0,0.0,0.0,13.799907874076975
NW300_FL360,2022-03-01 00:56:00.000000000,-5.687959563450105,51.296351836313654,10972.8,22728.94085815235,216.09468,0.09893918741820225,0.1672917461624604,1.0,0.0,0.0,13.79990477972228
NW300_FL360,2022-03-01 00:57:00.000000000,-5.56364756273571,51.39316489749046,10972.8,22728.94085815235,216.1915,0.09755447146199267,0.1648405408782949,1.0,0.0,0.0,13.799901420893251
NW300_FL360,2022-03-01 00:58:00.000000000,-5.4370242206528845,51.48893934420452,10972.8,22728.94085815235,216.28958,0.09629796431998383,0.1626073440876106,1.0,0.0,0.0,13.799897811846515
NW300_FL360,2022-03-01 00:59:00.000000000,-5.308077824779514,51.583644148098536,10972.8,22728.94085815235,216.39688,0.09531747001579033,0.16083233414446213,1.0,0.0,0.0,13.799894006728076
NW300_FL360,2022-03-01 01:00:00.000000000,-5.176799574316013,51.67724858227623,10972.8,22728.94085815235,216.53406,0.09399577159960805,0.1584515175168532,1.0,0.0,0.0,13.799890097668875
NW300_FL360,2022-03-01 01:01:00.000000000,-5.043183659200432,51.76972232562682,10972.8,22728.94085815235,216.66483,0.09285427075414421,0.15638522058781976,1.0,0.0,0.0,13.799886211544619
NW300_FL360,2022-03-01 01:02:00.000000000,-4.907227325401263,51.8610355690834,10972.8,22728.94085815235,216.77362,0.09181533127341095,0.15451831455125883,1.0,0.0,0.0,13.799882505488926
NW300_FL360,2022-03-01 01:03:00.000000000,-4.768930925370678,51.95115912296934,10972.8,22728.94085815235,216.89198,0.09059642064664691,0.15234094017793307,1.0,0.0,0.0,13.799879161238978
NW300_FL360,2022-03-01 01:04:00.000000000,-4.628297952786058,52.04006452453659,10972.8,22728.94085815235,217.0099,0.08924803047135225,0.14994996595970606,1.0,0.0,0.0,13.79987637850337
NW300_FL360,2022-03-01 01:05:00.000000000,-4.485335060872928,52.127724144762055,10972.8,22728.94085815235,217.09944,0.0882099403722831,0.1481126245218552,1.0,0.0,0.0,13.799874367506506
NW300_FL360,2022-03-01 01:06:00.000000000,-4.340052063785224,52.214111293444496,10972.8,22728.94085815235,217.1532,0.08780981058618448,0.14738519444484774,1.0,0.0,0.0,13.799875260345667
NW300_FL360,2022-03-01 01:07:00.000000000,-4.192461576710146,52.299200123019176,10972.8,22728.94085815235,217.17749,0.08761970510832262,0.1470413051270965,1.0,0.0,0.0,13.799958362399373
NW300_FL360,2022-03-01 01:08:00.000000000,-4.042565505808821,52.382957721133714,10972.8,22728.94085815235,217.17825,0.08768885636851219,0.1471564115467139,1.0,0.0,0.0,13.79994634307932
NW300_FL360,2022-03-01 01:09:00.000000000,-3.8903976137133776,52.4653690353782,10972.8,22728.94085815235,217.18372,0.08791456422533812,0.14752941803077949,1.0,0.0,0.0,13.799934758524605
NW300_FL360,2022-03-01 01:10:00.000000000,-3.7359801900362437,52.5464122011229,10972.8,22728.94085815235,217.1742,0.08819895384770682,0.1480166830289243,1.0,0.0,0.0,13.799923893437573
NW300_FL360,2022-03-01 01:11:00.000000000,-3.5793384277428935,52.62606676530347,10972.8,22728.94085815235,217.16356,0.0883302101766345,0.14824791268225343,1.0,0.0,0.0,13.799914005702364
NW300_FL360,2022-03-01 01:12:00.000000000,-3.420500321548006,52.70431376094036,10972.8,22728.94085815235,217.1905,0.08808848244244594,0.1478140767071798,1.0,0.0,0.0,13.799905318758915
NW300_FL360,2022-03-01 01:13:00.000000000,-3.2594965516209413,52.78113577383572,10972.8,22728.94085815235,217.24443,0.08739575632299493,0.14659639073785666,1.0,0.0,0.0,13.799898015093248
NW300_FL360,2022-03-01 01:14:00.000000000,-3.0963603537213,52.85651700087687,10972.8,22728.94085815235,217.27957,0.08703710575930342,0.1459583516777752,1.0,0.0,0.0,13.799892231080968
NW300_FL360,2022-03-01 01:15:00.000000000,-2.93112737703906,52.93044329948208,10972.8,22728.94085815235,217.30763,0.08678128833731516,0.1455008192263787,1.0,0.0,0.0,13.79988805331851
NW300_FL360,2022-03-01 01:16:00.000000000,-2.7638355311439367,53.00290222783783,10972.8,22728.94085815235,217.33124,0.08658828696888687,0.14515305983318486,1.0,0.0,0.0,13.799885516550193
NW300_FL360,2022-03-01 01:17:00.000000000,-2.594524823554262,53.07388307569488,10972.8,22728.94085815235,217.28679,0.0872418212852096,0.14629420885248026,1.0,0.0,0.0,13.799884603266875
NW300_FL360,2022-03-01 01:18:00.000000000,-2.4232371895126836,53.14337688560977,10972.8,22728.94085815235,217.23196,0.08809338581585105,0.14777944479502106,1.0,0.0,0.0,13.799885244947372
NW300_FL360,2022-03-01 01:19:00.000000000,-2.250016315606625,53.21137646463753,10972.8,22728.94085815235,217.16884,0.0891316183618282,0.14958716267401848,1.0,0.0,0.0,13.799887324900999
NW300_FL360,2022-03-01 01:20:00.000000000,-2.0749074588928185,53.277876386596866,10972.8,22728.94085815235,217.05974,0.090609528114224,0.1521840399372811,1.0,0.0,0.0,13.799890682600761
NW300_FL360,2022-03-01 01:21:00.000000000,-1.8979572631798203,53.34287298513899,10972.8,22728.94085815235,216.96408,0.09186229436276781,0.15439180999184138,1.0,0.0,0.0,13.799895119344866
NW300_FL360,2022-03-01 01:22:00.000000000,-1.719213574090673,53.406364337953896,10972.8,22728.94085815235,216.88765,0.09297128512548693,0.1563395329121914,1.0,0.0,0.0,13.799900405062836
NW300_FL360,2022-03-01 01:23:00.000000000,-1.538725254472115,53.46835024254097,10972.8,22728.94085815235,216.87053,0.09347757861395863,0.15720907097054604,1.0,0.0,0.0,13.79990628602072
NW300_FL360,2022-03-01 01:24:00.000000000,-1.356542001638573,53.52883218405242,10972.8,22728.94085815235,216.85704,0.09391127233436716,0.1579535909516996,1.0,0.0,0.0,13.79991249319038
NW300_FL360,2022-03-01 01:25:00.000000000,-1.172714167843412,53.58781329578929,10972.8,22728.94085815235,216.82446,0.09453657660803198,0.1590416792061207,1.0,0.0,0.0,13.799918750991056
NW300_FL360,2022-03-01 01:26:00.000000000,-0.9872925852565602,53.64529831298643,10972.8,22728.94085815235,216.77322,0.09547152792148919,0.16067189516802954,1.0,0.0,0.0,13.799924786167315
NW300_FL360,2022-03-01 01:27:00.000000000,-0.800328396603329,53.7012935205683,10972.8,22728.94085815235,216.70555,0.09654503048468879,0.16255502660186227,1.0,0.0,0.0,13.79993033648061
NW300_FL360,2022-03-01 01:28:00.000000000,-0.6118728924847379,53.75580669558846,10972.8,22728.94085815235,216.64012,0.09763659394705258,0.16446762652287414,1.0,0.0,0.0,13.799935159022626
NW300_FL360,2022-03-01 01:29:00.000000000,-0.42197735625945404,53.80884704508488,10972.8,22728.94085815235,216.53336,0.099025502767301,0.16693137349611606,1.0,0.0,0.0,13.799939037850189
NW300_FL360,2022-03-01 01:30:00.000000000,-0.23069291722504956,53.86042514008997,10972.8,22728.94085815235,216.41852,0.10040645918381079,0.16939374234440516,1.0,0.0,0.0,13.79994179078318
NW300_FL360,2022-03-01 01:31:00.000000000,-0.03807041269302599,53.910552846529505,10972.8,22728.94085815235,216.31621,0.10167197668688453,0.17165005365425104,1.0,0.0,0.0,13.799943275155096
NW300_FL360,2022-03-01 01:32:00.000000000,0.1558397405871601,53.95924325373014,10972.8,22728.94085815235,216.11018,0.104313315567324,0.17635995991721756,1.0,0.0,0.0,13.799943392385876
NW300_FL360,2022-03-01 01:33:00.000000000,0.35098766533486897,54.00651060123104,10972.8,22728.94085815235,215.8862,0.10740754627792337,0.18187027126726737,1.0,0.0,0.0,13.799942091276058
NW300_FL360,2022-03-01 01:34:00.000000000,0.5473241327828376,54.05237020456364,10972.8,22728.94085815235,215.64673,0.11126826937161624,0.18871587622975347,1.0,0.0,0.0,13.799939369947783
NW300_FL360,2022-03-01 01:35:00.000000000,0.7448006617853401,54.09683838062501,10972.8,22728.94085815235,215.37611,0.1164316560580052,0.19783686070867595,1.0,0.0,0.0,13.79993527641069
NW300_FL360,2022-03-01 01:36:00.000000000,0.943369608024376,54.139932373227055,10972.8,22728.94085815235,215.09964,0.12441973792879726,0.21180520558748617,1.0,0.0,0.0,13.799929907760507
NW300_FL360,2022-03-01 01:37:00.000000000,1.142984243446075,54.18167027935618,10972.8,22728.94085815235,214.83694,0.13291950220004492,0.22667487404541722,1.0,0.0,0.0,13.799923408062723
NW300_FL360,2022-03-01 01:38:00.000000000,1.3435988261461758,54.22207097662803,10972.8,22728.94085815235,214.58023,0.14308499984437897,0.24442943175519802,1.0,0.0,0.0,13.799915964977409
NW300_FL360,2022-03-01 01:39:00.000000000,1.545168660997899,54.26115405237014,10972.8,22728.94085815235,214.32423,0.15559900475311908,0.26626023783494884,1.0,0.0,0.0,13.799907805259913
NW300_FL360,2022-03-01 01:40:00.000000000,1.7476501513793214,54.298939734713336,10972.8,22728.94085815235,214.05792,0.17049206134054645,0.29225978450735013,1.0,0.0,0.0,13.799905225618216
NW300_FL360,2022-03-01 01:41:00.000000000,1.951001321706038,54.3354480988425,10972.8,22728.94085815235,213.79356,0.1901679589594481,0.32655577872327546,1.0,0.0,0.0,13.80003550067695
NW300_FL360,2022-03-01 01:42:00.000000000,2.1551912888926434,54.370684072582705,10972.8,22728.94085815235,213.51987,0.21236958738180564,0.36533497130158943,1.0,0.0,0.0,13.80001194060027
NW300_FL360,2022-03-01 01:43:00.000000000,2.3601687814981553,54.404685818447064,10972.8,22728.94085815235,213.25044,0.23733041565292612,0.40899153373520547,1.0,0.0,0.0,13.799988050689471
NW300_FL360,2022-03-01 01:44:00.000000000,2.5658948749977406,54.43747558046449,10972.8,22728.94085815235,212.98245,0.26522642539061986,0.4578592488683317,1.0,0.0,0.0,13.799964294443889
NW300_FL360,2022-03-01 01:45:00.000000000,2.772331890772268,54.46907594249486,10972.8,22728.94085815235,212.73181,0.2951945489408603,0.5104178954887767,1.0,0.0,0.0,13.79994113566568
NW300_FL360,2022-03-01 01:46:00.000000000,2.9794434044374127,54.49950977601977,10972.8,22728.94085815235,212.52742,0.3212029684383866,0.5561167996303021,1.0,0.0,0.0,13.799919029035573
NW300_FL360,2022-03-01 01:47:00.000000000,3.1871942485890172,54.528800191289015,10972.8,22728.94085815235,212.29341,0.35118330446617774,0.6089351240610014,1.0,0.0,0.0,13.799903858262315
NW300_FL360,2022-03-01 01:48:00.000000000,3.395550879759554,54.55696978407656,10972.8,22728.94085815235,212.0574,0.3788487515229943,0.6578922237293923,1.0,0.0,0.0,13.800055039082034
NW300_FL360,2022-03-01 01:49:00.000000000,3.604491615359623,54.58402008165235,10972.8,22728.94085815235,211.82632,0.4053053808432879,0.7048673982463074,1.0,0.0,0.0,13.800015441936033
NW300_FL360,2022-03-01 01:50:00.000000000,3.8139728517228146,54.60999719041869,10972.8,22728.94085815235,211.58939,0.4322637447850299,0.7528779929949182,1.0,0.0,0.0,13.799978645815921
NW300_FL360,2022-03-01 01:51:00.000000000,4.023964354506401,54.63492486350083,10972.8,22728.94085815235,211.33269,0.4605501748356533,0.8034393057479604,1.0,0.0,0.0,13.799945081809751
NW300_FL360,2022-03-01 01:52:00.000000000,4.234437101686992,54.658826899104795,10972.8,22728.94085815235,211.05951,0.4917204685162781,0.8592828935299238,1.0,0.0,0.0,13.799915120264668
NW300_FL360,2022-03-01 01:53:00.000000000,4.445363262970964,54.68172711119074,10972.8,22728.94085815235,210.78688,0.5103034939794225,0.893274475900197,1.0,0.0,0.0,13.800015788586125
NW300_FL360,2022-03-01 01:54:00.000000000,4.65672372489985,54.70363128764721,10972.8,22728.94085815235,210.498,0.5295774875617765,0.9286742382822115,1.0,0.0,0.0,13.800026752290783
NW300_FL360,2022-03-01 01:55:00.000000000,4.868487720428609,54.7245739875963,10972.8,22728.94085815235,210.2149,0.5404615922882499,0.9494130979383011,1.0,0.0,0.0,13.799983572061933
NW300_FL360,2022-03-01 01:56:00.000000000,5.080627538644073,54.74458663851475,10972.8,22728.94085815235,209.95642,0.5413969696216141,0.9525697452470474,1.0,0.0,0.0,13.799945817559948
NW300_FL360,2022-03-01 01:57:00.000000000,5.293119881497206,54.763692990803875,10972.8,22728.94085815235,209.72716,0.5388691249884039,0.9494511197957038,1.0,0.0,0.0,13.799938516635832
NW300_FL360,2022-03-01 01:58:00.000000000,5.505943868646182,54.78191294381553,10972.8,22728.94085815235,209.52362,0.5340631954311772,0.9421497002425915,1.0,0.0,0.0,13.800050656767903
NW300_FL360,2022-03-01 01:59:00.000000000,5.719084419011531,54.79925175731836,10972.8,22728.94085815235,209.33305,0.5336234806745771,0.942467279888225,1.0,0.0,0.0,13.800003204209666
NW300_FL360,2022-03-01 02:00:00.000000000,5.932512825652237,54.81575578710652,10972.8,22728.94085815235,209.18092,0.539200043283151,0.9531905470234765,1.0,0.0,0.0,13.799962666862402
NW300_FL360,2022-03-01 02:01:00.000000000,6.1462099113233615,54.83144846222197,10972.8,22728.94085815235,209.07346,0.5463962143336618,0.9665406485931155,1.0,0.0,0.0,13.799932359184918
NW300_FL360,2022-03-01 02:02:00.000000000,6.3601576187555455,54.846352522537195,10972.8,22728.94085815235,209.00314,0.5528946962061283,0.978452073604981,1.0,0.0,0.0,13.800051701259331
NW300_FL360,2022-03-01 02:03:00.000000000,6.574345601833692,54.860467055141825,10972.8,22728.94085815235,208.98154,0.5564231196624604,0.9848261494535057,1.0,0.0,0.0,13.80000554177809
NW300_FL360,2022-03-01 02:04:00.000000000,6.788749289172524,54.87384091232076,10972.8,22728.94085815235,209.02815,0.5538040749975314,0.9799099938744467,1.0,0.0,0.0,13.799967129490193
NW300_FL360,2022-03-01 02:05:00.000000000,7.0033531669792195,54.88649708306962,10972.8,22728.94085815235,209.11504,0.5476575705349714,0.968531014397368,1.0,0.0,0.0,13.799960623388825
NW300_FL360,2022-03-01 02:06:00.000000000,7.218143656439326,54.89845407593597,10972.8,22728.94085815235,209.28876,0.5314827231175224,0.9389349583834077,1.0,0.0,0.0,13.8000381484042
NW300_FL360,2022-03-01 02:07:00.000000000,7.433110284466571,54.90971982486474,10972.8,22728.94085815235,209.47504,0.5146678285946626,0.9082030628174002,1.0,0.0,0.0,13.799997707739267
NW300_FL360,2022-03-01 02:08:00.000000000,7.648234507949747,54.92033751497244,10972.8,22728.94085815235,209.65814,0.4936032354794039,0.8700621959272052,1.0,0.0,0.0,13.799965046205028
NW300_FL360,2022-03-01 02:09:00.000000000,7.863504016276233,54.93032968835278,10972.8,22728.94085815235,209.82787,0.4720994884600841,0.8312956814507275,1.0,0.0,0.0,13.799998359184581
NW300_FL360,2022-03-01 02:10:00.000000000,8.078909613694025,54.93970734956771,10972.8,22728.94085815235,209.96295,0.45221542412682053,0.7956246903320408,1.0,0.0,0.0,13.800019524346945
NW300_FL360,2022-03-01 02:11:00.000000000,8.294439602046854,54.94849485749177,10972.8,22728.94085815235,210.05022,0.43372690479074766,0.7626859046325688,1.0,0.0,0.0,13.799987344744515
NW300_FL360,2022-03-01 02:12:00.000000000,8.51008135994762,54.95672549342708,10972.8,22728.94085815235,210.11612,0.4183825767751033,0.7354095760329286,1.0,0.0,0.0,13.799962217577544
NW300_FL360,2022-03-01 02:13:00.000000000,8.725825342473327,54.96442143190606,10972.8,22728.94085815235,210.12134,0.4110866612405478,0.722559889393197,1.0,0.0,0.0,13.800030591944905
NW300_FL360,2022-03-01 02:14:00.000000000,8.941665815844612,54.97158610280672,10972.8,22728.94085815235,210.14429,0.4046529512190168,0.711152682114021,1.0,0.0,0.0,13.800003074592663
NW300_FL360,2022-03-01 02:15:00.000000000,9.157590658160426,54.97826150894907,10972.8,22728.94085815235,210.15727,0.4028690980014568,0.7079601853278619,1.0,0.0,0.0,13.799979693093027
NW300_FL360,2022-03-01 02:16:00.000000000,9.373592057318856,54.984470163858454,10972.8,22728.94085815235,210.17413,0.4035111591222941,0.7090158583315431,1.0,0.0,0.0,13.799998894018712
NW300_FL360,2022-03-01 02:17:00.000000000,9.58966406355943,54.990225655978996,10972.8,22728.94085815235,210.20471,0.40568691070582763,0.712703811500821,1.0,0.0,0.0,13.800013114578606
NW300_FL360,2022-03-01 02:18:00.000000000,9.805799607243536,54.995551318891,10972.8,22728.94085815235,210.24326,0.40884947055259013,0.7180886749732298,1.0,0.0,0.0,12.396422411584279
NW300_FL360,2022-03-01 02:18:53.897617080,9.999999999999996,55.0,10972.8,22728.94085815235,210.27402,0.41114251262915885,0.7219805954546268,1.0,0.0,0.0,0.0
SE300_FL370,2022-03-01 00:00:00.000000000,-10.000000000000002,45.00000000000001,11277.6,21662.374173827782,213.05789,0.3639527340099758,0.6279835570990016,1.0,0.0,0.0,13.800115027908165
SE300_FL370,2022-03-01 00:01:00.000000000,-9.832634228109365,45.0374989777726,11277.6,21662.374173827782,212.88382,0.37044989730819067,0.6399128585051651,1.0,0.0,0.0,13.800020549916326
SE300_FL370,2022-03-01 00:02:00.000000000,-9.665061957945106,45.074778023133646,11277.6,21662.374173827782,212.72346,0.37411053935919686,0.6469059786356779,1.0,0.0,0.0,13.799927543731021
SE300_FL370,2022-03-01 00:03:00.000000000,-9.497293172355167,45.111857647020635,11277.6,21662.374173827782,212.58011,0.37478843062028705,0.6486745455031321,1.0,0.0,0.0,13.800010362739226
SE300_FL370,2022-03-01 00:04:00.000000000,-9.329333869699752,45.148755048499964,11277.6,21662.374173827782,212.46504,0.37965404464273966,0.6575804321057487,1.0,0.0,0.0,13.8000625389665
SE300_FL370,2022-03-01 00:05:00.000000000,-9.161195059406664,45.18549293097829,11277.6,21662.374173827782,212.35881,0.38667116118445066,0.6701899028948882,1.0,0.0,0.0,13.799971646306037
SE300_FL370,2022-03-01 00:06:00.000000000,-8.992889620285059,45.222095268527376,11277.6,21662.374173827782,212.25667,0.3954848727022643,0.6859121814512741,1.0,0.0,0.0,13.799899873840282
SE300_FL370,2022-03-01 00:07:00.000000000,-8.824426642306625,45.25858271091628,11277.6,21662.374173827782,212.21062,0.3990567513393104,0.6923107189062727,1.0,0.0,0.0,13.800105239252431
SE300_FL370,2022-03-01 00:08:00.000000000,-8.65581080706178,45.2949740113112,11277.6,21662.374173827782,212.13947,0.405813373970588,0.7043528079216713,1.0,0.0,0.0,13.80001760658135
SE300_FL370,2022-03-01 00:09:00.000000000,-8.487057177228046,45.3312945416673,11277.6,21662.374173827782,212.0521,0.41493973277374874,0.7205921119912762,1.0,0.0,0.0,13.79993231818943
SE300_FL370,2022-03-01 00:10:00.000000000,-8.31817494269894,45.36756551489382,11277.6,21662.374173827782,211.9697,0.42617434804168697,0.7404892942523368,1.0,0.0,0.0,13.799993838825486
SE300_FL370,2022-03-01 00:11:00.000000000,-8.149171301625014,45.4038082101483,11277.6,21662.374173827782,211.85428,0.43029825990946824,0.7482017091963635,1.0,0.0,0.0,13.80006634186223
SE300_FL370,2022-03-01 00:12:00.000000000,-7.980055881015995,45.44004548033964,11277.6,21662.374173827782,211.72144,0.4302995449323017,0.7488320650913485,1.0,0.0,0.0,13.799985579438726
SE300_FL370,2022-03-01 00:13:00.000000000,-7.81084018030542,45.47629954581915,11277.6,21662.374173827782,211.62646,0.42884430501800463,0.7467467194988301,1.0,0.0,0.0,13.799907812990368
SE300_FL370,2022-03-01 00:14:00.000000000,-7.64153340621131,45.51259224345501,11277.6,21662.374173827782,211.50298,0.42441924658166125,0.7396171739149042,1.0,0.0,0.0,13.80005343805641
SE300_FL370,2022-03-01 00:15:00.000000000,-7.472142889633564,45.54894792999821,11277.6,21662.374173827782,211.37454,0.4188489452511992,0.7304987355848395,1.0,0.0,0.0,13.800042769194542
SE300_FL370,2022-03-01 00:16:00.000000000,-7.30268005570596,45.58538865893594,11277.6,21662.374173827782,211.29301,0.41719936440384275,0.7279958129571599,1.0,0.0,0.0,13.799970371522296
SE300_FL370,2022-03-01 00:17:00.000000000,-7.133155014811902,45.621936316925805,11277.6,21662.374173827782,211.23717,0.41615709810588003,0.726429313925362,1.0,0.0,0.0,13.799901682232836
SE300_FL370,2022-03-01 00:18:00.000000000,-6.963577350434745,45.65861348889645,11277.6,21662.374173827782,211.1897,0.4160970670802203,0.726542228750626,1.0,0.0,0.0,13.800065477575464
SE300_FL370,2022-03-01 00:19:00.000000000,-6.793955919788455,45.69544792952469,11277.6,21662.374173827782,211.15543,0.4186185168604209,0.7311004233718273,1.0,0.0,0.0,13.80003693342804
SE300_FL370,2022-03-01 00:20:00.000000000,-6.62430206827496,45.732459891422764,11277.6,21662.374173827782,211.12286,0.4216418298105836,0.7365295801453267,1.0,0.0,0.0,13.799973816594894
SE300_FL370,2022-03-01 00:21:00.000000000,-6.454626108496878,45.76967183596835,11277.6,21662.374173827782,211.08955,0.4263131934636761,0.744844588540561,1.0,0.0,0.0,13.79991501954183
SE300_FL370,2022-03-01 00:22:00.000000000,-6.284938381864701,45.807107160064675,11277.6,21662.374173827782,211.06175,0.43455968295892167,0.7593869579936601,1.0,0.0,0.0,13.80001310806428
SE300_FL370,2022-03-01 00:23:00.000000000,-6.1152496770827875,45.84479442806904,11277.6,21662.374173827782,211.00272,0.4481286249469895,0.7833825577343717,1.0,0.0,0.0,13.80004905320983
SE300_FL370,2022-03-01 00:24:00.000000000,-5.945571349662257,45.8827565001216,11277.6,21662.374173827782,210.93596,0.4626382927593321,0.809086663462472,1.0,0.0,0.0,13.799995207272767
SE300_FL370,2022-03-01 00:25:00.000000000,-5.775914582343945,45.92101460539857,11277.6,21662.374173827782,210.87729,0.4755394904409071,0.831953207443615,1.0,0.0,0.0,13.799946018066104
SE300_FL370,2022-03-01 00:26:00.000000000,-5.606290874535937,45.959592928785845,11277.6,21662.374173827782,210.81079,0.48517675579326464,0.8491643370068712,1.0,0.0,0.0,13.799901826521442
SE300_FL370,2022-03-01 00:27:00.000000000,-5.436712081951,45.99851585627959,11277.6,21662.374173827782,210.74278,0.4926694820725937,0.86264221096602,1.0,0.0,0.0,13.800049850384529
SE300_FL370,2022-03-01 00:28:00.000000000,-5.267191966322243,46.03781647078147,11277.6,21662.374173827782,210.70744,0.4967181503660475,0.8699224394401984,1.0,0.0,0.0,13.800031588333269
SE300_FL370,2022-03-01 00:29:00.000000000,-5.097742422824589,46.07751300401981,11277.6,21662.374173827782,210.66171,0.5017219068384416,0.8789331028634657,1.0,0.0,0.0,13.799990478669388
SE300_FL370,2022-03-01 00:30:00.000000000,-4.92837633795386,46.11762914151849,11277.6,21662.374173827782,210.60797,0.504488620064081,0.8840761552840402,1.0,0.0,0.0,13.7999541838252
SE300_FL370,2022-03-01 00:31:00.000000000,-4.759107233713054,46.158189859635726,11277.6,21662.374173827782,210.54694,0.5038744399790616,0.8833306694879048,1.0,0.0,0.0,13.799922890616976
SE300_FL370,2022-03-01 00:32:00.000000000,-4.589949114555786,46.19922026051813,11277.6,21662.374173827782,210.4757,0.4983958029489693,0.8741129045404828,1.0,0.0,0.0,13.799929959565615
SE300_FL370,2022-03-01 00:33:00.000000000,-4.420917005638568,46.24074744997757,11277.6,21662.374173827782,210.40707,0.4904802436465708,0.860595344628513,1.0,0.0,0.0,13.800043955541087
SE300_FL370,2022-03-01 00:34:00.000000000,-4.252027880874641,46.28280309951133,11277.6,21662.374173827782,210.34798,0.48199765291330104,0.8460187192230072,1.0,0.0,0.0,13.80001263583261
SE300_FL370,2022-03-01 00:35:00.000000000,-4.083295312513981,46.32540456469928,11277.6,21662.374173827782,210.32132,0.473745065909654,0.8316696754026935,1.0,0.0,0.0,13.79998555573942
SE300_FL370,2022-03-01 00:36:00.000000000,-3.914735435139302,46.3685770941835,11277.6,21662.374173827782,210.30807,0.4657672086999276,0.8177302885889076,1.0,0.0,0.0,13.799962706248108
SE300_FL370,2022-03-01 00:37:00.000000000,-3.7463649709978815,46.41234591653959,11277.6,21662.374173827782,210.30933,0.45753139642386226,0.8032640664061462,1.0,0.0,0.0,13.799944029141807
SE300_FL370,2022-03-01 00:38:00.000000000,-3.578201246424688,46.45673620162743,11277.6,21662.374173827782,210.35715,0.4467684351282666,0.7841402502182228,1.0,0.0,0.0,13.799929415534166
SE300_FL370,2022-03-01 00:39:00.000000000,-3.41026220591334,46.50177301855226,11277.6,21662.374173827782,210.40189,0.43729538396456175,0.7672993365358912,1.0,0.0,0.0,13.79991870565744
SE300_FL370,2022-03-01 00:40:00.000000000,-3.2425664234872786,46.54748129024899,11277.6,21662.374173827782,210.4462,0.42838862368015435,0.7514661828358308,1.0,0.0,0.0,13.799922852412047
SE300_FL370,2022-03-01 00:41:00.000000000,-3.0751334306903266,46.59388656047466,11277.6,21662.374173827782,210.48161,0.42316554731312167,0.7421443180287938,1.0,0.0,0.0,13.800008407530912
SE300_FL370,2022-03-01 00:42:00.000000000,-2.907985546322268,46.641019270999685,11277.6,21662.374173827782,210.47652,0.4223245799510889,0.7406906931591829,1.0,0.0,0.0,13.79999152577942
SE300_FL370,2022-03-01 00:43:00.000000000,-2.74114057917694,46.68889649733604,11277.6,21662.374173827782,210.44836,0.42400033399949477,0.7437598147004948,1.0,0.0,0.0,13.799977274791766
SE300_FL370,2022-03-01 00:44:00.000000000,-2.5746196225871447,46.73754198383629,11277.6,21662.374173827782,210.33699,0.43341950112641703,0.7608031317199477,1.0,0.0,0.0,13.799965416219916
SE300_FL370,2022-03-01 00:45:00.000000000,-2.4084444011529893,46.78697905887585,11277.6,21662.374173827782,210.21123,0.4438360042277429,0.7796911237935777,1.0,0.0,0.0,13.799955690405685
SE300_FL370,2022-03-01 00:46:00.000000000,-2.24263725835525,46.83723057208739,11277.6,21662.374173827782,210.0885,0.4545478890080368,0.7991105193630675,1.0,0.0,0.0,13.799947822412035
SE300_FL370,2022-03-01 00:47:00.000000000,-2.077221138921509,46.88831882936984,11277.6,21662.374173827782,209.96425,0.46576035345341477,0.8194480118635307,1.0,0.0,0.0,13.799941528604728
SE300_FL370,2022-03-01 00:48:00.000000000,-1.9122195656143586,46.94026552601405,11277.6,21662.374173827782,209.9033,0.47106398996718385,0.8290916040611351,1.0,0.0,0.0,13.799936523592704
SE300_FL370,2022-03-01 00:49:00.000000000,-1.747656610142675,46.99309167833649,11277.6,21662.374173827782,209.89464,0.47132381479776436,0.8295907502391683,1.0,0.0,0.0,13.799932527317191
SE300_FL370,2022-03-01 00:50:00.000000000,-1.5835568579366146,47.046817554258936,11277.6,21662.374173827782,209.93048,0.4681790143032709,0.8238731616703986,1.0,0.0,0.0,13.799929272076493
SE300_FL370,2022-03-01 00:51:00.000000000,-1.41994536657518,47.10146260331857,11277.6,21662.374173827782,209.98116,0.4641013560713172,0.8164455797169092,1.0,0.0,0.0,13.799926509251202
SE300_FL370,2022-03-01 00:52:00.000000000,-1.2568476177121715,47.15704538663485,11277.6,21662.374173827782,210.0238,0.4613691911278745,0.8114273937307417,1.0,0.0,0.0,13.799924015512413
SE300_FL370,2022-03-01 00:53:00.000000000,-1.0942894624114776,47.21358350739827,11277.6,21662.374173827782,209.97307,0.4645622705364675,0.8172961936558902,1.0,0.0,0.0,13.799921598299676
SE300_FL370,2022-03-01 00:54:00.000000000,-0.9322970598757382,47.27109354247939,11277.6,21662.374173827782,209.90298,0.4691804587819974,0.8257776653014918,1.0,0.0,0.0,13.799919100366923
SE300_FL370,2022-03-01 00:55:00.000000000,-0.7708968096326502,47.329590975783,11277.6,21662.374173827782,209.83208,0.47344342344143137,0.8336423619256795,1.0,0.0,0.0,13.799916403229442
SE300_FL370,2022-03-01 00:56:00.000000000,-0.6101152773294826,47.38909013399148,11277.6,21662.374173827782,209.73512,0.47828312993810806,0.842662766930107,1.0,0.0,0.0,13.79991342938298
SE300_FL370,2022-03-01 00:57:00.000000000,-0.4499791143776922,47.44960412535214,11277.6,21662.374173827782,209.65634,0.4820103053343431,0.8496339387381124,1.0,0.0,0.0,13.79991014318596
SE300_FL370,2022-03-01 00:58:00.000000000,-0.2905149717839815,47.51114478216384,11277.6,21662.374173827782,209.61845,0.48506930287064454,0.8552254492011725,1.0,0.0,0.0,13.799906550367
SE300_FL370,2022-03-01 00:59:00.000000000,-0.1317494086006752,47.57372260760951,11277.6,21662.374173827782,209.61992,0.48817828680486036,0.8606982392048141,1.0,0.0,0.0,13.799902696148978
SE300_FL370,2022-03-01 01:00:00.000000000,0.026291204476382772,47.63734672756016,11277.6,21662.374173827782,209.6481,0.49099646160549526,0.8655179146864488,1.0,0.0,0.0,13.799898662049376
SE300_FL370,2022-03-01 01:01:00.000000000,0.1835807857402945,47.702024847945545,11277.6,21662.374173827782,209.76273,0.4931370621549512,0.868683163620193,1.0,0.0,0.0,13.799894561448786
SE300_FL370,2022-03-01 01:02:00.000000000,0.3400936466257237,47.767763218243296,11277.6,21662.374173827782,209.87555,0.49474080303260365,0.8709106739469761,1.0,0.0,0.0,13.799890534083259
SE300_FL370,2022-03-01 01:03:00.000000000,0.4958045985892688,47.834566601585344,11277.6,21662.374173827782,209.98354,0.4968013840207255,0.8739566628171869,1.0,0.0,0.0,13.799886739660096
SE300_FL370,2022-03-01 01:04:00.000000000,0.6506890618532523,47.90243825191635,11277.6,21662.374173827782,210.10527,0.49514622304342737,0.8703986461221717,1.0,0.0,0.0,13.799883350808148
SE300_FL370,2022-03-01 01:05:00.000000000,0.8047231750871445,47.97137989856527,11277.6,21662.374173827782,210.22545,0.49260994450383566,0.8652995917001511,1.0,0.0,0.0,13.799880545640207
SE300_FL370,2022-03-01 01:06:00.000000000,0.9578839050532617,48.04139173850947,11277.6,21662.374173827782,210.34424,0.49112399422059605,0.862059095567927,1.0,0.0,0.0,13.799880297337754
SE300_FL370,2022-03-01 01:07:00.000000000,1.1101490175689515,48.11247259658721,11277.6,21662.374173827782,210.46506,0.487701756019381,0.8554109932573359,1.0,0.0,0.0,13.799955765457092
SE300_FL370,2022-03-01 01:08:00.000000000,1.2614916109520389,48.18462623408982,11277.6,21662.374173827782,210.5847,0.4818756053395651,0.8445685303477449,1.0,0.0,0.0,13.799946076537669
SE300_FL370,2022-03-01 01:09:00.000000000,1.4118974565169005,48.25784150407756,11277.6,21662.374173827782,210.7245,0.46649536704934075,0.8169063842126799,1.0,0.0,0.0,13.799936769163452
SE300_FL370,2022-03-01 01:10:00.000000000,1.5613479605795775,48.33211247748483,11277.6,21662.374173827782,210.85051,0.45192876934504167,0.7907767215589177,1.0,0.0,0.0,13.799928078960882
SE300_FL370,2022-03-01 01:11:00.000000000,1.7098258754552036,48.40743177483138,11277.6,21662.374173827782,210.96837,0.4392384924862124,0.7680056245097857,1.0,0.0,0.0,13.799920213907653
SE300_FL370,2022-03-01 01:12:00.000000000,1.8573153869251047,48.48379060616857,11277.6,21662.374173827782,211.085,0.4283593893803854,0.7484393002779538,1.0,0.0,0.0,13.799913349084349
SE300_FL370,2022-03-01 01:13:00.000000000,2.00380219478423,48.561178817972646,11277.6,21662.374173827782,211.19484,0.41875258021876116,0.7311537932753502,1.0,0.0,0.0,13.799907622724088
SE300_FL370,2022-03-01 01:14:00.000000000,2.1492735857235448,48.63958494650445,11277.6,21662.374173827782,211.22118,0.4107670101950473,0.7170938368952373,1.0,0.0,0.0,13.79990313363142
SE300_FL370,2022-03-01 01:15:00.000000000,2.2937184979011707,48.71899627708127,11277.6,21662.374173827782,211.25113,0.4032966204124483,0.703918520068399,1.0,0.0,0.0,13.799899939990695
SE300_FL370,2022-03-01 01:16:00.000000000,2.437127576666514,48.79939890864313,11277.6,21662.374173827782,211.2592,0.3970540022159592,0.6929896827049262,1.0,0.0,0.0,13.799898059510873
SE300_FL370,2022-03-01 01:17:00.000000000,2.57949322101926,48.88077782294388,11277.6,21662.374173827782,211.2372,0.3928817188400141,0.6857997607700124,1.0,0.0,0.0,13.799897470818289
SE300_FL370,2022-03-01 01:18:00.000000000,2.7208096205090637,48.96311695765744,11277.6,21662.374173827782,211.17702,0.39136998995842365,0.6834172346300726,1.0,0.0,0.0,13.799898115948379
SE300_FL370,2022-03-01 01:19:00.000000000,2.8610727824072804,49.04639928266274,11277.6,21662.374173827782,211.09784,0.3912260882561763,0.6835079129052367,1.0,0.0,0.0,13.799899903772648
SE300_FL370,2022-03-01 01:20:00.000000000,3.0002805491083504,49.13060687875635,11277.6,21662.374173827782,211.02315,0.3912298915193948,0.683832152667554,1.0,0.0,0.0,13.799902714140295
SE300_FL370,2022-03-01 01:21:00.000000000,3.1384326058413183,49.21572101804042,11277.6,21662.374173827782,210.931,0.39249958090473547,0.6864448346529362,1.0,0.0,0.0,13.799906402511214
SE300_FL370,2022-03-01 01:22:00.000000000,3.275530478889779,49.30172224524366,11277.6,21662.374173827782,210.85793,0.39309077894987693,0.6877921187379942,1.0,0.0,0.0,13.799910804862314
SE300_FL370,2022-03-01 01:23:00.000000000,3.411577524628558,49.38859045925548,11277.6,21662.374173827782,210.79771,0.39155477121866433,0.6853600061236899,1.0,0.0,0.0,13.799915742621737
SE300_FL370,2022-03-01 01:24:00.000000000,3.546578909786857,49.47630499418438,11277.6,21662.374173827782,210.73854,0.3899069115999969,0.6827247665963505,1.0,0.0,0.0,13.799921027431493
SE300_FL370,2022-03-01 01:25:00.000000000,3.6805415834364057,49.56484469929377,11277.6,21662.374173827782,210.68538,0.38819918461483777,0.6799584199134626,1.0,0.0,0.0,13.799926465539238
SE300_FL370,2022-03-01 01:26:00.000000000,3.813474241281341,49.65418801721622,11277.6,21662.374173827782,210.64104,0.38644711832154416,0.6770770296682579,1.0,0.0,0.0,13.799931861647412
SE300_FL370,2022-03-01 01:27:00.000000000,3.945387282890515,49.74431305990206,11277.6,21662.374173827782,210.60034,0.3847344234906764,0.6742473612718757,1.0,0.0,0.0,13.799937022113916
SE300_FL370,2022-03-01 01:28:00.000000000,4.076292762563807,49.83519768181777,11277.6,21662.374173827782,210.56396,0.38416324315829264,0.6733964868884799,1.0,0.0,0.0,13.799941757380292
SE300_FL370,2022-03-01 01:29:00.000000000,4.206204334561293,49.92681954997152,11277.6,21662.374173827782,210.52869,0.38424203037130167,0.6736823994355912,1.0,0.0,0.0,13.799945883601017
SE300_FL370,2022-03-01 01:30:00.000000000,4.335137193447722,50.01915621040786,11277.6,21662.374173827782,210.50809,0.3849296282668639,0.6749739621081141,1.0,0.0,0.0,13.799949223437263
SE300_FL370,2022-03-01 01:31:00.000000000,4.463108010316069,50.1121851508771,11277.6,21662.374173827782,210.48677,0.3854407810603029,0.6759584536204553,1.0,0.0,0.0,13.79995160605297
SE300_FL370,2022-03-01 01:32:00.000000000,4.590134865652553,50.20588385944899,11277.6,21662.374173827782,210.47594,0.38407801507396333,0.6736165430202736,1.0,0.0,0.0,13.799952866356099
SE300_FL370,2022-03-01 01:33:00.000000000,4.716237179594008,50.300229878900765,11277.6,21662.374173827782,210.46303,0.3818098104882083,0.6696894485746114,1.0,0.0,0.0,13.799952843577072
SE300_FL370,2022-03-01 01:34:00.000000000,4.841435640306324,50.39520085676857,11277.6,21662.374173827782,210.43219,0.37829783416092383,0.6636567681635027,1.0,0.0,0.0,13.799951379286926
SE300_FL370,2022-03-01 01:35:00.000000000,4.965752131182763,50.49077459100485,11277.6,21662.374173827782,210.3958,0.37411928439252135,0.6564725597207561,1.0,0.0,0.0,13.799948314979101
SE300_FL370,2022-03-01 01:36:00.000000000,5.08920965752353,50.58692907123493,11277.6,21662.374173827782,210.36928,0.36969208793857694,0.648810076139068,1.0,0.0,0.0,13.7999434893709
SE300_FL370,2022-03-01 01:37:00.000000000,5.211832273314692,50.683642515650746,11277.6,21662.374173827782,210.33185,0.3662603313583172,0.6429358353411503,1.0,0.0,0.0,13.799936735540259
SE300_FL370,2022-03-01 01:38:00.000000000,5.333645008677116,50.78089340361986,11277.6,21662.374173827782,210.29039,0.3648914012078191,0.6406975967095606,1.0,0.0,0.0,13.79992787807843
SE300_FL370,2022-03-01 01:39:00.000000000,5.454673798505399,50.87866050412251,11277.6,21662.374173827782,210.2472,0.3648011779536141,0.6407083708188627,1.0,0.0,0.0,13.799916730378694
SE300_FL370,2022-03-01 01:40:00.000000000,5.574945412764155,50.97692290015904,11277.6,21662.374173827782,210.19955,0.36781545634057927,0.6461936672274193,1.0,0.0,0.0,13.799909146879337
SE300_FL370,2022-03-01 01:41:00.000000000,5.69448698268002,51.07566027243519,11277.6,21662.374173827782,210.14246,0.3728845398982355,0.6553287742715092,1.0,0.0,0.0,13.800036502008268
SE300_FL370,2022-03-01 01:42:00.000000000,5.813317860079042,51.17485813030892,11277.6,21662.374173827782,210.09573,0.37753777067225225,0.6636964126583071,1.0,0.0,0.0,13.800019343694286
SE300_FL370,2022-03-01 01:43:00.000000000,5.931476383526231,51.274490485820074,11277.6,21662.374173827782,210.06209,0.38207083622344046,0.6718029662005236,1.0,0.0,0.0,13.799999557176893
SE300_FL370,2022-03-01 01:44:00.000000000,6.048992146742065,51.37453779717241,11277.6,21662.374173827782,210.01866,0.3871443361003418,0.6809064338876978,1.0,0.0,0.0,13.799976952886416
SE300_FL370,2022-03-01 01:45:00.000000000,6.16589527157801,51.47498090580639,11277.6,21662.374173827782,209.97021,0.39290119502996834,0.6912346261874578,1.0,0.0,0.0,13.799951314976644
SE300_FL370,2022-03-01 01:46:00.000000000,6.282216354420901,51.575801040761654,11277.6,21662.374173827782,209.9353,0.3961174134009255,0.6970436238980432,1.0,0.0,0.0,13.799922401731491
SE300_FL370,2022-03-01 01:47:00.000000000,6.397986416102225,51.67697982039795,11277.6,21662.374173827782,209.94592,0.3937727991145724,0.6928718820014571,1.0,0.0,0.0,13.799896422178843
SE300_FL370,2022-03-01 01:48:00.000000000,6.513236540852692,51.77849945999789,11277.6,21662.374173827782,209.94817,0.39198279637319056,0.6897141231667047,1.0,0.0,0.0,13.800070683038491
SE300_FL370,2022-03-01 01:49:00.000000000,6.627989237000202,51.88034855874178,11277.6,21662.374173827782,209.96094,0.38886914570866427,0.6841801980343583,1.0,0.0,0.0,13.800033136164926
SE300_FL370,2022-03-01 01:50:00.000000000,6.7422871098143675,51.982503017475295,11277.6,21662.374173827782,209.96628,0.3862282981659229,0.6795120183600541,1.0,0.0,0.0,13.79999217680041
SE300_FL370,2022-03-01 01:51:00.000000000,6.85616260126879,52.08494594286698,11277.6,21662.374173827782,209.98825,0.38175404581320427,0.6715519585651999,1.0,0.0,0.0,13.799947488517821
SE300_FL370,2022-03-01 01:52:00.000000000,6.9696483812259675,52.187660808917485,11277.6,21662.374173827782,210.00966,0.3772454232457154,0.6635326734988897,1.0,0.0,0.0,13.799898737232269
SE300_FL370,2022-03-01 01:53:00.000000000,7.082777318490884,52.29063144711092,11277.6,21662.374173827782,210.03043,0.37475340487155395,0.6590665635904022,1.0,0.0,0.0,13.800030398716745
SE300_FL370,2022-03-01 01:54:00.000000000,7.19557701404532,52.39384625576109,11277.6,21662.374173827782,210.052,0.3722393810579386,0.6545584609530888,1.0,0.0,0.0,13.800054345163323
SE300_FL370,2022-03-01 01:55:00.000000000,7.308085257117626,52.49728673117904,11277.6,21662.374173827782,210.06961,0.36982067253440626,0.6502354978572573,1.0,0.0,0.0,13.799996740891372
SE300_FL370,2022-03-01 01:56:00.000000000,7.420338038484323,52.60093580787837,11277.6,21662.374173827782,210.09152,0.3678835654186322,0.646742766659434,1.0,0.0,0.0,13.799934836100903
SE300_FL370,2022-03-01 01:57:00.000000000,7.532368946100369,52.70477859337681,11277.6,21662.374173827782,210.10797,0.36652785024760615,0.6442926171919252,1.0,0.0,0.0,13.7999107047655
SE300_FL370,2022-03-01 01:58:00.000000000,7.644210999091989,52.80880120769993,11277.6,21662.374173827782,210.11917,0.3651396639078782,0.6418079641178535,1.0,0.0,0.0,13.80009727987662
SE300_FL370,2022-03-01 01:59:00.000000000,7.755895885982359,52.912992453617406,11277.6,21662.374173827782,210.13144,0.36331227078658346,0.6385499791819272,1.0,0.0,0.0,13.800026839405156
SE300_FL370,2022-03-01 02:00:00.000000000,7.867462507785084,53.01733360209722,11277.6,21662.374173827782,210.13918,0.3646032092161682,0.6407889662809249,1.0,0.0,0.0,13.799951817325509
SE300_FL370,2022-03-01 02:01:00.000000000,7.97894493915904,53.12181080944994,11277.6,21662.374173827782,210.14217,0.36484519691659156,0.6412010487524731,1.0,0.0,0.0,13.799878948745755
SE300_FL370,2022-03-01 02:02:00.000000000,8.090377316599858,53.22641053966239,11277.6,21662.374173827782,210.13638,0.3683664084446785,0.64741117105591,1.0,0.0,0.0,13.80011613732471
SE300_FL370,2022-03-01 02:03:00.000000000,8.201794722995709,53.33112242122278,11277.6,21662.374173827782,210.13295,0.37239843656597515,0.6545130109361529,1.0,0.0,0.0,13.800033244616367
SE300_FL370,2022-03-01 02:04:00.000000000,8.313233280726271,53.43592919842136,11277.6,21662.374173827782,210.12253,0.37687070201581624,0.6624154824148386,1.0,0.0,0.0,13.799945514347323
SE300_FL370,2022-03-01 02:05:00.000000000,8.42472747485294,53.54081781028977,11277.6,21662.374173827782,210.09865,0.38041161762788395,0.6687373902346737,1.0,0.0,0.0,13.799915365810826
SE300_FL370,2022-03-01 02:06:00.000000000,8.536312692536393,53.64577571103455,11277.6,21662.374173827782,210.07115,0.3841991480371186,0.6755086394703852,1.0,0.0,0.0,13.80011004309586
SE300_FL370,2022-03-01 02:07:00.000000000,8.648028278660536,53.750790832795516,11277.6,21662.374173827782,210.04915,0.390516836828612,0.6867070485814277,1.0,0.0,0.0,13.800015304799869
SE300_FL370,2022-03-01 02:08:00.000000000,8.759906477778147,53.85584845500265,11277.6,21662.374173827782,210.02084,0.3950466009433175,0.6947954315928149,1.0,0.0,0.0,13.79991564313486
SE300_FL370,2022-03-01 02:09:00.000000000,8.871982232889263,53.96093601106962,11277.6,21662.374173827782,209.9779,0.398417579175298,0.7009084122409392,1.0,0.0,0.0,13.800004103946796
SE300_FL370,2022-03-01 02:10:00.000000000,8.984295963690094,54.06604108818969,11277.6,21662.374173827782,209.9422,0.402050716688823,0.7074569679546442,1.0,0.0,0.0,13.800080631551038
SE300_FL370,2022-03-01 02:11:00.000000000,9.096884905918607,54.17115044521283,11277.6,21662.374173827782,209.91881,0.4055100056956918,0.7136442472705257,1.0,0.0,0.0,13.799975069909443
SE300_FL370,2022-03-01 02:12:00.000000000,9.20978021803311,54.27625136209472,11277.6,21662.374173827782,209.88222,0.4076855837560071,0.7176330851971716,1.0,0.0,0.0,13.799864842324851
SE300_FL370,2022-03-01 02:13:00.000000000,9.323017438348389,54.38133146507345,11277.6,21662.374173827782,209.8665,0.4107186864518217,0.7230441716216812,1.0,0.0,0.0,13.800132173225244
SE300_FL370,2022-03-01 02:14:00.000000000,9.436648363691544,54.48637655428334,11277.6,21662.374173827782,209.84781,0.41275722627156397,0.726713909448741,1.0,0.0,0.0,13.800031613689772
SE300_FL370,2022-03-01 02:15:00.000000000,9.550696513269713,54.59137491446518,11277.6,21662.374173827782,209.8287,0.41426645845887805,0.7294588036183915,1.0,0.0,0.0,13.799916973248944
SE300_FL370,2022-03-01 02:16:00.000000000,9.665197626195663,54.69631414251662,11277.6,21662.374173827782,209.80338,0.4146659660362247,0.730274284025,1.0,0.0,0.0,13.800000285525412
SE300_FL370,2022-03-01 02:17:00.000000000,9.780198569347377,54.80118004346924,11277.6,21662.374173827782,209.78778,0.415066861256807,0.7310495917892985,1.0,0.0,0.0,13.800086698051244
SE300_FL370,2022-03-01 02:18:00.000000000,9.895738483326229,54.90595917369293,11277.6,21662.374173827782,209.78023,0.41521617822607515,0.7313441258573649,1.0,0.0,0.0,12.396279145510631
SE300_FL370,2022-03-01 02:18:53.897617080,10.0,55.0,11277.6,21662.374173827782,209.75085,0.41495233969078354,0.7310120194723073,1.0,0.0,0.0,0.0
SE150_FL370,2022-03-01 00:00:00.000000000,-10.000000000000002,45.00000000000001,11277.6,21662.374173827782,213.05789,0.3639527340099758,0.6279835570990016,1.0,0.0,0.0,13.800025280721622
SE150_FL370,2022-03-01 00:01:00.000000000,-9.848780362463852,45.06309802296491,11277.6,21662.374173827782,212.93637,0.36593289352718367,0.631896308597765,1.0,0.0,0.0,13.800023124170625
SE150_FL370,2022-03-01 00:02:00.000000000,-9.69723892593266,45.12601025046198,11277.6,21662.374173827782,212.80179,0.3690822072996937,0.6378896422908277,1.0,0.0,0.0,13.800020919334957
SE150_FL370,2022-03-01 00:03:00.000000000,-9.545386915730079,45.18874995403247,11277.6,21662.374173827782,212.68039,0.3694155268958412,0.6389625155198775,1.0,0.0,0.0,13.80001868361511
SE150_FL370,2022-03-01 00:04:00.000000000,-9.393235477429094,45.251330452726556,11277.6,21662.374173827782,212.57907,0.3723592802724168,0.6444735191851524,1.0,0.0,0.0,13.800016434639819
SE150_FL370,2022-03-01 00:05:00.000000000,-9.240795680594678,45.31376510728148,11277.6,21662.374173827782,212.491,0.37450459518443974,0.648553626934727,1.0,0.0,0.0,13.800014190107833
SE150_FL370,2022-03-01 00:06:00.000000000,-9.088078522618359,45.376067314269825,11277.6,21662.374173827782,212.40498,0.3800390224572451,0.6584995853063773,1.0,0.0,0.0,13.800011967625645
SE150_FL370,2022-03-01 00:07:00.000000000,-8.935094932619785,45.43825050019791,11277.6,21662.374173827782,212.34172,0.38334786404498855,0.6645019059291423,1.0,0.0,0.0,13.800009784533726
SE150_FL370,2022-03-01 00:08:00.000000000,-8.78185577539008,45.500328115534025,11277.6,21662.374173827782,212.31396,0.38306252417927034,0.6641240387297666,1.0,0.0,0.0,13.80000765772226
SE150_FL370,2022-03-01 00:09:00.000000000,-8.628371855351828,45.56231362864651,11277.6,21662.374173827782,212.24544,0.38359320932519375,0.6653364423128072,1.0,0.0,0.0,13.80000560344844
SE150_FL370,2022-03-01 00:10:00.000000000,-8.474653920510518,45.62422051963216,11277.6,21662.374173827782,212.1689,0.3860514907037238,0.6699255956534784,1.0,0.0,0.0,13.800003637143645
SE150_FL370,2022-03-01 00:11:00.000000000,-8.320712666371875,45.68606227401563,11277.6,21662.374173827782,212.09023,0.3928390610972034,0.6820452154981558,1.0,0.0,0.0,13.800001773220872
SE150_FL370,2022-03-01 00:12:00.000000000,-8.166558739799713,45.74785237630135,11277.6,21662.374173827782,212.01591,0.3973968759664309,0.6902849335036317,1.0,0.0,0.0,13.800000024891407
SE150_FL370,2022-03-01 00:13:00.000000000,-8.012202742788062,45.80960430335971,11277.6,21662.374173827782,211.95032,0.3984505154274084,0.6924035955531317,1.0,0.0,0.0,13.79999840397277
SE150_FL370,2022-03-01 00:14:00.000000000,-7.857655236121768,45.87133151763049,11277.6,21662.374173827782,211.89876,0.39438053763385506,0.6855551582524518,1.0,0.0,0.0,13.799996920709697
SE150_FL370,2022-03-01 00:15:00.000000000,-7.702926742899029,45.933047460127014,11277.6,21662.374173827782,211.88496,0.3906912431835861,0.6792010526612227,1.0,0.0,0.0,13.799995583611501
SE150_FL370,2022-03-01 00:16:00.000000000,-7.548027751889124,45.99476554322603,11277.6,21662.374173827782,211.89871,0.3870537661016249,0.6728196986390874,1.0,0.0,0.0,13.799994399289552
SE150_FL370,2022-03-01 00:17:00.000000000,-7.392968720698455,46.05649914322893,11277.6,21662.374173827782,211.92802,0.3814646528041402,0.6629803804607088,1.0,0.0,0.0,13.799993372318367
SE150_FL370,2022-03-01 00:18:00.000000000,-7.237760078717368,46.118261592681485,11277.6,21662.374173827782,211.97441,0.37754061630699004,0.6559661511210636,1.0,0.0,0.0,13.799992505114373
SE150_FL370,2022-03-01 00:19:00.000000000,-7.0824122298204,46.18006617244081,11277.6,21662.374173827782,212.02415,0.37666729685321293,0.6542435642071281,1.0,0.0,0.0,13.799991797836244
SE150_FL370,2022-03-01 00:20:00.000000000,-6.926935554791905,46.241926103479614,11277.6,21662.374173827782,212.07187,0.37663745874943566,0.6539931035205309,1.0,0.0,0.0,13.799991248309139
SE150_FL370,2022-03-01 00:21:00.000000000,-6.771340413449099,46.303854538419465,11277.6,21662.374173827782,212.11586,0.372956983176822,0.6474216596263462,1.0,0.0,0.0,13.79999085197143
SE150_FL370,2022-03-01 00:22:00.000000000,-6.615637146434141,46.36586455278655,11277.6,21662.374173827782,212.08464,0.37554295448069697,0.6520402423945499,1.0,0.0,0.0,13.79999060186101
SE150_FL370,2022-03-01 00:23:00.000000000,-6.4598360766471385,46.427969135985755,11277.6,21662.374173827782,212.0344,0.38169815643400073,0.6629382336184424,1.0,0.0,0.0,13.799990488621079
SE150_FL370,2022-03-01 00:24:00.000000000,-6.3039475102915645,46.49018118199037,11277.6,21662.374173827782,211.96764,0.391124614334565,0.67959752988177,1.0,0.0,0.0,13.799990500548963
SE150_FL370,2022-03-01 00:25:00.000000000,-6.147981737503878,46.552513479747134,11277.6,21662.374173827782,211.87782,0.4026513825751608,0.7000257562339466,1.0,0.0,0.0,13.799990623666508
SE150_FL370,2022-03-01 00:26:00.000000000,-5.991949032539317,46.6149787032986,11277.6,21662.374173827782,211.77829,0.417871145199379,0.7269409869362906,1.0,0.0,0.0,13.799990841836957
SE150_FL370,2022-03-01 00:27:00.000000000,-5.835859653486246,46.67758940162737,11277.6,21662.374173827782,211.70796,0.42968437860011466,0.7478255317928102,1.0,0.0,0.0,13.799991136910966
SE150_FL370,2022-03-01 00:28:00.000000000,-5.679723841481787,46.740357988228865,11277.6,21662.374173827782,211.6416,0.4417672299611943,0.7691771271929317,1.0,0.0,0.0,13.799991488902345
SE150_FL370,2022-03-01 00:29:00.000000000,-5.523551819402239,46.80329673042195,11277.6,21662.374173827782,211.5726,0.45096019119059993,0.7855241996825519,1.0,0.0,0.0,13.799991876206876
SE150_FL370,2022-03-01 00:30:00.000000000,-5.367353790002575,46.86641773840963,11277.6,21662.374173827782,211.49985,0.45067828306895297,0.7853940274690899,1.0,0.0,0.0,13.799992275841205
SE150_FL370,2022-03-01 00:31:00.000000000,-5.2111399334805135,46.92973295410445,11277.6,21662.374173827782,211.41838,0.45071003996459263,0.7858506843195406,1.0,0.0,0.0,13.799992663719705
SE150_FL370,2022-03-01 00:32:00.000000000,-5.05492040444159,46.993254139735846,11277.6,21662.374173827782,211.33028,0.44898207317049954,0.7832715855373371,1.0,0.0,0.0,13.799993014953047
SE150_FL370,2022-03-01 00:33:00.000000000,-4.89870532824359,47.05699286626,11277.6,21662.374173827782,211.21469,0.44681214691706933,0.7800497007300216,1.0,0.0,0.0,13.799993304171764
SE150_FL370,2022-03-01 00:34:00.000000000,-4.7425047966999045,47.12096050159472,11277.6,21662.374173827782,211.0921,0.4444157520439933,0.7764598091476204,1.0,0.0,0.0,13.79999350586429
SE150_FL370,2022-03-01 00:35:00.000000000,-4.586328863123924,47.185168198705355,11277.6,21662.374173827782,210.97375,0.4385535763656394,0.7667838249340634,1.0,0.0,0.0,13.799993594737066
SE150_FL370,2022-03-01 00:36:00.000000000,-4.430187536698249,47.24962688356991,11277.6,21662.374173827782,210.86748,0.43254917429326833,0.7567865685308623,1.0,0.0,0.0,13.799993546077733
SE150_FL370,2022-03-01 00:37:00.000000000,-4.274090776155365,47.31434724305453,11277.6,21662.374173827782,210.77557,0.4267860413114639,0.747129105570066,1.0,0.0,0.0,13.799993336121352
SE150_FL370,2022-03-01 00:38:00.000000000,-4.118048482758973,47.37933971273268,11277.6,21662.374173827782,210.70692,0.4206201267133214,0.7366503484094208,1.0,0.0,0.0,13.799992942424828
SE150_FL370,2022-03-01 00:39:00.000000000,-3.9620704925782735,47.44461446468435,11277.6,21662.374173827782,210.65479,0.41399664277738035,0.7252841099715955,1.0,0.0,0.0,13.7999923442172
SE150_FL370,2022-03-01 00:40:00.000000000,-3.806166568050712,47.510181395313246,11277.6,21662.374173827782,210.65442,0.40641703876299323,0.7120091938307196,1.0,0.0,0.0,13.799991522756148
SE150_FL370,2022-03-01 00:41:00.000000000,-3.6503463888319807,47.57605011322245,11277.6,21662.374173827782,210.6643,0.39939054172462024,0.6996551912375844,1.0,0.0,0.0,13.799990461647935
SE150_FL370,2022-03-01 00:42:00.000000000,-3.4946195419363453,47.64222992719104,11277.6,21662.374173827782,210.66615,0.3929657613159329,0.688391945444536,1.0,0.0,0.0,13.799989147153058
SE150_FL370,2022-03-01 00:43:00.000000000,-3.3389955111735663,47.708729834295355,11277.6,21662.374173827782,210.66756,0.3876151438251219,0.6790135385820247,1.0,0.0,0.0,13.79998756845803
SE150_FL370,2022-03-01 00:44:00.000000000,-3.1834836658934074,47.775558508220634,11277.6,21662.374173827782,210.67357,0.3838100160112236,0.6723225895774888,1.0,0.0,0.0,13.79998571790615
SE150_FL370,2022-03-01 00:45:00.000000000,-3.0280932490527612,47.84272428780939,11277.6,21662.374173827782,210.69647,0.38131972543473586,0.6678630989765828,1.0,0.0,0.0,13.799983591199357
SE150_FL370,2022-03-01 00:46:00.000000000,-2.872833364624784,47.91023516589412,11277.6,21662.374173827782,210.73643,0.378727435711401,0.6631587447482032,1.0,0.0,0.0,13.799981187540997
SE150_FL370,2022-03-01 00:47:00.000000000,-2.7177129643741873,47.97809877846222,11277.6,21662.374173827782,210.78088,0.3765477717905692,0.6591616878086645,1.0,0.0,0.0,13.799978509741795
SE150_FL370,2022-03-01 00:48:00.000000000,-2.562740834027267,48.046322394201255,11277.6,21662.374173827782,210.83794,0.37563611682937165,0.6573323334003252,1.0,0.0,0.0,13.799975564268491
SE150_FL370,2022-03-01 00:49:00.000000000,-2.407925578869879,48.11491290447256,11277.6,21662.374173827782,210.8749,0.37427014594358904,0.6547917510079435,1.0,0.0,0.0,13.799972361242325
SE150_FL370,2022-03-01 00:50:00.000000000,-2.2532756088113697,48.18387681376056,11277.6,21662.374173827782,210.8994,0.37295751414908035,0.6523964355364813,1.0,0.0,0.0,13.799968914382415
SE150_FL370,2022-03-01 00:51:00.000000000,-2.0987991229566814,48.25322023064404,11277.6,21662.374173827782,210.90811,0.37252201466839924,0.6515979274646083,1.0,0.0,0.0,13.799965240897679
SE150_FL370,2022-03-01 00:52:00.000000000,-1.9445040937337181,48.3229488593347,11277.6,21662.374173827782,210.91422,0.37402087799877626,0.6541965942119412,1.0,0.0,0.0,13.799961361323575
SE150_FL370,2022-03-01 00:53:00.000000000,-1.7903982506269553,48.393067991826065,11277.6,21662.374173827782,210.93631,0.37698521898069537,0.6592897921332725,1.0,0.0,0.0,13.799957299309654
SE150_FL370,2022-03-01 00:54:00.000000000,-1.6364890635725675,48.46358250069396,11277.6,21662.374173827782,210.95589,0.37970700720202233,0.6639676469660838,1.0,0.0,0.0,13.799953081365691
SE150_FL370,2022-03-01 00:55:00.000000000,-1.482783726073991,48.534496832587074,11277.6,21662.374173827782,210.9836,0.38154604530722114,0.6670695636076213,1.0,0.0,0.0,13.799948736550181
SE150_FL370,2022-03-01 00:56:00.000000000,-1.3292891381006948,48.60581500244348,11277.6,21662.374173827782,210.9959,0.3844483894957911,0.6720932655670097,1.0,0.0,0.0,13.79996224359886
SE150_FL370,2022-03-01 00:57:00.000000000,-1.176012199022902,48.677541157964725,11277.6,21662.374173827782,210.96036,0.38927904109834,0.6806861945882406,1.0,0.0,0.0,13.800015850398514
SE150_FL370,2022-03-01 00:58:00.000000000,-1.022959909011004,48.74967973493967,11277.6,21662.374173827782,210.86766,0.3978177810571118,0.6960210651850663,1.0,0.0,0.0,13.800011280819982
SE150_FL370,2022-03-01 00:59:00.000000000,-0.8701372214611162,48.82223162470867,11277.6,21662.374173827782,210.76598,0.40764836115862724,0.7136687033477163,1.0,0.0,0.0,13.800006501605102
SE150_FL370,2022-03-01 01:00:00.000000000,-0.7175496815727354,48.89519906140205,11277.6,21662.374173827782,210.65707,0.418258396274243,0.7327414656946075,1.0,0.0,0.0,13.800001555312974
SE150_FL370,2022-03-01 01:01:00.000000000,-0.5652024537904219,48.96858383001156,11277.6,21662.374173827782,210.52666,0.43020261704717677,0.7542737451332595,1.0,0.0,0.0,13.79999648581086
SE150_FL370,2022-03-01 01:02:00.000000000,-0.4131003048958678,49.04238726558329,11277.6,21662.374173827782,210.42085,0.4395931806839971,0.7712431660635249,1.0,0.0,0.0,13.799991337765992
SE150_FL370,2022-03-01 01:03:00.000000000,-0.2612475873906203,49.116610253279745,11277.6,21662.374173827782,210.33069,0.44684394845175046,0.7844017193521083,1.0,0.0,0.0,13.7999861561264
SE150_FL370,2022-03-01 01:04:00.000000000,-0.1096482232436474,49.1912532293119,11277.6,21662.374173827782,210.23932,0.45512395279171103,0.799381703799251,1.0,0.0,0.0,13.799980985617015
SE150_FL370,2022-03-01 01:05:00.000000000,0.041694311923352705,49.266316182737384,11277.6,21662.374173827782,210.16354,0.4639176854259524,0.8152095980259125,1.0,0.0,0.0,13.799975870245795
SE150_FL370,2022-03-01 01:06:00.000000000,0.19277700414136667,49.341798658116055,11277.6,21662.374173827782,210.1801,0.46531555007615916,0.8175821338677403,1.0,0.0,0.0,13.799970852837674
SE150_FL370,2022-03-01 01:07:00.000000000,0.3435973158213465,49.41769975900875,11277.6,21662.374173827782,210.20033,0.4661178489553898,0.8188892143704826,1.0,0.0,0.0,13.79996597459641
SE150_FL370,2022-03-01 01:08:00.000000000,0.49415319983679507,49.49401815230074,11277.6,21662.374173827782,210.20815,0.465072154528106,0.8170146518747704,1.0,0.0,0.0,13.799961274703167
SE150_FL370,2022-03-01 01:09:00.000000000,0.6444431128990113,49.5707520733261,11277.6,21662.374173827782,210.26266,0.4582900712888291,0.8048292777347169,1.0,0.0,0.0,13.799956789951366
SE150_FL370,2022-03-01 01:10:00.000000000,0.7944660281656921,49.647899331764975,11277.6,21662.374173827782,210.30775,0.45217461839272205,0.7938693676939063,1.0,0.0,0.0,13.799952554435153
SE150_FL370,2022-03-01 01:11:00.000000000,0.9442214470284372,49.72545731828128,11277.6,21662.374173827782,210.32986,0.4479937683382122,0.786422775970195,1.0,0.0,0.0,13.799948599276675
SE150_FL370,2022-03-01 01:12:00.000000000,1.0937094100288882,49.803423011864275,11277.6,21662.374173827782,210.3612,0.44312468105932673,0.77772597214045,1.0,0.0,0.0,13.79994495241215
SE150_FL370,2022-03-01 01:13:00.000000000,1.2429305068591834,49.8817929878337,11277.6,21662.374173827782,210.39545,0.4383378862238832,0.7691614689795334,1.0,0.0,0.0,13.799943970232082
SE150_FL370,2022-03-01 01:14:00.000000000,1.391885839203061,49.9605634958069,11277.6,21662.374173827782,210.42319,0.4372311339518151,0.7670867329299982,1.0,0.0,0.0,13.800018164069398
SE150_FL370,2022-03-01 01:15:00.000000000,1.5405756538199646,50.039732525500625,11277.6,21662.374173827782,210.45444,0.43628494824265474,0.7652797079606761,1.0,0.0,0.0,13.800012779561797
SE150_FL370,2022-03-01 01:16:00.000000000,1.689003811745885,50.119293133097386,11277.6,21662.374173827782,210.493,0.4351197267021089,0.7630522635820967,1.0,0.0,0.0,13.800007711970267
SE150_FL370,2022-03-01 01:17:00.000000000,1.8371731915099507,50.19924036232172,11277.6,21662.374173827782,210.50455,0.4367707458871605,0.7658964493433474,1.0,0.0,0.0,13.800002984178791
SE150_FL370,2022-03-01 01:18:00.000000000,1.985087255414262,50.279568902342035,11277.6,21662.374173827782,210.5045,0.440384345255477,0.772233294114571,1.0,0.0,0.0,13.79999861501331
SE150_FL370,2022-03-01 01:19:00.000000000,2.1327500533276282,50.36027309878075,11277.6,21662.374173827782,210.50963,0.4445818730383561,0.7795677099378561,1.0,0.0,0.0,13.799994619263725
SE150_FL370,2022-03-01 01:20:00.000000000,2.2801662254169526,50.44134696502648,11277.6,21662.374173827782,210.47017,0.45433306495819376,0.796860970892914,1.0,0.0,0.0,13.799991007751949
SE150_FL370,2022-03-01 01:21:00.000000000,2.4273410038207826,50.52278419379153,11277.6,21662.374173827782,210.42542,0.4661239584153205,0.8177661407752495,1.0,0.0,0.0,13.799987787443316
SE150_FL370,2022-03-01 01:22:00.000000000,2.5742802132739526,50.604578168858964,11277.6,21662.374173827782,210.40068,0.47381604090135565,0.8313886616656857,1.0,0.0,0.0,13.799984961591031
SE150_FL370,2022-03-01 01:23:00.000000000,2.720990270699007,50.686721976962986,11277.6,21662.374173827782,210.39018,0.47865385272894506,0.8399286626044797,1.0,0.0,0.0,13.79998252990439
SE150_FL370,2022-03-01 01:24:00.000000000,2.8674781837846655,50.769208419747585,11277.6,21662.374173827782,210.37923,0.4824767128461573,0.8466944216039097,1.0,0.0,0.0,13.79998048874809
SE150_FL370,2022-03-01 01:25:00.000000000,3.013751548576857,50.85203002574966,11277.6,21662.374173827782,210.37575,0.4851124046460349,0.851340781692942,1.0,0.0,0.0,13.799978831356217
SE150_FL370,2022-03-01 01:26:00.000000000,3.1598185461124664,50.935179062353996,11277.6,21662.374173827782,210.41211,0.47932068590799987,0.8409870419648606,1.0,0.0,0.0,13.79997754806047
SE150_FL370,2022-03-01 01:27:00.000000000,3.3056879381298114,51.0186475476696,11277.6,21662.374173827782,210.45442,0.4730458348819347,0.829763498199728,1.0,0.0,0.0,13.799976626528416
SE150_FL370,2022-03-01 01:28:00.000000000,3.451369061894234,51.10242726227889,11277.6,21662.374173827782,210.50978,0.46508339371608154,0.8155156934617797,1.0,0.0,0.0,13.799976052009184
SE150_FL370,2022-03-01 01:29:00.000000000,3.596871824179734,51.18650976081355,11277.6,21662.374173827782,210.57109,0.4564080906952062,0.7999997755076069,1.0,0.0,0.0,13.79997580757543
SE150_FL370,2022-03-01 01:30:00.000000000,3.7422066944510983,51.27088638331356,11277.6,21662.374173827782,210.64154,0.44697719114758466,0.7831261249819439,1.0,0.0,0.0,13.799975874366709
SE150_FL370,2022-03-01 01:31:00.000000000,3.8873846972928505,51.35554826632859,11277.6,21662.374173827782,210.65935,0.4418385735187925,0.7740414387201566,1.0,0.0,0.0,13.799976231823901
SE150_FL370,2022-03-01 01:32:00.000000000,4.032417404133353,51.44048635372388,11277.6,21662.374173827782,210.66785,0.436970519766162,0.7654702985226568,1.0,0.0,0.0,13.799976857923344
SE150_FL370,2022-03-01 01:33:00.000000000,4.17731692431389,51.525691407155904,11277.6,21662.374173827782,210.65894,0.43246256426922025,0.7576152875198351,1.0,0.0,0.0,13.79997772939002
SE150_FL370,2022-03-01 01:34:00.000000000,4.322095895553423,51.611154016185885,11277.6,21662.374173827782,210.62341,0.4289260180831755,0.7515861049893676,1.0,0.0,0.0,13.799978821916332
SE150_FL370,2022-03-01 01:35:00.000000000,4.466767473859694,51.69686460800298,11277.6,21662.374173827782,210.5613,0.4269695584562469,0.7484434741468049,1.0,0.0,0.0,13.79998011034861
SE150_FL370,2022-03-01 01:36:00.000000000,4.61134532293813,51.78281345673147,11277.6,21662.374173827782,210.48395,0.4249039737032887,0.7451801981767939,1.0,0.0,0.0,13.799981568886242
SE150_FL370,2022-03-01 01:37:00.000000000,4.755843603148792,51.86899069230014,11277.6,21662.374173827782,210.40242,0.4229391923965874,0.7421068989860963,1.0,0.0,0.0,13.79998317125147
SE150_FL370,2022-03-01 01:38:00.000000000,4.9002769600611895,51.95538630885467,11277.6,21662.374173827782,210.31058,0.4207577765837856,0.738700154707041,1.0,0.0,0.0,13.799984890852482
SE150_FL370,2022-03-01 01:39:00.000000000,5.044660512655349,52.041990172697254,11277.6,21662.374173827782,210.21704,0.41923974205874875,0.7364587990851826,1.0,0.0,0.0,13.799986700946327
SE150_FL370,2022-03-01 01:40:00.000000000,5.189009841215732,52.12879202974077,11277.6,21662.374173827782,210.11961,0.41836095012125935,0.7353539711565784,1.0,0.0,0.0,13.799988574784994
SE150_FL370,2022-03-01 01:41:00.000000000,5.33334097496334,52.2157815124673,11277.6,21662.374173827782,210.01933,0.4185663841067324,0.736168227496526,1.0,0.0,0.0,13.799990485753726
SE150_FL370,2022-03-01 01:42:00.000000000,5.477670379467894,52.30294814638437,11277.6,21662.374173827782,209.91658,0.41908363309840707,0.7375430736436149,1.0,0.0,0.0,13.799992407510803
SE150_FL370,2022-03-01 01:43:00.000000000,5.622014943881001,52.390281355974025,11277.6,21662.374173827782,209.8035,0.41966671573877534,0.7390803822094416,1.0,0.0,0.0,13.79999431411892
SE150_FL370,2022-03-01 01:44:00.000000000,5.766391968026885,52.477770470133564,11277.6,21662.374173827782,209.69041,0.4204098094953705,0.7408978016012571,1.0,0.0,0.0,13.799996180175784
SE150_FL370,2022-03-01 01:45:00.000000000,5.910819149385742,52.565404727108,11277.6,21662.374173827782,209.60776,0.4232535023908013,0.7462866683403592,1.0,0.0,0.0,13.799997980946767
SE150_FL370,2022-03-01 01:46:00.000000000,6.055314570000713,52.65317327891751,11277.6,21662.374173827782,209.52419,0.4258429627846226,0.7512366455170841,1.0,0.0,0.0,13.799999692491834
SE150_FL370,2022-03-01 01:47:00.000000000,6.19989668333652,52.74106519528474,11277.6,21662.374173827782,209.44904,0.4284681854911412,0.7562096049534193,1.0,0.0,0.0,13.80000129179735
SE150_FL370,2022-03-01 01:48:00.000000000,6.344584301114556,52.829069467069175,11277.6,21662.374173827782,209.42967,0.4283419789323696,0.7560774026937598,1.0,0.0,0.0,13.800002756917273
SE150_FL370,2022-03-01 01:49:00.000000000,6.48939658014588,52.91717500921703,11277.6,21662.374173827782,209.42398,0.42724128868306177,0.7541610942987927,1.0,0.0,0.0,13.800004067102952
SE150_FL370,2022-03-01 01:50:00.000000000,6.634353009179616,53.00537066323756,11277.6,21662.374173827782,209.42659,0.42569598790151775,0.7514205055683755,1.0,0.0,0.0,13.80000520294991
SE150_FL370,2022-03-01 01:51:00.000000000,6.779473395781127,53.09364519921752,11277.6,21662.374173827782,209.4444,0.4221664672682378,0.7451085461006128,1.0,0.0,0.0,13.800006146536646
SE150_FL370,2022-03-01 01:52:00.000000000,6.924777853250975,53.18198731738731,11277.6,21662.374173827782,209.52216,0.4125999444635345,0.7278833863983145,1.0,0.0,0.0,13.80000688157544
SE150_FL370,2022-03-01 01:53:00.000000000,7.070286787591492,53.270385649253456,11277.6,21662.374173827782,209.59503,0.40365665132350853,0.7117882949714504,1.0,0.0,0.0,13.800007393558275
SE150_FL370,2022-03-01 01:54:00.000000000,7.216020884525191,53.35882875831312,11277.6,21662.374173827782,209.66582,0.3953462847628233,0.6968340813860089,1.0,0.0,0.0,13.800007669900015
SE150_FL370,2022-03-01 01:55:00.000000000,7.3620010965652085,53.44730514036748,11277.6,21662.374173827782,209.72528,0.3878753715469249,0.6834178178050787,1.0,0.0,0.0,13.800007700096462
SE150_FL370,2022-03-01 01:56:00.000000000,7.508248630134886,53.53580322345174,11277.6,21662.374173827782,209.78317,0.38049807846567835,0.6701832728665286,1.0,0.0,0.0,13.800007475854803
SE150_FL370,2022-03-01 01:57:00.000000000,7.654784932730397,53.62431136740005,11277.6,21662.374173827782,209.82817,0.37627821639648895,0.6625668828479363,1.0,0.0,0.0,13.800006991241453
SE150_FL370,2022-03-01 01:58:00.000000000,7.801631680117048,53.712817863064856,11277.6,21662.374173827782,209.86154,0.37340091726904906,0.6573666704405355,1.0,0.0,0.0,13.800006242806354
SE150_FL370,2022-03-01 01:59:00.000000000,7.948810763547113,53.80131093121019,11277.6,21662.374173827782,209.86952,0.3725286117669731,0.6557978634084382,1.0,0.0,0.0,13.800005229709964
SE150_FL370,2022-03-01 02:00:00.000000000,8.096344276983887,53.889778721099525,11277.6,21662.374173827782,209.87506,0.3737383450685768,0.6579061522449217,1.0,0.0,0.0,13.800003953824296
SE150_FL370,2022-03-01 02:01:00.000000000,8.244254504314016,53.97820930879907,11277.6,21662.374173827782,209.88188,0.37622567032095305,0.6622599914258042,1.0,0.0,0.0,13.80000241982998
SE150_FL370,2022-03-01 02:02:00.000000000,8.392563906527803,54.06659069521786,11277.6,21662.374173827782,209.85939,0.37840663386522083,0.6661872479296806,1.0,0.0,0.0,13.800000635287429
SE150_FL370,2022-03-01 02:03:00.000000000,8.541295108844203,54.15491080390644,11277.6,21662.374173827782,209.83467,0.3809211612932796,0.6707158312708272,1.0,0.0,0.0,13.79999861068731
SE150_FL370,2022-03-01 02:04:00.000000000,8.690470887755579,54.24315747863636,11277.6,21662.374173827782,209.80351,0.3847055869333374,0.6775076047504935,1.0,0.0,0.0,13.799996359482744
SE150_FL370,2022-03-01 02:05:00.000000000,8.840114157964688,54.3313184807831,11277.6,21662.374173827782,209.79257,0.390515588783926,0.6877876175361682,1.0,0.0,0.0,13.799993898086694
SE150_FL370,2022-03-01 02:06:00.000000000,8.990247959184734,54.41938148653517,11277.6,21662.374173827782,209.7762,0.3951837082797735,0.6960775991136967,1.0,0.0,0.0,13.799991245846577
SE150_FL370,2022-03-01 02:07:00.000000000,9.140895442771445,54.50733408395296,11277.6,21662.374173827782,209.76657,0.40015928651847754,0.7048826119065661,1.0,0.0,0.0,13.799988424983786
SE150_FL370,2022-03-01 02:08:00.000000000,9.292079858154782,54.595163769900566,11277.6,21662.374173827782,209.77184,0.40552815732704234,0.7143161976365606,1.0,0.0,0.0,13.799985460504125
SE150_FL370,2022-03-01 02:09:00.000000000,9.443824539036145,54.682857946874975,11277.6,21662.374173827782,209.76942,0.4089185766334743,0.7203022108281426,1.0,0.0,0.0,13.79998238006007
SE150_FL370,2022-03-01 02:10:00.000000000,9.596152889316482,54.770403919756546,11277.6,21662.374173827782,209.76804,0.4107795165484833,0.7235834339466823,1.0,0.0,0.0,13.799979213805697
SE150_FL370,2022-03-01 02:11:00.000000000,9.749088368719127,54.85778889250587,11277.6,21662.374173827782,209.78667,0.4128644303004206,0.7271757180689216,1.0,0.0,0.0,13.79997599417574
SE150_FL370,2022-03-01 02:12:00.000000000,9.902654478070929,54.944999964831716,11277.6,21662.374173827782,209.79604,0.41334890378984906,0.7279874586585509,1.0,0.0,0.0,8.71787688339356
SE150_FL370,2022-03-01 02:12:37.904240283,10.0,55.0,11277.6,21662.374173827782,209.78737,0.41335316727152427,0.7280319890393472,1.0,0.0,0.0,0.0
GC0_FL370,2022-03-01 00:00:00.000000000,-10.000000000000002,45.00000000000001,11277.6,21662.374173827782,213.05789,0.3639527340099758,0.6279835570990016,1.0,0.0,0.0,13.800031261260088
GC0_FL370,2022-03-01 00:01:00.000000000,-9.876312021826006,45.08811854334467,11277.6,21662.374173827782,213.00758,0.3602383108051207,0.6217761397702998,1.0,0.0,0.0,13.800027623894355
GC0_FL370,2022-03-01 00:02:00.000000000,-9.752242252140906,45.176103215944366,11277.6,21662.374173827782,212.91455,0.3623056199510231,0.6257220870069674,1.0,0.0,0.0,13.800023933454368
GC0_FL370,2022-03-01 00:03:00.000000000,-9.627788920452794,45.263953191638386,11277.6,21662.374173827782,212.84637,0.35960165091638313,0.6213234979059478,1.0,0.0,0.0,13.800020189682812
GC0_FL370,2022-03-01 00:04:00.000000000,-9.5029502525583,45.351667639156055,11277.6,21662.374173827782,212.78647,0.35640993046346814,0.6160467773398416,1.0,0.0,0.0,13.800016392336534
GC0_FL370,2022-03-01 00:05:00.000000000,-9.377724470626134,45.439245722091066,11277.6,21662.374173827782,212.73195,0.3556977125266402,0.6150319888327893,1.0,0.0,0.0,13.800012541176311
GC0_FL370,2022-03-01 00:06:00.000000000,-9.252109793282935,45.52668659887586,11277.6,21662.374173827782,212.64252,0.3584862145059512,0.620209618758497,1.0,0.0,0.0,13.800008635971807
GC0_FL370,2022-03-01 00:07:00.000000000,-9.126104435701345,45.613989422756205,11277.6,21662.374173827782,212.60844,0.35687301664168114,0.6175542210029258,1.0,0.0,0.0,13.800004676501466
GC0_FL370,2022-03-01 00:08:00.000000000,-8.999706609690397,45.701153341765824,11277.6,21662.374173827782,212.53195,0.35630051520177103,0.6168648532023182,1.0,0.0,0.0,13.800000662551579
GC0_FL370,2022-03-01 00:09:00.000000000,-8.872914523788092,45.7881774987011,11277.6,21662.374173827782,212.49219,0.3484511337999996,0.603430271062026,1.0,0.0,0.0,13.799996593917113
GC0_FL370,2022-03-01 00:10:00.000000000,-8.745726383356452,45.87506103109597,11277.6,21662.374173827782,212.43912,0.33927345428832484,0.587735903073731,1.0,0.0,0.0,13.799992470403737
GC0_FL370,2022-03-01 00:11:00.000000000,-8.618140390678803,45.96180307119685,11277.6,21662.374173827782,212.3755,0.33493786638434087,0.5804610293607981,1.0,0.0,0.0,13.799988291825057
GC0_FL370,2022-03-01 00:12:00.000000000,-8.490154745059604,46.04840274593778,11277.6,21662.374173827782,212.3016,0.3332310490142328,0.5777763660873195,1.0,0.0,0.0,13.799984058004643
GC0_FL370,2022-03-01 00:13:00.000000000,-8.36176764292664,46.13485917691566,11277.6,21662.374173827782,212.26161,0.3343781704410295,0.5799128564711429,1.0,0.0,0.0,13.799979768777922
GC0_FL370,2022-03-01 00:14:00.000000000,-8.232977277935733,46.22117148036564,11277.6,21662.374173827782,212.21324,0.33435654133686554,0.58005333281843,1.0,0.0,0.0,13.79997542398953
GC0_FL370,2022-03-01 00:15:00.000000000,-8.103781841077932,46.30733876713662,11277.6,21662.374173827782,212.27808,0.3244805801850739,0.5626887748423955,1.0,0.0,0.0,13.799971023496427
GC0_FL370,2022-03-01 00:16:00.000000000,-7.974179520789293,46.39336014266697,11277.6,21662.374173827782,212.36691,0.31191350327083067,0.5405891038441332,1.0,0.0,0.0,13.799966567164596
GC0_FL370,2022-03-01 00:17:00.000000000,-7.844168503063274,46.47923470696041,11277.6,21662.374173827782,212.46957,0.29870779147777166,0.5173625502865304,1.0,0.0,0.0,13.8000335506074
GC0_FL370,2022-03-01 00:18:00.000000000,-7.713744387039283,46.56496062297613,11277.6,21662.374173827782,212.62929,0.2811526670699483,0.48645917711457076,1.0,0.0,0.0,13.800029833224963
GC0_FL370,2022-03-01 00:19:00.000000000,-7.582907908106713,46.65053789712994,11277.6,21662.374173827782,212.80817,0.26280241741018606,0.45418524330855803,1.0,0.0,0.0,13.800025836216795
GC0_FL370,2022-03-01 00:20:00.000000000,-7.451657253716138,46.73596561579989,11277.6,21662.374173827782,212.9649,0.24634601930754507,0.4253137728429249,1.0,0.0,0.0,13.800021784046535
GC0_FL370,2022-03-01 00:21:00.000000000,-7.319990601234423,46.82124285691214,11277.6,21662.374173827782,213.12347,0.231480373221761,0.39923861929000803,1.0,0.0,0.0,13.800017676565119
GC0_FL370,2022-03-01 00:22:00.000000000,-7.187906126190921,46.90636869283971,11277.6,21662.374173827782,213.25357,0.21804609331261907,0.3757514628943632,1.0,0.0,0.0,13.800013513633964
GC0_FL370,2022-03-01 00:23:00.000000000,-7.0554020024062,46.99134219037952,11277.6,21662.374173827782,213.33769,0.20678763103789796,0.3561554774108072,1.0,0.0,0.0,13.800009295126483
GC0_FL370,2022-03-01 00:24:00.000000000,-6.922476402123702,47.07616241072962,11277.6,21662.374173827782,213.41954,0.19859397512145607,0.3418601748541673,1.0,0.0,0.0,13.800005020927465
GC0_FL370,2022-03-01 00:25:00.000000000,-6.789127496144292,47.16082840946671,11277.6,21662.374173827782,213.48405,0.19128426861119321,0.3291393214488856,1.0,0.0,0.0,13.800000690938065
GC0_FL370,2022-03-01 00:26:00.000000000,-6.655353453963729,47.24533923652389,11277.6,21662.374173827782,213.49094,0.19320875598093584,0.3324359496261154,1.0,0.0,0.0,13.799996305067978
GC0_FL370,2022-03-01 00:27:00.000000000,-6.521152443913118,47.32969393616862,11277.6,21662.374173827782,213.48529,0.20032923915977202,0.34470023682952805,1.0,0.0,0.0,13.799991863244522
GC0_FL370,2022-03-01 00:28:00.000000000,-6.386522633302341,47.41389154698097,11277.6,21662.374173827782,213.46317,0.2100547519811677,0.3614864565015053,1.0,0.0,0.0,13.799987365406142
GC0_FL370,2022-03-01 00:29:00.000000000,-6.251462188566615,47.49793110183218,11277.6,21662.374173827782,213.41534,0.22252081286273154,0.3830587020968009,1.0,0.0,0.0,13.79998281150992
GC0_FL370,2022-03-01 00:30:00.000000000,-6.1159692754160595,47.58181162786344,11277.6,21662.374173827782,213.36043,0.23814073796758345,0.4100948556415578,1.0,0.0,0.0,13.799978201523881
GC0_FL370,2022-03-01 00:31:00.000000000,-5.980042058988454,47.66553214646499,11277.6,21662.374173827782,213.3048,0.2526101078075807,0.43516938655540793,1.0,0.0,0.0,13.799973535432741
GC0_FL370,2022-03-01 00:32:00.000000000,-5.84367870400512,47.74909167325553,11277.6,21662.374173827782,213.2242,0.26781726624970675,0.46160804201809935,1.0,0.0,0.0,13.799968813237534
GC0_FL370,2022-03-01 00:33:00.000000000,-5.70687737493005,47.832489218061895,11277.6,21662.374173827782,213.15111,0.28111432812626996,0.4847569669201239,1.0,0.0,0.0,13.799964034957233
GC0_FL370,2022-03-01 00:34:00.000000000,-5.569636236132259,47.91572378489917,11277.6,21662.374173827782,213.07391,0.2933736199895411,0.5061496071071112,1.0,0.0,0.0,13.800035855280361
GC0_FL370,2022-03-01 00:35:00.000000000,-5.431950681045849,47.9987933410855,11277.6,21662.374173827782,212.97978,0.30624918342323043,0.5286851133533289,1.0,0.0,0.0,13.80003208062314
GC0_FL370,2022-03-01 00:36:00.000000000,-5.2938216052343305,48.08169789082298,11277.6,21662.374173827782,212.8788,0.3131678645179146,0.5409830448615685,1.0,0.0,0.0,13.800027766635571
GC0_FL370,2022-03-01 00:37:00.000000000,-5.155247191271525,48.164436426955106,11277.6,21662.374173827782,212.76181,0.32140096082832353,0.5556240344444863,1.0,0.0,0.0,13.800023396612284
GC0_FL370,2022-03-01 00:38:00.000000000,-5.016225604851381,48.24700792994952,11277.6,21662.374173827782,212.62146,0.33484133975848235,0.5793818046871728,1.0,0.0,0.0,13.800018970545228
GC0_FL370,2022-03-01 00:39:00.000000000,-4.876755012439158,48.329411374367055,11277.6,21662.374173827782,212.47026,0.3403347031779895,0.5894576847087944,1.0,0.0,0.0,13.800014488442477
GC0_FL370,2022-03-01 00:40:00.000000000,-4.7368335814541895,48.411645728843965,11277.6,21662.374173827782,212.31674,0.35121406015276535,0.6088989026910757,1.0,0.0,0.0,13.800009950331221
GC0_FL370,2022-03-01 00:41:00.000000000,-4.596459480456218,48.493709956074575,11277.6,21662.374173827782,212.1898,0.3504252519784923,0.6080224160432963,1.0,0.0,0.0,13.800005356252322
GC0_FL370,2022-03-01 00:42:00.000000000,-4.455630879335287,48.57560301279429,11277.6,21662.374173827782,212.08072,0.3502179598120383,0.6080846911828175,1.0,0.0,0.0,13.800000706269127
GC0_FL370,2022-03-01 00:43:00.000000000,-4.314345949505185,48.6573238497631,11277.6,21662.374173827782,212.00584,0.3521687334156932,0.6117628304706311,1.0,0.0,0.0,13.799996000461707
GC0_FL370,2022-03-01 00:44:00.000000000,-4.172602864100605,48.73887141174949,11277.6,21662.374173827782,211.94641,0.35519039471767627,0.6172444243653901,1.0,0.0,0.0,13.799991238929968
GC0_FL370,2022-03-01 00:45:00.000000000,-4.030399798177934,48.8202446375148,11277.6,21662.374173827782,211.90298,0.3524026584648631,0.6125691796467307,1.0,0.0,0.0,13.79998642179239
GC0_FL370,2022-03-01 00:46:00.000000000,-3.8877349289197967,48.901442459798034,11277.6,21662.374173827782,211.90572,0.34354819938110054,0.597166647656343,1.0,0.0,0.0,13.799981549189066
GC0_FL370,2022-03-01 00:47:00.000000000,-3.744606435843342,48.98246380530123,11277.6,21662.374173827782,211.89552,0.33466299016101564,0.5817594698813554,1.0,0.0,0.0,13.799976621281434
GC0_FL370,2022-03-01 00:48:00.000000000,-3.601012501012314,49.06330759467523,11277.6,21662.374173827782,211.91304,0.32852414118837003,0.5710235414623472,1.0,0.0,0.0,13.799971638251657
GC0_FL370,2022-03-01 00:49:00.000000000,-3.456951309253031,49.14397274250603,11277.6,21662.374173827782,211.91399,0.32439538173390575,0.5638448804313272,1.0,0.0,0.0,13.799966600302653
GC0_FL370,2022-03-01 00:50:00.000000000,-3.312421048374104,49.22445815730157,11277.6,21662.374173827782,211.89305,0.3229511611583166,0.5614105444501224,1.0,0.0,0.0,13.799961507663523
GC0_FL370,2022-03-01 00:51:00.000000000,-3.1674199093902,49.304762741479145,11277.6,21662.374173827782,211.86995,0.32573549978642224,0.5663323788875911,1.0,0.0,0.0,13.80003811560671
GC0_FL370,2022-03-01 00:52:00.000000000,-3.021943131385752,49.3848842512864,11277.6,21662.374173827782,211.83905,0.3320252356238395,0.5773802463152812,1.0,0.0,0.0,13.80003431143209
GC0_FL370,2022-03-01 00:53:00.000000000,-2.875991817593982,49.46482269242153,11277.6,21662.374173827782,211.80722,0.33647437218018,0.5852338113071817,1.0,0.0,0.0,13.80002967563927
GC0_FL370,2022-03-01 00:54:00.000000000,-2.7295641981544376,49.54457695964448,11277.6,21662.374173827782,211.7769,0.337903233802576,0.5878331575026454,1.0,0.0,0.0,13.800024984324816
GC0_FL370,2022-03-01 00:55:00.000000000,-2.582658479303576,49.62414593078313,11277.6,21662.374173827782,211.7557,0.3378251395470283,0.5877759063719117,1.0,0.0,0.0,13.800020237683322
GC0_FL370,2022-03-01 00:56:00.000000000,-2.435272871668278,49.703528477519875,11277.6,21662.374173827782,211.75337,0.33468784234018656,0.5823246935854899,1.0,0.0,0.0,13.800015435926571
GC0_FL370,2022-03-01 00:57:00.000000000,-2.2874055905140325,49.78272346538261,11277.6,21662.374173827782,211.822,0.3246789983809562,0.56466688856646,1.0,0.0,0.0,13.800010579292724
GC0_FL370,2022-03-01 00:58:00.000000000,-2.139054855997014,49.86172975373617,11277.6,21662.374173827782,211.90257,0.31262347467932905,0.5434227065087864,1.0,0.0,0.0,13.80000566804335
GC0_FL370,2022-03-01 00:59:00.000000000,-1.990218893420634,49.940546195774644,11277.6,21662.374173827782,211.97098,0.30243625648056416,0.5254858848405927,1.0,0.0,0.0,13.800000702464757
GC0_FL370,2022-03-01 01:00:00.000000000,-1.840895933496165,50.01917163851421,11277.6,21662.374173827782,212.07755,0.2884628172287974,0.5008687020723913,1.0,0.0,0.0,13.799995682868577
GC0_FL370,2022-03-01 01:01:00.000000000,-1.6910842126076457,50.09760492278672,11277.6,21662.374173827782,212.16942,0.2754957658063306,0.47807422991488685,1.0,0.0,0.0,13.799990609591623
GC0_FL370,2022-03-01 01:02:00.000000000,-1.540781973081079,50.17584488323394,11277.6,21662.374173827782,212.20547,0.2670811796588794,0.4633658105663078,1.0,0.0,0.0,13.799985482999908
GC0_FL370,2022-03-01 01:03:00.000000000,-1.3899874634580285,50.2538903483026,11277.6,21662.374173827782,212.22064,0.26045905760865484,0.4518332545123725,1.0,0.0,0.0,13.799980303483485
GC0_FL370,2022-03-01 01:04:00.000000000,-1.2386989387734455,50.33174014024005,11277.6,21662.374173827782,212.2288,0.25376928636277646,0.4402049320151271,1.0,0.0,0.0,13.799975071460995
GC0_FL370,2022-03-01 01:05:00.000000000,-1.0869146608380469,50.409393075090854,11277.6,21662.374173827782,212.15457,0.2571168775271698,0.4462230246827099,1.0,0.0,0.0,13.799969787382079
GC0_FL370,2022-03-01 01:06:00.000000000,-0.9346328985249368,50.48684796269396,11277.6,21662.374173827782,212.07332,0.26151250881147037,0.4540862635909684,1.0,0.0,0.0,13.799964451722667
GC0_FL370,2022-03-01 01:07:00.000000000,-0.7818519280607622,50.56410360668077,11277.6,21662.374173827782,211.98059,0.26742099210784415,0.46461861583226705,1.0,0.0,0.0,13.79995906498832
GC0_FL370,2022-03-01 01:08:00.000000000,-0.6285700333214097,50.64115880447403,11277.6,21662.374173827782,211.85098,0.27823021146237886,0.48379781562215596,1.0,0.0,0.0,13.800040250558894
GC0_FL370,2022-03-01 01:09:00.000000000,-0.47478237482134333,50.71801108774824,11277.6,21662.374173827782,211.71063,0.2912188216437174,0.5068318399943489,1.0,0.0,0.0,13.800036449888243
GC0_FL370,2022-03-01 01:10:00.000000000,-0.3204903233010431,50.79466047002034,11277.6,21662.374173827782,211.55638,0.3054379648752854,0.5320953795815082,1.0,0.0,0.0,13.800031495581349
GC0_FL370,2022-03-01 01:11:00.000000000,-0.16569222733307076,50.87110574593124,11277.6,21662.374173827782,211.38397,0.3222527571210133,0.5619956745921658,1.0,0.0,0.0,13.80002648819227
GC0_FL370,2022-03-01 01:12:00.000000000,-0.01038640460530521,50.94734568796158,11277.6,21662.374173827782,211.19728,0.3416592835594518,0.5965383390107937,1.0,0.0,0.0,13.800021428178642
GC0_FL370,2022-03-01 01:13:00.000000000,0.14542881799142826,51.02337906239046,11277.6,21662.374173827782,211.08553,0.3529000506457033,0.6165952280632591,1.0,0.0,0.0,13.800016316031584
GC0_FL370,2022-03-01 01:14:00.000000000,0.30175510404023853,51.099204629299564,11277.6,21662.374173827782,210.99416,0.36218251274053537,0.633173507346389,1.0,0.0,0.0,13.80001115226905
GC0_FL370,2022-03-01 01:15:00.000000000,0.45859410727043437,51.17482114257816,11277.6,21662.374173827782,210.92375,0.36853569253296675,0.6445642739313102,1.0,0.0,0.0,13.8000059374454
GC0_FL370,2022-03-01 01:16:00.000000000,0.6159474712251815,51.25022734992915,11277.6,21662.374173827782,210.91176,0.3676323120356085,0.6430321606918866,1.0,0.0,0.0,13.800000672141353
GC0_FL370,2022-03-01 01:17:00.000000000,0.7738168289243615,51.325421992876,11277.6,21662.374173827782,210.9518,0.3627508046691706,0.6343335840791828,1.0,0.0,0.0,13.7999953569759
GC0_FL370,2022-03-01 01:18:00.000000000,0.932203802522942,51.400403806770754,11277.6,21662.374173827782,211.01192,0.35735307564789714,0.6246624363871178,1.0,0.0,0.0,13.799989992598045
GC0_FL370,2022-03-01 01:19:00.000000000,1.0911100029643799,51.47517152080301,11277.6,21662.374173827782,211.07463,0.3524929189498292,0.6159255214830542,1.0,0.0,0.0,13.79998457969091
GC0_FL370,2022-03-01 01:20:00.000000000,1.2505370296295943,51.549723858009905,11277.6,21662.374173827782,211.14471,0.34785600657918564,0.607555730648469,1.0,0.0,0.0,13.799979118975191
GC0_FL370,2022-03-01 01:21:00.000000000,1.410486469980993,51.62405953528727,11277.6,21662.374173827782,211.11311,0.352901023938829,0.6164896416211193,1.0,0.0,0.0,13.799973611204168
GC0_FL370,2022-03-01 01:22:00.000000000,1.570959899201897,51.698177263401696,11277.6,21662.374173827782,211.05516,0.360296444367899,0.6296372481933236,1.0,0.0,0.0,13.799968057170684
GC0_FL370,2022-03-01 01:23:00.000000000,1.7319588798311787,51.77207574700383,11277.6,21662.374173827782,210.98576,0.36951493146203584,0.6460257895220832,1.0,0.0,0.0,13.799962457699413
GC0_FL370,2022-03-01 01:24:00.000000000,1.8934849613930664,51.84575368464275,11277.6,21662.374173827782,210.8632,0.38618822220125826,0.6756914454044111,1.0,0.0,0.0,13.799956813657149
GC0_FL370,2022-03-01 01:25:00.000000000,2.055539680022396,51.91920976878139,11277.6,21662.374173827782,210.73212,0.40464286122591386,0.7085577629780145,1.0,0.0,0.0,13.800042154299087
GC0_FL370,2022-03-01 01:26:00.000000000,2.2181278486239693,51.99244129650124,11277.6,21662.374173827782,210.59703,0.4243502488540471,0.7436882702510687,1.0,0.0,0.0,13.800038395347975
GC0_FL370,2022-03-01 01:27:00.000000000,2.381247755746821,52.06544829902248,11277.6,21662.374173827782,210.48854,0.4429711837830579,0.7768434620032854,1.0,0.0,0.0,13.800033137066887
GC0_FL370,2022-03-01 01:28:00.000000000,2.5449008423555197,52.13822947261712,11277.6,21662.374173827782,210.39912,0.4598452231854334,0.8068802629815787,1.0,0.0,0.0,13.800027830685213
GC0_FL370,2022-03-01 01:29:00.000000000,2.7090885869023626,52.210783485473385,11277.6,21662.374173827782,210.33818,0.4734289657621743,0.8310288834561159,1.0,0.0,0.0,13.800022477008898
GC0_FL370,2022-03-01 01:30:00.000000000,2.873812452494847,52.283108999789214,11277.6,21662.374173827782,210.31668,0.48153605939719174,0.8453712968706413,1.0,0.0,0.0,13.800017076881304
GC0_FL370,2022-03-01 01:31:00.000000000,3.039073886492103,52.35520467179508,11277.6,21662.374173827782,210.31435,0.48672734241793286,0.8544982140130484,1.0,0.0,0.0,13.8000116311833
GC0_FL370,2022-03-01 01:32:00.000000000,3.204874320096632,52.42706915177804,11277.6,21662.374173827782,210.33482,0.48740208714027816,0.8555728544919048,1.0,0.0,0.0,13.80000614083744
GC0_FL370,2022-03-01 01:33:00.000000000,3.3712151679413354,52.498701084107154,11277.6,21662.374173827782,210.38123,0.48392965043817676,0.8492381872061256,1.0,0.0,0.0,13.800000606803097
GC0_FL370,2022-03-01 01:34:00.000000000,3.538097827671728,52.57009910726018,11277.6,21662.374173827782,210.43216,0.48087672212709487,0.8436131208976126,1.0,0.0,0.0,13.799995030082775
GC0_FL370,2022-03-01 01:35:00.000000000,3.705523679523632,52.64126185385161,11277.6,21662.374173827782,210.47972,0.4757079733067876,0.8343010759126596,1.0,0.0,0.0,13.799989411721297
GC0_FL370,2022-03-01 01:36:00.000000000,3.8734940858960045,52.71218795066221,11277.6,21662.374173827782,210.5173,0.4703769805440846,0.8247604394696718,1.0,0.0,0.0,13.799983752801687
GC0_FL370,2022-03-01 01:37:00.000000000,4.04201039091922,52.78287601866978,11277.6,21662.374173827782,210.5377,0.4651038195136824,0.8154106801685975,1.0,0.0,0.0,13.799978054452163
GC0_FL370,2022-03-01 01:38:00.000000000,4.211073920018708,52.853324673081396,11277.6,21662.374173827782,210.5205,0.4593476897063646,0.8054042429763998,1.0,0.0,0.0,13.799972317845754
GC0_FL370,2022-03-01 01:39:00.000000000,4.380685979473958,52.92353252336716,11277.6,21662.374173827782,210.49393,0.4532177471979863,0.7947884888295647,1.0,0.0,0.0,13.79996654419649
GC0_FL370,2022-03-01 01:40:00.000000000,4.550847855972988,52.993498173295265,11277.6,21662.374173827782,210.4446,0.4481424321193933,0.7861270676510519,1.0,0.0,0.0,13.799960734763747
GC0_FL370,2022-03-01 01:41:00.000000000,4.72156081616213,53.06322022096875,11277.6,21662.374173827782,210.36183,0.44429406391855736,0.7797747417697566,1.0,0.0,0.0,13.799954890854742
GC0_FL370,2022-03-01 01:42:00.000000000,4.892826106191535,53.13269725886355,11277.6,21662.374173827782,210.27661,0.44056241039225735,0.773631099613131,1.0,0.0,0.0,13.80004369387429
GC0_FL370,2022-03-01 01:43:00.000000000,5.064648373766797,53.201926344915194,11277.6,21662.374173827782,210.18732,0.43752789490132044,0.7687240668608353,1.0,0.0,0.0,13.800040019521948
GC0_FL370,2022-03-01 01:44:00.000000000,5.237025480446346,53.270907542595175,11277.6,21662.374173827782,210.09517,0.4356703410942155,0.7658947924901066,1.0,0.0,0.0,13.800034486742401
GC0_FL370,2022-03-01 01:45:00.000000000,5.409958542016128,53.339639456889614,11277.6,21662.374173827782,209.99303,0.4347418265251057,0.7647399609212125,1.0,0.0,0.0,13.800028914083532
GC0_FL370,2022-03-01 01:46:00.000000000,5.583448717588524,53.40812065808024,11277.6,21662.374173827782,209.88193,0.4351464438620327,0.7659722037222259,1.0,0.0,0.0,13.80002330277767
GC0_FL370,2022-03-01 01:47:00.000000000,5.757497143428711,53.47634971103695,11277.6,21662.374173827782,209.76375,0.43760115004444494,0.7708499560633981,1.0,0.0,0.0,13.800017654102959
GC0_FL370,2022-03-01 01:48:00.000000000,5.932104932473757,53.54432517526539,11277.6,21662.374173827782,209.6581,0.4404218181080242,0.7763186544025211,1.0,0.0,0.0,13.800011969384423
GC0_FL370,2022-03-01 01:49:00.000000000,6.10727317384737,53.612045604956435,11277.6,21662.374173827782,209.55554,0.4434589422693418,0.7821630825139143,1.0,0.0,0.0,13.800006249993439
GC0_FL370,2022-03-01 01:50:00.000000000,6.283002932370696,53.679509549037114,11277.6,21662.374173827782,209.46579,0.44602972666398283,0.7871259441999225,1.0,0.0,0.0,13.800000497350158
GC0_FL370,2022-03-01 01:51:00.000000000,6.459295248068937,53.746715551223396,11277.6,21662.374173827782,209.42105,0.44430978285939987,0.7843028469206798,1.0,0.0,0.0,13.799994712920459
GC0_FL370,2022-03-01 01:52:00.000000000,6.636151135673946,53.81366215007467,11277.6,21662.374173827782,209.39114,0.44130618589103465,0.7791420999835263,1.0,0.0,0.0,13.799988898221487
GC0_FL370,2022-03-01 01:53:00.000000000,6.8135715841229665,53.88034787904993,11277.6,21662.374173827782,209.3922,0.4358192904813717,0.7694518880660467,1.0,0.0,0.0,13.799983054817007
GC0_FL370,2022-03-01 01:54:00.000000000,6.991557556053451,53.94677126656574,11277.6,21662.374173827782,209.45174,0.4258828961532556,0.7516371554867559,1.0,0.0,0.0,13.79997718432221
GC0_FL370,2022-03-01 01:55:00.000000000,7.170109987294104,54.01293083605608,11277.6,21662.374173827782,209.51945,0.4159173717891708,0.7337448444623428,1.0,0.0,0.0,13.799971288402922
GC0_FL370,2022-03-01 01:56:00.000000000,7.349229786352257,54.07882510603384,11277.6,21662.374173827782,209.59062,0.4066185069769844,0.7170318971789837,1.0,0.0,0.0,13.799965368775869
GC0_FL370,2022-03-01 01:57:00.000000000,7.5289178338974985,54.144452590154366,11277.6,21662.374173827782,209.65712,0.398135310474083,0.7017879969103639,1.0,0.0,0.0,13.799959427205792
GC0_FL370,2022-03-01 01:58:00.000000000,7.709174982241969,54.20981179728059,11277.6,21662.374173827782,209.70938,0.39111123904645667,0.6891851624578403,1.0,0.0,0.0,13.799953465513312
GC0_FL370,2022-03-01 01:59:00.000000000,7.890002054816966,54.2749012315503,11277.6,21662.374173827782,209.7412,0.38649292980639066,0.6809179652183822,1.0,0.0,0.0,13.800044709298199
GC0_FL370,2022-03-01 02:00:00.000000000,8.07140336006643,54.3397177150441,11277.6,21662.374173827782,209.75531,0.38326843283085543,0.6751760106770395,1.0,0.0,0.0,13.800041165932434
GC0_FL370,2022-03-01 02:01:00.000000000,8.253376235746266,54.4042613638653,11277.6,21662.374173827782,209.7576,0.38119017463177346,0.6715069121918571,1.0,0.0,0.0,13.80003540717797
GC0_FL370,2022-03-01 02:02:00.000000000,8.435921335887098,54.46853070587913,11277.6,21662.374173827782,209.74867,0.3821994795488923,0.6733207660836619,1.0,0.0,0.0,13.800029620699759
GC0_FL370,2022-03-01 02:03:00.000000000,8.61903936252284,54.532524226953534,11277.6,21662.374173827782,209.73657,0.3853326617105192,0.6788895898160434,1.0,0.0,0.0,13.800023808234585
GC0_FL370,2022-03-01 02:04:00.000000000,8.802730986129248,54.5962404085977,11277.6,21662.374173827782,209.72536,0.3892842447316887,0.6858985497936562,1.0,0.0,0.0,13.80001797157137
GC0_FL370,2022-03-01 02:05:00.000000000,8.986996845082029,54.659677728041075,11277.6,21662.374173827782,209.71696,0.3934569295847162,0.6932871988866827,1.0,0.0,0.0,13.80001211255036
GC0_FL370,2022-03-01 02:06:00.000000000,9.171837545112288,54.72283465831418,11277.6,21662.374173827782,209.7219,0.40007442625919337,0.7049280986141392,1.0,0.0,0.0,13.800006233064313
GC0_FL370,2022-03-01 02:07:00.000000000,9.357253658759396,54.785709668331585,11277.6,21662.374173827782,209.7275,0.4048741945900364,0.7133586561936335,1.0,0.0,0.0,13.800000335060249
GC0_FL370,2022-03-01 02:08:00.000000000,9.543245724821515,54.84830122297688,11277.6,21662.374173827782,209.74406,0.4083907554682812,0.7194819072189677,1.0,0.0,0.0,13.79999442053751
GC0_FL370,2022-03-01 02:09:00.000000000,9.729814247803706,54.91060778318973,11277.6,21662.374173827782,209.77539,0.4113586782751594,0.724571439144937,1.0,0.0,0.0,13.799988491549682
GC0_FL370,2022-03-01 02:10:00.000000000,9.916959697363977,54.97262780605501,11277.6,21662.374173827782,209.79756,0.4125223348286813,0.726524313359144,1.0,0.0,0.0,6.1100550360113415
GC0_FL370,2022-03-01 02:10:26.566305980,10.0,55.0,11277.6,21662.374173827782,209.80011,0.41279587489559383,0.7269939344411345,1.0,0.0,0.0,0.0
NW150_FL370,2022-03-01 00:00:00.000000000,-10.000000000000002,45.00000000000001,11277.6,21662.374173827782,213.05789,0.3639527340099758,0.6279835570990016,1.0,0.0,0.0,13.800014615529586
NW150_FL370,2022-03-01 00:01:00.000000000,-9.911943680217473,45.10739059751919,11277.6,21662.374173827782,213.08728,0.3542414591240695,0.6111099861330838,1.0,0.0,0.0,13.800013510743517
NW150_FL370,2022-03-01 00:02:00.000000000,-9.823535417039643,45.21470503205091,11277.6,21662.374173827782,213.07973,0.3494658542105536,0.6029015631324944,1.0,0.0,0.0,13.800012336604626
NW150_FL370,2022-03-01 00:03:00.000000000,-9.734752775491534,45.32193450949788,11277.6,21662.374173827782,213.06142,0.34611010079562715,0.5971830364694158,1.0,0.0,0.0,13.800011102228465
NW150_FL370,2022-03-01 00:04:00.000000000,-9.64557321962325,45.4290701602766,11277.6,21662.374173827782,213.07555,0.3379687913371346,0.5830832234066168,1.0,0.0,0.0,13.800009817596628
NW150_FL370,2022-03-01 00:05:00.000000000,-9.555974120765597,45.53610303447345,11277.6,21662.374173827782,213.08382,0.33102063643893115,0.5710651644206755,1.0,0.0,0.0,13.800008493466299
NW150_FL370,2022-03-01 00:06:00.000000000,-9.465932766099801,45.64302409705574,11277.6,21662.374173827782,213.07921,0.32653363881993697,0.5633414284871858,1.0,0.0,0.0,13.8000071412585
NW150_FL370,2022-03-01 00:07:00.000000000,-9.37542636757764,45.74982422315823,11277.6,21662.374173827782,213.07756,0.3225224419048185,0.5564259911676706,1.0,0.0,0.0,13.800005772917848
NW150_FL370,2022-03-01 00:08:00.000000000,-9.284432071228174,45.85649419346592,11277.6,21662.374173827782,213.07819,0.31389853494981046,0.5415466753909456,1.0,0.0,0.0,13.800004400762623
NW150_FL370,2022-03-01 00:09:00.000000000,-9.192926966886413,45.96302468971482,11277.6,21662.374173827782,213.05548,0.3054874732741363,0.5271122970272125,1.0,0.0,0.0,13.800003037318143
NW150_FL370,2022-03-01 00:10:00.000000000,-9.100888098379096,46.069406290332594,11277.6,21662.374173827782,213.04272,0.2954601593025985,0.5098524122301192,1.0,0.0,0.0,13.800001695131416
NW150_FL370,2022-03-01 00:11:00.000000000,-9.008292474201193,46.175629466241716,11277.6,21662.374173827782,213.01698,0.28709880420508316,0.49550632667327155,1.0,0.0,0.0,13.800000386583605
NW150_FL370,2022-03-01 00:12:00.000000000,-8.915117078716126,46.2816845768484,11277.6,21662.374173827782,213.02472,0.2770485761185709,0.4781362356209537,1.0,0.0,0.0,13.799999123681374
NW150_FL370,2022-03-01 00:13:00.000000000,-8.82133888391088,46.38756186624089,11277.6,21662.374173827782,213.06374,0.2661445896708448,0.45920195232824446,1.0,0.0,0.0,13.799997917859939
NW150_FL370,2022-03-01 00:14:00.000000000,-8.726934861735826,46.49325145962168,11277.6,21662.374173827782,213.09438,0.2569452059874161,0.44324214822526636,1.0,0.0,0.0,13.799996779771385
NW150_FL370,2022-03-01 00:15:00.000000000,-8.631881997057086,46.59874335999853,11277.6,21662.374173827782,213.21732,0.2435629766424795,0.4198225120818541,1.0,0.0,0.0,13.799995719077321
NW150_FL370,2022-03-01 00:16:00.000000000,-8.536157301247139,46.70402744515966,11277.6,21662.374173827782,213.33781,0.23026065041649688,0.3965832765138315,1.0,0.0,0.0,13.79999474425429
NW150_FL370,2022-03-01 00:17:00.000000000,-8.439737826436936,46.809093464959474,11277.6,21662.374173827782,213.50073,0.2154401611881234,0.37066320037900874,1.0,0.0,0.0,13.799993862396043
NW150_FL370,2022-03-01 00:18:00.000000000,-8.342600680450126,46.91393103894103,11277.6,21662.374173827782,213.68939,0.1999663870769405,0.3436167044587459,1.0,0.0,0.0,13.799993079039334
NW150_FL370,2022-03-01 00:19:00.000000000,-8.244723042436963,47.01852965432236,11277.6,21662.374173827782,213.86523,0.18555513721437059,0.31848528069728554,1.0,0.0,0.0,13.79999239800333
NW150_FL370,2022-03-01 00:20:00.000000000,-8.146082179222427,47.12287866437407,11277.6,21662.374173827782,214.02766,0.17257880645672674,0.29589535498812175,1.0,0.0,0.0,13.799991821243808
NW150_FL370,2022-03-01 00:21:00.000000000,-8.046655462379125,47.22696728721557,11277.6,21662.374173827782,214.17976,0.16009769388273418,0.27422079580532804,1.0,0.0,0.0,13.79999134873503
NW150_FL370,2022-03-01 00:22:00.000000000,-7.946420386032092,47.33078460505782,11277.6,21662.374173827782,214.32164,0.15009436298405507,0.2568447362380972,1.0,0.0,0.0,13.799990978379531
NW150_FL370,2022-03-01 00:23:00.000000000,-7.845354585398439,47.434319563920425,11277.6,21662.374173827782,214.46593,0.14060946637757665,0.24038364527143483,1.0,0.0,0.0,13.799990705942896
NW150_FL370,2022-03-01 00:24:00.000000000,-7.743435856059993,47.537560973850695,11277.6,21662.374173827782,214.5913,0.13242815811670577,0.22620825107976344,1.0,0.0,0.0,13.799990525026583
NW150_FL370,2022-03-01 00:25:00.000000000,-7.640642173962943,47.64049750967218,11277.6,21662.374173827782,214.70268,0.12565510778841474,0.21447893776571278,1.0,0.0,0.0,13.799990427059264
NW150_FL370,2022-03-01 00:26:00.000000000,-7.536951716133178,47.743117712289695,11277.6,21662.374173827782,214.78662,0.11931672858235298,0.2035454537421645,1.0,0.0,0.0,13.799990401351167
NW150_FL370,2022-03-01 00:27:00.000000000,-7.432342882090881,47.84540999057738,11277.6,21662.374173827782,214.84354,0.11424369036063849,0.19481702698908093,1.0,0.0,0.0,13.799990435152703
NW150_FL370,2022-03-01 00:28:00.000000000,-7.32679431594254,47.94736262387532,11277.6,21662.374173827782,214.90717,0.10871266396004273,0.1853063471214921,1.0,0.0,0.0,13.799990513782763
NW150_FL370,2022-03-01 00:29:00.000000000,-7.220284929122936,48.04896376511957,11277.6,21662.374173827782,214.93951,0.1041323353627884,0.1774602650659525,1.0,0.0,0.0,13.799990620759637
NW150_FL370,2022-03-01 00:30:00.000000000,-7.112793923753648,48.15020144462874,11277.6,21662.374173827782,214.94766,0.10043266434298141,0.17114576818636626,1.0,0.0,0.0,13.799990738007454
NW150_FL370,2022-03-01 00:31:00.000000000,-7.00430081657882,48.251063574569415,11277.6,21662.374173827782,214.96268,0.09653582956113219,0.16448871080664812,1.0,0.0,0.0,13.799990846062991
NW150_FL370,2022-03-01 00:32:00.000000000,-6.894785463432784,48.351537954120296,11277.6,21662.374173827782,214.96118,0.09669214491573888,0.1647566039928914,1.0,0.0,0.0,13.79999092434128
NW150_FL370,2022-03-01 00:33:00.000000000,-6.784228084187853,48.45161227535354,11277.6,21662.374173827782,214.95857,0.09722295005145852,0.16566410789876265,1.0,0.0,0.0,13.79999095142065
NW150_FL370,2022-03-01 00:34:00.000000000,-6.672609288124424,48.55127412984912,11277.6,21662.374173827782,214.95125,0.09989016406977021,0.1702175300436567,1.0,0.0,0.0,13.799990905357314
NW150_FL370,2022-03-01 00:35:00.000000000,-6.559910099659522,48.650511016055766,11277.6,21662.374173827782,214.93187,0.1012884819118088,0.17262233352367645,1.0,0.0,0.0,13.799990764032621
NW150_FL370,2022-03-01 00:36:00.000000000,-6.446111984363311,48.74931034740906,11277.6,21662.374173827782,214.89653,0.10065968931155181,0.17159142728508925,1.0,0.0,0.0,13.799990505510175
NW150_FL370,2022-03-01 00:37:00.000000000,-6.331196875187807,48.84765946121438,11277.6,21662.374173827782,214.8434,0.10111630675023289,0.1724314766096298,1.0,0.0,0.0,13.799990108416592
NW150_FL370,2022-03-01 00:38:00.000000000,-6.215147198825244,48.94554562829887,11277.6,21662.374173827782,214.77423,0.10183948546089214,0.17374520036068364,1.0,0.0,0.0,13.799989552329267
NW150_FL370,2022-03-01 00:39:00.000000000,-6.097945902109083,49.04295606343325,11277.6,21662.374173827782,214.72324,0.10423630806465259,0.17789504536024092,1.0,0.0,0.0,13.799988818168638
NW150_FL370,2022-03-01 00:40:00.000000000,-5.979576478364332,49.13987793652022,11277.6,21662.374173827782,214.69766,0.10644010857097144,0.1816874984821174,1.0,0.0,0.0,13.799987888596085
NW150_FL370,2022-03-01 00:41:00.000000000,-5.860022993609616,49.23629838454239,11277.6,21662.374173827782,214.66583,0.10809204194103746,0.18454628769105758,1.0,0.0,0.0,13.799986748391927
NW150_FL370,2022-03-01 00:42:00.000000000,-5.739270112508919,49.33220452425832,11277.6,21662.374173827782,214.6897,0.108349153169327,0.18495555575556524,1.0,0.0,0.0,13.799985384831924
NW150_FL370,2022-03-01 00:43:00.000000000,-5.617303123966524,49.42758346563079,11277.6,21662.374173827782,214.728,0.10892322004874178,0.1858879005953018,1.0,0.0,0.0,13.799983788033904
NW150_FL370,2022-03-01 00:44:00.000000000,-5.4941079662560375,49.52242232596687,11277.6,21662.374173827782,214.76842,0.10804946091488848,0.18434737277648464,1.0,0.0,0.0,13.799981951284067
NW150_FL370,2022-03-01 00:45:00.000000000,-5.369671251570929,49.61670824474481,11277.6,21662.374173827782,214.82031,0.10717154863984041,0.18278553122859983,1.0,0.0,0.0,13.799979871326002
NW150_FL370,2022-03-01 00:46:00.000000000,-5.243980289882591,49.710428399097715,11277.6,21662.374173827782,214.87259,0.10624676448838653,0.18114488089055042,1.0,0.0,0.0,13.799977548611706
NW150_FL370,2022-03-01 00:47:00.000000000,-5.117023111990287,49.803570019919526,11277.6,21662.374173827782,214.90533,0.1049014526053397,0.17881205124949862,1.0,0.0,0.0,13.799974987505227
NW150_FL370,2022-03-01 00:48:00.000000000,-4.988788491647018,49.896120408553536,11277.6,21662.374173827782,214.92226,0.1040757979567431,0.17738439502179842,1.0,0.0,0.0,13.799972196443608
NW150_FL370,2022-03-01 00:49:00.000000000,-4.85926596664584,49.98806695401959,11277.6,21662.374173827782,214.92172,0.10656597101638897,0.18162888380826134,1.0,0.0,0.0,13.79996918802526
NW150_FL370,2022-03-01 00:50:00.000000000,-4.728445858752139,50.079397150730635,11277.6,21662.374173827782,214.89084,0.1081628424142305,0.1843889802034232,1.0,0.0,0.0,13.799965979069924
NW150_FL370,2022-03-01 00:51:00.000000000,-4.596319292369935,50.17009861664571,11277.6,21662.374173827782,214.85611,0.10823486891052296,0.18455498246703775,1.0,0.0,0.0,13.799962590579305
NW150_FL370,2022-03-01 00:52:00.000000000,-4.462878211833166,50.26015911180118,11277.6,21662.374173827782,214.8093,0.10875631086016874,0.1855022113611468,1.0,0.0,0.0,13.799959047664926
NW150_FL370,2022-03-01 00:53:00.000000000,-4.328115397217069,50.34956655715893,11277.6,21662.374173827782,214.70427,0.11062333934580586,0.18881956722361412,1.0,0.0,0.0,13.799955379398677
NW150_FL370,2022-03-01 00:54:00.000000000,-4.192024478569649,50.43830905370571,11277.6,21662.374173827782,214.59616,0.11235695749777737,0.19191680494873165,1.0,0.0,0.0,13.799951618596008
NW150_FL370,2022-03-01 00:55:00.000000000,-4.05459994846935,50.526374901734854,11277.6,21662.374173827782,214.48657,0.11499330161610015,0.19656331702413035,1.0,0.0,0.0,13.799947801542151
NW150_FL370,2022-03-01 00:56:00.000000000,-3.915837172821923,50.61375262023863,11277.6,21662.374173827782,214.37395,0.11828402360510355,0.20233994735234825,1.0,0.0,0.0,13.799961634315533
NW150_FL370,2022-03-01 00:57:00.000000000,-3.775730534366871,50.70042998100058,11277.6,21662.374173827782,214.25793,0.1213300325779623,0.2077104359094823,1.0,0.0,0.0,13.800015187556577
NW150_FL370,2022-03-01 00:58:00.000000000,-3.634272966085093,50.78639370865784,11277.6,21662.374173827782,214.17474,0.1256937955063752,0.21529948349252032,1.0,0.0,0.0,13.800009923240955
NW150_FL370,2022-03-01 00:59:00.000000000,-3.491468425213449,50.87163617748502,11277.6,21662.374173827782,214.11319,0.12964702489298185,0.2221613570895195,1.0,0.0,0.0,13.800004456466626
NW150_FL370,2022-03-01 01:00:00.000000000,-3.3473158711349957,50.956146985350514,11277.6,21662.374173827782,214.04947,0.13268141673766196,0.22745650133413164,1.0,0.0,0.0,13.799998839363584
NW150_FL370,2022-03-01 01:01:00.000000000,-3.201815162333295,51.03991604591398,11277.6,21662.374173827782,214.03706,0.134328948651345,0.23029983402582146,1.0,0.0,0.0,13.799993126409735
NW150_FL370,2022-03-01 01:02:00.000000000,-3.0549670550937402,51.122933607024926,11277.6,21662.374173827782,214.07025,0.13475527913703023,0.23098015727383436,1.0,0.0,0.0,13.799987373795798
NW150_FL370,2022-03-01 01:03:00.000000000,-2.9067732000863327,51.20519026867862,11277.6,21662.374173827782,214.07237,0.13474298789635977,0.23095586552971625,1.0,0.0,0.0,13.799981638763203
NW150_FL370,2022-03-01 01:04:00.000000000,-2.75723613682413,51.28667700045241,11277.6,21662.374173827782,214.06967,0.13472228110689777,0.23092470138461277,1.0,0.0,0.0,13.799975978917063
NW150_FL370,2022-03-01 01:05:00.000000000,-2.6063592860038653,51.367385158347936,11277.6,21662.374173827782,214.07219,0.1350941852464606,0.23155766851380624,1.0,0.0,0.0,13.799970451534813
NW150_FL370,2022-03-01 01:06:00.000000000,-2.4541469397475377,51.44730650096773,11277.6,21662.374173827782,214.07082,0.13476434498463669,0.23099511448372356,1.0,0.0,0.0,13.799965112869177
NW150_FL370,2022-03-01 01:07:00.000000000,-2.300604249774821,51.526433204957165,11277.6,21662.374173827782,214.07346,0.13414735125886124,0.22993345070623353,1.0,0.0,0.0,13.799960017463881
NW150_FL370,2022-03-01 01:08:00.000000000,-2.145737213549071,51.60475787964777,11277.6,21662.374173827782,214.10196,0.13320988297736538,0.22828362552687056,1.0,0.0,0.0,13.799955217494318
NW150_FL370,2022-03-01 01:09:00.000000000,-1.9895526584501013,51.682273580841326,11277.6,21662.374173827782,214.09528,0.1322807520747386,0.2267009422682442,1.0,0.0,0.0,13.799950762132118
NW150_FL370,2022-03-01 01:10:00.000000000,-1.832058224038491,51.758973823679455,11277.6,21662.374173827782,214.07817,0.12991717603227237,0.22267578930833049,1.0,0.0,0.0,13.799946696952656
NW150_FL370,2022-03-01 01:11:00.000000000,-1.6732623424866224,51.83485259454882,11277.6,21662.374173827782,214.09709,0.12753115263344625,0.21855866473133007,1.0,0.0,0.0,13.799943063395368
NW150_FL370,2022-03-01 01:12:00.000000000,-1.513174217261294,51.909904361977446,11277.6,21662.374173827782,214.07866,0.1258055011090544,0.2156277224641662,1.0,0.0,0.0,13.799939898272926
NW150_FL370,2022-03-01 01:13:00.000000000,-1.3518038001522044,51.98412408648381,11277.6,21662.374173827782,214.0404,0.12449280805754039,0.21343188418070178,1.0,0.0,0.0,13.799939745243607
NW150_FL370,2022-03-01 01:14:00.000000000,-1.1891615462200298,52.057507082236924,11277.6,21662.374173827782,214.00092,0.12397217691694999,0.21259453556487887,1.0,0.0,0.0,13.800020924011612
NW150_FL370,2022-03-01 01:15:00.000000000,-1.0252518319892376,52.13004458185368,11277.6,21662.374173827782,213.92538,0.12446662948237315,0.21354863809625346,1.0,0.0,0.0,13.800013978858964
NW150_FL370,2022-03-01 01:16:00.000000000,-0.8600941937770141,52.20173800568454,11277.6,21662.374173827782,213.83072,0.12860704055927372,0.22078928254994332,1.0,0.0,0.0,13.800007477983955
NW150_FL370,2022-03-01 01:17:00.000000000,-0.6937013373187131,52.27258437763797,11277.6,21662.374173827782,213.72374,0.13344915893865267,0.22926392949998325,1.0,0.0,0.0,13.800001452770012
NW150_FL370,2022-03-01 01:18:00.000000000,-0.5260865789675423,52.34258124591907,11277.6,21662.374173827782,213.60905,0.13779285035915242,0.23690407593184457,1.0,0.0,0.0,13.799995928589095
NW150_FL370,2022-03-01 01:19:00.000000000,-0.35726381511859207,52.4117266860437,11277.6,21662.374173827782,213.4764,0.14586415666871405,0.2509983318209285,1.0,0.0,0.0,13.79999092471825
NW150_FL370,2022-03-01 01:20:00.000000000,-0.1872474908346242,52.480019302721765,11277.6,21662.374173827782,213.33728,0.15511037508594444,0.26715112840202115,1.0,0.0,0.0,13.799986454317708
NW150_FL370,2022-03-01 01:21:00.000000000,-0.0160525678074433,52.54745823062341,11277.6,21662.374173827782,213.20782,0.16572985837384832,0.28568175938937396,1.0,0.0,0.0,13.799982524503399
NW150_FL370,2022-03-01 01:22:00.000000000,0.15630550821031364,52.614043134048934,11277.6,21662.374173827782,213.1246,0.17832978814944506,0.30756630205966634,1.0,0.0,0.0,13.79997913648606
NW150_FL370,2022-03-01 01:23:00.000000000,0.329810840369795,52.67977420552756,11277.6,21662.374173827782,213.00882,0.19118292986423024,0.32998221975641173,1.0,0.0,0.0,13.799976285786364
NW150_FL370,2022-03-01 01:24:00.000000000,0.5044471139547051,52.74465216337665,11277.6,21662.374173827782,212.85423,0.20398423312584155,0.3524276789873796,1.0,0.0,0.0,13.799973962517008
NW150_FL370,2022-03-01 01:25:00.000000000,0.680197629744843,52.80867824825721,11277.6,21662.374173827782,212.78659,0.21390839139214116,0.3697363480071607,1.0,0.0,0.0,13.799972151720771
NW150_FL370,2022-03-01 01:26:00.000000000,0.857045337388637,52.8718542187659,11277.6,21662.374173827782,212.7057,0.224307050619864,0.3879115011348884,1.0,0.0,0.0,13.799970833761792
NW150_FL370,2022-03-01 01:27:00.000000000,1.034972868662569,52.93418234610838,11277.6,21662.374173827782,212.60704,0.23602584426215747,0.40843701498982576,1.0,0.0,0.0,13.799969984769
NW150_FL370,2022-03-01 01:28:00.000000000,1.2139625705007244,52.99566540790184,11277.6,21662.374173827782,212.52515,0.24890570924571928,0.4309513798673414,1.0,0.0,0.0,13.799969577100743
NW150_FL370,2022-03-01 01:29:00.000000000,1.3939965376829655,53.056306681157686,11277.6,21662.374173827782,212.44504,0.25931783736728864,0.44920900585228907,1.0,0.0,0.0,13.799969579857322
NW150_FL370,2022-03-01 01:30:00.000000000,1.5750566450764563,53.11610993449817,11277.6,21662.374173827782,212.3457,0.2705060375429482,0.468888403979566,1.0,0.0,0.0,13.799969959394309
NW150_FL370,2022-03-01 01:31:00.000000000,1.7571245793312809,53.17507941966272,11277.6,21662.374173827782,212.22882,0.2832307486764143,0.4913107217167861,1.0,0.0,0.0,13.799970679859165
NW150_FL370,2022-03-01 01:32:00.000000000,1.9401818699385918,53.23321986236095,11277.6,21662.374173827782,212.07323,0.2971676705782386,0.5159975524349879,1.0,0.0,0.0,13.799971703727884
NW150_FL370,2022-03-01 01:33:00.000000000,2.1242099195660367,53.29053645253109,11277.6,21662.374173827782,211.92041,0.3102374385510164,0.5392149377532163,1.0,0.0,0.0,13.799972992333837
NW150_FL370,2022-03-01 01:34:00.000000000,2.3091900335932243,53.34703483406254,11277.6,21662.374173827782,211.76628,0.32474346056688735,0.564978295543447,1.0,0.0,0.0,13.799974506384897
NW150_FL370,2022-03-01 01:35:00.000000000,2.4951034487770922,53.402721094041766,11277.6,21662.374173827782,211.61888,0.34140855654109337,0.5945236465855706,1.0,0.0,0.0,13.799976206465772
NW150_FL370,2022-03-01 01:36:00.000000000,2.6819313609848683,53.457601751580526,11277.6,21662.374173827782,211.48564,0.3580756207528073,0.6240716883116779,1.0,0.0,0.0,13.799978053504757
NW150_FL370,2022-03-01 01:37:00.000000000,2.8696549519397707,53.511683746284476,11277.6,21662.374173827782,211.38261,0.37361063443763487,0.6515667267950764,1.0,0.0,0.0,13.799980009221503
NW150_FL370,2022-03-01 01:38:00.000000000,3.0582554149321086,53.56497442641937,11277.6,21662.374173827782,211.30293,0.38711243454923827,0.6754517412475362,1.0,0.0,0.0,13.799982036526542
NW150_FL370,2022-03-01 01:39:00.000000000,3.2477139794557783,53.61748153683056,11277.6,21662.374173827782,211.23895,0.3986879418633025,0.6959272650376166,1.0,0.0,0.0,13.799984099891018
NW150_FL370,2022-03-01 01:40:00.000000000,3.4380119347371982,53.6692132066701,11277.6,21662.374173827782,211.19016,0.4080890549781924,0.7125564575562949,1.0,0.0,0.0,13.799986165670656
NW150_FL370,2022-03-01 01:41:00.000000000,3.629130652131118,53.72017793698295,11277.6,21662.374173827782,211.13408,0.41641168623237207,0.7273427544919581,1.0,0.0,0.0,13.79998820237766
NW150_FL370,2022-03-01 01:42:00.000000000,3.821051606363487,53.770384588202695,11277.6,21662.374173827782,211.07224,0.42369752002764255,0.7403548480018887,1.0,0.0,0.0,13.799990180922991
NW150_FL370,2022-03-01 01:43:00.000000000,4.013756395608983,53.81984236760365,11277.6,21662.374173827782,211.00919,0.4297738420075381,0.7512672183519382,1.0,0.0,0.0,13.79999207479392
NW150_FL370,2022-03-01 01:44:00.000000000,4.207226760395775,53.868560816754226,11277.6,21662.374173827782,210.9197,0.4328813614039168,0.7571227233359937,1.0,0.0,0.0,13.79999386020077
NW150_FL370,2022-03-01 01:45:00.000000000,4.401444601336398,53.9165497990135,11277.6,21662.374173827782,210.8057,0.43827967707927884,0.7671070983120043,1.0,0.0,0.0,13.799995516168021
NW150_FL370,2022-03-01 01:46:00.000000000,4.59639199568854,53.96381948710966,11277.6,21662.374173827782,210.68199,0.4404463183055072,0.7714912638788967,1.0,0.0,0.0,13.799997024593432
NW150_FL370,2022-03-01 01:47:00.000000000,4.792051212754257,54.01038035083665,11277.6,21662.374173827782,210.5481,0.43901608278991405,0.7696260976257469,1.0,0.0,0.0,13.799998370255315
NW150_FL370,2022-03-01 01:48:00.000000000,4.988404728130883,54.05624314490155,11277.6,21662.374173827782,210.39648,0.4393837150172754,0.7709917792984415,1.0,0.0,0.0,13.799999540791967
NW150_FL370,2022-03-01 01:49:00.000000000,5.185435236830494,54.101418896952666,11277.6,21662.374173827782,210.28215,0.4355946783275803,0.7648799947751969,1.0,0.0,0.0,13.800000526639762
NW150_FL370,2022-03-01 01:50:00.000000000,5.383125665288684,54.14591889581483,11277.6,21662.374173827782,210.17761,0.43201839256638047,0.7590881180522641,1.0,0.0,0.0,13.800001320950413
NW150_FL370,2022-03-01 01:51:00.000000000,5.581459182286482,54.18975467995547,11277.6,21662.374173827782,210.08226,0.430019097212441,0.7560202047650961,1.0,0.0,0.0,13.800001919470516
NW150_FL370,2022-03-01 01:52:00.000000000,5.780419208811863,54.23293802620198,11277.6,21662.374173827782,209.987,0.43139869127130237,0.7588871988257683,1.0,0.0,0.0,13.800002320404134
NW150_FL370,2022-03-01 01:53:00.000000000,5.979989426890096,54.27548093872749,11277.6,21662.374173827782,209.89165,0.435302504849362,0.7662029709233776,1.0,0.0,0.0,13.800002524262844
NW150_FL370,2022-03-01 01:54:00.000000000,6.180153787413816,54.31739563831984,11277.6,21662.374173827782,209.78253,0.439366897516414,0.7738729800851936,1.0,0.0,0.0,13.800002533692991
NW150_FL370,2022-03-01 01:55:00.000000000,6.3808965170056196,54.35869455194499,11277.6,21662.374173827782,209.6821,0.442529362430109,0.7799205639963405,1.0,0.0,0.0,13.800002353293928
NW150_FL370,2022-03-01 01:56:00.000000000,6.5822021239473365,54.399390302613654,11277.6,21662.374173827782,209.59825,0.4433027415885548,0.7816848287163561,1.0,0.0,0.0,13.80000198943833
NW150_FL370,2022-03-01 01:57:00.000000000,6.784055403211021,54.4394956995573,11277.6,21662.374173827782,209.53741,0.4407935272560661,0.777547859763902,1.0,0.0,0.0,13.800001450080874
NW150_FL370,2022-03-01 01:58:00.000000000,6.986441440627737,54.479023728716754,11277.6,21662.374173827782,209.4663,0.43877852219882446,0.774327014695821,1.0,0.0,0.0,13.800000744570198
NW150_FL370,2022-03-01 01:59:00.000000000,7.18934561623043,54.51798754354435,11277.6,21662.374173827782,209.46,0.43290169878771273,0.7639846429156014,1.0,0.0,0.0,13.799999883471097
NW150_FL370,2022-03-01 02:00:00.000000000,7.392753606807693,54.55640045611831,11277.6,21662.374173827782,209.4876,0.4249192120029011,0.7497734926175775,1.0,0.0,0.0,13.799998878381079
NW150_FL370,2022-03-01 02:01:00.000000000,7.596651387704953,54.594275928565615,11277.6,21662.374173827782,209.53221,0.41591074760604646,0.7336774752769902,1.0,0.0,0.0,13.799997741767196
NW150_FL370,2022-03-01 02:02:00.000000000,7.801025233909899,54.63162756478736,11277.6,21662.374173827782,209.58476,0.40654211119798334,0.7169208355486745,1.0,0.0,0.0,13.799996486806835
NW150_FL370,2022-03-01 02:03:00.000000000,8.005861720458118,54.66846910247922,11277.6,21662.374173827782,209.63206,0.39769732182372985,0.701121629916106,1.0,0.0,0.0,13.799995127240448
NW150_FL370,2022-03-01 02:04:00.000000000,8.21114772219488,54.70481440543687,11277.6,21662.374173827782,209.65161,0.39278923743453564,0.6923886346326539,1.0,0.0,0.0,13.799993677240758
NW150_FL370,2022-03-01 02:05:00.000000000,8.416870412928134,54.74067745613532,11277.6,21662.374173827782,209.67752,0.38781029201162903,0.6835031055988663,1.0,0.0,0.0,13.799992151289874
NW150_FL370,2022-03-01 02:06:00.000000000,8.623017264007114,54.77607234856892,11277.6,21662.374173827782,209.685,0.38722461669871655,0.6824385758373097,1.0,0.0,0.0,13.799990564074568
NW150_FL370,2022-03-01 02:07:00.000000000,8.829576042360262,54.81101328133762,11277.6,21662.374173827782,209.68121,0.3904025796903614,0.6880540418115403,1.0,0.0,0.0,13.799988930389441
NW150_FL370,2022-03-01 02:08:00.000000000,9.036534808025143,54.845514550963514,11277.6,21662.374173827782,209.68596,0.3944970910704038,0.695252623449195,1.0,0.0,0.0,13.799987265057572
NW150_FL370,2022-03-01 02:09:00.000000000,9.243881911202225,54.87959054542058,11277.6,21662.374173827782,209.6917,0.40109694398288115,0.7068589021103121,1.0,0.0,0.0,13.799985582857834
NW150_FL370,2022-03-01 02:10:00.000000000,9.451605988863491,54.91325573785914,11277.6,21662.374173827782,209.7063,0.4057844876394471,0.7150565320259449,1.0,0.0,0.0,13.799983898464221
NW150_FL370,2022-03-01 02:11:00.000000000,9.659695960945642,54.94652468050605,11277.6,21662.374173827782,209.73811,0.40982341095555436,0.7220304839261947,1.0,0.0,0.0,13.799982226394873
NW150_FL370,2022-03-01 02:12:00.000000000,9.868141026157087,54.97941199871997,11277.6,21662.374173827782,209.77122,0.41240860382411876,0.7264409483074098,1.0,0.0,0.0,8.717907553283178
NW150_FL370,2022-03-01 02:12:37.904240283,10.0,55.0,11277.6,21662.374173827782,209.78737,0.41335316727152427,0.7280319890393472,1.0,0.0,0.0,0.0
NW300_FL370,2022-03-01 00:00:00.000000000,-10.000000000000002,45.00000000000001,11277.6,21662.374173827782,213.05789,0.3639527340099758,0.6279835570990016,1.0,0.0,0.0,13.800034843118594
NW300_FL370,2022-03-01 00:01:00.000000000,-9.948323151402047,45.11861698721326,11277.6,21662.374173827782,213.1602,0.349064212519848,0.6018947454080984,1.0,0.0,0.0,13.800006665435859
NW300_FL370,2022-03-01 00:02:00.000000000,-9.896402137726424,45.2372040256995,11277.6,21662.374173827782,213.23853,0.3375685850362981,0.5817774485551175,1.0,0.0,0.0,13.799977763173437
NW300_FL370,2022-03-01 00:03:00.000000000,-9.844205048187119,45.355754336568715,11277.6,21662.374173827782,213.3009,0.3283264763354941,0.5656202929785417,1.0,0.0,0.0,13.800003201880159
NW300_FL370,2022-03-01 00:04:00.000000000,-9.79169221545635,45.47425993803365,11277.6,21662.374173827782,213.3602,0.31980008772514057,0.5507178510986007,1.0,0.0,0.0,13.800019831035982
NW300_FL370,2022-03-01 00:05:00.000000000,-9.73883020753365,45.592713564836444,11277.6,21662.374173827782,213.44081,0.30876274572811147,0.5314315300145698,1.0,0.0,0.0,13.799990542186567
NW300_FL370,2022-03-01 00:06:00.000000000,-9.68559173693477,45.711108893423734,11277.6,21662.374173827782,213.52922,0.2967270675978366,0.5104215209951851,1.0,0.0,0.0,13.799966575556896
NW300_FL370,2022-03-01 00:07:00.000000000,-9.631942676019541,45.82943851868831,11277.6,21662.374173827782,213.62442,0.28359119057058024,0.48752180549524377,1.0,0.0,0.0,13.800034470564826
NW300_FL370,2022-03-01 00:08:00.000000000,-9.577832641962,45.94769216492699,11277.6,21662.374173827782,213.72215,0.27011219714803103,0.46405312545603883,1.0,0.0,0.0,13.800004853679956
NW300_FL370,2022-03-01 00:09:00.000000000,-9.523242741476356,46.0658646319852,11277.6,21662.374173827782,213.81442,0.25681675482991073,0.440944431172309,1.0,0.0,0.0,13.799975174589125
NW300_FL370,2022-03-01 00:10:00.000000000,-9.468138670649463,46.1839481275579,11277.6,21662.374173827782,213.89801,0.2433088829463244,0.4175224398878736,1.0,0.0,0.0,13.799996337513656
NW300_FL370,2022-03-01 00:11:00.000000000,-9.412475134560134,46.30193273606196,11277.6,21662.374173827782,213.9922,0.2299043559447537,0.39427466536715844,1.0,0.0,0.0,13.80002177829723
NW300_FL370,2022-03-01 00:12:00.000000000,-9.356214232217248,46.41980959140651,11277.6,21662.374173827782,214.09973,0.21676022792752805,0.37147025154557883,1.0,0.0,0.0,13.799991978487872
NW300_FL370,2022-03-01 00:13:00.000000000,-9.299331078055891,46.53757207105862,11277.6,21662.374173827782,214.21742,0.20404736821640065,0.34941199596426237,1.0,0.0,0.0,13.79996288903523
NW300_FL370,2022-03-01 00:14:00.000000000,-9.2417896335749,46.65521139046437,11277.6,21662.374173827782,214.37444,0.19052840518381245,0.32592272605033334,1.0,0.0,0.0,13.800017586397669
NW300_FL370,2022-03-01 00:15:00.000000000,-9.183533336757865,46.77271458254579,11277.6,21662.374173827782,214.54549,0.17746987138562606,0.30323893946035246,1.0,0.0,0.0,13.800012642606154
NW300_FL370,2022-03-01 00:16:00.000000000,-9.124537269676559,46.8900744241367,11277.6,21662.374173827782,214.74727,0.16594990696540649,0.2831733935206297,1.0,0.0,0.0,13.799983478538548
NW300_FL370,2022-03-01 00:17:00.000000000,-9.06476959695927,47.00728223711839,11277.6,21662.374173827782,214.93997,0.15508639213701086,0.26429404178224564,1.0,0.0,0.0,13.799955874461615
NW300_FL370,2022-03-01 00:18:00.000000000,-9.004192371172094,47.124327917170994,11277.6,21662.374173827782,215.12367,0.14712199753285504,0.25041221297274524,1.0,0.0,0.0,13.800022795812414
NW300_FL370,2022-03-01 00:19:00.000000000,-8.942742331284771,47.241195837621795,11277.6,21662.374173827782,215.31496,0.13871468455527433,0.23579734844479686,1.0,0.0,0.0,13.80000943014113
NW300_FL370,2022-03-01 00:20:00.000000000,-8.880399361758288,47.35787881023055,11277.6,21662.374173827782,215.45712,0.1338187030192291,0.2272552933080017,1.0,0.0,0.0,13.79998144097103
NW300_FL370,2022-03-01 00:21:00.000000000,-8.81712804662872,47.47436632203423,11277.6,21662.374173827782,215.60878,0.12811015955642494,0.21733703770608742,1.0,0.0,0.0,13.799955751288898
NW300_FL370,2022-03-01 00:22:00.000000000,-8.752888484884062,47.59064660231162,11277.6,21662.374173827782,215.74887,0.12359846816786327,0.20948247853300309,1.0,0.0,0.0,13.79999974357544
NW300_FL370,2022-03-01 00:23:00.000000000,-8.687621184744504,47.70670318021615,11277.6,21662.374173827782,215.87929,0.11932492871773444,0.20205940602108566,1.0,0.0,0.0,13.800014603485252
NW300_FL370,2022-03-01 00:24:00.000000000,-8.6212916133352,47.822524520353284,11277.6,21662.374173827782,215.98727,0.11594110577708641,0.1961844229435503,1.0,0.0,0.0,13.799987752859257
NW300_FL370,2022-03-01 00:25:00.000000000,-8.553869741791866,47.93809981100981,11277.6,21662.374173827782,216.08554,0.11295124226752788,0.19099623283736694,1.0,0.0,0.0,13.79996366704769
NW300_FL370,2022-03-01 00:26:00.000000000,-8.485313856181833,48.05341525950304,11277.6,21662.374173827782,216.16512,0.1102809481359261,0.18637838520510625,1.0,0.0,0.0,13.799942842235483
NW300_FL370,2022-03-01 00:27:00.000000000,-8.415581801578655,48.16845651097662,11277.6,21662.374173827782,216.21622,0.1084555236556944,0.18322904220044864,1.0,0.0,0.0,13.800016914087612
NW300_FL370,2022-03-01 00:28:00.000000000,-8.344603841813232,48.28320205518647,11277.6,21662.374173827782,216.25134,0.10716662024529888,0.1810074718176585,1.0,0.0,0.0,13.800004972425114
NW300_FL370,2022-03-01 00:29:00.000000000,-8.272359617391693,48.397641532390416,11277.6,21662.374173827782,216.25708,0.10661797452718655,0.1800739700635309,1.0,0.0,0.0,13.799981440007572
NW300_FL370,2022-03-01 00:30:00.000000000,-8.198809767667017,48.511759680983936,11277.6,21662.374173827782,216.25667,0.10631975941794679,0.17957051230116117,1.0,0.0,0.0,13.799961128930406
NW300_FL370,2022-03-01 00:31:00.000000000,-8.123910851857396,48.62553969747014,11277.6,21662.374173827782,216.23546,0.10706204849466774,0.18085087408447134,1.0,0.0,0.0,13.79994434951923
NW300_FL370,2022-03-01 00:32:00.000000000,-8.047619175060253,48.73896411389615,11277.6,21662.374173827782,216.22609,0.10831005331242952,0.1829709151936372,1.0,0.0,0.0,13.799949522704459
NW300_FL370,2022-03-01 00:33:00.000000000,-7.969885434552368,48.85201334557368,11277.6,21662.374173827782,216.21649,0.10720087856989753,0.18110884365692304,1.0,0.0,0.0,13.800014181102688
NW300_FL370,2022-03-01 00:34:00.000000000,-7.890648069563789,48.96466371012504,11277.6,21662.374173827782,216.21886,0.10522605315713274,0.17776983716396455,1.0,0.0,0.0,13.799992650903825
NW300_FL370,2022-03-01 00:35:00.000000000,-7.809886021383044,49.076901625594274,11277.6,21662.374173827782,216.2351,0.10350065103746581,0.17483531654509513,1.0,0.0,0.0,13.799974108707389
NW300_FL370,2022-03-01 00:36:00.000000000,-7.727555347093408,49.1887068387166,11277.6,21662.374173827782,216.26067,0.10193438389020969,0.17215897962087545,1.0,0.0,0.0,13.799958655833514
NW300_FL370,2022-03-01 00:37:00.000000000,-7.643612181951804,49.30005836390617,11277.6,21662.374173827782,216.31956,0.1003301867588579,0.16938087766880966,1.0,0.0,0.0,13.799946336900428
NW300_FL370,2022-03-01 00:38:00.000000000,-7.558012825338964,49.41093447592809,11277.6,21662.374173827782,216.40863,0.09838603887498405,0.16599645853086104,1.0,0.0,0.0,13.799937139245799
NW300_FL370,2022-03-01 00:39:00.000000000,-7.470713833585899,49.52131270557739,11277.6,21662.374173827782,216.50505,0.09632846760993515,0.16241647582021407,1.0,0.0,0.0,13.799930993467326
NW300_FL370,2022-03-01 00:40:00.000000000,-7.381672119623329,49.63116983869982,11277.6,21662.374173827782,216.63348,0.09347025839628106,0.1574570364025161,1.0,0.0,0.0,13.799935080408797
NW300_FL370,2022-03-01 00:41:00.000000000,-7.290842991180416,49.740481273968314,11277.6,21662.374173827782,216.77716,0.0907778934064734,0.15276853151400702,1.0,0.0,0.0,13.79999350665374
NW300_FL370,2022-03-01 00:42:00.000000000,-7.198169519410879,49.84921753340485,11277.6,21662.374173827782,216.90443,0.08798852012040319,0.14794286929768455,1.0,0.0,0.0,13.799978927303988
NW300_FL370,2022-03-01 00:43:00.000000000,-7.103628498314238,49.95735875096998,11277.6,21662.374173827782,217.03737,0.08523128170422335,0.14317355623430572,1.0,0.0,0.0,13.799966433137888
NW300_FL370,2022-03-01 00:44:00.000000000,-7.0071795140932345,50.06487885572919,11277.6,21662.374173827782,217.15457,0.08285465770354809,0.1390666847162123,1.0,0.0,0.0,13.79995586908043
NW300_FL370,2022-03-01 00:45:00.000000000,-6.9087830925656055,50.171751090152405,11277.6,21662.374173827782,217.23053,0.08088077386361456,0.13568144467602322,1.0,0.0,0.0,13.799947052381834
NW300_FL370,2022-03-01 00:46:00.000000000,-6.808400832996052,50.27794803570585,11277.6,21662.374173827782,217.28867,0.07918792367434975,0.13278715034701036,1.0,0.0,0.0,13.799939778560672
NW300_FL370,2022-03-01 00:47:00.000000000,-6.705995546066805,50.38344164394248,11277.6,21662.374173827782,217.29684,0.07800042422789154,0.1307883476703832,1.0,0.0,0.0,13.799933827852389
NW300_FL370,2022-03-01 00:48:00.000000000,-6.601531395219343,50.48820327332102,11277.6,21662.374173827782,217.28947,0.0770218864390328,0.12915419699105918,1.0,0.0,0.0,13.799928972027583
NW300_FL370,2022-03-01 00:49:00.000000000,-6.494974040497284,50.592203731941304,11277.6,21662.374173827782,217.26595,0.07642477544372787,0.12817441931865453,1.0,0.0,0.0,13.799924981403041
NW300_FL370,2022-03-01 00:50:00.000000000,-6.386290783920157,50.69541332633463,11277.6,21662.374173827782,217.23045,0.07599705150060379,0.12748878280202064,1.0,0.0,0.0,13.799921631877607
NW300_FL370,2022-03-01 00:51:00.000000000,-6.2754507153220995,50.797801916390625,11277.6,21662.374173827782,217.21255,0.07550090671744579,0.1266722183254193,1.0,0.0,0.0,13.799918711778243
NW300_FL370,2022-03-01 00:52:00.000000000,-6.162424857501622,50.89933897643868,11277.6,21662.374173827782,217.20482,0.07517438952395565,0.12613150252401287,1.0,0.0,0.0,13.799916028361567
NW300_FL370,2022-03-01 00:53:00.000000000,-6.0471863094495175,50.99999366243146,11277.6,21662.374173827782,217.19633,0.07482856235820558,0.1255586064667439,1.0,0.0,0.0,13.799913413752241
NW300_FL370,2022-03-01 00:54:00.000000000,-5.929710386355748,51.099734885102215,11277.6,21662.374173827782,217.23444,0.07415719692372981,0.12439885137082946,1.0,0.0,0.0,13.799910730138198
NW300_FL370,2022-03-01 00:55:00.000000000,-5.8099747550443395,51.19853138888636,11277.6,21662.374173827782,217.2732,0.07340763101771265,0.12310776393102094,1.0,0.0,0.0,13.799907874076975
NW300_FL370,2022-03-01 00:56:00.000000000,-5.687959563450105,51.296351836313654,11277.6,21662.374173827782,217.3222,0.07259545122928637,0.1217036518369942,1.0,0.0,0.0,13.79990477972228
NW300_FL370,2022-03-01 00:57:00.000000000,-5.56364756273571,51.39316489749046,11277.6,21662.374173827782,217.39226,0.07167549271388891,0.1201022700635292,1.0,0.0,0.0,13.799901420893251
NW300_FL370,2022-03-01 00:58:00.000000000,-5.4370242206528845,51.48893934420452,11277.6,21662.374173827782,217.46346,0.0708463392677027,0.1186531602017175,1.0,0.0,0.0,13.799897811846515
NW300_FL370,2022-03-01 00:59:00.000000000,-5.308077824779514,51.583644148098536,11277.6,21662.374173827782,217.53279,0.07024391020047974,0.11758642036908634,1.0,0.0,0.0,13.799894006728076
NW300_FL370,2022-03-01 01:00:00.000000000,-5.176799574316013,51.67724858227623,11277.6,21662.374173827782,217.62808,0.06944872167829837,0.11617645480428399,1.0,0.0,0.0,13.799890097668875
NW300_FL370,2022-03-01 01:01:00.000000000,-5.043183659200432,51.76972232562682,11277.6,21662.374173827782,217.72597,0.06869301929562387,0.11483250624971929,1.0,0.0,0.0,13.799886211544619
NW300_FL370,2022-03-01 01:02:00.000000000,-4.907227325401263,51.8610355690834,11277.6,21662.374173827782,217.80733,0.06797517745733046,0.11356701136547026,1.0,0.0,0.0,13.799882505488926
NW300_FL370,2022-03-01 01:03:00.000000000,-4.768930925370678,51.95115912296934,11277.6,21662.374173827782,217.89493,0.06719706890735323,0.1121967145414663,1.0,0.0,0.0,13.799879161238978
NW300_FL370,2022-03-01 01:04:00.000000000,-4.628297952786058,52.04006452453659,11277.6,21662.374173827782,217.97986,0.06640989055192299,0.11081528905657123,1.0,0.0,0.0,13.79987637850337
NW300_FL370,2022-03-01 01:05:00.000000000,-4.485335060872928,52.127724144762055,11277.6,21662.374173827782,218.04343,0.06579074276666523,0.10973239081021273,1.0,0.0,0.0,13.799874367506506
NW300_FL370,2022-03-01 01:06:00.000000000,-4.340052063785224,52.214111293444496,11277.6,21662.374173827782,218.08179,0.0655598806533453,0.10931725891518615,1.0,0.0,0.0,13.799875260345667
NW300_FL370,2022-03-01 01:07:00.000000000,-4.192461576710146,52.299200123019176,11277.6,21662.374173827782,218.09418,0.06551341590823943,0.10923017648783943,1.0,0.0,0.0,13.799958362399373
NW300_FL370,2022-03-01 01:08:00.000000000,-4.042565505808821,52.382957721133714,11277.6,21662.374173827782,218.08142,0.06571038250755154,0.10956835730713683,1.0,0.0,0.0,13.79994634307932
NW300_FL370,2022-03-01 01:09:00.000000000,-3.8903976137133776,52.4653690353782,11277.6,21662.374173827782,218.07878,0.06597569447030653,0.11001298170353653,1.0,0.0,0.0,13.799934758524605
NW300_FL370,2022-03-01 01:10:00.000000000,-3.7359801900362437,52.5464122011229,11277.6,21662.374173827782,218.07286,0.06622297845755669,0.11043002468469926,1.0,0.0,0.0,13.799923893437573
NW300_FL370,2022-03-01 01:11:00.000000000,-3.5793384277428935,52.62606676530347,11277.6,21662.374173827782,218.07455,0.06629616609156117,0.11055066695605739,1.0,0.0,0.0,13.799914005702364
NW300_FL370,2022-03-01 01:12:00.000000000,-3.420500321548006,52.70431376094036,11277.6,21662.374173827782,218.10486,0.06612338522507076,0.1102383738582366,1.0,0.0,0.0,13.799905318758915
NW300_FL370,2022-03-01 01:13:00.000000000,-3.2594965516209413,52.78113577383572,11277.6,21662.374173827782,218.15758,0.06567742726100284,0.1094537978638091,1.0,0.0,0.0,13.799898015093248
NW300_FL370,2022-03-01 01:14:00.000000000,-3.0963603537213,52.85651700087687,11277.6,21662.374173827782,218.1834,0.06557040491316636,0.10925525253686487,1.0,0.0,0.0,13.799892231080968
NW300_FL370,2022-03-01 01:15:00.000000000,-2.93112737703906,52.93044329948208,11277.6,21662.374173827782,218.20268,0.06556821950994161,0.10923631177276404,1.0,0.0,0.0,13.79988805331851
NW300_FL370,2022-03-01 01:16:00.000000000,-2.7638355311439367,53.00290222783783,11277.6,21662.374173827782,218.21353,0.06571619478916024,0.10947438691423707,1.0,0.0,0.0,13.799885516550193
NW300_FL370,2022-03-01 01:17:00.000000000,-2.594524823554262,53.07388307569488,11277.6,21662.374173827782,218.16869,0.0663594415285087,0.11058156374894974,1.0,0.0,0.0,13.799884603266875
NW300_FL370,2022-03-01 01:18:00.000000000,-2.4232371895126836,53.14337688560977,11277.6,21662.374173827782,218.11537,0.0671424150594299,0.11192899372086226,1.0,0.0,0.0,13.799885244947372
NW300_FL370,2022-03-01 01:19:00.000000000,-2.250016315606625,53.21137646463753,11277.6,21662.374173827782,218.05434,0.06807422718745644,0.11353222362428102,1.0,0.0,0.0,13.799887324900999
NW300_FL370,2022-03-01 01:20:00.000000000,-2.0749074588928185,53.277876386596866,11277.6,21662.374173827782,217.97519,0.06902108347363546,0.11517646187839323,1.0,0.0,0.0,13.799890682600761
NW300_FL370,2022-03-01 01:21:00.000000000,-1.8979572631798203,53.34287298513899,11277.6,21662.374173827782,217.91135,0.06976716961707118,0.11647434063915439,1.0,0.0,0.0,13.799895119344866
NW300_FL370,2022-03-01 01:22:00.000000000,-1.719213574090673,53.406364337953896,11277.6,21662.374173827782,217.86145,0.07041064420207069,0.11759053280205352,1.0,0.0,0.0,13.799900405062836
NW300_FL370,2022-03-01 01:23:00.000000000,-1.538725254472115,53.46835024254097,11277.6,21662.374173827782,217.85556,0.07071521143467902,0.11810401597481406,1.0,0.0,0.0,13.79990628602072
NW300_FL370,2022-03-01 01:24:00.000000000,-1.356542001638573,53.52883218405242,11277.6,21662.374173827782,217.84084,0.0711955303673682,0.11891896953596151,1.0,0.0,0.0,13.79991249319038
NW300_FL370,2022-03-01 01:25:00.000000000,-1.172714167843412,53.58781329578929,11277.6,21662.374173827782,217.79579,0.07198233968049281,0.12027178032989311,1.0,0.0,0.0,13.799918750991056
NW300_FL370,2022-03-01 01:26:00.000000000,-0.9872925852565602,53.64529831298643,11277.6,21662.374173827782,217.71855,0.07323438123251814,0.12243092949492809,1.0,0.0,0.0,13.799924786167315
NW300_FL370,2022-03-01 01:27:00.000000000,-0.800328396603329,53.7012935205683,11277.6,21662.374173827782,217.60791,0.07488966320298138,0.1252966937878039,1.0,0.0,0.0,13.79993033648061
NW300_FL370,2022-03-01 01:28:00.000000000,-0.6118728924847379,53.75580669558846,11277.6,21662.374173827782,217.48941,0.07675756757029756,0.12852954570171252,1.0,0.0,0.0,13.799935159022626
NW300_FL370,2022-03-01 01:29:00.000000000,-0.42197735625945404,53.80884704508488,11277.6,21662.374173827782,217.32657,0.07896549944634845,0.13237865595636497,1.0,0.0,0.0,13.799939037850189
NW300_FL370,2022-03-01 01:30:00.000000000,-0.23069291722504956,53.86042514008997,11277.6,21662.374173827782,217.14357,0.08153874413352209,0.13686875781867786,1.0,0.0,0.0,13.79994179078318
NW300_FL370,2022-03-01 01:31:00.000000000,-0.03807041269302599,53.910552846529505,11277.6,21662.374173827782,216.96324,0.084338710611553,0.14174786434650918,1.0,0.0,0.0,13.799943275155096
NW300_FL370,2022-03-01 01:32:00.000000000,0.1558397405871601,53.95924325373014,11277.6,21662.374173827782,216.70554,0.08791301986274118,0.14802117825187888,1.0,0.0,0.0,13.799943392385876
NW300_FL370,2022-03-01 01:33:00.000000000,0.35098766533486897,54.00651060123104,11277.6,21662.374173827782,216.43544,0.09186511147409711,0.15496543403964044,1.0,0.0,0.0,13.799942091276058
NW300_FL370,2022-03-01 01:34:00.000000000,0.5473241327828376,54.05237020456364,11277.6,21662.374173827782,216.16136,0.09620240525619304,0.1625896371521688,1.0,0.0,0.0,13.799939369947783
NW300_FL370,2022-03-01 01:35:00.000000000,0.7448006617853401,54.09683838062501,11277.6,21662.374173827782,215.88249,0.10078485266832651,0.17066080419052446,1.0,0.0,0.0,13.79993527641069
NW300_FL370,2022-03-01 01:36:00.000000000,0.943369608024376,54.139932373227055,11277.6,21662.374173827782,215.60794,0.10674484598090818,0.18109182070206123,1.0,0.0,0.0,13.799929907760507
NW300_FL370,2022-03-01 01:37:00.000000000,1.142984243446075,54.18167027935618,11277.6,21662.374173827782,215.35402,0.1125213238147067,0.1912211234813456,1.0,0.0,0.0,13.799923408062723
NW300_FL370,2022-03-01 01:38:00.000000000,1.3435988261461758,54.22207097662803,11277.6,21662.374173827782,215.1055,0.11911564623078388,0.20276764842080508,1.0,0.0,0.0,13.799915964977409
NW300_FL370,2022-03-01 01:39:00.000000000,1.545168660997899,54.26115405237014,11277.6,21662.374173827782,214.85439,0.12712811319277895,0.21677310866317648,1.0,0.0,0.0,13.799907805259913
NW300_FL370,2022-03-01 01:40:00.000000000,1.7476501513793214,54.298939734713336,11277.6,21662.374173827782,214.59583,0.13635879981167576,0.23291508138221018,1.0,0.0,0.0,13.799905225618216
NW300_FL370,2022-03-01 01:41:00.000000000,1.951001321706038,54.3354480988425,11277.6,21662.374173827782,214.32185,0.1492271589425539,0.25536051210505994,1.0,0.0,0.0,13.80003550067695
NW300_FL370,2022-03-01 01:42:00.000000000,2.1551912888926434,54.370684072582705,11277.6,21662.374173827782,214.03802,0.16365675352671974,0.28057886971034546,1.0,0.0,0.0,13.80001194060027
NW300_FL370,2022-03-01 01:43:00.000000000,2.3601687814981553,54.404685818447064,11277.6,21662.374173827782,213.7574,0.1798968055237225,0.3089919573833424,1.0,0.0,0.0,13.799988050689471
NW300_FL370,2022-03-01 01:44:00.000000000,2.5658948749977406,54.43747558046449,11277.6,21662.374173827782,213.48024,0.1979309231567998,0.34058406464095087,1.0,0.0,0.0,13.799964294443889
NW300_FL370,2022-03-01 01:45:00.000000000,2.772331890772268,54.46907594249486,11277.6,21662.374173827782,213.21922,0.2174840421721701,0.37486697816148923,1.0,0.0,0.0,13.79994113566568
NW300_FL370,2022-03-01 01:46:00.000000000,2.9794434044374127,54.49950977601977,11277.6,21662.374173827782,213.01834,0.23539303453660543,0.4062635099400559,1.0,0.0,0.0,13.799919029035573
NW300_FL370,2022-03-01 01:47:00.000000000,3.1871942485890172,54.528800191289015,11277.6,21662.374173827782,212.80176,0.2552410031610519,0.4411358097010847,1.0,0.0,0.0,13.799903858262315
NW300_FL370,2022-03-01 01:48:00.000000000,3.395550879759554,54.55696978407656,11277.6,21662.374173827782,212.5933,0.27485613719223567,0.4756726902041619,1.0,0.0,0.0,13.800055039082034
NW300_FL370,2022-03-01 01:49:00.000000000,3.604491615359623,54.58402008165235,11277.6,21662.374173827782,212.39516,0.2944855408383208,0.5102920051104466,1.0,0.0,0.0,13.800015441936033
NW300_FL370,2022-03-01 01:50:00.000000000,3.8139728517228146,54.60999719041869,11277.6,21662.374173827782,212.18599,0.31529307158569,0.5470771373407847,1.0,0.0,0.0,13.799978645815921
NW300_FL370,2022-03-01 01:51:00.000000000,4.023964354506401,54.63492486350083,11277.6,21662.374173827782,211.94118,0.33915985159027034,0.5894058757933898,1.0,0.0,0.0,13.799945081809751
NW300_FL370,2022-03-01 01:52:00.000000000,4.234437101686992,54.658826899104795,11277.6,21662.374173827782,211.67429,0.36591080078066557,0.6369678876846125,1.0,0.0,0.0,13.799915120264668
NW300_FL370,2022-03-01 01:53:00.000000000,4.445363262970964,54.68172711119074,11277.6,21662.374173827782,211.38101,0.3885299981129258,0.677591914182832,1.0,0.0,0.0,13.800015788586125
NW300_FL370,2022-03-01 01:54:00.000000000,4.65672372489985,54.70363128764721,11277.6,21662.374173827782,211.07518,0.4123731356612137,0.7205551933439808,1.0,0.0,0.0,13.800026752290783
NW300_FL370,2022-03-01 01:55:00.000000000,4.868487720428609,54.7245739875963,11277.6,21662.374173827782,210.80078,0.4286282698145998,0.7502378590721772,1.0,0.0,0.0,13.799983572061933
NW300_FL370,2022-03-01 01:56:00.000000000,5.080627538644073,54.74458663851475,11277.6,21662.374173827782,210.57855,0.43514236573499465,0.7626894434408141,1.0,0.0,0.0,13.799945817559948
NW300_FL370,2022-03-01 01:57:00.000000000,5.293119881497206,54.763692990803875,11277.6,21662.374173827782,210.40877,0.4358287506597783,0.7646956369004231,1.0,0.0,0.0,13.799938516635832
NW300_FL370,2022-03-01 01:58:00.000000000,5.505943868646182,54.78191294381553,11277.6,21662.374173827782,210.30222,0.42963757528854785,0.7543254184741766,1.0,0.0,0.0,13.800050656767903
NW300_FL370,2022-03-01 01:59:00.000000000,5.719084419011531,54.79925175731836,11277.6,21662.374173827782,210.20714,0.4261612708864688,0.7486601540379826,1.0,0.0,0.0,13.800003204209666
NW300_FL370,2022-03-01 02:00:00.000000000,5.932512825652237,54.81575578710652,11277.6,21662.374173827782,210.12404,0.4264808142164469,0.7496076469451092,1.0,0.0,0.0,13.799962666862402
NW300_FL370,2022-03-01 02:01:00.000000000,6.1462099113233615,54.83144846222197,11277.6,21662.374173827782,210.03001,0.4292142087480253,0.7548443495280486,1.0,0.0,0.0,13.799932359184918
NW300_FL370,2022-03-01 02:02:00.000000000,6.3601576187555455,54.846352522537195,11277.6,21662.374173827782,209.92435,0.43335042158923837,0.7626112142538727,1.0,0.0,0.0,13.800051701259331
NW300_FL370,2022-03-01 02:03:00.000000000,6.574345601833692,54.860467055141825,11277.6,21662.374173827782,209.80898,0.4375861098501277,0.7706102116597654,1.0,0.0,0.0,13.80000554177809
NW300_FL370,2022-03-01 02:04:00.000000000,6.788749289172524,54.87384091232076,11277.6,21662.374173827782,209.68758,0.44005899547868405,0.7755419316553255,1.0,0.0,0.0,13.799967129490193
NW300_FL370,2022-03-01 02:05:00.000000000,7.0033531669792195,54.88649708306962,11277.6,21662.374173827782,209.5722,0.44105749804769206,0.7778441686540885,1.0,0.0,0.0,13.799960623388825
NW300_FL370,2022-03-01 02:06:00.000000000,7.218143656439326,54.89845407593597,11277.6,21662.374173827782,209.52441,0.4371174819695428,0.7711231503590547,1.0,0.0,0.0,13.8000381484042
NW300_FL370,2022-03-01 02:07:00.000000000,7.433110284466571,54.90971982486474,11277.6,21662.374173827782,209.48181,0.43234781524176613,0.7629071904259351,1.0,0.0,0.0,13.799997707739267
NW300_FL370,2022-03-01 02:08:00.000000000,7.648234507949747,54.92033751497244,11277.6,21662.374173827782,209.49632,0.4238502326360204,0.7478462737213538,1.0,0.0,0.0,13.799965046205028
NW300_FL370,2022-03-01 02:09:00.000000000,7.863504016276233,54.93032968835278,11277.6,21662.374173827782,209.52849,0.41440331972807637,0.7310333235466249,1.0,0.0,0.0,13.799998359184581
NW300_FL370,2022-03-01 02:10:00.000000000,8.078909613694025,54.93970734956771,11277.6,21662.374173827782,209.5592,0.4056166535681971,0.715401604312628,1.0,0.0,0.0,13.800019524346945
NW300_FL370,2022-03-01 02:11:00.000000000,8.294439602046854,54.94849485749177,11277.6,21662.374173827782,209.5993,0.39749925827249405,0.7009118419300677,1.0,0.0,0.0,13.799987344744515
NW300_FL370,2022-03-01 02:12:00.000000000,8.51008135994762,54.95672549342708,11277.6,21662.374173827782,209.63094,0.39152427072410184,0.6902441315879109,1.0,0.0,0.0,13.799962217577544
NW300_FL370,2022-03-01 02:13:00.000000000,8.725825342473327,54.96442143190606,11277.6,21662.374173827782,209.63527,0.3921479430607696,0.6913225950747207,1.0,0.0,0.0,13.800030591944905
NW300_FL370,2022-03-01 02:14:00.000000000,8.941665815844612,54.97158610280672,11277.6,21662.374173827782,209.65001,0.39299397192734126,0.6927534676915024,1.0,0.0,0.0,13.800003074592663
NW300_FL370,2022-03-01 02:15:00.000000000,9.157590658160426,54.97826150894907,11277.6,21662.374173827782,209.65381,0.39792503001740176,0.701429181426591,1.0,0.0,0.0,13.799979693093027
NW300_FL370,2022-03-01 02:16:00.000000000,9.373592057318856,54.984470163858454,11277.6,21662.374173827782,209.66151,0.40377926364466266,0.7117155226756231,1.0,0.0,0.0,13.799998894018712
NW300_FL370,2022-03-01 02:17:00.000000000,9.58966406355943,54.990225655978996,11277.6,21662.374173827782,209.68349,0.4088619457836153,0.7205786434955876,1.0,0.0,0.0,13.800013114578606
NW300_FL370,2022-03-01 02:18:00.000000000,9.805799607243536,54.995551318891,11277.6,21662.374173827782,209.71706,0.4128749958009238,0.7275018180171052,1.0,0.0,0.0,12.396422411584279
NW300_FL370,2022-03-01 02:18:53.897617080,9.999999999999996,55.0,11277.6,21662.374173827782,209.75085,0.41495233969078354,0.7310120194723073,1.0,0.0,0.0,0.0
SE300_FL380,2022-03-01 00:00:00.000000000,-10.000000000000002,45.00000000000001,11582.4,20645.82054068687,215.15063,0.16763021250468918,0.285266320368777,1.0,0.0,0.0,13.800115027908165
SE300_FL380,2022-03-01 00:01:00.000000000,-9.832634228109365,45.0374989777726,11582.4,20645.82054068687,214.97212,0.171644617432913,0.29244882451727255,1.0,0.0,0.0,13.800020549916326
SE300_FL380,2022-03-01 00:02:00.000000000,-9.665061957945106,45.074778023133646,11582.4,20645.82054068687,214.81383,0.1743536398306455,0.29738008734306054,1.0,0.0,0.0,13.799927543731021
SE300_FL380,2022-03-01 00:03:00.000000000,-9.497293172355167,45.111857647020635,11582.4,20645.82054068687,214.66443,0.1761469875718106,0.30073990678453016,1.0,0.0,0.0,13.800010362739226
SE300_FL380,2022-03-01 00:04:00.000000000,-9.329333869699752,45.148755048499964,11582.4,20645.82054068687,214.53265,0.17959335530149148,0.30689314065863277,1.0,0.0,0.0,13.8000625389665
SE300_FL380,2022-03-01 00:05:00.000000000,-9.161195059406664,45.18549293097829,11582.4,20645.82054068687,214.41417,0.18346658813157107,0.3137590034631989,1.0,0.0,0.0,13.799971646306037
SE300_FL380,2022-03-01 00:06:00.000000000,-8.992889620285059,45.222095268527376,11582.4,20645.82054068687,214.3044,0.1873266027822576,0.3205945827247731,1.0,0.0,0.0,13.799899873840282
SE300_FL380,2022-03-01 00:07:00.000000000,-8.824426642306625,45.25858271091628,11582.4,20645.82054068687,214.24577,0.18852345548077862,0.3227679262636539,1.0,0.0,0.0,13.800105239252431
SE300_FL380,2022-03-01 00:08:00.000000000,-8.65581080706178,45.2949740113112,11582.4,20645.82054068687,214.14833,0.19244403390413137,0.32969316968620294,1.0,0.0,0.0,13.80001760658135
SE300_FL380,2022-03-01 00:09:00.000000000,-8.487057177228046,45.3312945416673,11582.4,20645.82054068687,214.03308,0.19769602564372823,0.33894793262017425,1.0,0.0,0.0,13.79993231818943
SE300_FL380,2022-03-01 00:10:00.000000000,-8.31817494269894,45.36756551489382,11582.4,20645.82054068687,213.9158,0.2040121330921568,0.3500479236890007,1.0,0.0,0.0,13.799993838825486
SE300_FL380,2022-03-01 00:11:00.000000000,-8.149171301625014,45.4038082101483,11582.4,20645.82054068687,213.75752,0.2101807532060175,0.3610068554975969,1.0,0.0,0.0,13.80006634186223
SE300_FL380,2022-03-01 00:12:00.000000000,-7.980055881015995,45.44004548033964,11582.4,20645.82054068687,213.57921,0.21632912447644334,0.37200200111400406,1.0,0.0,0.0,13.799985579438726
SE300_FL380,2022-03-01 00:13:00.000000000,-7.81084018030542,45.47629954581915,11582.4,20645.82054068687,213.47058,0.21977338435777932,0.3781928551528579,1.0,0.0,0.0,13.799907812990368
SE300_FL380,2022-03-01 00:14:00.000000000,-7.64153340621131,45.51259224345501,11582.4,20645.82054068687,213.3182,0.22389663980671676,0.3856711166981639,1.0,0.0,0.0,13.80005343805641
SE300_FL380,2022-03-01 00:15:00.000000000,-7.472142889633564,45.54894792999821,11582.4,20645.82054068687,213.15256,0.2284427465340073,0.39392503710027277,1.0,0.0,0.0,13.800042769194542
SE300_FL380,2022-03-01 00:16:00.000000000,-7.30268005570596,45.58538865893594,11582.4,20645.82054068687,213.04616,0.23253981766400053,0.4012662927699054,1.0,0.0,0.0,13.799970371522296
SE300_FL380,2022-03-01 00:17:00.000000000,-7.133155014811902,45.621936316925805,11582.4,20645.82054068687,212.97455,0.23600997183036762,0.4074430565864834,1.0,0.0,0.0,13.799901682232836
SE300_FL380,2022-03-01 00:18:00.000000000,-6.963577350434745,45.65861348889645,11582.4,20645.82054068687,212.91606,0.2393245369476735,0.4133216427960091,1.0,0.0,0.0,13.800065477575464
SE300_FL380,2022-03-01 00:19:00.000000000,-6.793955919788455,45.69544792952469,11582.4,20645.82054068687,212.87257,0.242994207111719,0.4197771290322996,1.0,0.0,0.0,13.80003693342804
SE300_FL380,2022-03-01 00:20:00.000000000,-6.62430206827496,45.732459891422764,11582.4,20645.82054068687,212.82472,0.2465499397630926,0.42605148664893516,1.0,0.0,0.0,13.799973816594894
SE300_FL380,2022-03-01 00:21:00.000000000,-6.454626108496878,45.76967183596835,11582.4,20645.82054068687,212.7613,0.25115026917233785,0.43417898678721284,1.0,0.0,0.0,13.79991501954183
SE300_FL380,2022-03-01 00:22:00.000000000,-6.284938381864701,45.807107160064675,11582.4,20645.82054068687,212.69113,0.2572756350924873,0.44496928200113384,1.0,0.0,0.0,13.80001310806428
SE300_FL380,2022-03-01 00:23:00.000000000,-6.1152496770827875,45.84479442806904,11582.4,20645.82054068687,212.5566,0.2676375287666159,0.46328982828396253,1.0,0.0,0.0,13.80004905320983
SE300_FL380,2022-03-01 00:24:00.000000000,-5.945571349662257,45.8827565001216,11582.4,20645.82054068687,212.3963,0.27973154487816737,0.4847230441114755,1.0,0.0,0.0,13.799995207272767
SE300_FL380,2022-03-01 00:25:00.000000000,-5.775914582343945,45.92101460539857,11582.4,20645.82054068687,212.22812,0.29228945355255304,0.5070274084254109,1.0,0.0,0.0,13.799946018066104
SE300_FL380,2022-03-01 00:26:00.000000000,-5.606290874535937,45.959592928785845,11582.4,20645.82054068687,212.0462,0.3046089681899064,0.5290088428997676,1.0,0.0,0.0,13.799901826521442
SE300_FL380,2022-03-01 00:27:00.000000000,-5.436712081951,45.99851585627959,11582.4,20645.82054068687,211.85765,0.3170626771596267,0.5512950480873713,1.0,0.0,0.0,13.800049850384529
SE300_FL380,2022-03-01 00:28:00.000000000,-5.267191966322243,46.03781647078147,11582.4,20645.82054068687,211.69559,0.3280232091763745,0.5709375722250937,1.0,0.0,0.0,13.800031588333269
SE300_FL380,2022-03-01 00:29:00.000000000,-5.097742422824589,46.07751300401981,11582.4,20645.82054068687,211.52559,0.3385962226209127,0.5899732539462302,1.0,0.0,0.0,13.799990478669388
SE300_FL380,2022-03-01 00:30:00.000000000,-4.92837633795386,46.11762914151849,11582.4,20645.82054068687,211.35518,0.34833855728048313,0.6075989740729559,1.0,0.0,0.0,13.7999541838252
SE300_FL380,2022-03-01 00:31:00.000000000,-4.759107233713054,46.158189859635726,11582.4,20645.82054068687,211.18759,0.3566365473389546,0.62272654083981,1.0,0.0,0.0,13.799922890616976
SE300_FL380,2022-03-01 00:32:00.000000000,-4.589949114555786,46.19922026051813,11582.4,20645.82054068687,211.02829,0.3621954724044368,0.6330625712653696,1.0,0.0,0.0,13.799929959565615
SE300_FL380,2022-03-01 00:33:00.000000000,-4.420917005638568,46.24074744997757,11582.4,20645.82054068687,210.92194,0.36341773525396287,0.6356177381140772,1.0,0.0,0.0,13.800043955541087
SE300_FL380,2022-03-01 00:34:00.000000000,-4.252027880874641,46.28280309951133,11582.4,20645.82054068687,210.89215,0.35936847069039735,0.6286525753338229,1.0,0.0,0.0,13.80001263583261
SE300_FL380,2022-03-01 00:35:00.000000000,-4.083295312513981,46.32540456469928,11582.4,20645.82054068687,210.92973,0.3521798773302808,0.6159350102993287,1.0,0.0,0.0,13.79998555573942
SE300_FL380,2022-03-01 00:36:00.000000000,-3.914735435139302,46.3685770941835,11582.4,20645.82054068687,211.00244,0.3437504239216522,0.6009181521107175,1.0,0.0,0.0,13.799962706248108
SE300_FL380,2022-03-01 00:37:00.000000000,-3.7463649709978815,46.41234591653959,11582.4,20645.82054068687,211.1125,0.3338003758422577,0.5831254713650789,1.0,0.0,0.0,13.799944029141807
SE300_FL380,2022-03-01 00:38:00.000000000,-3.578201246424688,46.45673620162743,11582.4,20645.82054068687,211.29314,0.3194870269761743,0.5574896222205841,1.0,0.0,0.0,13.799929415534166
SE300_FL380,2022-03-01 00:39:00.000000000,-3.41026220591334,46.50177301855226,11582.4,20645.82054068687,211.45512,0.3068557062261878,0.5349046266389513,1.0,0.0,0.0,13.79991870565744
SE300_FL380,2022-03-01 00:40:00.000000000,-3.2425664234872786,46.54748129024899,11582.4,20645.82054068687,211.60345,0.29499094918523616,0.5137422617085495,1.0,0.0,0.0,13.799922852412047
SE300_FL380,2022-03-01 00:41:00.000000000,-3.0751334306903266,46.59388656047466,11582.4,20645.82054068687,211.68811,0.2875880396497508,0.500582580068181,1.0,0.0,0.0,13.800008407530912
SE300_FL380,2022-03-01 00:42:00.000000000,-2.907985546322268,46.641019270999685,11582.4,20645.82054068687,211.67642,0.2860132956811779,0.4978788294284568,1.0,0.0,0.0,13.79999152577942
SE300_FL380,2022-03-01 00:43:00.000000000,-2.74114057917694,46.68889649733604,11582.4,20645.82054068687,211.61203,0.2875700567066507,0.5007911508813108,1.0,0.0,0.0,13.799977274791766
SE300_FL380,2022-03-01 00:44:00.000000000,-2.5746196225871447,46.73754198383629,11582.4,20645.82054068687,211.41321,0.29729566533685814,0.5183765065123962,1.0,0.0,0.0,13.799965416219916
SE300_FL380,2022-03-01 00:45:00.000000000,-2.4084444011529893,46.78697905887585,11582.4,20645.82054068687,211.23296,0.3069007200552746,0.5357301055011374,1.0,0.0,0.0,13.799955690405685
SE300_FL380,2022-03-01 00:46:00.000000000,-2.24263725835525,46.83723057208739,11582.4,20645.82054068687,211.08702,0.3155411890329386,0.5513152745317403,1.0,0.0,0.0,13.799947822412035
SE300_FL380,2022-03-01 00:47:00.000000000,-2.077221138921509,46.88831882936984,11582.4,20645.82054068687,210.98259,0.3228588097993266,0.564468548770938,1.0,0.0,0.0,13.799941528604728
SE300_FL380,2022-03-01 00:48:00.000000000,-1.9122195656143586,46.94026552601405,11582.4,20645.82054068687,211.00462,0.32277333828480537,0.5642402102982329,1.0,0.0,0.0,13.799936523592704
SE300_FL380,2022-03-01 00:49:00.000000000,-1.747656610142675,46.99309167833649,11582.4,20645.82054068687,211.13153,0.3165324564435669,0.5528936183745614,1.0,0.0,0.0,13.799932527317191
SE300_FL380,2022-03-01 00:50:00.000000000,-1.5835568579366146,47.046817554258936,11582.4,20645.82054068687,211.2363,0.3115809672963902,0.5438891947585789,1.0,0.0,0.0,13.799929272076493
SE300_FL380,2022-03-01 00:51:00.000000000,-1.41994536657518,47.10146260331857,11582.4,20645.82054068687,211.32213,0.3078836330664258,0.5371470695013965,1.0,0.0,0.0,13.799926509251202
SE300_FL380,2022-03-01 00:52:00.000000000,-1.2568476177121715,47.15704538663485,11582.4,20645.82054068687,211.34337,0.3078850563736256,0.5370777426881457,1.0,0.0,0.0,13.799924015512413
SE300_FL380,2022-03-01 00:53:00.000000000,-1.0942894624114776,47.21358350739827,11582.4,20645.82054068687,211.21266,0.3157889281670122,0.5513143445211127,1.0,0.0,0.0,13.799921598299676
SE300_FL380,2022-03-01 00:54:00.000000000,-0.9322970598757382,47.27109354247939,11582.4,20645.82054068687,211.0517,0.32549864903641396,0.5688371361777917,1.0,0.0,0.0,13.799919100366923
SE300_FL380,2022-03-01 00:55:00.000000000,-0.7708968096326502,47.329590975783,11582.4,20645.82054068687,210.8868,0.33560654621116,0.5871066867153208,1.0,0.0,0.0,13.799916403229442
SE300_FL380,2022-03-01 00:56:00.000000000,-0.6101152773294826,47.38909013399148,11582.4,20645.82054068687,210.7585,0.3434231425058683,0.6012600530139941,1.0,0.0,0.0,13.79991342938298
SE300_FL380,2022-03-01 00:57:00.000000000,-0.4499791143776922,47.44960412535214,11582.4,20645.82054068687,210.67139,0.3491558588612101,0.6116266711257611,1.0,0.0,0.0,13.79991014318596
SE300_FL380,2022-03-01 00:58:00.000000000,-0.2905149717839815,47.51114478216384,11582.4,20645.82054068687,210.6286,0.35333396029088465,0.6191102143425012,1.0,0.0,0.0,13.799906550367
SE300_FL380,2022-03-01 00:59:00.000000000,-0.1317494086006752,47.57372260760951,11582.4,20645.82054068687,210.67055,0.3540826388546231,0.6202608380882559,1.0,0.0,0.0,13.799902696148978
SE300_FL380,2022-03-01 01:00:00.000000000,0.026291204476382772,47.63734672756016,11582.4,20645.82054068687,210.74232,0.354088376982307,0.6199933018573388,1.0,0.0,0.0,13.799898662049376
SE300_FL380,2022-03-01 01:01:00.000000000,0.1835807857402945,47.702024847945545,11582.4,20645.82054068687,210.8547,0.35562356653476274,0.6222475663682377,1.0,0.0,0.0,13.799894561448786
SE300_FL380,2022-03-01 01:02:00.000000000,0.3400936466257237,47.767763218243296,11582.4,20645.82054068687,210.97429,0.3562908435628835,0.6229499975630172,1.0,0.0,0.0,13.799890534083259
SE300_FL380,2022-03-01 01:03:00.000000000,0.4958045985892688,47.834566601585344,11582.4,20645.82054068687,211.09828,0.3563898877411533,0.6226406071089685,1.0,0.0,0.0,13.799886739660096
SE300_FL380,2022-03-01 01:04:00.000000000,0.6506890618532523,47.90243825191635,11582.4,20645.82054068687,211.1998,0.356807149950556,0.6229755578154734,1.0,0.0,0.0,13.799883350808148
SE300_FL380,2022-03-01 01:05:00.000000000,0.8047231750871445,47.97137989856527,11582.4,20645.82054068687,211.29648,0.3568811075148821,0.6227276541986659,1.0,0.0,0.0,13.799880545640207
SE300_FL380,2022-03-01 01:06:00.000000000,0.9578839050532617,48.04139173850947,11582.4,20645.82054068687,211.37231,0.35782020559496786,0.6240694656071832,1.0,0.0,0.0,13.799880297337754
SE300_FL380,2022-03-01 01:07:00.000000000,1.1101490175689515,48.11247259658721,11582.4,20645.82054068687,211.43983,0.35794797006038115,0.6240273029820378,1.0,0.0,0.0,13.799955765457092
SE300_FL380,2022-03-01 01:08:00.000000000,1.2614916109520389,48.18462623408982,11582.4,20645.82054068687,211.50159,0.3580541834178361,0.6239699804519333,1.0,0.0,0.0,13.799946076537669
SE300_FL380,2022-03-01 01:09:00.000000000,1.4118974565169005,48.25784150407756,11582.4,20645.82054068687,211.57474,0.35332409335377585,0.6154436525303996,1.0,0.0,0.0,13.799936769163452
SE300_FL380,2022-03-01 01:10:00.000000000,1.5613479605795775,48.33211247748483,11582.4,20645.82054068687,211.63698,0.34843696267744256,0.6066952105183915,1.0,0.0,0.0,13.799928078960882
SE300_FL380,2022-03-01 01:11:00.000000000,1.7098258754552036,48.40743177483138,11582.4,20645.82054068687,211.69682,0.34386937873342116,0.5985156391792761,1.0,0.0,0.0,13.799920213907653
SE300_FL380,2022-03-01 01:12:00.000000000,1.8573153869251047,48.48379060616857,11582.4,20645.82054068687,211.76099,0.33949758052699885,0.5906656127358447,1.0,0.0,0.0,13.799913349084349
SE300_FL380,2022-03-01 01:13:00.000000000,2.00380219478423,48.561178817972646,11582.4,20645.82054068687,211.81961,0.33552728099841017,0.5835427361162667,1.0,0.0,0.0,13.799907622724088
SE300_FL380,2022-03-01 01:14:00.000000000,2.1492735857235448,48.63958494650445,11582.4,20645.82054068687,211.80608,0.3316148816194516,0.5767873435674898,1.0,0.0,0.0,13.79990313363142
SE300_FL380,2022-03-01 01:15:00.000000000,2.2937184979011707,48.71899627708127,11582.4,20645.82054068687,211.80286,0.32822046545986766,0.570894252598228,1.0,0.0,0.0,13.799899939990695
SE300_FL380,2022-03-01 01:16:00.000000000,2.437127576666514,48.79939890864313,11582.4,20645.82054068687,211.7787,0.32629074307957273,0.5676243456869922,1.0,0.0,0.0,13.799898059510873
SE300_FL380,2022-03-01 01:17:00.000000000,2.57949322101926,48.88077782294388,11582.4,20645.82054068687,211.72263,0.32641410500976803,0.5680398631260812,1.0,0.0,0.0,13.799897470818289
SE300_FL380,2022-03-01 01:18:00.000000000,2.7208096205090637,48.96311695765744,11582.4,20645.82054068687,211.62737,0.3289943653869114,0.5728761429581268,1.0,0.0,0.0,13.799898115948379
SE300_FL380,2022-03-01 01:19:00.000000000,2.8610727824072804,49.04639928266274,11582.4,20645.82054068687,211.51118,0.33235039792122134,0.5791412951117493,1.0,0.0,0.0,13.799899903772648
SE300_FL380,2022-03-01 01:20:00.000000000,3.0002805491083504,49.13060687875635,11582.4,20645.82054068687,211.40823,0.33517351932913797,0.5844397495637773,1.0,0.0,0.0,13.799902714140295
SE300_FL380,2022-03-01 01:21:00.000000000,3.1384326058413183,49.21572101804042,11582.4,20645.82054068687,211.28113,0.3392701638304432,0.592054593242083,1.0,0.0,0.0,13.799906402511214
SE300_FL380,2022-03-01 01:22:00.000000000,3.275530478889779,49.30172224524366,11582.4,20645.82054068687,211.18597,0.3422614602908012,0.5976313236494767,1.0,0.0,0.0,13.799910804862314
SE300_FL380,2022-03-01 01:23:00.000000000,3.411577524628558,49.38859045925548,11582.4,20645.82054068687,211.08755,0.34322354970862096,0.5996789631093842,1.0,0.0,0.0,13.799915742621737
SE300_FL380,2022-03-01 01:24:00.000000000,3.546578909786857,49.47630499418438,11582.4,20645.82054068687,210.98177,0.34464921756607275,0.6025690677274409,1.0,0.0,0.0,13.799921027431493
SE300_FL380,2022-03-01 01:25:00.000000000,3.6805415834364057,49.56484469929377,11582.4,20645.82054068687,210.85545,0.3481880379337851,0.6092338874051753,1.0,0.0,0.0,13.799926465539238
SE300_FL380,2022-03-01 01:26:00.000000000,3.813474241281341,49.65418801721622,11582.4,20645.82054068687,210.74478,0.35030473130970424,0.6133592988275002,1.0,0.0,0.0,13.799931861647412
SE300_FL380,2022-03-01 01:27:00.000000000,3.945387282890515,49.74431305990206,11582.4,20645.82054068687,210.64197,0.350739843931461,0.6145131471259513,1.0,0.0,0.0,13.799937022113916
SE300_FL380,2022-03-01 01:28:00.000000000,4.076292762563807,49.83519768181777,11582.4,20645.82054068687,210.51976,0.3534728666364932,0.619770134214221,1.0,0.0,0.0,13.799941757380292
SE300_FL380,2022-03-01 01:29:00.000000000,4.206204334561293,49.92681954997152,11582.4,20645.82054068687,210.40091,0.3566898373686439,0.6258703402494853,1.0,0.0,0.0,13.799945883601017
SE300_FL380,2022-03-01 01:30:00.000000000,4.335137193447722,50.01915621040786,11582.4,20645.82054068687,210.32082,0.3583306050634213,0.6290593201558472,1.0,0.0,0.0,13.799949223437263
SE300_FL380,2022-03-01 01:31:00.000000000,4.463108010316069,50.1121851508771,11582.4,20645.82054068687,210.22029,0.35995284767526853,0.6322980705515112,1.0,0.0,0.0,13.79995160605297
SE300_FL380,2022-03-01 01:32:00.000000000,4.590134865652553,50.20588385944899,11582.4,20645.82054068687,210.16724,0.35953142553728995,0.6317636865737429,1.0,0.0,0.0,13.799952866356099
SE300_FL380,2022-03-01 01:33:00.000000000,4.716237179594008,50.300229878900765,11582.4,20645.82054068687,210.13655,0.3578083957973798,0.6288548238047026,1.0,0.0,0.0,13.799952843577072
SE300_FL380,2022-03-01 01:34:00.000000000,4.841435640306324,50.39520085676857,11582.4,20645.82054068687,210.08954,0.35504917248737794,0.6241855394684365,1.0,0.0,0.0,13.799951379286926
SE300_FL380,2022-03-01 01:35:00.000000000,4.965752131182763,50.49077459100485,11582.4,20645.82054068687,210.03004,0.3518342565732371,0.6187603469835283,1.0,0.0,0.0,13.799948314979101
SE300_FL380,2022-03-01 01:36:00.000000000,5.08920965752353,50.58692907123493,11582.4,20645.82054068687,210.07062,0.3465470771907643,0.609311051669428,1.0,0.0,0.0,13.7999434893709
SE300_FL380,2022-03-01 01:37:00.000000000,5.211832273314692,50.683642515650746,11582.4,20645.82054068687,210.1037,0.3416436459988566,0.6005661742679205,1.0,0.0,0.0,13.799936735540259
SE300_FL380,2022-03-01 01:38:00.000000000,5.333645008677116,50.78089340361986,11582.4,20645.82054068687,210.12552,0.3378524763468497,0.5938224476989354,1.0,0.0,0.0,13.79992787807843
SE300_FL380,2022-03-01 01:39:00.000000000,5.454673798505399,50.87866050412251,11582.4,20645.82054068687,210.14519,0.3345704000273683,0.5879836192485507,1.0,0.0,0.0,13.799916730378694
SE300_FL380,2022-03-01 01:40:00.000000000,5.574945412764155,50.97692290015904,11582.4,20645.82054068687,210.17136,0.33291097182615903,0.5849720847524835,1.0,0.0,0.0,13.799909146879337
SE300_FL380,2022-03-01 01:41:00.000000000,5.69448698268002,51.07566027243519,11582.4,20645.82054068687,210.21033,0.3318275676646678,0.5829297838712277,1.0,0.0,0.0,13.800036502008268
SE300_FL380,2022-03-01 01:42:00.000000000,5.813317860079042,51.17485813030892,11582.4,20645.82054068687,210.23563,0.3315616487739536,0.5823708026945311,1.0,0.0,0.0,13.800019343694286
SE300_FL380,2022-03-01 01:43:00.000000000,5.931476383526231,51.274490485820074,11582.4,20645.82054068687,210.26414,0.3319339936283757,0.5829233540858365,1.0,0.0,0.0,13.799999557176893
SE300_FL380,2022-03-01 01:44:00.000000000,6.048992146742065,51.37453779717241,11582.4,20645.82054068687,210.27812,0.33290598000686145,0.5845781747309854,1.0,0.0,0.0,13.799976952886416
SE300_FL380,2022-03-01 01:45:00.000000000,6.16589527157801,51.47498090580639,11582.4,20645.82054068687,210.28122,0.3346706163892123,0.587667828946931,1.0,0.0,0.0,13.799951314976644
SE300_FL380,2022-03-01 01:46:00.000000000,6.282216354420901,51.575801040761654,11582.4,20645.82054068687,210.28452,0.3356334163836549,0.5893465454660988,1.0,0.0,0.0,13.799922401731491
SE300_FL380,2022-03-01 01:47:00.000000000,6.397986416102225,51.67697982039795,11582.4,20645.82054068687,210.27109,0.3370168542144498,0.5918241917084338,1.0,0.0,0.0,13.799896422178843
SE300_FL380,2022-03-01 01:48:00.000000000,6.513236540852692,51.77849945999789,11582.4,20645.82054068687,210.24532,0.3387947430025488,0.5950400765584698,1.0,0.0,0.0,13.800070683038491
SE300_FL380,2022-03-01 01:49:00.000000000,6.627989237000202,51.88034855874178,11582.4,20645.82054068687,210.23062,0.3399627278506164,0.5971449628637086,1.0,0.0,0.0,13.800033136164926
SE300_FL380,2022-03-01 01:50:00.000000000,6.7422871098143675,51.982503017475295,11582.4,20645.82054068687,210.2015,0.3417670031045687,0.6004211864859189,1.0,0.0,0.0,13.79999217680041
SE300_FL380,2022-03-01 01:51:00.000000000,6.85616260126879,52.08494594286698,11582.4,20645.82054068687,210.15732,0.3443286016070378,0.6050877930149968,1.0,0.0,0.0,13.799947488517821
SE300_FL380,2022-03-01 01:52:00.000000000,6.9696483812259675,52.187660808917485,11582.4,20645.82054068687,210.10106,0.3474164277275508,0.6107249141404417,1.0,0.0,0.0,13.799898737232269
SE300_FL380,2022-03-01 01:53:00.000000000,7.082777318490884,52.29063144711092,11582.4,20645.82054068687,210.06374,0.3502174626078482,0.615789953161041,1.0,0.0,0.0,13.800030398716745
SE300_FL380,2022-03-01 01:54:00.000000000,7.19557701404532,52.39384625576109,11582.4,20645.82054068687,210.02478,0.3531142202080428,0.621031293857919,1.0,0.0,0.0,13.800054345163323
SE300_FL380,2022-03-01 01:55:00.000000000,7.308085257117626,52.49728673117904,11582.4,20645.82054068687,209.97446,0.3566487924869753,0.6274404073688371,1.0,0.0,0.0,13.799996740891372
SE300_FL380,2022-03-01 01:56:00.000000000,7.420338038484323,52.60093580787837,11582.4,20645.82054068687,209.95033,0.3591214375819044,0.6318848301697823,1.0,0.0,0.0,13.799934836100903
SE300_FL380,2022-03-01 01:57:00.000000000,7.532368946100369,52.70477859337681,11582.4,20645.82054068687,209.9271,0.36176754837900854,0.6366301265901887,1.0,0.0,0.0,13.7999107047655
SE300_FL380,2022-03-01 01:58:00.000000000,7.644210999091989,52.80880120769993,11582.4,20645.82054068687,209.90657,0.3642602528597459,0.6410971907444682,1.0,0.0,0.0,13.80009727987662
SE300_FL380,2022-03-01 01:59:00.000000000,7.755895885982359,52.912992453617406,11582.4,20645.82054068687,209.88507,0.36659319147992403,0.6452886953595688,1.0,0.0,0.0,13.800026839405156
SE300_FL380,2022-03-01 02:00:00.000000000,7.867462507785084,53.01733360209722,11582.4,20645.82054068687,209.90646,0.3679101281972111,0.6475225992555016,1.0,0.0,0.0,13.799951817325509
SE300_FL380,2022-03-01 02:01:00.000000000,7.97894493915904,53.12181080944994,11582.4,20645.82054068687,209.92943,0.3687458491740527,0.6489021444622944,1.0,0.0,0.0,13.799878948745755
SE300_FL380,2022-03-01 02:02:00.000000000,8.090377316599858,53.22641053966239,11582.4,20645.82054068687,209.94676,0.3701724353912247,0.6513439176613002,1.0,0.0,0.0,13.80011613732471
SE300_FL380,2022-03-01 02:03:00.000000000,8.201794722995709,53.33112242122278,11582.4,20645.82054068687,209.9702,0.37143209392909393,0.6534651625093785,1.0,0.0,0.0,13.800033244616367
SE300_FL380,2022-03-01 02:04:00.000000000,8.313233280726271,53.43592919842136,11582.4,20645.82054068687,209.98828,0.3731814083720449,0.656471249323725,1.0,0.0,0.0,13.799945514347323
SE300_FL380,2022-03-01 02:05:00.000000000,8.42472747485294,53.54081781028977,11582.4,20645.82054068687,209.99083,0.3757532585103994,0.6609849369322606,1.0,0.0,0.0,13.799915365810826
SE300_FL380,2022-03-01 02:06:00.000000000,8.536312692536393,53.64577571103455,11582.4,20645.82054068687,209.9851,0.37848009784637876,0.6658053178863071,1.0,0.0,0.0,13.80011004309586
SE300_FL380,2022-03-01 02:07:00.000000000,8.648028278660536,53.750790832795516,11582.4,20645.82054068687,209.9816,0.3811737686266735,0.6705575810757061,1.0,0.0,0.0,13.800015304799869
SE300_FL380,2022-03-01 02:08:00.000000000,8.759906477778147,53.85584845500265,11582.4,20645.82054068687,209.96727,0.38425404981754424,0.6760354918100009,1.0,0.0,0.0,13.79991564313486
SE300_FL380,2022-03-01 02:09:00.000000000,8.871982232889263,53.96093601106962,11582.4,20645.82054068687,209.9293,0.38841210934533,0.6835107994571397,1.0,0.0,0.0,13.800004103946796
SE300_FL380,2022-03-01 02:10:00.000000000,8.984295963690094,54.06604108818969,11582.4,20645.82054068687,209.90167,0.3920215502064048,0.6899783862195467,1.0,0.0,0.0,13.800080631551038
SE300_FL380,2022-03-01 02:11:00.000000000,9.096884905918607,54.17115044521283,11582.4,20645.82054068687,209.87619,0.3942760934085757,0.6940561278332696,1.0,0.0,0.0,13.799975069909443
SE300_FL380,2022-03-01 02:12:00.000000000,9.20978021803311,54.27625136209472,11582.4,20645.82054068687,209.82742,0.3981003887809378,0.7009939387189941,1.0,0.0,0.0,13.799864842324851
SE300_FL380,2022-03-01 02:13:00.000000000,9.323017438348389,54.38133146507345,11582.4,20645.82054068687,209.80794,0.4000498445448524,0.7045158974764699,1.0,0.0,0.0,13.800132173225244
SE300_FL380,2022-03-01 02:14:00.000000000,9.436648363691544,54.48637655428334,11582.4,20645.82054068687,209.78261,0.401910635609773,0.7078977951006322,1.0,0.0,0.0,13.800031613689772
SE300_FL380,2022-03-01 02:15:00.000000000,9.550696513269713,54.59137491446518,11582.4,20645.82054068687,209.75229,0.4043959429713979,0.7124111958443937,1.0,0.0,0.0,13.799916973248944
SE300_FL380,2022-03-01 02:16:00.000000000,9.665197626195663,54.69631414251662,11582.4,20645.82054068687,209.70836,0.4074667732619633,0.7180106477955618,1.0,0.0,0.0,13.800000285525412
SE300_FL380,2022-03-01 02:17:00.000000000,9.780198569347377,54.80118004346924,11582.4,20645.82054068687,209.67967,0.40930695716551024,0.7213788750516649,1.0,0.0,0.0,13.800086698051244
SE300_FL380,2022-03-01 02:18:00.000000000,9.895738483326229,54.90595917369293,11582.4,20645.82054068687,209.66516,0.4097379313112058,0.7222015932858502,1.0,0.0,0.0,12.396279145510631
SE300_FL380,2022-03-01 02:18:53.897617080,10.0,55.0,11582.4,20645.82054068687,209.61674,0.41300831824141676,0.7281825082304767,1.0,0.0,0.0,0.0
SE150_FL380,2022-03-01 00:00:00.000000000,-10.000000000000002,45.00000000000001,11582.4,20645.82054068687,215.15063,0.16763021250468918,0.285266320368777,1.0,0.0,0.0,13.800025280721622
SE150_FL380,2022-03-01 00:01:00.000000000,-9.848780362463852,45.06309802296491,11582.4,20645.82054068687,215.04561,0.16885735280903835,0.2875582930487451,1.0,0.0,0.0,13.800023124170625
SE150_FL380,2022-03-01 00:02:00.000000000,-9.69723892593266,45.12601025046198,11582.4,20645.82054068687,214.95596,0.16958523248335275,0.28897146691894654,1.0,0.0,0.0,13.800020919334957
SE150_FL380,2022-03-01 00:03:00.000000000,-9.545386915730079,45.18874995403247,11582.4,20645.82054068687,214.86888,0.16949819240461872,0.28899173213082213,1.0,0.0,0.0,13.80001868361511
SE150_FL380,2022-03-01 00:04:00.000000000,-9.393235477429094,45.251330452726556,11582.4,20645.82054068687,214.79477,0.1703963774230677,0.2906676969701159,1.0,0.0,0.0,13.800016434639819
SE150_FL380,2022-03-01 00:05:00.000000000,-9.240795680594678,45.31376510728148,11582.4,20645.82054068687,214.70233,0.17180540701038424,0.29325350962420055,1.0,0.0,0.0,13.800014190107833
SE150_FL380,2022-03-01 00:06:00.000000000,-9.088078522618359,45.376067314269825,11582.4,20645.82054068687,214.62053,0.17343932515520616,0.296203763933333,1.0,0.0,0.0,13.800011967625645
SE150_FL380,2022-03-01 00:07:00.000000000,-8.935094932619785,45.43825050019791,11582.4,20645.82054068687,214.56274,0.17391797325682556,0.29713481313988394,1.0,0.0,0.0,13.800009784533726
SE150_FL380,2022-03-01 00:08:00.000000000,-8.78185577539008,45.500328115534025,11582.4,20645.82054068687,214.53513,0.1728556550690169,0.2953751314136439,1.0,0.0,0.0,13.80000765772226
SE150_FL380,2022-03-01 00:09:00.000000000,-8.628371855351828,45.56231362864651,11582.4,20645.82054068687,214.4435,0.1734772682601357,0.2966178439132655,1.0,0.0,0.0,13.80000560344844
SE150_FL380,2022-03-01 00:10:00.000000000,-8.474653920510518,45.62422051963216,11582.4,20645.82054068687,214.34537,0.17494822637764662,0.2993288461669913,1.0,0.0,0.0,13.800003637143645
SE150_FL380,2022-03-01 00:11:00.000000000,-8.320712666371875,45.68606227401563,11582.4,20645.82054068687,214.25038,0.17812370815610679,0.3049538242260296,1.0,0.0,0.0,13.800001773220872
SE150_FL380,2022-03-01 00:12:00.000000000,-8.166558739799713,45.74785237630135,11582.4,20645.82054068687,214.17868,0.18029933109155868,0.3088244626572404,1.0,0.0,0.0,13.800000024891407
SE150_FL380,2022-03-01 00:13:00.000000000,-8.012202742788062,45.80960430335971,11582.4,20645.82054068687,214.10965,0.18205749499583496,0.31197822112456686,1.0,0.0,0.0,13.79999840397277
SE150_FL380,2022-03-01 00:14:00.000000000,-7.857655236121768,45.87133151763049,11582.4,20645.82054068687,214.05727,0.18244674182644666,0.3127542745589387,1.0,0.0,0.0,13.799996920709697
SE150_FL380,2022-03-01 00:15:00.000000000,-7.702926742899029,45.933047460127014,11582.4,20645.82054068687,214.05972,0.1817192600037581,0.3115020461903303,1.0,0.0,0.0,13.799995583611501
SE150_FL380,2022-03-01 00:16:00.000000000,-7.548027751889124,45.99476554322603,11582.4,20645.82054068687,214.1003,0.1804296385677188,0.3092081509114344,1.0,0.0,0.0,13.799994399289552
SE150_FL380,2022-03-01 00:17:00.000000000,-7.392968720698455,46.05649914322893,11582.4,20645.82054068687,214.11246,0.1807698405726893,0.3097659959980318,1.0,0.0,0.0,13.799993372318367
SE150_FL380,2022-03-01 00:18:00.000000000,-7.237760078717368,46.118261592681485,11582.4,20645.82054068687,214.13556,0.18158629126451453,0.31111804135085624,1.0,0.0,0.0,13.799992505114373
SE150_FL380,2022-03-01 00:19:00.000000000,-7.0824122298204,46.18006617244081,11582.4,20645.82054068687,214.15771,0.1831849996007415,0.3138106398957685,1.0,0.0,0.0,13.799991797836244
SE150_FL380,2022-03-01 00:20:00.000000000,-6.926935554791905,46.241926103479614,11582.4,20645.82054068687,214.1774,0.1849581397293349,0.3168067380492927,1.0,0.0,0.0,13.799991248309139
SE150_FL380,2022-03-01 00:21:00.000000000,-6.771340413449099,46.303854538419465,11582.4,20645.82054068687,214.16187,0.1867951673083463,0.3199866491219329,1.0,0.0,0.0,13.79999085197143
SE150_FL380,2022-03-01 00:22:00.000000000,-6.615637146434141,46.36586455278655,11582.4,20645.82054068687,214.02757,0.19232845025270112,0.32975725185589205,1.0,0.0,0.0,13.79999060186101
SE150_FL380,2022-03-01 00:23:00.000000000,-6.4598360766471385,46.427969135985755,11582.4,20645.82054068687,213.86595,0.1994742494407195,0.3423736568724201,1.0,0.0,0.0,13.799990488621079
SE150_FL380,2022-03-01 00:24:00.000000000,-6.3039475102915645,46.49018118199037,11582.4,20645.82054068687,213.68596,0.2081907234193981,0.35775714170900746,1.0,0.0,0.0,13.799990500548963
SE150_FL380,2022-03-01 00:25:00.000000000,-6.147981737503878,46.552513479747134,11582.4,20645.82054068687,213.48242,0.2183204018545644,0.37566413681428085,1.0,0.0,0.0,13.799990623666508
SE150_FL380,2022-03-01 00:26:00.000000000,-5.991949032539317,46.6149787032986,11582.4,20645.82054068687,213.28473,0.22945222648547,0.3953268523476337,1.0,0.0,0.0,13.799990841836957
SE150_FL380,2022-03-01 00:27:00.000000000,-5.835859653486246,46.67758940162737,11582.4,20645.82054068687,213.13213,0.23850853195600408,0.41133782902718197,1.0,0.0,0.0,13.799991136910966
SE150_FL380,2022-03-01 00:28:00.000000000,-5.679723841481787,46.740357988228865,11582.4,20645.82054068687,212.9884,0.24742475065255745,0.4271118230055734,1.0,0.0,0.0,13.799991488902345
SE150_FL380,2022-03-01 00:29:00.000000000,-5.523551819402239,46.80329673042195,11582.4,20645.82054068687,212.84082,0.25586935754139256,0.44210985258564667,1.0,0.0,0.0,13.799991876206876
SE150_FL380,2022-03-01 00:30:00.000000000,-5.367353790002575,46.86641773840963,11582.4,20645.82054068687,212.68263,0.261777544508668,0.45277882834479555,1.0,0.0,0.0,13.799992275841205
SE150_FL380,2022-03-01 00:31:00.000000000,-5.2111399334805135,46.92973295410445,11582.4,20645.82054068687,212.51974,0.26780469417929165,0.46368960101592266,1.0,0.0,0.0,13.799992663719705
SE150_FL380,2022-03-01 00:32:00.000000000,-5.05492040444159,46.993254139735846,11582.4,20645.82054068687,212.34906,0.2733240427199069,0.47376288904935066,1.0,0.0,0.0,13.799993014953047
SE150_FL380,2022-03-01 00:33:00.000000000,-4.89870532824359,47.05699286626,11582.4,20645.82054068687,212.18726,0.278040463899253,0.48243466404848584,1.0,0.0,0.0,13.799993304171764
SE150_FL380,2022-03-01 00:34:00.000000000,-4.7425047966999045,47.12096050159472,11582.4,20645.82054068687,212.0364,0.2822015179759738,0.49012379058277283,1.0,0.0,0.0,13.79999350586429
SE150_FL380,2022-03-01 00:35:00.000000000,-4.586328863123924,47.185168198705355,11582.4,20645.82054068687,211.95424,0.2820180053062025,0.4900606174734463,1.0,0.0,0.0,13.799993594737066
SE150_FL380,2022-03-01 00:36:00.000000000,-4.430187536698249,47.24962688356991,11582.4,20645.82054068687,211.91187,0.2798493146857679,0.48642349682632613,1.0,0.0,0.0,13.799993546077733
SE150_FL380,2022-03-01 00:37:00.000000000,-4.274090776155365,47.31434724305453,11582.4,20645.82054068687,211.92259,0.2754021729347699,0.4786614229858969,1.0,0.0,0.0,13.799993336121352
SE150_FL380,2022-03-01 00:38:00.000000000,-4.118048482758973,47.37933971273268,11582.4,20645.82054068687,211.97928,0.26917073051330326,0.46766330892996866,1.0,0.0,0.0,13.799992942424828
SE150_FL380,2022-03-01 00:39:00.000000000,-3.9620704925782735,47.44461446468435,11582.4,20645.82054068687,212.06317,0.2620886969256387,0.4551154878562523,1.0,0.0,0.0,13.7999923442172
SE150_FL380,2022-03-01 00:40:00.000000000,-3.806166568050712,47.510181395313246,11582.4,20645.82054068687,212.20671,0.25315850047218674,0.4392071174705096,1.0,0.0,0.0,13.799991522756148
SE150_FL380,2022-03-01 00:41:00.000000000,-3.6503463888319807,47.57605011322245,11582.4,20645.82054068687,212.34854,0.24515682287216556,0.42494023076069654,1.0,0.0,0.0,13.799990461647935
SE150_FL380,2022-03-01 00:42:00.000000000,-3.4946195419363453,47.64222992719104,11582.4,20645.82054068687,212.47514,0.2381546007277874,0.41246896398000954,1.0,0.0,0.0,13.799989147153058
SE150_FL380,2022-03-01 00:43:00.000000000,-3.3389955111735663,47.708729834295355,11582.4,20645.82054068687,212.57567,0.23259150839045853,0.4025748334311682,1.0,0.0,0.0,13.79998756845803
SE150_FL380,2022-03-01 00:44:00.000000000,-3.1834836658934074,47.775558508220634,11582.4,20645.82054068687,212.66354,0.2279988944462156,0.3944032028097345,1.0,0.0,0.0,13.79998571790615
SE150_FL380,2022-03-01 00:45:00.000000000,-3.0280932490527612,47.84272428780939,11582.4,20645.82054068687,212.74634,0.22422148178347265,0.3876618818337687,1.0,0.0,0.0,13.799983591199357
SE150_FL380,2022-03-01 00:46:00.000000000,-2.872833364624784,47.91023516589412,11582.4,20645.82054068687,212.84302,0.2202879205922604,0.3806236629605812,1.0,0.0,0.0,13.799981187540997
SE150_FL380,2022-03-01 00:47:00.000000000,-2.7177129643741873,47.97809877846222,11582.4,20645.82054068687,212.93869,0.2166191778403977,0.37405447033872696,1.0,0.0,0.0,13.799978509741795
SE150_FL380,2022-03-01 00:48:00.000000000,-2.562740834027267,48.046322394201255,11582.4,20645.82054068687,213.02715,0.21387153075305518,0.369098923107873,1.0,0.0,0.0,13.799975564268491
SE150_FL380,2022-03-01 00:49:00.000000000,-2.407925578869879,48.11491290447256,11582.4,20645.82054068687,213.08829,0.21184278804160436,0.36545236756765986,1.0,0.0,0.0,13.799972361242325
SE150_FL380,2022-03-01 00:50:00.000000000,-2.2532756088113697,48.18387681376056,11582.4,20645.82054068687,213.13406,0.2102243543510268,0.36255367211714207,1.0,0.0,0.0,13.799968914382415
SE150_FL380,2022-03-01 00:51:00.000000000,-2.0987991229566814,48.25322023064404,11582.4,20645.82054068687,213.15828,0.2092874527509786,0.3608805878432032,1.0,0.0,0.0,13.799965240897679
SE150_FL380,2022-03-01 00:52:00.000000000,-1.9445040937337181,48.3229488593347,11582.4,20645.82054068687,213.12077,0.2109728486406129,0.3638756621031557,1.0,0.0,0.0,13.799961361323575
SE150_FL380,2022-03-01 00:53:00.000000000,-1.7903982506269553,48.393067991826065,11582.4,20645.82054068687,213.00954,0.215845307750229,0.3725474565528601,1.0,0.0,0.0,13.799957299309654
SE150_FL380,2022-03-01 00:54:00.000000000,-1.6364890635725675,48.46358250069396,11582.4,20645.82054068687,212.88364,0.2213342242707247,0.3823321118143889,1.0,0.0,0.0,13.799953081365691
SE150_FL380,2022-03-01 00:55:00.000000000,-1.482783726073991,48.534496832587074,11582.4,20645.82054068687,212.75645,0.22685726381519072,0.3921933742952426,1.0,0.0,0.0,13.799948736550181
SE150_FL380,2022-03-01 00:56:00.000000000,-1.3292891381006948,48.60581500244348,11582.4,20645.82054068687,212.56007,0.2355800838300786,0.40778816246118893,1.0,0.0,0.0,13.79996224359886
SE150_FL380,2022-03-01 00:57:00.000000000,-1.176012199022902,48.677541157964725,11582.4,20645.82054068687,212.35948,0.24458887027201082,0.4239270790908658,1.0,0.0,0.0,13.800015850398514
SE150_FL380,2022-03-01 00:58:00.000000000,-1.022959909011004,48.74967973493967,11582.4,20645.82054068687,212.13048,0.25538854947291434,0.44329057031069063,1.0,0.0,0.0,13.800011280819982
SE150_FL380,2022-03-01 00:59:00.000000000,-0.8701372214611162,48.82223162470867,11582.4,20645.82054068687,211.92163,0.26607750251824724,0.462457511704522,1.0,0.0,0.0,13.800006501605102
SE150_FL380,2022-03-01 01:00:00.000000000,-0.7175496815727354,48.89519906140205,11582.4,20645.82054068687,211.72876,0.2764181022478203,0.4810170413681511,1.0,0.0,0.0,13.800001555312974
SE150_FL380,2022-03-01 01:01:00.000000000,-0.5652024537904219,48.96858383001156,11582.4,20645.82054068687,211.58046,0.285209852043099,0.49678025402332665,1.0,0.0,0.0,13.79999648581086
SE150_FL380,2022-03-01 01:02:00.000000000,-0.4131003048958678,49.04238726558329,11582.4,20645.82054068687,211.48161,0.2914980655475987,0.508049318220664,1.0,0.0,0.0,13.799991337765992
SE150_FL380,2022-03-01 01:03:00.000000000,-0.2612475873906203,49.116610253279745,11582.4,20645.82054068687,211.42583,0.29540492365499954,0.515039525694531,1.0,0.0,0.0,13.7999861561264
SE150_FL380,2022-03-01 01:04:00.000000000,-0.1096482232436474,49.1912532293119,11582.4,20645.82054068687,211.36438,0.2996479295850665,0.5226372348354883,1.0,0.0,0.0,13.799980985617015
SE150_FL380,2022-03-01 01:05:00.000000000,0.041694311923352705,49.266316182737384,11582.4,20645.82054068687,211.309,0.30437932139700113,0.5310761595319868,1.0,0.0,0.0,13.799975870245795
SE150_FL380,2022-03-01 01:06:00.000000000,0.19277700414136667,49.341798658116055,11582.4,20645.82054068687,211.37802,0.3039625880779556,0.5301194611934795,1.0,0.0,0.0,13.799970852837674
SE150_FL380,2022-03-01 01:07:00.000000000,0.3435973158213465,49.41769975900875,11582.4,20645.82054068687,211.43918,0.3036250703827475,0.5293265189676656,1.0,0.0,0.0,13.79996597459641
SE150_FL380,2022-03-01 01:08:00.000000000,0.49415319983679507,49.49401815230074,11582.4,20645.82054068687,211.46898,0.30365441926535264,0.5292788195323126,1.0,0.0,0.0,13.799961274703167
SE150_FL380,2022-03-01 01:09:00.000000000,0.6444431128990113,49.5707520733261,11582.4,20645.82054068687,211.55162,0.3003998279193654,0.523333985977974,1.0,0.0,0.0,13.799956789951366
SE150_FL380,2022-03-01 01:10:00.000000000,0.7944660281656921,49.647899331764975,11582.4,20645.82054068687,211.60797,0.2984627309167526,0.5197749065389213,1.0,0.0,0.0,13.799952554435153
SE150_FL380,2022-03-01 01:11:00.000000000,0.9442214470284372,49.72545731828128,11582.4,20645.82054068687,211.61252,0.2993515870569028,0.5213077855261863,1.0,0.0,0.0,13.799948599276675
SE150_FL380,2022-03-01 01:12:00.000000000,1.0937094100288882,49.803423011864275,11582.4,20645.82054068687,211.62686,0.2998750282574873,0.5221713373811403,1.0,0.0,0.0,13.79994495241215
SE150_FL380,2022-03-01 01:13:00.000000000,1.2429305068591834,49.8817929878337,11582.4,20645.82054068687,211.63992,0.30048314847765323,0.523187446260707,1.0,0.0,0.0,13.799943970232082
SE150_FL380,2022-03-01 01:14:00.000000000,1.391885839203061,49.9605634958069,11582.4,20645.82054068687,211.59926,0.30595145528953915,0.532844232667649,1.0,0.0,0.0,13.800018164069398
SE150_FL380,2022-03-01 01:15:00.000000000,1.5405756538199646,50.039732525500625,11582.4,20645.82054068687,211.56184,0.31142428563108765,0.5425036394013636,1.0,0.0,0.0,13.800012779561797
SE150_FL380,2022-03-01 01:16:00.000000000,1.689003811745885,50.119293133097386,11582.4,20645.82054068687,211.52472,0.31699720660128444,0.5523423536453859,1.0,0.0,0.0,13.800007711970267
SE150_FL380,2022-03-01 01:17:00.000000000,1.8371731915099507,50.19924036232172,11582.4,20645.82054068687,211.4361,0.32581270972706566,0.5680175865498587,1.0,0.0,0.0,13.800002984178791
SE150_FL380,2022-03-01 01:18:00.000000000,1.985087255414262,50.279568902342035,11582.4,20645.82054068687,211.32968,0.3363577296243371,0.5867937420555239,1.0,0.0,0.0,13.79999861501331
SE150_FL380,2022-03-01 01:19:00.000000000,2.1327500533276282,50.36027309878075,11582.4,20645.82054068687,211.26804,0.3437502681308412,0.5999220429853914,1.0,0.0,0.0,13.799994619263725
SE150_FL380,2022-03-01 01:20:00.000000000,2.2801662254169526,50.44134696502648,11582.4,20645.82054068687,211.14478,0.3562598263364314,0.6222326969816827,1.0,0.0,0.0,13.799991007751949
SE150_FL380,2022-03-01 01:21:00.000000000,2.4273410038207826,50.52278419379153,11582.4,20645.82054068687,211.02997,0.36920040185242703,0.645296999798712,1.0,0.0,0.0,13.799987787443316
SE150_FL380,2022-03-01 01:22:00.000000000,2.5742802132739526,50.604578168858964,11582.4,20645.82054068687,211.00194,0.37551793750079027,0.6564542385543741,1.0,0.0,0.0,13.799984961591031
SE150_FL380,2022-03-01 01:23:00.000000000,2.720990270699007,50.686721976962986,11582.4,20645.82054068687,211.05234,0.3763621424219222,0.6577246646850977,1.0,0.0,0.0,13.79998252990439
SE150_FL380,2022-03-01 01:24:00.000000000,2.8674781837846655,50.769208419747585,11582.4,20645.82054068687,211.11925,0.3756586916791991,0.6562210587569335,1.0,0.0,0.0,13.79998048874809
SE150_FL380,2022-03-01 01:25:00.000000000,3.013751548576857,50.85203002574966,11582.4,20645.82054068687,211.21155,0.3727038144742662,0.6506816512484731,1.0,0.0,0.0,13.799978831356217
SE150_FL380,2022-03-01 01:26:00.000000000,3.1598185461124664,50.935179062353996,11582.4,20645.82054068687,211.39223,0.361728871415179,0.6308077051429108,1.0,0.0,0.0,13.79997754806047
SE150_FL380,2022-03-01 01:27:00.000000000,3.3056879381298114,51.0186475476696,11582.4,20645.82054068687,211.55736,0.35247462371135957,0.614031840572473,1.0,0.0,0.0,13.799976626528416
SE150_FL380,2022-03-01 01:28:00.000000000,3.451369061894234,51.10242726227889,11582.4,20645.82054068687,211.69872,0.3443313642568369,0.5993116003064219,1.0,0.0,0.0,13.799976052009184
SE150_FL380,2022-03-01 01:29:00.000000000,3.596871824179734,51.18650976081355,11582.4,20645.82054068687,211.84732,0.3359182938136654,0.5841187746181531,1.0,0.0,0.0,13.79997580757543
SE150_FL380,2022-03-01 01:30:00.000000000,3.7422066944510983,51.27088638331356,11582.4,20645.82054068687,212.02107,0.32647579881765953,0.567075960856174,1.0,0.0,0.0,13.799975874366709
SE150_FL380,2022-03-01 01:31:00.000000000,3.8873846972928505,51.35554826632859,11582.4,20645.82054068687,211.97539,0.3297118650828187,0.5728625153642548,1.0,0.0,0.0,13.799976231823901
SE150_FL380,2022-03-01 01:32:00.000000000,4.032417404133353,51.44048635372388,11582.4,20645.82054068687,211.92693,0.3328098625234822,0.578422261924141,1.0,0.0,0.0,13.799976857923344
SE150_FL380,2022-03-01 01:33:00.000000000,4.17731692431389,51.525691407155904,11582.4,20645.82054068687,211.86502,0.335672603201359,0.583627861877273,1.0,0.0,0.0,13.79997772939002
SE150_FL380,2022-03-01 01:34:00.000000000,4.322095895553423,51.611154016185885,11582.4,20645.82054068687,211.73387,0.3407883198079218,0.5930127812588802,1.0,0.0,0.0,13.799978821916332
SE150_FL380,2022-03-01 01:35:00.000000000,4.466767473859694,51.69686460800298,11582.4,20645.82054068687,211.55544,0.3483876597177182,0.6069192272056952,1.0,0.0,0.0,13.79998011034861
SE150_FL380,2022-03-01 01:36:00.000000000,4.61134532293813,51.78281345673147,11582.4,20645.82054068687,211.37624,0.353562457405272,0.6166296217210786,1.0,0.0,0.0,13.799981568886242
SE150_FL380,2022-03-01 01:37:00.000000000,4.755843603148792,51.86899069230014,11582.4,20645.82054068687,211.20862,0.3585546085646107,0.6259936238604725,1.0,0.0,0.0,13.79998317125147
SE150_FL380,2022-03-01 01:38:00.000000000,4.9002769600611895,51.95538630885467,11582.4,20645.82054068687,211.00978,0.3618202810089791,0.632480259629748,1.0,0.0,0.0,13.799984890852482
SE150_FL380,2022-03-01 01:39:00.000000000,5.044660512655349,52.041990172697254,11582.4,20645.82054068687,210.82753,0.3642958245236572,0.6375290618432097,1.0,0.0,0.0,13.799986700946327
SE150_FL380,2022-03-01 01:40:00.000000000,5.189009841215732,52.12879202974077,11582.4,20645.82054068687,210.66118,0.36503090850180187,0.6394778741976554,1.0,0.0,0.0,13.799988574784994
SE150_FL380,2022-03-01 01:41:00.000000000,5.33334097496334,52.2157815124673,11582.4,20645.82054068687,210.52754,0.36471967029842217,0.6394581444625065,1.0,0.0,0.0,13.799990485753726
SE150_FL380,2022-03-01 01:42:00.000000000,5.477670379467894,52.30294814638437,11582.4,20645.82054068687,210.4133,0.36321368714350044,0.6372675833462559,1.0,0.0,0.0,13.799992407510803
SE150_FL380,2022-03-01 01:43:00.000000000,5.622014943881001,52.390281355974025,11582.4,20645.82054068687,210.2896,0.3605407876318824,0.6330622421656036,1.0,0.0,0.0,13.79999431411892
SE150_FL380,2022-03-01 01:44:00.000000000,5.766391968026885,52.477770470133564,11582.4,20645.82054068687,210.163,0.35782626792384803,0.6287853148602456,1.0,0.0,0.0,13.799996180175784
SE150_FL380,2022-03-01 01:45:00.000000000,5.910819149385742,52.565404727108,11582.4,20645.82054068687,210.1,0.3567060939195823,0.6270583703293592,1.0,0.0,0.0,13.799997980946767
SE150_FL380,2022-03-01 01:46:00.000000000,6.055314570000713,52.65317327891751,11582.4,20645.82054068687,210.01172,0.35575013755339574,0.62571767359681,1.0,0.0,0.0,13.799999692491834
SE150_FL380,2022-03-01 01:47:00.000000000,6.19989668333652,52.74106519528474,11582.4,20645.82054068687,209.92738,0.35487275649521066,0.6244981855981349,1.0,0.0,0.0,13.80000129179735
SE150_FL380,2022-03-01 01:48:00.000000000,6.344584301114556,52.829069467069175,11582.4,20645.82054068687,209.88383,0.35526659066613353,0.6253564606235763,1.0,0.0,0.0,13.800002756917273
SE150_FL380,2022-03-01 01:49:00.000000000,6.48939658014588,52.91717500921703,11582.4,20645.82054068687,209.82468,0.35662162885554505,0.6279700298869328,1.0,0.0,0.0,13.800004067102952
SE150_FL380,2022-03-01 01:50:00.000000000,6.634353009179616,53.00537066323756,11582.4,20645.82054068687,209.75601,0.35874191077885853,0.6319676020053685,1.0,0.0,0.0,13.80000520294991
SE150_FL380,2022-03-01 01:51:00.000000000,6.779473395781127,53.09364519921752,11582.4,20645.82054068687,209.69601,0.3603300404439525,0.6349963431103437,1.0,0.0,0.0,13.800006146536646
SE150_FL380,2022-03-01 01:52:00.000000000,6.924777853250975,53.18198731738731,11582.4,20645.82054068687,209.66602,0.36176383664914424,0.6376417914377859,1.0,0.0,0.0,13.80000688157544
SE150_FL380,2022-03-01 01:53:00.000000000,7.070286787591492,53.270385649253456,11582.4,20645.82054068687,209.62782,0.36327644177511076,0.6404568500326316,1.0,0.0,0.0,13.800007393558275
SE150_FL380,2022-03-01 01:54:00.000000000,7.216020884525191,53.35882875831312,11582.4,20645.82054068687,209.59178,0.364635211990712,0.6429942172267443,1.0,0.0,0.0,13.800007669900015
SE150_FL380,2022-03-01 01:55:00.000000000,7.3620010965652085,53.44730514036748,11582.4,20645.82054068687,209.57256,0.3662642994613397,0.6459421599129384,1.0,0.0,0.0,13.800007700096462
SE150_FL380,2022-03-01 01:56:00.000000000,7.508248630134886,53.53580322345174,11582.4,20645.82054068687,209.55336,0.36809886410278375,0.6492529644553016,1.0,0.0,0.0,13.800007475854803
SE150_FL380,2022-03-01 01:57:00.000000000,7.654784932730397,53.62431136740005,11582.4,20645.82054068687,209.55898,0.3699343037626767,0.6524666203774423,1.0,0.0,0.0,13.800006991241453
SE150_FL380,2022-03-01 01:58:00.000000000,7.801631680117048,53.712817863064856,11582.4,20645.82054068687,209.56929,0.3718728448430451,0.6558466186830008,1.0,0.0,0.0,13.800006242806354
SE150_FL380,2022-03-01 01:59:00.000000000,7.948810763547113,53.80131093121019,11582.4,20645.82054068687,209.5799,0.3742097727809342,0.659923053438341,1.0,0.0,0.0,13.800005229709964
SE150_FL380,2022-03-01 02:00:00.000000000,8.096344276983887,53.889778721099525,11582.4,20645.82054068687,209.60056,0.37673996434873386,0.6643024783413651,1.0,0.0,0.0,13.800003953824296
SE150_FL380,2022-03-01 02:01:00.000000000,8.244254504314016,53.97820930879907,11582.4,20645.82054068687,209.63843,0.3788848516944133,0.667931013138286,1.0,0.0,0.0,13.80000241982998
SE150_FL380,2022-03-01 02:02:00.000000000,8.392563906527803,54.06659069521786,11582.4,20645.82054068687,209.64932,0.38193718331749976,0.6732663354788085,1.0,0.0,0.0,13.800000635287429
SE150_FL380,2022-03-01 02:03:00.000000000,8.541295108844203,54.15491080390644,11582.4,20645.82054068687,209.6521,0.38534149351128755,0.6792557473820859,1.0,0.0,0.0,13.79999861068731
SE150_FL380,2022-03-01 02:04:00.000000000,8.690470887755579,54.24315747863636,11582.4,20645.82054068687,209.6401,0.38997557047620257,0.6874744724219908,1.0,0.0,0.0,13.799996359482744
SE150_FL380,2022-03-01 02:05:00.000000000,8.840114157964688,54.3313184807831,11582.4,20645.82054068687,209.65167,0.3938240008874111,0.6942112213628375,1.0,0.0,0.0,13.799993898086694
SE150_FL380,2022-03-01 02:06:00.000000000,8.990247959184734,54.41938148653517,11582.4,20645.82054068687,209.64806,0.3979146110639503,0.7014344374505762,1.0,0.0,0.0,13.799991245846577
SE150_FL380,2022-03-01 02:07:00.000000000,9.140895442771445,54.50733408395296,11582.4,20645.82054068687,209.63794,0.4018038706507518,0.7083364644142582,1.0,0.0,0.0,13.799988424983786
SE150_FL380,2022-03-01 02:08:00.000000000,9.292079858154782,54.595163769900566,11582.4,20645.82054068687,209.64842,0.4045592623787331,0.7131474560948701,1.0,0.0,0.0,13.799985460504125
SE150_FL380,2022-03-01 02:09:00.000000000,9.443824539036145,54.682857946874975,11582.4,20645.82054068687,209.64246,0.4075212461428797,0.7183934879918819,1.0,0.0,0.0,13.79998238006007
SE150_FL380,2022-03-01 02:10:00.000000000,9.596152889316482,54.770403919756546,11582.4,20645.82054068687,209.63293,0.4099724736117863,0.7227571536307266,1.0,0.0,0.0,13.799979213805697
SE150_FL380,2022-03-01 02:11:00.000000000,9.749088368719127,54.85778889250587,11582.4,20645.82054068687,209.65031,0.4102979198356177,0.7232539813218622,1.0,0.0,0.0,13.79997599417574
SE150_FL380,2022-03-01 02:12:00.000000000,9.902654478070929,54.944999964831716,11582.4,20645.82054068687,209.66211,0.40988275921073375,0.7224720319749,1.0,0.0,0.0,8.71787688339356
SE150_FL380,2022-03-01 02:12:37.904240283,10.0,55.0,11582.4,20645.82054068687,209.6459,0.4115850725094853,0.7255433580200686,1.0,0.0,0.0,0.0
GC0_FL380,2022-03-01 00:00:00.000000000,-10.000000000000002,45.00000000000001,11582.4,20645.82054068687,215.15063,0.16763021250468918,0.285266320368777,1.0,0.0,0.0,13.800031261260088
GC0_FL380,2022-03-01 00:01:00.000000000,-9.876312021826006,45.08811854334467,11582.4,20645.82054068687,215.13478,0.16562263017056786,0.281880209498234,1.0,0.0,0.0,13.800027623894355
GC0_FL380,2022-03-01 00:02:00.000000000,-9.752242252140906,45.176103215944366,11582.4,20645.82054068687,215.13185,0.16406566703481626,0.2792361269517355,1.0,0.0,0.0,13.800023933454368
GC0_FL380,2022-03-01 00:03:00.000000000,-9.627788920452794,45.263953191638386,11582.4,20645.82054068687,215.12146,0.16165342352276824,0.2751494886978484,1.0,0.0,0.0,13.800020189682812
GC0_FL380,2022-03-01 00:04:00.000000000,-9.5029502525583,45.351667639156055,11582.4,20645.82054068687,215.07468,0.1604608998207289,0.2732061529253643,1.0,0.0,0.0,13.800016392336534
GC0_FL380,2022-03-01 00:05:00.000000000,-9.377724470626134,45.439245722091066,11582.4,20645.82054068687,215.04547,0.1594284347717815,0.27150126968160826,1.0,0.0,0.0,13.800012541176311
GC0_FL380,2022-03-01 00:06:00.000000000,-9.252109793282935,45.52668659887586,11582.4,20645.82054068687,215.00636,0.15879212423851533,0.27048877603163807,1.0,0.0,0.0,13.800008635971807
GC0_FL380,2022-03-01 00:07:00.000000000,-9.126104435701345,45.613989422756205,11582.4,20645.82054068687,214.95752,0.15831216625288888,0.26975990250681686,1.0,0.0,0.0,13.800004676501466
GC0_FL380,2022-03-01 00:08:00.000000000,-8.999706609690397,45.701153341765824,11582.4,20645.82054068687,214.891,0.15753261771903515,0.268551257548723,1.0,0.0,0.0,13.800000662551579
GC0_FL380,2022-03-01 00:09:00.000000000,-8.872914523788092,45.7881774987011,11582.4,20645.82054068687,214.82643,0.15476529093597902,0.26394777751105464,1.0,0.0,0.0,13.799996593917113
GC0_FL380,2022-03-01 00:10:00.000000000,-8.745726383356452,45.87506103109597,11582.4,20645.82054068687,214.73239,0.15208942699053868,0.25954784018233834,1.0,0.0,0.0,13.799992470403737
GC0_FL380,2022-03-01 00:11:00.000000000,-8.618140390678803,45.96180307119685,11582.4,20645.82054068687,214.64752,0.150766901773376,0.25743711288845283,1.0,0.0,0.0,13.799988291825057
GC0_FL380,2022-03-01 00:12:00.000000000,-8.490154745059604,46.04840274593778,11582.4,20645.82054068687,214.55853,0.15021050199489025,0.2566385087188588,1.0,0.0,0.0,13.799984058004643
GC0_FL380,2022-03-01 00:13:00.000000000,-8.36176764292664,46.13485917691566,11582.4,20645.82054068687,214.49489,0.151024624451212,0.2581389326894234,1.0,0.0,0.0,13.799979768777922
GC0_FL380,2022-03-01 00:14:00.000000000,-8.232977277935733,46.22117148036564,11582.4,20645.82054068687,214.44115,0.15106515891345887,0.2583008093285568,1.0,0.0,0.0,13.79997542398953
GC0_FL380,2022-03-01 00:15:00.000000000,-8.103781841077932,46.30733876713662,11582.4,20645.82054068687,214.50397,0.14812752931312195,0.25317191763748087,1.0,0.0,0.0,13.799971023496427
GC0_FL380,2022-03-01 00:16:00.000000000,-7.974179520789293,46.39336014266697,11582.4,20645.82054068687,214.58397,0.1444522841524643,0.24675882464430807,1.0,0.0,0.0,13.799966567164596
GC0_FL380,2022-03-01 00:17:00.000000000,-7.844168503063274,46.47923470696041,11582.4,20645.82054068687,214.67361,0.1406664898731367,0.24014812656592605,1.0,0.0,0.0,13.8000335506074
GC0_FL380,2022-03-01 00:18:00.000000000,-7.713744387039283,46.56496062297613,11582.4,20645.82054068687,214.78207,0.13600760622738586,0.2320261036317285,1.0,0.0,0.0,13.800029833224963
GC0_FL380,2022-03-01 00:19:00.000000000,-7.582907908106713,46.65053789712994,11582.4,20645.82054068687,214.88748,0.13147262636319015,0.22413156107778273,1.0,0.0,0.0,13.800025836216795
GC0_FL380,2022-03-01 00:20:00.000000000,-7.451657253716138,46.73596561579989,11582.4,20645.82054068687,214.96341,0.12770145594536514,0.21759135663472232,1.0,0.0,0.0,13.800021784046535
GC0_FL380,2022-03-01 00:21:00.000000000,-7.319990601234423,46.82124285691214,11582.4,20645.82054068687,214.99236,0.1253755453725909,0.213586658982088,1.0,0.0,0.0,13.800017676565119
GC0_FL380,2022-03-01 00:22:00.000000000,-7.187906126190921,46.90636869283971,11582.4,20645.82054068687,214.98099,0.12370533072484359,0.21075758186795673,1.0,0.0,0.0,13.800013513633964
GC0_FL380,2022-03-01 00:23:00.000000000,-7.0554020024062,46.99134219037952,11582.4,20645.82054068687,214.9301,0.12273642817249003,0.20917781403752747,1.0,0.0,0.0,13.800009295126483
GC0_FL380,2022-03-01 00:24:00.000000000,-6.922476402123702,47.07616241072962,11582.4,20645.82054068687,214.85843,0.12312837500370788,0.20994735134656495,1.0,0.0,0.0,13.800005020927465
GC0_FL380,2022-03-01 00:25:00.000000000,-6.789127496144292,47.16082840946671,11582.4,20645.82054068687,214.77832,0.12352734825826385,0.21074073810218724,1.0,0.0,0.0,13.800000690938065
GC0_FL380,2022-03-01 00:26:00.000000000,-6.655353453963729,47.24533923652389,11582.4,20645.82054068687,214.67322,0.1266451733490793,0.21621173461766258,1.0,0.0,0.0,13.799996305067978
GC0_FL380,2022-03-01 00:27:00.000000000,-6.521152443913118,47.32969393616862,11582.4,20645.82054068687,214.57036,0.13149099965552585,0.2246383659865556,1.0,0.0,0.0,13.799991863244522
GC0_FL380,2022-03-01 00:28:00.000000000,-6.386522633302341,47.41389154698097,11582.4,20645.82054068687,214.46109,0.13727625046534123,0.23469239350764076,1.0,0.0,0.0,13.799987365406142
GC0_FL380,2022-03-01 00:29:00.000000000,-6.251462188566615,47.49793110183218,11582.4,20645.82054068687,214.35791,0.1432692222719011,0.24510613079749904,1.0,0.0,0.0,13.79998281150992
GC0_FL380,2022-03-01 00:30:00.000000000,-6.1159692754160595,47.58181162786344,11582.4,20645.82054068687,214.27687,0.15043242815113717,0.2574993733323097,1.0,0.0,0.0,13.799978201523881
GC0_FL380,2022-03-01 00:31:00.000000000,-5.980042058988454,47.66553214646499,11582.4,20645.82054068687,214.20789,0.15667984944730887,0.26831554063865964,1.0,0.0,0.0,13.799973535432741
GC0_FL380,2022-03-01 00:32:00.000000000,-5.84367870400512,47.74909167325553,11582.4,20645.82054068687,214.15523,0.16245745486301683,0.278307700894437,1.0,0.0,0.0,13.799968813237534
GC0_FL380,2022-03-01 00:33:00.000000000,-5.70687737493005,47.832489218061895,11582.4,20645.82054068687,214.1498,0.16696805375779103,0.28604433333651463,1.0,0.0,0.0,13.799964034957233
GC0_FL380,2022-03-01 00:34:00.000000000,-5.569636236132259,47.91572378489917,11582.4,20645.82054068687,214.13094,0.17115146431930212,0.2932484289402979,1.0,0.0,0.0,13.800035855280361
GC0_FL380,2022-03-01 00:35:00.000000000,-5.431950681045849,47.9987933410855,11582.4,20645.82054068687,214.10265,0.17530312106277002,0.3004181426424218,1.0,0.0,0.0,13.80003208062314
GC0_FL380,2022-03-01 00:36:00.000000000,-5.2938216052343305,48.08169789082298,11582.4,20645.82054068687,214.08829,0.1774182582836815,0.3040717976398777,1.0,0.0,0.0,13.800027766635571
GC0_FL380,2022-03-01 00:37:00.000000000,-5.155247191271525,48.164436426955106,11582.4,20645.82054068687,214.04356,0.18035515689924347,0.30919640727047687,1.0,0.0,0.0,13.800023396612284
GC0_FL380,2022-03-01 00:38:00.000000000,-5.016225604851381,48.24700792994952,11582.4,20645.82054068687,213.97672,0.18483250430447365,0.3170120056091165,1.0,0.0,0.0,13.800018970545228
GC0_FL380,2022-03-01 00:39:00.000000000,-4.876755012439158,48.329411374367055,11582.4,20645.82054068687,213.90443,0.18687458316493596,0.3206672303692032,1.0,0.0,0.0,13.800014488442477
GC0_FL380,2022-03-01 00:40:00.000000000,-4.7368335814541895,48.411645728843965,11582.4,20645.82054068687,213.83282,0.19025833382120047,0.3266270076618907,1.0,0.0,0.0,13.800009950331221
GC0_FL380,2022-03-01 00:41:00.000000000,-4.596459480456218,48.493709956074575,11582.4,20645.82054068687,213.78918,0.18966899118853803,0.3257088818037102,1.0,0.0,0.0,13.800005356252322
GC0_FL380,2022-03-01 00:42:00.000000000,-4.455630879335287,48.57560301279429,11582.4,20645.82054068687,213.78697,0.1886413646377251,0.32394844199922446,1.0,0.0,0.0,13.800000706269127
GC0_FL380,2022-03-01 00:43:00.000000000,-4.314345949505185,48.6573238497631,11582.4,20645.82054068687,213.83188,0.18746280919295918,0.3218296072902253,1.0,0.0,0.0,13.799996000461707
GC0_FL380,2022-03-01 00:44:00.000000000,-4.172602864100605,48.73887141174949,11582.4,20645.82054068687,213.90044,0.18624932481122083,0.31960257060687447,1.0,0.0,0.0,13.799991238929968
GC0_FL380,2022-03-01 00:45:00.000000000,-4.030399798177934,48.8202446375148,11582.4,20645.82054068687,214.00372,0.1828523220557561,0.31355954489332816,1.0,0.0,0.0,13.79998642179239
GC0_FL380,2022-03-01 00:46:00.000000000,-3.8877349289197967,48.901442459798034,11582.4,20645.82054068687,214.15273,0.17695461064606857,0.3031471940479526,1.0,0.0,0.0,13.799981549189066
GC0_FL380,2022-03-01 00:47:00.000000000,-3.744606435843342,48.98246380530123,11582.4,20645.82054068687,214.29178,0.17135636767662238,0.2932871869248988,1.0,0.0,0.0,13.799976621281434
GC0_FL380,2022-03-01 00:48:00.000000000,-3.601012501012314,49.06330759467523,11582.4,20645.82054068687,214.42523,0.16701190634116897,0.28559798569964806,1.0,0.0,0.0,13.799971638251657
GC0_FL380,2022-03-01 00:49:00.000000000,-3.456951309253031,49.14397274250603,11582.4,20645.82054068687,214.53542,0.1636676744327925,0.2796738541626064,1.0,0.0,0.0,13.799966600302653
GC0_FL380,2022-03-01 00:50:00.000000000,-3.312421048374104,49.22445815730157,11582.4,20645.82054068687,214.6045,0.16178024212718206,0.2763216845792371,1.0,0.0,0.0,13.799961507663523
GC0_FL380,2022-03-01 00:51:00.000000000,-3.1674199093902,49.304762741479145,11582.4,20645.82054068687,214.63417,0.1619071540429122,0.27648405953235594,1.0,0.0,0.0,13.80003811560671
GC0_FL380,2022-03-01 00:52:00.000000000,-3.021943131385752,49.3848842512864,11582.4,20645.82054068687,214.6396,0.16338314907102439,0.27899398144716886,1.0,0.0,0.0,13.80003431143209
GC0_FL380,2022-03-01 00:53:00.000000000,-2.875991817593982,49.46482269242153,11582.4,20645.82054068687,214.61192,0.1650309423281721,0.28185945509761906,1.0,0.0,0.0,13.80002967563927
GC0_FL380,2022-03-01 00:54:00.000000000,-2.7295641981544376,49.54457695964448,11582.4,20645.82054068687,214.56386,0.16637967168533055,0.2842544832926289,1.0,0.0,0.0,13.800024984324816
GC0_FL380,2022-03-01 00:55:00.000000000,-2.582658479303576,49.62414593078313,11582.4,20645.82054068687,214.50587,0.1676389598544696,0.28651611657099224,1.0,0.0,0.0,13.800020237683322
GC0_FL380,2022-03-01 00:56:00.000000000,-2.435272871668278,49.703528477519875,11582.4,20645.82054068687,214.45465,0.1680065051236465,0.2872426707383736,1.0,0.0,0.0,13.800015435926571
GC0_FL380,2022-03-01 00:57:00.000000000,-2.2874055905140325,49.78272346538261,11582.4,20645.82054068687,214.41176,0.16704303472217344,0.2856773282561637,1.0,0.0,0.0,13.800010579292724
GC0_FL380,2022-03-01 00:58:00.000000000,-2.139054855997014,49.86172975373617,11582.4,20645.82054068687,214.38568,0.16521186693879372,0.2825941505614173,1.0,0.0,0.0,13.80000566804335
GC0_FL380,2022-03-01 00:59:00.000000000,-1.990218893420634,49.940546195774644,11582.4,20645.82054068687,214.3475,0.16394386882728673,0.28049625364018926,1.0,0.0,0.0,13.800000702464757
GC0_FL380,2022-03-01 01:00:00.000000000,-1.840895933496165,50.01917163851421,11582.4,20645.82054068687,214.33434,0.16150967809464942,0.2763553339015901,1.0,0.0,0.0,13.799995682868577
GC0_FL380,2022-03-01 01:01:00.000000000,-1.6910842126076457,50.09760492278672,11582.4,20645.82054068687,214.32129,0.1591759856326415,0.272385808974353,1.0,0.0,0.0,13.799990609591623
GC0_FL380,2022-03-01 01:02:00.000000000,-1.540781973081079,50.17584488323394,11582.4,20645.82054068687,214.2943,0.15784341988617817,0.2701545919132314,1.0,0.0,0.0,13.799985482999908
GC0_FL380,2022-03-01 01:03:00.000000000,-1.3899874634580285,50.2538903483026,11582.4,20645.82054068687,214.26462,0.1568955035711745,0.26858418924192906,1.0,0.0,0.0,13.799980303483485
GC0_FL380,2022-03-01 01:04:00.000000000,-1.2386989387734455,50.33174014024005,11582.4,20645.82054068687,214.24333,0.15567086212727654,0.26652577751748285,1.0,0.0,0.0,13.799975071460995
GC0_FL380,2022-03-01 01:05:00.000000000,-1.0869146608380469,50.409393075090854,11582.4,20645.82054068687,214.17403,0.1575021014367614,0.26978493020853417,1.0,0.0,0.0,13.799969787382079
GC0_FL380,2022-03-01 01:06:00.000000000,-0.9346328985249368,50.48684796269396,11582.4,20645.82054068687,214.10922,0.15938189595721725,0.27312153846561227,1.0,0.0,0.0,13.799964451722667
GC0_FL380,2022-03-01 01:07:00.000000000,-0.7818519280607622,50.56410360668077,11582.4,20645.82054068687,214.03978,0.16159075506556617,0.2770337528238393,1.0,0.0,0.0,13.79995906498832
GC0_FL380,2022-03-01 01:08:00.000000000,-0.6285700333214097,50.64115880447403,11582.4,20645.82054068687,213.94833,0.16526005764696736,0.2834952927469158,1.0,0.0,0.0,13.800040250558894
GC0_FL380,2022-03-01 01:09:00.000000000,-0.47478237482134333,50.71801108774824,11582.4,20645.82054068687,213.8602,0.16929010365155564,0.29057697917914727,1.0,0.0,0.0,13.800036449888243
GC0_FL380,2022-03-01 01:10:00.000000000,-0.3204903233010431,50.79466047002034,11582.4,20645.82054068687,213.75455,0.17401837777822074,0.2989006849665235,1.0,0.0,0.0,13.800031495581349
GC0_FL380,2022-03-01 01:11:00.000000000,-0.16569222733307076,50.87110574593124,11582.4,20645.82054068687,213.63704,0.1795752094802217,0.30868291809210097,1.0,0.0,0.0,13.80002648819227
GC0_FL380,2022-03-01 01:12:00.000000000,-0.01038640460530521,50.94734568796158,11582.4,20645.82054068687,213.51808,0.18569525228898393,0.3194518718230441,1.0,0.0,0.0,13.800021428178642
GC0_FL380,2022-03-01 01:13:00.000000000,0.14542881799142826,51.02337906239046,11582.4,20645.82054068687,213.4378,0.18953741465253732,0.3262318334299336,1.0,0.0,0.0,13.800016316031584
GC0_FL380,2022-03-01 01:14:00.000000000,0.30175510404023853,51.099204629299564,11582.4,20645.82054068687,213.3747,0.19266770609895123,0.33175643129975096,1.0,0.0,0.0,13.80001115226905
GC0_FL380,2022-03-01 01:15:00.000000000,0.45859410727043437,51.17482114257816,11582.4,20645.82054068687,213.33267,0.19471553077909462,0.33537327308548537,1.0,0.0,0.0,13.8000059374454
GC0_FL380,2022-03-01 01:16:00.000000000,0.6159474712251815,51.25022734992915,11582.4,20645.82054068687,213.32233,0.1948442890810529,0.33561851015051597,1.0,0.0,0.0,13.800000672141353
GC0_FL380,2022-03-01 01:17:00.000000000,0.7738168289243615,51.325421992876,11582.4,20645.82054068687,213.32806,0.19447442685593477,0.3349691607302587,1.0,0.0,0.0,13.7999953569759
GC0_FL380,2022-03-01 01:18:00.000000000,0.932203802522942,51.400403806770754,11582.4,20645.82054068687,213.30229,0.19555023195260907,0.3368777689779172,1.0,0.0,0.0,13.799989992598045
GC0_FL380,2022-03-01 01:19:00.000000000,1.0911100029643799,51.47517152080301,11582.4,20645.82054068687,213.25803,0.1973119863532415,0.3400113048578899,1.0,0.0,0.0,13.79998457969091
GC0_FL380,2022-03-01 01:20:00.000000000,1.2505370296295943,51.549723858009905,11582.4,20645.82054068687,213.20409,0.19955081311995407,0.3439896541299285,1.0,0.0,0.0,13.799979118975191
GC0_FL380,2022-03-01 01:21:00.000000000,1.410486469980993,51.62405953528727,11582.4,20645.82054068687,213.00728,0.20871335474425712,0.36024248951163845,1.0,0.0,0.0,13.799973611204168
GC0_FL380,2022-03-01 01:22:00.000000000,1.570959899201897,51.698177263401696,11582.4,20645.82054068687,212.78757,0.21926204592110024,0.3789877392838552,1.0,0.0,0.0,13.799968057170684
GC0_FL380,2022-03-01 01:23:00.000000000,1.7319588798311787,51.77207574700383,11582.4,20645.82054068687,212.55956,0.23124243738883246,0.40028127144192327,1.0,0.0,0.0,13.799962457699413
GC0_FL380,2022-03-01 01:24:00.000000000,1.8934849613930664,51.84575368464275,11582.4,20645.82054068687,212.2895,0.2475898004395389,0.42931886119579804,1.0,0.0,0.0,13.799956813657149
GC0_FL380,2022-03-01 01:25:00.000000000,2.055539680022396,51.91920976878139,11582.4,20645.82054068687,212.02527,0.2652344776316175,0.4606892719441328,1.0,0.0,0.0,13.800042154299087
GC0_FL380,2022-03-01 01:26:00.000000000,2.2181278486239693,51.99244129650124,11582.4,20645.82054068687,211.77359,0.2838355898331704,0.4937846744875637,1.0,0.0,0.0,13.800038395347975
GC0_FL380,2022-03-01 01:27:00.000000000,2.381247755746821,52.06544829902248,11582.4,20645.82054068687,211.58597,0.3010102255231866,0.5242823888129111,1.0,0.0,0.0,13.800033137066887
GC0_FL380,2022-03-01 01:28:00.000000000,2.5449008423555197,52.13822947261712,11582.4,20645.82054068687,211.44397,0.3162608498557488,0.5513380285131864,1.0,0.0,0.0,13.800027830685213
GC0_FL380,2022-03-01 01:29:00.000000000,2.7090885869023626,52.210783485473385,11582.4,20645.82054068687,211.35675,0.3283472926668266,0.5727235899195847,1.0,0.0,0.0,13.800022477008898
GC0_FL380,2022-03-01 01:30:00.000000000,2.873812452494847,52.283108999789214,11582.4,20645.82054068687,211.33768,0.3356995483318941,0.5856173805800312,1.0,0.0,0.0,13.800017076881304
GC0_FL380,2022-03-01 01:31:00.000000000,3.039073886492103,52.35520467179508,11582.4,20645.82054068687,211.35207,0.34062879214910835,0.5941623329441079,1.0,0.0,0.0,13.8000116311833
GC0_FL380,2022-03-01 01:32:00.000000000,3.204874320096632,52.42706915177804,11582.4,20645.82054068687,211.41608,0.3415478989507658,0.5955258135967498,1.0,0.0,0.0,13.80000614083744
GC0_FL380,2022-03-01 01:33:00.000000000,3.3712151679413354,52.498701084107154,11582.4,20645.82054068687,211.52795,0.33888835749840707,0.5904733119195242,1.0,0.0,0.0,13.800000606803097
GC0_FL380,2022-03-01 01:34:00.000000000,3.538097827671728,52.57009910726018,11582.4,20645.82054068687,211.645,0.3363765424138664,0.5856649065227374,1.0,0.0,0.0,13.799995030082775
GC0_FL380,2022-03-01 01:35:00.000000000,3.705523679523632,52.64126185385161,11582.4,20645.82054068687,211.76183,0.33297834885061567,0.5793216071393312,1.0,0.0,0.0,13.799989411721297
GC0_FL380,2022-03-01 01:36:00.000000000,3.8734940858960045,52.71218795066221,11582.4,20645.82054068687,211.86664,0.33009182685328897,0.573917656912164,1.0,0.0,0.0,13.799983752801687
GC0_FL380,2022-03-01 01:37:00.000000000,4.04201039091922,52.78287601866978,11582.4,20645.82054068687,211.94261,0.3284605831029247,0.5708076876248505,1.0,0.0,0.0,13.799978054452163
GC0_FL380,2022-03-01 01:38:00.000000000,4.211073920018708,52.853324673081396,11582.4,20645.82054068687,211.95616,0.3289645896530356,0.571634006912691,1.0,0.0,0.0,13.799972317845754
GC0_FL380,2022-03-01 01:39:00.000000000,4.380685979473958,52.92353252336716,11582.4,20645.82054068687,211.95612,0.32988772996614724,0.5732380681651065,1.0,0.0,0.0,13.79996654419649
GC0_FL380,2022-03-01 01:40:00.000000000,4.550847855972988,52.993498173295265,11582.4,20645.82054068687,211.92053,0.33203736015959073,0.577103830947488,1.0,0.0,0.0,13.799960734763747
GC0_FL380,2022-03-01 01:41:00.000000000,4.72156081616213,53.06322022096875,11582.4,20645.82054068687,211.81218,0.33636705436672243,0.5850300667314654,1.0,0.0,0.0,13.799954890854742
GC0_FL380,2022-03-01 01:42:00.000000000,4.892826106191535,53.13269725886355,11582.4,20645.82054068687,211.70047,0.34050573434567283,0.5926469554150423,1.0,0.0,0.0,13.80004369387429
GC0_FL380,2022-03-01 01:43:00.000000000,5.064648373766797,53.201926344915194,11582.4,20645.82054068687,211.58186,0.34428040414103595,0.5996653383787591,1.0,0.0,0.0,13.800040019521948
GC0_FL380,2022-03-01 01:44:00.000000000,5.237025480446346,53.270907542595175,11582.4,20645.82054068687,211.45045,0.34775944289824245,0.6062247152022197,1.0,0.0,0.0,13.800034486742401
GC0_FL380,2022-03-01 01:45:00.000000000,5.409958542016128,53.339639456889614,11582.4,20645.82054068687,211.2991,0.35047412441995346,0.6115374089380493,1.0,0.0,0.0,13.800028914083532
GC0_FL380,2022-03-01 01:46:00.000000000,5.583448717588524,53.40812065808024,11582.4,20645.82054068687,211.14037,0.35265248759129136,0.6159514025663251,1.0,0.0,0.0,13.80002330277767
GC0_FL380,2022-03-01 01:47:00.000000000,5.757497143428711,53.47634971103695,11582.4,20645.82054068687,210.9814,0.3547961574791904,0.6203089113467564,1.0,0.0,0.0,13.800017654102959
GC0_FL380,2022-03-01 01:48:00.000000000,5.932104932473757,53.54432517526539,11582.4,20645.82054068687,210.80962,0.35594404524781775,0.6229831057714998,1.0,0.0,0.0,13.800011969384423
GC0_FL380,2022-03-01 01:49:00.000000000,6.10727317384737,53.612045604956435,11582.4,20645.82054068687,210.6311,0.35642705145875897,0.6245184591401843,1.0,0.0,0.0,13.800006249993439
GC0_FL380,2022-03-01 01:50:00.000000000,6.283002932370696,53.679509549037114,11582.4,20645.82054068687,210.45428,0.3568555707608395,0.62595481597141,1.0,0.0,0.0,13.800000497350158
GC0_FL380,2022-03-01 01:51:00.000000000,6.459295248068937,53.746715551223396,11582.4,20645.82054068687,210.27167,0.3576632941371276,0.6280784707271629,1.0,0.0,0.0,13.799994712920459
GC0_FL380,2022-03-01 01:52:00.000000000,6.636151135673946,53.81366215007467,11582.4,20645.82054068687,210.09854,0.3580134695575369,0.629363407041491,1.0,0.0,0.0,13.799988898221487
GC0_FL380,2022-03-01 01:53:00.000000000,6.8135715841229665,53.88034787904993,11582.4,20645.82054068687,209.93944,0.3588055741666635,0.6313728116529014,1.0,0.0,0.0,13.799983054817007
GC0_FL380,2022-03-01 01:54:00.000000000,6.991557556053451,53.94677126656574,11582.4,20645.82054068687,209.8074,0.36059984383374627,0.635041482815319,1.0,0.0,0.0,13.79997718432221
GC0_FL380,2022-03-01 01:55:00.000000000,7.170109987294104,54.01293083605608,11582.4,20645.82054068687,209.70369,0.3624003773619512,0.6386168949317126,1.0,0.0,0.0,13.799971288402922
GC0_FL380,2022-03-01 01:56:00.000000000,7.349229786352257,54.07882510603384,11582.4,20645.82054068687,209.63147,0.36482018441854525,0.6431634403035408,1.0,0.0,0.0,13.799965368775869
GC0_FL380,2022-03-01 01:57:00.000000000,7.5289178338974985,54.144452590154366,11582.4,20645.82054068687,209.56673,0.367808929434314,0.6486866064903124,1.0,0.0,0.0,13.799959427205792
GC0_FL380,2022-03-01 01:58:00.000000000,7.709174982241969,54.20981179728059,11582.4,20645.82054068687,209.5253,0.37055042062488125,0.6536880010846404,1.0,0.0,0.0,13.799953465513312
GC0_FL380,2022-03-01 01:59:00.000000000,7.890002054816966,54.2749012315503,11582.4,20645.82054068687,209.51381,0.37341216131273663,0.6587807608410706,1.0,0.0,0.0,13.800044709298199
GC0_FL380,2022-03-01 02:00:00.000000000,8.07140336006643,54.3397177150441,11582.4,20645.82054068687,209.50484,0.37659473185501036,0.6644343766572147,1.0,0.0,0.0,13.800041165932434
GC0_FL380,2022-03-01 02:01:00.000000000,8.253376235746266,54.4042613638653,11582.4,20645.82054068687,209.51308,0.37931810988299036,0.6692040014161009,1.0,0.0,0.0,13.80003540717797
GC0_FL380,2022-03-01 02:02:00.000000000,8.435921335887098,54.46853070587913,11582.4,20645.82054068687,209.52934,0.38304596334409746,0.6757161958902621,1.0,0.0,0.0,13.800029620699759
GC0_FL380,2022-03-01 02:03:00.000000000,8.61903936252284,54.532524226953534,11582.4,20645.82054068687,209.54214,0.3877489080838717,0.6839584301564264,1.0,0.0,0.0,13.800023808234585
GC0_FL380,2022-03-01 02:04:00.000000000,8.802730986129248,54.5962404085977,11582.4,20645.82054068687,209.55342,0.39258531789701995,0.6924401894620781,1.0,0.0,0.0,13.80001797157137
GC0_FL380,2022-03-01 02:05:00.000000000,8.986996845082029,54.659677728041075,11582.4,20645.82054068687,209.55878,0.3974121404133479,0.7009302080556572,1.0,0.0,0.0,13.80001211255036
GC0_FL380,2022-03-01 02:06:00.000000000,9.171837545112288,54.72283465831418,11582.4,20645.82054068687,209.56996,0.4025126898321244,0.7098797114945531,1.0,0.0,0.0,13.800006233064313
GC0_FL380,2022-03-01 02:07:00.000000000,9.357253658759396,54.785709668331585,11582.4,20645.82054068687,209.5766,0.40701351431483407,0.7177887604038717,1.0,0.0,0.0,13.800000335060249
GC0_FL380,2022-03-01 02:08:00.000000000,9.543245724821515,54.84830122297688,11582.4,20645.82054068687,209.59369,0.40974714965458536,0.722536135763596,1.0,0.0,0.0,13.79999442053751
GC0_FL380,2022-03-01 02:09:00.000000000,9.729814247803706,54.91060778318973,11582.4,20645.82054068687,209.62573,0.4105187277754349,0.723754092245952,1.0,0.0,0.0,13.799988491549682
GC0_FL380,2022-03-01 02:10:00.000000000,9.916959697363977,54.97262780605501,11582.4,20645.82054068687,209.65463,0.4102973858314242,0.7232347347548362,1.0,0.0,0.0,6.1100550360113415
GC0_FL380,2022-03-01 02:10:26.566305980,10.0,55.0,11582.4,20645.82054068687,209.6561,0.4110875021332163,0.7246235476175137,1.0,0.0,0.0,0.0
NW150_FL380,2022-03-01 00:00:00.000000000,-10.000000000000002,45.00000000000001,11582.4,20645.82054068687,215.15063,0.16763021250468918,0.285266320368777,1.0,0.0,0.0,13.800014615529586
NW150_FL380,2022-03-01 00:01:00.000000000,-9.911943680217473,45.10739059751919,11582.4,20645.82054068687,215.22467,0.16250123300109653,0.2763996533135164,1.0,0.0,0.0,13.800013510743517
NW150_FL380,2022-03-01 00:02:00.000000000,-9.823535417039643,45.21470503205091,11582.4,20645.82054068687,215.30849,0.15787734319325472,0.2683830529067888,1.0,0.0,0.0,13.800012336604626
NW150_FL380,2022-03-01 00:03:00.000000000,-9.734752775491534,45.32193450949788,11582.4,20645.82054068687,215.36255,0.15444875088874827,0.26245834053081124,1.0,0.0,0.0,13.800011102228465
NW150_FL380,2022-03-01 00:04:00.000000000,-9.64557321962325,45.4290701602766,11582.4,20645.82054068687,215.39198,0.15093337634700016,0.25643385733960133,1.0,0.0,0.0,13.800009817596628
NW150_FL380,2022-03-01 00:05:00.000000000,-9.555974120765597,45.53610303447345,11582.4,20645.82054068687,215.41267,0.1479636537769341,0.2513523775438664,1.0,0.0,0.0,13.800008493466299
NW150_FL380,2022-03-01 00:06:00.000000000,-9.465932766099801,45.64302409705574,11582.4,20645.82054068687,215.41971,0.1458553743883846,0.24775904034746332,1.0,0.0,0.0,13.8000071412585
NW150_FL380,2022-03-01 00:07:00.000000000,-9.37542636757764,45.74982422315823,11582.4,20645.82054068687,215.43073,0.14372680238272875,0.24412603675640981,1.0,0.0,0.0,13.800005772917848
NW150_FL380,2022-03-01 00:08:00.000000000,-9.284432071228174,45.85649419346592,11582.4,20645.82054068687,215.40213,0.14115450343184377,0.23980268006609598,1.0,0.0,0.0,13.800004400762623
NW150_FL380,2022-03-01 00:09:00.000000000,-9.192926966886413,45.96302468971482,11582.4,20645.82054068687,215.35995,0.1383009539448009,0.2350224802228204,1.0,0.0,0.0,13.800003037318143
NW150_FL380,2022-03-01 00:10:00.000000000,-9.100888098379096,46.069406290332594,11582.4,20645.82054068687,215.29752,0.13549014157724942,0.2303431318008743,1.0,0.0,0.0,13.800001695131416
NW150_FL380,2022-03-01 00:11:00.000000000,-9.008292474201193,46.175629466241716,11582.4,20645.82054068687,215.23083,0.13303903928352565,0.2262776149058253,1.0,0.0,0.0,13.800000386583605
NW150_FL380,2022-03-01 00:12:00.000000000,-8.915117078716126,46.2816845768484,11582.4,20645.82054068687,215.17987,0.1303046821832621,0.22170317941245352,1.0,0.0,0.0,13.799999123681374
NW150_FL380,2022-03-01 00:13:00.000000000,-8.82133888391088,46.38756186624089,11582.4,20645.82054068687,215.16052,0.12750619253252585,0.21697046867842917,1.0,0.0,0.0,13.799997917859939
NW150_FL380,2022-03-01 00:14:00.000000000,-8.726934861735826,46.49325145962168,11582.4,20645.82054068687,215.15276,0.12496162440216571,0.21265167873924676,1.0,0.0,0.0,13.799996779771385
NW150_FL380,2022-03-01 00:15:00.000000000,-8.631881997057086,46.59874335999853,11582.4,20645.82054068687,215.22601,0.12103192482431296,0.20586213925751365,1.0,0.0,0.0,13.799995719077321
NW150_FL380,2022-03-01 00:16:00.000000000,-8.536157301247139,46.70402744515966,11582.4,20645.82054068687,215.31128,0.11685829845856568,0.19864926131720553,1.0,0.0,0.0,13.79999474425429
NW150_FL380,2022-03-01 00:17:00.000000000,-8.439737826436936,46.809093464959474,11582.4,20645.82054068687,215.41388,0.11243698806693075,0.19100035659660025,1.0,0.0,0.0,13.799993862396043
NW150_FL380,2022-03-01 00:18:00.000000000,-8.342600680450126,46.91393103894103,11582.4,20645.82054068687,215.51897,0.10798317720016289,0.18330416995633986,1.0,0.0,0.0,13.799993079039334
NW150_FL380,2022-03-01 00:19:00.000000000,-8.244723042436963,47.01852965432236,11582.4,20645.82054068687,215.60883,0.103862859690784,0.17620187005480809,1.0,0.0,0.0,13.79999239800333
NW150_FL380,2022-03-01 00:20:00.000000000,-8.146082179222427,47.12287866437407,11582.4,20645.82054068687,215.64249,0.10096877018484789,0.1712527742021558,1.0,0.0,0.0,13.799991821243808
NW150_FL380,2022-03-01 00:21:00.000000000,-8.046655462379125,47.22696728721557,11582.4,20645.82054068687,215.6674,0.09814732974897913,0.16643896263852437,1.0,0.0,0.0,13.79999134873503
NW150_FL380,2022-03-01 00:22:00.000000000,-7.946420386032092,47.33078460505782,11582.4,20645.82054068687,215.68372,0.09615280411604589,0.163038166817687,1.0,0.0,0.0,13.799990978379531
NW150_FL380,2022-03-01 00:23:00.000000000,-7.845354585398439,47.434319563920425,11582.4,20645.82054068687,215.69356,0.09436593739604532,0.15999783940018955,1.0,0.0,0.0,13.799990705942896
NW150_FL380,2022-03-01 00:24:00.000000000,-7.743435856059993,47.537560973850695,11582.4,20645.82054068687,215.69885,0.0927837046417389,0.15730965662034327,1.0,0.0,0.0,13.799990525026583
NW150_FL380,2022-03-01 00:25:00.000000000,-7.640642173962943,47.64049750967218,11582.4,20645.82054068687,215.71735,0.09140403769158785,0.15495072539207322,1.0,0.0,0.0,13.799990427059264
NW150_FL380,2022-03-01 00:26:00.000000000,-7.536951716133178,47.743117712289695,11582.4,20645.82054068687,215.73022,0.08997662832174487,0.15251758607323976,1.0,0.0,0.0,13.799990401351167
NW150_FL380,2022-03-01 00:27:00.000000000,-7.432342882090881,47.84540999057738,11582.4,20645.82054068687,215.75366,0.08870196082516524,0.150332885719856,1.0,0.0,0.0,13.799990435152703
NW150_FL380,2022-03-01 00:28:00.000000000,-7.32679431594254,47.94736262387532,11582.4,20645.82054068687,215.79004,0.0871426593660869,0.14765326452659608,1.0,0.0,0.0,13.799990513782763
NW150_FL380,2022-03-01 00:29:00.000000000,-7.220284929122936,48.04896376511957,11582.4,20645.82054068687,215.8382,0.08553948005191553,0.14488954295158532,1.0,0.0,0.0,13.799990620759637
NW150_FL380,2022-03-01 00:30:00.000000000,-7.112793923753648,48.15020144462874,11582.4,20645.82054068687,215.89534,0.08399523249452052,0.14221779508762367,1.0,0.0,0.0,13.799990738007454
NW150_FL380,2022-03-01 00:31:00.000000000,-7.00430081657882,48.251063574569415,11582.4,20645.82054068687,215.96371,0.08229480917224097,0.13927376249392093,1.0,0.0,0.0,13.799990846062991
NW150_FL380,2022-03-01 00:32:00.000000000,-6.894785463432784,48.351537954120296,11582.4,20645.82054068687,216.06082,0.08144315145607642,0.1377404665125664,1.0,0.0,0.0,13.79999092434128
NW150_FL380,2022-03-01 00:33:00.000000000,-6.784228084187853,48.45161227535354,11582.4,20645.82054068687,216.17554,0.08050502994352893,0.13604658511820195,1.0,0.0,0.0,13.79999095142065
NW150_FL380,2022-03-01 00:34:00.000000000,-6.672609288124424,48.55127412984912,11582.4,20645.82054068687,216.26465,0.08052184855037174,0.13599148018290802,1.0,0.0,0.0,13.799990905357314
NW150_FL380,2022-03-01 00:35:00.000000000,-6.559910099659522,48.650511016055766,11582.4,20645.82054068687,216.33699,0.08024674342626362,0.13545937650159814,1.0,0.0,0.0,13.799990764032621
NW150_FL380,2022-03-01 00:36:00.000000000,-6.446111984363311,48.74931034740906,11582.4,20645.82054068687,216.4093,0.07928681921921316,0.13377175080221845,1.0,0.0,0.0,13.799990505510175
NW150_FL380,2022-03-01 00:37:00.000000000,-6.331196875187807,48.84765946121438,11582.4,20645.82054068687,216.43016,0.07915854673864228,0.1335361537559534,1.0,0.0,0.0,13.799990108416592
NW150_FL380,2022-03-01 00:38:00.000000000,-6.215147198825244,48.94554562829887,11582.4,20645.82054068687,216.45438,0.07898875911146509,0.13322733413598656,1.0,0.0,0.0,13.799989552329267
NW150_FL380,2022-03-01 00:39:00.000000000,-6.097945902109083,49.04295606343325,11582.4,20645.82054068687,216.47813,0.07941607374288939,0.13392597085309643,1.0,0.0,0.0,13.799988818168638
NW150_FL380,2022-03-01 00:40:00.000000000,-5.979576478364332,49.13987793652022,11582.4,20645.82054068687,216.52275,0.07963455330978154,0.1342529852147323,1.0,0.0,0.0,13.799987888596085
NW150_FL380,2022-03-01 00:41:00.000000000,-5.860022993609616,49.23629838454239,11582.4,20645.82054068687,216.58015,0.07948901199973316,0.13395417875385185,1.0,0.0,0.0,13.799986748391927
NW150_FL380,2022-03-01 00:42:00.000000000,-5.739270112508919,49.33220452425832,11582.4,20645.82054068687,216.67448,0.07871935615964193,0.1325704308483645,1.0,0.0,0.0,13.799985384831924
NW150_FL380,2022-03-01 00:43:00.000000000,-5.617303123966524,49.42758346563079,11582.4,20645.82054068687,216.76305,0.07818100046978829,0.13158251733470733,1.0,0.0,0.0,13.799983788033904
NW150_FL380,2022-03-01 00:44:00.000000000,-5.4941079662560375,49.52242232596687,11582.4,20645.82054068687,216.84723,0.07729770351174542,0.13001917794097248,1.0,0.0,0.0,13.799981951284067
NW150_FL380,2022-03-01 00:45:00.000000000,-5.369671251570929,49.61670824474481,11582.4,20645.82054068687,216.90295,0.07678558016713646,0.1291077006649314,1.0,0.0,0.0,13.799979871326002
NW150_FL380,2022-03-01 00:46:00.000000000,-5.243980289882591,49.710428399097715,11582.4,20645.82054068687,216.95776,0.07627966946300019,0.12820784043569314,1.0,0.0,0.0,13.799977548611706
NW150_FL380,2022-03-01 00:47:00.000000000,-5.117023111990287,49.803570019919526,11582.4,20645.82054068687,216.96771,0.07608560643598074,0.1278731052103495,1.0,0.0,0.0,13.799974987505227
NW150_FL380,2022-03-01 00:48:00.000000000,-4.988788491647018,49.896120408553536,11582.4,20645.82054068687,216.94844,0.07628559008216765,0.12822641285089442,1.0,0.0,0.0,13.799972196443608
NW150_FL380,2022-03-01 00:49:00.000000000,-4.85926596664584,49.98806695401959,11582.4,20645.82054068687,216.92253,0.07746409595498016,0.13023083648198444,1.0,0.0,0.0,13.79996918802526
NW150_FL380,2022-03-01 00:50:00.000000000,-4.728445858752139,50.079397150730635,11582.4,20645.82054068687,216.86072,0.07858882701179282,0.13217847962286974,1.0,0.0,0.0,13.799965979069924
NW150_FL380,2022-03-01 00:51:00.000000000,-4.596319292369935,50.17009861664571,11582.4,20645.82054068687,216.79668,0.07931480161099384,0.1334592749287976,1.0,0.0,0.0,13.799962590579305
NW150_FL380,2022-03-01 00:52:00.000000000,-4.462878211833166,50.26015911180118,11582.4,20645.82054068687,216.72855,0.08018284926977963,0.1349841640649191,1.0,0.0,0.0,13.799959047664926
NW150_FL380,2022-03-01 00:53:00.000000000,-4.328115397217069,50.34956655715893,11582.4,20645.82054068687,216.64017,0.08136301498221575,0.13705492640735362,1.0,0.0,0.0,13.799955379398677
NW150_FL380,2022-03-01 00:54:00.000000000,-4.192024478569649,50.43830905370571,11582.4,20645.82054068687,216.55663,0.08246374757571805,0.1389900813650358,1.0,0.0,0.0,13.799951618596008
NW150_FL380,2022-03-01 00:55:00.000000000,-4.05459994846935,50.526374901734854,11582.4,20645.82054068687,216.48958,0.08362634377803349,0.14101495432505015,1.0,0.0,0.0,13.799947801542151
NW150_FL380,2022-03-01 00:56:00.000000000,-3.915837172821923,50.61375262023863,11582.4,20645.82054068687,216.43942,0.08469606425433494,0.14286848738909277,1.0,0.0,0.0,13.799961634315533
NW150_FL380,2022-03-01 00:57:00.000000000,-3.775730534366871,50.70042998100058,11582.4,20645.82054068687,216.38536,0.0857338995191354,0.14467345013625318,1.0,0.0,0.0,13.800015187556577
NW150_FL380,2022-03-01 00:58:00.000000000,-3.634272966085093,50.78639370865784,11582.4,20645.82054068687,216.37349,0.08678670399179282,0.1464617994008508,1.0,0.0,0.0,13.800009923240955
NW150_FL380,2022-03-01 00:59:00.000000000,-3.491468425213449,50.87163617748502,11582.4,20645.82054068687,216.38835,0.08747930969200979,0.14761532329626836,1.0,0.0,0.0,13.800004456466626
NW150_FL380,2022-03-01 01:00:00.000000000,-3.3473158711349957,50.956146985350514,11582.4,20645.82054068687,216.3942,0.08802862136586764,0.14853635236584994,1.0,0.0,0.0,13.799998839363584
NW150_FL380,2022-03-01 01:01:00.000000000,-3.201815162333295,51.03991604591398,11582.4,20645.82054068687,216.43547,0.08799860964212478,0.14844288844040088,1.0,0.0,0.0,13.799993126409735
NW150_FL380,2022-03-01 01:02:00.000000000,-3.0549670550937402,51.122933607024926,11582.4,20645.82054068687,216.50671,0.08749933763786391,0.14752805835899002,1.0,0.0,0.0,13.799987373795798
NW150_FL380,2022-03-01 01:03:00.000000000,-2.9067732000863327,51.20519026867862,11582.4,20645.82054068687,216.54959,0.08709776435791589,0.14680752833013577,1.0,0.0,0.0,13.799981638763203
NW150_FL380,2022-03-01 01:04:00.000000000,-2.75723613682413,51.28667700045241,11582.4,20645.82054068687,216.58168,0.08680556881399275,0.1462821602731698,1.0,0.0,0.0,13.799975978917063
NW150_FL380,2022-03-01 01:05:00.000000000,-2.6063592860038653,51.367385158347936,11582.4,20645.82054068687,216.61476,0.08662115380168246,0.14593810871750446,1.0,0.0,0.0,13.799970451534813
NW150_FL380,2022-03-01 01:06:00.000000000,-2.4541469397475377,51.44730650096773,11582.4,20645.82054068687,216.64117,0.08630489126275857,0.1453784238460008,1.0,0.0,0.0,13.799965112869177
NW150_FL380,2022-03-01 01:07:00.000000000,-2.300604249774821,51.526433204957165,11582.4,20645.82054068687,216.64793,0.0861185648199675,0.14505792322365843,1.0,0.0,0.0,13.799960017463881
NW150_FL380,2022-03-01 01:08:00.000000000,-2.145737213549071,51.60475787964777,11582.4,20645.82054068687,216.66121,0.08587974752826401,0.1446424046552334,1.0,0.0,0.0,13.799955217494318
NW150_FL380,2022-03-01 01:09:00.000000000,-1.9895526584501013,51.682273580841326,11582.4,20645.82054068687,216.64807,0.08587525694710023,0.14464763921630294,1.0,0.0,0.0,13.799950762132118
NW150_FL380,2022-03-01 01:10:00.000000000,-1.832058224038491,51.758973823679455,11582.4,20645.82054068687,216.60419,0.08588972229978012,0.14471639040788084,1.0,0.0,0.0,13.799946696952656
NW150_FL380,2022-03-01 01:11:00.000000000,-1.6732623424866224,51.83485259454882,11582.4,20645.82054068687,216.56226,0.08595094986763847,0.14486188667360192,1.0,0.0,0.0,13.799943063395368
NW150_FL380,2022-03-01 01:12:00.000000000,-1.513174217261294,51.909904361977446,11582.4,20645.82054068687,216.49248,0.08638292180457519,0.14566023311576107,1.0,0.0,0.0,13.799939898272926
NW150_FL380,2022-03-01 01:13:00.000000000,-1.3518038001522044,51.98412408648381,11582.4,20645.82054068687,216.39745,0.08714060807541107,0.14703499516615373,1.0,0.0,0.0,13.799939745243607
NW150_FL380,2022-03-01 01:14:00.000000000,-1.1891615462200298,52.057507082236924,11582.4,20645.82054068687,216.2926,0.08821259633989528,0.14895134288733353,1.0,0.0,0.0,13.800020924011612
NW150_FL380,2022-03-01 01:15:00.000000000,-1.0252518319892376,52.13004458185368,11582.4,20645.82054068687,216.16956,0.08963391131108145,0.15147978583233282,1.0,0.0,0.0,13.800013978858964
NW150_FL380,2022-03-01 01:16:00.000000000,-0.8600941937770141,52.20173800568454,11582.4,20645.82054068687,216.04977,0.09191896036539411,0.15546948135641098,1.0,0.0,0.0,13.800007477983955
NW150_FL380,2022-03-01 01:17:00.000000000,-0.6937013373187131,52.27258437763797,11582.4,20645.82054068687,215.92763,0.09445953690009201,0.15990047131026194,1.0,0.0,0.0,13.800001452770012
NW150_FL380,2022-03-01 01:18:00.000000000,-0.5260865789675423,52.34258124591907,11582.4,20645.82054068687,215.80211,0.09699766101568834,0.16433834851215395,1.0,0.0,0.0,13.799995928589095
NW150_FL380,2022-03-01 01:19:00.000000000,-0.35726381511859207,52.4117266860437,11582.4,20645.82054068687,215.68173,0.10051250205230494,0.17043306870474503,1.0,0.0,0.0,13.79999092471825
NW150_FL380,2022-03-01 01:20:00.000000000,-0.1872474908346242,52.480019302721765,11582.4,20645.82054068687,215.56104,0.10435036020043972,0.17708612125582007,1.0,0.0,0.0,13.799986454317708
NW150_FL380,2022-03-01 01:21:00.000000000,-0.0160525678074433,52.54745823062341,11582.4,20645.82054068687,215.44109,0.10868146988299066,0.18458661461293926,1.0,0.0,0.0,13.799982524503399
NW150_FL380,2022-03-01 01:22:00.000000000,0.15630550821031364,52.614043134048934,11582.4,20645.82054068687,215.35822,0.11329954222246373,0.1925381144277198,1.0,0.0,0.0,13.79997913648606
NW150_FL380,2022-03-01 01:23:00.000000000,0.329810840369795,52.67977420552756,11582.4,20645.82054068687,215.24512,0.11835986598160235,0.20129202556687364,1.0,0.0,0.0,13.799976285786364
NW150_FL380,2022-03-01 01:24:00.000000000,0.5044471139547051,52.74465216337665,11582.4,20645.82054068687,215.09712,0.12383970488280711,0.2108213694842328,1.0,0.0,0.0,13.799973962517008
NW150_FL380,2022-03-01 01:25:00.000000000,0.680197629744843,52.80867824825721,11582.4,20645.82054068687,214.991,0.12862981983511845,0.21913294098222108,1.0,0.0,0.0,13.799972151720771
NW150_FL380,2022-03-01 01:26:00.000000000,0.857045337388637,52.8718542187659,11582.4,20645.82054068687,214.85976,0.13397952744247704,0.22844737180740382,1.0,0.0,0.0,13.799970833761792
NW150_FL380,2022-03-01 01:27:00.000000000,1.034972868662569,52.93418234610838,11582.4,20645.82054068687,214.70331,0.14009501440078703,0.23912528465396024,1.0,0.0,0.0,13.799969984769
NW150_FL380,2022-03-01 01:28:00.000000000,1.2139625705007244,52.99566540790184,11582.4,20645.82054068687,214.53508,0.1469658201473043,0.25113449960713385,1.0,0.0,0.0,13.799969577100743
NW150_FL380,2022-03-01 01:29:00.000000000,1.3939965376829655,53.056306681157686,11582.4,20645.82054068687,214.32068,0.15460824800154005,0.2645705113408727,1.0,0.0,0.0,13.799969579857322
NW150_FL380,2022-03-01 01:30:00.000000000,1.5750566450764563,53.11610993449817,11582.4,20645.82054068687,214.07922,0.16321910365785977,0.279753070461272,1.0,0.0,0.0,13.799969959394309
NW150_FL380,2022-03-01 01:31:00.000000000,1.7571245793312809,53.17507941966272,11582.4,20645.82054068687,213.81963,0.1728857338094735,0.2968282568707606,1.0,0.0,0.0,13.799970679859165
NW150_FL380,2022-03-01 01:32:00.000000000,1.9401818699385918,53.23321986236095,11582.4,20645.82054068687,213.51125,0.18524559806348648,0.3186921570596759,1.0,0.0,0.0,13.799971703727884
NW150_FL380,2022-03-01 01:33:00.000000000,2.1242099195660367,53.29053645253109,11582.4,20645.82054068687,213.20192,0.1980411128018068,0.34139193507911425,1.0,0.0,0.0,13.799972992333837
NW150_FL380,2022-03-01 01:34:00.000000000,2.3091900335932243,53.34703483406254,11582.4,20645.82054068687,212.92072,0.21149844242939295,0.3652545823898674,1.0,0.0,0.0,13.799974506384897
NW150_FL380,2022-03-01 01:35:00.000000000,2.4951034487770922,53.402721094041766,11582.4,20645.82054068687,212.69208,0.22564661370466768,0.3902627375029183,1.0,0.0,0.0,13.799976206465772
NW150_FL380,2022-03-01 01:36:00.000000000,2.6819313609848683,53.457601751580526,11582.4,20645.82054068687,212.49202,0.2395138805682456,0.4147784797154881,1.0,0.0,0.0,13.799978053504757
NW150_FL380,2022-03-01 01:37:00.000000000,2.8696549519397707,53.511683746284476,11582.4,20645.82054068687,212.36372,0.2515011322008333,0.4358945837752906,1.0,0.0,0.0,13.799980009221503
NW150_FL380,2022-03-01 01:38:00.000000000,3.0582554149321086,53.56497442641937,11582.4,20645.82054068687,212.2867,0.2615820043009827,0.4535893666589528,1.0,0.0,0.0,13.799982036526542
NW150_FL380,2022-03-01 01:39:00.000000000,3.2477139794557783,53.61748153683056,11582.4,20645.82054068687,212.23813,0.27043544897235394,0.46908758290807734,1.0,0.0,0.0,13.799984099891018
NW150_FL380,2022-03-01 01:40:00.000000000,3.4380119347371982,53.6692132066701,11582.4,20645.82054068687,212.23796,0.2773707618195298,0.4811188562250151,1.0,0.0,0.0,13.799986165670656
NW150_FL380,2022-03-01 01:41:00.000000000,3.629130652131118,53.72017793698295,11582.4,20645.82054068687,212.23488,0.28415869194804233,0.4929014216448914,1.0,0.0,0.0,13.79998820237766
NW150_FL380,2022-03-01 01:42:00.000000000,3.821051606363487,53.770384588202695,11582.4,20645.82054068687,212.22757,0.2909964885538464,0.5047854394075347,1.0,0.0,0.0,13.799990180922991
NW150_FL380,2022-03-01 01:43:00.000000000,4.013756395608983,53.81984236760365,11582.4,20645.82054068687,212.21861,0.29777374549299623,0.5165722727955803,1.0,0.0,0.0,13.79999207479392
NW150_FL380,2022-03-01 01:44:00.000000000,4.207226760395775,53.868560816754226,11582.4,20645.82054068687,212.16675,0.3050281918106196,0.5293320233401134,1.0,0.0,0.0,13.79999386020077
NW150_FL380,2022-03-01 01:45:00.000000000,4.401444601336398,53.9165497990135,11582.4,20645.82054068687,212.0836,0.3144800567445352,0.5460220332787448,1.0,0.0,0.0,13.799995516168021
NW150_FL380,2022-03-01 01:46:00.000000000,4.59639199568854,53.96381948710966,11582.4,20645.82054068687,211.98538,0.3226589224101825,0.560572768891902,1.0,0.0,0.0,13.799997024593432
NW150_FL380,2022-03-01 01:47:00.000000000,4.792051212754257,54.01038035083665,11582.4,20645.82054068687,211.8745,0.3293268089988052,0.572559216698226,1.0,0.0,0.0,13.799998370255315
NW150_FL380,2022-03-01 01:48:00.000000000,4.988404728130883,54.05624314490155,11582.4,20645.82054068687,211.75316,0.3370889461401119,0.5865033752441411,1.0,0.0,0.0,13.799999540791967
NW150_FL380,2022-03-01 01:49:00.000000000,5.185435236830494,54.101418896952666,11582.4,20645.82054068687,211.68163,0.3393599770440322,0.5907237660272803,1.0,0.0,0.0,13.800000526639762
NW150_FL380,2022-03-01 01:50:00.000000000,5.383125665288684,54.14591889581483,11582.4,20645.82054068687,211.61827,0.34042181685596135,0.592808032388791,1.0,0.0,0.0,13.800001320950413
NW150_FL380,2022-03-01 01:51:00.000000000,5.581459182286482,54.18975467995547,11582.4,20645.82054068687,211.5726,0.34047425913773843,0.5930695771961005,1.0,0.0,0.0,13.800001919470516
NW150_FL380,2022-03-01 01:52:00.000000000,5.780419208811863,54.23293802620198,11582.4,20645.82054068687,211.51393,0.34128151581581984,0.5946954033703048,1.0,0.0,0.0,13.800002320404134
NW150_FL380,2022-03-01 01:53:00.000000000,5.979989426890096,54.27548093872749,11582.4,20645.82054068687,211.43683,0.3424626095409984,0.5970437257596232,1.0,0.0,0.0,13.800002524262844
NW150_FL380,2022-03-01 01:54:00.000000000,6.180153787413816,54.31739563831984,11582.4,20645.82054068687,211.25595,0.34417712905882436,0.6007119979619415,1.0,0.0,0.0,13.800002533692991
NW150_FL380,2022-03-01 01:55:00.000000000,6.3808965170056196,54.35869455194499,11582.4,20645.82054068687,211.04498,0.34615446330901056,0.6049602579084072,1.0,0.0,0.0,13.800002353293928
NW150_FL380,2022-03-01 01:56:00.000000000,6.5822021239473365,54.399390302613654,11582.4,20645.82054068687,210.79706,0.34847952159628676,0.6099673047529586,1.0,0.0,0.0,13.80000198943833
NW150_FL380,2022-03-01 01:57:00.000000000,6.784055403211021,54.4394956995573,11582.4,20645.82054068687,210.51482,0.3514540360354035,0.6162477831870748,1.0,0.0,0.0,13.800001450080874
NW150_FL380,2022-03-01 01:58:00.000000000,6.986441440627737,54.479023728716754,11582.4,20645.82054068687,210.20401,0.35561286998227315,0.6247380349582783,1.0,0.0,0.0,13.800000744570198
NW150_FL380,2022-03-01 01:59:00.000000000,7.18934561623043,54.51798754354435,11582.4,20645.82054068687,209.95685,0.36113211473300616,0.635397171746673,1.0,0.0,0.0,13.799999883471097
NW150_FL380,2022-03-01 02:00:00.000000000,7.392753606807693,54.55640045611831,11582.4,20645.82054068687,209.75706,0.36611590615690937,0.6449529418257409,1.0,0.0,0.0,13.799998878381079
NW150_FL380,2022-03-01 02:01:00.000000000,7.596651387704953,54.594275928565615,11582.4,20645.82054068687,209.62213,0.3704430685630728,0.6531126891867897,1.0,0.0,0.0,13.799997741767196
NW150_FL380,2022-03-01 02:02:00.000000000,7.801025233909899,54.63162756478736,11582.4,20645.82054068687,209.5474,0.3739986292044663,0.6596826725473839,1.0,0.0,0.0,13.799996486806835
NW150_FL380,2022-03-01 02:03:00.000000000,8.005861720458118,54.66846910247922,11582.4,20645.82054068687,209.47406,0.3773687638384743,0.6659244203842428,1.0,0.0,0.0,13.799995127240448
NW150_FL380,2022-03-01 02:04:00.000000000,8.21114772219488,54.70481440543687,11582.4,20645.82054068687,209.48145,0.379861482596377,0.6702915052671264,1.0,0.0,0.0,13.799993677240758
NW150_FL380,2022-03-01 02:05:00.000000000,8.416870412928134,54.74067745613532,11582.4,20645.82054068687,209.48058,0.38231272127521715,0.6746212054054197,1.0,0.0,0.0,13.799992151289874
NW150_FL380,2022-03-01 02:06:00.000000000,8.623017264007114,54.77607234856892,11582.4,20645.82054068687,209.48741,0.3863391188974483,0.6816973334164673,1.0,0.0,0.0,13.799990564074568
NW150_FL380,2022-03-01 02:07:00.000000000,8.829576042360262,54.81101328133762,11582.4,20645.82054068687,209.50473,0.39150782763714076,0.690745670763161,1.0,0.0,0.0,13.799988930389441
NW150_FL380,2022-03-01 02:08:00.000000000,9.036534808025143,54.845514550963514,11582.4,20645.82054068687,209.52293,0.39673549254413804,0.6998910022529697,1.0,0.0,0.0,13.799987265057572
NW150_FL380,2022-03-01 02:09:00.000000000,9.243881911202225,54.87959054542058,11582.4,20645.82054068687,209.53632,0.403212070226493,0.7112573367386728,1.0,0.0,0.0,13.799985582857834
NW150_FL380,2022-03-01 02:10:00.000000000,9.451605988863491,54.91325573785914,11582.4,20645.82054068687,209.55188,0.40792047166290074,0.7194955813541615,1.0,0.0,0.0,13.799983898464221
NW150_FL380,2022-03-01 02:11:00.000000000,9.659695960945642,54.94652468050605,11582.4,20645.82054068687,209.58513,0.4103395148390907,0.7236171855963484,1.0,0.0,0.0,13.799982226394873
NW150_FL380,2022-03-01 02:12:00.000000000,9.868141026157087,54.97941199871997,11582.4,20645.82054068687,209.62508,0.4111146819699525,0.7248066824212962,1.0,0.0,0.0,8.717907553283178
NW150_FL380,2022-03-01 02:12:37.904240283,10.0,55.0,11582.4,20645.82054068687,209.6459,0.4115850725094853,0.7255433580200686,1.0,0.0,0.0,0.0
NW300_FL380,2022-03-01 00:00:00.000000000,-10.000000000000002,45.00000000000001,11582.4,20645.82054068687,215.15063,0.16763021250468918,0.285266320368777,1.0,0.0,0.0,13.800034843118594
NW300_FL380,2022-03-01 00:01:00.000000000,-9.948323151402047,45.11861698721326,11582.4,20645.82054068687,215.3001,0.1599983634095936,0.2720039629158835,1.0,0.0,0.0,13.800006665435859
NW300_FL380,2022-03-01 00:02:00.000000000,-9.896402137726424,45.2372040256995,11582.4,20645.82054068687,215.45433,0.15291754636085486,0.2596948072106573,1.0,0.0,0.0,13.799977763173437
NW300_FL380,2022-03-01 00:03:00.000000000,-9.844205048187119,45.355754336568715,11582.4,20645.82054068687,215.55966,0.14781874879025034,0.25085620277186127,1.0,0.0,0.0,13.800003201880159
NW300_FL380,2022-03-01 00:04:00.000000000,-9.79169221545635,45.47425993803365,11582.4,20645.82054068687,215.66188,0.14305684737141,0.24260657820688872,1.0,0.0,0.0,13.800019831035982
NW300_FL380,2022-03-01 00:05:00.000000000,-9.73883020753365,45.592713564836444,11582.4,20645.82054068687,215.72983,0.13902693396652488,0.2356625182446706,1.0,0.0,0.0,13.799990542186567
NW300_FL380,2022-03-01 00:06:00.000000000,-9.68559173693477,45.711108893423734,11582.4,20645.82054068687,215.78465,0.1351429202022935,0.228993029022792,1.0,0.0,0.0,13.799966575556896
NW300_FL380,2022-03-01 00:07:00.000000000,-9.631942676019541,45.82943851868831,11582.4,20645.82054068687,215.82294,0.13137741297514782,0.22255405834359862,1.0,0.0,0.0,13.800034470564826
NW300_FL380,2022-03-01 00:08:00.000000000,-9.577832641962,45.94769216492699,11582.4,20645.82054068687,215.85176,0.12768804661253866,0.21626199626522885,1.0,0.0,0.0,13.800004853679956
NW300_FL380,2022-03-01 00:09:00.000000000,-9.523242741476356,46.0658646319852,11582.4,20645.82054068687,215.86296,0.12414931424777344,0.2102522030469741,1.0,0.0,0.0,13.799975174589125
NW300_FL380,2022-03-01 00:10:00.000000000,-9.468138670649463,46.1839481275579,11582.4,20645.82054068687,215.85382,0.12060607067722524,0.2042644680950428,1.0,0.0,0.0,13.799996337513656
NW300_FL380,2022-03-01 00:11:00.000000000,-9.412475134560134,46.30193273606196,11582.4,20645.82054068687,215.84515,0.11724609171432779,0.19858543701778586,1.0,0.0,0.0,13.80002177829723
NW300_FL380,2022-03-01 00:12:00.000000000,-9.356214232217248,46.41980959140651,11582.4,20645.82054068687,215.84424,0.11409171484616583,0.19324443785462125,1.0,0.0,0.0,13.799991978487872
NW300_FL380,2022-03-01 00:13:00.000000000,-9.299331078055891,46.53757207105862,11582.4,20645.82054068687,215.86617,0.11068369672996642,0.18744318756065115,1.0,0.0,0.0,13.79996288903523
NW300_FL380,2022-03-01 00:14:00.000000000,-9.2417896335749,46.65521139046437,11582.4,20645.82054068687,215.93687,0.1065139792826244,0.18029454553790694,1.0,0.0,0.0,13.800017586397669
NW300_FL380,2022-03-01 00:15:00.000000000,-9.183533336757865,46.77271458254579,11582.4,20645.82054068687,216.02118,0.1023410643150709,0.1731310010804161,1.0,0.0,0.0,13.800012642606154
NW300_FL380,2022-03-01 00:16:00.000000000,-9.124537269676559,46.8900744241367,11582.4,20645.82054068687,216.14061,0.09823814887612861,0.166053738914071,1.0,0.0,0.0,13.799983478538548
NW300_FL380,2022-03-01 00:17:00.000000000,-9.06476959695927,47.00728223711839,11582.4,20645.82054068687,216.25577,0.09432730047274457,0.15931682979724368,1.0,0.0,0.0,13.799955874461615
NW300_FL380,2022-03-01 00:18:00.000000000,-9.004192371172094,47.124327917170994,11582.4,20645.82054068687,216.36267,0.09157452425064655,0.15455326955868637,1.0,0.0,0.0,13.800022795812414
NW300_FL380,2022-03-01 00:19:00.000000000,-8.942742331284771,47.241195837621795,11582.4,20645.82054068687,216.46797,0.08879267144108649,0.14974891854894276,1.0,0.0,0.0,13.80000943014113
NW300_FL380,2022-03-01 00:20:00.000000000,-8.880399361758288,47.35787881023055,11582.4,20645.82054068687,216.5635,0.08684045772659832,0.1463594239404832,1.0,0.0,0.0,13.79998144097103
NW300_FL380,2022-03-01 00:21:00.000000000,-8.81712804662872,47.47436632203423,11582.4,20645.82054068687,216.63818,0.08502530090169529,0.1432260009014666,1.0,0.0,0.0,13.799955751288898
NW300_FL380,2022-03-01 00:22:00.000000000,-8.752888484884062,47.59064660231162,11582.4,20645.82054068687,216.6994,0.08367889508082063,0.14089807297267234,1.0,0.0,0.0,13.79999974357544
NW300_FL380,2022-03-01 00:23:00.000000000,-8.687621184744504,47.70670318021615,11582.4,20645.82054068687,216.7659,0.08224605164139549,0.13842115967049656,1.0,0.0,0.0,13.800014603485252
NW300_FL380,2022-03-01 00:24:00.000000000,-8.6212916133352,47.822524520353284,11582.4,20645.82054068687,216.81891,0.08114579496552798,0.13651906602360697,1.0,0.0,0.0,13.799987752859257
NW300_FL380,2022-03-01 00:25:00.000000000,-8.553869741791866,47.93809981100981,11582.4,20645.82054068687,216.85695,0.08033092619710899,0.13511206869150924,1.0,0.0,0.0,13.79996366704769
NW300_FL380,2022-03-01 00:26:00.000000000,-8.485313856181833,48.05341525950304,11582.4,20645.82054068687,216.88622,0.07961137959135499,0.1338745950893298,1.0,0.0,0.0,13.799942842235483
NW300_FL380,2022-03-01 00:27:00.000000000,-8.415581801578655,48.16845651097662,11582.4,20645.82054068687,216.91373,0.07901859023346192,0.13285211482536155,1.0,0.0,0.0,13.800016914087612
NW300_FL380,2022-03-01 00:28:00.000000000,-8.344603841813232,48.28320205518647,11582.4,20645.82054068687,216.91808,0.07884619925520252,0.1325583607644943,1.0,0.0,0.0,13.800004972425114
NW300_FL380,2022-03-01 00:29:00.000000000,-8.272359617391693,48.397641532390416,11582.4,20645.82054068687,216.89882,0.07906697319301069,0.13294776559475496,1.0,0.0,0.0,13.799981440007572
NW300_FL380,2022-03-01 00:30:00.000000000,-8.198809767667017,48.511759680983936,11582.4,20645.82054068687,216.88744,0.07922394488434267,0.13322229624923204,1.0,0.0,0.0,13.799961128930406
NW300_FL380,2022-03-01 00:31:00.000000000,-8.123910851857396,48.62553969747014,11582.4,20645.82054068687,216.87502,0.07957574082595882,0.1338252196015128,1.0,0.0,0.0,13.79994434951923
NW300_FL380,2022-03-01 00:32:00.000000000,-8.047619175060253,48.73896411389615,11582.4,20645.82054068687,216.85973,0.08024632190978259,0.13496761016233097,1.0,0.0,0.0,13.799949522704459
NW300_FL380,2022-03-01 00:33:00.000000000,-7.969885434552368,48.85201334557368,11582.4,20645.82054068687,216.90794,0.07926864996379437,0.13327789421845027,1.0,0.0,0.0,13.800014181102688
NW300_FL380,2022-03-01 00:34:00.000000000,-7.890648069563789,48.96466371012504,11582.4,20645.82054068687,216.98831,0.07767704729283817,0.13052875852334292,1.0,0.0,0.0,13.799992650903825
NW300_FL380,2022-03-01 00:35:00.000000000,-7.809886021383044,49.076901625594274,11582.4,20645.82054068687,217.09883,0.07587349739630275,0.12739909840060018,1.0,0.0,0.0,13.799974108707389
NW300_FL380,2022-03-01 00:36:00.000000000,-7.727555347093408,49.1887068387166,11582.4,20645.82054068687,217.22754,0.07399190616494544,0.12412748523671692,1.0,0.0,0.0,13.799958655833514
NW300_FL380,2022-03-01 00:37:00.000000000,-7.643612181951804,49.30005836390617,11582.4,20645.82054068687,217.38235,0.07202093893882673,0.12068966914192486,1.0,0.0,0.0,13.799946336900428
NW300_FL380,2022-03-01 00:38:00.000000000,-7.558012825338964,49.41093447592809,11582.4,20645.82054068687,217.56448,0.06980641093082673,0.11682792579409569,1.0,0.0,0.0,13.799937139245799
NW300_FL380,2022-03-01 00:39:00.000000000,-7.470713833585899,49.52131270557739,11582.4,20645.82054068687,217.76149,0.06747032322532254,0.1127602666898579,1.0,0.0,0.0,13.799930993467326
NW300_FL380,2022-03-01 00:40:00.000000000,-7.381672119623329,49.63116983869982,11582.4,20645.82054068687,217.99435,0.0646256106635552,0.10782686484980382,1.0,0.0,0.0,13.799935080408797
NW300_FL380,2022-03-01 00:41:00.000000000,-7.290842991180416,49.740481273968314,11582.4,20645.82054068687,218.22452,0.062076252076808815,0.1034027179189895,1.0,0.0,0.0,13.79999350665374
NW300_FL380,2022-03-01 00:42:00.000000000,-7.198169519410879,49.84921753340485,11582.4,20645.82054068687,218.42094,0.05969590561817731,0.09929720579011811,1.0,0.0,0.0,13.799978927303988
NW300_FL380,2022-03-01 00:43:00.000000000,-7.103628498314238,49.95735875096998,11582.4,20645.82054068687,218.60957,0.05750667415589762,0.0955253052387574,1.0,0.0,0.0,13.799966433137888
NW300_FL380,2022-03-01 00:44:00.000000000,-7.0071795140932345,50.06487885572919,11582.4,20645.82054068687,218.75171,0.05582431064517743,0.0926349912195772,1.0,0.0,0.0,13.79995586908043
NW300_FL380,2022-03-01 00:45:00.000000000,-6.9087830925656055,50.171751090152405,11582.4,20645.82054068687,218.84889,0.05447720101831227,0.09033613539463799,1.0,0.0,0.0,13.799947052381834
NW300_FL380,2022-03-01 00:46:00.000000000,-6.808400832996052,50.27794803570585,11582.4,20645.82054068687,218.91681,0.053416251503978524,0.08853289764930455,1.0,0.0,0.0,13.799939778560672
NW300_FL380,2022-03-01 00:47:00.000000000,-6.705995546066805,50.38344164394248,11582.4,20645.82054068687,218.92035,0.05282539290233622,0.08755133608933133,1.0,0.0,0.0,13.799933827852389
NW300_FL380,2022-03-01 00:48:00.000000000,-6.601531395219343,50.48820327332102,11582.4,20645.82054068687,218.90564,0.05241019467321156,0.0868725831136767,1.0,0.0,0.0,13.799928972027583
NW300_FL380,2022-03-01 00:49:00.000000000,-6.494974040497284,50.592203731941304,11582.4,20645.82054068687,218.88469,0.05205714733438657,0.0863004206565494,1.0,0.0,0.0,13.799924981403041
NW300_FL380,2022-03-01 00:50:00.000000000,-6.386290783920157,50.69541332633463,11582.4,20645.82054068687,218.85822,0.051770559196536635,0.08584199114286031,1.0,0.0,0.0,13.799921631877607
NW300_FL380,2022-03-01 00:51:00.000000000,-6.2754507153220995,50.797801916390625,11582.4,20645.82054068687,218.84863,0.05137908649104844,0.08519866292241535,1.0,0.0,0.0,13.799918711778243
NW300_FL380,2022-03-01 00:52:00.000000000,-6.162424857501622,50.89933897643868,11582.4,20645.82054068687,218.8495,0.05095987245126528,0.08450307067966398,1.0,0.0,0.0,13.799916028361567
NW300_FL380,2022-03-01 00:53:00.000000000,-6.0471863094495175,50.99999366243146,11582.4,20645.82054068687,218.8562,0.05050379054074507,0.08374276522550575,1.0,0.0,0.0,13.799913413752241
NW300_FL380,2022-03-01 00:54:00.000000000,-5.929710386355748,51.099734885102215,11582.4,20645.82054068687,218.87772,0.04997436010946224,0.08285191636241501,1.0,0.0,0.0,13.799910730138198
NW300_FL380,2022-03-01 00:55:00.000000000,-5.8099747550443395,51.19853138888636,11582.4,20645.82054068687,218.90228,0.049400379501229365,0.08188556296256713,1.0,0.0,0.0,13.799907874076975
NW300_FL380,2022-03-01 00:56:00.000000000,-5.687959563450105,51.296351836313654,11582.4,20645.82054068687,218.9276,0.04883811124697947,0.0809387085068008,1.0,0.0,0.0,13.79990477972228
NW300_FL380,2022-03-01 00:57:00.000000000,-5.56364756273571,51.39316489749046,11582.4,20645.82054068687,218.95824,0.04825700616016219,0.07995770746415527,1.0,0.0,0.0,13.799901420893251
NW300_FL380,2022-03-01 00:58:00.000000000,-5.4370242206528845,51.48893934420452,11582.4,20645.82054068687,218.98863,0.047718965734721536,0.07904884393084992,1.0,0.0,0.0,13.799897811846515
NW300_FL380,2022-03-01 00:59:00.000000000,-5.308077824779514,51.583644148098536,11582.4,20645.82054068687,219.00192,0.04747400979287826,0.07863537861704893,1.0,0.0,0.0,13.799894006728076
NW300_FL380,2022-03-01 01:00:00.000000000,-5.176799574316013,51.67724858227623,11582.4,20645.82054068687,219.03285,0.04711111065525719,0.0780168050425994,1.0,0.0,0.0,13.799890097668875
NW300_FL380,2022-03-01 01:01:00.000000000,-5.043183659200432,51.76972232562682,11582.4,20645.82054068687,219.07455,0.04671305179848476,0.07733396524563982,1.0,0.0,0.0,13.799886211544619
NW300_FL380,2022-03-01 01:02:00.000000000,-4.907227325401263,51.8610355690834,11582.4,20645.82054068687,219.10687,0.04639839250739822,0.07679490707967983,1.0,0.0,0.0,13.799882505488926
NW300_FL380,2022-03-01 01:03:00.000000000,-4.768930925370678,51.95115912296934,11582.4,20645.82054068687,219.14044,0.04607464910369187,0.07624041899691886,1.0,0.0,0.0,13.799879161238978
NW300_FL380,2022-03-01 01:04:00.000000000,-4.628297952786058,52.04006452453659,11582.4,20645.82054068687,219.17146,0.045797581998340574,0.07576463343136507,1.0,0.0,0.0,13.79987637850337
NW300_FL380,2022-03-01 01:05:00.000000000,-4.485335060872928,52.127724144762055,11582.4,20645.82054068687,219.1938,0.045602098754138405,0.07542887542107965,1.0,0.0,0.0,13.799874367506506
NW300_FL380,2022-03-01 01:06:00.000000000,-4.340052063785224,52.214111293444496,11582.4,20645.82054068687,219.20346,0.0456210860271615,0.07545485951580772,1.0,0.0,0.0,13.799875260345667
NW300_FL380,2022-03-01 01:07:00.000000000,-4.192461576710146,52.299200123019176,11582.4,20645.82054068687,219.19678,0.04574845210269512,0.07566928908897057,1.0,0.0,0.0,13.799958362399373
NW300_FL380,2022-03-01 01:08:00.000000000,-4.042565505808821,52.382957721133714,11582.4,20645.82054068687,219.16795,0.04604623575743224,0.07617792682395436,1.0,0.0,0.0,13.79994634307932
NW300_FL380,2022-03-01 01:09:00.000000000,-3.8903976137133776,52.4653690353782,11582.4,20645.82054068687,219.15276,0.04632305224404644,0.07664449134903902,1.0,0.0,0.0,13.799934758524605
NW300_FL380,2022-03-01 01:10:00.000000000,-3.7359801900362437,52.5464122011229,11582.4,20645.82054068687,219.14886,0.046526631391194964,0.07698356812824515,1.0,0.0,0.0,13.799923893437573
NW300_FL380,2022-03-01 01:11:00.000000000,-3.5793384277428935,52.62606676530347,11582.4,20645.82054068687,219.16248,0.046598752454001045,0.07709509687739463,1.0,0.0,0.0,13.799914005702364
NW300_FL380,2022-03-01 01:12:00.000000000,-3.420500321548006,52.70431376094036,11582.4,20645.82054068687,219.19046,0.046565702621854506,0.07702452185788189,1.0,0.0,0.0,13.799905318758915
NW300_FL380,2022-03-01 01:13:00.000000000,-3.2594965516209413,52.78113577383572,11582.4,20645.82054068687,219.2323,0.04642450392808433,0.07676744581009881,1.0,0.0,0.0,13.799898015093248
NW300_FL380,2022-03-01 01:14:00.000000000,-3.0963603537213,52.85651700087687,11582.4,20645.82054068687,219.2409,0.04658954668233346,0.07703552600485744,1.0,0.0,0.0,13.799892231080968
NW300_FL380,2022-03-01 01:15:00.000000000,-2.93112737703906,52.93044329948208,11582.4,20645.82054068687,219.24313,0.046838541425436794,0.07744588319420162,1.0,0.0,0.0,13.79988805331851
NW300_FL380,2022-03-01 01:16:00.000000000,-2.7638355311439367,53.00290222783783,11582.4,20645.82054068687,219.23112,0.04723428371581612,0.07810726025964784,1.0,0.0,0.0,13.799885516550193
NW300_FL380,2022-03-01 01:17:00.000000000,-2.594524823554262,53.07388307569488,11582.4,20645.82054068687,219.18365,0.04784648301125129,0.07914708043625546,1.0,0.0,0.0,13.799884603266875
NW300_FL380,2022-03-01 01:18:00.000000000,-2.4232371895126836,53.14337688560977,11582.4,20645.82054068687,219.13013,0.04853960988050238,0.08032516643130093,1.0,0.0,0.0,13.799885244947372
NW300_FL380,2022-03-01 01:19:00.000000000,-2.250016315606625,53.21137646463753,11582.4,20645.82054068687,219.06967,0.04932819264441855,0.08166602850762612,1.0,0.0,0.0,13.799887324900999
NW300_FL380,2022-03-01 01:20:00.000000000,-2.0749074588928185,53.277876386596866,11582.4,20645.82054068687,219.02388,0.049934725525117706,0.08269797868538552,1.0,0.0,0.0,13.799890682600761
NW300_FL380,2022-03-01 01:21:00.000000000,-1.8979572631798203,53.34287298513899,11582.4,20645.82054068687,218.99478,0.05041931618835019,0.08351825617686486,1.0,0.0,0.0,13.799895119344866
NW300_FL380,2022-03-01 01:22:00.000000000,-1.719213574090673,53.406364337953896,11582.4,20645.82054068687,218.97173,0.050880858235469735,0.08429693400886824,1.0,0.0,0.0,13.799900405062836
NW300_FL380,2022-03-01 01:23:00.000000000,-1.538725254472115,53.46835024254097,11582.4,20645.82054068687,218.96742,0.0512464670854043,0.0849053681312035,1.0,0.0,0.0,13.79990628602072
NW300_FL380,2022-03-01 01:24:00.000000000,-1.356542001638573,53.52883218405242,11582.4,20645.82054068687,218.93896,0.051891153000181885,0.0859913148313667,1.0,0.0,0.0,13.79991249319038
NW300_FL380,2022-03-01 01:25:00.000000000,-1.172714167843412,53.58781329578929,11582.4,20645.82054068687,218.86958,0.05294943723091395,0.08778942024621633,1.0,0.0,0.0,13.799918750991056
NW300_FL380,2022-03-01 01:26:00.000000000,-0.9872925852565602,53.64529831298643,11582.4,20645.82054068687,218.75296,0.054554945210512296,0.09052802941846828,1.0,0.0,0.0,13.799924786167315
NW300_FL380,2022-03-01 01:27:00.000000000,-0.800328396603329,53.7012935205683,11582.4,20645.82054068687,218.5863,0.0567515621842092,0.09428698311599527,1.0,0.0,0.0,13.79993033648061
NW300_FL380,2022-03-01 01:28:00.000000000,-0.6118728924847379,53.75580669558846,11582.4,20645.82054068687,218.39848,0.05931891189361383,0.0986859479826339,1.0,0.0,0.0,13.799935159022626
NW300_FL380,2022-03-01 01:29:00.000000000,-0.42197735625945404,53.80884704508488,11582.4,20645.82054068687,218.17232,0.062316511073617666,0.10384158351850398,1.0,0.0,0.0,13.799939037850189
NW300_FL380,2022-03-01 01:30:00.000000000,-0.23069291722504956,53.86042514008997,11582.4,20645.82054068687,217.9141,0.06588867083110023,0.10999718548754636,1.0,0.0,0.0,13.79994179078318
NW300_FL380,2022-03-01 01:31:00.000000000,-0.03807041269302599,53.910552846529505,11582.4,20645.82054068687,217.64297,0.06993681026236662,0.1169808348689783,1.0,0.0,0.0,13.799943275155096
NW300_FL380,2022-03-01 01:32:00.000000000,0.1558397405871601,53.95924325373014,11582.4,20645.82054068687,217.33781,0.07442623996636387,0.12475912866594507,1.0,0.0,0.0,13.799943392385876
NW300_FL380,2022-03-01 01:33:00.000000000,0.35098766533486897,54.00651060123104,11582.4,20645.82054068687,217.02496,0.07933357216314477,0.1332779925771013,1.0,0.0,0.0,13.799942091276058
NW300_FL380,2022-03-01 01:34:00.000000000,0.5473241327828376,54.05237020456364,11582.4,20645.82054068687,216.72014,0.08447508855491019,0.14221825251601297,1.0,0.0,0.0,13.799939369947783
NW300_FL380,2022-03-01 01:35:00.000000000,0.7448006617853401,54.09683838062501,11582.4,20645.82054068687,216.44347,0.08931285986445527,0.1506519496753234,1.0,0.0,0.0,13.79993527641069
NW300_FL380,2022-03-01 01:36:00.000000000,0.943369608024376,54.139932373227055,11582.4,20645.82054068687,216.18481,0.09437984924319415,0.15948343973198512,1.0,0.0,0.0,13.799929907760507
NW300_FL380,2022-03-01 01:37:00.000000000,1.142984243446075,54.18167027935618,11582.4,20645.82054068687,215.94823,0.09922823140251288,0.1679492043408663,1.0,0.0,0.0,13.799923408062723
NW300_FL380,2022-03-01 01:38:00.000000000,1.3435988261461758,54.22207097662803,11582.4,20645.82054068687,215.71419,0.10437874559435051,0.17694952369728656,1.0,0.0,0.0,13.799915964977409
NW300_FL380,2022-03-01 01:39:00.000000000,1.545168660997899,54.26115405237014,11582.4,20645.82054068687,215.47426,0.11012337014712212,0.18699315751171658,1.0,0.0,0.0,13.799907805259913
NW300_FL380,2022-03-01 01:40:00.000000000,1.7476501513793214,54.298939734713336,11582.4,20645.82054068687,215.23334,0.11622695477044515,0.19768020801917283,1.0,0.0,0.0,13.799905225618216
NW300_FL380,2022-03-01 01:41:00.000000000,1.951001321706038,54.3354480988425,11582.4,20645.82054068687,214.96124,0.12428324397787144,0.21177005112572683,1.0,0.0,0.0,13.80003550067695
NW300_FL380,2022-03-01 01:42:00.000000000,2.1551912888926434,54.370684072582705,11582.4,20645.82054068687,214.6803,0.1331104407084587,0.22723871916811295,1.0,0.0,0.0,13.80001194060027
NW300_FL380,2022-03-01 01:43:00.000000000,2.3601687814981553,54.404685818447064,11582.4,20645.82054068687,214.4021,0.14290867524726514,0.24441797144298863,1.0,0.0,0.0,13.799988050689471
NW300_FL380,2022-03-01 01:44:00.000000000,2.5658948749977406,54.43747558046449,11582.4,20645.82054068687,214.13103,0.15353842943326843,0.2630702944995176,1.0,0.0,0.0,13.799964294443889
NW300_FL380,2022-03-01 01:45:00.000000000,2.772331890772268,54.46907594249486,11582.4,20645.82054068687,213.87616,0.16489470356060784,0.283003310109567,1.0,0.0,0.0,13.79994113566568
NW300_FL380,2022-03-01 01:46:00.000000000,2.9794434044374127,54.49950977601977,11582.4,20645.82054068687,213.69864,0.17549357770481028,0.301545044336215,1.0,0.0,0.0,13.799919029035573
NW300_FL380,2022-03-01 01:47:00.000000000,3.1871942485890172,54.528800191289015,11582.4,20645.82054068687,213.52463,0.18630075783513741,0.3204790568838732,1.0,0.0,0.0,13.799903858262315
NW300_FL380,2022-03-01 01:48:00.000000000,3.395550879759554,54.55696978407656,11582.4,20645.82054068687,213.37614,0.19754590600840882,0.34015271032733113,1.0,0.0,0.0,13.800055039082034
NW300_FL380,2022-03-01 01:49:00.000000000,3.604491615359623,54.58402008165235,11582.4,20645.82054068687,213.24657,0.20908411068819782,0.3603237625529701,1.0,0.0,0.0,13.800015441936033
NW300_FL380,2022-03-01 01:50:00.000000000,3.8139728517228146,54.60999719041869,11582.4,20645.82054068687,213.10327,0.22220926170093624,0.38329926250296703,1.0,0.0,0.0,13.799978645815921
NW300_FL380,2022-03-01 01:51:00.000000000,4.023964354506401,54.63492486350083,11582.4,20645.82054068687,212.91376,0.23943784697664172,0.4135238592701311,1.0,0.0,0.0,13.799945081809751
NW300_FL380,2022-03-01 01:52:00.000000000,4.234437101686992,54.658826899104795,11582.4,20645.82054068687,212.69852,0.258721262464043,0.4474469055512298,1.0,0.0,0.0,13.799915120264668
NW300_FL380,2022-03-01 01:53:00.000000000,4.445363262970964,54.68172711119074,11582.4,20645.82054068687,212.42961,0.28007104816618617,0.48520648349832113,1.0,0.0,0.0,13.800015788586125
NW300_FL380,2022-03-01 01:54:00.000000000,4.65672372489985,54.70363128764721,11582.4,20645.82054068687,212.15283,0.3026844996488103,0.5253117499439076,1.0,0.0,0.0,13.800026752290783
NW300_FL380,2022-03-01 01:55:00.000000000,4.868487720428609,54.7245739875963,11582.4,20645.82054068687,211.93013,0.32051918364192383,0.5570501029090879,1.0,0.0,0.0,13.799983572061933
NW300_FL380,2022-03-01 01:56:00.000000000,5.080627538644073,54.74458663851475,11582.4,20645.82054068687,211.78232,0.33155861393992264,0.5767762358217258,1.0,0.0,0.0,13.799945817559948
NW300_FL380,2022-03-01 01:57:00.000000000,5.293119881497206,54.763692990803875,11582.4,20645.82054068687,211.70607,0.3367324452984127,0.5860587890047069,1.0,0.0,0.0,13.799938516635832
NW300_FL380,2022-03-01 01:58:00.000000000,5.505943868646182,54.78191294381553,11582.4,20645.82054068687,211.72699,0.33395129194381346,0.5811425299505927,1.0,0.0,0.0,13.800050656767903
NW300_FL380,2022-03-01 01:59:00.000000000,5.719084419011531,54.79925175731836,11582.4,20645.82054068687,211.75658,0.33148960305872,0.5767510604660825,1.0,0.0,0.0,13.800003204209666
NW300_FL380,2022-03-01 02:00:00.000000000,5.932512825652237,54.81575578710652,11582.4,20645.82054068687,211.76419,0.33004653186403443,0.5742112408619522,1.0,0.0,0.0,13.799962666862402
NW300_FL380,2022-03-01 02:01:00.000000000,6.1462099113233615,54.83144846222197,11582.4,20645.82054068687,211.6928,0.3301329444611393,0.5746206622246341,1.0,0.0,0.0,13.799932359184918
NW300_FL380,2022-03-01 02:02:00.000000000,6.3601576187555455,54.846352522537195,11582.4,20645.82054068687,211.5494,0.3321693599281165,0.5786875784305436,1.0,0.0,0.0,13.800051701259331
NW300_FL380,2022-03-01 02:03:00.000000000,6.574345601833692,54.860467055141825,11582.4,20645.82054068687,211.32242,0.336367596260166,0.5868388466885296,1.0,0.0,0.0,13.80000554177809
NW300_FL380,2022-03-01 02:04:00.000000000,6.788749289172524,54.87384091232076,11582.4,20645.82054068687,210.99425,0.3427079705785344,0.599128183093147,1.0,0.0,0.0,13.799967129490193
NW300_FL380,2022-03-01 02:05:00.000000000,7.0033531669792195,54.88649708306962,11582.4,20645.82054068687,210.62701,0.3495786218166058,0.6125367823564717,1.0,0.0,0.0,13.799960623388825
NW300_FL380,2022-03-01 02:06:00.000000000,7.218143656439326,54.89845407593597,11582.4,20645.82054068687,210.29211,0.357481599679095,0.627679633053798,1.0,0.0,0.0,13.8000381484042
NW300_FL380,2022-03-01 02:07:00.000000000,7.433110284466571,54.90971982486474,11582.4,20645.82054068687,209.95203,0.36520068193128624,0.6425751903266551,1.0,0.0,0.0,13.799997707739267
NW300_FL380,2022-03-01 02:08:00.000000000,7.648234507949747,54.92033751497244,11582.4,20645.82054068687,209.74246,0.3707341072989245,0.6531483687176928,1.0,0.0,0.0,13.799965046205028
NW300_FL380,2022-03-01 02:09:00.000000000,7.863504016276233,54.93032968835278,11582.4,20645.82054068687,209.59001,0.37538807769505833,0.6619607421148612,1.0,0.0,0.0,13.799998359184581
NW300_FL380,2022-03-01 02:10:00.000000000,8.078909613694025,54.93970734956771,11582.4,20645.82054068687,209.48207,0.3790928824675359,0.6689322502361282,1.0,0.0,0.0,13.800019524346945
NW300_FL380,2022-03-01 02:11:00.000000000,8.294439602046854,54.94849485749177,11582.4,20645.82054068687,209.46118,0.3810857555648913,0.6725351779774638,1.0,0.0,0.0,13.799987344744515
NW300_FL380,2022-03-01 02:12:00.000000000,8.51008135994762,54.95672549342708,11582.4,20645.82054068687,209.45177,0.3834772097314233,0.6767950095667346,1.0,0.0,0.0,13.799962217577544
NW300_FL380,2022-03-01 02:13:00.000000000,8.725825342473327,54.96442143190606,11582.4,20645.82054068687,209.46983,0.3879109501015268,0.6845439540820286,1.0,0.0,0.0,13.800030591944905
NW300_FL380,2022-03-01 02:14:00.000000000,8.941665815844612,54.97158610280672,11582.4,20645.82054068687,209.48654,0.3921515486233419,0.6919557990774636,1.0,0.0,0.0,13.800003074592663
NW300_FL380,2022-03-01 02:15:00.000000000,9.157590658160426,54.97826150894907,11582.4,20645.82054068687,209.49536,0.3988571271150409,0.7037514173435019,1.0,0.0,0.0,13.799979693093027
NW300_FL380,2022-03-01 02:16:00.000000000,9.373592057318856,54.984470163858454,11582.4,20645.82054068687,209.50807,0.40533248977900804,0.715122016513165,1.0,0.0,0.0,13.799998894018712
NW300_FL380,2022-03-01 02:17:00.000000000,9.58966406355943,54.990225655978996,11582.4,20645.82054068687,209.53291,0.4099660839322038,0.7231884440405736,1.0,0.0,0.0,13.800013114578606
NW300_FL380,2022-03-01 02:18:00.000000000,9.805799607243536,54.995551318891,11582.4,20645.82054068687,209.57123,0.4125630045040647,0.7275990303755434,1.0,0.0,0.0,12.396422411584279
NW300_FL380,2022-03-01 02:18:53.897617080,9.999999999999996,55.0,11582.4,20645.82054068687,209.61674,0.41300831824141676,0.7281825082304767,1.0,0.0,0.0,0.0
