route,time,longitude,latitude,altitude_m,air_pressure_Pa,temperature_K,rh,rhi,SAC,ISSR,PCR,leg_km
SE300_FL310,2022-03-01 00:00:00.000000000,-10.000000000000002,45.00000000000001,9448.8,28744.290737453055,221.943,0.6623241213715603,1.0730846991102478,1.0,1.0,1.0,13.800115027908165
SE300_FL310,2022-03-01 00:01:00.000000000,-9.832634228109365,45.0374989777726,9448.8,28744.290737453055,222.0512,0.6693642357525759,1.08358240651513,1.0,1.0,1.0,13.800020549916326
SE300_FL310,2022-03-01 00:02:00.000000000,-9.665061957945106,45.074778023133646,9448.8,28744.290737453055,222.16312,0.6756227119265011,1.0927628696027565,1.0,1.0,1.0,13.799927543731021
SE300_FL310,2022-03-01 00:03:00.000000000,-9.497293172355167,45.111857647020635,9448.8,28744.290737453055,222.27332,0.6818502714127094,1.1018895832314481,1.0,1.0,1.0,13.800010362739226
SE300_FL310,2022-03-01 00:04:00.000000000,-9.329333869699752,45.148755048499964,9448.8,28744.290737453055,222.35959,0.6891507793673359,1.112940279886191,1.0,1.0,1.0,13.8000625389665
SE300_FL310,2022-03-01 00:05:00.000000000,-9.161195059406664,45.18549293097829,9448.8,28744.290737453055,222.4374,0.69756037411012,1.1258373274952747,1.0,1.0,1.0,13.799971646306037
SE300_FL310,2022-03-01 00:06:00.000000000,-8.992889620285059,45.222095268527376,9448.8,28744.290737453055,222.50218,0.710362558431312,1.1459221875086536,1.0,1.0,1.0,13.799899873840282
SE300_FL310,2022-03-01 00:07:00.000000000,-8.824426642306625,45.25858271091628,9448.8,28744.290737453055,222.5195,0.7209270799245392,1.16280468240826,1.0,1.0,1.0,13.800105239252431
SE300_FL310,2022-03-01 00:08:00.000000000,-8.65581080706178,45.2949740113112,9448.8,28744.290737453055,222.55559,0.7157105791847438,1.1540642945251722,1.0,1.0,1.0,13.80001760658135
SE300_FL310,2022-03-01 00:09:00.000000000,-8.487057177228046,45.3312945416673,9448.8,28744.290737453055,222.59181,0.7082305677361456,1.1416791259993817,1.0,1.0,1.0,13.79993231818943
SE300_FL310,2022-03-01 00:10:00.000000000,-8.31817494269894,45.36756551489382,9448.8,28744.290737453055,222.60457,0.7029580328079533,1.1330667107800938,1.0,1.0,1.0,13.799993838825486
SE300_FL310,2022-03-01 00:11:00.000000000,-8.149171301625014,45.4038082101483,9448.8,28744.290737453055,222.61728,0.6884248175013238,1.1095324406354767,1.0,1.0,1.0,13.80006634186223
SE300_FL310,2022-03-01 00:12:00.000000000,-7.980055881015995,45.44004548033964,9448.8,28744.290737453055,222.62503,0.6700035390867535,1.0797775834572587,1.0,1.0,1.0,13.799985579438726
SE300_FL310,2022-03-01 00:13:00.000000000,-7.81084018030542,45.47629954581915,9448.8,28744.290737453055,222.58635,0.6708092734751259,1.0814060170327953,1.0,1.0,1.0,13.799907812990368
SE300_FL310,2022-03-01 00:14:00.000000000,-7.64153340621131,45.51259224345501,9448.8,28744.290737453055,222.56302,0.6641495051827472,1.0708624784058498,1.0,1.0,1.0,13.80005343805641
SE300_FL310,2022-03-01 00:15:00.000000000,-7.472142889633564,45.54894792999821,9448.8,28744.290737453055,222.55063,0.6560004537105033,1.0578262842733193,1.0,1.0,1.0,13.800042769194542
SE300_FL310,2022-03-01 00:16:00.000000000,-7.30268005570596,45.58538865893594,9448.8,28744.290737453055,222.54848,0.6638363957087842,1.0704786285539685,1.0,1.0,1.0,13.799970371522296
SE300_FL310,2022-03-01 00:17:00.000000000,-7.133155014811902,45.621936316925805,9448.8,28744.290737453055,222.57224,0.6670434358554744,1.0754499101250115,1.0,1.0,1.0,13.799901682232836
SE300_FL310,2022-03-01 00:18:00.000000000,-6.963577350434745,45.65861348889645,9448.8,28744.290737453055,222.60564,0.6709370695954593,1.0814470546921793,1.0,1.0,1.0,13.800065477575464
SE300_FL310,2022-03-01 00:19:00.000000000,-6.793955919788455,45.69544792952469,9448.8,28744.290737453055,222.65746,0.6753132611572741,1.088059104410375,1.0,1.0,1.0,13.80003693342804
SE300_FL310,2022-03-01 00:20:00.000000000,-6.62430206827496,45.732459891422764,9448.8,28744.290737453055,222.7176,0.6850256566155726,1.1031852341048407,1.0,1.0,1.0,13.799973816594894
SE300_FL310,2022-03-01 00:21:00.000000000,-6.454626108496878,45.76967183596835,9448.8,28744.290737453055,222.77441,0.6972770268882904,1.1224142380867996,1.0,1.0,1.0,13.79991501954183
SE300_FL310,2022-03-01 00:22:00.000000000,-6.284938381864701,45.807107160064675,9448.8,28744.290737453055,222.79955,0.7165098309180578,1.1531470945117857,1.0,1.0,1.0,13.80001310806428
SE300_FL310,2022-03-01 00:23:00.000000000,-6.1152496770827875,45.84479442806904,9448.8,28744.290737453055,222.82687,0.7302375764617757,1.1749872860833968,1.0,1.0,1.0,13.80004905320983
SE300_FL310,2022-03-01 00:24:00.000000000,-5.945571349662257,45.8827565001216,9448.8,28744.290737453055,222.8397,0.7395042934124618,1.1897795906757556,1.0,1.0,1.0,13.799995207272767
SE300_FL310,2022-03-01 00:25:00.000000000,-5.775914582343945,45.92101460539857,9448.8,28744.290737453055,222.80928,0.7461326972996039,1.2007285833375625,1.0,1.0,1.0,13.799946018066104
SE300_FL310,2022-03-01 00:26:00.000000000,-5.606290874535937,45.959592928785845,9448.8,28744.290737453055,222.76987,0.7380657603771308,1.1881149931733734,1.0,1.0,1.0,13.799901826521442
SE300_FL310,2022-03-01 00:27:00.000000000,-5.436712081951,45.99851585627959,9448.8,28744.290737453055,222.71931,0.725446901644951,1.168264153160911,1.0,1.0,1.0,13.800049850384529
SE300_FL310,2022-03-01 00:28:00.000000000,-5.267191966322243,46.03781647078147,9448.8,28744.290737453055,222.6408,0.7104855245951188,1.144877094102351,1.0,1.0,1.0,13.800031588333269
SE300_FL310,2022-03-01 00:29:00.000000000,-5.097742422824589,46.07751300401981,9448.8,28744.290737453055,222.58876,0.6864021453634669,1.1065200855314028,1.0,1.0,1.0,13.799990478669388
SE300_FL310,2022-03-01 00:30:00.000000000,-4.92837633795386,46.11762914151849,9448.8,28744.290737453055,222.5426,0.6604243465526305,1.0650270025194988,1.0,1.0,1.0,13.7999541838252
SE300_FL310,2022-03-01 00:31:00.000000000,-4.759107233713054,46.158189859635726,9448.8,28744.290737453055,222.50217,0.6310717985101624,1.0180120514767836,1.0,1.0,1.0,13.799922890616976
SE300_FL310,2022-03-01 00:32:00.000000000,-4.589949114555786,46.19922026051813,9448.8,28744.290737453055,222.479,0.590926603743889,0.9534233688388539,1.0,0.0,0.0,13.799929959565615
SE300_FL310,2022-03-01 00:33:00.000000000,-4.420917005638568,46.24074744997757,9448.8,28744.290737453055,222.46187,0.5604141543521035,0.904318430089679,1.0,0.0,0.0,13.800043955541087
SE300_FL310,2022-03-01 00:34:00.000000000,-4.252027880874641,46.28280309951133,9448.8,28744.290737453055,222.45622,0.5415801878656906,0.8739618258252542,1.0,0.0,0.0,13.80001263583261
SE300_FL310,2022-03-01 00:35:00.000000000,-4.083295312513981,46.32540456469928,9448.8,28744.290737453055,222.44765,0.5365260353449538,0.8658674861014095,1.0,0.0,0.0,13.79998555573942
SE300_FL310,2022-03-01 00:36:00.000000000,-3.914735435139302,46.3685770941835,9448.8,28744.290737453055,222.4344,0.5412992787903896,0.8736582022670949,1.0,0.0,0.0,13.799962706248108
SE300_FL310,2022-03-01 00:37:00.000000000,-3.7463649709978815,46.41234591653959,9448.8,28744.290737453055,222.41537,0.5575613564530036,0.9000404370917241,1.0,0.0,0.0,13.799944029141807
SE300_FL310,2022-03-01 00:38:00.000000000,-3.578201246424688,46.45673620162743,9448.8,28744.290737453055,222.37111,0.5984699675279721,0.966409030483526,1.0,0.0,0.0,13.799929415534166
SE300_FL310,2022-03-01 00:39:00.000000000,-3.41026220591334,46.50177301855226,9448.8,28744.290737453055,222.32973,0.6278683104336277,1.0142093691648375,1.0,1.0,1.0,13.79991870565744
SE300_FL310,2022-03-01 00:40:00.000000000,-3.2425664234872786,46.54748129024899,9448.8,28744.290737453055,222.29593,0.643993461165146,1.0405311135892956,1.0,1.0,1.0,13.799922852412047
SE300_FL310,2022-03-01 00:41:00.000000000,-3.0751334306903266,46.59388656047466,9448.8,28744.290737453055,222.28107,0.6398119140306258,1.0338945987895327,1.0,1.0,1.0,13.800008407530912
SE300_FL310,2022-03-01 00:42:00.000000000,-2.907985546322268,46.641019270999685,9448.8,28744.290737453055,222.29332,0.6375260673412336,1.0301015930852657,1.0,1.0,1.0,13.79999152577942
SE300_FL310,2022-03-01 00:43:00.000000000,-2.74114057917694,46.68889649733604,9448.8,28744.290737453055,222.319,0.6358027491699957,1.0271116261646622,1.0,1.0,1.0,13.799977274791766
SE300_FL310,2022-03-01 00:44:00.000000000,-2.5746196225871447,46.73754198383629,9448.8,28744.290737453055,222.36531,0.638358838159345,1.0308663261951079,1.0,1.0,1.0,13.799965416219916
SE300_FL310,2022-03-01 00:45:00.000000000,-2.4084444011529893,46.78697905887585,9448.8,28744.290737453055,222.40125,0.6422113203761699,1.0367991724889718,1.0,1.0,1.0,13.799955690405685
SE300_FL310,2022-03-01 00:46:00.000000000,-2.24263725835525,46.83723057208739,9448.8,28744.290737453055,222.42297,0.6473509503749629,1.044918420196925,1.0,1.0,1.0,13.799947822412035
SE300_FL310,2022-03-01 00:47:00.000000000,-2.077221138921509,46.88831882936984,9448.8,28744.290737453055,222.42915,0.6552813704697186,1.05766829275158,1.0,1.0,1.0,13.799941528604728
SE300_FL310,2022-03-01 00:48:00.000000000,-1.9122195656143586,46.94026552601405,9448.8,28744.290737453055,222.39832,0.6620173726233631,1.0687987249893023,1.0,1.0,1.0,13.799936523592704
SE300_FL310,2022-03-01 00:49:00.000000000,-1.747656610142675,46.99309167833649,9448.8,28744.290737453055,222.33774,0.6684040434555925,1.0796200014700434,1.0,1.0,1.0,13.799932527317191
SE300_FL310,2022-03-01 00:50:00.000000000,-1.5835568579366146,47.046817554258936,9448.8,28744.290737453055,222.2986,0.6744652196641808,1.089742757432212,1.0,1.0,1.0,13.799929272076493
SE300_FL310,2022-03-01 00:51:00.000000000,-1.41994536657518,47.10146260331857,9448.8,28744.290737453055,222.26543,0.6798667760742926,1.09875251091651,1.0,1.0,1.0,13.799926509251202
SE300_FL310,2022-03-01 00:52:00.000000000,-1.2568476177121715,47.15704538663485,9448.8,28744.290737453055,222.24344,0.6853611238722984,1.1078241201141017,1.0,1.0,1.0,13.799924015512413
SE300_FL310,2022-03-01 00:53:00.000000000,-1.0942894624114776,47.21358350739827,9448.8,28744.290737453055,222.26967,0.6804915900089158,1.0997255351720823,1.0,1.0,1.0,13.799921598299676
SE300_FL310,2022-03-01 00:54:00.000000000,-0.9322970598757382,47.27109354247939,9448.8,28744.290737453055,222.29874,0.6725076257295104,1.086577126468255,1.0,1.0,1.0,13.799919100366923
SE300_FL310,2022-03-01 00:55:00.000000000,-0.7708968096326502,47.329590975783,9448.8,28744.290737453055,222.3262,0.6615598916111473,1.0686615785360973,1.0,1.0,1.0,13.799916403229442
SE300_FL310,2022-03-01 00:56:00.000000000,-0.6101152773294826,47.38909013399148,9448.8,28744.290737453055,222.32782,0.6352602238769737,1.026165430172222,1.0,1.0,1.0,13.79991342938298
SE300_FL310,2022-03-01 00:57:00.000000000,-0.4499791143776922,47.44960412535214,9448.8,28744.290737453055,222.30742,0.6140906543753577,0.9921252849569914,1.0,0.0,0.0,13.79991014318596
SE300_FL310,2022-03-01 00:58:00.000000000,-0.2905149717839815,47.51114478216384,9448.8,28744.290737453055,222.26764,0.5968515846845036,0.9645743968117307,1.0,0.0,0.0,13.799906550367
SE300_FL310,2022-03-01 00:59:00.000000000,-0.1317494086006752,47.57372260760951,9448.8,28744.290737453055,222.20108,0.5997296173464751,0.969727089372805,1.0,0.0,0.0,13.799902696148978
SE300_FL310,2022-03-01 01:00:00.000000000,0.026291204476382772,47.63734672756016,9448.8,28744.290737453055,222.12077,0.6084412163069581,0.9844274244220395,1.0,0.0,0.0,13.799898662049376
SE300_FL310,2022-03-01 01:01:00.000000000,0.1835807857402945,47.702024847945545,9448.8,28744.290737453055,222.0013,0.6238342471331391,1.0102669780624929,1.0,1.0,1.0,13.799894561448786
SE300_FL310,2022-03-01 01:02:00.000000000,0.3400936466257237,47.767763218243296,9448.8,28744.290737453055,221.89333,0.6319169304201641,1.024209522833515,1.0,1.0,1.0,13.799890534083259
SE300_FL310,2022-03-01 01:03:00.000000000,0.4958045985892688,47.834566601585344,9448.8,28744.290737453055,221.80025,0.6280050834736802,1.0186015559273323,1.0,1.0,1.0,13.799886739660096
SE300_FL310,2022-03-01 01:04:00.000000000,0.6506890618532523,47.90243825191635,9448.8,28744.290737453055,221.71063,0.6396068837695441,1.038138350984239,1.0,1.0,1.0,13.799883350808148
SE300_FL310,2022-03-01 01:05:00.000000000,0.8047231750871445,47.97137989856527,9448.8,28744.290737453055,221.63608,0.6493696016530043,1.054586972440025,1.0,1.0,1.0,13.799880545640207
SE300_FL310,2022-03-01 01:06:00.000000000,0.9578839050532617,48.04139173850947,9448.8,28744.290737453055,221.58423,0.6643990057009203,1.0794258042128344,1.0,1.0,1.0,13.799880297337754
SE300_FL310,2022-03-01 01:07:00.000000000,1.1101490175689515,48.11247259658721,9448.8,28744.290737453055,221.53845,0.6792594729505367,1.1039576052081144,1.0,1.0,1.0,13.799955765457092
SE300_FL310,2022-03-01 01:08:00.000000000,1.2614916109520389,48.18462623408982,9448.8,28744.290737453055,221.50052,0.6984408397912908,1.1354625112120038,1.0,1.0,1.0,13.799946076537669
SE300_FL310,2022-03-01 01:09:00.000000000,1.4118974565169005,48.25784150407756,9448.8,28744.290737453055,221.47264,0.7082927764504632,1.1517235887568422,1.0,1.0,1.0,13.799936769163452
SE300_FL310,2022-03-01 01:10:00.000000000,1.5613479605795775,48.33211247748483,9448.8,28744.290737453055,221.45589,0.7106374184482577,1.1556855305916407,1.0,1.0,1.0,13.799928078960882
SE300_FL310,2022-03-01 01:11:00.000000000,1.7098258754552036,48.40743177483138,9448.8,28744.290737453055,221.4497,0.7042703076951876,1.145382971672873,1.0,1.0,1.0,13.799920213907653
SE300_FL310,2022-03-01 01:12:00.000000000,1.8573153869251047,48.48379060616857,9448.8,28744.290737453055,221.44893,0.690278196080581,1.1226346023698524,1.0,1.0,1.0,13.799913349084349
SE300_FL310,2022-03-01 01:13:00.000000000,2.00380219478423,48.561178817972646,9448.8,28744.290737453055,221.45337,0.6744042064667832,1.0967793256650047,1.0,1.0,1.0,13.799907622724088
SE300_FL310,2022-03-01 01:14:00.000000000,2.1492735857235448,48.63958494650445,9448.8,28744.290737453055,221.47371,0.6791027660122891,1.1042504627736673,1.0,1.0,1.0,13.79990313363142
SE300_FL310,2022-03-01 01:15:00.000000000,2.2937184979011707,48.71899627708127,9448.8,28744.290737453055,221.49152,0.6839415995875392,1.1119662230906715,1.0,1.0,1.0,13.799899939990695
SE300_FL310,2022-03-01 01:16:00.000000000,2.437127576666514,48.79939890864313,9448.8,28744.290737453055,221.51576,0.687813975191733,1.1180548096238843,1.0,1.0,1.0,13.799898059510873
SE300_FL310,2022-03-01 01:17:00.000000000,2.57949322101926,48.88077782294388,9448.8,28744.290737453055,221.54861,0.6893298382967294,1.12023673490069,1.0,1.0,1.0,13.799897470818289
SE300_FL310,2022-03-01 01:18:00.000000000,2.7208096205090637,48.96311695765744,9448.8,28744.290737453055,221.58556,0.6874879715579215,1.1169256083575902,1.0,1.0,1.0,13.799898115948379
SE300_FL310,2022-03-01 01:19:00.000000000,2.8610727824072804,49.04639928266274,9448.8,28744.290737453055,221.62868,0.6789449369735412,1.102681192483566,1.0,1.0,1.0,13.799899903772648
SE300_FL310,2022-03-01 01:20:00.000000000,3.0002805491083504,49.13060687875635,9448.8,28744.290737453055,221.66695,0.6730953053186736,1.0928606341404767,1.0,1.0,1.0,13.799902714140295
SE300_FL310,2022-03-01 01:21:00.000000000,3.1384326058413183,49.21572101804042,9448.8,28744.290737453055,221.69731,0.6607728874892015,1.0726031925172155,1.0,1.0,1.0,13.799906402511214
SE300_FL310,2022-03-01 01:22:00.000000000,3.275530478889779,49.30172224524366,9448.8,28744.290737453055,221.7081,0.6534916717115792,1.0606950892283207,1.0,1.0,1.0,13.799910804862314
SE300_FL310,2022-03-01 01:23:00.000000000,3.411577524628558,49.38859045925548,9448.8,28744.290737453055,221.71677,0.6411691472201886,1.040624108936435,1.0,1.0,1.0,13.799915742621737
SE300_FL310,2022-03-01 01:24:00.000000000,3.546578909786857,49.47630499418438,9448.8,28744.290737453055,221.71751,0.6301711073275102,1.022769225448481,1.0,1.0,1.0,13.799921027431493
SE300_FL310,2022-03-01 01:25:00.000000000,3.6805415834364057,49.56484469929377,9448.8,28744.290737453055,221.69084,0.6245018926984723,1.0137754787813384,1.0,1.0,1.0,13.799926465539238
SE300_FL310,2022-03-01 01:26:00.000000000,3.813474241281341,49.65418801721622,9448.8,28744.290737453055,221.6726,0.620339376693665,1.007158226854027,1.0,1.0,1.0,13.799931861647412
SE300_FL310,2022-03-01 01:27:00.000000000,3.945387282890515,49.74431305990206,9448.8,28744.290737453055,221.66965,0.6137649861767999,0.9965058082489032,1.0,0.0,0.0,13.799937022113916
SE300_FL310,2022-03-01 01:28:00.000000000,4.076292762563807,49.83519768181777,9448.8,28744.290737453055,221.65836,0.6114367884796791,0.9928138606596251,1.0,0.0,0.0,13.799941757380292
SE300_FL310,2022-03-01 01:29:00.000000000,4.206204334561293,49.92681954997152,9448.8,28744.290737453055,221.64597,0.6110510853505022,0.9922825722530977,1.0,0.0,0.0,13.799945883601017
SE300_FL310,2022-03-01 01:30:00.000000000,4.335137193447722,50.01915621040786,9448.8,28744.290737453055,221.6446,0.6139419128088,0.9969855808988084,1.0,0.0,0.0,13.799949223437263
SE300_FL310,2022-03-01 01:31:00.000000000,4.463108010316069,50.1121851508771,9448.8,28744.290737453055,221.64845,0.6115148495521101,0.9930174748738105,1.0,0.0,0.0,13.79995160605297
SE300_FL310,2022-03-01 01:32:00.000000000,4.590134865652553,50.20588385944899,9448.8,28744.290737453055,221.64944,0.6169283064579916,1.001798427962974,1.0,1.0,1.0,13.799952866356099
SE300_FL310,2022-03-01 01:33:00.000000000,4.716237179594008,50.300229878900765,9448.8,28744.290737453055,221.65926,0.6233208996978354,1.0121052026951558,1.0,1.0,1.0,13.799952843577072
SE300_FL310,2022-03-01 01:34:00.000000000,4.841435640306324,50.39520085676857,9448.8,28744.290737453055,221.68471,0.628230577249577,1.0198751753700677,1.0,1.0,1.0,13.799951379286926
SE300_FL310,2022-03-01 01:35:00.000000000,4.965752131182763,50.49077459100485,9448.8,28744.290737453055,221.71625,0.6318192739389294,1.0254530130969117,1.0,1.0,1.0,13.799948314979101
SE300_FL310,2022-03-01 01:36:00.000000000,5.08920965752353,50.58692907123493,9448.8,28744.290737453055,221.72346,0.6290484753215143,1.0208983554304678,1.0,1.0,1.0,13.7999434893709
SE300_FL310,2022-03-01 01:37:00.000000000,5.211832273314692,50.683642515650746,9448.8,28744.290737453055,221.7277,0.6264215383252911,1.01660252499315,1.0,1.0,1.0,13.799936735540259
SE300_FL310,2022-03-01 01:38:00.000000000,5.333645008677116,50.78089340361986,9448.8,28744.290737453055,221.72774,0.6286355384071596,1.0201952879995573,1.0,1.0,1.0,13.79992787807843
SE300_FL310,2022-03-01 01:39:00.000000000,5.454673798505399,50.87866050412251,9448.8,28744.290737453055,221.72841,0.6355377602842744,1.031392377091628,1.0,1.0,1.0,13.799916730378694
SE300_FL310,2022-03-01 01:40:00.000000000,5.574945412764155,50.97692290015904,9448.8,28744.290737453055,221.71896,0.6487953199558542,1.0529848536584792,1.0,1.0,1.0,13.799909146879337
SE300_FL310,2022-03-01 01:41:00.000000000,5.69448698268002,51.07566027243519,9448.8,28744.290737453055,221.70259,0.6626675948212568,1.075634747594848,1.0,1.0,1.0,13.800036502008268
SE300_FL310,2022-03-01 01:42:00.000000000,5.813317860079042,51.17485813030892,9448.8,28744.290737453055,221.68298,0.6647630390862163,1.079197244215024,1.0,1.0,1.0,13.800019343694286
SE300_FL310,2022-03-01 01:43:00.000000000,5.931476383526231,51.274490485820074,9448.8,28744.290737453055,221.65594,0.6617162060407974,1.0744745513477665,1.0,1.0,1.0,13.799999557176893
SE300_FL310,2022-03-01 01:44:00.000000000,6.048992146742065,51.37453779717241,9448.8,28744.290737453055,221.63351,0.659931290093213,1.0717600072905793,1.0,1.0,1.0,13.799976952886416
SE300_FL310,2022-03-01 01:45:00.000000000,6.16589527157801,51.47498090580639,9448.8,28744.290737453055,221.61339,0.6570811355602474,1.0672971020896234,1.0,1.0,1.0,13.799951314976644
SE300_FL310,2022-03-01 01:46:00.000000000,6.282216354420901,51.575801040761654,9448.8,28744.290737453055,221.59465,0.654883350406853,1.0638820293686575,1.0,1.0,1.0,13.799922401731491
SE300_FL310,2022-03-01 01:47:00.000000000,6.397986416102225,51.67697982039795,9448.8,28744.290737453055,221.5756,0.6499825568085621,1.0560738702760877,1.0,1.0,1.0,13.799896422178843
SE300_FL310,2022-03-01 01:48:00.000000000,6.513236540852692,51.77849945999789,9448.8,28744.290737453055,221.56227,0.6444433118936739,1.0471804274827798,1.0,1.0,1.0,13.800070683038491
SE300_FL310,2022-03-01 01:49:00.000000000,6.627989237000202,51.88034855874178,9448.8,28744.290737453055,221.54665,0.6403281997618866,1.0406195112075565,1.0,1.0,1.0,13.800033136164926
SE300_FL310,2022-03-01 01:50:00.000000000,6.7422871098143675,51.982503017475295,9448.8,28744.290737453055,221.53517,0.6358241265641025,1.0333909970252584,1.0,1.0,1.0,13.79999217680041
SE300_FL310,2022-03-01 01:51:00.000000000,6.85616260126879,52.08494594286698,9448.8,28744.290737453055,221.52908,0.6262465016491164,1.0178715182253806,1.0,1.0,1.0,13.799947488517821
SE300_FL310,2022-03-01 01:52:00.000000000,6.9696483812259675,52.187660808917485,9448.8,28744.290737453055,221.52559,0.6130964531618297,0.9965243448982205,1.0,0.0,0.0,13.799898737232269
SE300_FL310,2022-03-01 01:53:00.000000000,7.082777318490884,52.29063144711092,9448.8,28744.290737453055,221.5152,0.5917091182607196,0.9618369442746608,1.0,0.0,0.0,13.800030398716745
SE300_FL310,2022-03-01 01:54:00.000000000,7.19557701404532,52.39384625576109,9448.8,28744.290737453055,221.50406,0.5691196086781204,0.9251957123769632,1.0,0.0,0.0,13.800054345163323
SE300_FL310,2022-03-01 01:55:00.000000000,7.308085257117626,52.49728673117904,9448.8,28744.290737453055,221.49432,0.538614249654059,0.8756727478918388,1.0,0.0,0.0,13.799996740891372
SE300_FL310,2022-03-01 01:56:00.000000000,7.420338038484323,52.60093580787837,9448.8,28744.290737453055,221.4766,0.505088192691846,0.8212771435916023,1.0,0.0,0.0,13.799934836100903
SE300_FL310,2022-03-01 01:57:00.000000000,7.532368946100369,52.70477859337681,9448.8,28744.290737453055,221.45828,0.4704798781072681,0.7651113800068094,1.0,0.0,0.0,13.7999107047655
SE300_FL310,2022-03-01 01:58:00.000000000,7.644210999091989,52.80880120769993,9448.8,28744.290737453055,221.44272,0.437742924316943,0.7119562556098389,1.0,0.0,0.0,13.80009727987662
SE300_FL310,2022-03-01 01:59:00.000000000,7.755895885982359,52.912992453617406,9448.8,28744.290737453055,221.42973,0.40485216726979634,0.658528722980246,1.0,0.0,0.0,13.800026839405156
SE300_FL310,2022-03-01 02:00:00.000000000,7.867462507785084,53.01733360209722,9448.8,28744.290737453055,221.4082,0.3790814954767356,0.6167117074199959,1.0,0.0,0.0,13.799951817325509
SE300_FL310,2022-03-01 02:01:00.000000000,7.97894493915904,53.12181080944994,9448.8,28744.290737453055,221.3979,0.3569384702066055,0.5807345409103113,1.0,0.0,0.0,13.799878948745755
SE300_FL310,2022-03-01 02:02:00.000000000,8.090377316599858,53.22641053966239,9448.8,28744.290737453055,221.39502,0.3488749596779447,0.5676269964560829,1.0,0.0,0.0,13.80011613732471
SE300_FL310,2022-03-01 02:03:00.000000000,8.201794722995709,53.33112242122278,9448.8,28744.290737453055,221.39507,0.34462634711795453,0.560715445372875,1.0,0.0,0.0,13.800033244616367
SE300_FL310,2022-03-01 02:04:00.000000000,8.313233280726271,53.43592919842136,9448.8,28744.290737453055,221.39978,0.3449249745398867,0.561181818643721,1.0,0.0,0.0,13.799945514347323
SE300_FL310,2022-03-01 02:05:00.000000000,8.42472747485294,53.54081781028977,9448.8,28744.290737453055,221.4119,0.34530440491140324,0.5617458465405916,1.0,0.0,0.0,13.799915365810826
SE300_FL310,2022-03-01 02:06:00.000000000,8.536312692536393,53.64577571103455,9448.8,28744.290737453055,221.42918,0.34319263523789795,0.5582364433398518,1.0,0.0,0.0,13.80011004309586
SE300_FL310,2022-03-01 02:07:00.000000000,8.648028278660536,53.750790832795516,9448.8,28744.290737453055,221.44394,0.3455866969312823,0.5620675893590056,1.0,0.0,0.0,13.800015304799869
SE300_FL310,2022-03-01 02:08:00.000000000,8.759906477778147,53.85584845500265,9448.8,28744.290737453055,221.45981,0.34498693850413126,0.561024850738532,1.0,0.0,0.0,13.79991564313486
SE300_FL310,2022-03-01 02:09:00.000000000,8.871982232889263,53.96093601106962,9448.8,28744.290737453055,221.4819,0.34408860127963137,0.5594676008779746,1.0,0.0,0.0,13.800004103946796
SE300_FL310,2022-03-01 02:10:00.000000000,8.984295963690094,54.06604108818969,9448.8,28744.290737453055,221.49954,0.34351522403694884,0.5584592319892827,1.0,0.0,0.0,13.800080631551038
SE300_FL310,2022-03-01 02:11:00.000000000,9.096884905918607,54.17115044521283,9448.8,28744.290737453055,221.50566,0.3455290623396607,0.5617069840251611,1.0,0.0,0.0,13.799975069909443
SE300_FL310,2022-03-01 02:12:00.000000000,9.20978021803311,54.27625136209472,9448.8,28744.290737453055,221.51912,0.3470741587412393,0.5641614812477759,1.0,0.0,0.0,13.799864842324851
SE300_FL310,2022-03-01 02:13:00.000000000,9.323017438348389,54.38133146507345,9448.8,28744.290737453055,221.51897,0.34917741906822874,0.5675803325714311,1.0,0.0,0.0,13.800132173225244
SE300_FL310,2022-03-01 02:14:00.000000000,9.436648363691544,54.48637655428334,9448.8,28744.290737453055,221.51971,0.3509614073064571,0.5704764665394494,1.0,0.0,0.0,13.800031613689772
SE300_FL310,2022-03-01 02:15:00.000000000,9.550696513269713,54.59137491446518,9448.8,28744.290737453055,221.52046,0.35005508378493994,0.5690005740740013,1.0,0.0,0.0,13.799916973248944
SE300_FL310,2022-03-01 02:16:00.000000000,9.665197626195663,54.69631414251662,9448.8,28744.290737453055,221.52461,0.34793256248325694,0.565533000779831,1.0,0.0,0.0,13.800000285525412
SE300_FL310,2022-03-01 02:17:00.000000000,9.780198569347377,54.80118004346924,9448.8,28744.290737453055,221.51968,0.3481473403640414,0.5659034703827819,1.0,0.0,0.0,13.800086698051244
SE300_FL310,2022-03-01 02:18:00.000000000,9.895738483326229,54.90595917369293,9448.8,28744.290737453055,221.50989,0.34784263156128964,0.565450161080773,1.0,0.0,0.0,12.396279145510631
SE300_FL310,2022-03-01 02:18:53.897617080,10.0,55.0,9448.8,28744.290737453055,221.52043,0.34203383112974467,0.5559633658235051,1.0,0.0,0.0,0.0
SE150_FL310,2022-03-01 00:00:00.000000000,-10.000000000000002,45.00000000000001,9448.8,28744.290737453055,221.943,0.6623241213715603,1.0730846991102478,1.0,1.0,1.0,13.800025280721622
SE150_FL310,2022-03-01 00:01:00.000000000,-9.848780362463852,45.06309802296491,9448.8,28744.290737453055,222.03108,0.669327780483756,1.0836917999909548,1.0,1.0,1.0,13.800023124170625
SE150_FL310,2022-03-01 00:02:00.000000000,-9.69723892593266,45.12601025046198,9448.8,28744.290737453055,222.12866,0.6736766675975222,1.0899075443514825,1.0,1.0,1.0,13.800020919334957
SE150_FL310,2022-03-01 00:03:00.000000000,-9.545386915730079,45.18874995403247,9448.8,28744.290737453055,222.22437,0.6778503401770284,1.0958418987954615,1.0,1.0,1.0,13.80001868361511
SE150_FL310,2022-03-01 00:04:00.000000000,-9.393235477429094,45.251330452726556,9448.8,28744.290737453055,222.30415,0.6827041085375933,1.1030056213063626,1.0,1.0,1.0,13.800016434639819
SE150_FL310,2022-03-01 00:05:00.000000000,-9.240795680594678,45.31376510728148,9448.8,28744.290737453055,222.37134,0.6876216175725488,1.1103686691147359,1.0,1.0,1.0,13.800014190107833
SE150_FL310,2022-03-01 00:06:00.000000000,-9.088078522618359,45.376067314269825,9448.8,28744.290737453055,222.42264,0.6991200576512386,1.12848598589496,1.0,1.0,1.0,13.800011967625645
SE150_FL310,2022-03-01 00:07:00.000000000,-8.935094932619785,45.43825050019791,9448.8,28744.290737453055,222.45679,0.709571694713275,1.1450520795682837,1.0,1.0,1.0,13.800009784533726
SE150_FL310,2022-03-01 00:08:00.000000000,-8.78185577539008,45.500328115534025,9448.8,28744.290737453055,222.46332,0.7204168636900049,1.1624907301643412,1.0,1.0,1.0,13.80000765772226
SE150_FL310,2022-03-01 00:09:00.000000000,-8.628371855351828,45.56231362864651,9448.8,28744.290737453055,222.46332,0.7292608452929051,1.1767616990287506,1.0,1.0,1.0,13.80000560344844
SE150_FL310,2022-03-01 00:10:00.000000000,-8.474653920510518,45.62422051963216,9448.8,28744.290737453055,222.46329,0.7364550124935587,1.1883702404663143,1.0,1.0,1.0,13.800003637143645
SE150_FL310,2022-03-01 00:11:00.000000000,-8.320712666371875,45.68606227401563,9448.8,28744.290737453055,222.4539,0.7402976117413357,1.1946611376642509,1.0,1.0,1.0,13.800001773220872
SE150_FL310,2022-03-01 00:12:00.000000000,-8.166558739799713,45.74785237630135,9448.8,28744.290737453055,222.41052,0.75123173107063,1.2127169303594574,1.0,1.0,1.0,13.800000024891407
SE150_FL310,2022-03-01 00:13:00.000000000,-8.012202742788062,45.80960430335971,9448.8,28744.290737453055,222.34053,0.7571008418430517,1.2228579107248931,1.0,1.0,1.0,13.79999840397277
SE150_FL310,2022-03-01 00:14:00.000000000,-7.857655236121768,45.87133151763049,9448.8,28744.290737453055,222.28247,0.7625376075275069,1.232200244589005,1.0,1.0,1.0,13.799996920709697
SE150_FL310,2022-03-01 00:15:00.000000000,-7.702926742899029,45.933047460127014,9448.8,28744.290737453055,222.2114,0.7788918312665783,1.2593183648941824,1.0,1.0,1.0,13.799995583611501
SE150_FL310,2022-03-01 00:16:00.000000000,-7.548027751889124,45.99476554322603,9448.8,28744.290737453055,222.12448,0.7991835182669902,1.2930009347359552,1.0,1.0,1.0,13.799994399289552
SE150_FL310,2022-03-01 00:17:00.000000000,-7.392968720698455,46.05649914322893,9448.8,28744.290737453055,222.11646,0.7968043524329516,1.2892298210573008,1.0,1.0,1.0,13.799993372318367
SE150_FL310,2022-03-01 00:18:00.000000000,-7.237760078717368,46.118261592681485,9448.8,28744.290737453055,222.13365,0.7925677097671783,1.282203998871004,1.0,1.0,1.0,13.799992505114373
SE150_FL310,2022-03-01 00:19:00.000000000,-7.0824122298204,46.18006617244081,9448.8,28744.290737453055,222.17635,0.7858471530033591,1.2709101256570703,1.0,1.0,1.0,13.799991797836244
SE150_FL310,2022-03-01 00:20:00.000000000,-6.926935554791905,46.241926103479614,9448.8,28744.290737453055,222.22627,0.7785290939102092,1.2585879693464115,1.0,1.0,1.0,13.799991248309139
SE150_FL310,2022-03-01 00:21:00.000000000,-6.771340413449099,46.303854538419465,9448.8,28744.290737453055,222.29211,0.7733486568493314,1.2495767913188645,1.0,1.0,1.0,13.79999085197143
SE150_FL310,2022-03-01 00:22:00.000000000,-6.615637146434141,46.36586455278655,9448.8,28744.290737453055,222.37996,0.7673168765611651,1.238979159648717,1.0,1.0,1.0,13.79999060186101
SE150_FL310,2022-03-01 00:23:00.000000000,-6.4598360766471385,46.427969135985755,9448.8,28744.290737453055,222.46324,0.7631793476701114,1.2314960257769454,1.0,1.0,1.0,13.799990488621079
SE150_FL310,2022-03-01 00:24:00.000000000,-6.3039475102915645,46.49018118199037,9448.8,28744.290737453055,222.52507,0.7639968719670887,1.2322190793389536,1.0,1.0,1.0,13.799990500548963
SE150_FL310,2022-03-01 00:25:00.000000000,-6.147981737503878,46.552513479747134,9448.8,28744.290737453055,222.56326,0.7667943277075413,1.236364092963217,1.0,1.0,1.0,13.799990623666508
SE150_FL310,2022-03-01 00:26:00.000000000,-5.991949032539317,46.6149787032986,9448.8,28744.290737453055,222.58006,0.7728807987991843,1.2460133560836615,1.0,1.0,1.0,13.799990841836957
SE150_FL310,2022-03-01 00:27:00.000000000,-5.835859653486246,46.67758940162737,9448.8,28744.290737453055,222.50421,0.778372564928347,1.2556131848550753,1.0,1.0,1.0,13.799991136910966
SE150_FL310,2022-03-01 00:28:00.000000000,-5.679723841481787,46.740357988228865,9448.8,28744.290737453055,222.42221,0.7818260520046055,1.2619925305232078,1.0,1.0,1.0,13.799991488902345
SE150_FL310,2022-03-01 00:29:00.000000000,-5.523551819402239,46.80329673042195,9448.8,28744.290737453055,222.34256,0.776928406524421,1.2548662664134802,1.0,1.0,1.0,13.799991876206876
SE150_FL310,2022-03-01 00:30:00.000000000,-5.367353790002575,46.86641773840963,9448.8,28744.290737453055,222.26863,0.7604299167733692,1.2289222150705141,1.0,1.0,1.0,13.799992275841205
SE150_FL310,2022-03-01 00:31:00.000000000,-5.2111399334805135,46.92973295410445,9448.8,28744.290737453055,222.20125,0.7361406812068351,1.1902922783107817,1.0,1.0,1.0,13.799992663719705
SE150_FL310,2022-03-01 00:32:00.000000000,-5.05492040444159,46.993254139735846,9448.8,28744.290737453055,222.15138,0.7008660650521363,1.133694487218714,1.0,1.0,1.0,13.799993014953047
SE150_FL310,2022-03-01 00:33:00.000000000,-4.89870532824359,47.05699286626,9448.8,28744.290737453055,222.12926,0.6688599459495993,1.0821105451306334,1.0,1.0,1.0,13.799993304171764
SE150_FL310,2022-03-01 00:34:00.000000000,-4.7425047966999045,47.12096050159472,9448.8,28744.290737453055,222.11559,0.6400796280066912,1.0356565063500733,1.0,1.0,1.0,13.79999350586429
SE150_FL310,2022-03-01 00:35:00.000000000,-4.586328863123924,47.185168198705355,9448.8,28744.290737453055,222.13557,0.6370357120362683,1.0305729333872935,1.0,1.0,1.0,13.799993594737066
SE150_FL310,2022-03-01 00:36:00.000000000,-4.430187536698249,47.24962688356991,9448.8,28744.290737453055,222.15543,0.6396261333226627,1.0346036996658017,1.0,1.0,1.0,13.799993546077733
SE150_FL310,2022-03-01 00:37:00.000000000,-4.274090776155365,47.31434724305453,9448.8,28744.290737453055,222.18098,0.6526425793229488,1.0554488703326594,1.0,1.0,1.0,13.799993336121352
SE150_FL310,2022-03-01 00:38:00.000000000,-4.118048482758973,47.37933971273268,9448.8,28744.290737453055,222.19362,0.6675287116563478,1.0794155102756007,1.0,1.0,1.0,13.799992942424828
SE150_FL310,2022-03-01 00:39:00.000000000,-3.9620704925782735,47.44461446468435,9448.8,28744.290737453055,222.19928,0.678615866609855,1.097297105190259,1.0,1.0,1.0,13.7999923442172
SE150_FL310,2022-03-01 00:40:00.000000000,-3.806166568050712,47.510181395313246,9448.8,28744.290737453055,222.19061,0.676018670364811,1.0931711016403258,1.0,1.0,1.0,13.799991522756148
SE150_FL310,2022-03-01 00:41:00.000000000,-3.6503463888319807,47.57605011322245,9448.8,28744.290737453055,222.17802,0.6710368703160705,1.0852184705671022,1.0,1.0,1.0,13.799990461647935
SE150_FL310,2022-03-01 00:42:00.000000000,-3.4946195419363453,47.64222992719104,9448.8,28744.290737453055,222.17787,0.6667350750702163,1.0782647185670458,1.0,1.0,1.0,13.799989147153058
SE150_FL310,2022-03-01 00:43:00.000000000,-3.3389955111735663,47.708729834295355,9448.8,28744.290737453055,222.18576,0.6639686551042623,1.073722628832327,1.0,1.0,1.0,13.79998756845803
SE150_FL310,2022-03-01 00:44:00.000000000,-3.1834836658934074,47.775558508220634,9448.8,28744.290737453055,222.19095,0.6612071996136801,1.0692159003671613,1.0,1.0,1.0,13.79998571790615
SE150_FL310,2022-03-01 00:45:00.000000000,-3.0280932490527612,47.84272428780939,9448.8,28744.290737453055,222.19633,0.6589875760107244,1.065582435867856,1.0,1.0,1.0,13.799983591199357
SE150_FL310,2022-03-01 00:46:00.000000000,-2.872833364624784,47.91023516589412,9448.8,28744.290737453055,222.20848,0.6598969529251691,1.0669539047399013,1.0,1.0,1.0,13.799981187540997
SE150_FL310,2022-03-01 00:47:00.000000000,-2.7177129643741873,47.97809877846222,9448.8,28744.290737453055,222.22139,0.6618869639423303,1.070063133954538,1.0,1.0,1.0,13.799978509741795
SE150_FL310,2022-03-01 00:48:00.000000000,-2.562740834027267,48.046322394201255,9448.8,28744.290737453055,222.23047,0.6628960382549515,1.0716168638831591,1.0,1.0,1.0,13.799975564268491
SE150_FL310,2022-03-01 00:49:00.000000000,-2.407925578869879,48.11491290447256,9448.8,28744.290737453055,222.24124,0.6623256729340025,1.070606281915917,1.0,1.0,1.0,13.799972361242325
SE150_FL310,2022-03-01 00:50:00.000000000,-2.2532756088113697,48.18387681376056,9448.8,28744.290737453055,222.25136,0.6614273472518324,1.0690683322578098,1.0,1.0,1.0,13.799968914382415
SE150_FL310,2022-03-01 00:51:00.000000000,-2.0987991229566814,48.25322023064404,9448.8,28744.290737453055,222.25551,0.660623937431356,1.067736356417253,1.0,1.0,1.0,13.799965240897679
SE150_FL310,2022-03-01 00:52:00.000000000,-1.9445040937337181,48.3229488593347,9448.8,28744.290737453055,222.23567,0.65961044984804,1.0662620774392064,1.0,1.0,1.0,13.799961361323575
SE150_FL310,2022-03-01 00:53:00.000000000,-1.7903982506269553,48.393067991826065,9448.8,28744.290737453055,222.17546,0.6620314883533344,1.070676925595791,1.0,1.0,1.0,13.799957299309654
SE150_FL310,2022-03-01 00:54:00.000000000,-1.6364890635725675,48.46358250069396,9448.8,28744.290737453055,222.11661,0.6658025757319258,1.0772682203357233,1.0,1.0,1.0,13.799953081365691
SE150_FL310,2022-03-01 00:55:00.000000000,-1.482783726073991,48.534496832587074,9448.8,28744.290737453055,222.04881,0.6712095416499683,1.0865872441893012,1.0,1.0,1.0,13.799948736550181
SE150_FL310,2022-03-01 00:56:00.000000000,-1.3292891381006948,48.60581500244348,9448.8,28744.290737453055,221.97412,0.6776534073902027,1.0976544265006722,1.0,1.0,1.0,13.79996224359886
SE150_FL310,2022-03-01 00:57:00.000000000,-1.176012199022902,48.677541157964725,9448.8,28744.290737453055,221.91345,0.6841622026484812,1.1087165219601163,1.0,1.0,1.0,13.800015850398514
SE150_FL310,2022-03-01 00:58:00.000000000,-1.022959909011004,48.74967973493967,9448.8,28744.290737453055,221.86848,0.6911940077750739,1.1205019705573482,1.0,1.0,1.0,13.800011280819982
SE150_FL310,2022-03-01 00:59:00.000000000,-0.8701372214611162,48.82223162470867,9448.8,28744.290737453055,221.81645,0.6971072522710053,1.1305428989317585,1.0,1.0,1.0,13.800006501605102
SE150_FL310,2022-03-01 01:00:00.000000000,-0.7175496815727354,48.89519906140205,9448.8,28744.290737453055,221.76189,0.7051544176100598,1.1440745571414042,1.0,1.0,1.0,13.800001555312974
SE150_FL310,2022-03-01 01:01:00.000000000,-0.5652024537904219,48.96858383001156,9448.8,28744.290737453055,221.70169,0.7160558947817685,1.1623021887804297,1.0,1.0,1.0,13.79999648581086
SE150_FL310,2022-03-01 01:02:00.000000000,-0.4131003048958678,49.04238726558329,9448.8,28744.290737453055,221.64339,0.7140210868929742,1.1595172900110027,1.0,1.0,1.0,13.799991337765992
SE150_FL310,2022-03-01 01:03:00.000000000,-0.2612475873906203,49.116610253279745,9448.8,28744.290737453055,221.59029,0.7019292731450357,1.140346042528674,1.0,1.0,1.0,13.7999861561264
SE150_FL310,2022-03-01 01:04:00.000000000,-0.1096482232436474,49.1912532293119,9448.8,28744.290737453055,221.5527,0.6727794619051125,1.0933050797663726,1.0,1.0,1.0,13.799980985617015
SE150_FL310,2022-03-01 01:05:00.000000000,0.041694311923352705,49.266316182737384,9448.8,28744.290737453055,221.53104,0.6296270936275579,1.0233503684243885,1.0,1.0,1.0,13.799975870245795
SE150_FL310,2022-03-01 01:06:00.000000000,0.19277700414136667,49.341798658116055,9448.8,28744.290737453055,221.5202,0.5771498295311986,0.9381365410671174,1.0,0.0,0.0,13.799970852837674
SE150_FL310,2022-03-01 01:07:00.000000000,0.3435973158213465,49.41769975900875,9448.8,28744.290737453055,221.50107,0.5456139180638419,0.8870052243239415,1.0,0.0,0.0,13.79996597459641
SE150_FL310,2022-03-01 01:08:00.000000000,0.49415319983679507,49.49401815230074,9448.8,28744.290737453055,221.48407,0.5370885980583888,0.8732607297431096,1.0,0.0,0.0,13.799961274703167
SE150_FL310,2022-03-01 01:09:00.000000000,0.6444431128990113,49.5707520733261,9448.8,28744.290737453055,221.43633,0.5600171277247298,0.9108722741341517,1.0,0.0,0.0,13.799956789951366
SE150_FL310,2022-03-01 01:10:00.000000000,0.7944660281656921,49.647899331764975,9448.8,28744.290737453055,221.39388,0.5843186324539927,0.9507083529674383,1.0,0.0,0.0,13.799952554435153
SE150_FL310,2022-03-01 01:11:00.000000000,0.9442214470284372,49.72545731828128,9448.8,28744.290737453055,221.36642,0.606270379524742,0.9866302637773842,1.0,0.0,0.0,13.799948599276675
SE150_FL310,2022-03-01 01:12:00.000000000,1.0937094100288882,49.803423011864275,9448.8,28744.290737453055,221.33835,0.630510961577651,1.0263008110227931,1.0,1.0,1.0,13.79994495241215
SE150_FL310,2022-03-01 01:13:00.000000000,1.2429305068591834,49.8817929878337,9448.8,28744.290737453055,221.31096,0.6524621217371953,1.0622543332232732,1.0,1.0,1.0,13.799943970232082
SE150_FL310,2022-03-01 01:14:00.000000000,1.391885839203061,49.9605634958069,9448.8,28744.290737453055,221.3084,0.6663955526808117,1.0849600674133237,1.0,1.0,1.0,13.800018164069398
SE150_FL310,2022-03-01 01:15:00.000000000,1.5405756538199646,50.039732525500625,9448.8,28744.290737453055,221.31151,0.677818717235171,1.1035304067576615,1.0,1.0,1.0,13.800012779561797
SE150_FL310,2022-03-01 01:16:00.000000000,1.689003811745885,50.119293133097386,9448.8,28744.290737453055,221.31813,0.6863705401505125,1.1173985645943716,1.0,1.0,1.0,13.800007711970267
SE150_FL310,2022-03-01 01:17:00.000000000,1.8371731915099507,50.19924036232172,9448.8,28744.290737453055,221.34047,0.6892571301719786,1.1219041633162445,1.0,1.0,1.0,13.800002984178791
SE150_FL310,2022-03-01 01:18:00.000000000,1.985087255414262,50.279568902342035,9448.8,28744.290737453055,221.36998,0.6909426449190024,1.1243937999922817,1.0,1.0,1.0,13.79999861501331
SE150_FL310,2022-03-01 01:19:00.000000000,2.1327500533276282,50.36027309878075,9448.8,28744.290737453055,221.3949,0.6919148932951664,1.1257604704989521,1.0,1.0,1.0,13.799994619263725
SE150_FL310,2022-03-01 01:20:00.000000000,2.2801662254169526,50.44134696502648,9448.8,28744.290737453055,221.41815,0.6920695504762662,1.1258116346204994,1.0,1.0,1.0,13.799991007751949
SE150_FL310,2022-03-01 01:21:00.000000000,2.4273410038207826,50.52278419379153,9448.8,28744.290737453055,221.439,0.6921295248460847,1.1257328616972038,1.0,1.0,1.0,13.799987787443316
SE150_FL310,2022-03-01 01:22:00.000000000,2.5742802132739526,50.604578168858964,9448.8,28744.290737453055,221.43968,0.6882984983556427,1.1194963220585807,1.0,1.0,1.0,13.799984961591031
SE150_FL310,2022-03-01 01:23:00.000000000,2.720990270699007,50.686721976962986,9448.8,28744.290737453055,221.42836,0.6820953098247645,1.1095003132865744,1.0,1.0,1.0,13.79998252990439
SE150_FL310,2022-03-01 01:24:00.000000000,2.8674781837846655,50.769208419747585,9448.8,28744.290737453055,221.41106,0.6773907660142489,1.101993783662625,1.0,1.0,1.0,13.79998048874809
SE150_FL310,2022-03-01 01:25:00.000000000,3.013751548576857,50.85203002574966,9448.8,28744.290737453055,221.38936,0.6739089439973343,1.0965141744826934,1.0,1.0,1.0,13.799978831356217
SE150_FL310,2022-03-01 01:26:00.000000000,3.1598185461124664,50.935179062353996,9448.8,28744.290737453055,221.35822,0.6693422476014337,1.0893405804816951,1.0,1.0,1.0,13.79997754806047
SE150_FL310,2022-03-01 01:27:00.000000000,3.3056879381298114,51.0186475476696,9448.8,28744.290737453055,221.32118,0.6653477741056776,1.083148961611388,1.0,1.0,1.0,13.799976626528416
SE150_FL310,2022-03-01 01:28:00.000000000,3.451369061894234,51.10242726227889,9448.8,28744.290737453055,221.26872,0.6629914955773207,1.0797470203916935,1.0,1.0,1.0,13.799976052009184
SE150_FL310,2022-03-01 01:29:00.000000000,3.596871824179734,51.18650976081355,9448.8,28744.290737453055,221.21172,0.6590266615972223,1.0737536226100552,1.0,1.0,1.0,13.79997580757543
SE150_FL310,2022-03-01 01:30:00.000000000,3.7422066944510983,51.27088638331356,9448.8,28744.290737453055,221.15173,0.6528333662264951,1.064149833073083,1.0,1.0,1.0,13.799975874366709
SE150_FL310,2022-03-01 01:31:00.000000000,3.8873846972928505,51.35554826632859,9448.8,28744.290737453055,221.09264,0.6519456886708714,1.0631789175940562,1.0,1.0,1.0,13.799976231823901
SE150_FL310,2022-03-01 01:32:00.000000000,4.032417404133353,51.44048635372388,9448.8,28744.290737453055,221.03737,0.6498820368540962,1.0602615753448106,1.0,1.0,1.0,13.799976857923344
SE150_FL310,2022-03-01 01:33:00.000000000,4.17731692431389,51.525691407155904,9448.8,28744.290737453055,220.99553,0.6467678160097744,1.0555157330474414,1.0,1.0,1.0,13.79997772939002
SE150_FL310,2022-03-01 01:34:00.000000000,4.322095895553423,51.611154016185885,9448.8,28744.290737453055,220.97183,0.6451620214823925,1.053087352377912,1.0,1.0,1.0,13.799978821916332
SE150_FL310,2022-03-01 01:35:00.000000000,4.466767473859694,51.69686460800298,9448.8,28744.290737453055,220.96596,0.6440925326680034,1.0513861099397162,1.0,1.0,1.0,13.79998011034861
SE150_FL310,2022-03-01 01:36:00.000000000,4.61134532293813,51.78281345673147,9448.8,28744.290737453055,220.98212,0.6417685445092041,1.047462330887724,1.0,1.0,1.0,13.799981568886242
SE150_FL310,2022-03-01 01:37:00.000000000,4.755843603148792,51.86899069230014,9448.8,28744.290737453055,221.00513,0.6392750587629886,1.0432113117046846,1.0,1.0,1.0,13.79998317125147
SE150_FL310,2022-03-01 01:38:00.000000000,4.9002769600611895,51.95538630885467,9448.8,28744.290737453055,221.04079,0.6364877484895735,1.038380474354236,1.0,1.0,1.0,13.799984890852482
SE150_FL310,2022-03-01 01:39:00.000000000,5.044660512655349,52.041990172697254,9448.8,28744.290737453055,221.07562,0.6343807948677753,1.0346703194261455,1.0,1.0,1.0,13.799986700946327
SE150_FL310,2022-03-01 01:40:00.000000000,5.189009841215732,52.12879202974077,9448.8,28744.290737453055,221.11014,0.6327801485928184,1.0317891091906635,1.0,1.0,1.0,13.799988574784994
SE150_FL310,2022-03-01 01:41:00.000000000,5.33334097496334,52.2157815124673,9448.8,28744.290737453055,221.1441,0.6326381394421492,1.0312904247433943,1.0,1.0,1.0,13.799990485753726
SE150_FL310,2022-03-01 01:42:00.000000000,5.477670379467894,52.30294814638437,9448.8,28744.290737453055,221.17867,0.6335002182681423,1.0324269119213263,1.0,1.0,1.0,13.799992407510803
SE150_FL310,2022-03-01 01:43:00.000000000,5.622014943881001,52.390281355974025,9448.8,28744.290737453055,221.2118,0.6364500984674484,1.0369666893937863,1.0,1.0,1.0,13.79999431411892
SE150_FL310,2022-03-01 01:44:00.000000000,5.766391968026885,52.477770470133564,9448.8,28744.290737453055,221.24213,0.6403256950535338,1.0430432910197176,1.0,1.0,1.0,13.799996180175784
SE150_FL310,2022-03-01 01:45:00.000000000,5.910819149385742,52.565404727108,9448.8,28744.290737453055,221.26157,0.644873161680318,1.05029290127607,1.0,1.0,1.0,13.799997980946767
SE150_FL310,2022-03-01 01:46:00.000000000,6.055314570000713,52.65317327891751,9448.8,28744.290737453055,221.28455,0.6488779303353419,1.056630998448709,1.0,1.0,1.0,13.799999692491834
SE150_FL310,2022-03-01 01:47:00.000000000,6.19989668333652,52.74106519528474,9448.8,28744.290737453055,221.30931,0.65161540513594,1.0608907824742633,1.0,1.0,1.0,13.80000129179735
SE150_FL310,2022-03-01 01:48:00.000000000,6.344584301114556,52.829069467069175,9448.8,28744.290737453055,221.3223,0.647670917412322,1.0543614153808583,1.0,1.0,1.0,13.800002756917273
SE150_FL310,2022-03-01 01:49:00.000000000,6.48939658014588,52.91717500921703,9448.8,28744.290737453055,221.3353,0.6427961444722345,1.0463234280650189,1.0,1.0,1.0,13.800004067102952
SE150_FL310,2022-03-01 01:50:00.000000000,6.634353009179616,53.00537066323756,9448.8,28744.290737453055,221.3504,0.638404571344232,1.0390536308204363,1.0,1.0,1.0,13.80000520294991
SE150_FL310,2022-03-01 01:51:00.000000000,6.779473395781127,53.09364519921752,9448.8,28744.290737453055,221.36325,0.6347087602448346,1.0329375679481538,1.0,1.0,1.0,13.800006146536646
SE150_FL310,2022-03-01 01:52:00.000000000,6.924777853250975,53.18198731738731,9448.8,28744.290737453055,221.36607,0.6125444482427825,0.9968437167180517,1.0,0.0,0.0,13.80000688157544
SE150_FL310,2022-03-01 01:53:00.000000000,7.070286787591492,53.270385649253456,9448.8,28744.290737453055,221.37343,0.587525247452621,0.9560763915780035,1.0,0.0,0.0,13.800007393558275
SE150_FL310,2022-03-01 01:54:00.000000000,7.216020884525191,53.35882875831312,9448.8,28744.290737453055,221.38127,0.5612622396551639,0.9132823885318794,1.0,0.0,0.0,13.800007669900015
SE150_FL310,2022-03-01 01:55:00.000000000,7.3620010965652085,53.44730514036748,9448.8,28744.290737453055,221.38553,0.5213753215681238,0.8483523761996503,1.0,0.0,0.0,13.800007700096462
SE150_FL310,2022-03-01 01:56:00.000000000,7.508248630134886,53.53580322345174,9448.8,28744.290737453055,221.39343,0.47561369484581345,0.773844073523947,1.0,0.0,0.0,13.800007475854803
SE150_FL310,2022-03-01 01:57:00.000000000,7.654784932730397,53.62431136740005,9448.8,28744.290737453055,221.39496,0.4373042553173101,0.7115047830870115,1.0,0.0,0.0,13.800006991241453
SE150_FL310,2022-03-01 01:58:00.000000000,7.801631680117048,53.712817863064856,9448.8,28744.290737453055,221.3981,0.40239266773352705,0.6546864946284596,1.0,0.0,0.0,13.800006242806354
SE150_FL310,2022-03-01 01:59:00.000000000,7.948810763547113,53.80131093121019,9448.8,28744.290737453055,221.41142,0.37292149745619374,0.6066759840062849,1.0,0.0,0.0,13.800005229709964
SE150_FL310,2022-03-01 02:00:00.000000000,8.096344276983887,53.889778721099525,9448.8,28744.290737453055,221.42471,0.35343443819918,0.5749150081223063,1.0,0.0,0.0,13.800003953824296
SE150_FL310,2022-03-01 02:01:00.000000000,8.244254504314016,53.97820930879907,9448.8,28744.290737453055,221.43443,0.3406941798688876,0.5541500720169636,1.0,0.0,0.0,13.80000241982998
SE150_FL310,2022-03-01 02:02:00.000000000,8.392563906527803,54.06659069521786,9448.8,28744.290737453055,221.46216,0.33053114211458745,0.5375057622291495,1.0,0.0,0.0,13.800000635287429
SE150_FL310,2022-03-01 02:03:00.000000000,8.541295108844203,54.15491080390644,9448.8,28744.290737453055,221.49109,0.32175360481902676,0.5231145141756116,1.0,0.0,0.0,13.79999861068731
SE150_FL310,2022-03-01 02:04:00.000000000,8.690470887755579,54.24315747863636,9448.8,28744.290737453055,221.52109,0.3188483827535658,0.5182721371944505,1.0,0.0,0.0,13.799996359482744
SE150_FL310,2022-03-01 02:05:00.000000000,8.840114157964688,54.3313184807831,9448.8,28744.290737453055,221.53177,0.32165864999551125,0.5227985027077906,1.0,0.0,0.0,13.799993898086694
SE150_FL310,2022-03-01 02:06:00.000000000,8.990247959184734,54.41938148653517,9448.8,28744.290737453055,221.54895,0.32204312968203586,0.5233541709046926,1.0,0.0,0.0,13.799991245846577
SE150_FL310,2022-03-01 02:07:00.000000000,9.140895442771445,54.50733408395296,9448.8,28744.290737453055,221.5561,0.3261138306980222,0.5299399172251329,1.0,0.0,0.0,13.799988424983786
SE150_FL310,2022-03-01 02:08:00.000000000,9.292079858154782,54.595163769900566,9448.8,28744.290737453055,221.55006,0.33264289590200696,0.5405754607510445,1.0,0.0,0.0,13.799985460504125
SE150_FL310,2022-03-01 02:09:00.000000000,9.443824539036145,54.682857946874975,9448.8,28744.290737453055,221.5519,0.33346481712247206,0.5419033169245456,1.0,0.0,0.0,13.79998238006007
SE150_FL310,2022-03-01 02:10:00.000000000,9.596152889316482,54.770403919756546,9448.8,28744.290737453055,221.55142,0.33526682641935046,0.5448332662366377,1.0,0.0,0.0,13.799979213805697
SE150_FL310,2022-03-01 02:11:00.000000000,9.749088368719127,54.85778889250587,9448.8,28744.290737453055,221.53343,0.3426156036794393,0.5568519857639409,1.0,0.0,0.0,13.79997599417574
SE150_FL310,2022-03-01 02:12:00.000000000,9.902654478070929,54.944999964831716,9448.8,28744.290737453055,221.52267,0.3446077633506005,0.5601363248299321,1.0,0.0,0.0,8.71787688339356
SE150_FL310,2022-03-01 02:12:37.904240283,10.0,55.0,9448.8,28744.290737453055,221.52934,0.34214773091983786,0.5561086255449701,1.0,0.0,0.0,0.0
GC0_FL310,2022-03-01 00:00:00.000000000,-10.000000000000002,45.00000000000001,9448.8,28744.290737453055,221.943,0.6623241213715603,1.0730846991102478,1.0,1.0,1.0,13.800031261260088
GC0_FL310,2022-03-01 00:01:00.000000000,-9.876312021826006,45.08811854334467,9448.8,28744.290737453055,222.00066,0.669208634611904,1.0837518327020665,1.0,1.0,1.0,13.800027623894355
GC0_FL310,2022-03-01 00:02:00.000000000,-9.752242252140906,45.176103215944366,9448.8,28744.290737453055,222.07497,0.6714163607804889,1.0867022578537142,1.0,1.0,1.0,13.800023933454368
GC0_FL310,2022-03-01 00:03:00.000000000,-9.627788920452794,45.263953191638386,9448.8,28744.290737453055,222.14111,0.6741861357395188,1.0906280850602403,1.0,1.0,1.0,13.800020189682812
GC0_FL310,2022-03-01 00:04:00.000000000,-9.5029502525583,45.351667639156055,9448.8,28744.290737453055,222.18996,0.6757164761465567,1.0926872121254683,1.0,1.0,1.0,13.800016392336534
GC0_FL310,2022-03-01 00:05:00.000000000,-9.377724470626134,45.439245722091066,9448.8,28744.290737453055,222.23758,0.6776936843059848,1.0954779228295166,1.0,1.0,1.0,13.800012541176311
GC0_FL310,2022-03-01 00:06:00.000000000,-9.252109793282935,45.52668659887586,9448.8,28744.290737453055,222.29413,0.6774000358153405,1.0945243411299086,1.0,1.0,1.0,13.800008635971807
GC0_FL310,2022-03-01 00:07:00.000000000,-9.126104435701345,45.613989422756205,9448.8,28744.290737453055,222.31163,0.6841561806832809,1.1052872586530882,1.0,1.0,1.0,13.800004676501466
GC0_FL310,2022-03-01 00:08:00.000000000,-8.999706609690397,45.701153341765824,9448.8,28744.290737453055,222.3557,0.684273454479189,1.1050970644732876,1.0,1.0,1.0,13.800000662551579
GC0_FL310,2022-03-01 00:09:00.000000000,-8.872914523788092,45.7881774987011,9448.8,28744.290737453055,222.34912,0.6885878130967165,1.1121245798748358,1.0,1.0,1.0,13.799996593917113
GC0_FL310,2022-03-01 00:10:00.000000000,-8.745726383356452,45.87506103109597,9448.8,28744.290737453055,222.33728,0.6902756403075514,1.1149521224055827,1.0,1.0,1.0,13.799992470403737
GC0_FL310,2022-03-01 00:11:00.000000000,-8.618140390678803,45.96180307119685,9448.8,28744.290737453055,222.31905,0.6900447814963669,1.1147369781148369,1.0,1.0,1.0,13.799988291825057
GC0_FL310,2022-03-01 00:12:00.000000000,-8.490154745059604,46.04840274593778,9448.8,28744.290737453055,222.29274,0.6861756772140949,1.1087135806238984,1.0,1.0,1.0,13.799984058004643
GC0_FL310,2022-03-01 00:13:00.000000000,-8.36176764292664,46.13485917691566,9448.8,28744.290737453055,222.23009,0.6830924637152409,1.1042702998671483,1.0,1.0,1.0,13.799979768777922
GC0_FL310,2022-03-01 00:14:00.000000000,-8.232977277935733,46.22117148036564,9448.8,28744.290737453055,222.17972,0.678311525881372,1.096969720512254,1.0,1.0,1.0,13.79997542398953
GC0_FL310,2022-03-01 00:15:00.000000000,-8.103781841077932,46.30733876713662,9448.8,28744.290737453055,222.07423,0.69109719989866,1.1185610956925618,1.0,1.0,1.0,13.799971023496427
GC0_FL310,2022-03-01 00:16:00.000000000,-7.974179520789293,46.39336014266697,9448.8,28744.290737453055,221.98398,0.7030644142678082,1.1387273428352598,1.0,1.0,1.0,13.799966567164596
GC0_FL310,2022-03-01 00:17:00.000000000,-7.844168503063274,46.47923470696041,9448.8,28744.290737453055,221.91759,0.7139454756454352,1.1569460596033987,1.0,1.0,1.0,13.8000335506074
GC0_FL310,2022-03-01 00:18:00.000000000,-7.713744387039283,46.56496062297613,9448.8,28744.290737453055,221.86172,0.7297604107627459,1.1830837430562666,1.0,1.0,1.0,13.800029833224963
GC0_FL310,2022-03-01 00:19:00.000000000,-7.582907908106713,46.65053789712994,9448.8,28744.290737453055,221.82292,0.744975328866519,1.2081124996363175,1.0,1.0,1.0,13.800025836216795
GC0_FL310,2022-03-01 00:20:00.000000000,-7.451657253716138,46.73596561579989,9448.8,28744.290737453055,221.80894,0.7532876139474974,1.2217239812451488,1.0,1.0,1.0,13.800021784046535
GC0_FL310,2022-03-01 00:21:00.000000000,-7.319990601234423,46.82124285691214,9448.8,28744.290737453055,221.80861,0.756541623869071,1.2270030411116732,1.0,1.0,1.0,13.800017676565119
GC0_FL310,2022-03-01 00:22:00.000000000,-7.187906126190921,46.90636869283971,9448.8,28744.290737453055,221.83235,0.7537154548604729,1.2221981639974402,1.0,1.0,1.0,13.800013513633964
GC0_FL310,2022-03-01 00:23:00.000000000,-7.0554020024062,46.99134219037952,9448.8,28744.290737453055,221.88196,0.7499448060745756,1.215619935667474,1.0,1.0,1.0,13.800009295126483
GC0_FL310,2022-03-01 00:24:00.000000000,-6.922476402123702,47.07616241072962,9448.8,28744.290737453055,221.94019,0.7424013400887981,1.2028481780180467,1.0,1.0,1.0,13.800005020927465
GC0_FL310,2022-03-01 00:25:00.000000000,-6.789127496144292,47.16082840946671,9448.8,28744.290737453055,222.00456,0.7350468833194919,1.1903372174043831,1.0,1.0,1.0,13.800000690938065
GC0_FL310,2022-03-01 00:26:00.000000000,-6.655353453963729,47.24533923652389,9448.8,28744.290737453055,222.04988,0.730694843926837,1.182875464524677,1.0,1.0,1.0,13.799996305067978
GC0_FL310,2022-03-01 00:27:00.000000000,-6.521152443913118,47.32969393616862,9448.8,28744.290737453055,222.09274,0.7243203924802913,1.1721682260704576,1.0,1.0,1.0,13.799991863244522
GC0_FL310,2022-03-01 00:28:00.000000000,-6.386522633302341,47.41389154698097,9448.8,28744.290737453055,222.10825,0.7190518302708866,1.1634997460411522,1.0,1.0,1.0,13.799987365406142
GC0_FL310,2022-03-01 00:29:00.000000000,-6.251462188566615,47.49793110183218,9448.8,28744.290737453055,222.11478,0.718746060176115,1.162947790179943,1.0,1.0,1.0,13.79998281150992
GC0_FL310,2022-03-01 00:30:00.000000000,-6.1159692754160595,47.58181162786344,9448.8,28744.290737453055,222.11006,0.714871230554544,1.1567206647893478,1.0,1.0,1.0,13.799978201523881
GC0_FL310,2022-03-01 00:31:00.000000000,-5.980042058988454,47.66553214646499,9448.8,28744.290737453055,222.10483,0.711854867460458,1.1518871615833208,1.0,1.0,1.0,13.799973535432741
GC0_FL310,2022-03-01 00:32:00.000000000,-5.84367870400512,47.74909167325553,9448.8,28744.290737453055,222.05835,0.7062250313519685,1.1431893292615156,1.0,1.0,1.0,13.799968813237534
GC0_FL310,2022-03-01 00:33:00.000000000,-5.70687737493005,47.832489218061895,9448.8,28744.290737453055,222.01186,0.7020908064859332,1.136906710523077,1.0,1.0,1.0,13.799964034957233
GC0_FL310,2022-03-01 00:34:00.000000000,-5.569636236132259,47.91572378489917,9448.8,28744.290737453055,221.96468,0.6969161606835039,1.1289385380411592,1.0,1.0,1.0,13.800035855280361
GC0_FL310,2022-03-01 00:35:00.000000000,-5.431950681045849,47.9987933410855,9448.8,28744.290737453055,221.91266,0.6927491516960763,1.122641441903794,1.0,1.0,1.0,13.80003208062314
GC0_FL310,2022-03-01 00:36:00.000000000,-5.2938216052343305,48.08169789082298,9448.8,28744.290737453055,221.84564,0.6902553123894536,1.1191784565459895,1.0,1.0,1.0,13.800027766635571
GC0_FL310,2022-03-01 00:37:00.000000000,-5.155247191271525,48.164436426955106,9448.8,28744.290737453055,221.79672,0.6806803888591164,1.1040660495813364,1.0,1.0,1.0,13.800023396612284
GC0_FL310,2022-03-01 00:38:00.000000000,-5.016225604851381,48.24700792994952,9448.8,28744.290737453055,221.74294,0.6724894710250735,1.0912381651356218,1.0,1.0,1.0,13.800018970545228
GC0_FL310,2022-03-01 00:39:00.000000000,-4.876755012439158,48.329411374367055,9448.8,28744.290737453055,221.69447,0.6669782202135461,1.0826956840255184,1.0,1.0,1.0,13.800014488442477
GC0_FL310,2022-03-01 00:40:00.000000000,-4.7368335814541895,48.411645728843965,9448.8,28744.290737453055,221.63799,0.6643428311297378,1.0788880095607274,1.0,1.0,1.0,13.800009950331221
GC0_FL310,2022-03-01 00:41:00.000000000,-4.596459480456218,48.493709956074575,9448.8,28744.290737453055,221.61612,0.6690007856745387,1.0866362066975332,1.0,1.0,1.0,13.800005356252322
GC0_FL310,2022-03-01 00:42:00.000000000,-4.455630879335287,48.57560301279429,9448.8,28744.290737453055,221.59048,0.6700069950350476,1.0884848971536458,1.0,1.0,1.0,13.800000706269127
GC0_FL310,2022-03-01 00:43:00.000000000,-4.314345949505185,48.6573238497631,9448.8,28744.290737453055,221.56299,0.6687170214458568,1.086618725674468,1.0,1.0,1.0,13.799996000461707
GC0_FL310,2022-03-01 00:44:00.000000000,-4.172602864100605,48.73887141174949,9448.8,28744.290737453055,221.53343,0.6652500356972485,1.0812286405792098,1.0,1.0,1.0,13.799991238929968
GC0_FL310,2022-03-01 00:45:00.000000000,-4.030399798177934,48.8202446375148,9448.8,28744.290737453055,221.51718,0.6617233347649573,1.0756302462488863,1.0,1.0,1.0,13.79998642179239
GC0_FL310,2022-03-01 00:46:00.000000000,-3.8877349289197967,48.901442459798034,9448.8,28744.290737453055,221.5049,0.6587294062219843,1.0708658505798538,1.0,1.0,1.0,13.799981549189066
GC0_FL310,2022-03-01 00:47:00.000000000,-3.744606435843342,48.98246380530123,9448.8,28744.290737453055,221.49222,0.6528730856992249,1.0614520951164284,1.0,1.0,1.0,13.799976621281434
GC0_FL310,2022-03-01 00:48:00.000000000,-3.601012501012314,49.06330759467523,9448.8,28744.290737453055,221.49802,0.6587950017645544,1.0710308859289688,1.0,1.0,1.0,13.799971638251657
GC0_FL310,2022-03-01 00:49:00.000000000,-3.456951309253031,49.14397274250603,9448.8,28744.290737453055,221.50821,0.6649881025475266,1.0810120105849672,1.0,1.0,1.0,13.799966600302653
GC0_FL310,2022-03-01 00:50:00.000000000,-3.312421048374104,49.22445815730157,9448.8,28744.290737453055,221.51372,0.6702489623075323,1.0895171858165624,1.0,1.0,1.0,13.799961507663523
GC0_FL310,2022-03-01 00:51:00.000000000,-3.1674199093902,49.304762741479145,9448.8,28744.290737453055,221.5176,0.6752224753853161,1.0975713239786016,1.0,1.0,1.0,13.80003811560671
GC0_FL310,2022-03-01 00:52:00.000000000,-3.021943131385752,49.3848842512864,9448.8,28744.290737453055,221.52425,0.676636513132964,1.099812996481232,1.0,1.0,1.0,13.80003431143209
GC0_FL310,2022-03-01 00:53:00.000000000,-2.875991817593982,49.46482269242153,9448.8,28744.290737453055,221.5361,0.6739523534504126,1.0953520426130596,1.0,1.0,1.0,13.80002967563927
GC0_FL310,2022-03-01 00:54:00.000000000,-2.7295641981544376,49.54457695964448,9448.8,28744.290737453055,221.549,0.6699365147210903,1.088715194365626,1.0,1.0,1.0,13.800024984324816
GC0_FL310,2022-03-01 00:55:00.000000000,-2.582658479303576,49.62414593078313,9448.8,28744.290737453055,221.56589,0.6650442971589463,1.0806264576161257,1.0,1.0,1.0,13.800020237683322
GC0_FL310,2022-03-01 00:56:00.000000000,-2.435272871668278,49.703528477519875,9448.8,28744.290737453055,221.57674,0.6640761646425715,1.0789644331538857,1.0,1.0,1.0,13.800015435926571
GC0_FL310,2022-03-01 00:57:00.000000000,-2.2874055905140325,49.78272346538261,9448.8,28744.290737453055,221.57802,0.6661262399495723,1.082283545890529,1.0,1.0,1.0,13.800010579292724
GC0_FL310,2022-03-01 00:58:00.000000000,-2.139054855997014,49.86172975373617,9448.8,28744.290737453055,221.587,0.6674638275944595,1.0843809816434058,1.0,1.0,1.0,13.80000566804335
GC0_FL310,2022-03-01 00:59:00.000000000,-1.990218893420634,49.940546195774644,9448.8,28744.290737453055,221.57639,0.6695458960525701,1.087854916625926,1.0,1.0,1.0,13.800000702464757
GC0_FL310,2022-03-01 01:00:00.000000000,-1.840895933496165,50.01917163851421,9448.8,28744.290737453055,221.55626,0.6718909566821435,1.091832149375696,1.0,1.0,1.0,13.799995682868577
GC0_FL310,2022-03-01 01:01:00.000000000,-1.6910842126076457,50.09760492278672,9448.8,28744.290737453055,221.5244,0.6737659427981759,1.0951468710632426,1.0,1.0,1.0,13.799990609591623
GC0_FL310,2022-03-01 01:02:00.000000000,-1.540781973081079,50.17584488323394,9448.8,28744.290737453055,221.4859,0.6762216142200165,1.0994608612658496,1.0,1.0,1.0,13.799985482999908
GC0_FL310,2022-03-01 01:03:00.000000000,-1.3899874634580285,50.2538903483026,9448.8,28744.290737453055,221.44211,0.6789450376928141,1.1042624574010746,1.0,1.0,1.0,13.799980303483485
GC0_FL310,2022-03-01 01:04:00.000000000,-1.2386989387734455,50.33174014024005,9448.8,28744.290737453055,221.39731,0.6807337490605306,1.1075500280414072,1.0,1.0,1.0,13.799975071460995
GC0_FL310,2022-03-01 01:05:00.000000000,-1.0869146608380469,50.409393075090854,9448.8,28744.290737453055,221.34494,0.6782030467523509,1.103876628214029,1.0,1.0,1.0,13.799969787382079
GC0_FL310,2022-03-01 01:06:00.000000000,-0.9346328985249368,50.48684796269396,9448.8,28744.290737453055,221.30467,0.6756291203257908,1.100024796421944,1.0,1.0,1.0,13.799964451722667
GC0_FL310,2022-03-01 01:07:00.000000000,-0.7818519280607622,50.56410360668077,9448.8,28744.290737453055,221.26175,0.6722431853533772,1.0948674325961225,1.0,1.0,1.0,13.79995906498832
GC0_FL310,2022-03-01 01:08:00.000000000,-0.6285700333214097,50.64115880447403,9448.8,28744.290737453055,221.23651,0.6689517272684129,1.089718516025385,1.0,1.0,1.0,13.800040250558894
GC0_FL310,2022-03-01 01:09:00.000000000,-0.47478237482134333,50.71801108774824,9448.8,28744.290737453055,221.22404,0.6651443447393026,1.0836179951413398,1.0,1.0,1.0,13.800036449888243
GC0_FL310,2022-03-01 01:10:00.000000000,-0.3204903233010431,50.79466047002034,9448.8,28744.290737453055,221.23198,0.6593273476719954,1.074076864989165,1.0,1.0,1.0,13.800031495581349
GC0_FL310,2022-03-01 01:11:00.000000000,-0.16569222733307076,50.87110574593124,9448.8,28744.290737453055,221.24777,0.652735977098476,1.063210366443538,1.0,1.0,1.0,13.80002648819227
GC0_FL310,2022-03-01 01:12:00.000000000,-0.01038640460530521,50.94734568796158,9448.8,28744.290737453055,221.27335,0.6450189979114734,1.0504350033101666,1.0,1.0,1.0,13.800021428178642
GC0_FL310,2022-03-01 01:13:00.000000000,0.14542881799142826,51.02337906239046,9448.8,28744.290737453055,221.28012,0.6392006064057847,1.0409077256006034,1.0,1.0,1.0,13.800016316031584
GC0_FL310,2022-03-01 01:14:00.000000000,0.30175510404023853,51.099204629299564,9448.8,28744.290737453055,221.27576,0.6358736034752159,1.0355243743190299,1.0,1.0,1.0,13.80001115226905
GC0_FL310,2022-03-01 01:15:00.000000000,0.45859410727043437,51.17482114257816,9448.8,28744.290737453055,221.26732,0.6343565369825692,1.0331194495937521,1.0,1.0,1.0,13.8000059374454
GC0_FL310,2022-03-01 01:16:00.000000000,0.6159474712251815,51.25022734992915,9448.8,28744.290737453055,221.24757,0.6374542884781215,1.0383212378228182,1.0,1.0,1.0,13.800000672141353
GC0_FL310,2022-03-01 01:17:00.000000000,0.7738168289243615,51.325421992876,9448.8,28744.290737453055,221.21088,0.6395105431602159,1.041962803135694,1.0,1.0,1.0,13.7999953569759
GC0_FL310,2022-03-01 01:18:00.000000000,0.932203802522942,51.400403806770754,9448.8,28744.290737453055,221.17155,0.6424392434680624,1.047048293121236,1.0,1.0,1.0,13.799989992598045
GC0_FL310,2022-03-01 01:19:00.000000000,1.0911100029643799,51.47517152080301,9448.8,28744.290737453055,221.13612,0.6460093360167373,1.053150666884265,1.0,1.0,1.0,13.79998457969091
GC0_FL310,2022-03-01 01:20:00.000000000,1.2505370296295943,51.549723858009905,9448.8,28744.290737453055,221.09883,0.6498961433568692,1.0597881939829172,1.0,1.0,1.0,13.799979118975191
GC0_FL310,2022-03-01 01:21:00.000000000,1.410486469980993,51.62405953528727,9448.8,28744.290737453055,221.06685,0.6545714152974973,1.0676723565026065,1.0,1.0,1.0,13.799973611204168
GC0_FL310,2022-03-01 01:22:00.000000000,1.570959899201897,51.698177263401696,9448.8,28744.290737453055,221.04073,0.6606942492194611,1.0778735887673676,1.0,1.0,1.0,13.799968057170684
GC0_FL310,2022-03-01 01:23:00.000000000,1.7319588798311787,51.77207574700383,9448.8,28744.290737453055,221.0177,0.6658163990770388,1.0864193326163785,1.0,1.0,1.0,13.799962457699413
GC0_FL310,2022-03-01 01:24:00.000000000,1.8934849613930664,51.84575368464275,9448.8,28744.290737453055,220.99968,0.6743951707643668,1.1005696855352374,1.0,1.0,1.0,13.799956813657149
GC0_FL310,2022-03-01 01:25:00.000000000,2.055539680022396,51.91920976878139,9448.8,28744.290737453055,220.98282,0.6834609819115316,1.1155038306865952,1.0,1.0,1.0,13.800042154299087
GC0_FL310,2022-03-01 01:26:00.000000000,2.2181278486239693,51.99244129650124,9448.8,28744.290737453055,220.96733,0.6918752817102177,1.1293723381153802,1.0,1.0,1.0,13.800038395347975
GC0_FL310,2022-03-01 01:27:00.000000000,2.381247755746821,52.06544829902248,9448.8,28744.290737453055,220.95338,0.6946773567987563,1.1340670094215457,1.0,1.0,1.0,13.800033137066887
GC0_FL310,2022-03-01 01:28:00.000000000,2.5449008423555197,52.13822947261712,9448.8,28744.290737453055,220.93709,0.6942495969442846,1.1335073296147506,1.0,1.0,1.0,13.800027830685213
GC0_FL310,2022-03-01 01:29:00.000000000,2.7090885869023626,52.210783485473385,9448.8,28744.290737453055,220.91501,0.6901406628568127,1.126988935251941,1.0,1.0,1.0,13.800022477008898
GC0_FL310,2022-03-01 01:30:00.000000000,2.873812452494847,52.283108999789214,9448.8,28744.290737453055,220.88281,0.6832774546339925,1.1160534043132802,1.0,1.0,1.0,13.800017076881304
GC0_FL310,2022-03-01 01:31:00.000000000,3.039073886492103,52.35520467179508,9448.8,28744.290737453055,220.84653,0.6806836678778526,1.1121210793413554,1.0,1.0,1.0,13.8000116311833
GC0_FL310,2022-03-01 01:32:00.000000000,3.204874320096632,52.42706915177804,9448.8,28744.290737453055,220.80452,0.6832582988634578,1.1166817367276645,1.0,1.0,1.0,13.80000614083744
GC0_FL310,2022-03-01 01:33:00.000000000,3.3712151679413354,52.498701084107154,9448.8,28744.290737453055,220.75847,0.6836267577008441,1.1176742726824604,1.0,1.0,1.0,13.800000606803097
GC0_FL310,2022-03-01 01:34:00.000000000,3.538097827671728,52.57009910726018,9448.8,28744.290737453055,220.71802,0.6764004015506594,1.1061980132944698,1.0,1.0,1.0,13.799995030082775
GC0_FL310,2022-03-01 01:35:00.000000000,3.705523679523632,52.64126185385161,9448.8,28744.290737453055,220.68369,0.6657545979371061,1.08906887213564,1.0,1.0,1.0,13.799989411721297
GC0_FL310,2022-03-01 01:36:00.000000000,3.8734940858960045,52.71218795066221,9448.8,28744.290737453055,220.65001,0.6537156967522239,1.0696468929338079,1.0,1.0,1.0,13.799983752801687
GC0_FL310,2022-03-01 01:37:00.000000000,4.04201039091922,52.78287601866978,9448.8,28744.290737453055,220.62186,0.64337792540744,1.0529556539607632,1.0,1.0,1.0,13.799978054452163
GC0_FL310,2022-03-01 01:38:00.000000000,4.211073920018708,52.853324673081396,9448.8,28744.290737453055,220.61038,0.6400245237078326,1.0475576143320786,1.0,1.0,1.0,13.799972317845754
GC0_FL310,2022-03-01 01:39:00.000000000,4.380685979473958,52.92353252336716,9448.8,28744.290737453055,220.59999,0.6382689157181001,1.0447669869383032,1.0,1.0,1.0,13.79996654419649
GC0_FL310,2022-03-01 01:40:00.000000000,4.550847855972988,52.993498173295265,9448.8,28744.290737453055,220.59688,0.6391834559607591,1.046289795899308,1.0,1.0,1.0,13.799960734763747
GC0_FL310,2022-03-01 01:41:00.000000000,4.72156081616213,53.06322022096875,9448.8,28744.290737453055,220.6255,0.6418761241079811,1.0504681877644169,1.0,1.0,1.0,13.799954890854742
GC0_FL310,2022-03-01 01:42:00.000000000,4.892826106191535,53.13269725886355,9448.8,28744.290737453055,220.65434,0.6421000016858881,1.0506083765985013,1.0,1.0,1.0,13.80004369387429
GC0_FL310,2022-03-01 01:43:00.000000000,5.064648373766797,53.201926344915194,9448.8,28744.290737453055,220.68419,0.6399885055482846,1.046915654028071,1.0,1.0,1.0,13.800040019521948
GC0_FL310,2022-03-01 01:44:00.000000000,5.237025480446346,53.270907542595175,9448.8,28744.290737453055,220.71796,0.6374286767614019,1.0424608939174267,1.0,1.0,1.0,13.800034486742401
GC0_FL310,2022-03-01 01:45:00.000000000,5.409958542016128,53.339639456889614,9448.8,28744.290737453055,220.75932,0.6373454941629592,1.042002807873595,1.0,1.0,1.0,13.800028914083532
GC0_FL310,2022-03-01 01:46:00.000000000,5.583448717588524,53.40812065808024,9448.8,28744.290737453055,220.80186,0.6403612895461849,1.0465930229786968,1.0,1.0,1.0,13.80002330277767
GC0_FL310,2022-03-01 01:47:00.000000000,5.757497143428711,53.47634971103695,9448.8,28744.290737453055,220.84201,0.6468955541386215,1.0569544362289363,1.0,1.0,1.0,13.800017654102959
GC0_FL310,2022-03-01 01:48:00.000000000,5.932104932473757,53.54432517526539,9448.8,28744.290737453055,220.88693,0.6549808542151708,1.069799185477172,1.0,1.0,1.0,13.800011969384423
GC0_FL310,2022-03-01 01:49:00.000000000,6.10727317384737,53.612045604956435,9448.8,28744.290737453055,220.9339,0.6633750455144014,1.0831257287961777,1.0,1.0,1.0,13.800006249993439
GC0_FL310,2022-03-01 01:50:00.000000000,6.283002932370696,53.679509549037114,9448.8,28744.290737453055,220.9795,0.6708993322658039,1.095031755627414,1.0,1.0,1.0,13.800000497350158
GC0_FL310,2022-03-01 01:51:00.000000000,6.459295248068937,53.746715551223396,9448.8,28744.290737453055,221.02637,0.6756688261765552,1.102422797225226,1.0,1.0,1.0,13.799994712920459
GC0_FL310,2022-03-01 01:52:00.000000000,6.636151135673946,53.81366215007467,9448.8,28744.290737453055,221.0737,0.6799999838477955,1.1090912364592111,1.0,1.0,1.0,13.799988898221487
GC0_FL310,2022-03-01 01:53:00.000000000,6.8135715841229665,53.88034787904993,9448.8,28744.290737453055,221.11603,0.6726307853893609,1.0967192789180276,1.0,1.0,1.0,13.799983054817007
GC0_FL310,2022-03-01 01:54:00.000000000,6.991557556053451,53.94677126656574,9448.8,28744.290737453055,221.15282,0.6432738578506658,1.048558876384493,1.0,1.0,1.0,13.79997718432221
GC0_FL310,2022-03-01 01:55:00.000000000,7.170109987294104,54.01293083605608,9448.8,28744.290737453055,221.18636,0.6084354036651369,0.9915178781251553,1.0,0.0,0.0,13.799971288402922
GC0_FL310,2022-03-01 01:56:00.000000000,7.349229786352257,54.07882510603384,9448.8,28744.290737453055,221.21481,0.559221638285617,0.9111200842778217,1.0,0.0,0.0,13.799965368775869
GC0_FL310,2022-03-01 01:57:00.000000000,7.5289178338974985,54.144452590154366,9448.8,28744.290737453055,221.24307,0.5014687972557231,0.8168512943499066,1.0,0.0,0.0,13.799959427205792
GC0_FL310,2022-03-01 01:58:00.000000000,7.709174982241969,54.20981179728059,9448.8,28744.290737453055,221.27809,0.4472489065617383,0.7283344761824676,1.0,0.0,0.0,13.799953465513312
GC0_FL310,2022-03-01 01:59:00.000000000,7.890002054816966,54.2749012315503,9448.8,28744.290737453055,221.31096,0.3996574165349964,0.6506704502458732,1.0,0.0,0.0,13.800044709298199
GC0_FL310,2022-03-01 02:00:00.000000000,8.07140336006643,54.3397177150441,9448.8,28744.290737453055,221.35063,0.36207395069490483,0.5893034128447564,1.0,0.0,0.0,13.800041165932434
GC0_FL310,2022-03-01 02:01:00.000000000,8.253376235746266,54.4042613638653,9448.8,28744.290737453055,221.39975,0.3416351730169985,0.5558271202916615,1.0,0.0,0.0,13.80003540717797
GC0_FL310,2022-03-01 02:02:00.000000000,8.435921335887098,54.46853070587913,9448.8,28744.290737453055,221.43982,0.3274293484503767,0.532552328487583,1.0,0.0,0.0,13.800029620699759
GC0_FL310,2022-03-01 02:03:00.000000000,8.61903936252284,54.532524226953534,9448.8,28744.290737453055,221.4734,0.3213923266042385,0.5225995808723658,1.0,0.0,0.0,13.800023808234585
GC0_FL310,2022-03-01 02:04:00.000000000,8.802730986129248,54.5962404085977,9448.8,28744.290737453055,221.50328,0.31979994349906077,0.5198900525671898,1.0,0.0,0.0,13.80001797157137
GC0_FL310,2022-03-01 02:05:00.000000000,8.986996845082029,54.659677728041075,9448.8,28744.290737453055,221.53113,0.3188840049734028,0.5182898006651723,1.0,0.0,0.0,13.80001211255036
GC0_FL310,2022-03-01 02:06:00.000000000,9.171837545112288,54.72283465831418,9448.8,28744.290737453055,221.53934,0.32468640710509256,0.5276874117475534,1.0,0.0,0.0,13.800006233064313
GC0_FL310,2022-03-01 02:07:00.000000000,9.357253658759396,54.785709668331585,9448.8,28744.290737453055,221.54819,0.3271973892897246,0.5317335905268245,1.0,0.0,0.0,13.800000335060249
GC0_FL310,2022-03-01 02:08:00.000000000,9.543245724821515,54.84830122297688,9448.8,28744.290737453055,221.5488,0.3307509718371552,0.5375063539289145,1.0,0.0,0.0,13.79999442053751
GC0_FL310,2022-03-01 02:09:00.000000000,9.729814247803706,54.91060778318973,9448.8,28744.290737453055,221.53497,0.33899113023765004,0.5509543006864506,1.0,0.0,0.0,13.799988491549682
GC0_FL310,2022-03-01 02:10:00.000000000,9.916959697363977,54.97262780605501,9448.8,28744.290737453055,221.52846,0.3425645682365235,0.5567927618012461,1.0,0.0,0.0,6.1100550360113415
GC0_FL310,2022-03-01 02:10:26.566305980,10.0,55.0,9448.8,28744.290737453055,221.53246,0.3421858329532235,0.5561581289428431,1.0,0.0,0.0,0.0
NW150_FL310,2022-03-01 00:00:00.000000000,-10.000000000000002,45.00000000000001,9448.8,28744.290737453055,221.943,0.6623241213715603,1.0730846991102478,1.0,1.0,1.0,13.800014615529586
NW150_FL310,2022-03-01 00:01:00.000000000,-9.911943680217473,45.10739059751919,9448.8,28744.290737453055,221.96379,0.669056576279393,1.0838147274562457,1.0,1.0,1.0,13.800013510743517
NW150_FL310,2022-03-01 00:02:00.000000000,-9.823535417039643,45.21470503205091,9448.8,28744.290737453055,221.9995,0.6717883410721358,1.0879421639876068,1.0,1.0,1.0,13.800012336604626
NW150_FL310,2022-03-01 00:03:00.000000000,-9.734752775491534,45.32193450949788,9448.8,28744.290737453055,222.02554,0.6715252249204292,1.0872977091076501,1.0,1.0,1.0,13.800011102228465
NW150_FL310,2022-03-01 00:04:00.000000000,-9.64557321962325,45.4290701602766,9448.8,28744.290737453055,222.03587,0.672657361856122,1.0890419360473067,1.0,1.0,1.0,13.800009817596628
NW150_FL310,2022-03-01 00:05:00.000000000,-9.555974120765597,45.53610303447345,9448.8,28744.290737453055,222.04218,0.6728344210086745,1.0892758900772601,1.0,1.0,1.0,13.800008493466299
NW150_FL310,2022-03-01 00:06:00.000000000,-9.465932766099801,45.64302409705574,9448.8,28744.290737453055,222.0416,0.6719495884945572,1.0878457933036019,1.0,1.0,1.0,13.8000071412585
NW150_FL310,2022-03-01 00:07:00.000000000,-9.37542636757764,45.74982422315823,9448.8,28744.290737453055,222.04169,0.6718500625846756,1.0876867128159284,1.0,1.0,1.0,13.800005772917848
NW150_FL310,2022-03-01 00:08:00.000000000,-9.284432071228174,45.85649419346592,9448.8,28744.290737453055,222.01984,0.6693237081451534,1.0837789772479605,1.0,1.0,1.0,13.800004400762623
NW150_FL310,2022-03-01 00:09:00.000000000,-9.192926966886413,45.96302468971482,9448.8,28744.290737453055,222.00957,0.6640170486870098,1.0752732214143077,1.0,1.0,1.0,13.800003037318143
NW150_FL310,2022-03-01 00:10:00.000000000,-9.100888098379096,46.069406290332594,9448.8,28744.290737453055,221.98038,0.6516539622126604,1.05548975093271,1.0,1.0,1.0,13.800001695131416
NW150_FL310,2022-03-01 00:11:00.000000000,-9.008292474201193,46.175629466241716,9448.8,28744.290737453055,221.94212,0.6353797723438882,1.0294351186359159,1.0,1.0,1.0,13.800000386583605
NW150_FL310,2022-03-01 00:12:00.000000000,-8.915117078716126,46.2816845768484,9448.8,28744.290737453055,221.868,0.6273333179631034,1.0169821452065544,1.0,1.0,1.0,13.799999123681374
NW150_FL310,2022-03-01 00:13:00.000000000,-8.82133888391088,46.38756186624089,9448.8,28744.290737453055,221.76743,0.6298152451472602,1.021795875504718,1.0,1.0,1.0,13.799997917859939
NW150_FL310,2022-03-01 00:14:00.000000000,-8.726934861735826,46.49325145962168,9448.8,28744.290737453055,221.6657,0.6340985565740989,1.0295506965848922,1.0,1.0,1.0,13.799996779771385
NW150_FL310,2022-03-01 00:15:00.000000000,-8.631881997057086,46.59874335999853,9448.8,28744.290737453055,221.5438,0.6394154960904344,1.039156722816638,1.0,1.0,1.0,13.799995719077321
NW150_FL310,2022-03-01 00:16:00.000000000,-8.536157301247139,46.70402744515966,9448.8,28744.290737453055,221.42134,0.6447817568975477,1.048862823709887,1.0,1.0,1.0,13.79999474425429
NW150_FL310,2022-03-01 00:17:00.000000000,-8.439737826436936,46.809093464959474,9448.8,28744.290737453055,221.31468,0.6468638775816149,1.0531074840070818,1.0,1.0,1.0,13.799993862396043
NW150_FL310,2022-03-01 00:18:00.000000000,-8.342600680450126,46.91393103894103,9448.8,28744.290737453055,221.22377,0.646700356333507,1.0535734563136896,1.0,1.0,1.0,13.799993079039334
NW150_FL310,2022-03-01 00:19:00.000000000,-8.244723042436963,47.01852965432236,9448.8,28744.290737453055,221.1422,0.6467202867080113,1.0542621513056203,1.0,1.0,1.0,13.79999239800333
NW150_FL310,2022-03-01 00:20:00.000000000,-8.146082179222427,47.12287866437407,9448.8,28744.290737453055,221.09332,0.6431866258993792,1.048890256781531,1.0,1.0,1.0,13.799991821243808
NW150_FL310,2022-03-01 00:21:00.000000000,-8.046655462379125,47.22696728721557,9448.8,28744.290737453055,221.04178,0.6352291192097432,1.0363212333324254,1.0,1.0,1.0,13.79999134873503
NW150_FL310,2022-03-01 00:22:00.000000000,-7.946420386032092,47.33078460505782,9448.8,28744.290737453055,221.01959,0.6306248515961556,1.028981751325907,1.0,1.0,1.0,13.799990978379531
NW150_FL310,2022-03-01 00:23:00.000000000,-7.845354585398439,47.434319563920425,9448.8,28744.290737453055,221.02371,0.6217357330904767,1.0144470164431831,1.0,1.0,1.0,13.799990705942896
NW150_FL310,2022-03-01 00:24:00.000000000,-7.743435856059993,47.537560973850695,9448.8,28744.290737453055,221.0416,0.6115523463670557,0.997694883903132,1.0,0.0,0.0,13.799990525026583
NW150_FL310,2022-03-01 00:25:00.000000000,-7.640642173962943,47.64049750967218,9448.8,28744.290737453055,221.07263,0.6105194974324006,0.995772989758548,1.0,0.0,0.0,13.799990427059264
NW150_FL310,2022-03-01 00:26:00.000000000,-7.536951716133178,47.743117712289695,9448.8,28744.290737453055,221.11395,0.5970661286880694,0.973526127596488,1.0,0.0,0.0,13.799990401351167
NW150_FL310,2022-03-01 00:27:00.000000000,-7.432342882090881,47.84540999057738,9448.8,28744.290737453055,221.16884,0.591469898099465,0.963998960188997,1.0,0.0,0.0,13.799990435152703
NW150_FL310,2022-03-01 00:28:00.000000000,-7.32679431594254,47.94736262387532,9448.8,28744.290737453055,221.23006,0.583615088841021,0.9507513841095312,1.0,0.0,0.0,13.799990513782763
NW150_FL310,2022-03-01 00:29:00.000000000,-7.220284929122936,48.04896376511957,9448.8,28744.290737453055,221.28978,0.573959038766291,0.9345941170110291,1.0,0.0,0.0,13.799990620759637
NW150_FL310,2022-03-01 00:30:00.000000000,-7.112793923753648,48.15020144462874,9448.8,28744.290737453055,221.34286,0.5704884529330073,0.9285668991027567,1.0,0.0,0.0,13.799990738007454
NW150_FL310,2022-03-01 00:31:00.000000000,-7.00430081657882,48.251063574569415,9448.8,28744.290737453055,221.39491,0.5664475347854702,0.9216242504807343,1.0,0.0,0.0,13.799990846062991
NW150_FL310,2022-03-01 00:32:00.000000000,-6.894785463432784,48.351537954120296,9448.8,28744.290737453055,221.43071,0.5660849194863088,0.9207820195113615,1.0,0.0,0.0,13.79999092434128
NW150_FL310,2022-03-01 00:33:00.000000000,-6.784228084187853,48.45161227535354,9448.8,28744.290737453055,221.46304,0.5638850362627512,0.9169763999950911,1.0,0.0,0.0,13.79999095142065
NW150_FL310,2022-03-01 00:34:00.000000000,-6.672609288124424,48.55127412984912,9448.8,28744.290737453055,221.48497,0.5647164901658708,0.9181730419235075,1.0,0.0,0.0,13.799990905357314
NW150_FL310,2022-03-01 00:35:00.000000000,-6.559910099659522,48.650511016055766,9448.8,28744.290737453055,221.4925,0.5607650902439465,0.9116966114678859,1.0,0.0,0.0,13.799990764032621
NW150_FL310,2022-03-01 00:36:00.000000000,-6.446111984363311,48.74931034740906,9448.8,28744.290737453055,221.47858,0.5549932105824594,0.902409290649474,1.0,0.0,0.0,13.799990505510175
NW150_FL310,2022-03-01 00:37:00.000000000,-6.331196875187807,48.84765946121438,9448.8,28744.290737453055,221.46512,0.5638482656179908,0.9169022065584601,1.0,0.0,0.0,13.799990108416592
NW150_FL310,2022-03-01 00:38:00.000000000,-6.215147198825244,48.94554562829887,9448.8,28744.290737453055,221.43619,0.5697007897078872,0.926623455977838,1.0,0.0,0.0,13.799989552329267
NW150_FL310,2022-03-01 00:39:00.000000000,-6.097945902109083,49.04295606343325,9448.8,28744.290737453055,221.39445,0.5835566364233291,0.9494627124426536,1.0,0.0,0.0,13.799988818168638
NW150_FL310,2022-03-01 00:40:00.000000000,-5.979576478364332,49.13987793652022,9448.8,28744.290737453055,221.35284,0.5967252790942559,0.9712011120744201,1.0,0.0,0.0,13.799987888596085
NW150_FL310,2022-03-01 00:41:00.000000000,-5.860022993609616,49.23629838454239,9448.8,28744.290737453055,221.2977,0.6003093669759533,0.9774422085530119,1.0,0.0,0.0,13.799986748391927
NW150_FL310,2022-03-01 00:42:00.000000000,-5.739270112508919,49.33220452425832,9448.8,28744.290737453055,221.26491,0.597059366581614,0.9723969206374211,1.0,0.0,0.0,13.799985384831924
NW150_FL310,2022-03-01 00:43:00.000000000,-5.617303123966524,49.42758346563079,9448.8,28744.290737453055,221.22424,0.597253117384239,0.9730121827867355,1.0,0.0,0.0,13.799983788033904
NW150_FL310,2022-03-01 00:44:00.000000000,-5.4941079662560375,49.52242232596687,9448.8,28744.290737453055,221.17717,0.5839966136995957,0.9517567995715855,1.0,0.0,0.0,13.799981951284067
NW150_FL310,2022-03-01 00:45:00.000000000,-5.369671251570929,49.61670824474481,9448.8,28744.290737453055,221.16219,0.5766124605840233,0.9398319803184437,1.0,0.0,0.0,13.799979871326002
NW150_FL310,2022-03-01 00:46:00.000000000,-5.243980289882591,49.710428399097715,9448.8,28744.290737453055,221.14491,0.5705609639596864,0.9300895881938638,1.0,0.0,0.0,13.799977548611706
NW150_FL310,2022-03-01 00:47:00.000000000,-5.117023111990287,49.803570019919526,9448.8,28744.290737453055,221.14114,0.5574607510220567,0.9087593752156143,1.0,0.0,0.0,13.799974987505227
NW150_FL310,2022-03-01 00:48:00.000000000,-4.988788491647018,49.896120408553536,9448.8,28744.290737453055,221.15634,0.5366568074444494,0.8747444336181283,1.0,0.0,0.0,13.799972196443608
NW150_FL310,2022-03-01 00:49:00.000000000,-4.85926596664584,49.98806695401959,9448.8,28744.290737453055,221.19466,0.5258028843556574,0.8568042869718676,1.0,0.0,0.0,13.79996918802526
NW150_FL310,2022-03-01 00:50:00.000000000,-4.728445858752139,50.079397150730635,9448.8,28744.290737453055,221.26253,0.5098302572157978,0.8303452071226731,1.0,0.0,0.0,13.799965979069924
NW150_FL310,2022-03-01 00:51:00.000000000,-4.596319292369935,50.17009861664571,9448.8,28744.290737453055,221.3183,0.49197675558362336,0.8009268676580643,1.0,0.0,0.0,13.799962590579305
NW150_FL310,2022-03-01 00:52:00.000000000,-4.462878211833166,50.26015911180118,9448.8,28744.290737453055,221.37614,0.47526315004006464,0.7733760397862147,1.0,0.0,0.0,13.799959047664926
NW150_FL310,2022-03-01 00:53:00.000000000,-4.328115397217069,50.34956655715893,9448.8,28744.290737453055,221.43245,0.4684180265498896,0.7619097481973253,1.0,0.0,0.0,13.799955379398677
NW150_FL310,2022-03-01 00:54:00.000000000,-4.192024478569649,50.43830905370571,9448.8,28744.290737453055,221.47305,0.46853391432949876,0.7618595517649264,1.0,0.0,0.0,13.799951618596008
NW150_FL310,2022-03-01 00:55:00.000000000,-4.05459994846935,50.526374901734854,9448.8,28744.290737453055,221.51341,0.4712544930565735,0.7660457126822714,1.0,0.0,0.0,13.799947801542151
NW150_FL310,2022-03-01 00:56:00.000000000,-3.915837172821923,50.61375262023863,9448.8,28744.290737453055,221.5463,0.4811637275669704,0.7819582692572189,1.0,0.0,0.0,13.799961634315533
NW150_FL310,2022-03-01 00:57:00.000000000,-3.775730534366871,50.70042998100058,9448.8,28744.290737453055,221.56224,0.49971130910107886,0.8120012449101949,1.0,0.0,0.0,13.800015187556577
NW150_FL310,2022-03-01 00:58:00.000000000,-3.634272966085093,50.78639370865784,9448.8,28744.290737453055,221.57834,0.5097360359043086,0.8281872054953325,1.0,0.0,0.0,13.800009923240955
NW150_FL310,2022-03-01 00:59:00.000000000,-3.491468425213449,50.87163617748502,9448.8,28744.290737453055,221.57214,0.5260192723989289,0.8546844822888631,1.0,0.0,0.0,13.800004456466626
NW150_FL310,2022-03-01 01:00:00.000000000,-3.3473158711349957,50.956146985350514,9448.8,28744.290737453055,221.54198,0.546994720791704,0.888972184255484,1.0,0.0,0.0,13.799998839363584
NW150_FL310,2022-03-01 01:01:00.000000000,-3.201815162333295,51.03991604591398,9448.8,28744.290737453055,221.4708,0.5683803177089147,0.9242297256841497,1.0,0.0,0.0,13.799993126409735
NW150_FL310,2022-03-01 01:02:00.000000000,-3.0549670550937402,51.122933607024926,9448.8,28744.290737453055,221.37856,0.5856913249326265,0.9530517390852111,1.0,0.0,0.0,13.799987373795798
NW150_FL310,2022-03-01 01:03:00.000000000,-2.9067732000863327,51.20519026867862,9448.8,28744.290737453055,221.28606,0.6019761770825613,0.9802459563587259,1.0,0.0,0.0,13.799981638763203
NW150_FL310,2022-03-01 01:04:00.000000000,-2.75723613682413,51.28667700045241,9448.8,28744.290737453055,221.18004,0.620132773645109,1.0106288208939582,1.0,1.0,1.0,13.799975978917063
NW150_FL310,2022-03-01 01:05:00.000000000,-2.6063592860038653,51.367385158347936,9448.8,28744.290737453055,221.08356,0.6330568979396426,1.0324471365885075,1.0,1.0,1.0,13.799970451534813
NW150_FL310,2022-03-01 01:06:00.000000000,-2.4541469397475377,51.44730650096773,9448.8,28744.290737453055,220.99728,0.6419993974746064,1.047721067883353,1.0,1.0,1.0,13.799965112869177
NW150_FL310,2022-03-01 01:07:00.000000000,-2.300604249774821,51.526433204957165,9448.8,28744.290737453055,220.92712,0.642372536716955,1.048885205362689,1.0,1.0,1.0,13.799960017463881
NW150_FL310,2022-03-01 01:08:00.000000000,-2.145737213549071,51.60475787964777,9448.8,28744.290737453055,220.8683,0.6422588033025404,1.0491678483309825,1.0,1.0,1.0,13.799955217494318
NW150_FL310,2022-03-01 01:09:00.000000000,-1.9895526584501013,51.682273580841326,9448.8,28744.290737453055,220.82083,0.6452788606850924,1.0544813818515137,1.0,1.0,1.0,13.799950762132118
NW150_FL310,2022-03-01 01:10:00.000000000,-1.832058224038491,51.758973823679455,9448.8,28744.290737453055,220.78494,0.6485051532540147,1.0600396378321706,1.0,1.0,1.0,13.799946696952656
NW150_FL310,2022-03-01 01:11:00.000000000,-1.6732623424866224,51.83485259454882,9448.8,28744.290737453055,220.7542,0.6509287774236053,1.064250584971688,1.0,1.0,1.0,13.799943063395368
NW150_FL310,2022-03-01 01:12:00.000000000,-1.513174217261294,51.909904361977446,9448.8,28744.290737453055,220.73213,0.6533334680222318,1.068359829092281,1.0,1.0,1.0,13.799939898272926
NW150_FL310,2022-03-01 01:13:00.000000000,-1.3518038001522044,51.98412408648381,9448.8,28744.290737453055,220.70872,0.6561844096451138,1.0732114770910974,1.0,1.0,1.0,13.799939745243607
NW150_FL310,2022-03-01 01:14:00.000000000,-1.1891615462200298,52.057507082236924,9448.8,28744.290737453055,220.68816,0.6588442357248498,1.0777306204596,1.0,1.0,1.0,13.800020924011612
NW150_FL310,2022-03-01 01:15:00.000000000,-1.0252518319892376,52.13004458185368,9448.8,28744.290737453055,220.67369,0.6612709275448323,1.0818169858914066,1.0,1.0,1.0,13.800013978858964
NW150_FL310,2022-03-01 01:16:00.000000000,-0.8600941937770141,52.20173800568454,9448.8,28744.290737453055,220.6625,0.6631521569526352,1.0849838230661233,1.0,1.0,1.0,13.800007477983955
NW150_FL310,2022-03-01 01:17:00.000000000,-0.6937013373187131,52.27258437763797,9448.8,28744.290737453055,220.65002,0.6640394796098146,1.0865394961673847,1.0,1.0,1.0,13.800001452770012
NW150_FL310,2022-03-01 01:18:00.000000000,-0.5260865789675423,52.34258124591907,9448.8,28744.290737453055,220.63893,0.6617386609252469,1.0828655415344606,1.0,1.0,1.0,13.799995928589095
NW150_FL310,2022-03-01 01:19:00.000000000,-0.35726381511859207,52.4117266860437,9448.8,28744.290737453055,220.63985,0.6567674474446078,1.074723193766278,1.0,1.0,1.0,13.79999092471825
NW150_FL310,2022-03-01 01:20:00.000000000,-0.1872474908346242,52.480019302721765,9448.8,28744.290737453055,220.6439,0.6513012904017531,1.0657464749438856,1.0,1.0,1.0,13.799986454317708
NW150_FL310,2022-03-01 01:21:00.000000000,-0.0160525678074433,52.54745823062341,9448.8,28744.290737453055,220.64632,0.6449344181077546,1.055308541230163,1.0,1.0,1.0,13.799982524503399
NW150_FL310,2022-03-01 01:22:00.000000000,0.15630550821031364,52.614043134048934,9448.8,28744.290737453055,220.64641,0.6412283960197436,1.0492441779409352,1.0,1.0,1.0,13.79997913648606
NW150_FL310,2022-03-01 01:23:00.000000000,0.329810840369795,52.67977420552756,9448.8,28744.290737453055,220.64784,0.6402701477834957,1.0476649416646893,1.0,1.0,1.0,13.799976285786364
NW150_FL310,2022-03-01 01:24:00.000000000,0.5044471139547051,52.74465216337665,9448.8,28744.290737453055,220.65036,0.6413564931032371,1.0494228519249353,1.0,1.0,1.0,13.799973962517008
NW150_FL310,2022-03-01 01:25:00.000000000,0.680197629744843,52.80867824825721,9448.8,28744.290737453055,220.63293,0.642550345083062,1.0515130190237076,1.0,1.0,1.0,13.799972151720771
NW150_FL310,2022-03-01 01:26:00.000000000,0.857045337388637,52.8718542187659,9448.8,28744.290737453055,220.6132,0.644898603074241,1.0555120404637242,1.0,1.0,1.0,13.799970833761792
NW150_FL310,2022-03-01 01:27:00.000000000,1.034972868662569,52.93418234610838,9448.8,28744.290737453055,220.59062,0.648077118375603,1.0608983601454287,1.0,1.0,1.0,13.799969984769
NW150_FL310,2022-03-01 01:28:00.000000000,1.2139625705007244,52.99566540790184,9448.8,28744.290737453055,220.56088,0.6508680837949464,1.0657038352565076,1.0,1.0,1.0,13.799969577100743
NW150_FL310,2022-03-01 01:29:00.000000000,1.3939965376829655,53.056306681157686,9448.8,28744.290737453055,220.53575,0.6507629495054642,1.0657324463290638,1.0,1.0,1.0,13.799969579857322
NW150_FL310,2022-03-01 01:30:00.000000000,1.5750566450764563,53.11610993449817,9448.8,28744.290737453055,220.51527,0.6492751290773134,1.063458110455439,1.0,1.0,1.0,13.799969959394309
NW150_FL310,2022-03-01 01:31:00.000000000,1.7571245793312809,53.17507941966272,9448.8,28744.290737453055,220.49956,0.6467244935367121,1.0594072548727038,1.0,1.0,1.0,13.799970679859165
NW150_FL310,2022-03-01 01:32:00.000000000,1.9401818699385918,53.23321986236095,9448.8,28744.290737453055,220.50116,0.6416104675407586,1.051015924236133,1.0,1.0,1.0,13.799971703727884
NW150_FL310,2022-03-01 01:33:00.000000000,2.1242099195660367,53.29053645253109,9448.8,28744.290737453055,220.50713,0.6361773408552879,1.0420713351536866,1.0,1.0,1.0,13.799972992333837
NW150_FL310,2022-03-01 01:34:00.000000000,2.3091900335932243,53.34703483406254,9448.8,28744.290737453055,220.51657,0.6307666350878668,1.0331358866096558,1.0,1.0,1.0,13.799974506384897
NW150_FL310,2022-03-01 01:35:00.000000000,2.4951034487770922,53.402721094041766,9448.8,28744.290737453055,220.53186,0.6233909466202302,1.0209362923567384,1.0,1.0,1.0,13.799976206465772
NW150_FL310,2022-03-01 01:36:00.000000000,2.6819313609848683,53.457601751580526,9448.8,28744.290737453055,220.54373,0.6168901064946177,1.0101979862273682,1.0,1.0,1.0,13.799978053504757
NW150_FL310,2022-03-01 01:37:00.000000000,2.8696549519397707,53.511683746284476,9448.8,28744.290737453055,220.55147,0.6091200435536452,0.9974174994984837,1.0,0.0,0.0,13.799980009221503
NW150_FL310,2022-03-01 01:38:00.000000000,3.0582554149321086,53.56497442641937,9448.8,28744.290737453055,220.55653,0.6017546628610397,0.9853204453977713,1.0,0.0,0.0,13.799982036526542
NW150_FL310,2022-03-01 01:39:00.000000000,3.2477139794557783,53.61748153683056,9448.8,28744.290737453055,220.55478,0.5972361581109384,0.9779333160373499,1.0,0.0,0.0,13.799984099891018
NW150_FL310,2022-03-01 01:40:00.000000000,3.4380119347371982,53.6692132066701,9448.8,28744.290737453055,220.54234,0.5990820323014654,0.9810487283427105,1.0,0.0,0.0,13.799986165670656
NW150_FL310,2022-03-01 01:41:00.000000000,3.629130652131118,53.72017793698295,9448.8,28744.290737453055,220.5205,0.604394771595333,0.9899119764962813,1.0,0.0,0.0,13.79998820237766
NW150_FL310,2022-03-01 01:42:00.000000000,3.821051606363487,53.770384588202695,9448.8,28744.290737453055,220.48721,0.6132568942787069,1.0046764592439899,1.0,1.0,1.0,13.799990180922991
NW150_FL310,2022-03-01 01:43:00.000000000,4.013756395608983,53.81984236760365,9448.8,28744.290737453055,220.44472,0.6236897525835143,1.0220969907917261,1.0,1.0,1.0,13.79999207479392
NW150_FL310,2022-03-01 01:44:00.000000000,4.207226760395775,53.868560816754226,9448.8,28744.290737453055,220.41664,0.6291259658435844,1.0312221437274005,1.0,1.0,1.0,13.79999386020077
NW150_FL310,2022-03-01 01:45:00.000000000,4.401444601336398,53.9165497990135,9448.8,28744.290737453055,220.38914,0.63162413057736,1.0355303086563712,1.0,1.0,1.0,13.799995516168021
NW150_FL310,2022-03-01 01:46:00.000000000,4.59639199568854,53.96381948710966,9448.8,28744.290737453055,220.40083,0.6243099138929339,1.0234508546104488,1.0,1.0,1.0,13.799997024593432
NW150_FL310,2022-03-01 01:47:00.000000000,4.792051212754257,54.01038035083665,9448.8,28744.290737453055,220.45691,0.6080714019147662,0.99640849632576,1.0,0.0,0.0,13.799998370255315
NW150_FL310,2022-03-01 01:48:00.000000000,4.988404728130883,54.05624314490155,9448.8,28744.290737453055,220.5224,0.5930177998922269,0.9712639883007754,1.0,0.0,0.0,13.799999540791967
NW150_FL310,2022-03-01 01:49:00.000000000,5.185435236830494,54.101418896952666,9448.8,28744.290737453055,220.5816,0.5987539328752346,0.9802203161269963,1.0,0.0,0.0,13.800000526639762
NW150_FL310,2022-03-01 01:50:00.000000000,5.383125665288684,54.14591889581483,9448.8,28744.290737453055,220.62856,0.6095266017738386,0.9975039143355141,1.0,0.0,0.0,13.800001320950413
NW150_FL310,2022-03-01 01:51:00.000000000,5.581459182286482,54.18975467995547,9448.8,28744.290737453055,220.65901,0.6247008962213417,1.0221048635203775,1.0,1.0,1.0,13.800001919470516
NW150_FL310,2022-03-01 01:52:00.000000000,5.780419208811863,54.23293802620198,9448.8,28744.290737453055,220.6811,0.6384195067823656,1.0443769427823795,1.0,1.0,1.0,13.800002320404134
NW150_FL310,2022-03-01 01:53:00.000000000,5.979989426890096,54.27548093872749,9448.8,28744.290737453055,220.69553,0.6516720842252205,1.0659376527145994,1.0,1.0,1.0,13.800002524262844
NW150_FL310,2022-03-01 01:54:00.000000000,6.180153787413816,54.31739563831984,9448.8,28744.290737453055,220.73668,0.6646221763630544,1.0867806029665497,1.0,1.0,1.0,13.800002533692991
NW150_FL310,2022-03-01 01:55:00.000000000,6.3808965170056196,54.35869455194499,9448.8,28744.290737453055,220.78142,0.6788520952651144,1.1096778664397051,1.0,1.0,1.0,13.800002353293928
NW150_FL310,2022-03-01 01:56:00.000000000,6.5822021239473365,54.399390302613654,9448.8,28744.290737453055,220.83444,0.68821890302902,1.1245353725093292,1.0,1.0,1.0,13.80000198943833
NW150_FL310,2022-03-01 01:57:00.000000000,6.784055403211021,54.4394956995573,9448.8,28744.290737453055,220.89386,0.6876068519153615,1.12302846788834,1.0,1.0,1.0,13.800001450080874
NW150_FL310,2022-03-01 01:58:00.000000000,6.986441440627737,54.479023728716754,9448.8,28744.290737453055,220.95111,0.6819512519759617,1.1133091329273905,1.0,1.0,1.0,13.800000744570198
NW150_FL310,2022-03-01 01:59:00.000000000,7.18934561623043,54.51798754354435,9448.8,28744.290737453055,221.0034,0.6246679125364835,1.019388370557806,1.0,1.0,1.0,13.799999883471097
NW150_FL310,2022-03-01 02:00:00.000000000,7.392753606807693,54.55640045611831,9448.8,28744.290737453055,221.0532,0.561137015129482,0.9153658163818167,1.0,0.0,0.0,13.799998878381079
NW150_FL310,2022-03-01 02:01:00.000000000,7.596651387704953,54.594275928565615,9448.8,28744.290737453055,221.10583,0.49553887886021036,0.8080345093728447,1.0,0.0,0.0,13.799997741767196
NW150_FL310,2022-03-01 02:02:00.000000000,7.801025233909899,54.63162756478736,9448.8,28744.290737453055,221.1655,0.4345760006957277,0.7083042831284939,1.0,0.0,0.0,13.799996486806835
NW150_FL310,2022-03-01 02:03:00.000000000,8.005861720458118,54.66846910247922,9448.8,28744.290737453055,221.22874,0.3804995062204112,0.619869383499157,1.0,0.0,0.0,13.799995127240448
NW150_FL310,2022-03-01 02:04:00.000000000,8.21114772219488,54.70481440543687,9448.8,28744.290737453055,221.29631,0.35711085544791343,0.5814652641323236,1.0,0.0,0.0,13.799993677240758
NW150_FL310,2022-03-01 02:05:00.000000000,8.416870412928134,54.74067745613532,9448.8,28744.290737453055,221.3617,0.3388223697750406,0.5514127410132688,1.0,0.0,0.0,13.799992151289874
NW150_FL310,2022-03-01 02:06:00.000000000,8.623017264007114,54.77607234856892,9448.8,28744.290737453055,221.41635,0.3300102416798655,0.5368461976281048,1.0,0.0,0.0,13.799990564074568
NW150_FL310,2022-03-01 02:07:00.000000000,8.829576042360262,54.81101328133762,9448.8,28744.290737453055,221.4594,0.32705652274914987,0.5318657606204544,1.0,0.0,0.0,13.799988930389441
NW150_FL310,2022-03-01 02:08:00.000000000,9.036534808025143,54.845514550963514,9448.8,28744.290737453055,221.4934,0.3260001684323163,0.5300103932326121,1.0,0.0,0.0,13.799987265057572
NW150_FL310,2022-03-01 02:09:00.000000000,9.243881911202225,54.87959054542058,9448.8,28744.290737453055,221.51476,0.328168068342053,0.533446667071773,1.0,0.0,0.0,13.799985582857834
NW150_FL310,2022-03-01 02:10:00.000000000,9.451605988863491,54.91325573785914,9448.8,28744.290737453055,221.5299,0.32912067922763705,0.5349331884999552,1.0,0.0,0.0,13.799983898464221
NW150_FL310,2022-03-01 02:11:00.000000000,9.659695960945642,54.94652468050605,9448.8,28744.290737453055,221.52855,0.3352785008794401,0.5449490914704033,1.0,0.0,0.0,13.799982226394873
NW150_FL310,2022-03-01 02:12:00.000000000,9.868141026157087,54.97941199871997,9448.8,28744.290737453055,221.52596,0.34054372894632184,0.5535170263784339,1.0,0.0,0.0,8.717907553283178
NW150_FL310,2022-03-01 02:12:37.904240283,10.0,55.0,9448.8,28744.290737453055,221.52934,0.34214773091983786,0.5561086255449701,1.0,0.0,0.0,0.0
NW300_FL310,2022-03-01 00:00:00.000000000,-10.000000000000002,45.00000000000001,9448.8,28744.290737453055,221.943,0.6623241213715603,1.0730846991102478,1.0,1.0,1.0,13.800034843118594
NW300_FL310,2022-03-01 00:01:00.000000000,-9.948323151402047,45.11861698721326,9448.8,28744.290737453055,221.92795,0.6688556270541355,1.083792371536252,1.0,1.0,1.0,13.800006665435859
NW300_FL310,2022-03-01 00:02:00.000000000,-9.896402137726424,45.2372040256995,9448.8,28744.290737453055,221.92308,0.6727851831568709,1.0901999849274808,1.0,1.0,1.0,13.799977763173437
NW300_FL310,2022-03-01 00:03:00.000000000,-9.844205048187119,45.355754336568715,9448.8,28744.290737453055,221.90448,0.6726111549232503,1.0900749982355262,1.0,1.0,1.0,13.800003201880159
NW300_FL310,2022-03-01 00:04:00.000000000,-9.79169221545635,45.47425993803365,9448.8,28744.290737453055,221.88576,0.671765469166402,1.0888607304793,1.0,1.0,1.0,13.800019831035982
NW300_FL310,2022-03-01 00:05:00.000000000,-9.73883020753365,45.592713564836444,9448.8,28744.290737453055,221.83578,0.6726037937586214,1.0906422547842984,1.0,1.0,1.0,13.799990542186567
NW300_FL310,2022-03-01 00:06:00.000000000,-9.68559173693477,45.711108893423734,9448.8,28744.290737453055,221.78406,0.6735070014459472,1.0925411120367512,1.0,1.0,1.0,13.799966575556896
NW300_FL310,2022-03-01 00:07:00.000000000,-9.631942676019541,45.82943851868831,9448.8,28744.290737453055,221.72064,0.6728286723404591,1.0919749536091676,1.0,1.0,1.0,13.800034470564826
NW300_FL310,2022-03-01 00:08:00.000000000,-9.577832641962,45.94769216492699,9448.8,28744.290737453055,221.65288,0.672016532889065,1.0912244149941976,1.0,1.0,1.0,13.800004853679956
NW300_FL310,2022-03-01 00:09:00.000000000,-9.523242741476356,46.0658646319852,9448.8,28744.290737453055,221.57867,0.6633084594405145,1.0776988833548198,1.0,1.0,1.0,13.799975174589125
NW300_FL310,2022-03-01 00:10:00.000000000,-9.468138670649463,46.1839481275579,9448.8,28744.290737453055,221.49342,0.6471371519903449,1.0521137734531982,1.0,1.0,1.0,13.799996337513656
NW300_FL310,2022-03-01 00:11:00.000000000,-9.412475134560134,46.30193273606196,9448.8,28744.290737453055,221.40887,0.633657815823808,1.0308661313256609,1.0,1.0,1.0,13.80002177829723
NW300_FL310,2022-03-01 00:12:00.000000000,-9.356214232217248,46.41980959140651,9448.8,28744.290737453055,221.31792,0.6247620970280366,1.0171036681934227,1.0,1.0,1.0,13.799991978487872
NW300_FL310,2022-03-01 00:13:00.000000000,-9.299331078055891,46.53757207105862,9448.8,28744.290737453055,221.23038,0.6192945143537715,1.008874815075549,1.0,1.0,1.0,13.79996288903523
NW300_FL310,2022-03-01 00:14:00.000000000,-9.2417896335749,46.65521139046437,9448.8,28744.290737453055,221.15,0.6214173842310211,1.012951717508477,1.0,1.0,1.0,13.800017586397669
NW300_FL310,2022-03-01 00:15:00.000000000,-9.183533336757865,46.77271458254579,9448.8,28744.290737453055,221.06645,0.6252243014208181,1.019807252010888,1.0,1.0,1.0,13.800012642606154
NW300_FL310,2022-03-01 00:16:00.000000000,-9.124537269676559,46.8900744241367,9448.8,28744.290737453055,221.01471,0.6319453785144591,1.0311764002737884,1.0,1.0,1.0,13.799983478538548
NW300_FL310,2022-03-01 00:17:00.000000000,-9.06476959695927,47.00728223711839,9448.8,28744.290737453055,220.95183,0.6385521039594503,1.0424534911463883,1.0,1.0,1.0,13.799955874461615
NW300_FL310,2022-03-01 00:18:00.000000000,-9.004192371172094,47.124327917170994,9448.8,28744.290737453055,220.88196,0.6462710986431767,1.0556130943114697,1.0,1.0,1.0,13.800022795812414
NW300_FL310,2022-03-01 00:19:00.000000000,-8.942742331284771,47.241195837621795,9448.8,28744.290737453055,220.80281,0.6525225750334007,1.0664640287951923,1.0,1.0,1.0,13.80000943014113
NW300_FL310,2022-03-01 00:20:00.000000000,-8.880399361758288,47.35787881023055,9448.8,28744.290737453055,220.74162,0.6588499907392039,1.0773042610219787,1.0,1.0,1.0,13.79998144097103
NW300_FL310,2022-03-01 00:21:00.000000000,-8.81712804662872,47.47436632203423,9448.8,28744.290737453055,220.67427,0.6648818957657271,1.0877175392369882,1.0,1.0,1.0,13.799955751288898
NW300_FL310,2022-03-01 00:22:00.000000000,-8.752888484884062,47.59064660231162,9448.8,28744.290737453055,220.59789,0.6692717475401827,1.0955318184265181,1.0,1.0,1.0,13.79999974357544
NW300_FL310,2022-03-01 00:23:00.000000000,-8.687621184744504,47.70670318021615,9448.8,28744.290737453055,220.53745,0.6720378072534275,1.1005605984403881,1.0,1.0,1.0,13.800014603485252
NW300_FL310,2022-03-01 00:24:00.000000000,-8.6212916133352,47.822524520353284,9448.8,28744.290737453055,220.48026,0.6751307942250928,1.1061021925427104,1.0,1.0,1.0,13.799987752859257
NW300_FL310,2022-03-01 00:25:00.000000000,-8.553869741791866,47.93809981100981,9448.8,28744.290737453055,220.42781,0.6797946106767783,1.1141807982531706,1.0,1.0,1.0,13.79996366704769
NW300_FL310,2022-03-01 00:26:00.000000000,-8.485313856181833,48.05341525950304,9448.8,28744.290737453055,220.37808,0.6831426565452019,1.1200854464027221,1.0,1.0,1.0,13.799942842235483
NW300_FL310,2022-03-01 00:27:00.000000000,-8.415581801578655,48.16845651097662,9448.8,28744.290737453055,220.33627,0.681499649600888,1.11774342925254,1.0,1.0,1.0,13.800016914087612
NW300_FL310,2022-03-01 00:28:00.000000000,-8.344603841813232,48.28320205518647,9448.8,28744.290737453055,220.30466,0.679671171898306,1.1150070019046896,1.0,1.0,1.0,13.800004972425114
NW300_FL310,2022-03-01 00:29:00.000000000,-8.272359617391693,48.397641532390416,9448.8,28744.290737453055,220.28543,0.6747173365395784,1.1070416805762047,1.0,1.0,1.0,13.799981440007572
NW300_FL310,2022-03-01 00:30:00.000000000,-8.198809767667017,48.511759680983936,9448.8,28744.290737453055,220.2728,0.6681482249427555,1.096363062273431,1.0,1.0,1.0,13.799961128930406
NW300_FL310,2022-03-01 00:31:00.000000000,-8.123910851857396,48.62553969747014,9448.8,28744.290737453055,220.29768,0.6551319179436174,1.0748060117503746,1.0,1.0,1.0,13.79994434951923
NW300_FL310,2022-03-01 00:32:00.000000000,-8.047619175060253,48.73896411389615,9448.8,28744.290737453055,220.3196,0.6400228819553806,1.0498477465641707,1.0,1.0,1.0,13.799949522704459
NW300_FL310,2022-03-01 00:33:00.000000000,-7.969885434552368,48.85201334557368,9448.8,28744.290737453055,220.3936,0.6338756192031513,1.03918725813786,1.0,1.0,1.0,13.800014181102688
NW300_FL310,2022-03-01 00:34:00.000000000,-7.890648069563789,48.96466371012504,9448.8,28744.290737453055,220.47984,0.6316710118068847,1.034900611176016,1.0,1.0,1.0,13.799992650903825
NW300_FL310,2022-03-01 00:35:00.000000000,-7.809886021383044,49.076901625594274,9448.8,28744.290737453055,220.56805,0.6267297829169766,1.0261249004454562,1.0,1.0,1.0,13.799974108707389
NW300_FL310,2022-03-01 00:36:00.000000000,-7.727555347093408,49.1887068387166,9448.8,28744.290737453055,220.65207,0.6225372586110559,1.0186133599997582,1.0,1.0,1.0,13.799958655833514
NW300_FL310,2022-03-01 00:37:00.000000000,-7.643612181951804,49.30005836390617,9448.8,28744.290737453055,220.69809,0.6211610169922696,1.0160094931464234,1.0,1.0,1.0,13.799946336900428
NW300_FL310,2022-03-01 00:38:00.000000000,-7.558012825338964,49.41093447592809,9448.8,28744.290737453055,220.71104,0.6189063944997203,1.0122236232919928,1.0,1.0,1.0,13.799937139245799
NW300_FL310,2022-03-01 00:39:00.000000000,-7.470713833585899,49.52131270557739,9448.8,28744.290737453055,220.71638,0.613911642428859,1.0040143351127795,1.0,1.0,1.0,13.799930993467326
NW300_FL310,2022-03-01 00:40:00.000000000,-7.381672119623329,49.63116983869982,9448.8,28744.290737453055,220.7215,0.5977672546687086,0.9775741725512151,1.0,0.0,0.0,13.799935080408797
NW300_FL310,2022-03-01 00:41:00.000000000,-7.290842991180416,49.740481273968314,9448.8,28744.290737453055,220.71637,0.5839947034545095,0.955087172918619,1.0,0.0,0.0,13.79999350665374
NW300_FL310,2022-03-01 00:42:00.000000000,-7.198169519410879,49.84921753340485,9448.8,28744.290737453055,220.75693,0.5604335525943668,0.9162738510188273,1.0,0.0,0.0,13.799978927303988
NW300_FL310,2022-03-01 00:43:00.000000000,-7.103628498314238,49.95735875096998,9448.8,28744.290737453055,220.81055,0.5387223942618066,0.8804219862739503,1.0,0.0,0.0,13.799966433137888
NW300_FL310,2022-03-01 00:44:00.000000000,-7.0071795140932345,50.06487885572919,9448.8,28744.290737453055,220.88133,0.5158888460984618,0.8426530274051744,1.0,0.0,0.0,13.79995586908043
NW300_FL310,2022-03-01 00:45:00.000000000,-6.9087830925656055,50.171751090152405,9448.8,28744.290737453055,220.96452,0.4932280674063768,0.8051309916971409,1.0,0.0,0.0,13.799947052381834
NW300_FL310,2022-03-01 00:46:00.000000000,-6.808400832996052,50.27794803570585,9448.8,28744.290737453055,221.02852,0.4695162597527105,0.7660517600046884,1.0,0.0,0.0,13.799939778560672
NW300_FL310,2022-03-01 00:47:00.000000000,-6.705995546066805,50.38344164394248,9448.8,28744.290737453055,221.05443,0.4331989147236481,0.7066571422666575,1.0,0.0,0.0,13.799933827852389
NW300_FL310,2022-03-01 00:48:00.000000000,-6.601531395219343,50.48820327332102,9448.8,28744.290737453055,221.08076,0.3909111186053927,0.6375475650389723,1.0,0.0,0.0,13.799928972027583
NW300_FL310,2022-03-01 00:49:00.000000000,-6.494974040497284,50.592203731941304,9448.8,28744.290737453055,221.05913,0.3451626958760522,0.5630273088827551,1.0,0.0,0.0,13.799924981403041
NW300_FL310,2022-03-01 00:50:00.000000000,-6.386290783920157,50.69541332633463,9448.8,28744.290737453055,221.05072,0.2932459699180733,0.4783723090489576,1.0,0.0,0.0,13.799921631877607
NW300_FL310,2022-03-01 00:51:00.000000000,-6.2754507153220995,50.797801916390625,9448.8,28744.290737453055,221.0103,0.26268891906948655,0.4286568569902775,1.0,0.0,0.0,13.799918711778243
NW300_FL310,2022-03-01 00:52:00.000000000,-6.162424857501622,50.89933897643868,9448.8,28744.290737453055,220.95761,0.2600106432029232,0.4244565989692221,1.0,0.0,0.0,13.799916028361567
NW300_FL310,2022-03-01 00:53:00.000000000,-6.0471863094495175,50.99999366243146,9448.8,28744.290737453055,220.93375,0.2609874651908811,0.42612751195294996,1.0,0.0,0.0,13.799913413752241
NW300_FL310,2022-03-01 00:54:00.000000000,-5.929710386355748,51.099734885102215,9448.8,28744.290737453055,220.87947,0.2882563892693323,0.4708447427215572,1.0,0.0,0.0,13.799910730138198
NW300_FL310,2022-03-01 00:55:00.000000000,-5.8099747550443395,51.19853138888636,9448.8,28744.290737453055,220.8347,0.31460722572026445,0.5140602041110954,1.0,0.0,0.0,13.799907874076975
NW300_FL310,2022-03-01 00:56:00.000000000,-5.687959563450105,51.296351836313654,9448.8,28744.290737453055,220.80135,0.3326367048548169,0.5436575688829288,1.0,0.0,0.0,13.79990477972228
NW300_FL310,2022-03-01 00:57:00.000000000,-5.56364756273571,51.39316489749046,9448.8,28744.290737453055,220.76378,0.34321895399015256,0.5611125556300558,1.0,0.0,0.0,13.799901420893251
NW300_FL310,2022-03-01 00:58:00.000000000,-5.4370242206528845,51.48893934420452,9448.8,28744.290737453055,220.7232,0.35311831581848807,0.577474403516323,1.0,0.0,0.0,13.799897811846515
NW300_FL310,2022-03-01 00:59:00.000000000,-5.308077824779514,51.583644148098536,9448.8,28744.290737453055,220.69902,0.36158970319555983,0.5914356012013857,1.0,0.0,0.0,13.799894006728076
NW300_FL310,2022-03-01 01:00:00.000000000,-5.176799574316013,51.67724858227623,9448.8,28744.290737453055,220.64969,0.3740281972127671,0.6120082002735271,1.0,0.0,0.0,13.799890097668875
NW300_FL310,2022-03-01 01:01:00.000000000,-5.043183659200432,51.76972232562682,9448.8,28744.290737453055,220.59811,0.3865284461262812,0.6327083880329153,1.0,0.0,0.0,13.799886211544619
NW300_FL310,2022-03-01 01:02:00.000000000,-4.907227325401263,51.8610355690834,9448.8,28744.290737453055,220.56488,0.3991378159302108,0.6535120110769433,1.0,0.0,0.0,13.799882505488926
NW300_FL310,2022-03-01 01:03:00.000000000,-4.768930925370678,51.95115912296934,9448.8,28744.290737453055,220.51614,0.4158715699366464,0.6811607576798583,1.0,0.0,0.0,13.799879161238978
NW300_FL310,2022-03-01 01:04:00.000000000,-4.628297952786058,52.04006452453659,9448.8,28744.290737453055,220.45193,0.4310725190791267,0.7063986225672619,1.0,0.0,0.0,13.79987637850337
NW300_FL310,2022-03-01 01:05:00.000000000,-4.485335060872928,52.127724144762055,9448.8,28744.290737453055,220.4049,0.43988779033751335,0.7210976398726913,1.0,0.0,0.0,13.799874367506506
NW300_FL310,2022-03-01 01:06:00.000000000,-4.340052063785224,52.214111293444496,9448.8,28744.290737453055,220.3691,0.4489559167135752,0.7361619709181166,1.0,0.0,0.0,13.799875260345667
NW300_FL310,2022-03-01 01:07:00.000000000,-4.192461576710146,52.299200123019176,9448.8,28744.290737453055,220.3432,0.45547881026301795,0.7470012331784532,1.0,0.0,0.0,13.799958362399373
NW300_FL310,2022-03-01 01:08:00.000000000,-4.042565505808821,52.382957721133714,9448.8,28744.290737453055,220.31673,0.46088615252944315,0.7560208130396738,1.0,0.0,0.0,13.79994634307932
NW300_FL310,2022-03-01 01:09:00.000000000,-3.8903976137133776,52.4653690353782,9448.8,28744.290737453055,220.27773,0.47500596423137,0.7794082652245067,1.0,0.0,0.0,13.799934758524605
NW300_FL310,2022-03-01 01:10:00.000000000,-3.7359801900362437,52.5464122011229,9448.8,28744.290737453055,220.2565,0.4887198982768337,0.8020403134793265,1.0,0.0,0.0,13.799923893437573
NW300_FL310,2022-03-01 01:11:00.000000000,-3.5793384277428935,52.62606676530347,9448.8,28744.290737453055,220.25284,0.49832627977694627,0.817825711239682,1.0,0.0,0.0,13.799914005702364
NW300_FL310,2022-03-01 01:12:00.000000000,-3.420500321548006,52.70431376094036,9448.8,28744.290737453055,220.23204,0.5063777540844123,0.8311693701618009,1.0,0.0,0.0,13.799905318758915
NW300_FL310,2022-03-01 01:13:00.000000000,-3.2594965516209413,52.78113577383572,9448.8,28744.290737453055,220.21394,0.5083995111470416,0.8346009798582237,1.0,0.0,0.0,13.799898015093248
NW300_FL310,2022-03-01 01:14:00.000000000,-3.0963603537213,52.85651700087687,9448.8,28744.290737453055,220.18654,0.5054987256321324,0.8300108066691095,1.0,0.0,0.0,13.799892231080968
NW300_FL310,2022-03-01 01:15:00.000000000,-2.93112737703906,52.93044329948208,9448.8,28744.290737453055,220.15282,0.5037950716208556,0.8274193903178051,1.0,0.0,0.0,13.79988805331851
NW300_FL310,2022-03-01 01:16:00.000000000,-2.7638355311439367,53.00290222783783,9448.8,28744.290737453055,220.10602,0.5025885203129993,0.8257273144540362,1.0,0.0,0.0,13.799885516550193
NW300_FL310,2022-03-01 01:17:00.000000000,-2.594524823554262,53.07388307569488,9448.8,28744.290737453055,220.09128,0.5027965757813421,0.826158781076616,1.0,0.0,0.0,13.799884603266875
NW300_FL310,2022-03-01 01:18:00.000000000,-2.4232371895126836,53.14337688560977,9448.8,28744.290737453055,220.06195,0.5097867236397925,0.8378294637308934,1.0,0.0,0.0,13.799885244947372
NW300_FL310,2022-03-01 01:19:00.000000000,-2.250016315606625,53.21137646463753,9448.8,28744.290737453055,220.01514,0.5244845142387922,0.8622841603926302,1.0,0.0,0.0,13.799887324900999
NW300_FL310,2022-03-01 01:20:00.000000000,-2.0749074588928185,53.277876386596866,9448.8,28744.290737453055,219.99599,0.5458623406275616,0.8975590255135691,1.0,0.0,0.0,13.799890682600761
NW300_FL310,2022-03-01 01:21:00.000000000,-1.8979572631798203,53.34287298513899,9448.8,28744.290737453055,219.98384,0.5628504204085871,0.9255762450829808,1.0,0.0,0.0,13.799895119344866
NW300_FL310,2022-03-01 01:22:00.000000000,-1.719213574090673,53.406364337953896,9448.8,28744.290737453055,219.95358,0.579457592023974,0.9531016548976492,1.0,0.0,0.0,13.799900405062836
NW300_FL310,2022-03-01 01:23:00.000000000,-1.538725254472115,53.46835024254097,9448.8,28744.290737453055,219.89188,0.5933411303867158,0.9763831637126918,1.0,0.0,0.0,13.79990628602072
NW300_FL310,2022-03-01 01:24:00.000000000,-1.356542001638573,53.52883218405242,9448.8,28744.290737453055,219.83702,0.6035156977500606,0.9935299172782147,1.0,0.0,0.0,13.79991249319038
NW300_FL310,2022-03-01 01:25:00.000000000,-1.172714167843412,53.58781329578929,9448.8,28744.290737453055,219.80534,0.606282137186563,0.998320127040739,1.0,0.0,0.0,13.799918750991056
NW300_FL310,2022-03-01 01:26:00.000000000,-0.9872925852565602,53.64529831298643,9448.8,28744.290737453055,219.76736,0.6163185820471098,1.0151328597206004,1.0,1.0,1.0,13.799924786167315
NW300_FL310,2022-03-01 01:27:00.000000000,-0.800328396603329,53.7012935205683,9448.8,28744.290737453055,219.74611,0.6278770586452509,1.034333197421528,1.0,1.0,1.0,13.79993033648061
NW300_FL310,2022-03-01 01:28:00.000000000,-0.6118728924847379,53.75580669558846,9448.8,28744.290737453055,219.73627,0.6414244830817788,1.056729624986364,1.0,1.0,1.0,13.799935159022626
NW300_FL310,2022-03-01 01:29:00.000000000,-0.42197735625945404,53.80884704508488,9448.8,28744.290737453055,219.76549,0.6412395663431101,1.0561923846255628,1.0,1.0,1.0,13.799939037850189
NW300_FL310,2022-03-01 01:30:00.000000000,-0.23069291722504956,53.86042514008997,9448.8,28744.290737453055,219.7866,0.6401902360767272,1.054300819261403,1.0,1.0,1.0,13.79994179078318
NW300_FL310,2022-03-01 01:31:00.000000000,-0.03807041269302599,53.910552846529505,9448.8,28744.290737453055,219.80199,0.6414171410012695,1.0562034388632282,1.0,1.0,1.0,13.799943275155096
NW300_FL310,2022-03-01 01:32:00.000000000,0.1558397405871601,53.95924325373014,9448.8,28744.290737453055,219.83727,0.6438532332743663,1.0599338455818081,1.0,1.0,1.0,13.799943392385876
NW300_FL310,2022-03-01 01:33:00.000000000,0.35098766533486897,54.00651060123104,9448.8,28744.290737453055,219.8715,0.6502014598866988,1.0701115995055563,1.0,1.0,1.0,13.799942091276058
NW300_FL310,2022-03-01 01:34:00.000000000,0.5473241327828376,54.05237020456364,9448.8,28744.290737453055,219.906,0.6576209475552544,1.0820457842268731,1.0,1.0,1.0,13.799939369947783
NW300_FL310,2022-03-01 01:35:00.000000000,0.7448006617853401,54.09683838062501,9448.8,28744.290737453055,219.9397,0.6606539223713523,1.0867645474918808,1.0,1.0,1.0,13.79993527641069
NW300_FL310,2022-03-01 01:36:00.000000000,0.943369608024376,54.139932373227055,9448.8,28744.290737453055,219.95354,0.6642374487999736,1.0925492336021776,1.0,1.0,1.0,13.799929907760507
NW300_FL310,2022-03-01 01:37:00.000000000,1.142984243446075,54.18167027935618,9448.8,28744.290737453055,219.96489,0.6673337378065448,1.0975470231884699,1.0,1.0,1.0,13.799923408062723
NW300_FL310,2022-03-01 01:38:00.000000000,1.3435988261461758,54.22207097662803,9448.8,28744.290737453055,219.9755,0.6718842525898705,1.1049452589214683,1.0,1.0,1.0,13.799915964977409
NW300_FL310,2022-03-01 01:39:00.000000000,1.545168660997899,54.26115405237014,9448.8,28744.290737453055,219.98491,0.6790547419485143,1.116659469532757,1.0,1.0,1.0,13.799907805259913
NW300_FL310,2022-03-01 01:40:00.000000000,1.7476501513793214,54.298939734713336,9448.8,28744.290737453055,219.99562,0.6870317064091551,1.1296885975687705,1.0,1.0,1.0,13.799905225618216
NW300_FL310,2022-03-01 01:41:00.000000000,1.951001321706038,54.3354480988425,9448.8,28744.290737453055,220.0077,0.6917398260906545,1.1373263311641628,1.0,1.0,1.0,13.80003550067695
NW300_FL310,2022-03-01 01:42:00.000000000,2.1551912888926434,54.370684072582705,9448.8,28744.290737453055,220.02287,0.686250716182922,1.1281723324946322,1.0,1.0,1.0,13.80001194060027
NW300_FL310,2022-03-01 01:43:00.000000000,2.3601687814981553,54.404685818447064,9448.8,28744.290737453055,220.04819,0.6763496710934404,1.1116882640296797,1.0,1.0,1.0,13.799988050689471
NW300_FL310,2022-03-01 01:44:00.000000000,2.5658948749977406,54.43747558046449,9448.8,28744.290737453055,220.08485,0.6657474254794669,1.0939597220577948,1.0,1.0,1.0,13.799964294443889
NW300_FL310,2022-03-01 01:45:00.000000000,2.772331890772268,54.46907594249486,9448.8,28744.290737453055,220.12756,0.6570808961721482,1.079378937393381,1.0,1.0,1.0,13.79994113566568
NW300_FL310,2022-03-01 01:46:00.000000000,2.9794434044374127,54.49950977601977,9448.8,28744.290737453055,220.1805,0.6529974647364499,1.0722444065864556,1.0,1.0,1.0,13.799919029035573
NW300_FL310,2022-03-01 01:47:00.000000000,3.1871942485890172,54.528800191289015,9448.8,28744.290737453055,220.24539,0.6537162361941752,1.0729020027026446,1.0,1.0,1.0,13.799903858262315
NW300_FL310,2022-03-01 01:48:00.000000000,3.395550879759554,54.55696978407656,9448.8,28744.290737453055,220.29308,0.6605740756256234,1.0837709860987346,1.0,1.0,1.0,13.800055039082034
NW300_FL310,2022-03-01 01:49:00.000000000,3.604491615359623,54.58402008165235,9448.8,28744.290737453055,220.33035,0.6685815830482374,1.0966024119758235,1.0,1.0,1.0,13.800015441936033
NW300_FL310,2022-03-01 01:50:00.000000000,3.8139728517228146,54.60999719041869,9448.8,28744.290737453055,220.34999,0.6711851815545071,1.1007154246384558,1.0,1.0,1.0,13.799978645815921
NW300_FL310,2022-03-01 01:51:00.000000000,4.023964354506401,54.63492486350083,9448.8,28744.290737453055,220.33577,0.6608440946300066,1.0838699677345305,1.0,1.0,1.0,13.799945081809751
NW300_FL310,2022-03-01 01:52:00.000000000,4.234437101686992,54.658826899104795,9448.8,28744.290737453055,220.33136,0.6463723630428077,1.060169217478975,1.0,1.0,1.0,13.799915120264668
NW300_FL310,2022-03-01 01:53:00.000000000,4.445363262970964,54.68172711119074,9448.8,28744.290737453055,220.3672,0.6121515530563908,1.0037713034690383,1.0,1.0,1.0,13.800015788586125
NW300_FL310,2022-03-01 01:54:00.000000000,4.65672372489985,54.70363128764721,9448.8,28744.290737453055,220.42123,0.5776440804484135,0.946804571231482,1.0,0.0,0.0,13.800026752290783
NW300_FL310,2022-03-01 01:55:00.000000000,4.868487720428609,54.7245739875963,9448.8,28744.290737453055,220.49742,0.552706246656685,0.9054085399322434,1.0,0.0,0.0,13.799983572061933
NW300_FL310,2022-03-01 01:56:00.000000000,5.080627538644073,54.74458663851475,9448.8,28744.290737453055,220.57623,0.5419980046123598,0.8873413998041879,1.0,0.0,0.0,13.799945817559948
NW300_FL310,2022-03-01 01:57:00.000000000,5.293119881497206,54.763692990803875,9448.8,28744.290737453055,220.62978,0.5482100581636941,0.897148517324372,1.0,0.0,0.0,13.799938516635832
NW300_FL310,2022-03-01 01:58:00.000000000,5.505943868646182,54.78191294381553,9448.8,28744.290737453055,220.64578,0.5775284450310494,0.9450136749768451,1.0,0.0,0.0,13.800050656767903
NW300_FL310,2022-03-01 01:59:00.000000000,5.719084419011531,54.79925175731836,9448.8,28744.290737453055,220.63658,0.6057406265621968,0.9912484557473209,1.0,0.0,0.0,13.800003204209666
NW300_FL310,2022-03-01 02:00:00.000000000,5.932512825652237,54.81575578710652,9448.8,28744.290737453055,220.62209,0.6301473754198583,1.031301781811376,1.0,1.0,1.0,13.799962666862402
NW300_FL310,2022-03-01 02:01:00.000000000,6.1462099113233615,54.83144846222197,9448.8,28744.290737453055,220.62872,0.6528635430199229,1.0684246847178482,1.0,1.0,1.0,13.799932359184918
NW300_FL310,2022-03-01 02:02:00.000000000,6.3601576187555455,54.846352522537195,9448.8,28744.290737453055,220.65242,0.6763829012291269,1.106718420392589,1.0,1.0,1.0,13.800051701259331
NW300_FL310,2022-03-01 02:03:00.000000000,6.574345601833692,54.860467055141825,9448.8,28744.290737453055,220.68922,0.6936215982340068,1.1346064420799045,1.0,1.0,1.0,13.80000554177809
NW300_FL310,2022-03-01 02:04:00.000000000,6.788749289172524,54.87384091232076,9448.8,28744.290737453055,220.73943,0.6967112028985811,1.139227572648976,1.0,1.0,1.0,13.799967129490193
NW300_FL310,2022-03-01 02:05:00.000000000,7.0033531669792195,54.88649708306962,9448.8,28744.290737453055,220.79677,0.6963133533495091,1.1380877444203246,1.0,1.0,1.0,13.799960623388825
NW300_FL310,2022-03-01 02:06:00.000000000,7.218143656439326,54.89845407593597,9448.8,28744.290737453055,220.85664,0.634319799380569,1.036290456900084,1.0,1.0,1.0,13.8000381484042
NW300_FL310,2022-03-01 02:07:00.000000000,7.433110284466571,54.90971982486474,9448.8,28744.290737453055,220.92102,0.5659434701984485,0.9241337829362678,1.0,0.0,0.0,13.799997707739267
NW300_FL310,2022-03-01 02:08:00.000000000,7.648234507949747,54.92033751497244,9448.8,28744.290737453055,220.99411,0.5027555586739868,0.8204988389890645,1.0,0.0,0.0,13.799965046205028
NW300_FL310,2022-03-01 02:09:00.000000000,7.863504016276233,54.93032968835278,9448.8,28744.290737453055,221.07016,0.44467561167781977,0.725293591482212,1.0,0.0,0.0,13.799998359184581
NW300_FL310,2022-03-01 02:10:00.000000000,8.078909613694025,54.93970734956771,9448.8,28744.290737453055,221.14705,0.40094201813489705,0.6535782125065994,1.0,0.0,0.0,13.800019524346945
NW300_FL310,2022-03-01 02:11:00.000000000,8.294439602046854,54.94849485749177,9448.8,28744.290737453055,221.22571,0.37739455110862025,0.6148250670383953,1.0,0.0,0.0,13.799987344744515
NW300_FL310,2022-03-01 02:12:00.000000000,8.51008135994762,54.95672549342708,9448.8,28744.290737453055,221.30145,0.35662609380362403,0.5806553312337961,1.0,0.0,0.0,13.799962217577544
NW300_FL310,2022-03-01 02:13:00.000000000,8.725825342473327,54.96442143190606,9448.8,28744.290737453055,221.36597,0.3468558227974975,0.5644671688778272,1.0,0.0,0.0,13.800030591944905
NW300_FL310,2022-03-01 02:14:00.000000000,8.941665815844612,54.97158610280672,9448.8,28744.290737453055,221.4237,0.3373251154817188,0.5487149884724241,1.0,0.0,0.0,13.800003074592663
NW300_FL310,2022-03-01 02:15:00.000000000,9.157590658160426,54.97826150894907,9448.8,28744.290737453055,221.4666,0.33231763686029303,0.5403914559361968,1.0,0.0,0.0,13.799979693093027
NW300_FL310,2022-03-01 02:16:00.000000000,9.373592057318856,54.984470163858454,9448.8,28744.290737453055,221.4955,0.33114893693419095,0.5383728049371336,1.0,0.0,0.0,13.799998894018712
NW300_FL310,2022-03-01 02:17:00.000000000,9.58966406355943,54.990225655978996,9448.8,28744.290737453055,221.51024,0.3336406218997591,0.5423620708899068,1.0,0.0,0.0,13.800013114578606
NW300_FL310,2022-03-01 02:18:00.000000000,9.805799607243536,54.995551318891,9448.8,28744.290737453055,221.51514,0.33840425995665174,0.5500852547097997,1.0,0.0,0.0,12.396422411584279
NW300_FL310,2022-03-01 02:18:53.897617080,9.999999999999996,55.0,9448.8,28744.290737453055,221.52043,0.34203383112974467,0.5559633658235051,1.0,0.0,0.0,0.0
SE300_FL320,2022-03-01 00:00:00.000000000,-10.000000000000002,45.00000000000001,9753.6,27448.480002484983,218.9977,0.628979275547244,1.0418688176837037,1.0,1.0,1.0,13.800115027908165
SE300_FL320,2022-03-01 00:01:00.000000000,-9.832634228109365,45.0374989777726,9753.6,27448.480002484983,219.07144,0.6406941186425451,1.0606982461010266,1.0,1.0,1.0,13.800020549916326
SE300_FL320,2022-03-01 00:02:00.000000000,-9.665061957945106,45.074778023133646,9753.6,27448.480002484983,219.17021,0.6527058113074294,1.0798041220989072,1.0,1.0,1.0,13.799927543731021
SE300_FL320,2022-03-01 00:03:00.000000000,-9.497293172355167,45.111857647020635,9753.6,27448.480002484983,219.28043,0.6653520205852578,1.099837898870709,1.0,1.0,1.0,13.800010362739226
SE300_FL320,2022-03-01 00:04:00.000000000,-9.329333869699752,45.148755048499964,9753.6,27448.480002484983,219.37914,0.6775179998454673,1.1191357684602157,1.0,1.0,1.0,13.8000625389665
SE300_FL320,2022-03-01 00:05:00.000000000,-9.161195059406664,45.18549293097829,9753.6,27448.480002484983,219.47272,0.6879497169117981,1.1355859830569737,1.0,1.0,1.0,13.799971646306037
SE300_FL320,2022-03-01 00:06:00.000000000,-8.992889620285059,45.222095268527376,9753.6,27448.480002484983,219.55113,0.6993101700541136,1.1536697078249507,1.0,1.0,1.0,13.799899873840282
SE300_FL320,2022-03-01 00:07:00.000000000,-8.824426642306625,45.25858271091628,9753.6,27448.480002484983,219.61182,0.6994905272982114,1.1534493206886773,1.0,1.0,1.0,13.800105239252431
SE300_FL320,2022-03-01 00:08:00.000000000,-8.65581080706178,45.2949740113112,9753.6,27448.480002484983,219.696,0.6857907517119437,1.1301557507180142,1.0,1.0,1.0,13.80001760658135
SE300_FL320,2022-03-01 00:09:00.000000000,-8.487057177228046,45.3312945416673,9753.6,27448.480002484983,219.77301,0.6707765401567901,1.1047840814169225,1.0,1.0,1.0,13.79993231818943
SE300_FL320,2022-03-01 00:10:00.000000000,-8.31817494269894,45.36756551489382,9753.6,27448.480002484983,219.82988,0.658890779228882,1.0847470954085066,1.0,1.0,1.0,13.799993838825486
SE300_FL320,2022-03-01 00:11:00.000000000,-8.149171301625014,45.4038082101483,9753.6,27448.480002484983,219.88496,0.6426485420583234,1.0575759228764576,1.0,1.0,1.0,13.80006634186223
SE300_FL320,2022-03-01 00:12:00.000000000,-7.980055881015995,45.44004548033964,9753.6,27448.480002484983,219.936,0.6255641958904409,1.0290717153599231,1.0,1.0,1.0,13.799985579438726
SE300_FL320,2022-03-01 00:13:00.000000000,-7.81084018030542,45.47629954581915,9753.6,27448.480002484983,219.94803,0.6232065650771217,1.0251024028316749,1.0,1.0,1.0,13.799907812990368
SE300_FL320,2022-03-01 00:14:00.000000000,-7.64153340621131,45.51259224345501,9753.6,27448.480002484983,219.97217,0.614772974966529,1.0110466311723791,1.0,1.0,1.0,13.80005343805641
SE300_FL320,2022-03-01 00:15:00.000000000,-7.472142889633564,45.54894792999821,9753.6,27448.480002484983,220.00294,0.605466939517035,0.9955150756109714,1.0,0.0,0.0,13.800042769194542
SE300_FL320,2022-03-01 00:16:00.000000000,-7.30268005570596,45.58538865893594,9753.6,27448.480002484983,220.04213,0.6094194993662266,1.0017224697559808,1.0,1.0,1.0,13.799970371522296
SE300_FL320,2022-03-01 00:17:00.000000000,-7.133155014811902,45.621936316925805,9753.6,27448.480002484983,220.10124,0.6118805167036493,1.0053226817220073,1.0,1.0,1.0,13.799901682232836
SE300_FL320,2022-03-01 00:18:00.000000000,-6.963577350434745,45.65861348889645,9753.6,27448.480002484983,220.16446,0.6160885331579232,1.0117606617822286,1.0,1.0,1.0,13.800065477575464
SE300_FL320,2022-03-01 00:19:00.000000000,-6.793955919788455,45.69544792952469,9753.6,27448.480002484983,220.2372,0.621903990390722,1.0207536653525797,1.0,1.0,1.0,13.80003693342804
SE300_FL320,2022-03-01 00:20:00.000000000,-6.62430206827496,45.732459891422764,9753.6,27448.480002484983,220.30148,0.6330301584663567,1.0385163190193465,1.0,1.0,1.0,13.799973816594894
SE300_FL320,2022-03-01 00:21:00.000000000,-6.454626108496878,45.76967183596835,9753.6,27448.480002484983,220.35611,0.6450591991345431,1.0578198926154936,1.0,1.0,1.0,13.79991501954183
SE300_FL320,2022-03-01 00:22:00.000000000,-6.284938381864701,45.807107160064675,9753.6,27448.480002484983,220.38098,0.6597813597621988,1.0817603578954071,1.0,1.0,1.0,13.80001310806428
SE300_FL320,2022-03-01 00:23:00.000000000,-6.1152496770827875,45.84479442806904,9753.6,27448.480002484983,220.41298,0.6661404782561328,1.0919211426935183,1.0,1.0,1.0,13.80004905320983
SE300_FL320,2022-03-01 00:24:00.000000000,-5.945571349662257,45.8827565001216,9753.6,27448.480002484983,220.43806,0.6672455906558655,1.0935293385599583,1.0,1.0,1.0,13.799995207272767
SE300_FL320,2022-03-01 00:25:00.000000000,-5.775914582343945,45.92101460539857,9753.6,27448.480002484983,220.43375,0.6652118111582522,1.0902318875548158,1.0,1.0,1.0,13.799946018066104
SE300_FL320,2022-03-01 00:26:00.000000000,-5.606290874535937,45.959592928785845,9753.6,27448.480002484983,220.4166,0.6565952697634571,1.0762483926174773,1.0,1.0,1.0,13.799901826521442
SE300_FL320,2022-03-01 00:27:00.000000000,-5.436712081951,45.99851585627959,9753.6,27448.480002484983,220.38669,0.6486790758483515,1.0635111486189264,1.0,1.0,1.0,13.800049850384529
SE300_FL320,2022-03-01 00:28:00.000000000,-5.267191966322243,46.03781647078147,9753.6,27448.480002484983,220.31903,0.6439154704046108,1.056234938864063,1.0,1.0,1.0,13.800031588333269
SE300_FL320,2022-03-01 00:29:00.000000000,-5.097742422824589,46.07751300401981,9753.6,27448.480002484983,220.25313,0.6447363377501605,1.0581065895328645,1.0,1.0,1.0,13.799990478669388
SE300_FL320,2022-03-01 00:30:00.000000000,-4.92837633795386,46.11762914151849,9753.6,27448.480002484983,220.19112,0.6419008860528197,1.0539392821850249,1.0,1.0,1.0,13.7999541838252
SE300_FL320,2022-03-01 00:31:00.000000000,-4.759107233713054,46.158189859635726,9753.6,27448.480002484983,220.13544,0.6321825410124472,1.0384177364499079,1.0,1.0,1.0,13.799922890616976
SE300_FL320,2022-03-01 00:32:00.000000000,-4.589949114555786,46.19922026051813,9753.6,27448.480002484983,220.09598,0.6079003833807349,0.9988235145214915,1.0,0.0,0.0,13.799929959565615
SE300_FL320,2022-03-01 00:33:00.000000000,-4.420917005638568,46.24074744997757,9753.6,27448.480002484983,220.04936,0.588884031618937,0.9679148350670435,1.0,0.0,0.0,13.800043955541087
SE300_FL320,2022-03-01 00:34:00.000000000,-4.252027880874641,46.28280309951133,9753.6,27448.480002484983,219.99399,0.5754018109828901,0.9461443649146967,1.0,0.0,0.0,13.80001263583261
SE300_FL320,2022-03-01 00:35:00.000000000,-4.083295312513981,46.32540456469928,9753.6,27448.480002484983,219.94392,0.5661345566879603,0.9312535268052305,1.0,0.0,0.0,13.79998555573942
SE300_FL320,2022-03-01 00:36:00.000000000,-3.914735435139302,46.3685770941835,9753.6,27448.480002484983,219.8939,0.5587463938123128,0.9194428469083827,1.0,0.0,0.0,13.799962706248108
SE300_FL320,2022-03-01 00:37:00.000000000,-3.7463649709978815,46.41234591653959,9753.6,27448.480002484983,219.84378,0.5546102805553684,0.9129758197968173,1.0,0.0,0.0,13.799944029141807
SE300_FL320,2022-03-01 00:38:00.000000000,-3.578201246424688,46.45673620162743,9753.6,27448.480002484983,219.78816,0.583350193813906,0.9606829355646931,1.0,0.0,0.0,13.799929415534166
SE300_FL320,2022-03-01 00:39:00.000000000,-3.41026220591334,46.50177301855226,9753.6,27448.480002484983,219.73416,0.6074665052724382,1.0007983160786267,1.0,1.0,1.0,13.79991870565744
SE300_FL320,2022-03-01 00:40:00.000000000,-3.2425664234872786,46.54748129024899,9753.6,27448.480002484983,219.68541,0.6243013075646887,1.0289032101139648,1.0,1.0,1.0,13.799922852412047
SE300_FL320,2022-03-01 00:41:00.000000000,-3.0751334306903266,46.59388656047466,9753.6,27448.480002484983,219.65068,0.6265979159173679,1.032957006886788,1.0,1.0,1.0,13.800008407530912
SE300_FL320,2022-03-01 00:42:00.000000000,-2.907985546322268,46.641019270999685,9753.6,27448.480002484983,219.63997,0.6267950226224952,1.033362346545243,1.0,1.0,1.0,13.79999152577942
SE300_FL320,2022-03-01 00:43:00.000000000,-2.74114057917694,46.68889649733604,9753.6,27448.480002484983,219.6386,0.6255029856792846,1.0312432605995694,1.0,1.0,1.0,13.799977274791766
SE300_FL320,2022-03-01 00:44:00.000000000,-2.5746196225871447,46.73754198383629,9753.6,27448.480002484983,219.66902,0.6243520535063499,1.0291151630455557,1.0,1.0,1.0,13.799965416219916
SE300_FL320,2022-03-01 00:45:00.000000000,-2.4084444011529893,46.78697905887585,9753.6,27448.480002484983,219.70561,0.6248473636144838,1.0296491705627162,1.0,1.0,1.0,13.799955690405685
SE300_FL320,2022-03-01 00:46:00.000000000,-2.24263725835525,46.83723057208739,9753.6,27448.480002484983,219.73956,0.6263626329767878,1.0318878116778114,1.0,1.0,1.0,13.799947822412035
SE300_FL320,2022-03-01 00:47:00.000000000,-2.077221138921509,46.88831882936984,9753.6,27448.480002484983,219.77534,0.6295834245548719,1.0369199206172883,1.0,1.0,1.0,13.799941528604728
SE300_FL320,2022-03-01 00:48:00.000000000,-1.9122195656143586,46.94026552601405,9753.6,27448.480002484983,219.78525,0.6326824221829422,1.041945791811038,1.0,1.0,1.0,13.799936523592704
SE300_FL320,2022-03-01 00:49:00.000000000,-1.747656610142675,46.99309167833649,9753.6,27448.480002484983,219.77838,0.6372675736612223,1.0495522023307498,1.0,1.0,1.0,13.799932527317191
SE300_FL320,2022-03-01 00:50:00.000000000,-1.5835568579366146,47.046817554258936,9753.6,27448.480002484983,219.79013,0.6440905229733469,1.060696348623239,1.0,1.0,1.0,13.799929272076493
SE300_FL320,2022-03-01 00:51:00.000000000,-1.41994536657518,47.10146260331857,9753.6,27448.480002484983,219.80293,0.6521913912258861,1.0739367659877215,1.0,1.0,1.0,13.799926509251202
SE300_FL320,2022-03-01 00:52:00.000000000,-1.2568476177121715,47.15704538663485,9753.6,27448.480002484983,219.8183,0.6628181345794486,1.0913097329984296,1.0,1.0,1.0,13.799924015512413
SE300_FL320,2022-03-01 00:53:00.000000000,-1.0942894624114776,47.21358350739827,9753.6,27448.480002484983,219.83824,0.6605275079417338,1.0873781887978453,1.0,1.0,1.0,13.799921598299676
SE300_FL320,2022-03-01 00:54:00.000000000,-0.9322970598757382,47.27109354247939,9753.6,27448.480002484983,219.85129,0.6553711294272527,1.0787820510802035,1.0,1.0,1.0,13.799919100366923
SE300_FL320,2022-03-01 00:55:00.000000000,-0.7708968096326502,47.329590975783,9753.6,27448.480002484983,219.85591,0.6448840174487894,1.0614839619388803,1.0,1.0,1.0,13.799916403229442
SE300_FL320,2022-03-01 00:56:00.000000000,-0.6101152773294826,47.38909013399148,9753.6,27448.480002484983,219.83064,0.620698317463521,1.0218673662569888,1.0,1.0,1.0,13.79991342938298
SE300_FL320,2022-03-01 00:57:00.000000000,-0.4499791143776922,47.44960412535214,9753.6,27448.480002484983,219.79398,0.6000391694118071,0.9881258311068932,1.0,0.0,0.0,13.79991014318596
SE300_FL320,2022-03-01 00:58:00.000000000,-0.2905149717839815,47.51114478216384,9753.6,27448.480002484983,219.73952,0.5849149970461146,0.9636061557784302,1.0,0.0,0.0,13.799906550367
SE300_FL320,2022-03-01 00:59:00.000000000,-0.1317494086006752,47.57372260760951,9753.6,27448.480002484983,219.6794,0.5836715347013404,0.961986180368752,1.0,0.0,0.0,13.799902696148978
SE300_FL320,2022-03-01 01:00:00.000000000,0.026291204476382772,47.63734672756016,9753.6,27448.480002484983,219.61058,0.5865105907736308,0.967156917964001,1.0,0.0,0.0,13.799898662049376
SE300_FL320,2022-03-01 01:01:00.000000000,0.1835807857402945,47.702024847945545,9753.6,27448.480002484983,219.49312,0.5993716197437577,0.9892236845009791,1.0,0.0,0.0,13.799894561448786
SE300_FL320,2022-03-01 01:02:00.000000000,0.3400936466257237,47.767763218243296,9753.6,27448.480002484983,219.38538,0.6067564324640641,1.002205830193404,1.0,1.0,1.0,13.799890534083259
SE300_FL320,2022-03-01 01:03:00.000000000,0.4958045985892688,47.834566601585344,9753.6,27448.480002484983,219.29095,0.6057383283158037,1.0012165790374177,1.0,1.0,1.0,13.799886739660096
SE300_FL320,2022-03-01 01:04:00.000000000,0.6506890618532523,47.90243825191635,9753.6,27448.480002484983,219.1952,0.6238616709702608,1.031897287256943,1.0,1.0,1.0,13.799883350808148
SE300_FL320,2022-03-01 01:05:00.000000000,0.8047231750871445,47.97137989856527,9753.6,27448.480002484983,219.1163,0.6345392160861948,1.050165849309698,1.0,1.0,1.0,13.799880545640207
SE300_FL320,2022-03-01 01:06:00.000000000,0.9578839050532617,48.04139173850947,9753.6,27448.480002484983,219.06047,0.6470676121831082,1.071335605748249,1.0,1.0,1.0,13.799880297337754
SE300_FL320,2022-03-01 01:07:00.000000000,1.1101490175689515,48.11247259658721,9753.6,27448.480002484983,219.00945,0.6576752595676136,1.0893059986247973,1.0,1.0,1.0,13.799955765457092
SE300_FL320,2022-03-01 01:08:00.000000000,1.2614916109520389,48.18462623408982,9753.6,27448.480002484983,218.96518,0.6698535720776417,1.1098328687342762,1.0,1.0,1.0,13.799946076537669
SE300_FL320,2022-03-01 01:09:00.000000000,1.4118974565169005,48.25784150407756,9753.6,27448.480002484983,218.92072,0.6640050186888853,1.1005002146837084,1.0,1.0,1.0,13.799936769163452
SE300_FL320,2022-03-01 01:10:00.000000000,1.5613479605795775,48.33211247748483,9753.6,27448.480002484983,218.88556,0.6572852920398131,1.0896450704705096,1.0,1.0,1.0,13.799928078960882
SE300_FL320,2022-03-01 01:11:00.000000000,1.7098258754552036,48.40743177483138,9753.6,27448.480002484983,218.85507,0.6496474977489143,1.0772197199544467,1.0,1.0,1.0,13.799920213907653
SE300_FL320,2022-03-01 01:12:00.000000000,1.8573153869251047,48.48379060616857,9753.6,27448.480002484983,218.82382,0.6396759773355649,1.0609259063924747,1.0,1.0,1.0,13.799913349084349
SE300_FL320,2022-03-01 01:13:00.000000000,2.00380219478423,48.561178817972646,9753.6,27448.480002484983,218.7989,0.6298074823345545,1.0447502616903355,1.0,1.0,1.0,13.799907622724088
SE300_FL320,2022-03-01 01:14:00.000000000,2.1492735857235448,48.63958494650445,9753.6,27448.480002484983,218.80992,0.6295334374255455,1.0442100898745403,1.0,1.0,1.0,13.79990313363142
SE300_FL320,2022-03-01 01:15:00.000000000,2.2937184979011707,48.71899627708127,9753.6,27448.480002484983,218.81686,0.6287494456862475,1.0428588879145204,1.0,1.0,1.0,13.799899939990695
SE300_FL320,2022-03-01 01:16:00.000000000,2.437127576666514,48.79939890864313,9753.6,27448.480002484983,218.83455,0.6275597172084612,1.0407504304666793,1.0,1.0,1.0,13.799898059510873
SE300_FL320,2022-03-01 01:17:00.000000000,2.57949322101926,48.88077782294388,9753.6,27448.480002484983,218.86647,0.6252806114698737,1.0367297422964512,1.0,1.0,1.0,13.799897470818289
SE300_FL320,2022-03-01 01:18:00.000000000,2.7208096205090637,48.96311695765744,9753.6,27448.480002484983,218.91158,0.6204085606972108,1.0283144811793041,1.0,1.0,1.0,13.799898115948379
SE300_FL320,2022-03-01 01:19:00.000000000,2.8610727824072804,49.04639928266274,9753.6,27448.480002484983,218.96278,0.6120122181399353,1.0140181721962165,1.0,1.0,1.0,13.799899903772648
SE300_FL320,2022-03-01 01:20:00.000000000,3.0002805491083504,49.13060687875635,9753.6,27448.480002484983,219.00551,0.6073371083478696,1.0059599114922504,1.0,1.0,1.0,13.799902714140295
SE300_FL320,2022-03-01 01:21:00.000000000,3.1384326058413183,49.21572101804042,9753.6,27448.480002484983,219.04561,0.600748858029511,0.9947568008831813,1.0,0.0,0.0,13.799906402511214
SE300_FL320,2022-03-01 01:22:00.000000000,3.275530478889779,49.30172224524366,9753.6,27448.480002484983,219.06064,0.5990317063431512,0.9918030384161826,1.0,0.0,0.0,13.799910804862314
SE300_FL320,2022-03-01 01:23:00.000000000,3.411577524628558,49.38859045925548,9753.6,27448.480002484983,219.06128,0.5948703026808205,0.9849086126499417,1.0,0.0,0.0,13.799915742621737
SE300_FL320,2022-03-01 01:24:00.000000000,3.546578909786857,49.47630499418438,9753.6,27448.480002484983,219.05528,0.5910458626881678,0.9786199046281708,1.0,0.0,0.0,13.799921027431493
SE300_FL320,2022-03-01 01:25:00.000000000,3.6805415834364057,49.56484469929377,9753.6,27448.480002484983,219.02718,0.5867136008893442,0.9716453873850306,1.0,0.0,0.0,13.799926465539238
SE300_FL320,2022-03-01 01:26:00.000000000,3.813474241281341,49.65418801721622,9753.6,27448.480002484983,218.99765,0.585064972668304,0.9691256540436055,1.0,0.0,0.0,13.799931861647412
SE300_FL320,2022-03-01 01:27:00.000000000,3.945387282890515,49.74431305990206,9753.6,27448.480002484983,218.974,0.5833265498998069,0.9664100381040394,1.0,0.0,0.0,13.799937022113916
SE300_FL320,2022-03-01 01:28:00.000000000,4.076292762563807,49.83519768181777,9753.6,27448.480002484983,218.9481,0.5787484687949968,0.9590064650970394,1.0,0.0,0.0,13.799941757380292
SE300_FL320,2022-03-01 01:29:00.000000000,4.206204334561293,49.92681954997152,9753.6,27448.480002484983,218.9251,0.5738622779627991,0.9510712807003889,1.0,0.0,0.0,13.799945883601017
SE300_FL320,2022-03-01 01:30:00.000000000,4.335137193447722,50.01915621040786,9753.6,27448.480002484983,218.91754,0.5710033572710922,0.9463835097331992,1.0,0.0,0.0,13.799949223437263
SE300_FL320,2022-03-01 01:31:00.000000000,4.463108010316069,50.1121851508771,9753.6,27448.480002484983,218.91931,0.5624898206275336,0.9322617328747951,1.0,0.0,0.0,13.79995160605297
SE300_FL320,2022-03-01 01:32:00.000000000,4.590134865652553,50.20588385944899,9753.6,27448.480002484983,218.92958,0.558590959576041,0.9257315874493686,1.0,0.0,0.0,13.799952866356099
SE300_FL320,2022-03-01 01:33:00.000000000,4.716237179594008,50.300229878900765,9753.6,27448.480002484983,218.95125,0.5574392208281519,0.9236763387751112,1.0,0.0,0.0,13.799952843577072
SE300_FL320,2022-03-01 01:34:00.000000000,4.841435640306324,50.39520085676857,9753.6,27448.480002484983,218.99506,0.558881416872051,0.9257710523397458,1.0,0.0,0.0,13.799951379286926
SE300_FL320,2022-03-01 01:35:00.000000000,4.965752131182763,50.49077459100485,9753.6,27448.480002484983,219.04657,0.5615976491304131,0.9299211028894665,1.0,0.0,0.0,13.799948314979101
SE300_FL320,2022-03-01 01:36:00.000000000,5.08920965752353,50.58692907123493,9753.6,27448.480002484983,219.07933,0.5673641698382523,0.9392443894134803,1.0,0.0,0.0,13.7999434893709
SE300_FL320,2022-03-01 01:37:00.000000000,5.211832273314692,50.683642515650746,9753.6,27448.480002484983,219.11098,0.5750231324503922,0.9517041993524552,1.0,0.0,0.0,13.799936735540259
SE300_FL320,2022-03-01 01:38:00.000000000,5.333645008677116,50.78089340361986,9753.6,27448.480002484983,219.13913,0.5853841043531423,0.9686535008202245,1.0,0.0,0.0,13.79992787807843
SE300_FL320,2022-03-01 01:39:00.000000000,5.454673798505399,50.87866050412251,9753.6,27448.480002484983,219.1661,0.598451442586775,0.990077803463906,1.0,0.0,0.0,13.799916730378694
SE300_FL320,2022-03-01 01:40:00.000000000,5.574945412764155,50.97692290015904,9753.6,27448.480002484983,219.17854,0.6140117002869107,1.01572798946106,1.0,1.0,1.0,13.799909146879337
SE300_FL320,2022-03-01 01:41:00.000000000,5.69448698268002,51.07566027243519,9753.6,27448.480002484983,219.17964,0.6282498508167801,1.0392755851591255,1.0,1.0,1.0,13.800036502008268
SE300_FL320,2022-03-01 01:42:00.000000000,5.813317860079042,51.17485813030892,9753.6,27448.480002484983,219.17857,0.6279909008889047,1.038854756921787,1.0,1.0,1.0,13.800019343694286
SE300_FL320,2022-03-01 01:43:00.000000000,5.931476383526231,51.274490485820074,9753.6,27448.480002484983,219.17122,0.6221898227762607,1.0293125067401396,1.0,1.0,1.0,13.799999557176893
SE300_FL320,2022-03-01 01:44:00.000000000,6.048992146742065,51.37453779717241,9753.6,27448.480002484983,219.16666,0.6200497849646267,1.0258080669807317,1.0,1.0,1.0,13.799976952886416
SE300_FL320,2022-03-01 01:45:00.000000000,6.16589527157801,51.47498090580639,9753.6,27448.480002484983,219.16716,0.6167500284076844,1.020341287145015,1.0,1.0,1.0,13.799951314976644
SE300_FL320,2022-03-01 01:46:00.000000000,6.282216354420901,51.575801040761654,9753.6,27448.480002484983,219.1706,0.6138212066709379,1.0154741986398144,1.0,1.0,1.0,13.799922401731491
SE300_FL320,2022-03-01 01:47:00.000000000,6.397986416102225,51.67697982039795,9753.6,27448.480002484983,219.1872,0.6092793729548366,1.0078362888272212,1.0,1.0,1.0,13.799896422178843
SE300_FL320,2022-03-01 01:48:00.000000000,6.513236540852692,51.77849945999789,9753.6,27448.480002484983,219.21645,0.6002015484856158,0.9926094717372469,1.0,0.0,0.0,13.800070683038491
SE300_FL320,2022-03-01 01:49:00.000000000,6.627989237000202,51.88034855874178,9753.6,27448.480002484983,219.23476,0.5857512646352451,0.9685826480880514,1.0,0.0,0.0,13.800033136164926
SE300_FL320,2022-03-01 01:50:00.000000000,6.7422871098143675,51.982503017475295,9753.6,27448.480002484983,219.2634,0.5685204602146827,0.9398899891115949,1.0,0.0,0.0,13.79999217680041
SE300_FL320,2022-03-01 01:51:00.000000000,6.85616260126879,52.08494594286698,9753.6,27448.480002484983,219.29044,0.5320430821519696,0.879411743974115,1.0,0.0,0.0,13.799947488517821
SE300_FL320,2022-03-01 01:52:00.000000000,6.9696483812259675,52.187660808917485,9753.6,27448.480002484983,219.32326,0.48973364578666734,0.8092818527921242,1.0,0.0,0.0,13.799898737232269
SE300_FL320,2022-03-01 01:53:00.000000000,7.082777318490884,52.29063144711092,9753.6,27448.480002484983,219.33023,0.4516616012946893,0.7463312191782234,1.0,0.0,0.0,13.800030398716745
SE300_FL320,2022-03-01 01:54:00.000000000,7.19557701404532,52.39384625576109,9753.6,27448.480002484983,219.33197,0.4191950050475743,0.69267368589109,1.0,0.0,0.0,13.800054345163323
SE300_FL320,2022-03-01 01:55:00.000000000,7.308085257117626,52.49728673117904,9753.6,27448.480002484983,219.32977,0.3868927297721616,0.6393074225873717,1.0,0.0,0.0,13.799996740891372
SE300_FL320,2022-03-01 01:56:00.000000000,7.420338038484323,52.60093580787837,9753.6,27448.480002484983,219.30408,0.3658493517869201,0.6046504854129043,1.0,0.0,0.0,13.799934836100903
SE300_FL320,2022-03-01 01:57:00.000000000,7.532368946100369,52.70477859337681,9753.6,27448.480002484983,219.27605,0.3484036757559805,0.5759355860672303,1.0,0.0,0.0,13.7999107047655
SE300_FL320,2022-03-01 01:58:00.000000000,7.644210999091989,52.80880120769993,9753.6,27448.480002484983,219.25356,0.33591788813426415,0.5553868939774502,1.0,0.0,0.0,13.80009727987662
SE300_FL320,2022-03-01 01:59:00.000000000,7.755895885982359,52.912992453617406,9753.6,27448.480002484983,219.23601,0.3238993710906954,0.5355859726319575,1.0,0.0,0.0,13.800026839405156
SE300_FL320,2022-03-01 02:00:00.000000000,7.867462507785084,53.01733360209722,9753.6,27448.480002484983,219.19829,0.32226629939786094,0.5330323054735718,1.0,0.0,0.0,13.799951817325509
SE300_FL320,2022-03-01 02:01:00.000000000,7.97894493915904,53.12181080944994,9753.6,27448.480002484983,219.18008,0.32340254444959404,0.5349831738149818,1.0,0.0,0.0,13.799878948745755
SE300_FL320,2022-03-01 02:02:00.000000000,8.090377316599858,53.22641053966239,9753.6,27448.480002484983,219.17894,0.3253685095463676,0.5382404728287711,1.0,0.0,0.0,13.80011613732471
SE300_FL320,2022-03-01 02:03:00.000000000,8.201794722995709,53.33112242122278,9753.6,27448.480002484983,219.1804,0.32816026045411195,0.5428530526942036,1.0,0.0,0.0,13.800033244616367
SE300_FL320,2022-03-01 02:04:00.000000000,8.313233280726271,53.43592919842136,9753.6,27448.480002484983,219.18828,0.3313621349141832,0.5481168421047113,1.0,0.0,0.0,13.799945514347323
SE300_FL320,2022-03-01 02:05:00.000000000,8.42472747485294,53.54081781028977,9753.6,27448.480002484983,219.20532,0.331759313917519,0.5487046742420325,1.0,0.0,0.0,13.799915365810826
SE300_FL320,2022-03-01 02:06:00.000000000,8.536312692536393,53.64577571103455,9753.6,27448.480002484983,219.22676,0.3288918372138533,0.5438776615562348,1.0,0.0,0.0,13.80011004309586
SE300_FL320,2022-03-01 02:07:00.000000000,8.648028278660536,53.750790832795516,9753.6,27448.480002484983,219.24393,0.3293370776989981,0.5445449495575572,1.0,0.0,0.0,13.800015304799869
SE300_FL320,2022-03-01 02:08:00.000000000,8.759906477778147,53.85584845500265,9753.6,27448.480002484983,219.25757,0.32788515019122505,0.54208942534295,1.0,0.0,0.0,13.79991564313486
SE300_FL320,2022-03-01 02:09:00.000000000,8.871982232889263,53.96093601106962,9753.6,27448.480002484983,219.28084,0.3248200913295743,0.5369300119050632,1.0,0.0,0.0,13.800004103946796
SE300_FL320,2022-03-01 02:10:00.000000000,8.984295963690094,54.06604108818969,9753.6,27448.480002484983,219.2967,0.3234101126205416,0.5345380499398767,1.0,0.0,0.0,13.800080631551038
SE300_FL320,2022-03-01 02:11:00.000000000,9.096884905918607,54.17115044521283,9753.6,27448.480002484983,219.30211,0.32498169038348174,0.5371142652439653,1.0,0.0,0.0,13.799975069909443
SE300_FL320,2022-03-01 02:12:00.000000000,9.20978021803311,54.27625136209472,9753.6,27448.480002484983,219.31793,0.3232976589289202,0.5342686219015935,1.0,0.0,0.0,13.799864842324851
SE300_FL320,2022-03-01 02:13:00.000000000,9.323017438348389,54.38133146507345,9753.6,27448.480002484983,219.31425,0.32606157729586527,0.5388502267690105,1.0,0.0,0.0,13.800132173225244
SE300_FL320,2022-03-01 02:14:00.000000000,9.436648363691544,54.48637655428334,9753.6,27448.480002484983,219.31276,0.3282675553521094,0.5425027184541275,1.0,0.0,0.0,13.800031613689772
SE300_FL320,2022-03-01 02:15:00.000000000,9.550696513269713,54.59137491446518,9753.6,27448.480002484983,219.30914,0.32895747710494133,0.5436572995490803,1.0,0.0,0.0,13.799916973248944
SE300_FL320,2022-03-01 02:16:00.000000000,9.665197626195663,54.69631414251662,9753.6,27448.480002484983,219.3101,0.3271790981335391,0.5407143098483775,1.0,0.0,0.0,13.800000285525412
SE300_FL320,2022-03-01 02:17:00.000000000,9.780198569347377,54.80118004346924,9753.6,27448.480002484983,219.29883,0.32942375801430485,0.5444692203925366,1.0,0.0,0.0,13.800086698051244
SE300_FL320,2022-03-01 02:18:00.000000000,9.895738483326229,54.90595917369293,9753.6,27448.480002484983,219.28049,0.33343950148591256,0.5511808546937346,1.0,0.0,0.0,12.396279145510631
SE300_FL320,2022-03-01 02:18:53.897617080,10.0,55.0,9753.6,27448.480002484983,219.28717,0.32817799799690434,0.5424551165055275,1.0,0.0,0.0,0.0
SE150_FL320,2022-03-01 00:00:00.000000000,-10.000000000000002,45.00000000000001,9753.6,27448.480002484983,218.9977,0.628979275547244,1.0418688176837037,1.0,1.0,1.0,13.800025280721622
SE150_FL320,2022-03-01 00:01:00.000000000,-9.848780362463852,45.06309802296491,9753.6,27448.480002484983,219.05717,0.6397778776339615,1.0592924819754754,1.0,1.0,1.0,13.800023124170625
SE150_FL320,2022-03-01 00:02:00.000000000,-9.69723892593266,45.12601025046198,9753.6,27448.480002484983,219.1432,0.6488220283261502,1.0735946583566192,1.0,1.0,1.0,13.800020919334957
SE150_FL320,2022-03-01 00:03:00.000000000,-9.545386915730079,45.18874995403247,9753.6,27448.480002484983,219.24002,0.65863890404886,1.089063032568505,1.0,1.0,1.0,13.80001868361511
SE150_FL320,2022-03-01 00:04:00.000000000,-9.393235477429094,45.251330452726556,9753.6,27448.480002484983,219.32866,0.6680271970745726,1.103868902408568,1.0,1.0,1.0,13.800016434639819
SE150_FL320,2022-03-01 00:05:00.000000000,-9.240795680594678,45.31376510728148,9753.6,27448.480002484983,219.41368,0.6748772922455228,1.1144919209720714,1.0,1.0,1.0,13.800014190107833
SE150_FL320,2022-03-01 00:06:00.000000000,-9.088078522618359,45.376067314269825,9753.6,27448.480002484983,219.47916,0.6828476065179759,1.1271109470711735,1.0,1.0,1.0,13.800011967625645
SE150_FL320,2022-03-01 00:07:00.000000000,-8.935094932619785,45.43825050019791,9753.6,27448.480002484983,219.53696,0.6862720369209507,1.132279824335137,1.0,1.0,1.0,13.800009784533726
SE150_FL320,2022-03-01 00:08:00.000000000,-8.78185577539008,45.500328115534025,9753.6,27448.480002484983,219.58089,0.6856470539108491,1.130881158289493,1.0,1.0,1.0,13.80000765772226
SE150_FL320,2022-03-01 00:09:00.000000000,-8.628371855351828,45.56231362864651,9753.6,27448.480002484983,219.59943,0.682512379850064,1.125557749186006,1.0,1.0,1.0,13.80000560344844
SE150_FL320,2022-03-01 00:10:00.000000000,-8.474653920510518,45.62422051963216,9753.6,27448.480002484983,219.61716,0.6785164798283555,1.1188234695496448,1.0,1.0,1.0,13.800003637143645
SE150_FL320,2022-03-01 00:11:00.000000000,-8.320712666371875,45.68606227401563,9753.6,27448.480002484983,219.62831,0.6734722500213095,1.1104111017811071,1.0,1.0,1.0,13.800001773220872
SE150_FL320,2022-03-01 00:12:00.000000000,-8.166558739799713,45.74785237630135,9753.6,27448.480002484983,219.60803,0.6746306309750011,1.1124876086279167,1.0,1.0,1.0,13.800000024891407
SE150_FL320,2022-03-01 00:13:00.000000000,-8.012202742788062,45.80960430335971,9753.6,27448.480002484983,219.5736,0.6730772125025147,1.1102092111600157,1.0,1.0,1.0,13.79999840397277
SE150_FL320,2022-03-01 00:14:00.000000000,-7.857655236121768,45.87133151763049,9753.6,27448.480002484983,219.55286,0.6717538395373601,1.1081964731783673,1.0,1.0,1.0,13.799996920709697
SE150_FL320,2022-03-01 00:15:00.000000000,-7.702926742899029,45.933047460127014,9753.6,27448.480002484983,219.51926,0.6794925605354902,1.121241116808313,1.0,1.0,1.0,13.799995583611501
SE150_FL320,2022-03-01 00:16:00.000000000,-7.548027751889124,45.99476554322603,9753.6,27448.480002484983,219.48178,0.6936960218901459,1.1449955601982338,1.0,1.0,1.0,13.799994399289552
SE150_FL320,2022-03-01 00:17:00.000000000,-7.392968720698455,46.05649914322893,9753.6,27448.480002484983,219.50978,0.693189058248771,1.1439196421503883,1.0,1.0,1.0,13.799993372318367
SE150_FL320,2022-03-01 00:18:00.000000000,-7.237760078717368,46.118261592681485,9753.6,27448.480002484983,219.55835,0.6930342908870265,1.1432546630402491,1.0,1.0,1.0,13.799992505114373
SE150_FL320,2022-03-01 00:19:00.000000000,-7.0824122298204,46.18006617244081,9753.6,27448.480002484983,219.62242,0.6924698034074556,1.1417861703243426,1.0,1.0,1.0,13.799991797836244
SE150_FL320,2022-03-01 00:20:00.000000000,-6.926935554791905,46.241926103479614,9753.6,27448.480002484983,219.69035,0.6901402639970236,1.1373720381602554,1.0,1.0,1.0,13.799991248309139
SE150_FL320,2022-03-01 00:21:00.000000000,-6.771340413449099,46.303854538419465,9753.6,27448.480002484983,219.77008,0.6847632229358939,1.127845404258642,1.0,1.0,1.0,13.79999085197143
SE150_FL320,2022-03-01 00:22:00.000000000,-6.615637146434141,46.36586455278655,9753.6,27448.480002484983,219.8639,0.6784169186831319,1.116615489699071,1.0,1.0,1.0,13.79999060186101
SE150_FL320,2022-03-01 00:23:00.000000000,-6.4598360766471385,46.427969135985755,9753.6,27448.480002484983,219.95898,0.6738438584831876,1.1083029279119512,1.0,1.0,1.0,13.799990488621079
SE150_FL320,2022-03-01 00:24:00.000000000,-6.3039475102915645,46.49018118199037,9753.6,27448.480002484983,220.03886,0.6742238370407753,1.1082692524335414,1.0,1.0,1.0,13.799990500548963
SE150_FL320,2022-03-01 00:25:00.000000000,-6.147981737503878,46.552513479747134,9753.6,27448.480002484983,220.10388,0.6769972265753855,1.1122891703662172,1.0,1.0,1.0,13.799990623666508
SE150_FL320,2022-03-01 00:26:00.000000000,-5.991949032539317,46.6149787032986,9753.6,27448.480002484983,220.14989,0.6830562154464268,1.1218602592491551,1.0,1.0,1.0,13.799990841836957
SE150_FL320,2022-03-01 00:27:00.000000000,-5.835859653486246,46.67758940162737,9753.6,27448.480002484983,220.09947,0.6899497595833621,1.1336070895561217,1.0,1.0,1.0,13.799991136910966
SE150_FL320,2022-03-01 00:28:00.000000000,-5.679723841481787,46.740357988228865,9753.6,27448.480002484983,220.03073,0.696871675545345,1.145569573296778,1.0,1.0,1.0,13.799991488902345
SE150_FL320,2022-03-01 00:29:00.000000000,-5.523551819402239,46.80329673042195,9753.6,27448.480002484983,219.9497,0.6989004451438691,1.1495964159507088,1.0,1.0,1.0,13.799991876206876
SE150_FL320,2022-03-01 00:30:00.000000000,-5.367353790002575,46.86641773840963,9753.6,27448.480002484983,219.8575,0.6950614796789962,1.1440633140255254,1.0,1.0,1.0,13.799992275841205
SE150_FL320,2022-03-01 00:31:00.000000000,-5.2111399334805135,46.92973295410445,9753.6,27448.480002484983,219.77016,0.6896429594588644,1.1358804390402018,1.0,1.0,1.0,13.799992663719705
SE150_FL320,2022-03-01 00:32:00.000000000,-5.05492040444159,46.993254139735846,9753.6,27448.480002484983,219.69699,0.6795510739633528,1.1198668822091242,1.0,1.0,1.0,13.799993014953047
SE150_FL320,2022-03-01 00:33:00.000000000,-4.89870532824359,47.05699286626,9753.6,27448.480002484983,219.64464,0.662524132494921,1.0922280092504704,1.0,1.0,1.0,13.799993304171764
SE150_FL320,2022-03-01 00:34:00.000000000,-4.7425047966999045,47.12096050159472,9753.6,27448.480002484983,219.59749,0.6436850366797575,1.061543558315877,1.0,1.0,1.0,13.79999350586429
SE150_FL320,2022-03-01 00:35:00.000000000,-4.586328863123924,47.185168198705355,9753.6,27448.480002484983,219.57848,0.6294756746255599,1.038253150298051,1.0,1.0,1.0,13.799993594737066
SE150_FL320,2022-03-01 00:36:00.000000000,-4.430187536698249,47.24962688356991,9753.6,27448.480002484983,219.56877,0.6220640681671765,1.026102693608418,1.0,1.0,1.0,13.799993546077733
SE150_FL320,2022-03-01 00:37:00.000000000,-4.274090776155365,47.31434724305453,9753.6,27448.480002484983,219.57977,0.6257685426474218,1.0321278613958191,1.0,1.0,1.0,13.799993336121352
SE150_FL320,2022-03-01 00:38:00.000000000,-4.118048482758973,47.37933971273268,9753.6,27448.480002484983,219.58095,0.6302725515618668,1.0395485485732763,1.0,1.0,1.0,13.799992942424828
SE150_FL320,2022-03-01 00:39:00.000000000,-3.9620704925782735,47.44461446468435,9753.6,27448.480002484983,219.57982,0.6348365518887159,1.0470821304664726,1.0,1.0,1.0,13.7999923442172
SE150_FL320,2022-03-01 00:40:00.000000000,-3.806166568050712,47.510181395313246,9753.6,27448.480002484983,219.56375,0.6361623339278255,1.0493965664760643,1.0,1.0,1.0,13.799991522756148
SE150_FL320,2022-03-01 00:41:00.000000000,-3.6503463888319807,47.57605011322245,9753.6,27448.480002484983,219.53761,0.6357454166405101,1.048913613995644,1.0,1.0,1.0,13.799990461647935
SE150_FL320,2022-03-01 00:42:00.000000000,-3.4946195419363453,47.64222992719104,9753.6,27448.480002484983,219.52362,0.6336841227703216,1.045617693963441,1.0,1.0,1.0,13.799989147153058
SE150_FL320,2022-03-01 00:43:00.000000000,-3.3389955111735663,47.708729834295355,9753.6,27448.480002484983,219.51006,0.6283294649129647,1.0368854706227972,1.0,1.0,1.0,13.79998756845803
SE150_FL320,2022-03-01 00:44:00.000000000,-3.1834836658934074,47.775558508220634,9753.6,27448.480002484983,219.48743,0.6227804607205493,1.027900462218281,1.0,1.0,1.0,13.79998571790615
SE150_FL320,2022-03-01 00:45:00.000000000,-3.0280932490527612,47.84272428780939,9753.6,27448.480002484983,219.4559,0.6180390675566318,1.0203123547645303,1.0,1.0,1.0,13.799983591199357
SE150_FL320,2022-03-01 00:46:00.000000000,-2.872833364624784,47.91023516589412,9753.6,27448.480002484983,219.43205,0.6146691534446088,1.014926988755459,1.0,1.0,1.0,13.799981187540997
SE150_FL320,2022-03-01 00:47:00.000000000,-2.7177129643741873,47.97809877846222,9753.6,27448.480002484983,219.4101,0.6121983075798567,1.0110105218023844,1.0,1.0,1.0,13.799978509741795
SE150_FL320,2022-03-01 00:48:00.000000000,-2.562740834027267,48.046322394201255,9753.6,27448.480002484983,219.38835,0.6140841467137228,1.0142852804036133,1.0,1.0,1.0,13.799975564268491
SE150_FL320,2022-03-01 00:49:00.000000000,-2.407925578869879,48.11491290447256,9753.6,27448.480002484983,219.37518,0.6164260065723041,1.018252919341908,1.0,1.0,1.0,13.799972361242325
SE150_FL320,2022-03-01 00:50:00.000000000,-2.2532756088113697,48.18387681376056,9753.6,27448.480002484983,219.36562,0.6187334945199412,1.0221359182327754,1.0,1.0,1.0,13.799968914382415
SE150_FL320,2022-03-01 00:51:00.000000000,-2.0987991229566814,48.25322023064404,9753.6,27448.480002484983,219.3545,0.621190760662935,1.0262779446839654,1.0,1.0,1.0,13.799965240897679
SE150_FL320,2022-03-01 00:52:00.000000000,-1.9445040937337181,48.3229488593347,9753.6,27448.480002484983,219.32309,0.6266169367270854,1.035483194032679,1.0,1.0,1.0,13.799961361323575
SE150_FL320,2022-03-01 00:53:00.000000000,-1.7903982506269553,48.393067991826065,9753.6,27448.480002484983,219.25801,0.6374147628009516,1.0538301533450787,1.0,1.0,1.0,13.799957299309654
SE150_FL320,2022-03-01 00:54:00.000000000,-1.6364890635725675,48.46358250069396,9753.6,27448.480002484983,219.19472,0.6480195415907591,1.0718615469286483,1.0,1.0,1.0,13.799953081365691
SE150_FL320,2022-03-01 00:55:00.000000000,-1.482783726073991,48.534496832587074,9753.6,27448.480002484983,219.12306,0.6577941439395147,1.0885982377494408,1.0,1.0,1.0,13.799948736550181
SE150_FL320,2022-03-01 00:56:00.000000000,-1.3292891381006948,48.60581500244348,9753.6,27448.480002484983,219.05132,0.666467066989485,1.1035300252688731,1.0,1.0,1.0,13.79996224359886
SE150_FL320,2022-03-01 00:57:00.000000000,-1.176012199022902,48.677541157964725,9753.6,27448.480002484983,219.00073,0.6732982735556483,1.1152519435515678,1.0,1.0,1.0,13.800015850398514
SE150_FL320,2022-03-01 00:58:00.000000000,-1.022959909011004,48.74967973493967,9753.6,27448.480002484983,218.97443,0.6794234686169911,1.1256122932741226,1.0,1.0,1.0,13.800011280819982
SE150_FL320,2022-03-01 00:59:00.000000000,-0.8701372214611162,48.82223162470867,9753.6,27448.480002484983,218.95973,0.6875618860381987,1.139218656912489,1.0,1.0,1.0,13.800006501605102
SE150_FL320,2022-03-01 01:00:00.000000000,-0.7175496815727354,48.89519906140205,9753.6,27448.480002484983,218.94754,0.6980446916062112,1.1566937117518747,1.0,1.0,1.0,13.800001555312974
SE150_FL320,2022-03-01 01:01:00.000000000,-0.5652024537904219,48.96858383001156,9753.6,27448.480002484983,218.93733,0.711606193878143,1.1792525430701508,1.0,1.0,1.0,13.79999648581086
SE150_FL320,2022-03-01 01:02:00.000000000,-0.4131003048958678,49.04238726558329,9753.6,27448.480002484983,218.92229,0.7175198041424732,1.1891824405872276,1.0,1.0,1.0,13.799991337765992
SE150_FL320,2022-03-01 01:03:00.000000000,-0.2612475873906203,49.116610253279745,9753.6,27448.480002484983,218.90825,0.7162522488414075,1.1872027317674232,1.0,1.0,1.0,13.7999861561264
SE150_FL320,2022-03-01 01:04:00.000000000,-0.1096482232436474,49.1912532293119,9753.6,27448.480002484983,218.8923,0.7033714209168037,1.1659883453233861,1.0,1.0,1.0,13.799980985617015
SE150_FL320,2022-03-01 01:05:00.000000000,0.041694311923352705,49.266316182737384,9753.6,27448.480002484983,218.88586,0.6709308688718392,1.1122613657766052,1.0,1.0,1.0,13.799975870245795
SE150_FL320,2022-03-01 01:06:00.000000000,0.19277700414136667,49.341798658116055,9753.6,27448.480002484983,218.89986,0.6080229768424398,1.007872410558916,1.0,1.0,1.0,13.799970852837674
SE150_FL320,2022-03-01 01:07:00.000000000,0.3435973158213465,49.41769975900875,9753.6,27448.480002484983,218.91187,0.5621732360695713,0.931787885137635,1.0,0.0,0.0,13.79996597459641
SE150_FL320,2022-03-01 01:08:00.000000000,0.49415319983679507,49.49401815230074,9753.6,27448.480002484983,218.93037,0.5334457541327908,0.8840552766723999,1.0,0.0,0.0,13.799961274703167
SE150_FL320,2022-03-01 01:09:00.000000000,0.6444431128990113,49.5707520733261,9753.6,27448.480002484983,218.91928,0.5362988182766263,0.888855101894815,1.0,0.0,0.0,13.799956789951366
SE150_FL320,2022-03-01 01:10:00.000000000,0.7944660281656921,49.647899331764975,9753.6,27448.480002484983,218.90387,0.5459061832791084,0.9048784255494853,1.0,0.0,0.0,13.799952554435153
SE150_FL320,2022-03-01 01:11:00.000000000,0.9442214470284372,49.72545731828128,9753.6,27448.480002484983,218.88261,0.5635056738477581,0.9341979749921456,1.0,0.0,0.0,13.799948599276675
SE150_FL320,2022-03-01 01:12:00.000000000,1.0937094100288882,49.803423011864275,9753.6,27448.480002484983,218.84094,0.5893696519271558,0.9773696178487378,1.0,0.0,0.0,13.79994495241215
SE150_FL320,2022-03-01 01:13:00.000000000,1.2429305068591834,49.8817929878337,9753.6,27448.480002484983,218.79688,0.613121138247856,1.017085262180229,1.0,1.0,1.0,13.799943970232082
SE150_FL320,2022-03-01 01:14:00.000000000,1.391885839203061,49.9605634958069,9753.6,27448.480002484983,218.76382,0.6218581947846095,1.0318242880214732,1.0,1.0,1.0,13.800018164069398
SE150_FL320,2022-03-01 01:15:00.000000000,1.5405756538199646,50.039732525500625,9753.6,27448.480002484983,218.73508,0.6281613631327339,1.042501871619408,1.0,1.0,1.0,13.800012779561797
SE150_FL320,2022-03-01 01:16:00.000000000,1.689003811745885,50.119293133097386,9753.6,27448.480002484983,218.70908,0.6335591674307127,1.0516585297297483,1.0,1.0,1.0,13.800007711970267
SE150_FL320,2022-03-01 01:17:00.000000000,1.8371731915099507,50.19924036232172,9753.6,27448.480002484983,218.7126,0.6339317703585825,1.052248202084003,1.0,1.0,1.0,13.800002984178791
SE150_FL320,2022-03-01 01:18:00.000000000,1.985087255414262,50.279568902342035,9753.6,27448.480002484983,218.72588,0.6326588661271667,1.0500354128466436,1.0,1.0,1.0,13.79999861501331
SE150_FL320,2022-03-01 01:19:00.000000000,2.1327500533276282,50.36027309878075,9753.6,27448.480002484983,218.73532,0.6328056486771519,1.0502084525577244,1.0,1.0,1.0,13.799994619263725
SE150_FL320,2022-03-01 01:20:00.000000000,2.2801662254169526,50.44134696502648,9753.6,27448.480002484983,218.753,0.633788230581808,1.0517047596130524,1.0,1.0,1.0,13.799991007751949
SE150_FL320,2022-03-01 01:21:00.000000000,2.4273410038207826,50.52278419379153,9753.6,27448.480002484983,218.76923,0.6361602544940537,1.055513781755672,1.0,1.0,1.0,13.799987787443316
SE150_FL320,2022-03-01 01:22:00.000000000,2.5742802132739526,50.604578168858964,9753.6,27448.480002484983,218.76144,0.6397713021451177,1.061565518205789,1.0,1.0,1.0,13.799984961591031
SE150_FL320,2022-03-01 01:23:00.000000000,2.720990270699007,50.686721976962986,9753.6,27448.480002484983,218.73985,0.6440578360156994,1.0688453997125988,1.0,1.0,1.0,13.79998252990439
SE150_FL320,2022-03-01 01:24:00.000000000,2.8674781837846655,50.769208419747585,9753.6,27448.480002484983,218.70996,0.6472319844903999,1.0743448911622453,1.0,1.0,1.0,13.79998048874809
SE150_FL320,2022-03-01 01:25:00.000000000,3.013751548576857,50.85203002574966,9753.6,27448.480002484983,218.67427,0.6507405435071287,1.0804478669047635,1.0,1.0,1.0,13.799978831356217
SE150_FL320,2022-03-01 01:26:00.000000000,3.1598185461124664,50.935179062353996,9753.6,27448.480002484983,218.6204,0.650010297095463,1.0796596351450873,1.0,1.0,1.0,13.79997754806047
SE150_FL320,2022-03-01 01:27:00.000000000,3.3056879381298114,51.0186475476696,9753.6,27448.480002484983,218.5625,0.6477654967200236,1.0763815765194276,1.0,1.0,1.0,13.799976626528416
SE150_FL320,2022-03-01 01:28:00.000000000,3.451369061894234,51.10242726227889,9753.6,27448.480002484983,218.4861,0.6446339747783401,1.0717691412382178,1.0,1.0,1.0,13.799976052009184
SE150_FL320,2022-03-01 01:29:00.000000000,3.596871824179734,51.18650976081355,9753.6,27448.480002484983,218.40526,0.640934012234942,1.0662400519445374,1.0,1.0,1.0,13.79997580757543
SE150_FL320,2022-03-01 01:30:00.000000000,3.7422066944510983,51.27088638331356,9753.6,27448.480002484983,218.3225,0.6367580977529125,1.0599236845977669,1.0,1.0,1.0,13.799975874366709
SE150_FL320,2022-03-01 01:31:00.000000000,3.8873846972928505,51.35554826632859,9753.6,27448.480002484983,218.2546,0.6360977162757596,1.0593423158266573,1.0,1.0,1.0,13.799976231823901
SE150_FL320,2022-03-01 01:32:00.000000000,4.032417404133353,51.44048635372388,9753.6,27448.480002484983,218.19446,0.6343562674083619,1.0568978184135793,1.0,1.0,1.0,13.799976857923344
SE150_FL320,2022-03-01 01:33:00.000000000,4.17731692431389,51.525691407155904,9753.6,27448.480002484983,218.15526,0.6308717428134959,1.0513868776126287,1.0,1.0,1.0,13.79997772939002
SE150_FL320,2022-03-01 01:34:00.000000000,4.322095895553423,51.611154016185885,9753.6,27448.480002484983,218.1414,0.6259852216420914,1.043347860608835,1.0,1.0,1.0,13.799978821916332
SE150_FL320,2022-03-01 01:35:00.000000000,4.466767473859694,51.69686460800298,9753.6,27448.480002484983,218.15204,0.6202954581202118,1.0337841564995842,1.0,1.0,1.0,13.79998011034861
SE150_FL320,2022-03-01 01:36:00.000000000,4.61134532293813,51.78281345673147,9753.6,27448.480002484983,218.189,0.6129672249837185,1.0213021278923018,1.0,1.0,1.0,13.799981568886242
SE150_FL320,2022-03-01 01:37:00.000000000,4.755843603148792,51.86899069230014,9753.6,27448.480002484983,218.22891,0.6064381619570126,1.0101328218889047,1.0,1.0,1.0,13.79998317125147
SE150_FL320,2022-03-01 01:38:00.000000000,4.9002769600611895,51.95538630885467,9753.6,27448.480002484983,218.28572,0.5992179650936431,0.9976996791133405,1.0,0.0,0.0,13.799984890852482
SE150_FL320,2022-03-01 01:39:00.000000000,5.044660512655349,52.041990172697254,9753.6,27448.480002484983,218.33188,0.597836391174517,0.9950681434258876,1.0,0.0,0.0,13.799986700946327
SE150_FL320,2022-03-01 01:40:00.000000000,5.189009841215732,52.12879202974077,9753.6,27448.480002484983,218.36629,0.6038059955498416,1.0047577866874409,1.0,1.0,1.0,13.799988574784994
SE150_FL320,2022-03-01 01:41:00.000000000,5.33334097496334,52.2157815124673,9753.6,27448.480002484983,218.40149,0.6098614367610812,1.0145749110785782,1.0,1.0,1.0,13.799990485753726
SE150_FL320,2022-03-01 01:42:00.000000000,5.477670379467894,52.30294814638437,9753.6,27448.480002484983,218.44,0.6141530701083114,1.0214299139004723,1.0,1.0,1.0,13.799992407510803
SE150_FL320,2022-03-01 01:43:00.000000000,5.622014943881001,52.390281355974025,9753.6,27448.480002484983,218.4778,0.6159165022952313,1.0240836441078425,1.0,1.0,1.0,13.79999431411892
SE150_FL320,2022-03-01 01:44:00.000000000,5.766391968026885,52.477770470133564,9753.6,27448.480002484983,218.51476,0.6155572642910143,1.023214393220024,1.0,1.0,1.0,13.799996180175784
SE150_FL320,2022-03-01 01:45:00.000000000,5.910819149385742,52.565404727108,9753.6,27448.480002484983,218.56812,0.6084966062624511,1.0110882643071006,1.0,1.0,1.0,13.799997980946767
SE150_FL320,2022-03-01 01:46:00.000000000,6.055314570000713,52.65317327891751,9753.6,27448.480002484983,218.62619,0.601230639400091,0.9985945357564135,1.0,0.0,0.0,13.799999692491834
SE150_FL320,2022-03-01 01:47:00.000000000,6.19989668333652,52.74106519528474,9753.6,27448.480002484983,218.6953,0.592065976333816,0.9828803874651486,1.0,0.0,0.0,13.80000129179735
SE150_FL320,2022-03-01 01:48:00.000000000,6.344584301114556,52.829069467069175,9753.6,27448.480002484983,218.76212,0.5768649090127508,0.9571813968005842,1.0,0.0,0.0,13.800002756917273
SE150_FL320,2022-03-01 01:49:00.000000000,6.48939658014588,52.91717500921703,9753.6,27448.480002484983,218.83075,0.5606091762852882,0.9297452846791238,1.0,0.0,0.0,13.800004067102952
SE150_FL320,2022-03-01 01:50:00.000000000,6.634353009179616,53.00537066323756,9753.6,27448.480002484983,218.90433,0.5430946641746512,0.900216346748164,1.0,0.0,0.0,13.80000520294991
SE150_FL320,2022-03-01 01:51:00.000000000,6.779473395781127,53.09364519921752,9753.6,27448.480002484983,218.96725,0.5322340800299736,0.8818098772930143,1.0,0.0,0.0,13.800006146536646
SE150_FL320,2022-03-01 01:52:00.000000000,6.924777853250975,53.18198731738731,9753.6,27448.480002484983,219.00264,0.5061360549788693,0.8383525622455357,1.0,0.0,0.0,13.80000688157544
SE150_FL320,2022-03-01 01:53:00.000000000,7.070286787591492,53.270385649253456,9753.6,27448.480002484983,219.04091,0.48531477495384645,0.8036408646594204,1.0,0.0,0.0,13.800007393558275
SE150_FL320,2022-03-01 01:54:00.000000000,7.216020884525191,53.35882875831312,9753.6,27448.480002484983,219.07559,0.4710262363156287,0.7797834506103123,1.0,0.0,0.0,13.800007669900015
SE150_FL320,2022-03-01 01:55:00.000000000,7.3620010965652085,53.44730514036748,9753.6,27448.480002484983,219.09326,0.45484133940180255,0.7528899685957636,1.0,0.0,0.0,13.800007700096462
SE150_FL320,2022-03-01 01:56:00.000000000,7.508248630134886,53.53580322345174,9753.6,27448.480002484983,219.11694,0.43218309313163844,0.7152610125498904,1.0,0.0,0.0,13.800007475854803
SE150_FL320,2022-03-01 01:57:00.000000000,7.654784932730397,53.62431136740005,9753.6,27448.480002484983,219.12941,0.41388588158236167,0.6849167657338964,1.0,0.0,0.0,13.800006991241453
SE150_FL320,2022-03-01 01:58:00.000000000,7.801631680117048,53.712817863064856,9753.6,27448.480002484983,219.14278,0.396770228856352,0.656529855486408,1.0,0.0,0.0,13.800006242806354
SE150_FL320,2022-03-01 01:59:00.000000000,7.948810763547113,53.80131093121019,9753.6,27448.480002484983,219.16768,0.376073121893337,0.6221670771663641,1.0,0.0,0.0,13.800005229709964
SE150_FL320,2022-03-01 02:00:00.000000000,8.096344276983887,53.889778721099525,9753.6,27448.480002484983,219.18742,0.360338326778509,0.5960503298193953,1.0,0.0,0.0,13.800003953824296
SE150_FL320,2022-03-01 02:01:00.000000000,8.244254504314016,53.97820930879907,9753.6,27448.480002484983,219.19884,0.34985983295672096,0.5786699350576328,1.0,0.0,0.0,13.80000241982998
SE150_FL320,2022-03-01 02:02:00.000000000,8.392563906527803,54.06659069521786,9753.6,27448.480002484983,219.2279,0.33618036924739897,0.5559248806329328,1.0,0.0,0.0,13.800000635287429
SE150_FL320,2022-03-01 02:03:00.000000000,8.541295108844203,54.15491080390644,9753.6,27448.480002484983,219.25873,0.3238355123122326,0.5353899777005724,1.0,0.0,0.0,13.79999861068731
SE150_FL320,2022-03-01 02:04:00.000000000,8.690470887755579,54.24315747863636,9753.6,27448.480002484983,219.2934,0.31829050603241477,0.5260893740590404,1.0,0.0,0.0,13.799996359482744
SE150_FL320,2022-03-01 02:05:00.000000000,8.840114157964688,54.3313184807831,9753.6,27448.480002484983,219.30118,0.31984079454618447,0.5286202425574869,1.0,0.0,0.0,13.799993898086694
SE150_FL320,2022-03-01 02:06:00.000000000,8.990247959184734,54.41938148653517,9753.6,27448.480002484983,219.32002,0.3183411097148578,0.5260706759514335,1.0,0.0,0.0,13.799991245846577
SE150_FL320,2022-03-01 02:07:00.000000000,9.140895442771445,54.50733408395296,9753.6,27448.480002484983,219.33052,0.31899976499924726,0.5271166245099329,1.0,0.0,0.0,13.799988424983786
SE150_FL320,2022-03-01 02:08:00.000000000,9.292079858154782,54.595163769900566,9753.6,27448.480002484983,219.32266,0.32364069066210793,0.5348163944598842,1.0,0.0,0.0,13.799985460504125
SE150_FL320,2022-03-01 02:09:00.000000000,9.443824539036145,54.682857946874975,9753.6,27448.480002484983,219.32568,0.3234818781265747,0.5345431324914018,1.0,0.0,0.0,13.79998238006007
SE150_FL320,2022-03-01 02:10:00.000000000,9.596152889316482,54.770403919756546,9753.6,27448.480002484983,219.32608,0.3230750216429177,0.53386924041621,1.0,0.0,0.0,13.799979213805697
SE150_FL320,2022-03-01 02:11:00.000000000,9.749088368719127,54.85778889250587,9753.6,27448.480002484983,219.30272,0.32914811692537793,0.5439979056638091,1.0,0.0,0.0,13.79997599417574
SE150_FL320,2022-03-01 02:12:00.000000000,9.902654478070929,54.944999964831716,9753.6,27448.480002484983,219.29044,0.3310817591974329,0.5472436293620825,1.0,0.0,0.0,8.71787688339356
SE150_FL320,2022-03-01 02:12:37.904240283,10.0,55.0,9753.6,27448.480002484983,219.2987,0.32617634550701397,0.539102116190473,1.0,0.0,0.0,0.0
GC0_FL320,2022-03-01 00:00:00.000000000,-10.000000000000002,45.00000000000001,9753.6,27448.480002484983,218.9977,0.628979275547244,1.0418688176837037,1.0,1.0,1.0,13.800031261260088
GC0_FL320,2022-03-01 00:01:00.000000000,-9.876312021826006,45.08811854334467,9753.6,27448.480002484983,219.03426,0.6383629748734656,1.057124590053934,1.0,1.0,1.0,13.800027623894355
GC0_FL320,2022-03-01 00:02:00.000000000,-9.752242252140906,45.176103215944366,9753.6,27448.480002484983,219.09871,0.6435931407641573,1.0652870916587036,1.0,1.0,1.0,13.800023933454368
GC0_FL320,2022-03-01 00:03:00.000000000,-9.627788920452794,45.263953191638386,9753.6,27448.480002484983,219.17143,0.6507912910847663,1.0766281526368608,1.0,1.0,1.0,13.800020189682812
GC0_FL320,2022-03-01 00:04:00.000000000,-9.5029502525583,45.351667639156055,9753.6,27448.480002484983,219.238,0.6569160961517808,1.0862302901004446,1.0,1.0,1.0,13.800016392336534
GC0_FL320,2022-03-01 00:05:00.000000000,-9.377724470626134,45.439245722091066,9753.6,27448.480002484983,219.3051,0.6594098567358929,1.0898170255713129,1.0,1.0,1.0,13.800012541176311
GC0_FL320,2022-03-01 00:06:00.000000000,-9.252109793282935,45.52668659887586,9753.6,27448.480002484983,219.37874,0.6570327099342186,1.0853014338925757,1.0,1.0,1.0,13.800008635971807
GC0_FL320,2022-03-01 00:07:00.000000000,-9.126104435701345,45.613989422756205,9753.6,27448.480002484983,219.42844,0.6587756944446758,1.08778313311901,1.0,1.0,1.0,13.800004676501466
GC0_FL320,2022-03-01 00:08:00.000000000,-8.999706609690397,45.701153341765824,9753.6,27448.480002484983,219.49133,0.6524457392784563,1.076831426642462,1.0,1.0,1.0,13.800000662551579
GC0_FL320,2022-03-01 00:09:00.000000000,-8.872914523788092,45.7881774987011,9753.6,27448.480002484983,219.5023,0.6447115540060776,1.0639811090208933,1.0,1.0,1.0,13.799996593917113
GC0_FL320,2022-03-01 00:10:00.000000000,-8.745726383356452,45.87506103109597,9753.6,27448.480002484983,219.50491,0.6352939019157163,1.0484195654449109,1.0,1.0,1.0,13.799992470403737
GC0_FL320,2022-03-01 00:11:00.000000000,-8.618140390678803,45.96180307119685,9753.6,27448.480002484983,219.48946,0.6285267644680144,1.0373693527418328,1.0,1.0,1.0,13.799988291825057
GC0_FL320,2022-03-01 00:12:00.000000000,-8.490154745059604,46.04840274593778,9753.6,27448.480002484983,219.44963,0.6242951357543178,1.0306870366192098,1.0,1.0,1.0,13.799984058004643
GC0_FL320,2022-03-01 00:13:00.000000000,-8.36176764292664,46.13485917691566,9753.6,27448.480002484983,219.386,0.6237902626692771,1.0303351826221603,1.0,1.0,1.0,13.799979768777922
GC0_FL320,2022-03-01 00:14:00.000000000,-8.232977277935733,46.22117148036564,9753.6,27448.480002484983,219.3193,0.6241870684728841,1.0314974766422131,1.0,1.0,1.0,13.79997542398953
GC0_FL320,2022-03-01 00:15:00.000000000,-8.103781841077932,46.30733876713662,9753.6,27448.480002484983,219.22914,0.6331353357229731,1.046974337986263,1.0,1.0,1.0,13.799971023496427
GC0_FL320,2022-03-01 00:16:00.000000000,-7.974179520789293,46.39336014266697,9753.6,27448.480002484983,219.14912,0.6444453570510796,1.0663065822846587,1.0,1.0,1.0,13.799966567164596
GC0_FL320,2022-03-01 00:17:00.000000000,-7.844168503063274,46.47923470696041,9753.6,27448.480002484983,219.09537,0.6553770409684968,1.084818991408536,1.0,1.0,1.0,13.8000335506074
GC0_FL320,2022-03-01 00:18:00.000000000,-7.713744387039283,46.56496062297613,9753.6,27448.480002484983,219.05775,0.6633787998252765,1.0983624191078956,1.0,1.0,1.0,13.800029833224963
GC0_FL320,2022-03-01 00:19:00.000000000,-7.582907908106713,46.65053789712994,9753.6,27448.480002484983,219.03955,0.6703767393262621,1.1101018274497045,1.0,1.0,1.0,13.800025836216795
GC0_FL320,2022-03-01 00:20:00.000000000,-7.451657253716138,46.73596561579989,9753.6,27448.480002484983,219.03699,0.6770595041575636,1.1211847733777296,1.0,1.0,1.0,13.800021784046535
GC0_FL320,2022-03-01 00:21:00.000000000,-7.319990601234423,46.82124285691214,9753.6,27448.480002484983,219.07292,0.6798724384893045,1.1255497361506803,1.0,1.0,1.0,13.800017676565119
GC0_FL320,2022-03-01 00:22:00.000000000,-7.187906126190921,46.90636869283971,9753.6,27448.480002484983,219.13235,0.675883083723362,1.1184575311991323,1.0,1.0,1.0,13.800013513633964
GC0_FL320,2022-03-01 00:23:00.000000000,-7.0554020024062,46.99134219037952,9753.6,27448.480002484983,219.21466,0.6668129484099351,1.1027859601684478,1.0,1.0,1.0,13.800009295126483
GC0_FL320,2022-03-01 00:24:00.000000000,-6.922476402123702,47.07616241072962,9753.6,27448.480002484983,219.3261,0.650897451320092,1.075583410324174,1.0,1.0,1.0,13.800005020927465
GC0_FL320,2022-03-01 00:25:00.000000000,-6.789127496144292,47.16082840946671,9753.6,27448.480002484983,219.43806,0.6330047223472277,1.0451583212513815,1.0,1.0,1.0,13.800000690938065
GC0_FL320,2022-03-01 00:26:00.000000000,-6.655353453963729,47.24533923652389,9753.6,27448.480002484983,219.52463,0.6229528265479647,1.0279031974958739,1.0,1.0,1.0,13.799996305067978
GC0_FL320,2022-03-01 00:27:00.000000000,-6.521152443913118,47.32969393616862,9753.6,27448.480002484983,219.60973,0.6192432979355149,1.0211387025501155,1.0,1.0,1.0,13.799991863244522
GC0_FL320,2022-03-01 00:28:00.000000000,-6.386522633302341,47.41389154698097,9753.6,27448.480002484983,219.65399,0.6168377228619157,1.0168398191162715,1.0,1.0,1.0,13.799987365406142
GC0_FL320,2022-03-01 00:29:00.000000000,-6.251462188566615,47.49793110183218,9753.6,27448.480002484983,219.66312,0.6183397671239622,1.0192500132524933,1.0,1.0,1.0,13.79998281150992
GC0_FL320,2022-03-01 00:30:00.000000000,-6.1159692754160595,47.58181162786344,9753.6,27448.480002484983,219.66075,0.622335828501164,1.025853056813658,1.0,1.0,1.0,13.799978201523881
GC0_FL320,2022-03-01 00:31:00.000000000,-5.980042058988454,47.66553214646499,9753.6,27448.480002484983,219.64899,0.6247015784294826,1.0298431983864933,1.0,1.0,1.0,13.799973535432741
GC0_FL320,2022-03-01 00:32:00.000000000,-5.84367870400512,47.74909167325553,9753.6,27448.480002484983,219.59059,0.6232305583013368,1.0278609321895604,1.0,1.0,1.0,13.799968813237534
GC0_FL320,2022-03-01 00:33:00.000000000,-5.70687737493005,47.832489218061895,9753.6,27448.480002484983,219.53271,0.6249569339594482,1.031146998572658,1.0,1.0,1.0,13.799964034957233
GC0_FL320,2022-03-01 00:34:00.000000000,-5.569636236132259,47.91572378489917,9753.6,27448.480002484983,219.47252,0.6248345785088228,1.0314016813796605,1.0,1.0,1.0,13.800035855280361
GC0_FL320,2022-03-01 00:35:00.000000000,-5.431950681045849,47.9987933410855,9753.6,27448.480002484983,219.4027,0.6240654942121769,1.0306640954351907,1.0,1.0,1.0,13.80003208062314
GC0_FL320,2022-03-01 00:36:00.000000000,-5.2938216052343305,48.08169789082298,9753.6,27448.480002484983,219.31523,0.6292521579392761,1.039896550339794,1.0,1.0,1.0,13.800027766635571
GC0_FL320,2022-03-01 00:37:00.000000000,-5.155247191271525,48.164436426955106,9753.6,27448.480002484983,219.24486,0.6300051586697797,1.0416792924119345,1.0,1.0,1.0,13.800023396612284
GC0_FL320,2022-03-01 00:38:00.000000000,-5.016225604851381,48.24700792994952,9753.6,27448.480002484983,219.17128,0.6298997928796026,1.0420670301964852,1.0,1.0,1.0,13.800018970545228
GC0_FL320,2022-03-01 00:39:00.000000000,-4.876755012439158,48.329411374367055,9753.6,27448.480002484983,219.10443,0.6331101031492433,1.047891832063769,1.0,1.0,1.0,13.800014488442477
GC0_FL320,2022-03-01 00:40:00.000000000,-4.7368335814541895,48.411645728843965,9753.6,27448.480002484983,219.03157,0.6358160528169651,1.0529308347965365,1.0,1.0,1.0,13.800009950331221
GC0_FL320,2022-03-01 00:41:00.000000000,-4.596459480456218,48.493709956074575,9753.6,27448.480002484983,218.99495,0.6381201801418654,1.0570283683286748,1.0,1.0,1.0,13.800005356252322
GC0_FL320,2022-03-01 00:42:00.000000000,-4.455630879335287,48.57560301279429,9753.6,27448.480002484983,218.95512,0.6384162798856259,1.0578266809327344,1.0,1.0,1.0,13.800000706269127
GC0_FL320,2022-03-01 00:43:00.000000000,-4.314345949505185,48.6573238497631,9753.6,27448.480002484983,218.91399,0.6366385246227363,1.0551960261787405,1.0,1.0,1.0,13.799996000461707
GC0_FL320,2022-03-01 00:44:00.000000000,-4.172602864100605,48.73887141174949,9753.6,27448.480002484983,218.86981,0.6332103725021092,1.0498514478939693,1.0,1.0,1.0,13.799991238929968
GC0_FL320,2022-03-01 00:45:00.000000000,-4.030399798177934,48.8202446375148,9753.6,27448.480002484983,218.84824,0.6318242073373479,1.047718751158516,1.0,1.0,1.0,13.79998642179239
GC0_FL320,2022-03-01 00:46:00.000000000,-3.8877349289197967,48.901442459798034,9753.6,27448.480002484983,218.83525,0.632098150946262,1.0482718424470288,1.0,1.0,1.0,13.799981549189066
GC0_FL320,2022-03-01 00:47:00.000000000,-3.744606435843342,48.98246380530123,9753.6,27448.480002484983,218.8237,0.6308151423736854,1.046230583897944,1.0,1.0,1.0,13.799976621281434
GC0_FL320,2022-03-01 00:48:00.000000000,-3.601012501012314,49.06330759467523,9753.6,27448.480002484983,218.83044,0.6306876354770423,1.045970429210929,1.0,1.0,1.0,13.799971638251657
GC0_FL320,2022-03-01 00:49:00.000000000,-3.456951309253031,49.14397274250603,9753.6,27448.480002484983,218.84296,0.6303037839300578,1.0452366293897624,1.0,1.0,1.0,13.799966600302653
GC0_FL320,2022-03-01 00:50:00.000000000,-3.312421048374104,49.22445815730157,9753.6,27448.480002484983,218.85167,0.6293410050410292,1.043573322460016,1.0,1.0,1.0,13.799961507663523
GC0_FL320,2022-03-01 00:51:00.000000000,-3.1674199093902,49.304762741479145,9753.6,27448.480002484983,218.85632,0.627841763829368,1.0410540962397028,1.0,1.0,1.0,13.80003811560671
GC0_FL320,2022-03-01 00:52:00.000000000,-3.021943131385752,49.3848842512864,9753.6,27448.480002484983,218.86058,0.6259109239970316,1.0378195298587876,1.0,1.0,1.0,13.80003431143209
GC0_FL320,2022-03-01 00:53:00.000000000,-2.875991817593982,49.46482269242153,9753.6,27448.480002484983,218.86394,0.6250247454481552,1.0363238579035217,1.0,1.0,1.0,13.80002967563927
GC0_FL320,2022-03-01 00:54:00.000000000,-2.7295641981544376,49.54457695964448,9753.6,27448.480002484983,218.85672,0.6244983118877955,1.0355070170770668,1.0,1.0,1.0,13.800024984324816
GC0_FL320,2022-03-01 00:55:00.000000000,-2.582658479303576,49.62414593078313,9753.6,27448.480002484983,218.84622,0.6250337504106417,1.0364719368333624,1.0,1.0,1.0,13.800020237683322
GC0_FL320,2022-03-01 00:56:00.000000000,-2.435272871668278,49.703528477519875,9753.6,27448.480002484983,218.82578,0.6268913079174001,1.0397069805978199,1.0,1.0,1.0,13.800015435926571
GC0_FL320,2022-03-01 00:57:00.000000000,-2.2874055905140325,49.78272346538261,9753.6,27448.480002484983,218.79662,0.6290943512654421,1.0435829668237202,1.0,1.0,1.0,13.800010579292724
GC0_FL320,2022-03-01 00:58:00.000000000,-2.139054855997014,49.86172975373617,9753.6,27448.480002484983,218.77325,0.6322165351020206,1.0489412195355317,1.0,1.0,1.0,13.80000566804335
GC0_FL320,2022-03-01 00:59:00.000000000,-1.990218893420634,49.940546195774644,9753.6,27448.480002484983,218.73715,0.6358498664879736,1.0552459677690238,1.0,1.0,1.0,13.800000702464757
GC0_FL320,2022-03-01 01:00:00.000000000,-1.840895933496165,50.01917163851421,9753.6,27448.480002484983,218.70145,0.6404817209067999,1.0632077898536771,1.0,1.0,1.0,13.799995682868577
GC0_FL320,2022-03-01 01:01:00.000000000,-1.6910842126076457,50.09760492278672,9753.6,27448.480002484983,218.6641,0.6445600993112173,1.0702684991035918,1.0,1.0,1.0,13.799990609591623
GC0_FL320,2022-03-01 01:02:00.000000000,-1.540781973081079,50.17584488323394,9753.6,27448.480002484983,218.62831,0.6473414113768629,1.0751647780132443,1.0,1.0,1.0,13.799985482999908
GC0_FL320,2022-03-01 01:03:00.000000000,-1.3899874634580285,50.2538903483026,9753.6,27448.480002484983,218.59468,0.6495836514184281,1.0791496711362851,1.0,1.0,1.0,13.799980303483485
GC0_FL320,2022-03-01 01:04:00.000000000,-1.2386989387734455,50.33174014024005,9753.6,27448.480002484983,218.56273,0.6506457195862462,1.0811664676481256,1.0,1.0,1.0,13.799975071460995
GC0_FL320,2022-03-01 01:05:00.000000000,-1.0869146608380469,50.409393075090854,9753.6,27448.480002484983,218.52502,0.6498525532717959,1.0801427218611992,1.0,1.0,1.0,13.799969787382079
GC0_FL320,2022-03-01 01:06:00.000000000,-0.9346328985249368,50.48684796269396,9753.6,27448.480002484983,218.49739,0.6480395352625976,1.0773421871868811,1.0,1.0,1.0,13.799964451722667
GC0_FL320,2022-03-01 01:07:00.000000000,-0.7818519280607622,50.56410360668077,9753.6,27448.480002484983,218.47145,0.6457803578485038,1.0737905920186441,1.0,1.0,1.0,13.79995906498832
GC0_FL320,2022-03-01 01:08:00.000000000,-0.6285700333214097,50.64115880447403,9753.6,27448.480002484983,218.46791,0.6429625248860861,1.0691300706783133,1.0,1.0,1.0,13.800040250558894
GC0_FL320,2022-03-01 01:09:00.000000000,-0.47478237482134333,50.71801108774824,9753.6,27448.480002484983,218.47557,0.6393430445461501,1.0630513990183978,1.0,1.0,1.0,13.800036449888243
GC0_FL320,2022-03-01 01:10:00.000000000,-0.3204903233010431,50.79466047002034,9753.6,27448.480002484983,218.50114,0.6321798185211986,1.0509483719883317,1.0,1.0,1.0,13.800031495581349
GC0_FL320,2022-03-01 01:11:00.000000000,-0.16569222733307076,50.87110574593124,9753.6,27448.480002484983,218.53487,0.6239163769631061,1.0369589033773385,1.0,1.0,1.0,13.80002648819227
GC0_FL320,2022-03-01 01:12:00.000000000,-0.01038640460530521,50.94734568796158,9753.6,27448.480002484983,218.57796,0.6144310930279482,1.020875652854571,1.0,1.0,1.0,13.800021428178642
GC0_FL320,2022-03-01 01:13:00.000000000,0.14542881799142826,51.02337906239046,9753.6,27448.480002484983,218.59059,0.604748871956356,1.004699181765937,1.0,1.0,1.0,13.800016316031584
GC0_FL320,2022-03-01 01:14:00.000000000,0.30175510404023853,51.099204629299564,9753.6,27448.480002484983,218.59077,0.5973056523547738,0.9923290232792737,1.0,0.0,0.0,13.80001115226905
GC0_FL320,2022-03-01 01:15:00.000000000,0.45859410727043437,51.17482114257816,9753.6,27448.480002484983,218.58531,0.5918098839384681,0.9832376517345333,1.0,0.0,0.0,13.8000059374454
GC0_FL320,2022-03-01 01:16:00.000000000,0.6159474712251815,51.25022734992915,9753.6,27448.480002484983,218.56442,0.5912509262838466,0.9824597217739611,1.0,0.0,0.0,13.800000672141353
GC0_FL320,2022-03-01 01:17:00.000000000,0.7738168289243615,51.325421992876,9753.6,27448.480002484983,218.53139,0.5890042118590885,0.9789589679894406,1.0,0.0,0.0,13.7999953569759
GC0_FL320,2022-03-01 01:18:00.000000000,0.932203802522942,51.400403806770754,9753.6,27448.480002484983,218.49603,0.5912596703859719,0.9829583221674121,1.0,0.0,0.0,13.799989992598045
GC0_FL320,2022-03-01 01:19:00.000000000,1.0911100029643799,51.47517152080301,9753.6,27448.480002484983,218.46404,0.5960869650137501,0.9912130027332513,1.0,0.0,0.0,13.79998457969091
GC0_FL320,2022-03-01 01:20:00.000000000,1.2505370296295943,51.549723858009905,9753.6,27448.480002484983,218.43083,0.6009244155859497,0.9994941207200734,1.0,0.0,0.0,13.799979118975191
GC0_FL320,2022-03-01 01:21:00.000000000,1.410486469980993,51.62405953528727,9753.6,27448.480002484983,218.40262,0.6078879861795575,1.01128206118183,1.0,1.0,1.0,13.799973611204168
GC0_FL320,2022-03-01 01:22:00.000000000,1.570959899201897,51.698177263401696,9753.6,27448.480002484983,218.37927,0.6151920932133418,1.0236090610265394,1.0,1.0,1.0,13.799968057170684
GC0_FL320,2022-03-01 01:23:00.000000000,1.7319588798311787,51.77207574700383,9753.6,27448.480002484983,218.35913,0.6215264051810263,1.034296486738323,1.0,1.0,1.0,13.799962457699413
GC0_FL320,2022-03-01 01:24:00.000000000,1.8934849613930664,51.84575368464275,9753.6,27448.480002484983,218.34422,0.6294330561872034,1.0475669425335599,1.0,1.0,1.0,13.799956813657149
GC0_FL320,2022-03-01 01:25:00.000000000,2.055539680022396,51.91920976878139,9753.6,27448.480002484983,218.33101,0.6378297409503362,1.0616420236482333,1.0,1.0,1.0,13.800042154299087
GC0_FL320,2022-03-01 01:26:00.000000000,2.2181278486239693,51.99244129650124,9753.6,27448.480002484983,218.32063,0.6454840128691856,1.0744616441369026,1.0,1.0,1.0,13.800038395347975
GC0_FL320,2022-03-01 01:27:00.000000000,2.381247755746821,52.06544829902248,9753.6,27448.480002484983,218.30734,0.6534813715644312,1.0878790396901004,1.0,1.0,1.0,13.800033137066887
GC0_FL320,2022-03-01 01:28:00.000000000,2.5449008423555197,52.13822947261712,9753.6,27448.480002484983,218.29004,0.6597957874942476,1.098527058548227,1.0,1.0,1.0,13.800027830685213
GC0_FL320,2022-03-01 01:29:00.000000000,2.7090885869023626,52.210783485473385,9753.6,27448.480002484983,218.26413,0.6619159612677633,1.1022635593803012,1.0,1.0,1.0,13.800022477008898
GC0_FL320,2022-03-01 01:30:00.000000000,2.873812452494847,52.283108999789214,9753.6,27448.480002484983,218.22368,0.6577759315056847,1.095689227501047,1.0,1.0,1.0,13.800017076881304
GC0_FL320,2022-03-01 01:31:00.000000000,3.039073886492103,52.35520467179508,9753.6,27448.480002484983,218.17783,0.6554083158723825,1.0921033738318193,1.0,1.0,1.0,13.8000116311833
GC0_FL320,2022-03-01 01:32:00.000000000,3.204874320096632,52.42706915177804,9753.6,27448.480002484983,218.12378,0.6577470841877215,1.096425203729814,1.0,1.0,1.0,13.80000614083744
GC0_FL320,2022-03-01 01:33:00.000000000,3.3712151679413354,52.498701084107154,9753.6,27448.480002484983,218.06345,0.6561717574997068,1.0942712376950123,1.0,1.0,1.0,13.800000606803097
GC0_FL320,2022-03-01 01:34:00.000000000,3.538097827671728,52.57009910726018,9753.6,27448.480002484983,218.00958,0.6535714627986628,1.0903539280053332,1.0,1.0,1.0,13.799995030082775
GC0_FL320,2022-03-01 01:35:00.000000000,3.705523679523632,52.64126185385161,9753.6,27448.480002484983,217.9619,0.6510534011455009,1.0865247915587168,1.0,1.0,1.0,13.799989411721297
GC0_FL320,2022-03-01 01:36:00.000000000,3.8734940858960045,52.71218795066221,9753.6,27448.480002484983,217.91399,0.6443691808855273,1.0757364668912028,1.0,1.0,1.0,13.799983752801687
GC0_FL320,2022-03-01 01:37:00.000000000,4.04201039091922,52.78287601866978,9753.6,27448.480002484983,217.87444,0.6378645704308071,1.0651798096181735,1.0,1.0,1.0,13.799978054452163
GC0_FL320,2022-03-01 01:38:00.000000000,4.211073920018708,52.853324673081396,9753.6,27448.480002484983,217.85957,0.6369515742084886,1.0637669896818995,1.0,1.0,1.0,13.799972317845754
GC0_FL320,2022-03-01 01:39:00.000000000,4.380685979473958,52.92353252336716,9753.6,27448.480002484983,217.84798,0.6356094333062842,1.0616119029402733,1.0,1.0,1.0,13.79996654419649
GC0_FL320,2022-03-01 01:40:00.000000000,4.550847855972988,52.993498173295265,9753.6,27448.480002484983,217.84619,0.6317630619424115,1.0552014891744597,1.0,1.0,1.0,13.799960734763747
GC0_FL320,2022-03-01 01:41:00.000000000,4.72156081616213,53.06322022096875,9753.6,27448.480002484983,217.88281,0.6247986988938877,1.0432979403801794,1.0,1.0,1.0,13.799954890854742
GC0_FL320,2022-03-01 01:42:00.000000000,4.892826106191535,53.13269725886355,9753.6,27448.480002484983,217.91791,0.6159513295835515,1.0282654962163071,1.0,1.0,1.0,13.80004369387429
GC0_FL320,2022-03-01 01:43:00.000000000,5.064648373766797,53.201926344915194,9753.6,27448.480002484983,217.94801,0.6073607980301612,1.0137087379307137,1.0,1.0,1.0,13.800040019521948
GC0_FL320,2022-03-01 01:44:00.000000000,5.237025480446346,53.270907542595175,9753.6,27448.480002484983,217.972,0.6037784174371751,1.0075581507038012,1.0,1.0,1.0,13.800034486742401
GC0_FL320,2022-03-01 01:45:00.000000000,5.409958542016128,53.339639456889614,9753.6,27448.480002484983,218.01042,0.6020400586927529,1.0043794387799336,1.0,1.0,1.0,13.800028914083532
GC0_FL320,2022-03-01 01:46:00.000000000,5.583448717588524,53.40812065808024,9753.6,27448.480002484983,218.04875,0.6027959507528422,1.005364201688756,1.0,1.0,1.0,13.80002330277767
GC0_FL320,2022-03-01 01:47:00.000000000,5.757497143428711,53.47634971103695,9753.6,27448.480002484983,218.07977,0.6065009360761622,1.0113175850126563,1.0,1.0,1.0,13.800017654102959
GC0_FL320,2022-03-01 01:48:00.000000000,5.932104932473757,53.54432517526539,9753.6,27448.480002484983,218.14078,0.6102929073381952,1.0171968111598133,1.0,1.0,1.0,13.800011969384423
GC0_FL320,2022-03-01 01:49:00.000000000,6.10727317384737,53.612045604956435,9753.6,27448.480002484983,218.21156,0.6146001707854564,1.023856832226162,1.0,1.0,1.0,13.800006249993439
GC0_FL320,2022-03-01 01:50:00.000000000,6.283002932370696,53.679509549037114,9753.6,27448.480002484983,218.28345,0.62001569983712,1.0323440914360105,1.0,1.0,1.0,13.800000497350158
GC0_FL320,2022-03-01 01:51:00.000000000,6.459295248068937,53.746715551223396,9753.6,27448.480002484983,218.37093,0.6274449386807154,1.0440557368824437,1.0,1.0,1.0,13.799994712920459
GC0_FL320,2022-03-01 01:52:00.000000000,6.636151135673946,53.81366215007467,9753.6,27448.480002484983,218.46562,0.6324089084450175,1.0515998199883894,1.0,1.0,1.0,13.799988898221487
GC0_FL320,2022-03-01 01:53:00.000000000,6.8135715841229665,53.88034787904993,9753.6,27448.480002484983,218.55075,0.6292815271426178,1.045757023154582,1.0,1.0,1.0,13.799983054817007
GC0_FL320,2022-03-01 01:54:00.000000000,6.991557556053451,53.94677126656574,9753.6,27448.480002484983,218.63148,0.6166900782681621,1.024231731171286,1.0,1.0,1.0,13.79997718432221
GC0_FL320,2022-03-01 01:55:00.000000000,7.170109987294104,54.01293083605608,9753.6,27448.480002484983,218.70859,0.5965712175662258,0.9902629458404962,1.0,0.0,0.0,13.799971288402922
GC0_FL320,2022-03-01 01:56:00.000000000,7.349229786352257,54.07882510603384,9753.6,27448.480002484983,218.77681,0.563737575217993,0.9353006590111751,1.0,0.0,0.0,13.799965368775869
GC0_FL320,2022-03-01 01:57:00.000000000,7.5289178338974985,54.144452590154366,9753.6,27448.480002484983,218.84085,0.5250903076718865,0.8707753453144206,1.0,0.0,0.0,13.799959427205792
GC0_FL320,2022-03-01 01:58:00.000000000,7.709174982241969,54.20981179728059,9753.6,27448.480002484983,218.90703,0.4828844570106142,0.8003955524698928,1.0,0.0,0.0,13.799953465513312
GC0_FL320,2022-03-01 01:59:00.000000000,7.890002054816966,54.2749012315503,9753.6,27448.480002484983,218.9642,0.44165003394141933,0.7317440486897541,1.0,0.0,0.0,13.800044709298199
GC0_FL320,2022-03-01 02:00:00.000000000,8.07140336006643,54.3397177150441,9753.6,27448.480002484983,219.02362,0.4043068420665351,0.6695822396196055,1.0,0.0,0.0,13.800041165932434
GC0_FL320,2022-03-01 02:01:00.000000000,8.253376235746266,54.4042613638653,9753.6,27448.480002484983,219.08856,0.3747678149258211,0.6203689670125992,1.0,0.0,0.0,13.80003540717797
GC0_FL320,2022-03-01 02:02:00.000000000,8.435921335887098,54.46853070587913,9753.6,27448.480002484983,219.1391,0.3535389688380551,0.585011072788065,1.0,0.0,0.0,13.800029620699759
GC0_FL320,2022-03-01 02:03:00.000000000,8.61903936252284,54.532524226953534,9753.6,27448.480002484983,219.18277,0.34239443340925235,0.566388534195202,1.0,0.0,0.0,13.800023808234585
GC0_FL320,2022-03-01 02:04:00.000000000,8.802730986129248,54.5962404085977,9753.6,27448.480002484983,219.2231,0.33639759178984524,0.5563030697730015,1.0,0.0,0.0,13.80001797157137
GC0_FL320,2022-03-01 02:05:00.000000000,8.986996845082029,54.659677728041075,9753.6,27448.480002484983,219.26315,0.3302506344915588,0.5459780505451632,1.0,0.0,0.0,13.80001211255036
GC0_FL320,2022-03-01 02:06:00.000000000,9.171837545112288,54.72283465831418,9753.6,27448.480002484983,219.28,0.330617799200931,0.5465184197588481,1.0,0.0,0.0,13.800006233064313
GC0_FL320,2022-03-01 02:07:00.000000000,9.357253658759396,54.785709668331585,9753.6,27448.480002484983,219.29764,0.32920186676783575,0.5441069016068605,1.0,0.0,0.0,13.800000335060249
GC0_FL320,2022-03-01 02:08:00.000000000,9.543245724821515,54.84830122297688,9753.6,27448.480002484983,219.30449,0.32902542283998093,0.543788607523442,1.0,0.0,0.0,13.79999442053751
GC0_FL320,2022-03-01 02:09:00.000000000,9.729814247803706,54.91060778318973,9753.6,27448.480002484983,219.29388,0.3314508214318531,0.5478396050569375,1.0,0.0,0.0,13.799988491549682
GC0_FL320,2022-03-01 02:10:00.000000000,9.916959697363977,54.97262780605501,9753.6,27448.480002484983,219.2943,0.32951037522903653,0.5446303926512539,1.0,0.0,0.0,6.1100550360113415
GC0_FL320,2022-03-01 02:10:26.566305980,10.0,55.0,9753.6,27448.480002484983,219.30272,0.32547875769210016,0.5379333905249186,1.0,0.0,0.0,0.0
NW150_FL320,2022-03-01 00:00:00.000000000,-10.000000000000002,45.00000000000001,9753.6,27448.480002484983,218.9977,0.628979275547244,1.0418688176837037,1.0,1.0,1.0,13.800014615529586
NW150_FL320,2022-03-01 00:01:00.000000000,-9.911943680217473,45.10739059751919,9753.6,27448.480002484983,219.00523,0.6366627949266292,1.0545345509038542,1.0,1.0,1.0,13.800013510743517
NW150_FL320,2022-03-01 00:02:00.000000000,-9.823535417039643,45.21470503205091,9753.6,27448.480002484983,219.03694,0.6408668765051687,1.061253144570434,1.0,1.0,1.0,13.800012336604626
NW150_FL320,2022-03-01 00:03:00.000000000,-9.734752775491534,45.32193450949788,9753.6,27448.480002484983,219.07898,0.6433801596750798,1.0650865067483961,1.0,1.0,1.0,13.800011102228465
NW150_FL320,2022-03-01 00:04:00.000000000,-9.64557321962325,45.4290701602766,9753.6,27448.480002484983,219.1139,0.6478689521048677,1.0722436479008275,1.0,1.0,1.0,13.800009817596628
NW150_FL320,2022-03-01 00:05:00.000000000,-9.555974120765597,45.53610303447345,9753.6,27448.480002484983,219.15067,0.6503117549513532,1.0759965797903204,1.0,1.0,1.0,13.800008493466299
NW150_FL320,2022-03-01 00:06:00.000000000,-9.465932766099801,45.64302409705574,9753.6,27448.480002484983,219.19484,0.6480437529527399,1.0718990394733072,1.0,1.0,1.0,13.8000071412585
NW150_FL320,2022-03-01 00:07:00.000000000,-9.37542636757764,45.74982422315823,9753.6,27448.480002484983,219.23695,0.6449993167903474,1.066535396948579,1.0,1.0,1.0,13.800005772917848
NW150_FL320,2022-03-01 00:08:00.000000000,-9.284432071228174,45.85649419346592,9753.6,27448.480002484983,219.26291,0.6377492059138331,1.0543426553806703,1.0,1.0,1.0,13.800004400762623
NW150_FL320,2022-03-01 00:09:00.000000000,-9.192926966886413,45.96302468971482,9753.6,27448.480002484983,219.29599,0.6248026704672864,1.032691262244286,1.0,1.0,1.0,13.800003037318143
NW150_FL320,2022-03-01 00:10:00.000000000,-9.100888098379096,46.069406290332594,9753.6,27448.480002484983,219.30466,0.6064043715803269,1.002217522497966,1.0,1.0,1.0,13.800001695131416
NW150_FL320,2022-03-01 00:11:00.000000000,-9.008292474201193,46.175629466241716,9753.6,27448.480002484983,219.30858,0.5852542915096162,0.9672360439414236,1.0,0.0,0.0,13.800000386583605
NW150_FL320,2022-03-01 00:12:00.000000000,-8.915117078716126,46.2816845768484,9753.6,27448.480002484983,219.24529,0.576879578268747,0.9538360355542167,1.0,0.0,0.0,13.799999123681374
NW150_FL320,2022-03-01 00:13:00.000000000,-8.82133888391088,46.38756186624089,9753.6,27448.480002484983,219.13885,0.5798363942613649,0.9594727570999568,1.0,0.0,0.0,13.799997917859939
NW150_FL320,2022-03-01 00:14:00.000000000,-8.726934861735826,46.49325145962168,9753.6,27448.480002484983,219.03497,0.5839683490155816,0.9670451481494047,1.0,0.0,0.0,13.799996779771385
NW150_FL320,2022-03-01 00:15:00.000000000,-8.631881997057086,46.59874335999853,9753.6,27448.480002484983,218.90927,0.5941090373812618,0.9847369882209535,1.0,0.0,0.0,13.799995719077321
NW150_FL320,2022-03-01 00:16:00.000000000,-8.536157301247139,46.70402744515966,9753.6,27448.480002484983,218.7963,0.5999662730129816,0.9952669645175892,1.0,0.0,0.0,13.79999474425429
NW150_FL320,2022-03-01 00:17:00.000000000,-8.439737826436936,46.809093464959474,9753.6,27448.480002484983,218.70943,0.6021509477949587,0.9995221447910579,1.0,0.0,0.0,13.799993862396043
NW150_FL320,2022-03-01 00:18:00.000000000,-8.342600680450126,46.91393103894103,9753.6,27448.480002484983,218.6417,0.6023828489339421,1.0003960024773089,1.0,1.0,1.0,13.799993079039334
NW150_FL320,2022-03-01 00:19:00.000000000,-8.244723042436963,47.01852965432236,9753.6,27448.480002484983,218.58594,0.6009561340586039,0.9984292736315457,1.0,0.0,0.0,13.79999239800333
NW150_FL320,2022-03-01 00:20:00.000000000,-8.146082179222427,47.12287866437407,9753.6,27448.480002484983,218.57504,0.5950721790601715,0.988731998594634,1.0,0.0,0.0,13.799991821243808
NW150_FL320,2022-03-01 00:21:00.000000000,-8.046655462379125,47.22696728721557,9753.6,27448.480002484983,218.57141,0.5869649433792259,0.9752866413569404,1.0,0.0,0.0,13.79999134873503
NW150_FL320,2022-03-01 00:22:00.000000000,-7.946420386032092,47.33078460505782,9753.6,27448.480002484983,218.57741,0.5857992419445104,0.973305692580327,1.0,0.0,0.0,13.799990978379531
NW150_FL320,2022-03-01 00:23:00.000000000,-7.845354585398439,47.434319563920425,9753.6,27448.480002484983,218.61421,0.5835952651029659,0.9693880911031546,1.0,0.0,0.0,13.799990705942896
NW150_FL320,2022-03-01 00:24:00.000000000,-7.743435856059993,47.537560973850695,9753.6,27448.480002484983,218.66632,0.5780855515379508,0.95987381158941,1.0,0.0,0.0,13.799990525026583
NW150_FL320,2022-03-01 00:25:00.000000000,-7.640642173962943,47.64049750967218,9753.6,27448.480002484983,218.7043,0.576204735398768,0.9564865302644737,1.0,0.0,0.0,13.799990427059264
NW150_FL320,2022-03-01 00:26:00.000000000,-7.536951716133178,47.743117712289695,9753.6,27448.480002484983,218.78085,0.5659508617851388,0.93894504943404,1.0,0.0,0.0,13.799990401351167
NW150_FL320,2022-03-01 00:27:00.000000000,-7.432342882090881,47.84540999057738,9753.6,27448.480002484983,218.8461,0.5577996364877943,0.924981687316959,1.0,0.0,0.0,13.799990435152703
NW150_FL320,2022-03-01 00:28:00.000000000,-7.32679431594254,47.94736262387532,9753.6,27448.480002484983,218.91403,0.5478763813541999,0.9080789326217904,1.0,0.0,0.0,13.799990513782763
NW150_FL320,2022-03-01 00:29:00.000000000,-7.220284929122936,48.04896376511957,9753.6,27448.480002484983,218.98,0.5381844691980647,0.891584867830495,1.0,0.0,0.0,13.799990620759637
NW150_FL320,2022-03-01 00:30:00.000000000,-7.112793923753648,48.15020144462874,9753.6,27448.480002484983,219.02507,0.5353531862980258,0.8866017288265814,1.0,0.0,0.0,13.799990738007454
NW150_FL320,2022-03-01 00:31:00.000000000,-7.00430081657882,48.251063574569415,9753.6,27448.480002484983,219.06879,0.532423899750579,0.8814700887973049,1.0,0.0,0.0,13.799990846062991
NW150_FL320,2022-03-01 00:32:00.000000000,-6.894785463432784,48.351537954120296,9753.6,27448.480002484983,219.09349,0.5347138520501956,0.8850990949575687,1.0,0.0,0.0,13.79999092434128
NW150_FL320,2022-03-01 00:33:00.000000000,-6.784228084187853,48.45161227535354,9753.6,27448.480002484983,219.11578,0.5372876508640644,0.889217633824843,1.0,0.0,0.0,13.79999095142065
NW150_FL320,2022-03-01 00:34:00.000000000,-6.672609288124424,48.55127412984912,9753.6,27448.480002484983,219.12683,0.5414964857570659,0.8961109473961993,1.0,0.0,0.0,13.799990905357314
NW150_FL320,2022-03-01 00:35:00.000000000,-6.559910099659522,48.650511016055766,9753.6,27448.480002484983,219.12195,0.5442571697595074,0.9007102965176809,1.0,0.0,0.0,13.799990764032621
NW150_FL320,2022-03-01 00:36:00.000000000,-6.446111984363311,48.74931034740906,9753.6,27448.480002484983,219.092,0.5491813873839961,0.9090599890787188,1.0,0.0,0.0,13.799990505510175
NW150_FL320,2022-03-01 00:37:00.000000000,-6.331196875187807,48.84765946121438,9753.6,27448.480002484983,219.0759,0.5506965484762605,0.9116729757134603,1.0,0.0,0.0,13.799990108416592
NW150_FL320,2022-03-01 00:38:00.000000000,-6.215147198825244,48.94554562829887,9753.6,27448.480002484983,219.04268,0.5524261955687682,0.9147610134746716,1.0,0.0,0.0,13.799989552329267
NW150_FL320,2022-03-01 00:39:00.000000000,-6.097945902109083,49.04295606343325,9753.6,27448.480002484983,218.99892,0.5594746866607827,0.9267271195986022,1.0,0.0,0.0,13.799988818168638
NW150_FL320,2022-03-01 00:40:00.000000000,-5.979576478364332,49.13987793652022,9753.6,27448.480002484983,218.9645,0.5647528277954657,0.9357033687712372,1.0,0.0,0.0,13.799987888596085
NW150_FL320,2022-03-01 00:41:00.000000000,-5.860022993609616,49.23629838454239,9753.6,27448.480002484983,218.9138,0.5654682493562428,0.9372373213376793,1.0,0.0,0.0,13.799986748391927
NW150_FL320,2022-03-01 00:42:00.000000000,-5.739270112508919,49.33220452425832,9753.6,27448.480002484983,218.89354,0.5550891117337928,0.9201677797453099,1.0,0.0,0.0,13.799985384831924
NW150_FL320,2022-03-01 00:43:00.000000000,-5.617303123966524,49.42758346563079,9753.6,27448.480002484983,218.87343,0.5478682873304694,0.9083318700790955,1.0,0.0,0.0,13.799983788033904
NW150_FL320,2022-03-01 00:44:00.000000000,-5.4941079662560375,49.52242232596687,9753.6,27448.480002484983,218.85901,0.5287737980991859,0.8767652014126566,1.0,0.0,0.0,13.799981951284067
NW150_FL320,2022-03-01 00:45:00.000000000,-5.369671251570929,49.61670824474481,9753.6,27448.480002484983,218.89046,0.509346386204816,0.8443619672888243,1.0,0.0,0.0,13.799979871326002
NW150_FL320,2022-03-01 00:46:00.000000000,-5.243980289882591,49.710428399097715,9753.6,27448.480002484983,218.92131,0.4916694259130064,0.8148733518549559,1.0,0.0,0.0,13.799977548611706
NW150_FL320,2022-03-01 00:47:00.000000000,-5.117023111990287,49.803570019919526,9753.6,27448.480002484983,218.9818,0.4799605806564492,0.7951185613839934,1.0,0.0,0.0,13.799974987505227
NW150_FL320,2022-03-01 00:48:00.000000000,-4.988788491647018,49.896120408553536,9753.6,27448.480002484983,219.06807,0.464434802143269,0.7689120423379115,1.0,0.0,0.0,13.799972196443608
NW150_FL320,2022-03-01 00:49:00.000000000,-4.85926596664584,49.98806695401959,9753.6,27448.480002484983,219.13689,0.449800293965026,0.7443089445452233,1.0,0.0,0.0,13.79996918802526
NW150_FL320,2022-03-01 00:50:00.000000000,-4.728445858752139,50.079397150730635,9753.6,27448.480002484983,219.22083,0.43892389999277853,0.7258657874711595,1.0,0.0,0.0,13.799965979069924
NW150_FL320,2022-03-01 00:51:00.000000000,-4.596319292369935,50.17009861664571,9753.6,27448.480002484983,219.28056,0.4298520527860205,0.7105506725585824,1.0,0.0,0.0,13.799962590579305
NW150_FL320,2022-03-01 00:52:00.000000000,-4.462878211833166,50.26015911180118,9753.6,27448.480002484983,219.34032,0.4191824873049463,0.6926101771391914,1.0,0.0,0.0,13.799959047664926
NW150_FL320,2022-03-01 00:53:00.000000000,-4.328115397217069,50.34956655715893,9753.6,27448.480002484983,219.38821,0.40857603802734754,0.6748469042325331,1.0,0.0,0.0,13.799955379398677
NW150_FL320,2022-03-01 00:54:00.000000000,-4.192024478569649,50.43830905370571,9753.6,27448.480002484983,219.41971,0.4034521276083494,0.6662313013295257,1.0,0.0,0.0,13.799951618596008
NW150_FL320,2022-03-01 00:55:00.000000000,-4.05459994846935,50.526374901734854,9753.6,27448.480002484983,219.44597,0.399736517129928,0.6599679671167775,1.0,0.0,0.0,13.799947801542151
NW150_FL320,2022-03-01 00:56:00.000000000,-3.915837172821923,50.61375262023863,9753.6,27448.480002484983,219.46753,0.40249788332342185,0.6644208783173035,1.0,0.0,0.0,13.799961634315533
NW150_FL320,2022-03-01 00:57:00.000000000,-3.775730534366871,50.70042998100058,9753.6,27448.480002484983,219.47531,0.4142373729809079,0.6837612410585119,1.0,0.0,0.0,13.800015187556577
NW150_FL320,2022-03-01 00:58:00.000000000,-3.634272966085093,50.78639370865784,9753.6,27448.480002484983,219.46796,0.42081519139414614,0.6946543475858747,1.0,0.0,0.0,13.800009923240955
NW150_FL320,2022-03-01 00:59:00.000000000,-3.491468425213449,50.87163617748502,9753.6,27448.480002484983,219.43602,0.43525761363217413,0.7186660316718049,1.0,0.0,0.0,13.800004456466626
NW150_FL320,2022-03-01 01:00:00.000000000,-3.3473158711349957,50.956146985350514,9753.6,27448.480002484983,219.38857,0.45655982751771257,0.7541010894131965,1.0,0.0,0.0,13.799998839363584
NW150_FL320,2022-03-01 01:01:00.000000000,-3.201815162333295,51.03991604591398,9753.6,27448.480002484983,219.29868,0.4795161649338226,0.7925414974101467,1.0,0.0,0.0,13.799993126409735
NW150_FL320,2022-03-01 01:02:00.000000000,-3.0549670550937402,51.122933607024926,9753.6,27448.480002484983,219.1933,0.49804168064767107,0.8237953239984681,1.0,0.0,0.0,13.799987373795798
NW150_FL320,2022-03-01 01:03:00.000000000,-2.9067732000863327,51.20519026867862,9753.6,27448.480002484983,219.10156,0.5158035293385781,0.8537471046119788,1.0,0.0,0.0,13.799981638763203
NW150_FL320,2022-03-01 01:04:00.000000000,-2.75723613682413,51.28667700045241,9753.6,27448.480002484983,218.99292,0.5379575496480377,0.891124802750739,1.0,0.0,0.0,13.799975978917063
NW150_FL320,2022-03-01 01:05:00.000000000,-2.6063592860038653,51.367385158347936,9753.6,27448.480002484983,218.88965,0.5554392761583629,0.9207747308808553,1.0,0.0,0.0,13.799970451534813
NW150_FL320,2022-03-01 01:06:00.000000000,-2.4541469397475377,51.44730650096773,9753.6,27448.480002484983,218.80394,0.5727627667277256,0.9500856664991374,1.0,0.0,0.0,13.799965112869177
NW150_FL320,2022-03-01 01:07:00.000000000,-2.300604249774821,51.526433204957165,9753.6,27448.480002484983,218.71286,0.5829047557508107,0.9675488180589322,1.0,0.0,0.0,13.799960017463881
NW150_FL320,2022-03-01 01:08:00.000000000,-2.145737213549071,51.60475787964777,9753.6,27448.480002484983,218.6241,0.5899160807810471,0.979816320588769,1.0,0.0,0.0,13.799955217494318
NW150_FL320,2022-03-01 01:09:00.000000000,-1.9895526584501013,51.682273580841326,9753.6,27448.480002484983,218.54803,0.5985086918187456,0.9946368035124421,1.0,0.0,0.0,13.799950762132118
NW150_FL320,2022-03-01 01:10:00.000000000,-1.832058224038491,51.758973823679455,9753.6,27448.480002484983,218.47145,0.6031286684422993,1.0028702206238427,1.0,1.0,1.0,13.799946696952656
NW150_FL320,2022-03-01 01:11:00.000000000,-1.6732623424866224,51.83485259454882,9753.6,27448.480002484983,218.40547,0.6073868694115633,1.0104272742864644,1.0,1.0,1.0,13.799943063395368
NW150_FL320,2022-03-01 01:12:00.000000000,-1.513174217261294,51.909904361977446,9753.6,27448.480002484983,218.3529,0.6113707860488086,1.0174408150521266,1.0,1.0,1.0,13.799939898272926
NW150_FL320,2022-03-01 01:13:00.000000000,-1.3518038001522044,51.98412408648381,9753.6,27448.480002484983,218.30249,0.6144824900678443,1.022992562021809,1.0,1.0,1.0,13.799939745243607
NW150_FL320,2022-03-01 01:14:00.000000000,-1.1891615462200298,52.057507082236924,9753.6,27448.480002484983,218.26253,0.6185449918806507,1.0300512951800915,1.0,1.0,1.0,13.800020924011612
NW150_FL320,2022-03-01 01:15:00.000000000,-1.0252518319892376,52.13004458185368,9753.6,27448.480002484983,218.23767,0.6225097901692068,1.036836410815996,1.0,1.0,1.0,13.800013978858964
NW150_FL320,2022-03-01 01:16:00.000000000,-0.8600941937770141,52.20173800568454,9753.6,27448.480002484983,218.22844,0.6247775046020072,1.0406834414163104,1.0,1.0,1.0,13.800007477983955
NW150_FL320,2022-03-01 01:17:00.000000000,-0.6937013373187131,52.27258437763797,9753.6,27448.480002484983,218.21768,0.6261109829054335,1.0429848511331086,1.0,1.0,1.0,13.800001452770012
NW150_FL320,2022-03-01 01:18:00.000000000,-0.5260865789675423,52.34258124591907,9753.6,27448.480002484983,218.20557,0.625122712960019,1.0414328295277941,1.0,1.0,1.0,13.799995928589095
NW150_FL320,2022-03-01 01:19:00.000000000,-0.35726381511859207,52.4117266860437,9753.6,27448.480002484983,218.20537,0.6191544151525732,1.0314905537192118,1.0,1.0,1.0,13.79999092471825
NW150_FL320,2022-03-01 01:20:00.000000000,-0.1872474908346242,52.480019302721765,9753.6,27448.480002484983,218.20738,0.6119577746650587,1.0194846151348906,1.0,1.0,1.0,13.799986454317708
NW150_FL320,2022-03-01 01:21:00.000000000,-0.0160525678074433,52.54745823062341,9753.6,27448.480002484983,218.19794,0.6047334624826719,1.0075179556882534,1.0,1.0,1.0,13.799982524503399
NW150_FL320,2022-03-01 01:22:00.000000000,0.15630550821031364,52.614043134048934,9753.6,27448.480002484983,218.18059,0.5971216856341662,0.9949596743498346,1.0,0.0,0.0,13.79997913648606
NW150_FL320,2022-03-01 01:23:00.000000000,0.329810840369795,52.67977420552756,9753.6,27448.480002484983,218.16214,0.5908275961320171,0.9846033053737676,1.0,0.0,0.0,13.799976285786364
NW150_FL320,2022-03-01 01:24:00.000000000,0.5044471139547051,52.74465216337665,9753.6,27448.480002484983,218.14351,0.5864393954914265,0.9774213875726739,1.0,0.0,0.0,13.799973962517008
NW150_FL320,2022-03-01 01:25:00.000000000,0.680197629744843,52.80867824825721,9753.6,27448.480002484983,218.10426,0.5877661124255268,0.9799083021348177,1.0,0.0,0.0,13.799972151720771
NW150_FL320,2022-03-01 01:26:00.000000000,0.857045337388637,52.8718542187659,9753.6,27448.480002484983,218.06561,0.5885004901146507,0.9814019520908576,1.0,0.0,0.0,13.799970833761792
NW150_FL320,2022-03-01 01:27:00.000000000,1.034972868662569,52.93418234610838,9753.6,27448.480002484983,218.02649,0.5882012596970896,0.9811805752951948,1.0,0.0,0.0,13.799969984769
NW150_FL320,2022-03-01 01:28:00.000000000,1.2139625705007244,52.99566540790184,9753.6,27448.480002484983,217.98334,0.5859560093126625,0.9777364125372262,1.0,0.0,0.0,13.799969577100743
NW150_FL320,2022-03-01 01:29:00.000000000,1.3939965376829655,53.056306681157686,9753.6,27448.480002484983,217.95142,0.5839249876363337,0.9745696268807844,1.0,0.0,0.0,13.799969579857322
NW150_FL320,2022-03-01 01:30:00.000000000,1.5750566450764563,53.11610993449817,9753.6,27448.480002484983,217.9295,0.5809938083307807,0.9698286003079581,1.0,0.0,0.0,13.799969959394309
NW150_FL320,2022-03-01 01:31:00.000000000,1.7571245793312809,53.17507941966272,9753.6,27448.480002484983,217.91658,0.5772812791929095,0.9637214761466018,1.0,0.0,0.0,13.799970679859165
NW150_FL320,2022-03-01 01:32:00.000000000,1.9401818699385918,53.23321986236095,9753.6,27448.480002484983,217.92241,0.5764837619215829,0.9623490236940323,1.0,0.0,0.0,13.799971703727884
NW150_FL320,2022-03-01 01:33:00.000000000,2.1242099195660367,53.29053645253109,9753.6,27448.480002484983,217.92932,0.5757185317473639,0.9610215170257334,1.0,0.0,0.0,13.799972992333837
NW150_FL320,2022-03-01 01:34:00.000000000,2.3091900335932243,53.34703483406254,9753.6,27448.480002484983,217.93637,0.5764643618567246,0.9622235338411278,1.0,0.0,0.0,13.799974506384897
NW150_FL320,2022-03-01 01:35:00.000000000,2.4951034487770922,53.402721094041766,9753.6,27448.480002484983,217.95143,0.5782583724832372,0.9651118192687822,1.0,0.0,0.0,13.799976206465772
NW150_FL320,2022-03-01 01:36:00.000000000,2.6819313609848683,53.457601751580526,9753.6,27448.480002484983,217.9636,0.5800280909919802,0.96798142226667,1.0,0.0,0.0,13.799978053504757
NW150_FL320,2022-03-01 01:37:00.000000000,2.8696549519397707,53.511683746284476,9753.6,27448.480002484983,217.97943,0.5801046742541119,0.9680005539728905,1.0,0.0,0.0,13.799980009221503
NW150_FL320,2022-03-01 01:38:00.000000000,3.0582554149321086,53.56497442641937,9753.6,27448.480002484983,217.9983,0.5807940363153236,0.9690179877564065,1.0,0.0,0.0,13.799982036526542
NW150_FL320,2022-03-01 01:39:00.000000000,3.2477139794557783,53.61748153683056,9753.6,27448.480002484983,218.0058,0.5851077954118895,0.9761629041640575,1.0,0.0,0.0,13.799984099891018
NW150_FL320,2022-03-01 01:40:00.000000000,3.4380119347371982,53.6692132066701,9753.6,27448.480002484983,217.99895,0.595898810017031,0.9942157505983189,1.0,0.0,0.0,13.799986165670656
NW150_FL320,2022-03-01 01:41:00.000000000,3.629130652131118,53.72017793698295,9753.6,27448.480002484983,217.97913,0.6082549048301336,1.0149745218913655,1.0,1.0,1.0,13.79998820237766
NW150_FL320,2022-03-01 01:42:00.000000000,3.821051606363487,53.770384588202695,9753.6,27448.480002484983,217.94302,0.6240987623292539,1.0416805434605305,1.0,1.0,1.0,13.799990180922991
NW150_FL320,2022-03-01 01:43:00.000000000,4.013756395608983,53.81984236760365,9753.6,27448.480002484983,217.8931,0.6411491818765688,1.0705196337206193,1.0,1.0,1.0,13.79999207479392
NW150_FL320,2022-03-01 01:44:00.000000000,4.207226760395775,53.868560816754226,9753.6,27448.480002484983,217.87286,0.6402343066887147,1.0691489749357301,1.0,1.0,1.0,13.79999386020077
NW150_FL320,2022-03-01 01:45:00.000000000,4.401444601336398,53.9165497990135,9753.6,27448.480002484983,217.86037,0.634862572848981,1.0602717071388135,1.0,1.0,1.0,13.799995516168021
NW150_FL320,2022-03-01 01:46:00.000000000,4.59639199568854,53.96381948710966,9753.6,27448.480002484983,217.88771,0.6137536909207907,1.0248179574180083,1.0,1.0,1.0,13.799997024593432
NW150_FL320,2022-03-01 01:47:00.000000000,4.792051212754257,54.01038035083665,9753.6,27448.480002484983,217.95761,0.5788409857256548,0.9660401177045792,1.0,0.0,0.0,13.799998370255315
NW150_FL320,2022-03-01 01:48:00.000000000,4.988404728130883,54.05624314490155,9753.6,27448.480002484983,218.03117,0.5481582969942895,0.9143544215342261,1.0,0.0,0.0,13.799999540791967
NW150_FL320,2022-03-01 01:49:00.000000000,5.185435236830494,54.101418896952666,9753.6,27448.480002484983,218.05948,0.5494440297450432,0.9163102286881116,1.0,0.0,0.0,13.800000526639762
NW150_FL320,2022-03-01 01:50:00.000000000,5.383125665288684,54.14591889581483,9753.6,27448.480002484983,218.06615,0.558317158437885,0.9310637424733135,1.0,0.0,0.0,13.800001320950413
NW150_FL320,2022-03-01 01:51:00.000000000,5.581459182286482,54.18975467995547,9753.6,27448.480002484983,218.04636,0.573440507011372,0.9564206569992667,1.0,0.0,0.0,13.800001919470516
NW150_FL320,2022-03-01 01:52:00.000000000,5.780419208811863,54.23293802620198,9753.6,27448.480002484983,218.01872,0.5887106147271892,0.9820822053843451,1.0,0.0,0.0,13.800002320404134
NW150_FL320,2022-03-01 01:53:00.000000000,5.979989426890096,54.27548093872749,9753.6,27448.480002484983,217.99547,0.6032526370588189,1.0065105280675888,1.0,1.0,1.0,13.800002524262844
NW150_FL320,2022-03-01 01:54:00.000000000,6.180153787413816,54.31739563831984,9753.6,27448.480002484983,218.0293,0.6156145910180328,1.0268869584250313,1.0,1.0,1.0,13.800002533692991
NW150_FL320,2022-03-01 01:55:00.000000000,6.3808965170056196,54.35869455194499,9753.6,27448.480002484983,218.07704,0.628032303967591,1.0472418762426121,1.0,1.0,1.0,13.800002353293928
NW150_FL320,2022-03-01 01:56:00.000000000,6.5822021239473365,54.399390302613654,9753.6,27448.480002484983,218.1482,0.6394565143841081,1.065749787226494,1.0,1.0,1.0,13.80000198943833
NW150_FL320,2022-03-01 01:57:00.000000000,6.784055403211021,54.4394956995573,9753.6,27448.480002484983,218.24069,0.6508980035643587,1.0840974163197457,1.0,1.0,1.0,13.800001450080874
NW150_FL320,2022-03-01 01:58:00.000000000,6.986441440627737,54.479023728716754,9753.6,27448.480002484983,218.3271,0.6683167484076563,1.112418222064335,1.0,1.0,1.0,13.800000744570198
NW150_FL320,2022-03-01 01:59:00.000000000,7.18934561623043,54.51798754354435,9753.6,27448.480002484983,218.41414,0.6449403263210347,1.0728352436144006,1.0,1.0,1.0,13.799999883471097
NW150_FL320,2022-03-01 02:00:00.000000000,7.392753606807693,54.55640045611831,9753.6,27448.480002484983,218.50514,0.6141315300359951,1.0209169381360113,1.0,1.0,1.0,13.799998878381079
NW150_FL320,2022-03-01 02:01:00.000000000,7.596651387704953,54.594275928565615,9753.6,27448.480002484983,218.59799,0.5679512323268904,0.9435144482578353,1.0,0.0,0.0,13.799997741767196
NW150_FL320,2022-03-01 02:02:00.000000000,7.801025233909899,54.63162756478736,9753.6,27448.480002484983,218.6975,0.5102916529729872,0.8471152292751488,1.0,0.0,0.0,13.799996486806835
NW150_FL320,2022-03-01 02:03:00.000000000,8.005861720458118,54.66846910247922,9753.6,27448.480002484983,218.7994,0.45710573351005684,0.7582599049208255,1.0,0.0,0.0,13.799995127240448
NW150_FL320,2022-03-01 02:04:00.000000000,8.21114772219488,54.70481440543687,9753.6,27448.480002484983,218.89667,0.41769232830927033,0.6923902661781739,1.0,0.0,0.0,13.799993677240758
NW150_FL320,2022-03-01 02:05:00.000000000,8.416870412928134,54.74067745613532,9753.6,27448.480002484983,218.99352,0.38653989797581034,0.6403006494311879,1.0,0.0,0.0,13.799992151289874
NW150_FL320,2022-03-01 02:06:00.000000000,8.623017264007114,54.77607234856892,9753.6,27448.480002484983,219.07481,0.36771146328504345,0.6087477535872796,1.0,0.0,0.0,13.799990564074568
NW150_FL320,2022-03-01 02:07:00.000000000,8.829576042360262,54.81101328133762,9753.6,27448.480002484983,219.13882,0.3567817569235356,0.5903776623926162,1.0,0.0,0.0,13.799988930389441
NW150_FL320,2022-03-01 02:08:00.000000000,9.036534808025143,54.845514550963514,9753.6,27448.480002484983,219.19154,0.3491334293392463,0.5774987132982872,1.0,0.0,0.0,13.799987265057572
NW150_FL320,2022-03-01 02:09:00.000000000,9.243881911202225,54.87959054542058,9753.6,27448.480002484983,219.23044,0.3451936603869006,0.5708205364401655,1.0,0.0,0.0,13.799985582857834
NW150_FL320,2022-03-01 02:10:00.000000000,9.451605988863491,54.91325573785914,9753.6,27448.480002484983,219.26213,0.3391761378048547,0.5607392639446043,1.0,0.0,0.0,13.799983898464221
NW150_FL320,2022-03-01 02:11:00.000000000,9.659695960945642,54.94652468050605,9753.6,27448.480002484983,219.27379,0.3361301181645211,0.5556552112670802,1.0,0.0,0.0,13.799982226394873
NW150_FL320,2022-03-01 02:12:00.000000000,9.868141026157087,54.97941199871997,9753.6,27448.480002484983,219.28516,0.3316168107067495,0.5481495643083721,1.0,0.0,0.0,8.717907553283178
NW150_FL320,2022-03-01 02:12:37.904240283,10.0,55.0,9753.6,27448.480002484983,219.2987,0.32617634550701397,0.539102116190473,1.0,0.0,0.0,0.0
NW300_FL320,2022-03-01 00:00:00.000000000,-10.000000000000002,45.00000000000001,9753.6,27448.480002484983,218.9977,0.628979275547244,1.0418688176837037,1.0,1.0,1.0,13.800034843118594
NW300_FL320,2022-03-01 00:01:00.000000000,-9.948323151402047,45.11861698721326,9753.6,27448.480002484983,218.97633,0.6349700804749395,1.0519527590748914,1.0,1.0,1.0,13.800006665435859
NW300_FL320,2022-03-01 00:02:00.000000000,-9.896402137726424,45.2372040256995,9753.6,27448.480002484983,218.97055,0.6387177136511548,1.0582047068101614,1.0,1.0,1.0,13.799977763173437
NW300_FL320,2022-03-01 00:03:00.000000000,-9.844205048187119,45.355754336568715,9753.6,27448.480002484983,218.97592,0.6401475412697939,1.0605355809977648,1.0,1.0,1.0,13.800003201880159
NW300_FL320,2022-03-01 00:04:00.000000000,-9.79169221545635,45.47425993803365,9753.6,27448.480002484983,218.98453,0.6411105960398393,1.062062684387018,1.0,1.0,1.0,13.800019831035982
NW300_FL320,2022-03-01 00:05:00.000000000,-9.73883020753365,45.592713564836444,9753.6,27448.480002484983,218.97536,0.6440077544470371,1.0669328464498715,1.0,1.0,1.0,13.799990542186567
NW300_FL320,2022-03-01 00:06:00.000000000,-9.68559173693477,45.711108893423734,9753.6,27448.480002484983,218.9701,0.6456444293680947,1.0696889030168342,1.0,1.0,1.0,13.799966575556896
NW300_FL320,2022-03-01 00:07:00.000000000,-9.631942676019541,45.82943851868831,9753.6,27448.480002484983,218.95691,0.6451377625764162,1.0689490166275437,1.0,1.0,1.0,13.800034470564826
NW300_FL320,2022-03-01 00:08:00.000000000,-9.577832641962,45.94769216492699,9753.6,27448.480002484983,218.9417,0.643618753424196,1.0665512293031545,1.0,1.0,1.0,13.800004853679956
NW300_FL320,2022-03-01 00:09:00.000000000,-9.523242741476356,46.0658646319852,9753.6,27448.480002484983,218.91975,0.6332829538881376,1.0495919252305783,1.0,1.0,1.0,13.799975174589125
NW300_FL320,2022-03-01 00:10:00.000000000,-9.468138670649463,46.1839481275579,9753.6,27448.480002484983,218.88718,0.6147773174272346,1.019160108204089,1.0,1.0,1.0,13.799996337513656
NW300_FL320,2022-03-01 00:11:00.000000000,-9.412475134560134,46.30193273606196,9753.6,27448.480002484983,218.83876,0.6008385745361351,0.9964041361700176,1.0,0.0,0.0,13.80002177829723
NW300_FL320,2022-03-01 00:12:00.000000000,-9.356214232217248,46.41980959140651,9753.6,27448.480002484983,218.7669,0.5938784505379273,0.9853789717241545,1.0,0.0,0.0,13.799991978487872
NW300_FL320,2022-03-01 00:13:00.000000000,-9.299331078055891,46.53757207105862,9753.6,27448.480002484983,218.68925,0.5910166776695687,0.9811813670736063,1.0,0.0,0.0,13.79996288903523
NW300_FL320,2022-03-01 00:14:00.000000000,-9.2417896335749,46.65521139046437,9753.6,27448.480002484983,218.59254,0.5987747207208359,0.9947596196130408,1.0,0.0,0.0,13.800017586397669
NW300_FL320,2022-03-01 00:15:00.000000000,-9.183533336757865,46.77271458254579,9753.6,27448.480002484983,218.48878,0.6067515788400535,1.0087667738753616,1.0,1.0,1.0,13.800012642606154
NW300_FL320,2022-03-01 00:16:00.000000000,-9.124537269676559,46.8900744241367,9753.6,27448.480002484983,218.40443,0.6119490157321726,1.0180241991674412,1.0,1.0,1.0,13.799983478538548
NW300_FL320,2022-03-01 00:17:00.000000000,-9.06476959695927,47.00728223711839,9753.6,27448.480002484983,218.31544,0.6181939541422549,1.029072471497511,1.0,1.0,1.0,13.799955874461615
NW300_FL320,2022-03-01 00:18:00.000000000,-9.004192371172094,47.124327917170994,9753.6,27448.480002484983,218.22313,0.6262053063987721,1.043104783793367,1.0,1.0,1.0,13.800022795812414
NW300_FL320,2022-03-01 00:19:00.000000000,-8.942742331284771,47.241195837621795,9753.6,27448.480002484983,218.1265,0.6339180602285227,1.056683762834217,1.0,1.0,1.0,13.80000943014113
NW300_FL320,2022-03-01 00:20:00.000000000,-8.880399361758288,47.35787881023055,9753.6,27448.480002484983,218.03827,0.6384345127667298,1.064881761907194,1.0,1.0,1.0,13.79998144097103
NW300_FL320,2022-03-01 00:21:00.000000000,-8.81712804662872,47.47436632203423,9753.6,27448.480002484983,217.94678,0.6428570258653655,1.0729602144177557,1.0,1.0,1.0,13.799955751288898
NW300_FL320,2022-03-01 00:22:00.000000000,-8.752888484884062,47.59064660231162,9753.6,27448.480002484983,217.84091,0.6447199004776205,1.0768846701524062,1.0,1.0,1.0,13.79999974357544
NW300_FL320,2022-03-01 00:23:00.000000000,-8.687621184744504,47.70670318021615,9753.6,27448.480002484983,217.76433,0.6427397918371031,1.074163304693876,1.0,1.0,1.0,13.800014603485252
NW300_FL320,2022-03-01 00:24:00.000000000,-8.6212916133352,47.822524520353284,9753.6,27448.480002484983,217.69461,0.6407284666689197,1.0713321851316826,1.0,1.0,1.0,13.799987752859257
NW300_FL320,2022-03-01 00:25:00.000000000,-8.553869741791866,47.93809981100981,9753.6,27448.480002484983,217.62843,0.6395682783893784,1.069894356971699,1.0,1.0,1.0,13.79996366704769
NW300_FL320,2022-03-01 00:26:00.000000000,-8.485313856181833,48.05341525950304,9753.6,27448.480002484983,217.57263,0.6375886058399187,1.0670037745570897,1.0,1.0,1.0,13.799942842235483
NW300_FL320,2022-03-01 00:27:00.000000000,-8.415581801578655,48.16845651097662,9753.6,27448.480002484983,217.53453,0.631244566122814,1.0566725772640546,1.0,1.0,1.0,13.800016914087612
NW300_FL320,2022-03-01 00:28:00.000000000,-8.344603841813232,48.28320205518647,9753.6,27448.480002484983,217.504,0.6230891116022008,1.0432444716476688,1.0,1.0,1.0,13.800004972425114
NW300_FL320,2022-03-01 00:29:00.000000000,-8.272359617391693,48.397641532390416,9753.6,27448.480002484983,217.49303,0.6124564260501484,1.0255242412682632,1.0,1.0,1.0,13.799981440007572
NW300_FL320,2022-03-01 00:30:00.000000000,-8.198809767667017,48.511759680983936,9753.6,27448.480002484983,217.49353,0.5994719009174563,1.003777326156941,1.0,1.0,1.0,13.799961128930406
NW300_FL320,2022-03-01 00:31:00.000000000,-8.123910851857396,48.62553969747014,9753.6,27448.480002484983,217.54665,0.5846802096343532,0.9786419548745677,1.0,0.0,0.0,13.79994434951923
NW300_FL320,2022-03-01 00:32:00.000000000,-8.047619175060253,48.73896411389615,9753.6,27448.480002484983,217.58566,0.5665181165661637,0.9479809118630462,1.0,0.0,0.0,13.799949522704459
NW300_FL320,2022-03-01 00:33:00.000000000,-7.969885434552368,48.85201334557368,9753.6,27448.480002484983,217.69768,0.5623751748200704,0.9402990693507267,1.0,0.0,0.0,13.800014181102688
NW300_FL320,2022-03-01 00:34:00.000000000,-7.890648069563789,48.96466371012504,9753.6,27448.480002484983,217.82228,0.562196235984842,0.9391691701485179,1.0,0.0,0.0,13.799992650903825
NW300_FL320,2022-03-01 00:35:00.000000000,-7.809886021383044,49.076901625594274,9753.6,27448.480002484983,217.94307,0.5560843188911788,0.9281580445392584,1.0,0.0,0.0,13.799974108707389
NW300_FL320,2022-03-01 00:36:00.000000000,-7.727555347093408,49.1887068387166,9753.6,27448.480002484983,218.05382,0.550087922546223,0.9174225356348593,1.0,0.0,0.0,13.799958655833514
NW300_FL320,2022-03-01 00:37:00.000000000,-7.643612181951804,49.30005836390617,9753.6,27448.480002484983,218.12091,0.5447833387071506,0.9081401872326779,1.0,0.0,0.0,13.799946336900428
NW300_FL320,2022-03-01 00:38:00.000000000,-7.558012825338964,49.41093447592809,9753.6,27448.480002484983,218.16052,0.5368977077783171,0.8947401845778418,1.0,0.0,0.0,13.799937139245799
NW300_FL320,2022-03-01 00:39:00.000000000,-7.470713833585899,49.52131270557739,9753.6,27448.480002484983,218.20866,0.5269857848242389,0.8779175299819696,1.0,0.0,0.0,13.799930993467326
NW300_FL320,2022-03-01 00:40:00.000000000,-7.381672119623329,49.63116983869982,9753.6,27448.480002484983,218.306,0.5024768993717564,0.8365038223419663,1.0,0.0,0.0,13.799935080408797
NW300_FL320,2022-03-01 00:41:00.000000000,-7.290842991180416,49.740481273968314,9753.6,27448.480002484983,218.38167,0.4865418439058303,0.8095350617174608,1.0,0.0,0.0,13.79999350665374
NW300_FL320,2022-03-01 00:42:00.000000000,-7.198169519410879,49.84921753340485,9753.6,27448.480002484983,218.5369,0.44879996074296136,0.7459015944044618,1.0,0.0,0.0,13.799978927303988
NW300_FL320,2022-03-01 00:43:00.000000000,-7.103628498314238,49.95735875096998,9753.6,27448.480002484983,218.66722,0.41506977219990604,0.6891918187583803,1.0,0.0,0.0,13.799966433137888
NW300_FL320,2022-03-01 00:44:00.000000000,-7.0071795140932345,50.06487885572919,9753.6,27448.480002484983,218.77142,0.3804047834178359,0.6311545631881956,1.0,0.0,0.0,13.79995586908043
NW300_FL320,2022-03-01 00:45:00.000000000,-6.9087830925656055,50.171751090152405,9753.6,27448.480002484983,218.88231,0.3393365817017601,0.5625636172602856,1.0,0.0,0.0,13.799947052381834
NW300_FL320,2022-03-01 00:46:00.000000000,-6.808400832996052,50.27794803570585,9753.6,27448.480002484983,218.96918,0.2982893396999565,0.4942011430413258,1.0,0.0,0.0,13.799939778560672
NW300_FL320,2022-03-01 00:47:00.000000000,-6.705995546066805,50.38344164394248,9753.6,27448.480002484983,219.05745,0.2509952523892408,0.4155764866759836,1.0,0.0,0.0,13.799933827852389
NW300_FL320,2022-03-01 00:48:00.000000000,-6.601531395219343,50.48820327332102,9753.6,27448.480002484983,219.16797,0.19882647638514464,0.3289343606699953,1.0,0.0,0.0,13.799928972027583
NW300_FL320,2022-03-01 00:49:00.000000000,-6.494974040497284,50.592203731941304,9753.6,27448.480002484983,219.291,0.1639230136867581,0.2709465264407,1.0,0.0,0.0,13.799924981403041
NW300_FL320,2022-03-01 00:50:00.000000000,-6.386290783920157,50.69541332633463,9753.6,27448.480002484983,219.45302,0.13170499071645053,0.21743470209709417,1.0,0.0,0.0,13.799921631877607
NW300_FL320,2022-03-01 00:51:00.000000000,-6.2754507153220995,50.797801916390625,9753.6,27448.480002484983,219.58534,0.1129359136770381,0.18626625935433225,1.0,0.0,0.0,13.799918711778243
NW300_FL320,2022-03-01 00:52:00.000000000,-6.162424857501622,50.89933897643868,9753.6,27448.480002484983,219.67868,0.10719058774217312,0.17666876391451325,1.0,0.0,0.0,13.799916028361567
NW300_FL320,2022-03-01 00:53:00.000000000,-6.0471863094495175,50.99999366243146,9753.6,27448.480002484983,219.77576,0.10155547368683711,0.1672606613319509,1.0,0.0,0.0,13.799913413752241
NW300_FL320,2022-03-01 00:54:00.000000000,-5.929710386355748,51.099734885102215,9753.6,27448.480002484983,219.77364,0.10660046180634826,0.17557270440204503,1.0,0.0,0.0,13.799910730138198
NW300_FL320,2022-03-01 00:55:00.000000000,-5.8099747550443395,51.19853138888636,9753.6,27448.480002484983,219.77742,0.1099367611513116,0.18106207349955247,1.0,0.0,0.0,13.799907874076975
NW300_FL320,2022-03-01 00:56:00.000000000,-5.687959563450105,51.296351836313654,9753.6,27448.480002484983,219.76984,0.11085869782258254,0.182590994357908,1.0,0.0,0.0,13.79990477972228
NW300_FL320,2022-03-01 00:57:00.000000000,-5.56364756273571,51.39316489749046,9753.6,27448.480002484983,219.74014,0.10957404871008837,0.18051478662853743,1.0,0.0,0.0,13.799901420893251
NW300_FL320,2022-03-01 00:58:00.000000000,-5.4370242206528845,51.48893934420452,9753.6,27448.480002484983,219.70572,0.1069958859911102,0.17631210272083503,1.0,0.0,0.0,13.799897811846515
NW300_FL320,2022-03-01 00:59:00.000000000,-5.308077824779514,51.583644148098536,9753.6,27448.480002484983,219.65251,0.10954323934828082,0.18058128801706344,1.0,0.0,0.0,13.799894006728076
NW300_FL320,2022-03-01 01:00:00.000000000,-5.176799574316013,51.67724858227623,9753.6,27448.480002484983,219.57007,0.11400220403643961,0.18804614878629006,1.0,0.0,0.0,13.799890097668875
NW300_FL320,2022-03-01 01:01:00.000000000,-5.043183659200432,51.76972232562682,9753.6,27448.480002484983,219.46672,0.12167759524923778,0.20085939136791386,1.0,0.0,0.0,13.799886211544619
NW300_FL320,2022-03-01 01:02:00.000000000,-4.907227325401263,51.8610355690834,9753.6,27448.480002484983,219.36699,0.13399300939589648,0.2213514883185154,1.0,0.0,0.0,13.799882505488926
NW300_FL320,2022-03-01 01:03:00.000000000,-4.768930925370678,51.95115912296934,9753.6,27448.480002484983,219.2565,0.1491825031019379,0.24664477928296966,1.0,0.0,0.0,13.799879161238978
NW300_FL320,2022-03-01 01:04:00.000000000,-4.628297952786058,52.04006452453659,9753.6,27448.480002484983,219.14635,0.16520102480689175,0.27334818334455924,1.0,0.0,0.0,13.79987637850337
NW300_FL320,2022-03-01 01:05:00.000000000,-4.485335060872928,52.127724144762055,9753.6,27448.480002484983,219.0638,0.17741318804846626,0.2937323259936615,1.0,0.0,0.0,13.799874367506506
NW300_FL320,2022-03-01 01:06:00.000000000,-4.340052063785224,52.214111293444496,9753.6,27448.480002484983,218.97217,0.19197075372704725,0.31804725060054595,1.0,0.0,0.0,13.799875260345667
NW300_FL320,2022-03-01 01:07:00.000000000,-4.192461576710146,52.299200123019176,9753.6,27448.480002484983,218.91026,0.20454826867942177,0.33903793708463853,1.0,0.0,0.0,13.799958362399373
NW300_FL320,2022-03-01 01:08:00.000000000,-4.042565505808821,52.382957721133714,9753.6,27448.480002484983,218.86984,0.21534779446542635,0.3570427189061791,1.0,0.0,0.0,13.79994634307932
NW300_FL320,2022-03-01 01:09:00.000000000,-3.8903976137133776,52.4653690353782,9753.6,27448.480002484983,218.80057,0.2339247749984682,0.38803869370129346,1.0,0.0,0.0,13.799934758524605
NW300_FL320,2022-03-01 01:10:00.000000000,-3.7359801900362437,52.5464122011229,9753.6,27448.480002484983,218.74365,0.2506240692045295,0.41591104817397334,1.0,0.0,0.0,13.799923893437573
NW300_FL320,2022-03-01 01:11:00.000000000,-3.5793384277428935,52.62606676530347,9753.6,27448.480002484983,218.7092,0.2636880496633961,0.43770130003026775,1.0,0.0,0.0,13.799914005702364
NW300_FL320,2022-03-01 01:12:00.000000000,-3.420500321548006,52.70431376094036,9753.6,27448.480002484983,218.67307,0.27323878092454085,0.45367270555280725,1.0,0.0,0.0,13.799905318758915
NW300_FL320,2022-03-01 01:13:00.000000000,-3.2594965516209413,52.78113577383572,9753.6,27448.480002484983,218.64215,0.27654667048564496,0.4592681161429472,1.0,0.0,0.0,13.799898015093248
NW300_FL320,2022-03-01 01:14:00.000000000,-3.0963603537213,52.85651700087687,9753.6,27448.480002484983,218.6181,0.27276844744388856,0.45307305824176086,1.0,0.0,0.0,13.799892231080968
NW300_FL320,2022-03-01 01:15:00.000000000,-2.93112737703906,52.93044329948208,9753.6,27448.480002484983,218.5802,0.2723066715331757,0.4524299141718821,1.0,0.0,0.0,13.79988805331851
NW300_FL320,2022-03-01 01:16:00.000000000,-2.7638355311439367,53.00290222783783,9753.6,27448.480002484983,218.52101,0.2726859504304118,0.4532541280809326,1.0,0.0,0.0,13.799885516550193
NW300_FL320,2022-03-01 01:17:00.000000000,-2.594524823554262,53.07388307569488,9753.6,27448.480002484983,218.46886,0.28190024484994375,0.46874661833668796,1.0,0.0,0.0,13.799884603266875
NW300_FL320,2022-03-01 01:18:00.000000000,-2.4232371895126836,53.14337688560977,9753.6,27448.480002484983,218.39333,0.2942596763551527,0.48956450875616675,1.0,0.0,0.0,13.799885244947372
NW300_FL320,2022-03-01 01:19:00.000000000,-2.250016315606625,53.21137646463753,9753.6,27448.480002484983,218.29294,0.3093336689655594,0.5150152711717155,1.0,0.0,0.0,13.799887324900999
NW300_FL320,2022-03-01 01:20:00.000000000,-2.0749074588928185,53.277876386596866,9753.6,27448.480002484983,218.19,0.34169874129504135,0.5693201305057008,1.0,0.0,0.0,13.799890682600761
NW300_FL320,2022-03-01 01:21:00.000000000,-1.8979572631798203,53.34287298513899,9753.6,27448.480002484983,218.10486,0.36894285818173556,0.6150873910181222,1.0,0.0,0.0,13.799895119344866
NW300_FL320,2022-03-01 01:22:00.000000000,-1.719213574090673,53.406364337953896,9753.6,27448.480002484983,218.01672,0.3917791718821729,0.6535723518584868,1.0,0.0,0.0,13.799900405062836
NW300_FL320,2022-03-01 01:23:00.000000000,-1.538725254472115,53.46835024254097,9753.6,27448.480002484983,217.92526,0.40975749701672143,0.6840103384639797,1.0,0.0,0.0,13.79990628602072
NW300_FL320,2022-03-01 01:24:00.000000000,-1.356542001638573,53.52883218405242,9753.6,27448.480002484983,217.83789,0.42633864743913813,0.7121335801789936,1.0,0.0,0.0,13.79991249319038
NW300_FL320,2022-03-01 01:25:00.000000000,-1.172714167843412,53.58781329578929,9753.6,27448.480002484983,217.776,0.43959799697907603,0.7346048931992369,1.0,0.0,0.0,13.799918750991056
NW300_FL320,2022-03-01 01:26:00.000000000,-0.9872925852565602,53.64529831298643,9753.6,27448.480002484983,217.6933,0.4579672496346704,0.7657505459398061,1.0,0.0,0.0,13.799924786167315
NW300_FL320,2022-03-01 01:27:00.000000000,-0.800328396603329,53.7012935205683,9753.6,27448.480002484983,217.62009,0.47711670773312653,0.7981860691016892,1.0,0.0,0.0,13.79993033648061
NW300_FL320,2022-03-01 01:28:00.000000000,-0.6118728924847379,53.75580669558846,9753.6,27448.480002484983,217.54872,0.5020603993036791,0.8403414337113865,1.0,0.0,0.0,13.799935159022626
NW300_FL320,2022-03-01 01:29:00.000000000,-0.42197735625945404,53.80884704508488,9753.6,27448.480002484983,217.53899,0.5138333427093272,0.8601041757429198,1.0,0.0,0.0,13.799939037850189
NW300_FL320,2022-03-01 01:30:00.000000000,-0.23069291722504956,53.86042514008997,9753.6,27448.480002484983,217.53223,0.5212993388901129,0.8726448586866813,1.0,0.0,0.0,13.79994179078318
NW300_FL320,2022-03-01 01:31:00.000000000,-0.03807041269302599,53.910552846529505,9753.6,27448.480002484983,217.51392,0.5347652830562206,0.8953024663717393,1.0,0.0,0.0,13.799943275155096
NW300_FL320,2022-03-01 01:32:00.000000000,0.1558397405871601,53.95924325373014,9753.6,27448.480002484983,217.52266,0.5437276997574859,0.910249830042918,1.0,0.0,0.0,13.799943392385876
NW300_FL320,2022-03-01 01:33:00.000000000,0.35098766533486897,54.00651060123104,9753.6,27448.480002484983,217.52408,0.5582452997787505,0.9345449672809422,1.0,0.0,0.0,13.799942091276058
NW300_FL320,2022-03-01 01:34:00.000000000,0.5473241327828376,54.05237020456364,9753.6,27448.480002484983,217.52487,0.5746711841258707,0.9620392248051769,1.0,0.0,0.0,13.799939369947783
NW300_FL320,2022-03-01 01:35:00.000000000,0.7448006617853401,54.09683838062501,9753.6,27448.480002484983,217.53046,0.5846463031220127,0.9786978581700888,1.0,0.0,0.0,13.79993527641069
NW300_FL320,2022-03-01 01:36:00.000000000,0.943369608024376,54.139932373227055,9753.6,27448.480002484983,217.52264,0.5909091676209509,0.9892375677843455,1.0,0.0,0.0,13.799929907760507
NW300_FL320,2022-03-01 01:37:00.000000000,1.142984243446075,54.18167027935618,9753.6,27448.480002484983,217.5064,0.5996398998841499,1.003967662687421,1.0,1.0,1.0,13.799923408062723
NW300_FL320,2022-03-01 01:38:00.000000000,1.3435988261461758,54.22207097662803,9753.6,27448.480002484983,217.48703,0.6092549976113419,1.0202058836935934,1.0,1.0,1.0,13.799915964977409
NW300_FL320,2022-03-01 01:39:00.000000000,1.545168660997899,54.26115405237014,9753.6,27448.480002484983,217.46596,0.6194163578536133,1.0373749873804152,1.0,1.0,1.0,13.799907805259913
NW300_FL320,2022-03-01 01:40:00.000000000,1.7476501513793214,54.298939734713336,9753.6,27448.480002484983,217.44682,0.6288776035919275,1.053365393484543,1.0,1.0,1.0,13.799905225618216
NW300_FL320,2022-03-01 01:41:00.000000000,1.951001321706038,54.3354480988425,9753.6,27448.480002484983,217.43312,0.6327866539638364,1.0600140264006215,1.0,1.0,1.0,13.80003550067695
NW300_FL320,2022-03-01 01:42:00.000000000,2.1551912888926434,54.370684072582705,9753.6,27448.480002484983,217.41925,0.6355493264767634,1.0647482134050048,1.0,1.0,1.0,13.80001194060027
NW300_FL320,2022-03-01 01:43:00.000000000,2.3601687814981553,54.404685818447064,9753.6,27448.480002484983,217.42593,0.6404489565851157,1.07290397630342,1.0,1.0,1.0,13.799988050689471
NW300_FL320,2022-03-01 01:44:00.000000000,2.5658948749977406,54.43747558046449,9753.6,27448.480002484983,217.45888,0.6461257642521222,1.082161654140539,1.0,1.0,1.0,13.799964294443889
NW300_FL320,2022-03-01 01:45:00.000000000,2.772331890772268,54.46907594249486,9753.6,27448.480002484983,217.51538,0.6487014913326163,1.0860400630993805,1.0,1.0,1.0,13.79994113566568
NW300_FL320,2022-03-01 01:46:00.000000000,2.9794434044374127,54.49950977601977,9753.6,27448.480002484983,217.60916,0.6420307446152316,1.074160636831184,1.0,1.0,1.0,13.799919029035573
NW300_FL320,2022-03-01 01:47:00.000000000,3.1871942485890172,54.528800191289015,9753.6,27448.480002484983,217.71696,0.6362517194180958,1.0636756096237274,1.0,1.0,1.0,13.799903858262315
NW300_FL320,2022-03-01 01:48:00.000000000,3.395550879759554,54.55696978407656,9753.6,27448.480002484983,217.79155,0.6390983811190075,1.0678718210748084,1.0,1.0,1.0,13.800055039082034
NW300_FL320,2022-03-01 01:49:00.000000000,3.604491615359623,54.58402008165235,9753.6,27448.480002484983,217.84604,0.6471158011905954,1.0808455594529414,1.0,1.0,1.0,13.800015441936033
NW300_FL320,2022-03-01 01:50:00.000000000,3.8139728517228146,54.60999719041869,9753.6,27448.480002484983,217.87573,0.6557380624589261,1.0950138915954721,1.0,1.0,1.0,13.799978645815921
NW300_FL320,2022-03-01 01:51:00.000000000,4.023964354506401,54.63492486350083,9753.6,27448.480002484983,217.86516,0.6605130238224107,1.1030734235907433,1.0,1.0,1.0,13.799945081809751
NW300_FL320,2022-03-01 01:52:00.000000000,4.234437101686992,54.658826899104795,9753.6,27448.480002484983,217.86925,0.6583064419824671,1.0993561152692954,1.0,1.0,1.0,13.799915120264668
NW300_FL320,2022-03-01 01:53:00.000000000,4.445363262970964,54.68172711119074,9753.6,27448.480002484983,217.93587,0.6172412922176649,1.0302877234868082,1.0,1.0,1.0,13.800015788586125
NW300_FL320,2022-03-01 01:54:00.000000000,4.65672372489985,54.70363128764721,9753.6,27448.480002484983,218.0159,0.5742515691204367,0.9579820943384562,1.0,0.0,0.0,13.800026752290783
NW300_FL320,2022-03-01 01:55:00.000000000,4.868487720428609,54.7245739875963,9753.6,27448.480002484983,218.09972,0.5398271326570104,0.9000136962785941,1.0,0.0,0.0,13.799983572061933
NW300_FL320,2022-03-01 01:56:00.000000000,5.080627538644073,54.74458663851475,9753.6,27448.480002484983,218.16585,0.5196287056568086,0.8659291237153188,1.0,0.0,0.0,13.799945817559948
NW300_FL320,2022-03-01 01:57:00.000000000,5.293119881497206,54.763692990803875,9753.6,27448.480002484983,218.1855,0.5187737600296096,0.8643823884239632,1.0,0.0,0.0,13.799938516635832
NW300_FL320,2022-03-01 01:58:00.000000000,5.505943868646182,54.78191294381553,9753.6,27448.480002484983,218.13556,0.5461332003903377,0.9102950376920982,1.0,0.0,0.0,13.800050656767903
NW300_FL320,2022-03-01 01:59:00.000000000,5.719084419011531,54.79925175731836,9753.6,27448.480002484983,218.06288,0.5708393220134862,0.9519709019220082,1.0,0.0,0.0,13.800003204209666
NW300_FL320,2022-03-01 02:00:00.000000000,5.932512825652237,54.81575578710652,9753.6,27448.480002484983,217.98848,0.5916917447518363,0.9872693232708194,1.0,0.0,0.0,13.799962666862402
NW300_FL320,2022-03-01 02:01:00.000000000,6.1462099113233615,54.83144846222197,9753.6,27448.480002484983,217.95358,0.6073583436011744,1.0136625289406296,1.0,1.0,1.0,13.799932359184918
NW300_FL320,2022-03-01 02:02:00.000000000,6.3601576187555455,54.846352522537195,9753.6,27448.480002484983,217.9523,0.6195318307634874,1.0339882855252114,1.0,1.0,1.0,13.800051701259331
NW300_FL320,2022-03-01 02:03:00.000000000,6.574345601833692,54.860467055141825,9753.6,27448.480002484983,217.97884,0.6360588309021546,1.061371316898701,1.0,1.0,1.0,13.80000554177809
NW300_FL320,2022-03-01 02:04:00.000000000,6.788749289172524,54.87384091232076,9753.6,27448.480002484983,218.034,0.6636565787875507,1.1069863901908936,1.0,1.0,1.0,13.799967129490193
NW300_FL320,2022-03-01 02:05:00.000000000,7.0033531669792195,54.88649708306962,9753.6,27448.480002484983,218.10516,0.6932055406115321,1.1556843939864678,1.0,1.0,1.0,13.799960623388825
NW300_FL320,2022-03-01 02:06:00.000000000,7.218143656439326,54.89845407593597,9753.6,27448.480002484983,218.19562,0.6671967933240993,1.1116052337270315,1.0,1.0,1.0,13.8000381484042
NW300_FL320,2022-03-01 02:07:00.000000000,7.433110284466571,54.90971982486474,9753.6,27448.480002484983,218.2906,0.6361593232742399,1.0591710870081417,1.0,1.0,1.0,13.799997707739267
NW300_FL320,2022-03-01 02:08:00.000000000,7.648234507949747,54.92033751497244,9753.6,27448.480002484983,218.40744,0.5856576857115287,0.9742672616190243,1.0,0.0,0.0,13.799965046205028
NW300_FL320,2022-03-01 02:09:00.000000000,7.863504016276233,54.93032968835278,9753.6,27448.480002484983,218.5326,0.5304973258677335,0.8817101930403213,1.0,0.0,0.0,13.799998359184581
NW300_FL320,2022-03-01 02:10:00.000000000,8.078909613694025,54.93970734956771,9753.6,27448.480002484983,218.65698,0.48346603179982267,0.8028188045046054,1.0,0.0,0.0,13.800019524346945
NW300_FL320,2022-03-01 02:11:00.000000000,8.294439602046854,54.94849485749177,9753.6,27448.480002484983,218.78088,0.4448690814696772,0.7380635205248068,1.0,0.0,0.0,13.799987344744515
NW300_FL320,2022-03-01 02:12:00.000000000,8.51008135994762,54.95672549342708,9753.6,27448.480002484983,218.89836,0.4106576114189623,0.6807226602208812,1.0,0.0,0.0,13.799962217577544
NW300_FL320,2022-03-01 02:13:00.000000000,8.725825342473327,54.96442143190606,9753.6,27448.480002484983,218.99332,0.3912502450384942,0.648102477224851,1.0,0.0,0.0,13.800030591944905
NW300_FL320,2022-03-01 02:14:00.000000000,8.941665815844612,54.97158610280672,9753.6,27448.480002484983,219.07819,0.3754880259934206,0.6216074118446565,1.0,0.0,0.0,13.800003074592663
NW300_FL320,2022-03-01 02:15:00.000000000,9.157590658160426,54.97826150894907,9753.6,27448.480002484983,219.14764,0.36338536023942747,0.6012657086667358,1.0,0.0,0.0,13.799979693093027
NW300_FL320,2022-03-01 02:16:00.000000000,9.373592057318856,54.984470163858454,9753.6,27448.480002484983,219.20143,0.35313135298442716,0.5840692092041982,1.0,0.0,0.0,13.799998894018712
NW300_FL320,2022-03-01 02:17:00.000000000,9.58966406355943,54.990225655978996,9753.6,27448.480002484983,219.23828,0.34438374525608473,0.5694481223696405,1.0,0.0,0.0,13.800013114578606
NW300_FL320,2022-03-01 02:18:00.000000000,9.805799607243536,54.995551318891,9753.6,27448.480002484983,219.2634,0.33639052412178694,0.556127893681573,1.0,0.0,0.0,12.396422411584279
NW300_FL320,2022-03-01 02:18:53.897617080,9.999999999999996,55.0,9753.6,27448.480002484983,219.28717,0.32817799799690434,0.5424551165055275,1.0,0.0,0.0,0.0
SE300_FL330,2022-03-01 00:00:00.000000000,-10.000000000000002,45.00000000000001,10058.4,26200.382022635047,216.48128,0.6896957243969801,1.1630662267974403,1.0,1.0,1.0,13.800115027908165
SE300_FL330,2022-03-01 00:01:00.000000000,-9.832634228109365,45.0374989777726,10058.4,26200.382022635047,216.5359,0.69476772655391,1.1711753246788146,1.0,1.0,1.0,13.800020549916326
SE300_FL330,2022-03-01 00:02:00.000000000,-9.665061957945106,45.074778023133646,10058.4,26200.382022635047,216.60646,0.7017140723043338,1.182304459317715,1.0,1.0,1.0,13.799927543731021
SE300_FL330,2022-03-01 00:03:00.000000000,-9.497293172355167,45.111857647020635,10058.4,26200.382022635047,216.68642,0.709934917386749,1.1954930964800285,1.0,1.0,1.0,13.800010362739226
SE300_FL330,2022-03-01 00:04:00.000000000,-9.329333869699752,45.148755048499964,10058.4,26200.382022635047,216.75926,0.7176183231315448,1.207818617741063,1.0,1.0,1.0,13.8000625389665
SE300_FL330,2022-03-01 00:05:00.000000000,-9.161195059406664,45.18549293097829,10058.4,26200.382022635047,216.82611,0.7245095803667675,1.2188506350899964,1.0,1.0,1.0,13.799971646306037
SE300_FL330,2022-03-01 00:06:00.000000000,-8.992889620285059,45.222095268527376,10058.4,26200.382022635047,216.88116,0.7325518362676214,1.2319041230010845,1.0,1.0,1.0,13.799899873840282
SE300_FL330,2022-03-01 00:07:00.000000000,-8.824426642306625,45.25858271091628,10058.4,26200.382022635047,216.9255,0.7310370800852036,1.2289759007188314,1.0,1.0,1.0,13.800105239252431
SE300_FL330,2022-03-01 00:08:00.000000000,-8.65581080706178,45.2949740113112,10058.4,26200.382022635047,216.9867,0.7196397568076931,1.2092953161646574,1.0,1.0,1.0,13.80001760658135
SE300_FL330,2022-03-01 00:09:00.000000000,-8.487057177228046,45.3312945416673,10058.4,26200.382022635047,217.03772,0.707906034574537,1.1891537349404782,1.0,1.0,1.0,13.79993231818943
SE300_FL330,2022-03-01 00:10:00.000000000,-8.31817494269894,45.36756551489382,10058.4,26200.382022635047,217.07793,0.6976361284735735,1.1715715999728225,1.0,1.0,1.0,13.799993838825486
SE300_FL330,2022-03-01 00:11:00.000000000,-8.149171301625014,45.4038082101483,10058.4,26200.382022635047,217.11865,0.6863674672873621,1.1523184149564085,1.0,1.0,1.0,13.80006634186223
SE300_FL330,2022-03-01 00:12:00.000000000,-7.980055881015995,45.44004548033964,10058.4,26200.382022635047,217.15828,0.6759524663463351,1.1345161338203253,1.0,1.0,1.0,13.799985579438726
SE300_FL330,2022-03-01 00:13:00.000000000,-7.81084018030542,45.47629954581915,10058.4,26200.382022635047,217.17381,0.676084620959385,1.134614505004104,1.0,1.0,1.0,13.799907812990368
SE300_FL330,2022-03-01 00:14:00.000000000,-7.64153340621131,45.51259224345501,10058.4,26200.382022635047,217.20378,0.6730339578697032,1.1292576280046387,1.0,1.0,1.0,13.80005343805641
SE300_FL330,2022-03-01 00:15:00.000000000,-7.472142889633564,45.54894792999821,10058.4,26200.382022635047,217.24408,0.6693117260606293,1.1226952249863857,1.0,1.0,1.0,13.800042769194542
SE300_FL330,2022-03-01 00:16:00.000000000,-7.30268005570596,45.58538865893594,10058.4,26200.382022635047,217.30211,0.6753391182904183,1.132341532401648,1.0,1.0,1.0,13.799970371522296
SE300_FL330,2022-03-01 00:17:00.000000000,-7.133155014811902,45.621936316925805,10058.4,26200.382022635047,217.37355,0.6796285806985864,1.1389592675232318,1.0,1.0,1.0,13.799901682232836
SE300_FL330,2022-03-01 00:18:00.000000000,-6.963577350434745,45.65861348889645,10058.4,26200.382022635047,217.44669,0.6842610806542276,1.146131384652973,1.0,1.0,1.0,13.800065477575464
SE300_FL330,2022-03-01 00:19:00.000000000,-6.793955919788455,45.69544792952469,10058.4,26200.382022635047,217.52771,0.6885533872744735,1.1526595613377992,1.0,1.0,1.0,13.80003693342804
SE300_FL330,2022-03-01 00:20:00.000000000,-6.62430206827496,45.732459891422764,10058.4,26200.382022635047,217.59145,0.6942574941012575,1.1616840383868203,1.0,1.0,1.0,13.799973816594894
SE300_FL330,2022-03-01 00:21:00.000000000,-6.454626108496878,45.76967183596835,10058.4,26200.382022635047,217.64645,0.6984883864918582,1.1683080053550277,1.0,1.0,1.0,13.79991501954183
SE300_FL330,2022-03-01 00:22:00.000000000,-6.284938381864701,45.807107160064675,10058.4,26200.382022635047,217.68079,0.7027048151209925,1.1750727970892194,1.0,1.0,1.0,13.80001310806428
SE300_FL330,2022-03-01 00:23:00.000000000,-6.1152496770827875,45.84479442806904,10058.4,26200.382022635047,217.71832,0.7037811253224773,1.1765630349522382,1.0,1.0,1.0,13.80004905320983
SE300_FL330,2022-03-01 00:24:00.000000000,-5.945571349662257,45.8827565001216,10058.4,26200.382022635047,217.75238,0.702531579122998,1.1741892565695584,1.0,1.0,1.0,13.799995207272767
SE300_FL330,2022-03-01 00:25:00.000000000,-5.775914582343945,45.92101460539857,10058.4,26200.382022635047,217.7706,0.6991421865494519,1.1683686562045685,1.0,1.0,1.0,13.799946018066104
SE300_FL330,2022-03-01 00:26:00.000000000,-5.606290874535937,45.959592928785845,10058.4,26200.382022635047,217.7825,0.6916002437898003,1.1556679151270293,1.0,1.0,1.0,13.799901826521442
SE300_FL330,2022-03-01 00:27:00.000000000,-5.436712081951,45.99851585627959,10058.4,26200.382022635047,217.79039,0.6836358243926393,1.142296065233022,1.0,1.0,1.0,13.800049850384529
SE300_FL330,2022-03-01 00:28:00.000000000,-5.267191966322243,46.03781647078147,10058.4,26200.382022635047,217.77818,0.6752227530702528,1.1283346647347405,1.0,1.0,1.0,13.800031588333269
SE300_FL330,2022-03-01 00:29:00.000000000,-5.097742422824589,46.07751300401981,10058.4,26200.382022635047,217.74687,0.6686489381928681,1.1176011384545677,1.0,1.0,1.0,13.799990478669388
SE300_FL330,2022-03-01 00:30:00.000000000,-4.92837633795386,46.11762914151849,10058.4,26200.382022635047,217.71211,0.6612703568192492,1.1055427303901515,1.0,1.0,1.0,13.7999541838252
SE300_FL330,2022-03-01 00:31:00.000000000,-4.759107233713054,46.158189859635726,10058.4,26200.382022635047,217.67699,0.6513417254727816,1.0892152848202232,1.0,1.0,1.0,13.799922890616976
SE300_FL330,2022-03-01 00:32:00.000000000,-4.589949114555786,46.19922026051813,10058.4,26200.382022635047,217.6439,0.6335283035929928,1.0596731131131805,1.0,1.0,1.0,13.799929959565615
SE300_FL330,2022-03-01 00:33:00.000000000,-4.420917005638568,46.24074744997757,10058.4,26200.382022635047,217.5953,0.6198792733873805,1.0372013838876242,1.0,1.0,1.0,13.800043955541087
SE300_FL330,2022-03-01 00:34:00.000000000,-4.252027880874641,46.28280309951133,10058.4,26200.382022635047,217.52223,0.6090691436262563,1.019642428969678,1.0,1.0,1.0,13.80001263583261
SE300_FL330,2022-03-01 00:35:00.000000000,-4.083295312513981,46.32540456469928,10058.4,26200.382022635047,217.44664,0.6011069276075339,1.0068492300015903,1.0,1.0,1.0,13.79998555573942
SE300_FL330,2022-03-01 00:36:00.000000000,-3.914735435139302,46.3685770941835,10058.4,26200.382022635047,217.36873,0.5938785672707689,0.9952896554688376,1.0,0.0,0.0,13.799962706248108
SE300_FL330,2022-03-01 00:37:00.000000000,-3.7463649709978815,46.41234591653959,10058.4,26200.382022635047,217.2905,0.5881383238847859,0.9862130064851091,1.0,0.0,0.0,13.799944029141807
SE300_FL330,2022-03-01 00:38:00.000000000,-3.578201246424688,46.45673620162743,10058.4,26200.382022635047,217.22806,0.6072017744235997,1.0186267924453587,1.0,1.0,1.0,13.799929415534166
SE300_FL330,2022-03-01 00:39:00.000000000,-3.41026220591334,46.50177301855226,10058.4,26200.382022635047,217.17009,0.6228679173722292,1.0453321124422015,1.0,1.0,1.0,13.79991870565744
SE300_FL330,2022-03-01 00:40:00.000000000,-3.2425664234872786,46.54748129024899,10058.4,26200.382022635047,217.11647,0.6332944526660688,1.063233406963954,1.0,1.0,1.0,13.799922852412047
SE300_FL330,2022-03-01 00:41:00.000000000,-3.0751334306903266,46.59388656047466,10058.4,26200.382022635047,217.07645,0.6340908759687471,1.0648718127290246,1.0,1.0,1.0,13.800008407530912
SE300_FL330,2022-03-01 00:42:00.000000000,-2.907985546322268,46.641019270999685,10058.4,26200.382022635047,217.05286,0.6337556805704305,1.0644826439472206,1.0,1.0,1.0,13.79999152577942
SE300_FL330,2022-03-01 00:43:00.000000000,-2.74114057917694,46.68889649733604,10058.4,26200.382022635047,217.03596,0.6324993715947044,1.0624987147333804,1.0,1.0,1.0,13.799977274791766
SE300_FL330,2022-03-01 00:44:00.000000000,-2.5746196225871447,46.73754198383629,10058.4,26200.382022635047,217.04037,0.6330309691724988,1.063357939361147,1.0,1.0,1.0,13.799965416219916
SE300_FL330,2022-03-01 00:45:00.000000000,-2.4084444011529893,46.78697905887585,10058.4,26200.382022635047,217.05028,0.6345235279233796,1.0657913218155781,1.0,1.0,1.0,13.799955690405685
SE300_FL330,2022-03-01 00:46:00.000000000,-2.24263725835525,46.83723057208739,10058.4,26200.382022635047,217.05978,0.6367880069033808,1.0695248970011437,1.0,1.0,1.0,13.799947822412035
SE300_FL330,2022-03-01 00:47:00.000000000,-2.077221138921509,46.88831882936984,10058.4,26200.382022635047,217.0728,0.6403541523486853,1.0754153748120718,1.0,1.0,1.0,13.799941528604728
SE300_FL330,2022-03-01 00:48:00.000000000,-1.9122195656143586,46.94026552601405,10058.4,26200.382022635047,217.0667,0.6462190408885817,1.0853114490980453,1.0,1.0,1.0,13.799936523592704
SE300_FL330,2022-03-01 00:49:00.000000000,-1.747656610142675,46.99309167833649,10058.4,26200.382022635047,217.04689,0.6554071239316788,1.1008936609662832,1.0,1.0,1.0,13.799932527317191
SE300_FL330,2022-03-01 00:50:00.000000000,-1.5835568579366146,47.046817554258936,10058.4,26200.382022635047,217.03932,0.665601996134092,1.1180825096468754,1.0,1.0,1.0,13.799929272076493
SE300_FL330,2022-03-01 00:51:00.000000000,-1.41994536657518,47.10146260331857,10058.4,26200.382022635047,217.0348,0.6764467056030287,1.1363319332509183,1.0,1.0,1.0,13.799926509251202
SE300_FL330,2022-03-01 00:52:00.000000000,-1.2568476177121715,47.15704538663485,10058.4,26200.382022635047,217.03679,0.6890305545132288,1.1574543222282057,1.0,1.0,1.0,13.799924015512413
SE300_FL330,2022-03-01 00:53:00.000000000,-1.0942894624114776,47.21358350739827,10058.4,26200.382022635047,217.05956,0.6866182020819501,1.1532192417021667,1.0,1.0,1.0,13.799921598299676
SE300_FL330,2022-03-01 00:54:00.000000000,-0.9322970598757382,47.27109354247939,10058.4,26200.382022635047,217.08002,0.6807692311630943,1.14322879574238,1.0,1.0,1.0,13.799919100366923
SE300_FL330,2022-03-01 00:55:00.000000000,-0.7708968096326502,47.329590975783,10058.4,26200.382022635047,217.09576,0.6680120142857915,1.1216831081365544,1.0,1.0,1.0,13.799916403229442
SE300_FL330,2022-03-01 00:56:00.000000000,-0.6101152773294826,47.38909013399148,10058.4,26200.382022635047,217.08751,0.6411032227442778,1.0765610014714677,1.0,1.0,1.0,13.79991342938298
SE300_FL330,2022-03-01 00:57:00.000000000,-0.4499791143776922,47.44960412535214,10058.4,26200.382022635047,217.0681,0.6189894123526976,1.0395689460065178,1.0,1.0,1.0,13.79991014318596
SE300_FL330,2022-03-01 00:58:00.000000000,-0.2905149717839815,47.51114478216384,10058.4,26200.382022635047,217.02097,0.6073230515338109,1.0203131640729923,1.0,1.0,1.0,13.799906550367
SE300_FL330,2022-03-01 00:59:00.000000000,-0.1317494086006752,47.57372260760951,10058.4,26200.382022635047,216.96568,0.6086616477953772,1.0229589575380762,1.0,1.0,1.0,13.799902696148978
SE300_FL330,2022-03-01 01:00:00.000000000,0.026291204476382772,47.63734672756016,10058.4,26200.382022635047,216.90132,0.6161888794633876,1.0360757074531908,1.0,1.0,1.0,13.799898662049376
SE300_FL330,2022-03-01 01:01:00.000000000,0.1835807857402945,47.702024847945545,10058.4,26200.382022635047,216.7961,0.6403198160612468,1.0774420740820245,1.0,1.0,1.0,13.799894561448786
SE300_FL330,2022-03-01 01:02:00.000000000,0.3400936466257237,47.767763218243296,10058.4,26200.382022635047,216.70113,0.6564606374413627,1.1053324112209457,1.0,1.0,1.0,13.799890534083259
SE300_FL330,2022-03-01 01:03:00.000000000,0.4958045985892688,47.834566601585344,10058.4,26200.382022635047,216.61787,0.6621958967500232,1.1156365426818515,1.0,1.0,1.0,13.799886739660096
SE300_FL330,2022-03-01 01:04:00.000000000,0.6506890618532523,47.90243825191635,10058.4,26200.382022635047,216.54875,0.6759856152306365,1.139414065903773,1.0,1.0,1.0,13.799883350808148
SE300_FL330,2022-03-01 01:05:00.000000000,0.8047231750871445,47.97137989856527,10058.4,26200.382022635047,216.49121,0.68352772783614,1.1525864965517243,1.0,1.0,1.0,13.799880545640207
SE300_FL330,2022-03-01 01:06:00.000000000,0.9578839050532617,48.04139173850947,10058.4,26200.382022635047,216.45207,0.6858947099766934,1.1568920586605296,1.0,1.0,1.0,13.799880297337754
SE300_FL330,2022-03-01 01:07:00.000000000,1.1101490175689515,48.11247259658721,10058.4,26200.382022635047,216.41801,0.6855435054999488,1.15657031839778,1.0,1.0,1.0,13.799955765457092
SE300_FL330,2022-03-01 01:08:00.000000000,1.2614916109520389,48.18462623408982,10058.4,26200.382022635047,216.384,0.6888329195072513,1.1623948040585306,1.0,1.0,1.0,13.799946076537669
SE300_FL330,2022-03-01 01:09:00.000000000,1.4118974565169005,48.25784150407756,10058.4,26200.382022635047,216.34956,0.6806127701339181,1.1487960878129206,1.0,1.0,1.0,13.799936769163452
SE300_FL330,2022-03-01 01:10:00.000000000,1.5613479605795775,48.33211247748483,10058.4,26200.382022635047,216.32277,0.6723033894794743,1.1349810366750206,1.0,1.0,1.0,13.799928078960882
SE300_FL330,2022-03-01 01:11:00.000000000,1.7098258754552036,48.40743177483138,10058.4,26200.382022635047,216.29857,0.6648020664247685,1.1225041693559943,1.0,1.0,1.0,13.799920213907653
SE300_FL330,2022-03-01 01:12:00.000000000,1.8573153869251047,48.48379060616857,10058.4,26200.382022635047,216.27318,0.6559066467964193,1.1076797207764448,1.0,1.0,1.0,13.799913349084349
SE300_FL330,2022-03-01 01:13:00.000000000,2.00380219478423,48.561178817972646,10058.4,26200.382022635047,216.2504,0.6459058689765458,1.0909615727608757,1.0,1.0,1.0,13.799907622724088
SE300_FL330,2022-03-01 01:14:00.000000000,2.1492735857235448,48.63958494650445,10058.4,26200.382022635047,216.27934,0.6375463570716747,1.0766275190624748,1.0,1.0,1.0,13.79990313363142
SE300_FL330,2022-03-01 01:15:00.000000000,2.2937184979011707,48.71899627708127,10058.4,26200.382022635047,216.30261,0.6296909094004223,1.0631912030906203,1.0,1.0,1.0,13.799899939990695
SE300_FL330,2022-03-01 01:16:00.000000000,2.437127576666514,48.79939890864313,10058.4,26200.382022635047,216.33383,0.6200107019397364,1.0466200845265774,1.0,1.0,1.0,13.799898059510873
SE300_FL330,2022-03-01 01:17:00.000000000,2.57949322101926,48.88077782294388,10058.4,26200.382022635047,216.37695,0.6078243238068743,1.0257426030866064,1.0,1.0,1.0,13.799897470818289
SE300_FL330,2022-03-01 01:18:00.000000000,2.7208096205090637,48.96311695765744,10058.4,26200.382022635047,216.43358,0.5926322150778722,0.9997138339065362,1.0,0.0,0.0,13.799898115948379
SE300_FL330,2022-03-01 01:19:00.000000000,2.8610727824072804,49.04639928266274,10058.4,26200.382022635047,216.47885,0.5801803230660337,0.9784025433997557,1.0,0.0,0.0,13.799899903772648
SE300_FL330,2022-03-01 01:20:00.000000000,3.0002805491083504,49.13060687875635,10058.4,26200.382022635047,216.51439,0.5726642863692997,0.965489188401756,1.0,0.0,0.0,13.799902714140295
SE300_FL330,2022-03-01 01:21:00.000000000,3.1384326058413183,49.21572101804042,10058.4,26200.382022635047,216.53905,0.5696646293518548,0.9602689263361754,1.0,0.0,0.0,13.799906402511214
SE300_FL330,2022-03-01 01:22:00.000000000,3.275530478889779,49.30172224524366,10058.4,26200.382022635047,216.54779,0.5704091497533192,0.9614635201618219,1.0,0.0,0.0,13.799910804862314
SE300_FL330,2022-03-01 01:23:00.000000000,3.411577524628558,49.38859045925548,10058.4,26200.382022635047,216.52614,0.573721839341997,0.967192542947358,1.0,0.0,0.0,13.799915742621737
SE300_FL330,2022-03-01 01:24:00.000000000,3.546578909786857,49.47630499418438,10058.4,26200.382022635047,216.50197,0.5767650765530986,0.9724864199238188,1.0,0.0,0.0,13.799921027431493
SE300_FL330,2022-03-01 01:25:00.000000000,3.6805415834364057,49.56484469929377,10058.4,26200.382022635047,216.48016,0.5759761831063568,0.971303587450093,1.0,0.0,0.0,13.799926465539238
SE300_FL330,2022-03-01 01:26:00.000000000,3.813474241281341,49.65418801721622,10058.4,26200.382022635047,216.45413,0.5786306170068011,0.9759563925223323,1.0,0.0,0.0,13.799931861647412
SE300_FL330,2022-03-01 01:27:00.000000000,3.945387282890515,49.74431305990206,10058.4,26200.382022635047,216.42596,0.583531089539506,0.9844118091106906,1.0,0.0,0.0,13.799937022113916
SE300_FL330,2022-03-01 01:28:00.000000000,4.076292762563807,49.83519768181777,10058.4,26200.382022635047,216.4156,0.5822284444084965,0.982288262620877,1.0,0.0,0.0,13.799941757380292
SE300_FL330,2022-03-01 01:29:00.000000000,4.206204334561293,49.92681954997152,10058.4,26200.382022635047,216.4116,0.5794653654678901,0.9776543002551977,1.0,0.0,0.0,13.799945883601017
SE300_FL330,2022-03-01 01:30:00.000000000,4.335137193447722,50.01915621040786,10058.4,26200.382022635047,216.40758,0.578255885949061,0.9756393846596649,1.0,0.0,0.0,13.799949223437263
SE300_FL330,2022-03-01 01:31:00.000000000,4.463108010316069,50.1121851508771,10058.4,26200.382022635047,216.40742,0.5717264320016994,0.9646235530132707,1.0,0.0,0.0,13.79995160605297
SE300_FL330,2022-03-01 01:32:00.000000000,4.590134865652553,50.20588385944899,10058.4,26200.382022635047,216.4095,0.5664222704554944,0.9556602510004417,1.0,0.0,0.0,13.799952866356099
SE300_FL330,2022-03-01 01:33:00.000000000,4.716237179594008,50.300229878900765,10058.4,26200.382022635047,216.41435,0.5631816915440171,0.9501601147711618,1.0,0.0,0.0,13.799952843577072
SE300_FL330,2022-03-01 01:34:00.000000000,4.841435640306324,50.39520085676857,10058.4,26200.382022635047,216.43149,0.5625598624075948,0.9489986921001077,1.0,0.0,0.0,13.799951379286926
SE300_FL330,2022-03-01 01:35:00.000000000,4.965752131182763,50.49077459100485,10058.4,26200.382022635047,216.45143,0.5635664340373024,0.9505650592027818,1.0,0.0,0.0,13.799948314979101
SE300_FL330,2022-03-01 01:36:00.000000000,5.08920965752353,50.58692907123493,10058.4,26200.382022635047,216.4708,0.5684636818845724,0.9586964036311094,1.0,0.0,0.0,13.7999434893709
SE300_FL330,2022-03-01 01:37:00.000000000,5.211832273314692,50.683642515650746,10058.4,26200.382022635047,216.49147,0.5776689628319657,0.974081051785014,1.0,0.0,0.0,13.799936735540259
SE300_FL330,2022-03-01 01:38:00.000000000,5.333645008677116,50.78089340361986,10058.4,26200.382022635047,216.51534,0.5885956310011256,0.9923436088491064,1.0,0.0,0.0,13.79992787807843
SE300_FL330,2022-03-01 01:39:00.000000000,5.454673798505399,50.87866050412251,10058.4,26200.382022635047,216.54259,0.6011161280892725,1.0132605025201533,1.0,1.0,1.0,13.799916730378694
SE300_FL330,2022-03-01 01:40:00.000000000,5.574945412764155,50.97692290015904,10058.4,26200.382022635047,216.56834,0.6127662748805265,1.0327134764823571,1.0,1.0,1.0,13.799909146879337
SE300_FL330,2022-03-01 01:41:00.000000000,5.69448698268002,51.07566027243519,10058.4,26200.382022635047,216.58792,0.6205072333859891,1.0456169909523996,1.0,1.0,1.0,13.800036502008268
SE300_FL330,2022-03-01 01:42:00.000000000,5.813317860079042,51.17485813030892,10058.4,26200.382022635047,216.60739,0.6149337309240525,1.0360847146096617,1.0,1.0,1.0,13.800019343694286
SE300_FL330,2022-03-01 01:43:00.000000000,5.931476383526231,51.274490485820074,10058.4,26200.382022635047,216.62404,0.60377231319008,1.0171641891218495,1.0,1.0,1.0,13.799999557176893
SE300_FL330,2022-03-01 01:44:00.000000000,6.048992146742065,51.37453779717241,10058.4,26200.382022635047,216.63675,0.5961135155813939,1.0041696988736866,1.0,1.0,1.0,13.799976952886416
SE300_FL330,2022-03-01 01:45:00.000000000,6.16589527157801,51.47498090580639,10058.4,26200.382022635047,216.64992,0.5877266265618227,0.9899521678583398,1.0,0.0,0.0,13.799951314976644
SE300_FL330,2022-03-01 01:46:00.000000000,6.282216354420901,51.575801040761654,10058.4,26200.382022635047,216.66309,0.5800966229875658,0.977011881455994,1.0,0.0,0.0,13.799922401731491
SE300_FL330,2022-03-01 01:47:00.000000000,6.397986416102225,51.67697982039795,10058.4,26200.382022635047,216.6859,0.5688781078960493,0.9579639656494024,1.0,0.0,0.0,13.799896422178843
SE300_FL330,2022-03-01 01:48:00.000000000,6.513236540852692,51.77849945999789,10058.4,26200.382022635047,216.71109,0.5572795966026193,0.9382679576373992,1.0,0.0,0.0,13.800070683038491
SE300_FL330,2022-03-01 01:49:00.000000000,6.627989237000202,51.88034855874178,10058.4,26200.382022635047,216.72961,0.5414120704049179,0.9114346617766703,1.0,0.0,0.0,13.800033136164926
SE300_FL330,2022-03-01 01:50:00.000000000,6.7422871098143675,51.982503017475295,10058.4,26200.382022635047,216.75214,0.5249767753946292,0.8836277621870425,1.0,0.0,0.0,13.79999217680041
SE300_FL330,2022-03-01 01:51:00.000000000,6.85616260126879,52.08494594286698,10058.4,26200.382022635047,216.7737,0.49401294860343453,0.8313876174995705,1.0,0.0,0.0,13.799947488517821
SE300_FL330,2022-03-01 01:52:00.000000000,6.9696483812259675,52.187660808917485,10058.4,26200.382022635047,216.79652,0.45941808578287135,0.7730431493300981,1.0,0.0,0.0,13.799898737232269
SE300_FL330,2022-03-01 01:53:00.000000000,7.082777318490884,52.29063144711092,10058.4,26200.382022635047,216.80347,0.4306807901208541,0.7246523696146913,1.0,0.0,0.0,13.800030398716745
SE300_FL330,2022-03-01 01:54:00.000000000,7.19557701404532,52.39384625576109,10058.4,26200.382022635047,216.80916,0.4060355765481045,0.6831578769774409,1.0,0.0,0.0,13.800054345163323
SE300_FL330,2022-03-01 01:55:00.000000000,7.308085257117626,52.49728673117904,10058.4,26200.382022635047,216.81577,0.38126082874447104,0.6414441146792733,1.0,0.0,0.0,13.799996740891372
SE300_FL330,2022-03-01 01:56:00.000000000,7.420338038484323,52.60093580787837,10058.4,26200.382022635047,216.81053,0.36503335248542307,0.6141660875125082,1.0,0.0,0.0,13.799934836100903
SE300_FL330,2022-03-01 01:57:00.000000000,7.532368946100369,52.70477859337681,10058.4,26200.382022635047,216.80411,0.3512560028675787,0.5910106769238243,1.0,0.0,0.0,13.7999107047655
SE300_FL330,2022-03-01 01:58:00.000000000,7.644210999091989,52.80880120769993,10058.4,26200.382022635047,216.80104,0.3414220520897209,0.5744783172108633,1.0,0.0,0.0,13.80009727987662
SE300_FL330,2022-03-01 01:59:00.000000000,7.755895885982359,52.912992453617406,10058.4,26200.382022635047,216.80042,0.3322118591960463,0.5589832052833759,1.0,0.0,0.0,13.800026839405156
SE300_FL330,2022-03-01 02:00:00.000000000,7.867462507785084,53.01733360209722,10058.4,26200.382022635047,216.78511,0.33364601405482636,0.5614563331837138,1.0,0.0,0.0,13.799951817325509
SE300_FL330,2022-03-01 02:01:00.000000000,7.97894493915904,53.12181080944994,10058.4,26200.382022635047,216.78273,0.3331754290995945,0.5606733779775541,1.0,0.0,0.0,13.799878948745755
SE300_FL330,2022-03-01 02:02:00.000000000,8.090377316599858,53.22641053966239,10058.4,26200.382022635047,216.78389,0.3349835947000272,0.5637119012886769,1.0,0.0,0.0,13.80011613732471
SE300_FL330,2022-03-01 02:03:00.000000000,8.201794722995709,53.33112242122278,10058.4,26200.382022635047,216.78395,0.338360023004501,0.5693924923011653,1.0,0.0,0.0,13.800033244616367
SE300_FL330,2022-03-01 02:04:00.000000000,8.313233280726271,53.43592919842136,10058.4,26200.382022635047,216.78706,0.3422782275024181,0.5759746989355924,1.0,0.0,0.0,13.799945514347323
SE300_FL330,2022-03-01 02:05:00.000000000,8.42472747485294,53.54081781028977,10058.4,26200.382022635047,216.79778,0.3427135218754973,0.5766633122705683,1.0,0.0,0.0,13.799915365810826
SE300_FL330,2022-03-01 02:06:00.000000000,8.536312692536393,53.64577571103455,10058.4,26200.382022635047,216.80727,0.34132066058425803,0.5742813439393559,1.0,0.0,0.0,13.80011004309586
SE300_FL330,2022-03-01 02:07:00.000000000,8.648028278660536,53.750790832795516,10058.4,26200.382022635047,216.80836,0.3454863395428488,0.5812859708722885,1.0,0.0,0.0,13.800015304799869
SE300_FL330,2022-03-01 02:08:00.000000000,8.759906477778147,53.85584845500265,10058.4,26200.382022635047,216.81248,0.34624174234755883,0.5825402688125457,1.0,0.0,0.0,13.79991564313486
SE300_FL330,2022-03-01 02:09:00.000000000,8.871982232889263,53.96093601106962,10058.4,26200.382022635047,216.8286,0.34447441547012125,0.5795028626690261,1.0,0.0,0.0,13.800004103946796
SE300_FL330,2022-03-01 02:10:00.000000000,8.984295963690094,54.06604108818969,10058.4,26200.382022635047,216.8355,0.344342590501993,0.5792513915071018,1.0,0.0,0.0,13.800080631551038
SE300_FL330,2022-03-01 02:11:00.000000000,9.096884905918607,54.17115044521283,10058.4,26200.382022635047,216.83043,0.34735367132278794,0.584338549354001,1.0,0.0,0.0,13.799975069909443
SE300_FL330,2022-03-01 02:12:00.000000000,9.20978021803311,54.27625136209472,10058.4,26200.382022635047,216.84152,0.3455368773201798,0.5812378060643774,1.0,0.0,0.0,13.799864842324851
SE300_FL330,2022-03-01 02:13:00.000000000,9.323017438348389,54.38133146507345,10058.4,26200.382022635047,216.82967,0.3487409923787631,0.5866750817676314,1.0,0.0,0.0,13.800132173225244
SE300_FL330,2022-03-01 02:14:00.000000000,9.436648363691544,54.48637655428334,10058.4,26200.382022635047,216.82056,0.35089188344362077,0.5903315886473972,1.0,0.0,0.0,13.800031613689772
SE300_FL330,2022-03-01 02:15:00.000000000,9.550696513269713,54.59137491446518,10058.4,26200.382022635047,216.81331,0.35083061059860077,0.590257301715003,1.0,0.0,0.0,13.799916973248944
SE300_FL330,2022-03-01 02:16:00.000000000,9.665197626195663,54.69631414251662,10058.4,26200.382022635047,216.81207,0.3482353793931933,0.5858965448658615,1.0,0.0,0.0,13.800000285525412
SE300_FL330,2022-03-01 02:17:00.000000000,9.780198569347377,54.80118004346924,10058.4,26200.382022635047,216.8001,0.34951120698047466,0.5880917008156591,1.0,0.0,0.0,13.800086698051244
SE300_FL330,2022-03-01 02:18:00.000000000,9.895738483326229,54.90595917369293,10058.4,26200.382022635047,216.77725,0.3532119803723221,0.5944142401640248,1.0,0.0,0.0,12.396279145510631
SE300_FL330,2022-03-01 02:18:53.897617080,10.0,55.0,10058.4,26200.382022635047,216.77946,0.34812167928555804,0.5858402674499692,1.0,0.0,0.0,0.0
SE150_FL330,2022-03-01 00:00:00.000000000,-10.000000000000002,45.00000000000001,10058.4,26200.382022635047,216.48128,0.6896957243969801,1.1630662267974403,1.0,1.0,1.0,13.800025280721622
SE150_FL330,2022-03-01 00:01:00.000000000,-9.848780362463852,45.06309802296491,10058.4,26200.382022635047,216.51784,0.6936426714009188,1.1694254739941226,1.0,1.0,1.0,13.800023124170625
SE150_FL330,2022-03-01 00:02:00.000000000,-9.69723892593266,45.12601025046198,10058.4,26200.382022635047,216.56929,0.6994434749697604,1.1787853089890787,1.0,1.0,1.0,13.800020919334957
SE150_FL330,2022-03-01 00:03:00.000000000,-9.545386915730079,45.18874995403247,10058.4,26200.382022635047,216.63055,0.7070877960753069,1.1911601207258393,1.0,1.0,1.0,13.80001868361511
SE150_FL330,2022-03-01 00:04:00.000000000,-9.393235477429094,45.251330452726556,10058.4,26200.382022635047,216.68636,0.7142884489738628,1.2028235971270078,1.0,1.0,1.0,13.800016434639819
SE150_FL330,2022-03-01 00:05:00.000000000,-9.240795680594678,45.31376510728148,10058.4,26200.382022635047,216.74968,0.7173415114219033,1.207434245608093,1.0,1.0,1.0,13.800014190107833
SE150_FL330,2022-03-01 00:06:00.000000000,-9.088078522618359,45.376067314269825,10058.4,26200.382022635047,216.79599,0.72251021303985,1.215740998280199,1.0,1.0,1.0,13.800011967625645
SE150_FL330,2022-03-01 00:07:00.000000000,-8.935094932619785,45.43825050019791,10058.4,26200.382022635047,216.83551,0.7239048095436502,1.2177514577148774,1.0,1.0,1.0,13.800009784533726
SE150_FL330,2022-03-01 00:08:00.000000000,-8.78185577539008,45.500328115534025,10058.4,26200.382022635047,216.8651,0.7213909265314417,1.213272956476147,1.0,1.0,1.0,13.80000765772226
SE150_FL330,2022-03-01 00:09:00.000000000,-8.628371855351828,45.56231362864651,10058.4,26200.382022635047,216.87119,0.7161408726407581,1.2043911978338986,1.0,1.0,1.0,13.80000560344844
SE150_FL330,2022-03-01 00:10:00.000000000,-8.474653920510518,45.62422051963216,10058.4,26200.382022635047,216.87419,0.7105293694515972,1.194926782790377,1.0,1.0,1.0,13.800003637143645
SE150_FL330,2022-03-01 00:11:00.000000000,-8.320712666371875,45.68606227401563,10058.4,26200.382022635047,216.86426,0.70492785580654,1.185591868744217,1.0,1.0,1.0,13.800001773220872
SE150_FL330,2022-03-01 00:12:00.000000000,-8.166558739799713,45.74785237630135,10058.4,26200.382022635047,216.82755,0.7046280363001888,1.1853912073562491,1.0,1.0,1.0,13.800000024891407
SE150_FL330,2022-03-01 00:13:00.000000000,-8.012202742788062,45.80960430335971,10058.4,26200.382022635047,216.78474,0.7011837488163433,1.1799488461890175,1.0,1.0,1.0,13.79999840397277
SE150_FL330,2022-03-01 00:14:00.000000000,-7.857655236121768,45.87133151763049,10058.4,26200.382022635047,216.76497,0.6984590247364653,1.175525151704495,1.0,1.0,1.0,13.799996920709697
SE150_FL330,2022-03-01 00:15:00.000000000,-7.702926742899029,45.933047460127014,10058.4,26200.382022635047,216.74008,0.7011621312103242,1.1802804582258426,1.0,1.0,1.0,13.799995583611501
SE150_FL330,2022-03-01 00:16:00.000000000,-7.548027751889124,45.99476554322603,10058.4,26200.382022635047,216.72487,0.7075475960874138,1.1911524699552458,1.0,1.0,1.0,13.799994399289552
SE150_FL330,2022-03-01 00:17:00.000000000,-7.392968720698455,46.05649914322893,10058.4,26200.382022635047,216.78065,0.7069252991879004,1.1896449891156058,1.0,1.0,1.0,13.799993372318367
SE150_FL330,2022-03-01 00:18:00.000000000,-7.237760078717368,46.118261592681485,10058.4,26200.382022635047,216.86168,0.7064066454560215,1.1881008107428015,1.0,1.0,1.0,13.799992505114373
SE150_FL330,2022-03-01 00:19:00.000000000,-7.0824122298204,46.18006617244081,10058.4,26200.382022635047,216.95572,0.7049068009619279,1.1847947413188005,1.0,1.0,1.0,13.799991797836244
SE150_FL330,2022-03-01 00:20:00.000000000,-6.926935554791905,46.241926103479614,10058.4,26200.382022635047,217.05217,0.7020067871892318,1.1791252077864034,1.0,1.0,1.0,13.799991248309139
SE150_FL330,2022-03-01 00:21:00.000000000,-6.771340413449099,46.303854538419465,10058.4,26200.382022635047,217.16429,0.6969249380740415,1.1696679119700015,1.0,1.0,1.0,13.79999085197143
SE150_FL330,2022-03-01 00:22:00.000000000,-6.615637146434141,46.36586455278655,10058.4,26200.382022635047,217.27254,0.6896422904105901,1.1565650093256905,1.0,1.0,1.0,13.79999060186101
SE150_FL330,2022-03-01 00:23:00.000000000,-6.4598360766471385,46.427969135985755,10058.4,26200.382022635047,217.38187,0.6826174401300633,1.1439020156471893,1.0,1.0,1.0,13.799990488621079
SE150_FL330,2022-03-01 00:24:00.000000000,-6.3039475102915645,46.49018118199037,10058.4,26200.382022635047,217.47589,0.6791945709453177,1.137408432716693,1.0,1.0,1.0,13.799990500548963
SE150_FL330,2022-03-01 00:25:00.000000000,-6.147981737503878,46.552513479747134,10058.4,26200.382022635047,217.55022,0.6793704456807712,1.1371080735966703,1.0,1.0,1.0,13.799990623666508
SE150_FL330,2022-03-01 00:26:00.000000000,-5.991949032539317,46.6149787032986,10058.4,26200.382022635047,217.60591,0.6827762689807593,1.142356774637587,1.0,1.0,1.0,13.799990841836957
SE150_FL330,2022-03-01 00:27:00.000000000,-5.835859653486246,46.67758940162737,10058.4,26200.382022635047,217.59196,0.6899048866592805,1.1543970859327262,1.0,1.0,1.0,13.799991136910966
SE150_FL330,2022-03-01 00:28:00.000000000,-5.679723841481787,46.740357988228865,10058.4,26200.382022635047,217.56235,0.6956797752189933,1.1643058400960193,1.0,1.0,1.0,13.799991488902345
SE150_FL330,2022-03-01 00:29:00.000000000,-5.523551819402239,46.80329673042195,10058.4,26200.382022635047,217.51363,0.6985810609039461,1.1695634114301001,1.0,1.0,1.0,13.799991876206876
SE150_FL330,2022-03-01 00:30:00.000000000,-5.367353790002575,46.86641773840963,10058.4,26200.382022635047,217.44774,0.6956172032019466,1.1651458606799043,1.0,1.0,1.0,13.799992275841205
SE150_FL330,2022-03-01 00:31:00.000000000,-5.2111399334805135,46.92973295410445,10058.4,26200.382022635047,217.37857,0.690404970185786,1.1569801116953276,1.0,1.0,1.0,13.799992663719705
SE150_FL330,2022-03-01 00:32:00.000000000,-5.05492040444159,46.993254139735846,10058.4,26200.382022635047,217.3065,0.681251678024316,1.142218736552147,1.0,1.0,1.0,13.799993014953047
SE150_FL330,2022-03-01 00:33:00.000000000,-4.89870532824359,47.05699286626,10058.4,26200.382022635047,217.23463,0.6696537273266743,1.1233449666136495,1.0,1.0,1.0,13.799993304171764
SE150_FL330,2022-03-01 00:34:00.000000000,-4.7425047966999045,47.12096050159472,10058.4,26200.382022635047,217.16096,0.6572530735333305,1.1031127153465488,1.0,1.0,1.0,13.79999350586429
SE150_FL330,2022-03-01 00:35:00.000000000,-4.586328863123924,47.185168198705355,10058.4,26200.382022635047,217.09296,0.6469170980052344,1.0862821517307082,1.0,1.0,1.0,13.799993594737066
SE150_FL330,2022-03-01 00:36:00.000000000,-4.430187536698249,47.24962688356991,10058.4,26200.382022635047,217.03171,0.6407637816722183,1.0764152916961591,1.0,1.0,1.0,13.799993546077733
SE150_FL330,2022-03-01 00:37:00.000000000,-4.274090776155365,47.31434724305453,10058.4,26200.382022635047,216.98688,0.6422851429190616,1.0793071017426585,1.0,1.0,1.0,13.799993336121352
SE150_FL330,2022-03-01 00:38:00.000000000,-4.118048482758973,47.37933971273268,10058.4,26200.382022635047,216.93517,0.6443364518923034,1.0831484366298474,1.0,1.0,1.0,13.799992942424828
SE150_FL330,2022-03-01 00:39:00.000000000,-3.9620704925782735,47.44461446468435,10058.4,26200.382022635047,216.88705,0.6471084928177949,1.088173634036934,1.0,1.0,1.0,13.7999923442172
SE150_FL330,2022-03-01 00:40:00.000000000,-3.806166568050712,47.510181395313246,10058.4,26200.382022635047,216.84573,0.6471375325298019,1.088537753201237,1.0,1.0,1.0,13.799991522756148
SE150_FL330,2022-03-01 00:41:00.000000000,-3.6503463888319807,47.57605011322245,10058.4,26200.382022635047,216.80487,0.6457491097936241,1.086511608223095,1.0,1.0,1.0,13.799990461647935
SE150_FL330,2022-03-01 00:42:00.000000000,-3.4946195419363453,47.64222992719104,10058.4,26200.382022635047,216.77748,0.6434331553346248,1.082821276761544,1.0,1.0,1.0,13.799989147153058
SE150_FL330,2022-03-01 00:43:00.000000000,-3.3389955111735663,47.708729834295355,10058.4,26200.382022635047,216.76341,0.6382059714980615,1.074129073413079,1.0,1.0,1.0,13.79998756845803
SE150_FL330,2022-03-01 00:44:00.000000000,-3.1834836658934074,47.775558508220634,10058.4,26200.382022635047,216.73836,0.6335039015019946,1.0663997780666077,1.0,1.0,1.0,13.79998571790615
SE150_FL330,2022-03-01 00:45:00.000000000,-3.0280932490527612,47.84272428780939,10058.4,26200.382022635047,216.69908,0.6302568894345738,1.0612245805580567,1.0,1.0,1.0,13.799983591199357
SE150_FL330,2022-03-01 00:46:00.000000000,-2.872833364624784,47.91023516589412,10058.4,26200.382022635047,216.65883,0.6290237071881287,1.0594448903065041,1.0,1.0,1.0,13.799981187540997
SE150_FL330,2022-03-01 00:47:00.000000000,-2.7177129643741873,47.97809877846222,10058.4,26200.382022635047,216.61772,0.6288194170470499,1.059404210712942,1.0,1.0,1.0,13.799978509741795
SE150_FL330,2022-03-01 00:48:00.000000000,-2.562740834027267,48.046322394201255,10058.4,26200.382022635047,216.57089,0.6318316229893317,1.064827789895954,1.0,1.0,1.0,13.799975564268491
SE150_FL330,2022-03-01 00:49:00.000000000,-2.407925578869879,48.11491290447256,10058.4,26200.382022635047,216.53021,0.6345982982009822,1.0697907754584237,1.0,1.0,1.0,13.799972361242325
SE150_FL330,2022-03-01 00:50:00.000000000,-2.2532756088113697,48.18387681376056,10058.4,26200.382022635047,216.49118,0.637305529232244,1.0746443805449744,1.0,1.0,1.0,13.799968914382415
SE150_FL330,2022-03-01 00:51:00.000000000,-2.0987991229566814,48.25322023064404,10058.4,26200.382022635047,216.44627,0.6405453240596242,1.0804444218653517,1.0,1.0,1.0,13.799965240897679
SE150_FL330,2022-03-01 00:52:00.000000000,-1.9445040937337181,48.3229488593347,10058.4,26200.382022635047,216.38956,0.6470747335706116,1.0918861757349465,1.0,1.0,1.0,13.799961361323575
SE150_FL330,2022-03-01 00:53:00.000000000,-1.7903982506269553,48.393067991826065,10058.4,26200.382022635047,216.30426,0.6604008061239075,1.115028775386448,1.0,1.0,1.0,13.799957299309654
SE150_FL330,2022-03-01 00:54:00.000000000,-1.6364890635725675,48.46358250069396,10058.4,26200.382022635047,216.22359,0.6732758034716384,1.137399808835867,1.0,1.0,1.0,13.799953081365691
SE150_FL330,2022-03-01 00:55:00.000000000,-1.482783726073991,48.534496832587074,10058.4,26200.382022635047,216.14009,0.685132493025882,1.1580959405464581,1.0,1.0,1.0,13.799948736550181
SE150_FL330,2022-03-01 00:56:00.000000000,-1.3292891381006948,48.60581500244348,10058.4,26200.382022635047,216.08488,0.694460877128223,1.1743113338529059,1.0,1.0,1.0,13.79996224359886
SE150_FL330,2022-03-01 00:57:00.000000000,-1.176012199022902,48.677541157964725,10058.4,26200.382022635047,216.0652,0.7005050012713813,1.1846909660512261,1.0,1.0,1.0,13.800015850398514
SE150_FL330,2022-03-01 00:58:00.000000000,-1.022959909011004,48.74967973493967,10058.4,26200.382022635047,216.08975,0.7041327875948703,1.1906233898818517,1.0,1.0,1.0,13.800011280819982
SE150_FL330,2022-03-01 00:59:00.000000000,-0.8701372214611162,48.82223162470867,10058.4,26200.382022635047,216.14,0.7091874337418349,1.198757432463839,1.0,1.0,1.0,13.800006501605102
SE150_FL330,2022-03-01 01:00:00.000000000,-0.7175496815727354,48.89519906140205,10058.4,26200.382022635047,216.19266,0.7157046087063524,1.2093348942198077,1.0,1.0,1.0,13.800001555312974
SE150_FL330,2022-03-01 01:01:00.000000000,-0.5652024537904219,48.96858383001156,10058.4,26200.382022635047,216.24832,0.7229227954229613,1.2210656632850005,1.0,1.0,1.0,13.79999648581086
SE150_FL330,2022-03-01 01:02:00.000000000,-0.4131003048958678,49.04238726558329,10058.4,26200.382022635047,216.28323,0.7261280654115351,1.2261821525934362,1.0,1.0,1.0,13.799991337765992
SE150_FL330,2022-03-01 01:03:00.000000000,-0.2612475873906203,49.116610253279745,10058.4,26200.382022635047,216.30441,0.7252959477243285,1.224599334286454,1.0,1.0,1.0,13.7999861561264
SE150_FL330,2022-03-01 01:04:00.000000000,-0.1096482232436474,49.1912532293119,10058.4,26200.382022635047,216.30013,0.7190433474363296,1.214076131685949,1.0,1.0,1.0,13.799980985617015
SE150_FL330,2022-03-01 01:05:00.000000000,0.041694311923352705,49.266316182737384,10058.4,26200.382022635047,216.29057,0.6970494305215021,1.1770196267662538,1.0,1.0,1.0,13.799975870245795
SE150_FL330,2022-03-01 01:06:00.000000000,0.19277700414136667,49.341798658116055,10058.4,26200.382022635047,216.28204,0.6454929262633021,1.0900295038923284,1.0,1.0,1.0,13.799970852837674
SE150_FL330,2022-03-01 01:07:00.000000000,0.3435973158213465,49.41769975900875,10058.4,26200.382022635047,216.27214,0.6065472398236756,1.0243327274005716,1.0,1.0,1.0,13.79996597459641
SE150_FL330,2022-03-01 01:08:00.000000000,0.49415319983679507,49.49401815230074,10058.4,26200.382022635047,216.2638,0.5796116773170278,0.9788968607456304,1.0,0.0,0.0,13.799961274703167
SE150_FL330,2022-03-01 01:09:00.000000000,0.6444431128990113,49.5707520733261,10058.4,26200.382022635047,216.23694,0.5752379181175842,0.9716907446723789,1.0,0.0,0.0,13.799956789951366
SE150_FL330,2022-03-01 01:10:00.000000000,0.7944660281656921,49.647899331764975,10058.4,26200.382022635047,216.20795,0.577439992729593,0.9756053900936712,1.0,0.0,0.0,13.799952554435153
SE150_FL330,2022-03-01 01:11:00.000000000,0.9442214470284372,49.72545731828128,10058.4,26200.382022635047,216.17538,0.5891079060224048,0.9955427085908664,1.0,0.0,0.0,13.799948599276675
SE150_FL330,2022-03-01 01:12:00.000000000,1.0937094100288882,49.803423011864275,10058.4,26200.382022635047,216.12282,0.6092276558564169,1.0299165599351667,1.0,1.0,1.0,13.79994495241215
SE150_FL330,2022-03-01 01:13:00.000000000,1.2429305068591834,49.8817929878337,10058.4,26200.382022635047,216.07037,0.6283925386368872,1.0626965382352516,1.0,1.0,1.0,13.799943970232082
SE150_FL330,2022-03-01 01:14:00.000000000,1.391885839203061,49.9605634958069,10058.4,26200.382022635047,216.02003,0.6393075703655651,1.08153188624102,1.0,1.0,1.0,13.800018164069398
SE150_FL330,2022-03-01 01:15:00.000000000,1.5405756538199646,50.039732525500625,10058.4,26200.382022635047,215.97227,0.6490559244525145,1.098380173496196,1.0,1.0,1.0,13.800012779561797
SE150_FL330,2022-03-01 01:16:00.000000000,1.689003811745885,50.119293133097386,10058.4,26200.382022635047,215.93164,0.6562481582667975,1.1108637003848647,1.0,1.0,1.0,13.800007711970267
SE150_FL330,2022-03-01 01:17:00.000000000,1.8371731915099507,50.19924036232172,10058.4,26200.382022635047,215.92117,0.6577153909762083,1.1134263651003902,1.0,1.0,1.0,13.800002984178791
SE150_FL330,2022-03-01 01:18:00.000000000,1.985087255414262,50.279568902342035,10058.4,26200.382022635047,215.92018,0.6577694465827526,1.113525949539957,1.0,1.0,1.0,13.79999861501331
SE150_FL330,2022-03-01 01:19:00.000000000,2.1327500533276282,50.36027309878075,10058.4,26200.382022635047,215.92314,0.6582159223721787,1.1142566574690012,1.0,1.0,1.0,13.799994619263725
SE150_FL330,2022-03-01 01:20:00.000000000,2.2801662254169526,50.44134696502648,10058.4,26200.382022635047,215.9352,0.6590186716902363,1.1155232757380071,1.0,1.0,1.0,13.799991007751949
SE150_FL330,2022-03-01 01:21:00.000000000,2.4273410038207826,50.52278419379153,10058.4,26200.382022635047,215.94307,0.6613502547976465,1.1194098278160545,1.0,1.0,1.0,13.799987787443316
SE150_FL330,2022-03-01 01:22:00.000000000,2.5742802132739526,50.604578168858964,10058.4,26200.382022635047,215.93661,0.6641482186349529,1.1241957433944505,1.0,1.0,1.0,13.799984961591031
SE150_FL330,2022-03-01 01:23:00.000000000,2.720990270699007,50.686721976962986,10058.4,26200.382022635047,215.92381,0.6671785753749402,1.1294260365699254,1.0,1.0,1.0,13.79998252990439
SE150_FL330,2022-03-01 01:24:00.000000000,2.8674781837846655,50.769208419747585,10058.4,26200.382022635047,215.90656,0.6689798399473288,1.1326088319364787,1.0,1.0,1.0,13.79998048874809
SE150_FL330,2022-03-01 01:25:00.000000000,3.013751548576857,50.85203002574966,10058.4,26200.382022635047,215.88605,0.6705899183062846,1.135493563940851,1.0,1.0,1.0,13.799978831356217
SE150_FL330,2022-03-01 01:26:00.000000000,3.1598185461124664,50.935179062353996,10058.4,26200.382022635047,215.85837,0.6672411846026903,1.1300376667618561,1.0,1.0,1.0,13.79997754806047
SE150_FL330,2022-03-01 01:27:00.000000000,3.3056879381298114,51.0186475476696,10058.4,26200.382022635047,215.82826,0.6622884191551611,1.1218820788736463,1.0,1.0,1.0,13.799976626528416
SE150_FL330,2022-03-01 01:28:00.000000000,3.451369061894234,51.10242726227889,10058.4,26200.382022635047,215.78699,0.6560991168291841,1.1117092188650255,1.0,1.0,1.0,13.799976052009184
SE150_FL330,2022-03-01 01:29:00.000000000,3.596871824179734,51.18650976081355,10058.4,26200.382022635047,215.74533,0.6491149315626256,1.1001866794472224,1.0,1.0,1.0,13.79997580757543
SE150_FL330,2022-03-01 01:30:00.000000000,3.7422066944510983,51.27088638331356,10058.4,26200.382022635047,215.70674,0.6414251535857923,1.0874422668603603,1.0,1.0,1.0,13.799975874366709
SE150_FL330,2022-03-01 01:31:00.000000000,3.8873846972928505,51.35554826632859,10058.4,26200.382022635047,215.69737,0.6369975997282673,1.0800055939360556,1.0,1.0,1.0,13.799976231823901
SE150_FL330,2022-03-01 01:32:00.000000000,4.032417404133353,51.44048635372388,10058.4,26200.382022635047,215.69492,0.6320204268027965,1.0715830952306404,1.0,1.0,1.0,13.799976857923344
SE150_FL330,2022-03-01 01:33:00.000000000,4.17731692431389,51.525691407155904,10058.4,26200.382022635047,215.70485,0.6259290354843094,1.0611849276414869,1.0,1.0,1.0,13.79997772939002
SE150_FL330,2022-03-01 01:34:00.000000000,4.322095895553423,51.611154016185885,10058.4,26200.382022635047,215.72952,0.6182111000524192,1.0479222186108474,1.0,1.0,1.0,13.799978821916332
SE150_FL330,2022-03-01 01:35:00.000000000,4.466767473859694,51.69686460800298,10058.4,26200.382022635047,215.76819,0.6094006868714372,1.0327146500534148,1.0,1.0,1.0,13.79998011034861
SE150_FL330,2022-03-01 01:36:00.000000000,4.61134532293813,51.78281345673147,10058.4,26200.382022635047,215.81007,0.6028262504538924,1.0212812543554004,1.0,1.0,1.0,13.799981568886242
SE150_FL330,2022-03-01 01:37:00.000000000,4.755843603148792,51.86899069230014,10058.4,26200.382022635047,215.84642,0.5968668268345362,1.010935111039143,1.0,1.0,1.0,13.79998317125147
SE150_FL330,2022-03-01 01:38:00.000000000,4.9002769600611895,51.95538630885467,10058.4,26200.382022635047,215.88806,0.5923690640779322,1.0030285851365313,1.0,1.0,1.0,13.799984890852482
SE150_FL330,2022-03-01 01:39:00.000000000,5.044660512655349,52.041990172697254,10058.4,26200.382022635047,215.91963,0.5920112728693768,1.0022085092083666,1.0,1.0,1.0,13.799986700946327
SE150_FL330,2022-03-01 01:40:00.000000000,5.189009841215732,52.12879202974077,10058.4,26200.382022635047,215.94005,0.5978022014098116,1.0118686793033236,1.0,1.0,1.0,13.799988574784994
SE150_FL330,2022-03-01 01:41:00.000000000,5.33334097496334,52.2157815124673,10058.4,26200.382022635047,215.96158,0.6042214422848404,1.0225857115091652,1.0,1.0,1.0,13.799990485753726
SE150_FL330,2022-03-01 01:42:00.000000000,5.477670379467894,52.30294814638437,10058.4,26200.382022635047,215.98499,0.6100868187665258,1.0323461045592361,1.0,1.0,1.0,13.799992407510803
SE150_FL330,2022-03-01 01:43:00.000000000,5.622014943881001,52.390281355974025,10058.4,26200.382022635047,216.00327,0.6148438615767767,1.040262158030938,1.0,1.0,1.0,13.79999431411892
SE150_FL330,2022-03-01 01:44:00.000000000,5.766391968026885,52.477770470133564,10058.4,26200.382022635047,216.01851,0.6180633773023197,1.0456024514769822,1.0,1.0,1.0,13.799996180175784
SE150_FL330,2022-03-01 01:45:00.000000000,5.910819149385742,52.565404727108,10058.4,26200.382022635047,216.04724,0.6155053149713111,1.0410701265363602,1.0,1.0,1.0,13.799997980946767
SE150_FL330,2022-03-01 01:46:00.000000000,6.055314570000713,52.65317327891751,10058.4,26200.382022635047,216.07668,0.6128781622484726,1.0364148563881044,1.0,1.0,1.0,13.799999692491834
SE150_FL330,2022-03-01 01:47:00.000000000,6.19989668333652,52.74106519528474,10058.4,26200.382022635047,216.11415,0.6085667861570773,1.0288595643464802,1.0,1.0,1.0,13.80000129179735
SE150_FL330,2022-03-01 01:48:00.000000000,6.344584301114556,52.829069467069175,10058.4,26200.382022635047,216.1579,0.5973719534206449,1.0096303599656271,1.0,1.0,1.0,13.800002756917273
SE150_FL330,2022-03-01 01:49:00.000000000,6.48939658014588,52.91717500921703,10058.4,26200.382022635047,216.20192,0.586359687593403,0.99071698249904,1.0,0.0,0.0,13.800004067102952
SE150_FL330,2022-03-01 01:50:00.000000000,6.634353009179616,53.00537066323756,10058.4,26200.382022635047,216.24767,0.5760230713933139,0.9729461182971604,1.0,0.0,0.0,13.80000520294991
SE150_FL330,2022-03-01 01:51:00.000000000,6.779473395781127,53.09364519921752,10058.4,26200.382022635047,216.29254,0.5670154144680463,0.9574337329730316,1.0,0.0,0.0,13.800006146536646
SE150_FL330,2022-03-01 01:52:00.000000000,6.924777853250975,53.18198731738731,10058.4,26200.382022635047,216.32811,0.5426466368059454,0.9160617738148219,1.0,0.0,0.0,13.80000688157544
SE150_FL330,2022-03-01 01:53:00.000000000,7.070286787591492,53.270385649253456,10058.4,26200.382022635047,216.36221,0.5239482136758463,0.884287388428777,1.0,0.0,0.0,13.800007393558275
SE150_FL330,2022-03-01 01:54:00.000000000,7.216020884525191,53.35882875831312,10058.4,26200.382022635047,216.39642,0.5104792755155659,0.8613513035113481,1.0,0.0,0.0,13.800007669900015
SE150_FL330,2022-03-01 01:55:00.000000000,7.3620010965652085,53.44730514036748,10058.4,26200.382022635047,216.42949,0.49165562611902885,0.8294000235668674,1.0,0.0,0.0,13.800007700096462
SE150_FL330,2022-03-01 01:56:00.000000000,7.508248630134886,53.53580322345174,10058.4,26200.382022635047,216.46211,0.4685251670458243,0.7902009764105798,1.0,0.0,0.0,13.800007475854803
SE150_FL330,2022-03-01 01:57:00.000000000,7.654784932730397,53.62431136740005,10058.4,26200.382022635047,216.48833,0.44860444519859616,0.7564654908396405,1.0,0.0,0.0,13.800006991241453
SE150_FL330,2022-03-01 01:58:00.000000000,7.801631680117048,53.712817863064856,10058.4,26200.382022635047,216.515,0.429683890699404,0.724427196275757,1.0,0.0,0.0,13.800006242806354
SE150_FL330,2022-03-01 01:59:00.000000000,7.948810763547113,53.80131093121019,10058.4,26200.382022635047,216.54591,0.40845145976144814,0.6884810122268181,1.0,0.0,0.0,13.800005229709964
SE150_FL330,2022-03-01 02:00:00.000000000,8.096344276983887,53.889778721099525,10058.4,26200.382022635047,216.56975,0.393260649758426,0.6627675872055608,1.0,0.0,0.0,13.800003953824296
SE150_FL330,2022-03-01 02:01:00.000000000,8.244254504314016,53.97820930879907,10058.4,26200.382022635047,216.58995,0.38264957872344574,0.644793851089205,1.0,0.0,0.0,13.80000241982998
SE150_FL330,2022-03-01 02:02:00.000000000,8.392563906527803,54.06659069521786,10058.4,26200.382022635047,216.62032,0.3680486191353699,0.6200579922534721,1.0,0.0,0.0,13.800000635287429
SE150_FL330,2022-03-01 02:03:00.000000000,8.541295108844203,54.15491080390644,10058.4,26200.382022635047,216.65114,0.35510520820732977,0.5981252966705581,1.0,0.0,0.0,13.79999861068731
SE150_FL330,2022-03-01 02:04:00.000000000,8.690470887755579,54.24315747863636,10058.4,26200.382022635047,216.68852,0.3476038472096993,0.585338726790365,1.0,0.0,0.0,13.799996359482744
SE150_FL330,2022-03-01 02:05:00.000000000,8.840114157964688,54.3313184807831,10058.4,26200.382022635047,216.70709,0.3485794876490112,0.5869048851755051,1.0,0.0,0.0,13.799993898086694
SE150_FL330,2022-03-01 02:06:00.000000000,8.990247959184734,54.41938148653517,10058.4,26200.382022635047,216.73267,0.34547367152241715,0.5815725065703006,1.0,0.0,0.0,13.799991245846577
SE150_FL330,2022-03-01 02:07:00.000000000,9.140895442771445,54.50733408395296,10058.4,26200.382022635047,216.75505,0.34456641237463154,0.5799542829039902,1.0,0.0,0.0,13.799988424983786
SE150_FL330,2022-03-01 02:08:00.000000000,9.292079858154782,54.595163769900566,10058.4,26200.382022635047,216.76375,0.3480728292683521,0.5858215131515953,1.0,0.0,0.0,13.799985460504125
SE150_FL330,2022-03-01 02:09:00.000000000,9.443824539036145,54.682857946874975,10058.4,26200.382022635047,216.77924,0.34581700184486863,0.5819609048148399,1.0,0.0,0.0,13.79998238006007
SE150_FL330,2022-03-01 02:10:00.000000000,9.596152889316482,54.770403919756546,10058.4,26200.382022635047,216.79358,0.34358181086559475,0.5781415438601558,1.0,0.0,0.0,13.799979213805697
SE150_FL330,2022-03-01 02:11:00.000000000,9.749088368719127,54.85778889250587,10058.4,26200.382022635047,216.78859,0.3488676547703192,0.5870565290556771,1.0,0.0,0.0,13.79997599417574
SE150_FL330,2022-03-01 02:12:00.000000000,9.902654478070929,54.944999964831716,10058.4,26200.382022635047,216.78404,0.35065539260786627,0.5900837203090615,1.0,0.0,0.0,8.71787688339356
SE150_FL330,2022-03-01 02:12:37.904240283,10.0,55.0,10058.4,26200.382022635047,216.79686,0.346035255508847,0.5822570932951432,1.0,0.0,0.0,0.0
GC0_FL330,2022-03-01 00:00:00.000000000,-10.000000000000002,45.00000000000001,10058.4,26200.382022635047,216.48128,0.6896957243969801,1.1630662267974403,1.0,1.0,1.0,13.800031261260088
GC0_FL330,2022-03-01 00:01:00.000000000,-9.876312021826006,45.08811854334467,10058.4,26200.382022635047,216.49341,0.6919620431825209,1.1667911528300556,1.0,1.0,1.0,13.800027623894355
GC0_FL330,2022-03-01 00:02:00.000000000,-9.752242252140906,45.176103215944366,10058.4,26200.382022635047,216.51826,0.6956797850518242,1.1728562127346733,1.0,1.0,1.0,13.800023933454368
GC0_FL330,2022-03-01 00:03:00.000000000,-9.627788920452794,45.263953191638386,10058.4,26200.382022635047,216.55713,0.7010254214362555,1.1815516763464804,1.0,1.0,1.0,13.800020189682812
GC0_FL330,2022-03-01 00:04:00.000000000,-9.5029502525583,45.351667639156055,10058.4,26200.382022635047,216.61243,0.7024844288158113,1.1835523946556796,1.0,1.0,1.0,13.800016392336534
GC0_FL330,2022-03-01 00:05:00.000000000,-9.377724470626134,45.439245722091066,10058.4,26200.382022635047,216.65607,0.7028986578579632,1.183892190527826,1.0,1.0,1.0,13.800012541176311
GC0_FL330,2022-03-01 00:06:00.000000000,-9.252109793282935,45.52668659887586,10058.4,26200.382022635047,216.70491,0.7019039953397361,1.1818143006127009,1.0,1.0,1.0,13.800008635971807
GC0_FL330,2022-03-01 00:07:00.000000000,-9.126104435701345,45.613989422756205,10058.4,26200.382022635047,216.76184,0.6983625738869038,1.17538648879944,1.0,1.0,1.0,13.800004676501466
GC0_FL330,2022-03-01 00:08:00.000000000,-8.999706609690397,45.701153341765824,10058.4,26200.382022635047,216.81113,0.6917013430969767,1.1637786811040085,1.0,1.0,1.0,13.800000662551579
GC0_FL330,2022-03-01 00:09:00.000000000,-8.872914523788092,45.7881774987011,10058.4,26200.382022635047,216.81871,0.6810450046854526,1.1457860431461042,1.0,1.0,1.0,13.799996593917113
GC0_FL330,2022-03-01 00:10:00.000000000,-8.745726383356452,45.87506103109597,10058.4,26200.382022635047,216.82364,0.6677555534729497,1.1233897998843738,1.0,1.0,1.0,13.799992470403737
GC0_FL330,2022-03-01 00:11:00.000000000,-8.618140390678803,45.96180307119685,10058.4,26200.382022635047,216.79263,0.6591798952772893,1.1092009739476247,1.0,1.0,1.0,13.799988291825057
GC0_FL330,2022-03-01 00:12:00.000000000,-8.490154745059604,46.04840274593778,10058.4,26200.382022635047,216.72784,0.6546154834498874,1.1020200963876168,1.0,1.0,1.0,13.799984058004643
GC0_FL330,2022-03-01 00:13:00.000000000,-8.36176764292664,46.13485917691566,10058.4,26200.382022635047,216.65211,0.6526655476126669,1.09931558219931,1.0,1.0,1.0,13.799979768777922
GC0_FL330,2022-03-01 00:14:00.000000000,-8.232977277935733,46.22117148036564,10058.4,26200.382022635047,216.55855,0.6539209632274928,1.1021478962439448,1.0,1.0,1.0,13.79997542398953
GC0_FL330,2022-03-01 00:15:00.000000000,-8.103781841077932,46.30733876713662,10058.4,26200.382022635047,216.48094,0.659978867388527,1.1129569861164919,1.0,1.0,1.0,13.799971023496427
GC0_FL330,2022-03-01 00:16:00.000000000,-7.974179520789293,46.39336014266697,10058.4,26200.382022635047,216.41757,0.6693501610287369,1.1292565009986997,1.0,1.0,1.0,13.799966567164596
GC0_FL330,2022-03-01 00:17:00.000000000,-7.844168503063274,46.47923470696041,10058.4,26200.382022635047,216.3892,0.6784481819681613,1.1448291137094821,1.0,1.0,1.0,13.8000335506074
GC0_FL330,2022-03-01 00:18:00.000000000,-7.713744387039283,46.56496062297613,10058.4,26200.382022635047,216.39343,0.6838092563685969,1.153842192987717,1.0,1.0,1.0,13.800029833224963
GC0_FL330,2022-03-01 00:19:00.000000000,-7.582907908106713,46.65053789712994,10058.4,26200.382022635047,216.42726,0.6868093184356518,1.1586339517669375,1.0,1.0,1.0,13.800025836216795
GC0_FL330,2022-03-01 00:20:00.000000000,-7.451657253716138,46.73596561579989,10058.4,26200.382022635047,216.46965,0.6895177805023524,1.1628592213531934,1.0,1.0,1.0,13.800021784046535
GC0_FL330,2022-03-01 00:21:00.000000000,-7.319990601234423,46.82124285691214,10058.4,26200.382022635047,216.56044,0.6864263231035274,1.1569196784372426,1.0,1.0,1.0,13.800017676565119
GC0_FL330,2022-03-01 00:22:00.000000000,-7.187906126190921,46.90636869283971,10058.4,26200.382022635047,216.66899,0.6785873623877182,1.1428461252896607,1.0,1.0,1.0,13.800013513633964
GC0_FL330,2022-03-01 00:23:00.000000000,-7.0554020024062,46.99134219037952,10058.4,26200.382022635047,216.79118,0.6669282923211416,1.1222549987665849,1.0,1.0,1.0,13.800009295126483
GC0_FL330,2022-03-01 00:24:00.000000000,-6.922476402123702,47.07616241072962,10058.4,26200.382022635047,216.94756,0.6498622884650865,1.0923391502666462,1.0,1.0,1.0,13.800005020927465
GC0_FL330,2022-03-01 00:25:00.000000000,-6.789127496144292,47.16082840946671,10058.4,26200.382022635047,217.09465,0.6332729512855445,1.0633616677780464,1.0,1.0,1.0,13.800000690938065
GC0_FL330,2022-03-01 00:26:00.000000000,-6.655353453963729,47.24533923652389,10058.4,26200.382022635047,217.20255,0.6240635010224379,1.0471021259469675,1.0,1.0,1.0,13.799996305067978
GC0_FL330,2022-03-01 00:27:00.000000000,-6.521152443913118,47.32969393616862,10058.4,26200.382022635047,217.30988,0.6170888737988258,1.034619146752138,1.0,1.0,1.0,13.799991863244522
GC0_FL330,2022-03-01 00:28:00.000000000,-6.386522633302341,47.41389154698097,10058.4,26200.382022635047,217.37091,0.6135668650626545,1.0282726662487132,1.0,1.0,1.0,13.799987365406142
GC0_FL330,2022-03-01 00:29:00.000000000,-6.251462188566615,47.49793110183218,10058.4,26200.382022635047,217.38055,0.6147656210130807,1.030208641403077,1.0,1.0,1.0,13.79998281150992
GC0_FL330,2022-03-01 00:30:00.000000000,-6.1159692754160595,47.58181162786344,10058.4,26200.382022635047,217.38051,0.6170667297166084,1.0340651475688374,1.0,1.0,1.0,13.799978201523881
GC0_FL330,2022-03-01 00:31:00.000000000,-5.980042058988454,47.66553214646499,10058.4,26200.382022635047,217.36018,0.6199561180296601,1.039056789330626,1.0,1.0,1.0,13.799973535432741
GC0_FL330,2022-03-01 00:32:00.000000000,-5.84367870400512,47.74909167325553,10058.4,26200.382022635047,217.29303,0.6210785522318101,1.0414301878650398,1.0,1.0,1.0,13.799968813237534
GC0_FL330,2022-03-01 00:33:00.000000000,-5.70687737493005,47.832489218061895,10058.4,26200.382022635047,217.22495,0.6252362594458971,1.0489062644186198,1.0,1.0,1.0,13.799964034957233
GC0_FL330,2022-03-01 00:34:00.000000000,-5.569636236132259,47.91572378489917,10058.4,26200.382022635047,217.15657,0.6276498626166763,1.0534605997647122,1.0,1.0,1.0,13.800035855280361
GC0_FL330,2022-03-01 00:35:00.000000000,-5.431950681045849,47.9987933410855,10058.4,26200.382022635047,217.07816,0.6292143259315404,1.0566664845711597,1.0,1.0,1.0,13.80003208062314
GC0_FL330,2022-03-01 00:36:00.000000000,-5.2938216052343305,48.08169789082298,10058.4,26200.382022635047,216.99448,0.6342668005577421,1.0657758775727748,1.0,1.0,1.0,13.800027766635571
GC0_FL330,2022-03-01 00:37:00.000000000,-5.155247191271525,48.164436426955106,10058.4,26200.382022635047,216.91743,0.6364457874540325,1.070017490567493,1.0,1.0,1.0,13.800023396612284
GC0_FL330,2022-03-01 00:38:00.000000000,-5.016225604851381,48.24700792994952,10058.4,26200.382022635047,216.83575,0.6379257080139461,1.0731152627859617,1.0,1.0,1.0,13.800018970545228
GC0_FL330,2022-03-01 00:39:00.000000000,-4.876755012439158,48.329411374367055,10058.4,26200.382022635047,216.75739,0.6422330459264922,1.0809532460616962,1.0,1.0,1.0,13.800014488442477
GC0_FL330,2022-03-01 00:40:00.000000000,-4.7368335814541895,48.411645728843965,10058.4,26200.382022635047,216.67683,0.6457077945905197,1.087410735566722,1.0,1.0,1.0,13.800009950331221
GC0_FL330,2022-03-01 00:41:00.000000000,-4.596459480456218,48.493709956074575,10058.4,26200.382022635047,216.62111,0.6472787295333348,1.0904772274482524,1.0,1.0,1.0,13.800005356252322
GC0_FL330,2022-03-01 00:42:00.000000000,-4.455630879335287,48.57560301279429,10058.4,26200.382022635047,216.56558,0.6463111538384031,1.0892678221069334,1.0,1.0,1.0,13.800000706269127
GC0_FL330,2022-03-01 00:43:00.000000000,-4.314345949505185,48.6573238497631,10058.4,26200.382022635047,216.51129,0.6441809938732788,1.0860888399516873,1.0,1.0,1.0,13.799996000461707
GC0_FL330,2022-03-01 00:44:00.000000000,-4.172602864100605,48.73887141174949,10058.4,26200.382022635047,216.45653,0.6410005175635788,1.0811352520261233,1.0,1.0,1.0,13.799991238929968
GC0_FL330,2022-03-01 00:45:00.000000000,-4.030399798177934,48.8202446375148,10058.4,26200.382022635047,216.40959,0.6394053495835832,1.0787936195970826,1.0,1.0,1.0,13.79998642179239
GC0_FL330,2022-03-01 00:46:00.000000000,-3.8877349289197967,48.901442459798034,10058.4,26200.382022635047,216.37106,0.6399650508163748,1.080025907401949,1.0,1.0,1.0,13.799981549189066
GC0_FL330,2022-03-01 00:47:00.000000000,-3.744606435843342,48.98246380530123,10058.4,26200.382022635047,216.33514,0.6399301420480491,1.0802362748178411,1.0,1.0,1.0,13.799976621281434
GC0_FL330,2022-03-01 00:48:00.000000000,-3.601012501012314,49.06330759467523,10058.4,26200.382022635047,216.31323,0.6397037895321271,1.0800172722397354,1.0,1.0,1.0,13.799971638251657
GC0_FL330,2022-03-01 00:49:00.000000000,-3.456951309253031,49.14397274250603,10058.4,26200.382022635047,216.29652,0.6391852459567223,1.0792656584182245,1.0,1.0,1.0,13.799966600302653
GC0_FL330,2022-03-01 00:50:00.000000000,-3.312421048374104,49.22445815730157,10058.4,26200.382022635047,216.27826,0.6382231373716583,1.0777762536015771,1.0,1.0,1.0,13.799961507663523
GC0_FL330,2022-03-01 00:51:00.000000000,-3.1674199093902,49.304762741479145,10058.4,26200.382022635047,216.25955,0.6363869668226442,1.0748162357133932,1.0,1.0,1.0,13.80003811560671
GC0_FL330,2022-03-01 00:52:00.000000000,-3.021943131385752,49.3848842512864,10058.4,26200.382022635047,216.2393,0.6343489751748324,1.0715219387882793,1.0,1.0,1.0,13.80003431143209
GC0_FL330,2022-03-01 00:53:00.000000000,-2.875991817593982,49.46482269242153,10058.4,26200.382022635047,216.21019,0.6338757961457283,1.0709374162588357,1.0,1.0,1.0,13.80002967563927
GC0_FL330,2022-03-01 00:54:00.000000000,-2.7295641981544376,49.54457695964448,10058.4,26200.382022635047,216.16931,0.6341097068077598,1.0716378395666977,1.0,1.0,1.0,13.800024984324816
GC0_FL330,2022-03-01 00:55:00.000000000,-2.582658479303576,49.62414593078313,10058.4,26200.382022635047,216.1238,0.6352107298712668,1.0738340110515965,1.0,1.0,1.0,13.800020237683322
GC0_FL330,2022-03-01 00:56:00.000000000,-2.435272871668278,49.703528477519875,10058.4,26200.382022635047,216.0509,0.6383146313616764,1.079621015137714,1.0,1.0,1.0,13.800015435926571
GC0_FL330,2022-03-01 00:57:00.000000000,-2.2874055905140325,49.78272346538261,10058.4,26200.382022635047,215.95058,0.6428862525301767,1.0881023615488143,1.0,1.0,1.0,13.800010579292724
GC0_FL330,2022-03-01 00:58:00.000000000,-2.139054855997014,49.86172975373617,10058.4,26200.382022635047,215.85983,0.6491658564040333,1.0994145345373099,1.0,1.0,1.0,13.80000566804335
GC0_FL330,2022-03-01 00:59:00.000000000,-1.990218893420634,49.940546195774644,10058.4,26200.382022635047,215.75197,0.6563501842176108,1.1124020153867005,1.0,1.0,1.0,13.800000702464757
GC0_FL330,2022-03-01 01:00:00.000000000,-1.840895933496165,50.01917163851421,10058.4,26200.382022635047,215.6499,0.667383230270013,1.1318875865942755,1.0,1.0,1.0,13.799995682868577
GC0_FL330,2022-03-01 01:01:00.000000000,-1.6910842126076457,50.09760492278672,10058.4,26200.382022635047,215.58119,0.6779228855541035,1.1503014718290328,1.0,1.0,1.0,13.799990609591623
GC0_FL330,2022-03-01 01:02:00.000000000,-1.540781973081079,50.17584488323394,10058.4,26200.382022635047,215.55289,0.6839930563635633,1.1608234607918506,1.0,1.0,1.0,13.799985482999908
GC0_FL330,2022-03-01 01:03:00.000000000,-1.3899874634580285,50.2538903483026,10058.4,26200.382022635047,215.54803,0.6885706350868626,1.1686338884099625,1.0,1.0,1.0,13.799980303483485
GC0_FL330,2022-03-01 01:04:00.000000000,-1.2386989387734455,50.33174014024005,10058.4,26200.382022635047,215.56386,0.6922010231804294,1.1746668344517304,1.0,1.0,1.0,13.799975071460995
GC0_FL330,2022-03-01 01:05:00.000000000,-1.0869146608380469,50.409393075090854,10058.4,26200.382022635047,215.63008,0.6820083487543228,1.1568486514875693,1.0,1.0,1.0,13.799969787382079
GC0_FL330,2022-03-01 01:06:00.000000000,-0.9346328985249368,50.48684796269396,10058.4,26200.382022635047,215.68425,0.6704197131986283,1.1367723522236624,1.0,1.0,1.0,13.799964451722667
GC0_FL330,2022-03-01 01:07:00.000000000,-0.7818519280607622,50.56410360668077,10058.4,26200.382022635047,215.74464,0.6586366097857863,1.1163307245747989,1.0,1.0,1.0,13.79995906498832
GC0_FL330,2022-03-01 01:08:00.000000000,-0.6285700333214097,50.64115880447403,10058.4,26200.382022635047,215.79257,0.6488050283122413,1.0993071413901963,1.0,1.0,1.0,13.800040250558894
GC0_FL330,2022-03-01 01:09:00.000000000,-0.47478237482134333,50.71801108774824,10058.4,26200.382022635047,215.82993,0.6401827723334644,1.0844214789612425,1.0,1.0,1.0,13.800036449888243
GC0_FL330,2022-03-01 01:10:00.000000000,-0.3204903233010431,50.79466047002034,10058.4,26200.382022635047,215.84984,0.6346088925976564,1.074835513305025,1.0,1.0,1.0,13.800031495581349
GC0_FL330,2022-03-01 01:11:00.000000000,-0.16569222733307076,50.87110574593124,10058.4,26200.382022635047,215.8715,0.6290261287612148,1.0652218306958419,1.0,1.0,1.0,13.80002648819227
GC0_FL330,2022-03-01 01:12:00.000000000,-0.01038640460530521,50.94734568796158,10058.4,26200.382022635047,215.8892,0.6238478825510231,1.05632412718439,1.0,1.0,1.0,13.800021428178642
GC0_FL330,2022-03-01 01:13:00.000000000,0.14542881799142826,51.02337906239046,10058.4,26200.382022635047,215.86078,0.6220194811033581,1.0534299709346935,1.0,1.0,1.0,13.800016316031584
GC0_FL330,2022-03-01 01:14:00.000000000,0.30175510404023853,51.099204629299564,10058.4,26200.382022635047,215.83002,0.6218689921064127,1.0533989627012426,1.0,1.0,1.0,13.80001115226905
GC0_FL330,2022-03-01 01:15:00.000000000,0.45859410727043437,51.17482114257816,10058.4,26200.382022635047,215.79367,0.6242075633601685,1.0576227566617384,1.0,1.0,1.0,13.8000059374454
GC0_FL330,2022-03-01 01:16:00.000000000,0.6159474712251815,51.25022734992915,10058.4,26200.382022635047,215.74626,0.6300810959499915,1.0679206809260215,1.0,1.0,1.0,13.800000672141353
GC0_FL330,2022-03-01 01:17:00.000000000,0.7738168289243615,51.325421992876,10058.4,26200.382022635047,215.70091,0.6328085431295379,1.0728764625870302,1.0,1.0,1.0,13.7999953569759
GC0_FL330,2022-03-01 01:18:00.000000000,0.932203802522942,51.400403806770754,10058.4,26200.382022635047,215.66718,0.6357421733917357,1.0780968283241357,1.0,1.0,1.0,13.799989992598045
GC0_FL330,2022-03-01 01:19:00.000000000,1.0911100029643799,51.47517152080301,10058.4,26200.382022635047,215.62888,0.6399196537170609,1.0854630222214243,1.0,1.0,1.0,13.79998457969091
GC0_FL330,2022-03-01 01:20:00.000000000,1.2505370296295943,51.549723858009905,10058.4,26200.382022635047,215.59267,0.6435744182320595,1.0919342109366317,1.0,1.0,1.0,13.799979118975191
GC0_FL330,2022-03-01 01:21:00.000000000,1.410486469980993,51.62405953528727,10058.4,26200.382022635047,215.5798,0.6467438776809726,1.0974094725895227,1.0,1.0,1.0,13.799973611204168
GC0_FL330,2022-03-01 01:22:00.000000000,1.570959899201897,51.698177263401696,10058.4,26200.382022635047,215.5603,0.6509537910162964,1.1046989407558312,1.0,1.0,1.0,13.799968057170684
GC0_FL330,2022-03-01 01:23:00.000000000,1.7319588798311787,51.77207574700383,10058.4,26200.382022635047,215.55025,0.6543165482909413,1.1104801313468269,1.0,1.0,1.0,13.799962457699413
GC0_FL330,2022-03-01 01:24:00.000000000,1.8934849613930664,51.84575368464275,10058.4,26200.382022635047,215.55177,0.6572778657708742,1.115494403893505,1.0,1.0,1.0,13.799956813657149
GC0_FL330,2022-03-01 01:25:00.000000000,2.055539680022396,51.91920976878139,10058.4,26200.382022635047,215.55319,0.6606241060649666,1.12116267228297,1.0,1.0,1.0,13.800042154299087
GC0_FL330,2022-03-01 01:26:00.000000000,2.2181278486239693,51.99244129650124,10058.4,26200.382022635047,215.553,0.6639306763451586,1.1267752562568825,1.0,1.0,1.0,13.800038395347975
GC0_FL330,2022-03-01 01:27:00.000000000,2.381247755746821,52.06544829902248,10058.4,26200.382022635047,215.55849,0.6682964240589574,1.1341415121753917,1.0,1.0,1.0,13.800033137066887
GC0_FL330,2022-03-01 01:28:00.000000000,2.5449008423555197,52.13822947261712,10058.4,26200.382022635047,215.56215,0.6712637788049545,1.1391535512424749,1.0,1.0,1.0,13.800027830685213
GC0_FL330,2022-03-01 01:29:00.000000000,2.7090885869023626,52.210783485473385,10058.4,26200.382022635047,215.56152,0.6712912587296372,1.1392017903877265,1.0,1.0,1.0,13.800022477008898
GC0_FL330,2022-03-01 01:30:00.000000000,2.873812452494847,52.283108999789214,10058.4,26200.382022635047,215.55354,0.6667925275218299,1.1316287672697734,1.0,1.0,1.0,13.800017076881304
GC0_FL330,2022-03-01 01:31:00.000000000,3.039073886492103,52.35520467179508,10058.4,26200.382022635047,215.54298,0.6633389748156107,1.1258485185117744,1.0,1.0,1.0,13.8000116311833
GC0_FL330,2022-03-01 01:32:00.000000000,3.204874320096632,52.42706915177804,10058.4,26200.382022635047,215.52777,0.6631044095506833,1.125566029122993,1.0,1.0,1.0,13.80000614083744
GC0_FL330,2022-03-01 01:33:00.000000000,3.3712151679413354,52.498701084107154,10058.4,26200.382022635047,215.51045,0.6604644388421965,1.1212186348847082,1.0,1.0,1.0,13.800000606803097
GC0_FL330,2022-03-01 01:34:00.000000000,3.538097827671728,52.57009910726018,10058.4,26200.382022635047,215.49832,0.6570796448901387,1.1155648626800805,1.0,1.0,1.0,13.799995030082775
GC0_FL330,2022-03-01 01:35:00.000000000,3.705523679523632,52.64126185385161,10058.4,26200.382022635047,215.49123,0.6529444761221165,1.1085961854916242,1.0,1.0,1.0,13.799989411721297
GC0_FL330,2022-03-01 01:36:00.000000000,3.8734940858960045,52.71218795066221,10058.4,26200.382022635047,215.48624,0.6461299761902869,1.0970631358693417,1.0,1.0,1.0,13.799983752801687
GC0_FL330,2022-03-01 01:37:00.000000000,4.04201039091922,52.78287601866978,10058.4,26200.382022635047,215.48883,0.6394043754170181,1.0856244081598738,1.0,1.0,1.0,13.799978054452163
GC0_FL330,2022-03-01 01:38:00.000000000,4.211073920018708,52.853324673081396,10058.4,26200.382022635047,215.50957,0.6359759853278005,1.0796503668043742,1.0,1.0,1.0,13.799972317845754
GC0_FL330,2022-03-01 01:39:00.000000000,4.380685979473958,52.92353252336716,10058.4,26200.382022635047,215.53523,0.6320823441918837,1.0728534194341066,1.0,1.0,1.0,13.79996654419649
GC0_FL330,2022-03-01 01:40:00.000000000,4.550847855972988,52.993498173295265,10058.4,26200.382022635047,215.56242,0.6260867743569146,1.0624814223744503,1.0,1.0,1.0,13.799960734763747
GC0_FL330,2022-03-01 01:41:00.000000000,4.72156081616213,53.06322022096875,10058.4,26200.382022635047,215.59688,0.6172678816369722,1.0472695323352574,1.0,1.0,1.0,13.799954890854742
GC0_FL330,2022-03-01 01:42:00.000000000,4.892826106191535,53.13269725886355,10058.4,26200.382022635047,215.62746,0.6078596812107914,1.0310932830128416,1.0,1.0,1.0,13.80004369387429
GC0_FL330,2022-03-01 01:43:00.000000000,5.064648373766797,53.201926344915194,10058.4,26200.382022635047,215.64679,0.6004556795741072,1.0183980514186282,1.0,1.0,1.0,13.800040019521948
GC0_FL330,2022-03-01 01:44:00.000000000,5.237025480446346,53.270907542595175,10058.4,26200.382022635047,215.64784,0.5996153787773899,1.016967044912428,1.0,1.0,1.0,13.800034486742401
GC0_FL330,2022-03-01 01:45:00.000000000,5.409958542016128,53.339639456889614,10058.4,26200.382022635047,215.6578,0.6006361859934809,1.0186292001615826,1.0,1.0,1.0,13.800028914083532
GC0_FL330,2022-03-01 01:46:00.000000000,5.583448717588524,53.40812065808024,10058.4,26200.382022635047,215.66698,0.6039373435115546,1.024162953653666,1.0,1.0,1.0,13.80002330277767
GC0_FL330,2022-03-01 01:47:00.000000000,5.757497143428711,53.47634971103695,10058.4,26200.382022635047,215.67049,0.6098220466458257,1.0341185316524342,1.0,1.0,1.0,13.800017654102959
GC0_FL330,2022-03-01 01:48:00.000000000,5.932104932473757,53.54432517526539,10058.4,26200.382022635047,215.70038,0.6162971920114437,1.0448861480749754,1.0,1.0,1.0,13.800011969384423
GC0_FL330,2022-03-01 01:49:00.000000000,6.10727317384737,53.612045604956435,10058.4,26200.382022635047,215.73921,0.6231085649219045,1.056154439258353,1.0,1.0,1.0,13.800006249993439
GC0_FL330,2022-03-01 01:50:00.000000000,6.283002932370696,53.679509549037114,10058.4,26200.382022635047,215.78123,0.6298562090612884,1.06728508201509,1.0,1.0,1.0,13.800000497350158
GC0_FL330,2022-03-01 01:51:00.000000000,6.459295248068937,53.746715551223396,10058.4,26200.382022635047,215.83896,0.637206662491493,1.079314555227636,1.0,1.0,1.0,13.799994712920459
GC0_FL330,2022-03-01 01:52:00.000000000,6.636151135673946,53.81366215007467,10058.4,26200.382022635047,215.9027,0.6423248582251952,1.0875110693368906,1.0,1.0,1.0,13.799988898221487
GC0_FL330,2022-03-01 01:53:00.000000000,6.8135715841229665,53.88034787904993,10058.4,26200.382022635047,215.96097,0.6407041993642786,1.0843311732327814,1.0,1.0,1.0,13.799983054817007
GC0_FL330,2022-03-01 01:54:00.000000000,6.991557556053451,53.94677126656574,10058.4,26200.382022635047,216.01387,0.6332155352643304,1.0712675099228204,1.0,1.0,1.0,13.79997718432221
GC0_FL330,2022-03-01 01:55:00.000000000,7.170109987294104,54.01293083605608,10058.4,26200.382022635047,216.06804,0.6178218848137222,1.044837237873232,1.0,1.0,1.0,13.799971288402922
GC0_FL330,2022-03-01 01:56:00.000000000,7.349229786352257,54.07882510603384,10058.4,26200.382022635047,216.1174,0.5916461346325167,1.0002294437725303,1.0,1.0,1.0,13.799965368775869
GC0_FL330,2022-03-01 01:57:00.000000000,7.5289178338974985,54.144452590154366,10058.4,26200.382022635047,216.1616,0.561501598657529,0.9489814012057851,1.0,0.0,0.0,13.799959427205792
GC0_FL330,2022-03-01 01:58:00.000000000,7.709174982241969,54.20981179728059,10058.4,26200.382022635047,216.20558,0.52830317454633,0.8926027015570482,1.0,0.0,0.0,13.799953465513312
GC0_FL330,2022-03-01 01:59:00.000000000,7.890002054816966,54.2749012315503,10058.4,26200.382022635047,216.25433,0.49220815235635695,0.8313378352069913,1.0,0.0,0.0,13.800044709298199
GC0_FL330,2022-03-01 02:00:00.000000000,8.07140336006643,54.3397177150441,10058.4,26200.382022635047,216.30516,0.45805359061788303,0.773379591760888,1.0,0.0,0.0,13.800041165932434
GC0_FL330,2022-03-01 02:01:00.000000000,8.253376235746266,54.4042613638653,10058.4,26200.382022635047,216.36118,0.42781119830098124,0.7220388607455113,1.0,0.0,0.0,13.80003540717797
GC0_FL330,2022-03-01 02:02:00.000000000,8.435921335887098,54.46853070587913,10058.4,26200.382022635047,216.41902,0.40377341467842875,0.6811968945215616,1.0,0.0,0.0,13.800029620699759
GC0_FL330,2022-03-01 02:03:00.000000000,8.61903936252284,54.532524226953534,10058.4,26200.382022635047,216.47949,0.3880665626477216,0.6544240093934578,1.0,0.0,0.0,13.800023808234585
GC0_FL330,2022-03-01 02:04:00.000000000,8.802730986129248,54.5962404085977,10058.4,26200.382022635047,216.5409,0.37614769082159916,0.6340536971223956,1.0,0.0,0.0,13.80001797157137
GC0_FL330,2022-03-01 02:05:00.000000000,8.986996845082029,54.659677728041075,10058.4,26200.382022635047,216.60161,0.36457815076035205,0.6142930409908238,1.0,0.0,0.0,13.80001211255036
GC0_FL330,2022-03-01 02:06:00.000000000,9.171837545112288,54.72283465831418,10058.4,26200.382022635047,216.65196,0.3607608771235801,0.6076466965265341,1.0,0.0,0.0,13.800006233064313
GC0_FL330,2022-03-01 02:07:00.000000000,9.357253658759396,54.785709668331585,10058.4,26200.382022635047,216.7018,0.3540580528093214,0.5961509390097937,1.0,0.0,0.0,13.800000335060249
GC0_FL330,2022-03-01 02:08:00.000000000,9.543245724821515,54.84830122297688,10058.4,26200.382022635047,216.74019,0.34954926484851967,0.5884031050106935,1.0,0.0,0.0,13.79999442053751
GC0_FL330,2022-03-01 02:09:00.000000000,9.729814247803706,54.91060778318973,10058.4,26200.382022635047,216.76321,0.35090481293407766,0.5905889201320978,1.0,0.0,0.0,13.799988491549682
GC0_FL330,2022-03-01 02:10:00.000000000,9.916959697363977,54.97262780605501,10058.4,26200.382022635047,216.78554,0.3490312602522971,0.5873435539846029,1.0,0.0,0.0,6.1100550360113415
GC0_FL330,2022-03-01 02:10:26.566305980,10.0,55.0,10058.4,26200.382022635047,216.80293,0.3453085365322427,0.5810092244201898,1.0,0.0,0.0,0.0
NW150_FL330,2022-03-01 00:00:00.000000000,-10.000000000000002,45.00000000000001,10058.4,26200.382022635047,216.48128,0.6896957243969801,1.1630662267974403,1.0,1.0,1.0,13.800014615529586
NW150_FL330,2022-03-01 00:01:00.000000000,-9.911943680217473,45.10739059751919,10058.4,26200.382022635047,216.4661,0.6899343838677692,1.163592481841883,1.0,1.0,1.0,13.800013510743517
NW150_FL330,2022-03-01 00:02:00.000000000,-9.823535417039643,45.21470503205091,10058.4,26200.382022635047,216.46167,0.6915050631159909,1.1662748482909482,1.0,1.0,1.0,13.800012336604626
NW150_FL330,2022-03-01 00:03:00.000000000,-9.734752775491534,45.32193450949788,10058.4,26200.382022635047,216.4851,0.6908594904820644,1.1649973217589809,1.0,1.0,1.0,13.800011102228465
NW150_FL330,2022-03-01 00:04:00.000000000,-9.64557321962325,45.4290701602766,10058.4,26200.382022635047,216.51584,0.68930578717797,1.1621324005222096,1.0,1.0,1.0,13.800009817596628
NW150_FL330,2022-03-01 00:05:00.000000000,-9.555974120765597,45.53610303447345,10058.4,26200.382022635047,216.55676,0.6861854854842812,1.1565416855058601,1.0,1.0,1.0,13.800008493466299
NW150_FL330,2022-03-01 00:06:00.000000000,-9.465932766099801,45.64302409705574,10058.4,26200.382022635047,216.61967,0.6791073107836371,1.1441109964099336,1.0,1.0,1.0,13.8000071412585
NW150_FL330,2022-03-01 00:07:00.000000000,-9.37542636757764,45.74982422315823,10058.4,26200.382022635047,216.67517,0.6722452390323791,1.1321141020368362,1.0,1.0,1.0,13.800005772917848
NW150_FL330,2022-03-01 00:08:00.000000000,-9.284432071228174,45.85649419346592,10058.4,26200.382022635047,216.74586,0.6595071999373092,1.110115664937022,1.0,1.0,1.0,13.800004400762623
NW150_FL330,2022-03-01 00:09:00.000000000,-9.192926966886413,45.96302468971482,10058.4,26200.382022635047,216.80568,0.6431402074341107,1.0821150338076924,1.0,1.0,1.0,13.800003037318143
NW150_FL330,2022-03-01 00:10:00.000000000,-9.100888098379096,46.069406290332594,10058.4,26200.382022635047,216.84804,0.6222389084646786,1.0466387161828898,1.0,1.0,1.0,13.800001695131416
NW150_FL330,2022-03-01 00:11:00.000000000,-9.008292474201193,46.175629466241716,10058.4,26200.382022635047,216.88306,0.5992150162491969,1.0076648430923019,1.0,1.0,1.0,13.800000386583605
NW150_FL330,2022-03-01 00:12:00.000000000,-8.915117078716126,46.2816845768484,10058.4,26200.382022635047,216.84158,0.5868920032048387,0.9872286760255857,1.0,0.0,0.0,13.799999123681374
NW150_FL330,2022-03-01 00:13:00.000000000,-8.82133888391088,46.38756186624089,10058.4,26200.382022635047,216.75482,0.5849889658934372,0.984620238475841,1.0,0.0,0.0,13.799997917859939
NW150_FL330,2022-03-01 00:14:00.000000000,-8.726934861735826,46.49325145962168,10058.4,26200.382022635047,216.66768,0.5857308883457661,0.9864690619907439,1.0,0.0,0.0,13.799996779771385
NW150_FL330,2022-03-01 00:15:00.000000000,-8.631881997057086,46.59874335999853,10058.4,26200.382022635047,216.56029,0.5944293610435272,1.0018652180412695,1.0,1.0,1.0,13.799995719077321
NW150_FL330,2022-03-01 00:16:00.000000000,-8.536157301247139,46.70402744515966,10058.4,26200.382022635047,216.4773,0.6006983434940456,1.013014437181181,1.0,1.0,1.0,13.79999474425429
NW150_FL330,2022-03-01 00:17:00.000000000,-8.439737826436936,46.809093464959474,10058.4,26200.382022635047,216.42715,0.6023382327584704,1.0161329436421835,1.0,1.0,1.0,13.799993862396043
NW150_FL330,2022-03-01 00:18:00.000000000,-8.342600680450126,46.91393103894103,10058.4,26200.382022635047,216.39679,0.6009031354600014,1.013924534268609,1.0,1.0,1.0,13.799993079039334
NW150_FL330,2022-03-01 00:19:00.000000000,-8.244723042436963,47.01852965432236,10058.4,26200.382022635047,216.37839,0.5978974349083175,1.0089800275188683,1.0,1.0,1.0,13.79999239800333
NW150_FL330,2022-03-01 00:20:00.000000000,-8.146082179222427,47.12287866437407,10058.4,26200.382022635047,216.39992,0.5883769844489437,0.9927685771162488,1.0,0.0,0.0,13.799991821243808
NW150_FL330,2022-03-01 00:21:00.000000000,-8.046655462379125,47.22696728721557,10058.4,26200.382022635047,216.43399,0.5761459309327109,0.9718992675325088,1.0,0.0,0.0,13.79999134873503
NW150_FL330,2022-03-01 00:22:00.000000000,-7.946420386032092,47.33078460505782,10058.4,26200.382022635047,216.47533,0.5679832967639248,0.9578557276491328,1.0,0.0,0.0,13.799990978379531
NW150_FL330,2022-03-01 00:23:00.000000000,-7.845354585398439,47.434319563920425,10058.4,26200.382022635047,216.55182,0.5598254283002672,0.9435974463028072,1.0,0.0,0.0,13.799990705942896
NW150_FL330,2022-03-01 00:24:00.000000000,-7.743435856059993,47.537560973850695,10058.4,26200.382022635047,216.6445,0.5501496935271412,0.926694131491704,1.0,0.0,0.0,13.799990525026583
NW150_FL330,2022-03-01 00:25:00.000000000,-7.640642173962943,47.64049750967218,10058.4,26200.382022635047,216.7151,0.5436007882840227,0.9152128386418241,1.0,0.0,0.0,13.799990427059264
NW150_FL330,2022-03-01 00:26:00.000000000,-7.536951716133178,47.743117712289695,10058.4,26200.382022635047,216.82504,0.5306663160118269,0.8927509772428095,1.0,0.0,0.0,13.799990401351167
NW150_FL330,2022-03-01 00:27:00.000000000,-7.432342882090881,47.84540999057738,10058.4,26200.382022635047,216.91872,0.5199089259377963,0.874081038931647,1.0,0.0,0.0,13.799990435152703
NW150_FL330,2022-03-01 00:28:00.000000000,-7.32679431594254,47.94736262387532,10058.4,26200.382022635047,217.00822,0.5084081251466344,0.8542110133694021,1.0,0.0,0.0,13.799990513782763
NW150_FL330,2022-03-01 00:29:00.000000000,-7.220284929122936,48.04896376511957,10058.4,26200.382022635047,217.08414,0.4969330639585494,0.8344864362153723,1.0,0.0,0.0,13.799990620759637
NW150_FL330,2022-03-01 00:30:00.000000000,-7.112793923753648,48.15020144462874,10058.4,26200.382022635047,217.13239,0.490731047902621,0.8237913250039118,1.0,0.0,0.0,13.799990738007454
NW150_FL330,2022-03-01 00:31:00.000000000,-7.00430081657882,48.251063574569415,10058.4,26200.382022635047,217.1781,0.48498294920360474,0.8138822742216562,1.0,0.0,0.0,13.799990846062991
NW150_FL330,2022-03-01 00:32:00.000000000,-6.894785463432784,48.351537954120296,10058.4,26200.382022635047,217.19244,0.48502674987625893,0.8138740540563083,1.0,0.0,0.0,13.79999092434128
NW150_FL330,2022-03-01 00:33:00.000000000,-6.784228084187853,48.45161227535354,10058.4,26200.382022635047,217.19687,0.4866385933344533,0.8165521704679942,1.0,0.0,0.0,13.79999095142065
NW150_FL330,2022-03-01 00:34:00.000000000,-6.672609288124424,48.55127412984912,10058.4,26200.382022635047,217.20113,0.4884020381629325,0.8194872702113882,1.0,0.0,0.0,13.799990905357314
NW150_FL330,2022-03-01 00:35:00.000000000,-6.559910099659522,48.650511016055766,10058.4,26200.382022635047,217.19312,0.4872481521140141,0.8175979125289067,1.0,0.0,0.0,13.799990764032621
NW150_FL330,2022-03-01 00:36:00.000000000,-6.446111984363311,48.74931034740906,10058.4,26200.382022635047,217.15448,0.4877330978171371,0.818633231765655,1.0,0.0,0.0,13.799990505510175
NW150_FL330,2022-03-01 00:37:00.000000000,-6.331196875187807,48.84765946121438,10058.4,26200.382022635047,217.1396,0.4821163679701851,0.8092918224417041,1.0,0.0,0.0,13.799990108416592
NW150_FL330,2022-03-01 00:38:00.000000000,-6.215147198825244,48.94554562829887,10058.4,26200.382022635047,217.1033,0.47696281824516573,0.800842429812754,1.0,0.0,0.0,13.799989552329267
NW150_FL330,2022-03-01 00:39:00.000000000,-6.097945902109083,49.04295606343325,10058.4,26200.382022635047,217.06433,0.4790801488840159,0.804618805615129,1.0,0.0,0.0,13.799988818168638
NW150_FL330,2022-03-01 00:40:00.000000000,-5.979576478364332,49.13987793652022,10058.4,26200.382022635047,217.03577,0.4804363147476974,0.8070573235792311,1.0,0.0,0.0,13.799987888596085
NW150_FL330,2022-03-01 00:41:00.000000000,-5.860022993609616,49.23629838454239,10058.4,26200.382022635047,216.99042,0.47837853030375754,0.8038557512344034,1.0,0.0,0.0,13.799986748391927
NW150_FL330,2022-03-01 00:42:00.000000000,-5.739270112508919,49.33220452425832,10058.4,26200.382022635047,216.97649,0.4699079814225797,0.7896997969979092,1.0,0.0,0.0,13.799985384831924
NW150_FL330,2022-03-01 00:43:00.000000000,-5.617303123966524,49.42758346563079,10058.4,26200.382022635047,216.96725,0.4643565227102017,0.7804198437150691,1.0,0.0,0.0,13.799983788033904
NW150_FL330,2022-03-01 00:44:00.000000000,-5.4941079662560375,49.52242232596687,10058.4,26200.382022635047,216.96402,0.4481529394838391,0.7532039484532498,1.0,0.0,0.0,13.799981951284067
NW150_FL330,2022-03-01 00:45:00.000000000,-5.369671251570929,49.61670824474481,10058.4,26200.382022635047,216.99568,0.43416137640237873,0.7295275285597612,1.0,0.0,0.0,13.799979871326002
NW150_FL330,2022-03-01 00:46:00.000000000,-5.243980289882591,49.710428399097715,10058.4,26200.382022635047,217.02815,0.4208599710949263,0.7070150621733318,1.0,0.0,0.0,13.799977548611706
NW150_FL330,2022-03-01 00:47:00.000000000,-5.117023111990287,49.803570019919526,10058.4,26200.382022635047,217.07996,0.4074744515539584,0.6842807969272754,1.0,0.0,0.0,13.799974987505227
NW150_FL330,2022-03-01 00:48:00.000000000,-4.988788491647018,49.896120408553536,10058.4,26200.382022635047,217.148,0.39151973013483393,0.6571744446592632,1.0,0.0,0.0,13.799972196443608
NW150_FL330,2022-03-01 00:49:00.000000000,-4.85926596664584,49.98806695401959,10058.4,26200.382022635047,217.2044,0.3820921445988577,0.6410961178214376,1.0,0.0,0.0,13.79996918802526
NW150_FL330,2022-03-01 00:50:00.000000000,-4.728445858752139,50.079397150730635,10058.4,26200.382022635047,217.27014,0.37492052153249283,0.6287717465477464,1.0,0.0,0.0,13.799965979069924
NW150_FL330,2022-03-01 00:51:00.000000000,-4.596319292369935,50.17009861664571,10058.4,26200.382022635047,217.3263,0.36506102160396997,0.6119942364434392,1.0,0.0,0.0,13.799962590579305
NW150_FL330,2022-03-01 00:52:00.000000000,-4.462878211833166,50.26015911180118,10058.4,26200.382022635047,217.37845,0.3558677771758405,0.5963630722994098,1.0,0.0,0.0,13.799959047664926
NW150_FL330,2022-03-01 00:53:00.000000000,-4.328115397217069,50.34956655715893,10058.4,26200.382022635047,217.41095,0.3514696312676475,0.5888570990449213,1.0,0.0,0.0,13.799955379398677
NW150_FL330,2022-03-01 00:54:00.000000000,-4.192024478569649,50.43830905370571,10058.4,26200.382022635047,217.43535,0.34869292027303156,0.5841042070453494,1.0,0.0,0.0,13.799951618596008
NW150_FL330,2022-03-01 00:55:00.000000000,-4.05459994846935,50.526374901734854,10058.4,26200.382022635047,217.44336,0.34923880424306386,0.5849862793004389,1.0,0.0,0.0,13.799947801542151
NW150_FL330,2022-03-01 00:56:00.000000000,-3.915837172821923,50.61375262023863,10058.4,26200.382022635047,217.43921,0.35488519399848967,0.5944611826888732,1.0,0.0,0.0,13.799961634315533
NW150_FL330,2022-03-01 00:57:00.000000000,-3.775730534366871,50.70042998100058,10058.4,26200.382022635047,217.43324,0.36472324329941264,0.6109667653264997,1.0,0.0,0.0,13.800015187556577
NW150_FL330,2022-03-01 00:58:00.000000000,-3.634272966085093,50.78639370865784,10058.4,26200.382022635047,217.37929,0.3747114666453043,0.6279371798962115,1.0,0.0,0.0,13.800009923240955
NW150_FL330,2022-03-01 00:59:00.000000000,-3.491468425213449,50.87163617748502,10058.4,26200.382022635047,217.29903,0.39102804269975183,0.6556510316701093,1.0,0.0,0.0,13.800004456466626
NW150_FL330,2022-03-01 01:00:00.000000000,-3.3473158711349957,50.956146985350514,10058.4,26200.382022635047,217.21727,0.4092318162603634,0.6865694047914943,1.0,0.0,0.0,13.799998839363584
NW150_FL330,2022-03-01 01:01:00.000000000,-3.201815162333295,51.03991604591398,10058.4,26200.382022635047,217.10893,0.4278675309411708,0.7183807038199614,1.0,0.0,0.0,13.799993126409735
NW150_FL330,2022-03-01 01:02:00.000000000,-3.0549670550937402,51.122933607024926,10058.4,26200.382022635047,216.99138,0.4424669844137348,0.7435068970130377,1.0,0.0,0.0,13.799987373795798
NW150_FL330,2022-03-01 01:03:00.000000000,-2.9067732000863327,51.20519026867862,10058.4,26200.382022635047,216.90213,0.4546958847500855,0.764532237950067,1.0,0.0,0.0,13.799981638763203
NW150_FL330,2022-03-01 01:04:00.000000000,-2.75723613682413,51.28667700045241,10058.4,26200.382022635047,216.81679,0.47036224074301974,0.7913454272711251,1.0,0.0,0.0,13.799975978917063
NW150_FL330,2022-03-01 01:05:00.000000000,-2.6063592860038653,51.367385158347936,10058.4,26200.382022635047,216.73175,0.48481390091943677,0.8161443141900675,1.0,0.0,0.0,13.799970451534813
NW150_FL330,2022-03-01 01:06:00.000000000,-2.4541469397475377,51.44730650096773,10058.4,26200.382022635047,216.67029,0.4983142085836578,0.8392283207493425,1.0,0.0,0.0,13.799965112869177
NW150_FL330,2022-03-01 01:07:00.000000000,-2.300604249774821,51.526433204957165,10058.4,26200.382022635047,216.60762,0.5085518041604081,0.8568442923232156,1.0,0.0,0.0,13.799960017463881
NW150_FL330,2022-03-01 01:08:00.000000000,-2.145737213549071,51.60475787964777,10058.4,26200.382022635047,216.5345,0.5159799803203581,0.8698002348202626,1.0,0.0,0.0,13.799955217494318
NW150_FL330,2022-03-01 01:09:00.000000000,-1.9895526584501013,51.682273580841326,10058.4,26200.382022635047,216.48047,0.5228855682052362,0.8817724654629958,1.0,0.0,0.0,13.799950762132118
NW150_FL330,2022-03-01 01:10:00.000000000,-1.832058224038491,51.758973823679455,10058.4,26200.382022635047,216.4317,0.5252278111990972,0.886019663617587,1.0,0.0,0.0,13.799946696952656
NW150_FL330,2022-03-01 01:11:00.000000000,-1.6732623424866224,51.83485259454882,10058.4,26200.382022635047,216.38086,0.5257833860941609,0.8872715585702926,1.0,0.0,0.0,13.799943063395368
NW150_FL330,2022-03-01 01:12:00.000000000,-1.513174217261294,51.909904361977446,10058.4,26200.382022635047,216.34038,0.5258723860108816,0.8876687823659882,1.0,0.0,0.0,13.799939898272926
NW150_FL330,2022-03-01 01:13:00.000000000,-1.3518038001522044,51.98412408648381,10058.4,26200.382022635047,216.30673,0.5233412947762384,0.8836018263804788,1.0,0.0,0.0,13.799939745243607
NW150_FL330,2022-03-01 01:14:00.000000000,-1.1891615462200298,52.057507082236924,10058.4,26200.382022635047,216.27644,0.5214303766312823,0.8805587568201055,1.0,0.0,0.0,13.800020924011612
NW150_FL330,2022-03-01 01:15:00.000000000,-1.0252518319892376,52.13004458185368,10058.4,26200.382022635047,216.25725,0.5192448717341749,0.8769846852880602,1.0,0.0,0.0,13.800013978858964
NW150_FL330,2022-03-01 01:16:00.000000000,-0.8600941937770141,52.20173800568454,10058.4,26200.382022635047,216.25702,0.5135223895716589,0.8673205134265287,1.0,0.0,0.0,13.800007477983955
NW150_FL330,2022-03-01 01:17:00.000000000,-0.6937013373187131,52.27258437763797,10058.4,26200.382022635047,216.2552,0.507712398830895,0.8575183694731153,1.0,0.0,0.0,13.800001452770012
NW150_FL330,2022-03-01 01:18:00.000000000,-0.5260865789675423,52.34258124591907,10058.4,26200.382022635047,216.25093,0.501184931380928,0.846518428439456,1.0,0.0,0.0,13.799995928589095
NW150_FL330,2022-03-01 01:19:00.000000000,-0.35726381511859207,52.4117266860437,10058.4,26200.382022635047,216.25616,0.4930582286052336,0.832762517971366,1.0,0.0,0.0,13.79999092471825
NW150_FL330,2022-03-01 01:20:00.000000000,-0.1872474908346242,52.480019302721765,10058.4,26200.382022635047,216.26416,0.48458195214523686,0.8184017424015211,1.0,0.0,0.0,13.799986454317708
NW150_FL330,2022-03-01 01:21:00.000000000,-0.0160525678074433,52.54745823062341,10058.4,26200.382022635047,216.26399,0.4770266337708792,0.8056429310419615,1.0,0.0,0.0,13.799982524503399
NW150_FL330,2022-03-01 01:22:00.000000000,0.15630550821031364,52.614043134048934,10058.4,26200.382022635047,216.22665,0.4790864162112116,0.8093304320791582,1.0,0.0,0.0,13.79997913648606
NW150_FL330,2022-03-01 01:23:00.000000000,0.329810840369795,52.67977420552756,10058.4,26200.382022635047,216.19171,0.48056211682689937,0.8120186174531834,1.0,0.0,0.0,13.799976285786364
NW150_FL330,2022-03-01 01:24:00.000000000,0.5044471139547051,52.74465216337665,10058.4,26200.382022635047,216.16077,0.4816050266225669,0.8139517724642178,1.0,0.0,0.0,13.799973962517008
NW150_FL330,2022-03-01 01:25:00.000000000,0.680197629744843,52.80867824825721,10058.4,26200.382022635047,216.08241,0.49506171627894613,0.8371472524718133,1.0,0.0,0.0,13.799972151720771
NW150_FL330,2022-03-01 01:26:00.000000000,0.857045337388637,52.8718542187659,10058.4,26200.382022635047,216.0033,0.5079252586581948,0.8593664772180449,1.0,0.0,0.0,13.799970833761792
NW150_FL330,2022-03-01 01:27:00.000000000,1.034972868662569,52.93418234610838,10058.4,26200.382022635047,215.92216,0.520680844007556,0.8814368986900039,1.0,0.0,0.0,13.799969984769
NW150_FL330,2022-03-01 01:28:00.000000000,1.2139625705007244,52.99566540790184,10058.4,26200.382022635047,215.82944,0.5354519466201644,0.907018587790995,1.0,0.0,0.0,13.799969577100743
NW150_FL330,2022-03-01 01:29:00.000000000,1.3939965376829655,53.056306681157686,10058.4,26200.382022635047,215.74348,0.5493770457200609,0.9311547534411511,1.0,0.0,0.0,13.799969579857322
NW150_FL330,2022-03-01 01:30:00.000000000,1.5750566450764563,53.11610993449817,10058.4,26200.382022635047,215.66574,0.562285260899139,0.9535381479791678,1.0,0.0,0.0,13.799969959394309
NW150_FL330,2022-03-01 01:31:00.000000000,1.7571245793312809,53.17507941966272,10058.4,26200.382022635047,215.59644,0.5746174832621892,0.9749108926971396,1.0,0.0,0.0,13.799970679859165
NW150_FL330,2022-03-01 01:32:00.000000000,1.9401818699385918,53.23321986236095,10058.4,26200.382022635047,215.55737,0.5839351148643315,0.9909823001638915,1.0,0.0,0.0,13.799971703727884
NW150_FL330,2022-03-01 01:33:00.000000000,2.1242099195660367,53.29053645253109,10058.4,26200.382022635047,215.51752,0.5936935587969433,1.0078160563861482,1.0,1.0,1.0,13.799972992333837
NW150_FL330,2022-03-01 01:34:00.000000000,2.3091900335932243,53.34703483406254,10058.4,26200.382022635047,215.48744,0.6027730290187155,1.0234400140828541,1.0,1.0,1.0,13.799974506384897
NW150_FL330,2022-03-01 01:35:00.000000000,2.4951034487770922,53.402721094041766,10058.4,26200.382022635047,215.48042,0.6090805930657858,1.0341977537294724,1.0,1.0,1.0,13.799976206465772
NW150_FL330,2022-03-01 01:36:00.000000000,2.6819313609848683,53.457601751580526,10058.4,26200.382022635047,215.47345,0.6149842382196311,1.044270347103048,1.0,1.0,1.0,13.799978053504757
NW150_FL330,2022-03-01 01:37:00.000000000,2.8696549519397707,53.511683746284476,10058.4,26200.382022635047,215.47588,0.6173420880143852,1.0482583469908053,1.0,1.0,1.0,13.799980009221503
NW150_FL330,2022-03-01 01:38:00.000000000,3.0582554149321086,53.56497442641937,10058.4,26200.382022635047,215.484,0.6185658179223064,1.0502751298953965,1.0,1.0,1.0,13.799982036526542
NW150_FL330,2022-03-01 01:39:00.000000000,3.2477139794557783,53.61748153683056,10058.4,26200.382022635047,215.48912,0.621013678998572,1.054396214020841,1.0,1.0,1.0,13.799984099891018
NW150_FL330,2022-03-01 01:40:00.000000000,3.4380119347371982,53.6692132066701,10058.4,26200.382022635047,215.49579,0.6239852245670429,1.059393141396364,1.0,1.0,1.0,13.799986165670656
NW150_FL330,2022-03-01 01:41:00.000000000,3.629130652131118,53.72017793698295,10058.4,26200.382022635047,215.50056,0.628572099479717,1.067147895760477,1.0,1.0,1.0,13.79998820237766
NW150_FL330,2022-03-01 01:42:00.000000000,3.821051606363487,53.770384588202695,10058.4,26200.382022635047,215.50105,0.6359058392528896,1.0795954215228687,1.0,1.0,1.0,13.799990180922991
NW150_FL330,2022-03-01 01:43:00.000000000,4.013756395608983,53.81984236760365,10058.4,26200.382022635047,215.4996,0.6439660514855302,1.0932889016166363,1.0,1.0,1.0,13.79999207479392
NW150_FL330,2022-03-01 01:44:00.000000000,4.207226760395775,53.868560816754226,10058.4,26200.382022635047,215.53178,0.638285385740279,1.0834080420459984,1.0,1.0,1.0,13.79999386020077
NW150_FL330,2022-03-01 01:45:00.000000000,4.401444601336398,53.9165497990135,10058.4,26200.382022635047,215.57375,0.6288525157408961,1.0670936359968126,1.0,1.0,1.0,13.799995516168021
NW150_FL330,2022-03-01 01:46:00.000000000,4.59639199568854,53.96381948710966,10058.4,26200.382022635047,215.6247,0.6077025989252753,1.030845747550873,1.0,1.0,1.0,13.799997024593432
NW150_FL330,2022-03-01 01:47:00.000000000,4.792051212754257,54.01038035083665,10058.4,26200.382022635047,215.68321,0.5766628289984227,0.977804288539856,1.0,0.0,0.0,13.799998370255315
NW150_FL330,2022-03-01 01:48:00.000000000,4.988404728130883,54.05624314490155,10058.4,26200.382022635047,215.73804,0.5502797058528862,0.932719262339223,1.0,0.0,0.0,13.799999540791967
NW150_FL330,2022-03-01 01:49:00.000000000,5.185435236830494,54.101418896952666,10058.4,26200.382022635047,215.73074,0.553463515088272,0.9381598692767891,1.0,0.0,0.0,13.800000526639762
NW150_FL330,2022-03-01 01:50:00.000000000,5.383125665288684,54.14591889581483,10058.4,26200.382022635047,215.70447,0.5638818922315291,0.9559934695645258,1.0,0.0,0.0,13.800001320950413
NW150_FL330,2022-03-01 01:51:00.000000000,5.581459182286482,54.18975467995547,10058.4,26200.382022635047,215.65762,0.5809719066536017,0.9852827931031265,1.0,0.0,0.0,13.800001919470516
NW150_FL330,2022-03-01 01:52:00.000000000,5.780419208811863,54.23293802620198,10058.4,26200.382022635047,215.6101,0.5991951510507686,1.0165161705209165,1.0,1.0,1.0,13.800002320404134
NW150_FL330,2022-03-01 01:53:00.000000000,5.979989426890096,54.27548093872749,10058.4,26200.382022635047,215.57254,0.6155090371568832,1.0444578926751962,1.0,1.0,1.0,13.800002524262844
NW150_FL330,2022-03-01 01:54:00.000000000,6.180153787413816,54.31739563831984,10058.4,26200.382022635047,215.58405,0.6263811199765107,1.0628221579883075,1.0,1.0,1.0,13.800002533692991
NW150_FL330,2022-03-01 01:55:00.000000000,6.3808965170056196,54.35869455194499,10058.4,26200.382022635047,215.60962,0.635472863390481,1.0780629271814322,1.0,1.0,1.0,13.800002353293928
NW150_FL330,2022-03-01 01:56:00.000000000,6.5822021239473365,54.399390302613654,10058.4,26200.382022635047,215.65523,0.6435375114643455,1.091403872931787,1.0,1.0,1.0,13.80000198943833
NW150_FL330,2022-03-01 01:57:00.000000000,6.784055403211021,54.4394956995573,10058.4,26200.382022635047,215.71869,0.6523408099874127,1.1058576419046724,1.0,1.0,1.0,13.800001450080874
NW150_FL330,2022-03-01 01:58:00.000000000,6.986441440627737,54.479023728716754,10058.4,26200.382022635047,215.7806,0.665161886806278,1.1271141112492458,1.0,1.0,1.0,13.800000744570198
NW150_FL330,2022-03-01 01:59:00.000000000,7.18934561623043,54.51798754354435,10058.4,26200.382022635047,215.83276,0.6524148668277082,1.105119807988458,1.0,1.0,1.0,13.799999883471097
NW150_FL330,2022-03-01 02:00:00.000000000,7.392753606807693,54.55640045611831,10058.4,26200.382022635047,215.88707,0.6343037646945938,1.074043678830969,1.0,1.0,1.0,13.799998878381079
NW150_FL330,2022-03-01 02:01:00.000000000,7.596651387704953,54.594275928565615,10058.4,26200.382022635047,215.94652,0.6016898179970153,1.0184031701751208,1.0,1.0,1.0,13.799997741767196
NW150_FL330,2022-03-01 02:02:00.000000000,7.801025233909899,54.63162756478736,10058.4,26200.382022635047,216.00981,0.5587425993872897,0.9453036745481629,1.0,0.0,0.0,13.799996486806835
NW150_FL330,2022-03-01 02:03:00.000000000,8.005861720458118,54.66846910247922,10058.4,26200.382022635047,216.07239,0.5192670407055031,0.878138667798971,1.0,0.0,0.0,13.799995127240448
NW150_FL330,2022-03-01 02:04:00.000000000,8.21114772219488,54.70481440543687,10058.4,26200.382022635047,216.15521,0.4785469704917367,0.8088169454212365,1.0,0.0,0.0,13.799993677240758
NW150_FL330,2022-03-01 02:05:00.000000000,8.416870412928134,54.74067745613532,10058.4,26200.382022635047,216.23355,0.4468003816194939,0.754752332942639,1.0,0.0,0.0,13.799992151289874
NW150_FL330,2022-03-01 02:06:00.000000000,8.623017264007114,54.77607234856892,10058.4,26200.382022635047,216.32037,0.4225034755021344,0.7132817743412018,1.0,0.0,0.0,13.799990564074568
NW150_FL330,2022-03-01 02:07:00.000000000,8.829576042360262,54.81101328133762,10058.4,26200.382022635047,216.41164,0.40289280777083736,0.6797458849785112,1.0,0.0,0.0,13.799988930389441
NW150_FL330,2022-03-01 02:08:00.000000000,9.036534808025143,54.845514550963514,10058.4,26200.382022635047,216.49687,0.387174289337839,0.6528394733564064,1.0,0.0,0.0,13.799987265057572
NW150_FL330,2022-03-01 02:09:00.000000000,9.243881911202225,54.87959054542058,10058.4,26200.382022635047,216.58116,0.37438235051037083,0.6309006854803698,1.0,0.0,0.0,13.799985582857834
NW150_FL330,2022-03-01 02:10:00.000000000,9.451605988863491,54.91325573785914,10058.4,26200.382022635047,216.65591,0.36186492288853483,0.6094906268847635,1.0,0.0,0.0,13.799983898464221
NW150_FL330,2022-03-01 02:11:00.000000000,9.659695960945642,54.94652468050605,10058.4,26200.382022635047,216.71327,0.3561297101130258,0.5995913778040869,1.0,0.0,0.0,13.799982226394873
NW150_FL330,2022-03-01 02:12:00.000000000,9.868141026157087,54.97941199871997,10058.4,26200.382022635047,216.76305,0.35105200591283225,0.5908380461310555,1.0,0.0,0.0,8.717907553283178
NW150_FL330,2022-03-01 02:12:37.904240283,10.0,55.0,10058.4,26200.382022635047,216.79686,0.346035255508847,0.5822570932951432,1.0,0.0,0.0,0.0
NW300_FL330,2022-03-01 00:00:00.000000000,-10.000000000000002,45.00000000000001,10058.4,26200.382022635047,216.48128,0.6896957243969801,1.1630662267974403,1.0,1.0,1.0,13.800034843118594
NW300_FL330,2022-03-01 00:01:00.000000000,-9.948323151402047,45.11861698721326,10058.4,26200.382022635047,216.44113,0.6879664599213766,1.1604753271917194,1.0,1.0,1.0,13.800006665435859
NW300_FL330,2022-03-01 00:02:00.000000000,-9.896402137726424,45.2372040256995,10058.4,26200.382022635047,216.4069,0.6871712467902292,1.159407522958935,1.0,1.0,1.0,13.799977763173437
NW300_FL330,2022-03-01 00:03:00.000000000,-9.844205048187119,45.355754336568715,10058.4,26200.382022635047,216.4116,0.6825311336147976,1.1515433666993473,1.0,1.0,1.0,13.800003201880159
NW300_FL330,2022-03-01 00:04:00.000000000,-9.79169221545635,45.47425993803365,10058.4,26200.382022635047,216.41867,0.6778205324826048,1.143536474573493,1.0,1.0,1.0,13.800019831035982
NW300_FL330,2022-03-01 00:05:00.000000000,-9.73883020753365,45.592713564836444,10058.4,26200.382022635047,216.45148,0.6714130212622653,1.132468799899568,1.0,1.0,1.0,13.799990542186567
NW300_FL330,2022-03-01 00:06:00.000000000,-9.68559173693477,45.711108893423734,10058.4,26200.382022635047,216.49124,0.6636495054423819,1.1190672236578727,1.0,1.0,1.0,13.799966575556896
NW300_FL330,2022-03-01 00:07:00.000000000,-9.631942676019541,45.82943851868831,10058.4,26200.382022635047,216.54619,0.6544554318503021,1.1031428352230537,1.0,1.0,1.0,13.800034470564826
NW300_FL330,2022-03-01 00:08:00.000000000,-9.577832641962,45.94769216492699,10058.4,26200.382022635047,216.608,0.6443794169372378,1.0856931846849829,1.0,1.0,1.0,13.800004853679956
NW300_FL330,2022-03-01 00:09:00.000000000,-9.523242741476356,46.0658646319852,10058.4,26200.382022635047,216.66287,0.6272449112081493,1.0564202808064351,1.0,1.0,1.0,13.799975174589125
NW300_FL330,2022-03-01 00:10:00.000000000,-9.468138670649463,46.1839481275579,10058.4,26200.382022635047,216.70712,0.6033742125886493,1.0159020100742249,1.0,1.0,1.0,13.799996337513656
NW300_FL330,2022-03-01 00:11:00.000000000,-9.412475134560134,46.30193273606196,10058.4,26200.382022635047,216.7111,0.5844119260419444,0.9839494226062927,1.0,0.0,0.0,13.80002177829723
NW300_FL330,2022-03-01 00:12:00.000000000,-9.356214232217248,46.41980959140651,10058.4,26200.382022635047,216.67459,0.5712535103363925,0.9620415389539235,1.0,0.0,0.0,13.799991978487872
NW300_FL330,2022-03-01 00:13:00.000000000,-9.299331078055891,46.53757207105862,10058.4,26200.382022635047,216.61258,0.5639601068245982,0.9501661795692093,1.0,0.0,0.0,13.79996288903523
NW300_FL330,2022-03-01 00:14:00.000000000,-9.2417896335749,46.65521139046437,10058.4,26200.382022635047,216.49199,0.5706530633937456,0.9622485293330824,1.0,0.0,0.0,13.800017586397669
NW300_FL330,2022-03-01 00:15:00.000000000,-9.183533336757865,46.77271458254579,10058.4,26200.382022635047,216.35338,0.5806798067915905,0.9800955827485294,1.0,0.0,0.0,13.800012642606154
NW300_FL330,2022-03-01 00:16:00.000000000,-9.124537269676559,46.8900744241367,10058.4,26200.382022635047,216.18102,0.5975875424494659,1.009833712739241,1.0,1.0,1.0,13.799983478538548
NW300_FL330,2022-03-01 00:17:00.000000000,-9.06476959695927,47.00728223711839,10058.4,26200.382022635047,216.03113,0.6126395153157287,1.0363363588575858,1.0,1.0,1.0,13.799955874461615
NW300_FL330,2022-03-01 00:18:00.000000000,-9.004192371172094,47.124327917170994,10058.4,26200.382022635047,215.9216,0.6242767410647577,1.0568165436274835,1.0,1.0,1.0,13.800022795812414
NW300_FL330,2022-03-01 00:19:00.000000000,-8.942742331284771,47.241195837621795,10058.4,26200.382022635047,215.82935,0.6334376360826689,1.073000273901436,1.0,1.0,1.0,13.80000943014113
NW300_FL330,2022-03-01 00:20:00.000000000,-8.880399361758288,47.35787881023055,10058.4,26200.382022635047,215.7292,0.639821669459943,1.0845569994809454,1.0,1.0,1.0,13.79998144097103
NW300_FL330,2022-03-01 00:21:00.000000000,-8.81712804662872,47.47436632203423,10058.4,26200.382022635047,215.65344,0.6417856803592484,1.0884489177765997,1.0,1.0,1.0,13.799955751288898
NW300_FL330,2022-03-01 00:22:00.000000000,-8.752888484884062,47.59064660231162,10058.4,26200.382022635047,215.59547,0.6369766419748278,1.0807186835666422,1.0,1.0,1.0,13.79999974357544
NW300_FL330,2022-03-01 00:23:00.000000000,-8.687621184744504,47.70670318021615,10058.4,26200.382022635047,215.55052,0.6286025426602134,1.0668370658541613,1.0,1.0,1.0,13.800014603485252
NW300_FL330,2022-03-01 00:24:00.000000000,-8.6212916133352,47.822524520353284,10058.4,26200.382022635047,215.54604,0.6153198780875455,1.0443268780272519,1.0,1.0,1.0,13.799987752859257
NW300_FL330,2022-03-01 00:25:00.000000000,-8.553869741791866,47.93809981100981,10058.4,26200.382022635047,215.56189,0.60070406451308,1.0194103725345698,1.0,1.0,1.0,13.79996366704769
NW300_FL330,2022-03-01 00:26:00.000000000,-8.485313856181833,48.05341525950304,10058.4,26200.382022635047,215.60233,0.5835672184355023,0.9900559837391963,1.0,0.0,0.0,13.799942842235483
NW300_FL330,2022-03-01 00:27:00.000000000,-8.415581801578655,48.16845651097662,10058.4,26200.382022635047,215.65962,0.563732937490625,0.9560321570451422,1.0,0.0,0.0,13.800016914087612
NW300_FL330,2022-03-01 00:28:00.000000000,-8.344603841813232,48.28320205518647,10058.4,26200.382022635047,215.71988,0.5436964479206462,0.9216747169762951,1.0,0.0,0.0,13.800004972425114
NW300_FL330,2022-03-01 00:29:00.000000000,-8.272359617391693,48.397641532390416,10058.4,26200.382022635047,215.8034,0.5211004221791694,0.882865573203162,1.0,0.0,0.0,13.799981440007572
NW300_FL330,2022-03-01 00:30:00.000000000,-8.198809767667017,48.511759680983936,10058.4,26200.382022635047,215.8965,0.4976733033010506,0.8426366463647481,1.0,0.0,0.0,13.799961128930406
NW300_FL330,2022-03-01 00:31:00.000000000,-8.123910851857396,48.62553969747014,10058.4,26200.382022635047,216.02829,0.4742640261367333,0.8022766853576706,1.0,0.0,0.0,13.79994434951923
NW300_FL330,2022-03-01 00:32:00.000000000,-8.047619175060253,48.73896411389615,10058.4,26200.382022635047,216.14812,0.45026364728163293,0.7610512355272244,1.0,0.0,0.0,13.799949522704459
NW300_FL330,2022-03-01 00:33:00.000000000,-7.969885434552368,48.85201334557368,10058.4,26200.382022635047,216.28131,0.43613356982960544,0.7364911514234173,1.0,0.0,0.0,13.800014181102688
NW300_FL330,2022-03-01 00:34:00.000000000,-7.890648069563789,48.96466371012504,10058.4,26200.382022635047,216.40704,0.4252766883025355,0.7175327076624088,1.0,0.0,0.0,13.799992650903825
NW300_FL330,2022-03-01 00:35:00.000000000,-7.809886021383044,49.076901625594274,10058.4,26200.382022635047,216.5121,0.4137733740359976,0.6976162092426359,1.0,0.0,0.0,13.799974108707389
NW300_FL330,2022-03-01 00:36:00.000000000,-7.727555347093408,49.1887068387166,10058.4,26200.382022635047,216.5997,0.4039502366077346,0.6806408544406454,1.0,0.0,0.0,13.799958655833514
NW300_FL330,2022-03-01 00:37:00.000000000,-7.643612181951804,49.30005836390617,10058.4,26200.382022635047,216.65695,0.39613486249897967,0.6672069224768815,1.0,0.0,0.0,13.799946336900428
NW300_FL330,2022-03-01 00:38:00.000000000,-7.558012825338964,49.41093447592809,10058.4,26200.382022635047,216.69945,0.3877752474303203,0.6529337663384236,1.0,0.0,0.0,13.799937139245799
NW300_FL330,2022-03-01 00:39:00.000000000,-7.470713833585899,49.52131270557739,10058.4,26200.382022635047,216.74866,0.3788084301916164,0.6376162547496779,1.0,0.0,0.0,13.799930993467326
NW300_FL330,2022-03-01 00:40:00.000000000,-7.381672119623329,49.63116983869982,10058.4,26200.382022635047,216.84764,0.3617730896921385,0.6085222113782895,1.0,0.0,0.0,13.799935080408797
NW300_FL330,2022-03-01 00:41:00.000000000,-7.290842991180416,49.740481273968314,10058.4,26200.382022635047,216.91666,0.35056973690001453,0.5893935720099539,1.0,0.0,0.0,13.79999350665374
NW300_FL330,2022-03-01 00:42:00.000000000,-7.198169519410879,49.84921753340485,10058.4,26200.382022635047,217.07494,0.3256731709776869,0.5469299600550868,1.0,0.0,0.0,13.799978927303988
NW300_FL330,2022-03-01 00:43:00.000000000,-7.103628498314238,49.95735875096998,10058.4,26200.382022635047,217.20583,0.3032751977774401,0.5088474173765173,1.0,0.0,0.0,13.799966433137888
NW300_FL330,2022-03-01 00:44:00.000000000,-7.0071795140932345,50.06487885572919,10058.4,26200.382022635047,217.31183,0.28084462260089466,0.47086114753408514,1.0,0.0,0.0,13.79995586908043
NW300_FL330,2022-03-01 00:45:00.000000000,-6.9087830925656055,50.171751090152405,10058.4,26200.382022635047,217.43619,0.2544698872387995,0.42626677095958837,1.0,0.0,0.0,13.799947052381834
NW300_FL330,2022-03-01 00:46:00.000000000,-6.808400832996052,50.27794803570585,10058.4,26200.382022635047,217.54753,0.2282749422739634,0.3820855729775714,1.0,0.0,0.0,13.799939778560672
NW300_FL330,2022-03-01 00:47:00.000000000,-6.705995546066805,50.38344164394248,10058.4,26200.382022635047,217.66542,0.1990924775994083,0.33296148697880074,1.0,0.0,0.0,13.799933827852389
NW300_FL330,2022-03-01 00:48:00.000000000,-6.601531395219343,50.48820327332102,10058.4,26200.382022635047,217.79726,0.1674097289649785,0.279713787170767,1.0,0.0,0.0,13.799928972027583
NW300_FL330,2022-03-01 00:49:00.000000000,-6.494974040497284,50.592203731941304,10058.4,26200.382022635047,217.92087,0.1457132396281329,0.2432479287752517,1.0,0.0,0.0,13.799924981403041
NW300_FL330,2022-03-01 00:50:00.000000000,-6.386290783920157,50.69541332633463,10058.4,26200.382022635047,218.05498,0.12546729329622783,0.20924947835870453,1.0,0.0,0.0,13.799921631877607
NW300_FL330,2022-03-01 00:51:00.000000000,-6.2754507153220995,50.797801916390625,10058.4,26200.382022635047,218.16261,0.11284794566417342,0.18805834645268638,1.0,0.0,0.0,13.799918711778243
NW300_FL330,2022-03-01 00:52:00.000000000,-6.162424857501622,50.89933897643868,10058.4,26200.382022635047,218.23557,0.10775831717315502,0.17948246885492586,1.0,0.0,0.0,13.799916028361567
NW300_FL330,2022-03-01 00:53:00.000000000,-6.0471863094495175,50.99999366243146,10058.4,26200.382022635047,218.3079,0.10256389876851475,0.17074202094425173,1.0,0.0,0.0,13.799913413752241
NW300_FL330,2022-03-01 00:54:00.000000000,-5.929710386355748,51.099734885102215,10058.4,26200.382022635047,218.33098,0.1044610434922197,0.1738712632799929,1.0,0.0,0.0,13.799910730138198
NW300_FL330,2022-03-01 00:55:00.000000000,-5.8099747550443395,51.19853138888636,10058.4,26200.382022635047,218.35898,0.10521398825057658,0.175089420425306,1.0,0.0,0.0,13.799907874076975
NW300_FL330,2022-03-01 00:56:00.000000000,-5.687959563450105,51.296351836313654,10058.4,26200.382022635047,218.37831,0.10491803244015235,0.17457205217931435,1.0,0.0,0.0,13.79990477972228
NW300_FL330,2022-03-01 00:57:00.000000000,-5.56364756273571,51.39316489749046,10058.4,26200.382022635047,218.38426,0.10361004127770859,0.17238862249969067,1.0,0.0,0.0,13.799901420893251
NW300_FL330,2022-03-01 00:58:00.000000000,-5.4370242206528845,51.48893934420452,10058.4,26200.382022635047,218.38329,0.10158482668535643,0.16902018176836603,1.0,0.0,0.0,13.799897811846515
NW300_FL330,2022-03-01 00:59:00.000000000,-5.308077824779514,51.583644148098536,10058.4,26200.382022635047,218.37044,0.1033066269406688,0.17190104762686492,1.0,0.0,0.0,13.799894006728076
NW300_FL330,2022-03-01 01:00:00.000000000,-5.176799574316013,51.67724858227623,10058.4,26200.382022635047,218.3436,0.10567102067126752,0.1758696290919626,1.0,0.0,0.0,13.799890097668875
NW300_FL330,2022-03-01 01:01:00.000000000,-5.043183659200432,51.76972232562682,10058.4,26200.382022635047,218.29175,0.10996484453227232,0.18308382149351518,1.0,0.0,0.0,13.799886211544619
NW300_FL330,2022-03-01 01:02:00.000000000,-4.907227325401263,51.8610355690834,10058.4,26200.382022635047,218.23264,0.1172852655019687,0.1953547020896955,1.0,0.0,0.0,13.799882505488926
NW300_FL330,2022-03-01 01:03:00.000000000,-4.768930925370678,51.95115912296934,10058.4,26200.382022635047,218.16931,0.12574843903772193,0.20954645156068075,1.0,0.0,0.0,13.799879161238978
NW300_FL330,2022-03-01 01:04:00.000000000,-4.628297952786058,52.04006452453659,10058.4,26200.382022635047,218.11757,0.13415789070166534,0.22364344769439176,1.0,0.0,0.0,13.79987637850337
NW300_FL330,2022-03-01 01:05:00.000000000,-4.485335060872928,52.127724144762055,10058.4,26200.382022635047,218.08221,0.14071210555833233,0.23462833242114733,1.0,0.0,0.0,13.799874367506506
NW300_FL330,2022-03-01 01:06:00.000000000,-4.340052063785224,52.214111293444496,10058.4,26200.382022635047,218.02295,0.1489755566572087,0.24851285545896631,1.0,0.0,0.0,13.799875260345667
NW300_FL330,2022-03-01 01:07:00.000000000,-4.192461576710146,52.299200123019176,10058.4,26200.382022635047,217.98582,0.1558656703326326,0.26007597544729966,1.0,0.0,0.0,13.799958362399373
NW300_FL330,2022-03-01 01:08:00.000000000,-4.042565505808821,52.382957721133714,10058.4,26200.382022635047,217.96767,0.16155376966181179,0.2696016689765707,1.0,0.0,0.0,13.79994634307932
NW300_FL330,2022-03-01 01:09:00.000000000,-3.8903976137133776,52.4653690353782,10058.4,26200.382022635047,217.92514,0.17119431123374498,0.2857761064266154,1.0,0.0,0.0,13.799934758524605
NW300_FL330,2022-03-01 01:10:00.000000000,-3.7359801900362437,52.5464122011229,10058.4,26200.382022635047,217.8828,0.1798277970072422,0.30027909622935434,1.0,0.0,0.0,13.799923893437573
NW300_FL330,2022-03-01 01:11:00.000000000,-3.5793384277428935,52.62606676530347,10058.4,26200.382022635047,217.84761,0.18686616447241722,0.312109760352086,1.0,0.0,0.0,13.799914005702364
NW300_FL330,2022-03-01 01:12:00.000000000,-3.420500321548006,52.70431376094036,10058.4,26200.382022635047,217.81708,0.19217254559303928,0.3210429044257794,1.0,0.0,0.0,13.799905318758915
NW300_FL330,2022-03-01 01:13:00.000000000,-3.2594965516209413,52.78113577383572,10058.4,26200.382022635047,217.79018,0.19417938940249174,0.32445717824731807,1.0,0.0,0.0,13.799898015093248
NW300_FL330,2022-03-01 01:14:00.000000000,-3.0963603537213,52.85651700087687,10058.4,26200.382022635047,217.77171,0.19253177941322422,0.3217473880719095,1.0,0.0,0.0,13.799892231080968
NW300_FL330,2022-03-01 01:15:00.000000000,-2.93112737703906,52.93044329948208,10058.4,26200.382022635047,217.74069,0.19251277535141867,0.3217855217190734,1.0,0.0,0.0,13.79988805331851
NW300_FL330,2022-03-01 01:16:00.000000000,-2.7638355311439367,53.00290222783783,10058.4,26200.382022635047,217.69301,0.19248079408101124,0.32184231413684466,1.0,0.0,0.0,13.799885516550193
NW300_FL330,2022-03-01 01:17:00.000000000,-2.594524823554262,53.07388307569488,10058.4,26200.382022635047,217.63586,0.19761538753426733,0.3305603858898922,1.0,0.0,0.0,13.799884603266875
NW300_FL330,2022-03-01 01:18:00.000000000,-2.4232371895126836,53.14337688560977,10058.4,26200.382022635047,217.56233,0.2043405834466397,0.34198921306204216,1.0,0.0,0.0,13.799885244947372
NW300_FL330,2022-03-01 01:19:00.000000000,-2.250016315606625,53.21137646463753,10058.4,26200.382022635047,217.47281,0.2123222893485035,0.3555722424190915,1.0,0.0,0.0,13.799887324900999
NW300_FL330,2022-03-01 01:20:00.000000000,-2.0749074588928185,53.277876386596866,10058.4,26200.382022635047,217.35423,0.2305899398641083,0.3864882968899175,1.0,0.0,0.0,13.799890682600761
NW300_FL330,2022-03-01 01:21:00.000000000,-1.8979572631798203,53.34287298513899,10058.4,26200.382022635047,217.24767,0.24657125298167773,0.4135853296374087,1.0,0.0,0.0,13.799895119344866
NW300_FL330,2022-03-01 01:22:00.000000000,-1.719213574090673,53.406364337953896,10058.4,26200.382022635047,217.14311,0.2605450325288577,0.4373453196880775,1.0,0.0,0.0,13.799900405062836
NW300_FL330,2022-03-01 01:23:00.000000000,-1.538725254472115,53.46835024254097,10058.4,26200.382022635047,217.03937,0.2720667411201309,0.4570177921370987,1.0,0.0,0.0,13.79990628602072
NW300_FL330,2022-03-01 01:24:00.000000000,-1.356542001638573,53.52883218405242,10058.4,26200.382022635047,216.9387,0.2823622127644068,0.4746463008865056,1.0,0.0,0.0,13.79991249319038
NW300_FL330,2022-03-01 01:25:00.000000000,-1.172714167843412,53.58781329578929,10058.4,26200.382022635047,216.85338,0.29145739643646146,0.4902276309846276,1.0,0.0,0.0,13.799918750991056
NW300_FL330,2022-03-01 01:26:00.000000000,-0.9872925852565602,53.64529831298643,10058.4,26200.382022635047,216.75415,0.3031276376192909,0.510209455692297,1.0,0.0,0.0,13.799924786167315
NW300_FL330,2022-03-01 01:27:00.000000000,-0.800328396603329,53.7012935205683,10058.4,26200.382022635047,216.66763,0.315080610490348,0.5306477887713122,1.0,0.0,0.0,13.79993033648061
NW300_FL330,2022-03-01 01:28:00.000000000,-0.6118728924847379,53.75580669558846,10058.4,26200.382022635047,216.57886,0.33018266918920686,0.5564259520894883,1.0,0.0,0.0,13.799935159022626
NW300_FL330,2022-03-01 01:29:00.000000000,-0.42197735625945404,53.80884704508488,10058.4,26200.382022635047,216.53929,0.338891207894059,0.5712584867985242,1.0,0.0,0.0,13.799939037850189
NW300_FL330,2022-03-01 01:30:00.000000000,-0.23069291722504956,53.86042514008997,10058.4,26200.382022635047,216.50871,0.34423665715482654,0.5803921019397443,1.0,0.0,0.0,13.79994179078318
NW300_FL330,2022-03-01 01:31:00.000000000,-0.03807041269302599,53.910552846529505,10058.4,26200.382022635047,216.46373,0.3522937607008039,0.594161714287485,1.0,0.0,0.0,13.799943275155096
NW300_FL330,2022-03-01 01:32:00.000000000,0.1558397405871601,53.95924325373014,10058.4,26200.382022635047,216.42657,0.3600609361414781,0.6074181341789546,1.0,0.0,0.0,13.799943392385876
NW300_FL330,2022-03-01 01:33:00.000000000,0.35098766533486897,54.00651060123104,10058.4,26200.382022635047,216.3681,0.37201093549623987,0.6278306384634593,1.0,0.0,0.0,13.799942091276058
NW300_FL330,2022-03-01 01:34:00.000000000,0.5473241327828376,54.05237020456364,10058.4,26200.382022635047,216.29347,0.3870218585852373,0.6535022106774208,1.0,0.0,0.0,13.799939369947783
NW300_FL330,2022-03-01 01:35:00.000000000,0.7448006617853401,54.09683838062501,10058.4,26200.382022635047,216.20908,0.4021484136961215,0.6794388783318033,1.0,0.0,0.0,13.79993527641069
NW300_FL330,2022-03-01 01:36:00.000000000,0.943369608024376,54.139932373227055,10058.4,26200.382022635047,216.12083,0.41754328341347324,0.7058771200607268,1.0,0.0,0.0,13.799929907760507
NW300_FL330,2022-03-01 01:37:00.000000000,1.142984243446075,54.18167027935618,10058.4,26200.382022635047,216.00682,0.43839794047079256,0.7417140536215615,1.0,0.0,0.0,13.799923408062723
NW300_FL330,2022-03-01 01:38:00.000000000,1.3435988261461758,54.22207097662803,10058.4,26200.382022635047,215.88545,0.46207536528267856,0.782425507326658,1.0,0.0,0.0,13.799915964977409
NW300_FL330,2022-03-01 01:39:00.000000000,1.545168660997899,54.26115405237014,10058.4,26200.382022635047,215.76657,0.487105094587544,0.8254763790580467,1.0,0.0,0.0,13.799907805259913
NW300_FL330,2022-03-01 01:40:00.000000000,1.7476501513793214,54.298939734713336,10058.4,26200.382022635047,215.65561,0.5133652495322667,0.8706364281530709,1.0,0.0,0.0,13.799905225618216
NW300_FL330,2022-03-01 01:41:00.000000000,1.951001321706038,54.3354480988425,10058.4,26200.382022635047,215.5706,0.5343269885981864,0.9067125319761842,1.0,0.0,0.0,13.80003550067695
NW300_FL330,2022-03-01 01:42:00.000000000,2.1551912888926434,54.370684072582705,10058.4,26200.382022635047,215.4875,0.5556996635239245,0.9435124211289527,1.0,0.0,0.0,13.80001194060027
NW300_FL330,2022-03-01 01:43:00.000000000,2.3601687814981553,54.404685818447064,10058.4,26200.382022635047,215.42027,0.5793620563320485,0.9841379860231187,1.0,0.0,0.0,13.799988050689471
NW300_FL330,2022-03-01 01:44:00.000000000,2.5658948749977406,54.43747558046449,10058.4,26200.382022635047,215.37149,0.6047324247908306,1.027574150147795,1.0,1.0,1.0,13.799964294443889
NW300_FL330,2022-03-01 01:45:00.000000000,2.772331890772268,54.46907594249486,10058.4,26200.382022635047,215.34953,0.6269638313731094,1.0655065840635105,1.0,1.0,1.0,13.79994113566568
NW300_FL330,2022-03-01 01:46:00.000000000,2.9794434044374127,54.49950977601977,10058.4,26200.382022635047,215.37077,0.6347031423171988,1.078504752287302,1.0,1.0,1.0,13.799919029035573
NW300_FL330,2022-03-01 01:47:00.000000000,3.1871942485890172,54.528800191289015,10058.4,26200.382022635047,215.39375,0.6441590590163213,1.0944017863346134,1.0,1.0,1.0,13.799903858262315
NW300_FL330,2022-03-01 01:48:00.000000000,3.395550879759554,54.55696978407656,10058.4,26200.382022635047,215.42049,0.6501210957015129,1.1043300842122468,1.0,1.0,1.0,13.800055039082034
NW300_FL330,2022-03-01 01:49:00.000000000,3.604491615359623,54.58402008165235,10058.4,26200.382022635047,215.44867,0.6541301671909733,1.1109304812846765,1.0,1.0,1.0,13.800015441936033
NW300_FL330,2022-03-01 01:50:00.000000000,3.8139728517228146,54.60999719041869,10058.4,26200.382022635047,215.47641,0.6572561347442016,1.1160272166995584,1.0,1.0,1.0,13.799978645815921
NW300_FL330,2022-03-01 01:51:00.000000000,4.023964354506401,54.63492486350083,10058.4,26200.382022635047,215.51067,0.6556545036744374,1.1130489313535223,1.0,1.0,1.0,13.799945081809751
NW300_FL330,2022-03-01 01:52:00.000000000,4.234437101686992,54.658826899104795,10058.4,26200.382022635047,215.55682,0.64845291993003,1.100478986109453,1.0,1.0,1.0,13.799915120264668
NW300_FL330,2022-03-01 01:53:00.000000000,4.445363262970964,54.68172711119074,10058.4,26200.382022635047,215.65648,0.6094885832894759,1.033651034832959,1.0,1.0,1.0,13.800015788586125
NW300_FL330,2022-03-01 01:54:00.000000000,4.65672372489985,54.70363128764721,10058.4,26200.382022635047,215.75523,0.5700269456161848,0.9660763036924914,1.0,0.0,0.0,13.800026752290783
NW300_FL330,2022-03-01 01:55:00.000000000,4.868487720428609,54.7245739875963,10058.4,26200.382022635047,215.82338,0.5407290168549361,0.9159961441392582,1.0,0.0,0.0,13.799983572061933
NW300_FL330,2022-03-01 01:56:00.000000000,5.080627538644073,54.74458663851475,10058.4,26200.382022635047,215.85078,0.525657375471528,0.8902972281870677,1.0,0.0,0.0,13.799945817559948
NW300_FL330,2022-03-01 01:57:00.000000000,5.293119881497206,54.763692990803875,10058.4,26200.382022635047,215.83263,0.5276042200777198,0.8937079024126888,1.0,0.0,0.0,13.799938516635832
NW300_FL330,2022-03-01 01:58:00.000000000,5.505943868646182,54.78191294381553,10058.4,26200.382022635047,215.74498,0.554902592714929,0.9405101204215566,1.0,0.0,0.0,13.800050656767903
NW300_FL330,2022-03-01 01:59:00.000000000,5.719084419011531,54.79925175731836,10058.4,26200.382022635047,215.64876,0.5794559834090932,0.9827701562221735,1.0,0.0,0.0,13.800003204209666
NW300_FL330,2022-03-01 02:00:00.000000000,5.932512825652237,54.81575578710652,10058.4,26200.382022635047,215.56374,0.6010835016539767,1.0200428390030853,1.0,1.0,1.0,13.799962666862402
NW300_FL330,2022-03-01 02:01:00.000000000,6.1462099113233615,54.83144846222197,10058.4,26200.382022635047,215.51816,0.615767411540952,1.0452844747507999,1.0,1.0,1.0,13.799932359184918
NW300_FL330,2022-03-01 02:02:00.000000000,6.3601576187555455,54.846352522537195,10058.4,26200.382022635047,215.50323,0.6253024766034315,1.061577291022213,1.0,1.0,1.0,13.800051701259331
NW300_FL330,2022-03-01 02:03:00.000000000,6.574345601833692,54.860467055141825,10058.4,26200.382022635047,215.51442,0.6366706518109422,1.0807968155156935,1.0,1.0,1.0,13.80000554177809
NW300_FL330,2022-03-01 02:04:00.000000000,6.788749289172524,54.87384091232076,10058.4,26200.382022635047,215.55319,0.6556273424532777,1.112682532378574,1.0,1.0,1.0,13.799967129490193
NW300_FL330,2022-03-01 02:05:00.000000000,7.0033531669792195,54.88649708306962,10058.4,26200.382022635047,215.60579,0.6761749711156027,1.1471432179810754,1.0,1.0,1.0,13.799960623388825
NW300_FL330,2022-03-01 02:06:00.000000000,7.218143656439326,54.89845407593597,10058.4,26200.382022635047,215.66238,0.6626927475184656,1.1238360433674708,1.0,1.0,1.0,13.8000381484042
NW300_FL330,2022-03-01 02:07:00.000000000,7.433110284466571,54.90971982486474,10058.4,26200.382022635047,215.72191,0.6461696769651737,1.0953720254020454,1.0,1.0,1.0,13.799997707739267
NW300_FL330,2022-03-01 02:08:00.000000000,7.648234507949747,54.92033751497244,10058.4,26200.382022635047,215.79134,0.6149204106241979,1.0419040136972,1.0,1.0,1.0,13.799965046205028
NW300_FL330,2022-03-01 02:09:00.000000000,7.863504016276233,54.93032968835278,10058.4,26200.382022635047,215.86555,0.578886556464391,0.9803538802099362,1.0,0.0,0.0,13.799998359184581
NW300_FL330,2022-03-01 02:10:00.000000000,8.078909613694025,54.93970734956771,10058.4,26200.382022635047,215.9455,0.5442008292911904,0.9211073405918849,1.0,0.0,0.0,13.800019524346945
NW300_FL330,2022-03-01 02:11:00.000000000,8.294439602046854,54.94849485749177,10058.4,26200.382022635047,216.03497,0.509207718257828,0.8613494925321734,1.0,0.0,0.0,13.799987344744515
NW300_FL330,2022-03-01 02:12:00.000000000,8.51008135994762,54.95672549342708,10058.4,26200.382022635047,216.12859,0.47572041239253393,0.8041867808221143,1.0,0.0,0.0,13.799962217577544
NW300_FL330,2022-03-01 02:13:00.000000000,8.725825342473327,54.96442143190606,10058.4,26200.382022635047,216.2394,0.44687083607097405,0.7548397473121531,1.0,0.0,0.0,13.800030591944905
NW300_FL330,2022-03-01 02:14:00.000000000,8.941665815844612,54.97158610280672,10058.4,26200.382022635047,216.34235,0.4220306348358083,0.7123746664839995,1.0,0.0,0.0,13.800003074592663
NW300_FL330,2022-03-01 02:15:00.000000000,9.157590658160426,54.97826150894907,10058.4,26200.382022635047,216.45045,0.39907648043819766,0.6731259298982571,1.0,0.0,0.0,13.799979693093027
NW300_FL330,2022-03-01 02:16:00.000000000,9.373592057318856,54.984470163858454,10058.4,26200.382022635047,216.55261,0.3797927745955741,0.6401466674225075,1.0,0.0,0.0,13.799998894018712
NW300_FL330,2022-03-01 02:17:00.000000000,9.58966406355943,54.990225655978996,10058.4,26200.382022635047,216.6417,0.36581625436728105,0.6162082935202163,1.0,0.0,0.0,13.800013114578606
NW300_FL330,2022-03-01 02:18:00.000000000,9.805799607243536,54.995551318891,10058.4,26200.382022635047,216.71858,0.35594987730453354,0.599266795477426,1.0,0.0,0.0,12.396422411584279
NW300_FL330,2022-03-01 02:18:53.897617080,9.999999999999996,55.0,10058.4,26200.382022635047,216.77946,0.34812167928555804,0.5858402674499692,1.0,0.0,0.0,0.0
SE300_FL340,2022-03-01 00:00:00.000000000,-10.000000000000002,45.00000000000001,10363.2,24998.640987310537,214.05959,0.7336607892244564,1.2576370674106507,1.0,1.0,1.0,13.800115027908165
SE300_FL340,2022-03-01 00:01:00.000000000,-9.832634228109365,45.0374989777726,10363.2,24998.640987310537,214.09569,0.7269699618657465,1.2458690570793025,1.0,1.0,1.0,13.800020549916326
SE300_FL340,2022-03-01 00:02:00.000000000,-9.665061957945106,45.074778023133646,10363.2,24998.640987310537,214.13902,0.7241050019591392,1.2406039787413834,1.0,1.0,1.0,13.799927543731021
SE300_FL340,2022-03-01 00:03:00.000000000,-9.497293172355167,45.111857647020635,10363.2,24998.640987310537,214.18976,0.7232279459392663,1.2386848847005205,1.0,1.0,1.0,13.800010362739226
SE300_FL340,2022-03-01 00:04:00.000000000,-9.329333869699752,45.148755048499964,10363.2,24998.640987310537,214.23766,0.7217949196444501,1.2358372413403653,1.0,1.0,1.0,13.8000625389665
SE300_FL340,2022-03-01 00:05:00.000000000,-9.161195059406664,45.18549293097829,10363.2,24998.640987310537,214.27872,0.7210252130466336,1.23418497684063,1.0,1.0,1.0,13.799971646306037
SE300_FL340,2022-03-01 00:06:00.000000000,-8.992889620285059,45.222095268527376,10363.2,24998.640987310537,214.31123,0.7217072375665473,1.2350881048525513,1.0,1.0,1.0,13.799899873840282
SE300_FL340,2022-03-01 00:07:00.000000000,-8.824426642306625,45.25858271091628,10363.2,24998.640987310537,214.33981,0.7167008328720917,1.2262879967509925,1.0,1.0,1.0,13.800105239252431
SE300_FL340,2022-03-01 00:08:00.000000000,-8.65581080706178,45.2949740113112,10363.2,24998.640987310537,214.37885,0.7091314188215627,1.2130198632252505,1.0,1.0,1.0,13.80001760658135
SE300_FL340,2022-03-01 00:09:00.000000000,-8.487057177228046,45.3312945416673,10363.2,24998.640987310537,214.40483,0.702822114647316,1.2020209324242928,1.0,1.0,1.0,13.79993231818943
SE300_FL340,2022-03-01 00:10:00.000000000,-8.31817494269894,45.36756551489382,10363.2,24998.640987310537,214.42897,0.6955407183708703,1.1893755688983796,1.0,1.0,1.0,13.799993838825486
SE300_FL340,2022-03-01 00:11:00.000000000,-8.149171301625014,45.4038082101483,10363.2,24998.640987310537,214.45584,0.6932459130155182,1.185240261413937,1.0,1.0,1.0,13.80006634186223
SE300_FL340,2022-03-01 00:12:00.000000000,-7.980055881015995,45.44004548033964,10363.2,24998.640987310537,214.48442,0.6948254955811498,1.1877157644409848,1.0,1.0,1.0,13.799985579438726
SE300_FL340,2022-03-01 00:13:00.000000000,-7.81084018030542,45.47629954581915,10363.2,24998.640987310537,214.50327,0.6993810255922078,1.195352896215465,1.0,1.0,1.0,13.799907812990368
SE300_FL340,2022-03-01 00:14:00.000000000,-7.64153340621131,45.51259224345501,10363.2,24998.640987310537,214.53876,0.7061260873008446,1.2065976542626586,1.0,1.0,1.0,13.80005343805641
SE300_FL340,2022-03-01 00:15:00.000000000,-7.472142889633564,45.54894792999821,10363.2,24998.640987310537,214.58813,0.712718307611953,1.2174607888864124,1.0,1.0,1.0,13.800042769194542
SE300_FL340,2022-03-01 00:16:00.000000000,-7.30268005570596,45.58538865893594,10363.2,24998.640987310537,214.66422,0.7224361859878252,1.2334325379701059,1.0,1.0,1.0,13.799970371522296
SE300_FL340,2022-03-01 00:17:00.000000000,-7.133155014811902,45.621936316925805,10363.2,24998.640987310537,214.74745,0.7299295087883839,1.2455335747088434,1.0,1.0,1.0,13.799901682232836
SE300_FL340,2022-03-01 00:18:00.000000000,-6.963577350434745,45.65861348889645,10363.2,24998.640987310537,214.83006,0.7352680299326414,1.2539487254982091,1.0,1.0,1.0,13.800065477575464
SE300_FL340,2022-03-01 00:19:00.000000000,-6.793955919788455,45.69544792952469,10363.2,24998.640987310537,214.919,0.7369793029643236,1.2561191892741652,1.0,1.0,1.0,13.80003693342804
SE300_FL340,2022-03-01 00:20:00.000000000,-6.62430206827496,45.732459891422764,10363.2,24998.640987310537,214.98215,0.7330945901509351,1.248968631820488,1.0,1.0,1.0,13.799973816594894
SE300_FL340,2022-03-01 00:21:00.000000000,-6.454626108496878,45.76967183596835,10363.2,24998.640987310537,215.03749,0.7239095015509434,1.2328600411163078,1.0,1.0,1.0,13.79991501954183
SE300_FL340,2022-03-01 00:22:00.000000000,-6.284938381864701,45.807107160064675,10363.2,24998.640987310537,215.08089,0.7105641552843527,1.209780225682362,1.0,1.0,1.0,13.80001310806428
SE300_FL340,2022-03-01 00:23:00.000000000,-6.1152496770827875,45.84479442806904,10363.2,24998.640987310537,215.12375,0.7030170394852433,1.196583877035856,1.0,1.0,1.0,13.80004905320983
SE300_FL340,2022-03-01 00:24:00.000000000,-5.945571349662257,45.8827565001216,10363.2,24998.640987310537,215.16643,0.6984230393740448,1.1884216415751436,1.0,1.0,1.0,13.799995207272767
SE300_FL340,2022-03-01 00:25:00.000000000,-5.775914582343945,45.92101460539857,10363.2,24998.640987310537,215.20633,0.6941786193089742,1.1808777023491157,1.0,1.0,1.0,13.799946018066104
SE300_FL340,2022-03-01 00:26:00.000000000,-5.606290874535937,45.959592928785845,10363.2,24998.640987310537,215.24617,0.6904347908349618,1.1741964262975761,1.0,1.0,1.0,13.799901826521442
SE300_FL340,2022-03-01 00:27:00.000000000,-5.436712081951,45.99851585627959,10363.2,24998.640987310537,215.29039,0.6847479556268602,1.1641771472169178,1.0,1.0,1.0,13.800049850384529
SE300_FL340,2022-03-01 00:28:00.000000000,-5.267191966322243,46.03781647078147,10363.2,24998.640987310537,215.33151,0.6734401147451043,1.1446313794152594,1.0,1.0,1.0,13.800031588333269
SE300_FL340,2022-03-01 00:29:00.000000000,-5.097742422824589,46.07751300401981,10363.2,24998.640987310537,215.3335,0.6569353048910976,1.1165652959903922,1.0,1.0,1.0,13.799990478669388
SE300_FL340,2022-03-01 00:30:00.000000000,-4.92837633795386,46.11762914151849,10363.2,24998.640987310537,215.32497,0.6440072050805684,1.0946544910240217,1.0,1.0,1.0,13.7999541838252
SE300_FL340,2022-03-01 00:31:00.000000000,-4.759107233713054,46.158189859635726,10363.2,24998.640987310537,215.30963,0.635298793134392,1.0799673019695484,1.0,1.0,1.0,13.799922890616976
SE300_FL340,2022-03-01 00:32:00.000000000,-4.589949114555786,46.19922026051813,10363.2,24998.640987310537,215.28271,0.6291958102905697,1.0697857637643606,1.0,1.0,1.0,13.799929959565615
SE300_FL340,2022-03-01 00:33:00.000000000,-4.420917005638568,46.24074744997757,10363.2,24998.640987310537,215.23222,0.624868049743825,1.0627903034678166,1.0,1.0,1.0,13.800043955541087
SE300_FL340,2022-03-01 00:34:00.000000000,-4.252027880874641,46.28280309951133,10363.2,24998.640987310537,215.14212,0.618379648835994,1.0523934281661305,1.0,1.0,1.0,13.80001263583261
SE300_FL340,2022-03-01 00:35:00.000000000,-4.083295312513981,46.32540456469928,10363.2,24998.640987310537,215.04199,0.6121286569131672,1.0424607510138342,1.0,1.0,1.0,13.79998555573942
SE300_FL340,2022-03-01 00:36:00.000000000,-3.914735435139302,46.3685770941835,10363.2,24998.640987310537,214.93727,0.6046766697656625,1.0304927513514404,1.0,1.0,1.0,13.799962706248108
SE300_FL340,2022-03-01 00:37:00.000000000,-3.7463649709978815,46.41234591653959,10363.2,24998.640987310537,214.83199,0.5957353838280564,1.0159720572781386,1.0,1.0,1.0,13.799944029141807
SE300_FL340,2022-03-01 00:38:00.000000000,-3.578201246424688,46.45673620162743,10363.2,24998.640987310537,214.763,0.5972183779967837,1.0189742814072629,1.0,1.0,1.0,13.799929415534166
SE300_FL340,2022-03-01 00:39:00.000000000,-3.41026220591334,46.50177301855226,10363.2,24998.640987310537,214.70125,0.5976177832401319,1.020074630406902,1.0,1.0,1.0,13.79991870565744
SE300_FL340,2022-03-01 00:40:00.000000000,-3.2425664234872786,46.54748129024899,10363.2,24998.640987310537,214.64293,0.5964535350350206,1.0184847115891273,1.0,1.0,1.0,13.799922852412047
SE300_FL340,2022-03-01 00:41:00.000000000,-3.0751334306903266,46.59388656047466,10363.2,24998.640987310537,214.59784,0.5944109932376926,1.0153015260907188,1.0,1.0,1.0,13.800008407530912
SE300_FL340,2022-03-01 00:42:00.000000000,-2.907985546322268,46.641019270999685,10363.2,24998.640987310537,214.56187,0.5925427940256432,1.0123539866169324,1.0,1.0,1.0,13.79999152577942
SE300_FL340,2022-03-01 00:43:00.000000000,-2.74114057917694,46.68889649733604,10363.2,24998.640987310537,214.5301,0.5906259772779556,1.0092925335808764,1.0,1.0,1.0,13.799977274791766
SE300_FL340,2022-03-01 00:44:00.000000000,-2.5746196225871447,46.73754198383629,10363.2,24998.640987310537,214.50948,0.5925536637867825,1.0127280703769037,1.0,1.0,1.0,13.799965416219916
SE300_FL340,2022-03-01 00:45:00.000000000,-2.4084444011529893,46.78697905887585,10363.2,24998.640987310537,214.49367,0.594207591166697,1.0156587461725832,1.0,1.0,1.0,13.799955690405685
SE300_FL340,2022-03-01 00:46:00.000000000,-2.24263725835525,46.83723057208739,10363.2,24998.640987310537,214.4796,0.5962517878742758,1.0192493849680921,1.0,1.0,1.0,13.799947822412035
SE300_FL340,2022-03-01 00:47:00.000000000,-2.077221138921509,46.88831882936984,10363.2,24998.640987310537,214.47066,0.5988772812541096,1.0237973684322559,1.0,1.0,1.0,13.799941528604728
SE300_FL340,2022-03-01 00:48:00.000000000,-1.9122195656143586,46.94026552601405,10363.2,24998.640987310537,214.44911,0.6079886547489035,1.0395261226566512,1.0,1.0,1.0,13.799936523592704
SE300_FL340,2022-03-01 00:49:00.000000000,-1.747656610142675,46.99309167833649,10363.2,24998.640987310537,214.41681,0.6233687950747866,1.0660496126910841,1.0,1.0,1.0,13.799932527317191
SE300_FL340,2022-03-01 00:50:00.000000000,-1.5835568579366146,47.046817554258936,10363.2,24998.640987310537,214.39067,0.6372668363696087,1.0900070246370863,1.0,1.0,1.0,13.799929272076493
SE300_FL340,2022-03-01 00:51:00.000000000,-1.41994536657518,47.10146260331857,10363.2,24998.640987310537,214.3695,0.6507804907440861,1.1132743514114758,1.0,1.0,1.0,13.799926509251202
SE300_FL340,2022-03-01 00:52:00.000000000,-1.2568476177121715,47.15704538663485,10363.2,24998.640987310537,214.35866,0.6647257514802679,1.1372145014328843,1.0,1.0,1.0,13.799924015512413
SE300_FL340,2022-03-01 00:53:00.000000000,-1.0942894624114776,47.21358350739827,10363.2,24998.640987310537,214.38416,0.6625400091629178,1.1332844767453643,1.0,1.0,1.0,13.799921598299676
SE300_FL340,2022-03-01 00:54:00.000000000,-0.9322970598757382,47.27109354247939,10363.2,24998.640987310537,214.41171,0.6565316365349946,1.1228004109142278,1.0,1.0,1.0,13.799919100366923
SE300_FL340,2022-03-01 00:55:00.000000000,-0.7708968096326502,47.329590975783,10363.2,24998.640987310537,214.43817,0.6417816657531398,1.0973805977445965,1.0,1.0,1.0,13.799916403229442
SE300_FL340,2022-03-01 00:56:00.000000000,-0.6101152773294826,47.38909013399148,10363.2,24998.640987310537,214.44623,0.6137480714836772,1.0493897469693811,1.0,1.0,1.0,13.79991342938298
SE300_FL340,2022-03-01 00:57:00.000000000,-0.4499791143776922,47.44960412535214,10363.2,24998.640987310537,214.44339,0.5921361702294461,1.0124565525189968,1.0,1.0,1.0,13.79991014318596
SE300_FL340,2022-03-01 00:58:00.000000000,-0.2905149717839815,47.51114478216384,10363.2,24998.640987310537,214.40327,0.5877221294580837,1.0051797034677983,1.0,1.0,1.0,13.799906550367
SE300_FL340,2022-03-01 00:59:00.000000000,-0.1317494086006752,47.57372260760951,10363.2,24998.640987310537,214.35269,0.5934429336812727,1.0153038085298296,1.0,1.0,1.0,13.799902696148978
SE300_FL340,2022-03-01 01:00:00.000000000,0.026291204476382772,47.63734672756016,10363.2,24998.640987310537,214.29263,0.6082905125439176,1.0411220294327517,1.0,1.0,1.0,13.799898662049376
SE300_FL340,2022-03-01 01:01:00.000000000,0.1835807857402945,47.702024847945545,10363.2,24998.640987310537,214.19926,0.6495561278749347,1.1124373368505254,1.0,1.0,1.0,13.799894561448786
SE300_FL340,2022-03-01 01:02:00.000000000,0.3400936466257237,47.767763218243296,10363.2,24998.640987310537,214.11668,0.6793333646490689,1.1640668941127201,1.0,1.0,1.0,13.799890534083259
SE300_FL340,2022-03-01 01:03:00.000000000,0.4958045985892688,47.834566601585344,10363.2,24998.640987310537,214.04427,0.6962109090799655,1.1935607718057655,1.0,1.0,1.0,13.799886739660096
SE300_FL340,2022-03-01 01:04:00.000000000,0.6506890618532523,47.90243825191635,10363.2,24998.640987310537,214.00085,0.7024255627575502,1.2045609238209953,1.0,1.0,1.0,13.799883350808148
SE300_FL340,2022-03-01 01:05:00.000000000,0.8047231750871445,47.97137989856527,10363.2,24998.640987310537,213.96399,0.7048515368700813,1.2090145418834755,1.0,1.0,1.0,13.799880545640207
SE300_FL340,2022-03-01 01:06:00.000000000,0.9578839050532617,48.04139173850947,10363.2,24998.640987310537,213.941,0.6908330835495478,1.1851476066445608,1.0,1.0,1.0,13.799880297337754
SE300_FL340,2022-03-01 01:07:00.000000000,1.1101490175689515,48.11247259658721,10363.2,24998.640987310537,213.92336,0.6731575972466215,1.154959518769808,1.0,1.0,1.0,13.799955765457092
SE300_FL340,2022-03-01 01:08:00.000000000,1.2614916109520389,48.18462623408982,10363.2,24998.640987310537,213.8993,0.661999686294235,1.1359961461052552,1.0,1.0,1.0,13.799946076537669
SE300_FL340,2022-03-01 01:09:00.000000000,1.4118974565169005,48.25784150407756,10363.2,24998.640987310537,213.8746,0.6510305206422291,1.117352490857046,1.0,1.0,1.0,13.799936769163452
SE300_FL340,2022-03-01 01:10:00.000000000,1.5613479605795775,48.33211247748483,10363.2,24998.640987310537,213.85597,0.6411866172470007,1.1005930301839808,1.0,1.0,1.0,13.799928078960882
SE300_FL340,2022-03-01 01:11:00.000000000,1.7098258754552036,48.40743177483138,10363.2,24998.640987310537,213.8379,0.6348032869790677,1.089766403148739,1.0,1.0,1.0,13.799920213907653
SE300_FL340,2022-03-01 01:12:00.000000000,1.8573153869251047,48.48379060616857,10363.2,24998.640987310537,213.81825,0.6286497314473898,1.079337865870718,1.0,1.0,1.0,13.799913349084349
SE300_FL340,2022-03-01 01:13:00.000000000,2.00380219478423,48.561178817972646,10363.2,24998.640987310537,213.79762,0.6193108841325826,1.0634518403244337,1.0,1.0,1.0,13.799907622724088
SE300_FL340,2022-03-01 01:14:00.000000000,2.1492735857235448,48.63958494650445,10363.2,24998.640987310537,213.84381,0.5993919755575258,1.0289365224837153,1.0,1.0,1.0,13.79990313363142
SE300_FL340,2022-03-01 01:15:00.000000000,2.2937184979011707,48.71899627708127,10363.2,24998.640987310537,213.88281,0.5815606820139548,0.9980701049672149,1.0,0.0,0.0,13.799899939990695
SE300_FL340,2022-03-01 01:16:00.000000000,2.437127576666514,48.79939890864313,10363.2,24998.640987310537,213.92705,0.5596856822323855,0.960247513118397,1.0,0.0,0.0,13.799898059510873
SE300_FL340,2022-03-01 01:17:00.000000000,2.57949322101926,48.88077782294388,10363.2,24998.640987310537,213.9809,0.5331809959657204,0.9144484314174894,1.0,0.0,0.0,13.799897470818289
SE300_FL340,2022-03-01 01:18:00.000000000,2.7208096205090637,48.96311695765744,10363.2,24998.640987310537,214.04855,0.5033433426589294,0.8628899279073778,1.0,0.0,0.0,13.799898115948379
SE300_FL340,2022-03-01 01:19:00.000000000,2.8610727824072804,49.04639928266274,10363.2,24998.640987310537,214.08806,0.48506365874407936,0.8313363217674034,1.0,0.0,0.0,13.799899903772648
SE300_FL340,2022-03-01 01:20:00.000000000,3.0002805491083504,49.13060687875635,10363.2,24998.640987310537,214.11665,0.47319123331056095,0.8108345928068837,1.0,0.0,0.0,13.799902714140295
SE300_FL340,2022-03-01 01:21:00.000000000,3.1384326058413183,49.21572101804042,10363.2,24998.640987310537,214.12643,0.47532353231714025,0.8144342974805044,1.0,0.0,0.0,13.799906402511214
SE300_FL340,2022-03-01 01:22:00.000000000,3.275530478889779,49.30172224524366,10363.2,24998.640987310537,214.12907,0.47962661555564867,0.8217965734789625,1.0,0.0,0.0,13.799910804862314
SE300_FL340,2022-03-01 01:23:00.000000000,3.411577524628558,49.38859045925548,10363.2,24998.640987310537,214.08601,0.49346578844184563,0.8457493674293332,1.0,0.0,0.0,13.799915742621737
SE300_FL340,2022-03-01 01:24:00.000000000,3.546578909786857,49.47630499418438,10363.2,24998.640987310537,214.04436,0.5063937834595492,0.8681437208783022,1.0,0.0,0.0,13.799921027431493
SE300_FL340,2022-03-01 01:25:00.000000000,3.6805415834364057,49.56484469929377,10363.2,24998.640987310537,214.02863,0.5117456618505681,0.8774119340208577,1.0,0.0,0.0,13.799926465539238
SE300_FL340,2022-03-01 01:26:00.000000000,3.813474241281341,49.65418801721622,10363.2,24998.640987310537,214.006,0.521328850035501,0.8939741209503529,1.0,0.0,0.0,13.799931861647412
SE300_FL340,2022-03-01 01:27:00.000000000,3.945387282890515,49.74431305990206,10363.2,24998.640987310537,213.97348,0.5363732296869,0.91996934168026,1.0,0.0,0.0,13.799937022113916
SE300_FL340,2022-03-01 01:28:00.000000000,4.076292762563807,49.83519768181777,10363.2,24998.640987310537,213.97807,0.5412398623668958,0.928288916725593,1.0,0.0,0.0,13.799941757380292
SE300_FL340,2022-03-01 01:29:00.000000000,4.206204334561293,49.92681954997152,10363.2,24998.640987310537,213.99239,0.5430109410659495,0.9312374640020882,1.0,0.0,0.0,13.799945883601017
SE300_FL340,2022-03-01 01:30:00.000000000,4.335137193447722,50.01915621040786,10363.2,24998.640987310537,213.99176,0.5447137412835552,0.9341631723821596,1.0,0.0,0.0,13.799949223437263
SE300_FL340,2022-03-01 01:31:00.000000000,4.463108010316069,50.1121851508771,10363.2,24998.640987310537,213.98978,0.5418151338469794,0.9292044670108559,1.0,0.0,0.0,13.79995160605297
SE300_FL340,2022-03-01 01:32:00.000000000,4.590134865652553,50.20588385944899,10363.2,24998.640987310537,213.984,0.5342993162557934,0.9163489766760045,1.0,0.0,0.0,13.799952866356099
SE300_FL340,2022-03-01 01:33:00.000000000,4.716237179594008,50.300229878900765,10363.2,24998.640987310537,213.97269,0.5271900881932384,0.9042236893741769,1.0,0.0,0.0,13.799952843577072
SE300_FL340,2022-03-01 01:34:00.000000000,4.841435640306324,50.39520085676857,10363.2,24998.640987310537,213.96416,0.5220542367337099,0.8954648161399072,1.0,0.0,0.0,13.799951379286926
SE300_FL340,2022-03-01 01:35:00.000000000,4.965752131182763,50.49077459100485,10363.2,24998.640987310537,213.95374,0.5187038573342371,0.8897786163963505,1.0,0.0,0.0,13.799948314979101
SE300_FL340,2022-03-01 01:36:00.000000000,5.08920965752353,50.58692907123493,10363.2,24998.640987310537,213.96019,0.5211138707696373,0.893876112959314,1.0,0.0,0.0,13.7999434893709
SE300_FL340,2022-03-01 01:37:00.000000000,5.211832273314692,50.683642515650746,10363.2,24998.640987310537,213.97025,0.5315655357727753,0.9117439646115035,1.0,0.0,0.0,13.799936735540259
SE300_FL340,2022-03-01 01:38:00.000000000,5.333645008677116,50.78089340361986,10363.2,24998.640987310537,213.98991,0.5422960756367423,0.9300279298511448,1.0,0.0,0.0,13.79992787807843
SE300_FL340,2022-03-01 01:39:00.000000000,5.454673798505399,50.87866050412251,10363.2,24998.640987310537,214.01735,0.5528732896182497,0.9479952704119153,1.0,0.0,0.0,13.799916730378694
SE300_FL340,2022-03-01 01:40:00.000000000,5.574945412764155,50.97692290015904,10363.2,24998.640987310537,214.05586,0.557779728391702,0.9561670394786295,1.0,0.0,0.0,13.799909146879337
SE300_FL340,2022-03-01 01:41:00.000000000,5.69448698268002,51.07566027243519,10363.2,24998.640987310537,214.0931,0.5552060938075574,0.951519729496322,1.0,0.0,0.0,13.800036502008268
SE300_FL340,2022-03-01 01:42:00.000000000,5.813317860079042,51.17485813030892,10363.2,24998.640987310537,214.13225,0.542590380780529,0.9296573475545894,1.0,0.0,0.0,13.800019343694286
SE300_FL340,2022-03-01 01:43:00.000000000,5.931476383526231,51.274490485820074,10363.2,24998.640987310537,214.17194,0.5250166556885081,0.8993139208185312,1.0,0.0,0.0,13.799999557176893
SE300_FL340,2022-03-01 01:44:00.000000000,6.048992146742065,51.37453779717241,10363.2,24998.640987310537,214.20119,0.5100413498692302,0.8734930624796221,1.0,0.0,0.0,13.799976952886416
SE300_FL340,2022-03-01 01:45:00.000000000,6.16589527157801,51.47498090580639,10363.2,24998.640987310537,214.22647,0.49486911251619675,0.8473646804961951,1.0,0.0,0.0,13.799951314976644
SE300_FL340,2022-03-01 01:46:00.000000000,6.282216354420901,51.575801040761654,10363.2,24998.640987310537,214.24895,0.48086089637782253,0.8232557855605619,1.0,0.0,0.0,13.799922401731491
SE300_FL340,2022-03-01 01:47:00.000000000,6.397986416102225,51.67697982039795,10363.2,24998.640987310537,214.27771,0.46017845309542915,0.7876970852818055,1.0,0.0,0.0,13.799896422178843
SE300_FL340,2022-03-01 01:48:00.000000000,6.513236540852692,51.77849945999789,10363.2,24998.640987310537,214.299,0.4452069593007256,0.7619629713272243,1.0,0.0,0.0,13.800070683038491
SE300_FL340,2022-03-01 01:49:00.000000000,6.627989237000202,51.88034855874178,10363.2,24998.640987310537,214.31775,0.42832676060436126,0.7329823681605154,1.0,0.0,0.0,13.800033136164926
SE300_FL340,2022-03-01 01:50:00.000000000,6.7422871098143675,51.982503017475295,10363.2,24998.640987310537,214.3344,0.41411412709888396,0.7085815384581844,1.0,0.0,0.0,13.79999217680041
SE300_FL340,2022-03-01 01:51:00.000000000,6.85616260126879,52.08494594286698,10363.2,24998.640987310537,214.35072,0.3941763950566591,0.6743925138843814,1.0,0.0,0.0,13.799947488517821
SE300_FL340,2022-03-01 01:52:00.000000000,6.9696483812259675,52.187660808917485,10363.2,24998.640987310537,214.36398,0.37426486612159754,0.64026991262685,1.0,0.0,0.0,13.799898737232269
SE300_FL340,2022-03-01 01:53:00.000000000,7.082777318490884,52.29063144711092,10363.2,24998.640987310537,214.37091,0.3628959345268848,0.6207936518609016,1.0,0.0,0.0,13.800030398716745
SE300_FL340,2022-03-01 01:54:00.000000000,7.19557701404532,52.39384625576109,10363.2,24998.640987310537,214.38045,0.3529999406195154,0.6038258508713101,1.0,0.0,0.0,13.800054345163323
SE300_FL340,2022-03-01 01:55:00.000000000,7.308085257117626,52.49728673117904,10363.2,24998.640987310537,214.39555,0.3426316653808254,0.5860309795081841,1.0,0.0,0.0,13.799996740891372
SE300_FL340,2022-03-01 01:56:00.000000000,7.420338038484323,52.60093580787837,10363.2,24998.640987310537,214.41002,0.3360361537195842,0.5746958455848251,1.0,0.0,0.0,13.799934836100903
SE300_FL340,2022-03-01 01:57:00.000000000,7.532368946100369,52.70477859337681,10363.2,24998.640987310537,214.42441,0.329766918375607,0.5639204199097185,1.0,0.0,0.0,13.7999107047655
SE300_FL340,2022-03-01 01:58:00.000000000,7.644210999091989,52.80880120769993,10363.2,24998.640987310537,214.44003,0.32537799292575587,0.5563563884010646,1.0,0.0,0.0,13.80009727987662
SE300_FL340,2022-03-01 01:59:00.000000000,7.755895885982359,52.912992453617406,10363.2,24998.640987310537,214.45572,0.3216781419500287,0.5499724230061037,1.0,0.0,0.0,13.800026839405156
SE300_FL340,2022-03-01 02:00:00.000000000,7.867462507785084,53.01733360209722,10363.2,24998.640987310537,214.46193,0.3283325477007822,0.56132760586636,1.0,0.0,0.0,13.799951817325509
SE300_FL340,2022-03-01 02:01:00.000000000,7.97894493915904,53.12181080944994,10363.2,24998.640987310537,214.47476,0.3257051186356209,0.5567862907094131,1.0,0.0,0.0,13.799878948745755
SE300_FL340,2022-03-01 02:02:00.000000000,8.090377316599858,53.22641053966239,10363.2,24998.640987310537,214.47813,0.3271925335955463,0.5593179084919183,1.0,0.0,0.0,13.80011613732471
SE300_FL340,2022-03-01 02:03:00.000000000,8.201794722995709,53.33112242122278,10363.2,24998.640987310537,214.4768,0.3312253717037307,0.5662166183294643,1.0,0.0,0.0,13.800033244616367
SE300_FL340,2022-03-01 02:04:00.000000000,8.313233280726271,53.43592919842136,10363.2,24998.640987310537,214.47533,0.33589978075213606,0.5742138499600592,1.0,0.0,0.0,13.799945514347323
SE300_FL340,2022-03-01 02:05:00.000000000,8.42472747485294,53.54081781028977,10363.2,24998.640987310537,214.47995,0.33623402064264957,0.5747663215127861,1.0,0.0,0.0,13.799915365810826
SE300_FL340,2022-03-01 02:06:00.000000000,8.536312692536393,53.64577571103455,10363.2,24998.640987310537,214.4779,0.33700776566430857,0.576096503107461,1.0,0.0,0.0,13.80011004309586
SE300_FL340,2022-03-01 02:07:00.000000000,8.648028278660536,53.750790832795516,10363.2,24998.640987310537,214.46356,0.3464185688140522,0.5922402166170974,1.0,0.0,0.0,13.800015304799869
SE300_FL340,2022-03-01 02:08:00.000000000,8.759906477778147,53.85584845500265,10363.2,24998.640987310537,214.4585,0.35042943957744865,0.5991175403602507,1.0,0.0,0.0,13.79991564313486
SE300_FL340,2022-03-01 02:09:00.000000000,8.871982232889263,53.96093601106962,10363.2,24998.640987310537,214.46768,0.35072128164329586,0.599578682416226,1.0,0.0,0.0,13.800004103946796
SE300_FL340,2022-03-01 02:10:00.000000000,8.984295963690094,54.06604108818969,10363.2,24998.640987310537,214.46594,0.3524611805055383,0.6025610202366563,1.0,0.0,0.0,13.800080631551038
SE300_FL340,2022-03-01 02:11:00.000000000,9.096884905918607,54.17115044521283,10363.2,24998.640987310537,214.4508,0.35734431419207346,0.6109706047296061,1.0,0.0,0.0,13.799975069909443
SE300_FL340,2022-03-01 02:12:00.000000000,9.20978021803311,54.27625136209472,10363.2,24998.640987310537,214.45732,0.3553701603114283,0.6075689721357477,1.0,0.0,0.0,13.799864842324851
SE300_FL340,2022-03-01 02:13:00.000000000,9.323017438348389,54.38133146507345,10363.2,24998.640987310537,214.43759,0.35887693880373517,0.6136449168417138,1.0,0.0,0.0,13.800132173225244
SE300_FL340,2022-03-01 02:14:00.000000000,9.436648363691544,54.48637655428334,10363.2,24998.640987310537,214.42117,0.36062592999699045,0.616702962230381,1.0,0.0,0.0,13.800031613689772
SE300_FL340,2022-03-01 02:15:00.000000000,9.550696513269713,54.59137491446518,10363.2,24998.640987310537,214.41043,0.35928718426263584,0.6144581882056048,1.0,0.0,0.0,13.799916973248944
SE300_FL340,2022-03-01 02:16:00.000000000,9.665197626195663,54.69631414251662,10363.2,24998.640987310537,214.40709,0.3555345486042029,0.608053824454267,1.0,0.0,0.0,13.800000285525412
SE300_FL340,2022-03-01 02:17:00.000000000,9.780198569347377,54.80118004346924,10363.2,24998.640987310537,214.39442,0.35513491995371044,0.6074220379179989,1.0,0.0,0.0,13.800086698051244
SE300_FL340,2022-03-01 02:18:00.000000000,9.895738483326229,54.90595917369293,10363.2,24998.640987310537,214.3673,0.35793740669264756,0.6123251935931492,1.0,0.0,0.0,12.396279145510631
SE300_FL340,2022-03-01 02:18:53.897617080,10.0,55.0,10363.2,24998.640987310537,214.36517,0.35342769063720564,0.6046186115012676,1.0,0.0,0.0,0.0
SE150_FL340,2022-03-01 00:00:00.000000000,-10.000000000000002,45.00000000000001,10363.2,24998.640987310537,214.05959,0.7336607892244564,1.2576370674106507,1.0,1.0,1.0,13.800025280721622
SE150_FL340,2022-03-01 00:01:00.000000000,-9.848780362463852,45.06309802296491,10363.2,24998.640987310537,214.074,0.7254324877779139,1.2434119054319546,1.0,1.0,1.0,13.800023124170625
SE150_FL340,2022-03-01 00:02:00.000000000,-9.69723892593266,45.12601025046198,10363.2,24998.640987310537,214.0921,0.724211785621218,1.2411725763663302,1.0,1.0,1.0,13.800020919334957
SE150_FL340,2022-03-01 00:03:00.000000000,-9.545386915730079,45.18874995403247,10363.2,24998.640987310537,214.11911,0.7262588159437486,1.2444583237599243,1.0,1.0,1.0,13.80001868361511
SE150_FL340,2022-03-01 00:04:00.000000000,-9.393235477429094,45.251330452726556,10363.2,24998.640987310537,214.14322,0.727855068772286,1.2469937763109886,1.0,1.0,1.0,13.800016434639819
SE150_FL340,2022-03-01 00:05:00.000000000,-9.240795680594678,45.31376510728148,10363.2,24998.640987310537,214.18561,0.7233928145746856,1.2390008871592937,1.0,1.0,1.0,13.800014190107833
SE150_FL340,2022-03-01 00:06:00.000000000,-9.088078522618359,45.376067314269825,10363.2,24998.640987310537,214.21341,0.7225409844840726,1.237315572769305,1.0,1.0,1.0,13.800011967625645
SE150_FL340,2022-03-01 00:07:00.000000000,-8.935094932619785,45.43825050019791,10363.2,24998.640987310537,214.2353,0.7195372726832511,1.2319924843048418,1.0,1.0,1.0,13.800009784533726
SE150_FL340,2022-03-01 00:08:00.000000000,-8.78185577539008,45.500328115534025,10363.2,24998.640987310537,214.25107,0.7133787124458304,1.22131998481047,1.0,1.0,1.0,13.80000765772226
SE150_FL340,2022-03-01 00:09:00.000000000,-8.628371855351828,45.56231362864651,10363.2,24998.640987310537,214.24516,0.7044032152812965,1.206001294197769,1.0,1.0,1.0,13.80000560344844
SE150_FL340,2022-03-01 00:10:00.000000000,-8.474653920510518,45.62422051963216,10363.2,24998.640987310537,214.234,0.695805642145367,1.1913676527957215,1.0,1.0,1.0,13.800003637143645
SE150_FL340,2022-03-01 00:11:00.000000000,-8.320712666371875,45.68606227401563,10363.2,24998.640987310537,214.20375,0.6886599437008294,1.1793735653556914,1.0,1.0,1.0,13.800001773220872
SE150_FL340,2022-03-01 00:12:00.000000000,-8.166558739799713,45.74785237630135,10363.2,24998.640987310537,214.15123,0.6849248685495237,1.173383084597483,1.0,1.0,1.0,13.800000024891407
SE150_FL340,2022-03-01 00:13:00.000000000,-8.012202742788062,45.80960430335971,10363.2,24998.640987310537,214.1004,0.6780309281553943,1.161962743593006,1.0,1.0,1.0,13.79999840397277
SE150_FL340,2022-03-01 00:14:00.000000000,-7.857655236121768,45.87133151763049,10363.2,24998.640987310537,214.0815,0.6731894397041295,1.153807771550152,1.0,1.0,1.0,13.799996920709697
SE150_FL340,2022-03-01 00:15:00.000000000,-7.702926742899029,45.933047460127014,10363.2,24998.640987310537,214.06497,0.6674023388829542,1.1440158231651147,1.0,1.0,1.0,13.799995583611501
SE150_FL340,2022-03-01 00:16:00.000000000,-7.548027751889124,45.99476554322603,10363.2,24998.640987310537,214.07118,0.6610348947308357,1.133054445074299,1.0,1.0,1.0,13.799994399289552
SE150_FL340,2022-03-01 00:17:00.000000000,-7.392968720698455,46.05649914322893,10363.2,24998.640987310537,214.15369,0.6620813239476061,1.1342283350145945,1.0,1.0,1.0,13.799993372318367
SE150_FL340,2022-03-01 00:18:00.000000000,-7.237760078717368,46.118261592681485,10363.2,24998.640987310537,214.26588,0.6630868470765221,1.135110471058203,1.0,1.0,1.0,13.799992505114373
SE150_FL340,2022-03-01 00:19:00.000000000,-7.0824122298204,46.18006617244081,10363.2,24998.640987310537,214.38873,0.6620725516381234,1.1324503040666114,1.0,1.0,1.0,13.799991797836244
SE150_FL340,2022-03-01 00:20:00.000000000,-6.926935554791905,46.241926103479614,10363.2,24998.640987310537,214.51259,0.6602921786140431,1.128471262607769,1.0,1.0,1.0,13.799991248309139
SE150_FL340,2022-03-01 00:21:00.000000000,-6.771340413449099,46.303854538419465,10363.2,24998.640987310537,214.65582,0.6581263011773344,1.123695750738735,1.0,1.0,1.0,13.79999085197143
SE150_FL340,2022-03-01 00:22:00.000000000,-6.615637146434141,46.36586455278655,10363.2,24998.640987310537,214.7779,0.6508774581456764,1.1104148742573325,1.0,1.0,1.0,13.79999060186101
SE150_FL340,2022-03-01 00:23:00.000000000,-6.4598360766471385,46.427969135985755,10363.2,24998.640987310537,214.9009,0.6413689844704591,1.0932922579131292,1.0,1.0,1.0,13.799990488621079
SE150_FL340,2022-03-01 00:24:00.000000000,-6.3039475102915645,46.49018118199037,10363.2,24998.640987310537,215.00847,0.6329454095483927,1.0781531231072055,1.0,1.0,1.0,13.799990500548963
SE150_FL340,2022-03-01 00:25:00.000000000,-6.147981737503878,46.552513479747134,10363.2,24998.640987310537,215.09174,0.6295269805779476,1.0717280911613483,1.0,1.0,1.0,13.799990623666508
SE150_FL340,2022-03-01 00:26:00.000000000,-5.991949032539317,46.6149787032986,10363.2,24998.640987310537,215.15668,0.6290000666460648,1.0703622610269834,1.0,1.0,1.0,13.799990841836957
SE150_FL340,2022-03-01 00:27:00.000000000,-5.835859653486246,46.67758940162737,10363.2,24998.640987310537,215.17781,0.6379495318315083,1.0854386976778374,1.0,1.0,1.0,13.799991136910966
SE150_FL340,2022-03-01 00:28:00.000000000,-5.679723841481787,46.740357988228865,10363.2,24998.640987310537,215.18579,0.64355874193431,1.0949221655917603,1.0,1.0,1.0,13.799991488902345
SE150_FL340,2022-03-01 00:29:00.000000000,-5.523551819402239,46.80329673042195,10363.2,24998.640987310537,215.16815,0.6492954608884044,1.1048152770971933,1.0,1.0,1.0,13.799991876206876
SE150_FL340,2022-03-01 00:30:00.000000000,-5.367353790002575,46.86641773840963,10363.2,24998.640987310537,215.1276,0.6491886373596035,1.10493534448073,1.0,1.0,1.0,13.799992275841205
SE150_FL340,2022-03-01 00:31:00.000000000,-5.2111399334805135,46.92973295410445,10363.2,24998.640987310537,215.07594,0.6454823758816259,1.0990082756683204,1.0,1.0,1.0,13.799992663719705
SE150_FL340,2022-03-01 00:32:00.000000000,-5.05492040444159,46.993254139735846,10363.2,24998.640987310537,215.00493,0.6383534466682738,1.0873915468224504,1.0,1.0,1.0,13.799993014953047
SE150_FL340,2022-03-01 00:33:00.000000000,-4.89870532824359,47.05699286626,10363.2,24998.640987310537,214.9143,0.634990696008937,1.0823203995213264,1.0,1.0,1.0,13.799993304171764
SE150_FL340,2022-03-01 00:34:00.000000000,-4.7425047966999045,47.12096050159472,10363.2,24998.640987310537,214.81514,0.6322491470831759,1.0783670085542933,1.0,1.0,1.0,13.79999350586429
SE150_FL340,2022-03-01 00:35:00.000000000,-4.586328863123924,47.185168198705355,10363.2,24998.640987310537,214.7,0.626532393799761,1.0694395113897555,1.0,1.0,1.0,13.799993594737066
SE150_FL340,2022-03-01 00:36:00.000000000,-4.430187536698249,47.24962688356991,10363.2,24998.640987310537,214.58916,0.6204810023501067,1.0598940993608061,1.0,1.0,1.0,13.799993546077733
SE150_FL340,2022-03-01 00:37:00.000000000,-4.274090776155365,47.31434724305453,10363.2,24998.640987310537,214.49057,0.6156425176511856,1.0523204636518666,1.0,1.0,1.0,13.799993336121352
SE150_FL340,2022-03-01 00:38:00.000000000,-4.118048482758973,47.37933971273268,10363.2,24998.640987310537,214.38797,0.6107565335064068,1.0446797783761537,1.0,1.0,1.0,13.799992942424828
SE150_FL340,2022-03-01 00:39:00.000000000,-3.9620704925782735,47.44461446468435,10363.2,24998.640987310537,214.29462,0.6077296697858744,1.040148156186941,1.0,1.0,1.0,13.7999923442172
SE150_FL340,2022-03-01 00:40:00.000000000,-3.806166568050712,47.510181395313246,10363.2,24998.640987310537,214.22899,0.6041122462535979,1.0344070649481765,1.0,1.0,1.0,13.799991522756148
SE150_FL340,2022-03-01 00:41:00.000000000,-3.6503463888319807,47.57605011322245,10363.2,24998.640987310537,214.17393,0.6003124634927666,1.0282744498766165,1.0,1.0,1.0,13.799990461647935
SE150_FL340,2022-03-01 00:42:00.000000000,-3.4946195419363453,47.64222992719104,10363.2,24998.640987310537,214.13362,0.5969832973537992,1.022844511546478,1.0,1.0,1.0,13.799989147153058
SE150_FL340,2022-03-01 00:43:00.000000000,-3.3389955111735663,47.708729834295355,10363.2,24998.640987310537,214.11903,0.5924337632251,1.0151461322550894,1.0,1.0,1.0,13.79998756845803
SE150_FL340,2022-03-01 00:44:00.000000000,-3.1834836658934074,47.775558508220634,10363.2,24998.640987310537,214.09164,0.5894578692549226,1.0102281737346228,1.0,1.0,1.0,13.79998571790615
SE150_FL340,2022-03-01 00:45:00.000000000,-3.0280932490527612,47.84272428780939,10363.2,24998.640987310537,214.04492,0.588591860682454,1.0090562179202052,1.0,1.0,1.0,13.799983591199357
SE150_FL340,2022-03-01 00:46:00.000000000,-2.872833364624784,47.91023516589412,10363.2,24998.640987310537,213.9889,0.5901759652630956,1.012148486161336,1.0,1.0,1.0,13.799981187540997
SE150_FL340,2022-03-01 00:47:00.000000000,-2.7177129643741873,47.97809877846222,10363.2,24998.640987310537,213.92941,0.5927799290389248,1.01701282729301,1.0,1.0,1.0,13.799978509741795
SE150_FL340,2022-03-01 00:48:00.000000000,-2.562740834027267,48.046322394201255,10363.2,24998.640987310537,213.8585,0.5959749759167317,1.022970172994788,1.0,1.0,1.0,13.799975564268491
SE150_FL340,2022-03-01 00:49:00.000000000,-2.407925578869879,48.11491290447256,10363.2,24998.640987310537,213.79143,0.5975675565799266,1.026157668570711,1.0,1.0,1.0,13.799972361242325
SE150_FL340,2022-03-01 00:50:00.000000000,-2.2532756088113697,48.18387681376056,10363.2,24998.640987310537,213.72412,0.5989200996823,1.0289343470853236,1.0,1.0,1.0,13.799968914382415
SE150_FL340,2022-03-01 00:51:00.000000000,-2.0987991229566814,48.25322023064404,10363.2,24998.640987310537,213.64674,0.6011211409200637,1.0332371012670931,1.0,1.0,1.0,13.799965240897679
SE150_FL340,2022-03-01 00:52:00.000000000,-1.9445040937337181,48.3229488593347,10363.2,24998.640987310537,213.56573,0.6072271908913064,1.0442868316655218,1.0,1.0,1.0,13.799961361323575
SE150_FL340,2022-03-01 00:53:00.000000000,-1.7903982506269553,48.393067991826065,10363.2,24998.640987310537,213.46115,0.6220798072663478,1.0705612022207127,1.0,1.0,1.0,13.799957299309654
SE150_FL340,2022-03-01 00:54:00.000000000,-1.6364890635725675,48.46358250069396,10363.2,24998.640987310537,213.36388,0.6362240307388237,1.0955943309575247,1.0,1.0,1.0,13.799953081365691
SE150_FL340,2022-03-01 00:55:00.000000000,-1.482783726073991,48.534496832587074,10363.2,24998.640987310537,213.26913,0.6494478777515763,1.1190589003083682,1.0,1.0,1.0,13.799948736550181
SE150_FL340,2022-03-01 00:56:00.000000000,-1.3292891381006948,48.60581500244348,10363.2,24998.640987310537,213.22993,0.6597401900922779,1.1370798698744013,1.0,1.0,1.0,13.79996224359886
SE150_FL340,2022-03-01 00:57:00.000000000,-1.176012199022902,48.677541157964725,10363.2,24998.640987310537,213.24002,0.6655621502697613,1.1470417623396172,1.0,1.0,1.0,13.800015850398514
SE150_FL340,2022-03-01 00:58:00.000000000,-1.022959909011004,48.74967973493967,10363.2,24998.640987310537,213.31346,0.6675898766223665,1.1499868041718389,1.0,1.0,1.0,13.800011280819982
SE150_FL340,2022-03-01 00:59:00.000000000,-0.8701372214611162,48.82223162470867,10363.2,24998.640987310537,213.4261,0.6708423022198349,1.1547414964119387,1.0,1.0,1.0,13.800006501605102
SE150_FL340,2022-03-01 01:00:00.000000000,-0.7175496815727354,48.89519906140205,10363.2,24998.640987310537,213.54105,0.673948889463878,1.1592205704319896,1.0,1.0,1.0,13.800001555312974
SE150_FL340,2022-03-01 01:01:00.000000000,-0.5652024537904219,48.96858383001156,10363.2,24998.640987310537,213.65993,0.6738772487415422,1.1581950442690583,1.0,1.0,1.0,13.79999648581086
SE150_FL340,2022-03-01 01:02:00.000000000,-0.4131003048958678,49.04238726558329,10363.2,24998.640987310537,213.7428,0.6754137331460071,1.1602043031344063,1.0,1.0,1.0,13.799991337765992
SE150_FL340,2022-03-01 01:03:00.000000000,-0.2612475873906203,49.116610253279745,10363.2,24998.640987310537,213.79774,0.6775675236716725,1.1634839838596827,1.0,1.0,1.0,13.7999861561264
SE150_FL340,2022-03-01 01:04:00.000000000,-0.1096482232436474,49.1912532293119,10363.2,24998.640987310537,213.8046,0.6834740835226838,1.173573877621497,1.0,1.0,1.0,13.799980985617015
SE150_FL340,2022-03-01 01:05:00.000000000,0.041694311923352705,49.266316182737384,10363.2,24998.640987310537,213.79202,0.6804256271475148,1.1684371911385463,1.0,1.0,1.0,13.799975870245795
SE150_FL340,2022-03-01 01:06:00.000000000,0.19277700414136667,49.341798658116055,10363.2,24998.640987310537,213.76183,0.6510906629162662,1.118283657471469,1.0,1.0,1.0,13.799970852837674
SE150_FL340,2022-03-01 01:07:00.000000000,0.3435973158213465,49.41769975900875,10363.2,24998.640987310537,213.73085,0.6262272877278459,1.075798330088303,1.0,1.0,1.0,13.79996597459641
SE150_FL340,2022-03-01 01:08:00.000000000,0.49415319983679507,49.49401815230074,10363.2,24998.640987310537,213.6967,0.6037842472679409,1.0374776180086585,1.0,1.0,1.0,13.799961274703167
SE150_FL340,2022-03-01 01:09:00.000000000,0.6444431128990113,49.5707520733261,10363.2,24998.640987310537,213.65474,0.5870617829203767,1.0090192719052637,1.0,1.0,1.0,13.799956789951366
SE150_FL340,2022-03-01 01:10:00.000000000,0.7944660281656921,49.647899331764975,10363.2,24998.640987310537,213.6127,0.5759776437216015,0.9902414024207518,1.0,0.0,0.0,13.799952554435153
SE150_FL340,2022-03-01 01:11:00.000000000,0.9442214470284372,49.72545731828128,10363.2,24998.640987310537,213.5693,0.5759440550779743,0.9904650261907232,1.0,0.0,0.0,13.799948599276675
SE150_FL340,2022-03-01 01:12:00.000000000,1.0937094100288882,49.803423011864275,10363.2,24998.640987310537,213.50633,0.5837516640605519,1.0043051974713366,1.0,1.0,1.0,13.79994495241215
SE150_FL340,2022-03-01 01:13:00.000000000,1.2429305068591834,49.8817929878337,10363.2,24998.640987310537,213.4459,0.5926923392473732,1.0200877009234564,1.0,1.0,1.0,13.799943970232082
SE150_FL340,2022-03-01 01:14:00.000000000,1.391885839203061,49.9605634958069,10363.2,24998.640987310537,213.37901,0.6052270315751886,1.0421142003445587,1.0,1.0,1.0,13.800018164069398
SE150_FL340,2022-03-01 01:15:00.000000000,1.5405756538199646,50.039732525500625,10363.2,24998.640987310537,213.31305,0.6187758127405478,1.0659011667127898,1.0,1.0,1.0,13.800012779561797
SE150_FL340,2022-03-01 01:16:00.000000000,1.689003811745885,50.119293133097386,10363.2,24998.640987310537,213.25842,0.627440496410493,1.0812153099875395,1.0,1.0,1.0,13.800007711970267
SE150_FL340,2022-03-01 01:17:00.000000000,1.8371731915099507,50.19924036232172,10363.2,24998.640987310537,213.23457,0.6298526341951163,1.0855377810348652,1.0,1.0,1.0,13.800002984178791
SE150_FL340,2022-03-01 01:18:00.000000000,1.985087255414262,50.279568902342035,10363.2,24998.640987310537,213.21991,0.6314141627518327,1.0883306687228065,1.0,1.0,1.0,13.79999861501331
SE150_FL340,2022-03-01 01:19:00.000000000,2.1327500533276282,50.36027309878075,10363.2,24998.640987310537,213.21667,0.6319722236105837,1.0893171928136047,1.0,1.0,1.0,13.799994619263725
SE150_FL340,2022-03-01 01:20:00.000000000,2.2801662254169526,50.44134696502648,10363.2,24998.640987310537,213.22331,0.6320825324227968,1.0894601003001765,1.0,1.0,1.0,13.799991007751949
SE150_FL340,2022-03-01 01:21:00.000000000,2.4273410038207826,50.52278419379153,10363.2,24998.640987310537,213.22318,0.6336431303548942,1.0921516617354572,1.0,1.0,1.0,13.799987787443316
SE150_FL340,2022-03-01 01:22:00.000000000,2.5742802132739526,50.604578168858964,10363.2,24998.640987310537,213.21796,0.6347826252361711,1.0941517031898125,1.0,1.0,1.0,13.799984961591031
SE150_FL340,2022-03-01 01:23:00.000000000,2.720990270699007,50.686721976962986,10363.2,24998.640987310537,213.2136,0.6357759427976488,1.0958951066614646,1.0,1.0,1.0,13.79998252990439
SE150_FL340,2022-03-01 01:24:00.000000000,2.8674781837846655,50.769208419747585,10363.2,24998.640987310537,213.20845,0.6356947522912374,1.0957892508484701,1.0,1.0,1.0,13.79998048874809
SE150_FL340,2022-03-01 01:25:00.000000000,3.013751548576857,50.85203002574966,10363.2,24998.640987310537,213.20253,0.6346803685729487,1.0940842862293438,1.0,1.0,1.0,13.799978831356217
SE150_FL340,2022-03-01 01:26:00.000000000,3.1598185461124664,50.935179062353996,10363.2,24998.640987310537,213.19998,0.628626758440936,1.0836684829754808,1.0,1.0,1.0,13.79997754806047
SE150_FL340,2022-03-01 01:27:00.000000000,3.3056879381298114,51.0186475476696,10363.2,24998.640987310537,213.19658,0.6210876916074356,1.0706926518207194,1.0,1.0,1.0,13.799976626528416
SE150_FL340,2022-03-01 01:28:00.000000000,3.451369061894234,51.10242726227889,10363.2,24998.640987310537,213.18907,0.6122387753964585,1.055492612006228,1.0,1.0,1.0,13.799976052009184
SE150_FL340,2022-03-01 01:29:00.000000000,3.596871824179734,51.18650976081355,10363.2,24998.640987310537,213.18512,0.6025210681361489,1.0387629326686771,1.0,1.0,1.0,13.79997580757543
SE150_FL340,2022-03-01 01:30:00.000000000,3.7422066944510983,51.27088638331356,10363.2,24998.640987310537,213.18896,0.5920723677526073,1.0207247383726248,1.0,1.0,1.0,13.799975874366709
SE150_FL340,2022-03-01 01:31:00.000000000,3.8873846972928505,51.35554826632859,10363.2,24998.640987310537,213.23593,0.5850176182321025,1.0082561201942237,1.0,1.0,1.0,13.799976231823901
SE150_FL340,2022-03-01 01:32:00.000000000,4.032417404133353,51.44048635372388,10363.2,24998.640987310537,213.28896,0.578296307344622,0.9963289308073434,1.0,0.0,0.0,13.799976857923344
SE150_FL340,2022-03-01 01:33:00.000000000,4.17731692431389,51.525691407155904,10363.2,24998.640987310537,213.34613,0.5711044417396296,0.9835721801706684,1.0,0.0,0.0,13.79997772939002
SE150_FL340,2022-03-01 01:34:00.000000000,4.322095895553423,51.611154016185885,10363.2,24998.640987310537,213.40784,0.5614839441921129,0.9666144400704398,1.0,0.0,0.0,13.799978821916332
SE150_FL340,2022-03-01 01:35:00.000000000,4.466767473859694,51.69686460800298,10363.2,24998.640987310537,213.47343,0.5498647102126454,0.9462075836884511,1.0,0.0,0.0,13.79998011034861
SE150_FL340,2022-03-01 01:36:00.000000000,4.61134532293813,51.78281345673147,10363.2,24998.640987310537,213.52003,0.5452365759367988,0.9379596848558505,1.0,0.0,0.0,13.799981568886242
SE150_FL340,2022-03-01 01:37:00.000000000,4.755843603148792,51.86899069230014,10363.2,24998.640987310537,213.55295,0.5404548928269154,0.9295327074338066,1.0,0.0,0.0,13.79998317125147
SE150_FL340,2022-03-01 01:38:00.000000000,4.9002769600611895,51.95538630885467,10363.2,24998.640987310537,213.57997,0.5398630037690058,0.9283500377810061,1.0,0.0,0.0,13.799984890852482
SE150_FL340,2022-03-01 01:39:00.000000000,5.044660512655349,52.041990172697254,10363.2,24998.640987310537,213.59749,0.5404843388390445,0.9293107115142236,1.0,0.0,0.0,13.799986700946327
SE150_FL340,2022-03-01 01:40:00.000000000,5.189009841215732,52.12879202974077,10363.2,24998.640987310537,213.60442,0.5449114693083071,0.93688170469431,1.0,0.0,0.0,13.799988574784994
SE150_FL340,2022-03-01 01:41:00.000000000,5.33334097496334,52.2157815124673,10363.2,24998.640987310537,213.61276,0.550791176643638,0.9469378202147659,1.0,0.0,0.0,13.799990485753726
SE150_FL340,2022-03-01 01:42:00.000000000,5.477670379467894,52.30294814638437,10363.2,24998.640987310537,213.62158,0.558003365628681,0.9592836564668007,1.0,0.0,0.0,13.799992407510803
SE150_FL340,2022-03-01 01:43:00.000000000,5.622014943881001,52.390281355974025,10363.2,24998.640987310537,213.62103,0.566233637838048,0.9734367729375873,1.0,0.0,0.0,13.79999431411892
SE150_FL340,2022-03-01 01:44:00.000000000,5.766391968026885,52.477770470133564,10363.2,24998.640987310537,213.61536,0.5739013109649979,0.9866541637131117,1.0,0.0,0.0,13.799996180175784
SE150_FL340,2022-03-01 01:45:00.000000000,5.910819149385742,52.565404727108,10363.2,24998.640987310537,213.62033,0.5776599923014619,0.9930832404712913,1.0,0.0,0.0,13.799997980946767
SE150_FL340,2022-03-01 01:46:00.000000000,6.055314570000713,52.65317327891751,10363.2,24998.640987310537,213.62221,0.5814633317582684,0.9996080518692536,1.0,0.0,0.0,13.799999692491834
SE150_FL340,2022-03-01 01:47:00.000000000,6.19989668333652,52.74106519528474,10363.2,24998.640987310537,213.6292,0.5840481399578329,1.0040071155284376,1.0,1.0,1.0,13.80000129179735
SE150_FL340,2022-03-01 01:48:00.000000000,6.344584301114556,52.829069467069175,10363.2,24998.640987310537,213.65074,0.5794463619478365,0.9959556173698665,1.0,0.0,0.0,13.800002756917273
SE150_FL340,2022-03-01 01:49:00.000000000,6.48939658014588,52.91717500921703,10363.2,24998.640987310537,213.6711,0.5771003177744269,0.9917908364936755,1.0,0.0,0.0,13.800004067102952
SE150_FL340,2022-03-01 01:50:00.000000000,6.634353009179616,53.00537066323756,10363.2,24998.640987310537,213.6901,0.5786127584242403,0.9942676335260943,1.0,0.0,0.0,13.80000520294991
SE150_FL340,2022-03-01 01:51:00.000000000,6.779473395781127,53.09364519921752,10363.2,24998.640987310537,213.71765,0.5729054813868708,0.9842818176462893,1.0,0.0,0.0,13.800006146536646
SE150_FL340,2022-03-01 01:52:00.000000000,6.924777853250975,53.18198731738731,10363.2,24998.640987310537,213.75345,0.5537551817268852,0.9511573959871108,1.0,0.0,0.0,13.80000688157544
SE150_FL340,2022-03-01 01:53:00.000000000,7.070286787591492,53.270385649253456,10363.2,24998.640987310537,213.78365,0.5402511440961392,0.9277795215232895,1.0,0.0,0.0,13.800007393558275
SE150_FL340,2022-03-01 01:54:00.000000000,7.216020884525191,53.35882875831312,10363.2,24998.640987310537,213.81746,0.5294292695156895,0.9089902685581317,1.0,0.0,0.0,13.800007669900015
SE150_FL340,2022-03-01 01:55:00.000000000,7.3620010965652085,53.44730514036748,10363.2,24998.640987310537,213.86537,0.508404489802952,0.8726195942816318,1.0,0.0,0.0,13.800007700096462
SE150_FL340,2022-03-01 01:56:00.000000000,7.508248630134886,53.53580322345174,10363.2,24998.640987310537,213.90663,0.4868741452544387,0.8354368589505002,1.0,0.0,0.0,13.800007475854803
SE150_FL340,2022-03-01 01:57:00.000000000,7.654784932730397,53.62431136740005,10363.2,24998.640987310537,213.94609,0.466424153558404,0.8001404577555906,1.0,0.0,0.0,13.800006991241453
SE150_FL340,2022-03-01 01:58:00.000000000,7.801631680117048,53.712817863064856,10363.2,24998.640987310537,213.98557,0.4465390716902725,0.7658277648697849,1.0,0.0,0.0,13.800006242806354
SE150_FL340,2022-03-01 01:59:00.000000000,7.948810763547113,53.80131093121019,10363.2,24998.640987310537,214.02225,0.42645156963589625,0.7312006277606663,1.0,0.0,0.0,13.800005229709964
SE150_FL340,2022-03-01 02:00:00.000000000,8.096344276983887,53.889778721099525,10363.2,24998.640987310537,214.04999,0.41359995215831563,0.709035627638872,1.0,0.0,0.0,13.800003953824296
SE150_FL340,2022-03-01 02:01:00.000000000,8.244254504314016,53.97820930879907,10363.2,24998.640987310537,214.07861,0.4038870692448278,0.6922532404504285,1.0,0.0,0.0,13.80000241982998
SE150_FL340,2022-03-01 02:02:00.000000000,8.392563906527803,54.06659069521786,10363.2,24998.640987310537,214.1102,0.389067632742877,0.666714560045934,1.0,0.0,0.0,13.800000635287429
SE150_FL340,2022-03-01 02:03:00.000000000,8.541295108844203,54.15491080390644,10363.2,24998.640987310537,214.14098,0.3762731492585535,0.6446591069052939,1.0,0.0,0.0,13.79999861068731
SE150_FL340,2022-03-01 02:04:00.000000000,8.690470887755579,54.24315747863636,10363.2,24998.640987310537,214.18092,0.3662609085855551,0.6273383831073385,1.0,0.0,0.0,13.799996359482744
SE150_FL340,2022-03-01 02:05:00.000000000,8.840114157964688,54.3313184807831,10363.2,24998.640987310537,214.20985,0.36641883313468265,0.6274884741897558,1.0,0.0,0.0,13.799993898086694
SE150_FL340,2022-03-01 02:06:00.000000000,8.990247959184734,54.41938148653517,10363.2,24998.640987310537,214.24185,0.36107776904149574,0.6182121937614858,1.0,0.0,0.0,13.799991245846577
SE150_FL340,2022-03-01 02:07:00.000000000,9.140895442771445,54.50733408395296,10363.2,24998.640987310537,214.27563,0.357920519188591,0.6126688877359868,1.0,0.0,0.0,13.799988424983786
SE150_FL340,2022-03-01 02:08:00.000000000,9.292079858154782,54.595163769900566,10363.2,24998.640987310537,214.30026,0.35961396793363026,0.615466813858317,1.0,0.0,0.0,13.799985460504125
SE150_FL340,2022-03-01 02:09:00.000000000,9.443824539036145,54.682857946874975,10363.2,24998.640987310537,214.32771,0.3543830268752038,0.6064038728781606,1.0,0.0,0.0,13.79998238006007
SE150_FL340,2022-03-01 02:10:00.000000000,9.596152889316482,54.770403919756546,10363.2,24998.640987310537,214.35545,0.34965100781667835,0.598196423719669,1.0,0.0,0.0,13.799979213805697
SE150_FL340,2022-03-01 02:11:00.000000000,9.749088368719127,54.85778889250587,10363.2,24998.640987310537,214.36815,0.35362416509608846,0.6049437103927315,1.0,0.0,0.0,13.79997599417574
SE150_FL340,2022-03-01 02:12:00.000000000,9.902654478070929,54.944999964831716,10363.2,24998.640987310537,214.37105,0.3551956552724676,0.6076197976708908,1.0,0.0,0.0,8.71787688339356
SE150_FL340,2022-03-01 02:12:37.904240283,10.0,55.0,10363.2,24998.640987310537,214.38821,0.35149365659027954,0.601219302003318,1.0,0.0,0.0,0.0
GC0_FL340,2022-03-01 00:00:00.000000000,-10.000000000000002,45.00000000000001,10363.2,24998.640987310537,214.05959,0.7336607892244564,1.2576370674106507,1.0,1.0,1.0,13.800031261260088
GC0_FL340,2022-03-01 00:01:00.000000000,-9.876312021826006,45.08811854334467,10363.2,24998.640987310537,214.04819,0.7233717787244235,1.2400933172137796,1.0,1.0,1.0,13.800027623894355
GC0_FL340,2022-03-01 00:02:00.000000000,-9.752242252140906,45.176103215944366,10363.2,24998.640987310537,214.03487,0.7228459846363448,1.2392986233439922,1.0,1.0,1.0,13.800023933454368
GC0_FL340,2022-03-01 00:03:00.000000000,-9.627788920452794,45.263953191638386,10363.2,24998.640987310537,214.04109,0.7233778131462013,1.2401606106202463,1.0,1.0,1.0,13.800020189682812
GC0_FL340,2022-03-01 00:04:00.000000000,-9.5029502525583,45.351667639156055,10363.2,24998.640987310537,214.08548,0.7165670811114139,1.2281233492444312,1.0,1.0,1.0,13.800016392336534
GC0_FL340,2022-03-01 00:05:00.000000000,-9.377724470626134,45.439245722091066,10363.2,24998.640987310537,214.10652,0.7125094624889367,1.2209996989468994,1.0,1.0,1.0,13.800012541176311
GC0_FL340,2022-03-01 00:06:00.000000000,-9.252109793282935,45.52668659887586,10363.2,24998.640987310537,214.13144,0.7128676934394964,1.2214127291132446,1.0,1.0,1.0,13.800008635971807
GC0_FL340,2022-03-01 00:07:00.000000000,-9.126104435701345,45.613989422756205,10363.2,24998.640987310537,214.19528,0.7012128259660748,1.2009360384836032,1.0,1.0,1.0,13.800004676501466
GC0_FL340,2022-03-01 00:08:00.000000000,-8.999706609690397,45.701153341765824,10363.2,24998.640987310537,214.23141,0.6940478623600758,1.1883801117198187,1.0,1.0,1.0,13.800000662551579
GC0_FL340,2022-03-01 00:09:00.000000000,-8.872914523788092,45.7881774987011,10363.2,24998.640987310537,214.23573,0.6793123545779544,1.1631177359171982,1.0,1.0,1.0,13.799996593917113
GC0_FL340,2022-03-01 00:10:00.000000000,-8.745726383356452,45.87506103109597,10363.2,24998.640987310537,214.24287,0.6608592473393515,1.1314668250340219,1.0,1.0,1.0,13.799992470403737
GC0_FL340,2022-03-01 00:11:00.000000000,-8.618140390678803,45.96180307119685,10363.2,24998.640987310537,214.19691,0.6492469476799704,1.1119249468548753,1.0,1.0,1.0,13.799988291825057
GC0_FL340,2022-03-01 00:12:00.000000000,-8.490154745059604,46.04840274593778,10363.2,24998.640987310537,214.10811,0.6432545130843971,1.1023089456289152,1.0,1.0,1.0,13.799984058004643
GC0_FL340,2022-03-01 00:13:00.000000000,-8.36176764292664,46.13485917691566,10363.2,24998.640987310537,214.0208,0.6383220117512756,1.094487287389084,1.0,1.0,1.0,13.799979768777922
GC0_FL340,2022-03-01 00:14:00.000000000,-8.232977277935733,46.22117148036564,10363.2,24998.640987310537,213.90143,0.6394302541157272,1.0972498218182938,1.0,1.0,1.0,13.79997542398953
GC0_FL340,2022-03-01 00:15:00.000000000,-8.103781841077932,46.30733876713662,10363.2,24998.640987310537,213.83597,0.6404412981043315,1.0994581792005138,1.0,1.0,1.0,13.799971023496427
GC0_FL340,2022-03-01 00:16:00.000000000,-7.974179520789293,46.39336014266697,10363.2,24998.640987310537,213.78868,0.646331969291427,1.1099166562197464,1.0,1.0,1.0,13.799966567164596
GC0_FL340,2022-03-01 00:17:00.000000000,-7.844168503063274,46.47923470696041,10363.2,24998.640987310537,213.7848,0.6527282086048429,1.1209287361303415,1.0,1.0,1.0,13.8000335506074
GC0_FL340,2022-03-01 00:18:00.000000000,-7.713744387039283,46.56496062297613,10363.2,24998.640987310537,213.82935,0.6553803135933229,1.1251532602485896,1.0,1.0,1.0,13.800029833224963
GC0_FL340,2022-03-01 00:19:00.000000000,-7.582907908106713,46.65053789712994,10363.2,24998.640987310537,213.9133,0.6542812723510135,1.1226461010782796,1.0,1.0,1.0,13.800025836216795
GC0_FL340,2022-03-01 00:20:00.000000000,-7.451657253716138,46.73596561579989,10363.2,24998.640987310537,213.99901,0.6526834085486574,1.1192731169881194,1.0,1.0,1.0,13.800021784046535
GC0_FL340,2022-03-01 00:21:00.000000000,-7.319990601234423,46.82124285691214,10363.2,24998.640987310537,214.14262,0.6433239501387149,1.102174590065295,1.0,1.0,1.0,13.800017676565119
GC0_FL340,2022-03-01 00:22:00.000000000,-7.187906126190921,46.90636869283971,10363.2,24998.640987310537,214.29848,0.6326709393352773,1.0828073405414422,1.0,1.0,1.0,13.800013513633964
GC0_FL340,2022-03-01 00:23:00.000000000,-7.0554020024062,46.99134219037952,10363.2,24998.640987310537,214.45903,0.6199888273969616,1.0599700875241458,1.0,1.0,1.0,13.800009295126483
GC0_FL340,2022-03-01 00:24:00.000000000,-6.922476402123702,47.07616241072962,10363.2,24998.640987310537,214.65865,0.6047328422965006,1.0325159169378024,1.0,1.0,1.0,13.800005020927465
GC0_FL340,2022-03-01 00:25:00.000000000,-6.789127496144292,47.16082840946671,10363.2,24998.640987310537,214.83951,0.5930863694370924,1.0114037331440577,1.0,1.0,1.0,13.800000690938065
GC0_FL340,2022-03-01 00:26:00.000000000,-6.655353453963729,47.24533923652389,10363.2,24998.640987310537,214.96791,0.5868392098653137,0.9998900088131792,1.0,0.0,0.0,13.799996305067978
GC0_FL340,2022-03-01 00:27:00.000000000,-6.521152443913118,47.32969393616862,10363.2,24998.640987310537,215.09659,0.5763992628022749,0.9812521224658873,1.0,0.0,0.0,13.799991863244522
GC0_FL340,2022-03-01 00:28:00.000000000,-6.386522633302341,47.41389154698097,10363.2,24998.640987310537,215.17375,0.5721925222991794,0.9735836566818428,1.0,0.0,0.0,13.799987365406142
GC0_FL340,2022-03-01 00:29:00.000000000,-6.251462188566615,47.49793110183218,10363.2,24998.640987310537,215.18387,0.5728980273473033,0.9747160641034915,1.0,0.0,0.0,13.79998281150992
GC0_FL340,2022-03-01 00:30:00.000000000,-6.1159692754160595,47.58181162786344,10363.2,24998.640987310537,215.18604,0.5726023232037537,0.9741983554203952,1.0,0.0,0.0,13.799978201523881
GC0_FL340,2022-03-01 00:31:00.000000000,-5.980042058988454,47.66553214646499,10363.2,24998.640987310537,215.15746,0.5757255344474556,0.9797001898816384,1.0,0.0,0.0,13.799973535432741
GC0_FL340,2022-03-01 00:32:00.000000000,-5.84367870400512,47.74909167325553,10363.2,24998.640987310537,215.08188,0.5802759659497461,0.987947813275862,1.0,0.0,0.0,13.799968813237534
GC0_FL340,2022-03-01 00:33:00.000000000,-5.70687737493005,47.832489218061895,10363.2,24998.640987310537,215.00395,0.5873839181331786,1.0005724075120994,1.0,1.0,1.0,13.799964034957233
GC0_FL340,2022-03-01 00:34:00.000000000,-5.569636236132259,47.91572378489917,10363.2,24998.640987310537,214.92767,0.5931093117586294,1.010843224230526,1.0,1.0,1.0,13.800035855280361
GC0_FL340,2022-03-01 00:35:00.000000000,-5.431950681045849,47.9987933410855,10363.2,24998.640987310537,214.84097,0.5977051762762156,1.019269951534,1.0,1.0,1.0,13.80003208062314
GC0_FL340,2022-03-01 00:36:00.000000000,-5.2938216052343305,48.08169789082298,10363.2,24998.640987310537,214.76086,0.602309155614625,1.0276743343015844,1.0,1.0,1.0,13.800027766635571
GC0_FL340,2022-03-01 00:37:00.000000000,-5.155247191271525,48.164436426955106,10363.2,24998.640987310537,214.67737,0.606181172145308,1.0348552166853855,1.0,1.0,1.0,13.800023396612284
GC0_FL340,2022-03-01 00:38:00.000000000,-5.016225604851381,48.24700792994952,10363.2,24998.640987310537,214.58784,0.6095754499293046,1.0412716354014098,1.0,1.0,1.0,13.800018970545228
GC0_FL340,2022-03-01 00:39:00.000000000,-4.876755012439158,48.329411374367055,10363.2,24998.640987310537,214.49835,0.6147167507735797,1.0506819923556028,1.0,1.0,1.0,13.800014488442477
GC0_FL340,2022-03-01 00:40:00.000000000,-4.7368335814541895,48.411645728843965,10363.2,24998.640987310537,214.4103,0.6187381237104093,1.0581746783060348,1.0,1.0,1.0,13.800009950331221
GC0_FL340,2022-03-01 00:41:00.000000000,-4.596459480456218,48.493709956074575,10363.2,24998.640987310537,214.33612,0.6181509140439986,1.0576924084425936,1.0,1.0,1.0,13.800005356252322
GC0_FL340,2022-03-01 00:42:00.000000000,-4.455630879335287,48.57560301279429,10363.2,24998.640987310537,214.26544,0.6144967285765178,1.051932210751987,1.0,1.0,1.0,13.800000706269127
GC0_FL340,2022-03-01 00:43:00.000000000,-4.314345949505185,48.6573238497631,10363.2,24998.640987310537,214.19846,0.6112970888722291,1.0469186292378283,1.0,1.0,1.0,13.799996000461707
GC0_FL340,2022-03-01 00:44:00.000000000,-4.172602864100605,48.73887141174949,10363.2,24998.640987310537,214.13344,0.6081728148613353,1.042017790084473,1.0,1.0,1.0,13.799991238929968
GC0_FL340,2022-03-01 00:45:00.000000000,-4.030399798177934,48.8202446375148,10363.2,24998.640987310537,214.06206,0.6051166251691511,1.0372686739483283,1.0,1.0,1.0,13.79998642179239
GC0_FL340,2022-03-01 00:46:00.000000000,-3.8877349289197967,48.901442459798034,10363.2,24998.640987310537,213.99893,0.6048171401860312,1.0371867141931748,1.0,1.0,1.0,13.799981549189066
GC0_FL340,2022-03-01 00:47:00.000000000,-3.744606435843342,48.98246380530123,10363.2,24998.640987310537,213.93954,0.6055609468896325,1.0388670469751764,1.0,1.0,1.0,13.799976621281434
GC0_FL340,2022-03-01 00:48:00.000000000,-3.601012501012314,49.06330759467523,10363.2,24998.640987310537,213.89006,0.6037518140304136,1.0361036213718464,1.0,1.0,1.0,13.799971638251657
GC0_FL340,2022-03-01 00:49:00.000000000,-3.456951309253031,49.14397274250603,10363.2,24998.640987310537,213.84521,0.6015734954455755,1.032669775440239,1.0,1.0,1.0,13.799966600302653
GC0_FL340,2022-03-01 00:50:00.000000000,-3.312421048374104,49.22445815730157,10363.2,24998.640987310537,213.801,0.5992891522057328,1.0290487984391055,1.0,1.0,1.0,13.799961507663523
GC0_FL340,2022-03-01 00:51:00.000000000,-3.1674199093902,49.304762741479145,10363.2,24998.640987310537,213.7598,0.5958185750379329,1.0233642992379859,1.0,1.0,1.0,13.80003811560671
GC0_FL340,2022-03-01 00:52:00.000000000,-3.021943131385752,49.3848842512864,10363.2,24998.640987310537,213.71597,0.5924644017391336,1.0178962566775998,1.0,1.0,1.0,13.80003431143209
GC0_FL340,2022-03-01 00:53:00.000000000,-2.875991817593982,49.46482269242153,10363.2,24998.640987310537,213.65564,0.5909427116533478,1.0156852604630873,1.0,1.0,1.0,13.80002967563927
GC0_FL340,2022-03-01 00:54:00.000000000,-2.7295641981544376,49.54457695964448,10363.2,24998.640987310537,213.58241,0.5905358213609023,1.0154692397265217,1.0,1.0,1.0,13.800024984324816
GC0_FL340,2022-03-01 00:55:00.000000000,-2.582658479303576,49.62414593078313,10363.2,24998.640987310537,213.50328,0.5904644528584085,1.0158711755769059,1.0,1.0,1.0,13.800020237683322
GC0_FL340,2022-03-01 00:56:00.000000000,-2.435272871668278,49.703528477519875,10363.2,24998.640987310537,213.38,0.5922659742216215,1.0197901431595826,1.0,1.0,1.0,13.800015435926571
GC0_FL340,2022-03-01 00:57:00.000000000,-2.2874055905140325,49.78272346538261,10363.2,24998.640987310537,213.21144,0.5960565827177569,1.0274454015233185,1.0,1.0,1.0,13.800010579292724
GC0_FL340,2022-03-01 00:58:00.000000000,-2.139054855997014,49.86172975373617,10363.2,24998.640987310537,213.05605,0.602885700235085,1.0402628248447128,1.0,1.0,1.0,13.80000566804335
GC0_FL340,2022-03-01 00:59:00.000000000,-1.990218893420634,49.940546195774644,10363.2,24998.640987310537,212.87935,0.61080150361559,1.055127357709025,1.0,1.0,1.0,13.800000702464757
GC0_FL340,2022-03-01 01:00:00.000000000,-1.840895933496165,50.01917163851421,10363.2,24998.640987310537,212.71368,0.6275750617011889,1.0852574586426045,1.0,1.0,1.0,13.799995682868577
GC0_FL340,2022-03-01 01:01:00.000000000,-1.6910842126076457,50.09760492278672,10363.2,24998.640987310537,212.61494,0.6464613936642979,1.1186276468434444,1.0,1.0,1.0,13.799990609591623
GC0_FL340,2022-03-01 01:02:00.000000000,-1.540781973081079,50.17584488323394,10363.2,24998.640987310537,212.59389,0.6582442664730301,1.1391727703638874,1.0,1.0,1.0,13.799985482999908
GC0_FL340,2022-03-01 01:03:00.000000000,-1.3899874634580285,50.2538903483026,10363.2,24998.640987310537,212.61674,0.6683642589588827,1.156514240791716,1.0,1.0,1.0,13.799980303483485
GC0_FL340,2022-03-01 01:04:00.000000000,-1.2386989387734455,50.33174014024005,10363.2,24998.640987310537,212.6785,0.6792118954044241,1.1748196042492203,1.0,1.0,1.0,13.799975071460995
GC0_FL340,2022-03-01 01:05:00.000000000,-1.0869146608380469,50.409393075090854,10363.2,24998.640987310537,212.84454,0.6596137271125767,1.1397030773871837,1.0,1.0,1.0,13.799969787382079
GC0_FL340,2022-03-01 01:06:00.000000000,-0.9346328985249368,50.48684796269396,10363.2,24998.640987310537,212.97725,0.6369964005433744,1.099679500968927,1.0,1.0,1.0,13.799964451722667
GC0_FL340,2022-03-01 01:07:00.000000000,-0.7818519280607622,50.56410360668077,10363.2,24998.640987310537,213.12054,0.6151277318796227,1.0609451361072775,1.0,1.0,1.0,13.79995906498832
GC0_FL340,2022-03-01 01:08:00.000000000,-0.6285700333214097,50.64115880447403,10363.2,24998.640987310537,213.21783,0.5974241959699403,1.0297592971137124,1.0,1.0,1.0,13.800040250558894
GC0_FL340,2022-03-01 01:09:00.000000000,-0.47478237482134333,50.71801108774824,10363.2,24998.640987310537,213.28358,0.5830002159010284,1.0044681579605157,1.0,1.0,1.0,13.800036449888243
GC0_FL340,2022-03-01 01:10:00.000000000,-0.3204903233010431,50.79466047002034,10363.2,24998.640987310537,213.29797,0.5803264104302063,0.9997669105066753,1.0,0.0,0.0,13.800031495581349
GC0_FL340,2022-03-01 01:11:00.000000000,-0.16569222733307076,50.87110574593124,10363.2,24998.640987310537,213.30792,0.5791377570504677,0.997656103314453,1.0,0.0,0.0,13.80002648819227
GC0_FL340,2022-03-01 01:12:00.000000000,-0.01038640460530521,50.94734568796158,10363.2,24998.640987310537,213.30106,0.5803595897874596,0.9998054424754921,1.0,0.0,0.0,13.800021428178642
GC0_FL340,2022-03-01 01:13:00.000000000,0.14542881799142826,51.02337906239046,10363.2,24998.640987310537,213.2331,0.5898317551350553,1.0165718649151958,1.0,1.0,1.0,13.800016316031584
GC0_FL340,2022-03-01 01:14:00.000000000,0.30175510404023853,51.099204629299564,10363.2,24998.640987310537,213.17255,0.6005824970576217,1.0355067894991532,1.0,1.0,1.0,13.80001115226905
GC0_FL340,2022-03-01 01:15:00.000000000,0.45859410727043437,51.17482114257816,10363.2,24998.640987310537,213.10649,0.6146469875203809,1.0602094991945974,1.0,1.0,1.0,13.8000059374454
GC0_FL340,2022-03-01 01:16:00.000000000,0.6159474712251815,51.25022734992915,10363.2,24998.640987310537,213.0336,0.6297508738390972,1.0867761946092753,1.0,1.0,1.0,13.800000672141353
GC0_FL340,2022-03-01 01:17:00.000000000,0.7738168289243615,51.325421992876,10363.2,24998.640987310537,212.97647,0.640248732947626,1.1052987991821597,1.0,1.0,1.0,13.7999953569759
GC0_FL340,2022-03-01 01:18:00.000000000,0.932203802522942,51.400403806770754,10363.2,24998.640987310537,212.94438,0.6440582673368326,1.1121090553395456,1.0,1.0,1.0,13.799989992598045
GC0_FL340,2022-03-01 01:19:00.000000000,1.0911100029643799,51.47517152080301,10363.2,24998.640987310537,212.90015,0.6462673472251897,1.116242837714198,1.0,1.0,1.0,13.79998457969091
GC0_FL340,2022-03-01 01:20:00.000000000,1.2505370296295943,51.549723858009905,10363.2,24998.640987310537,212.86115,0.6472297704344302,1.1181867729084403,1.0,1.0,1.0,13.799979118975191
GC0_FL340,2022-03-01 01:21:00.000000000,1.410486469980993,51.62405953528727,10363.2,24998.640987310537,212.8631,0.6441143495484887,1.1127882901333972,1.0,1.0,1.0,13.799973611204168
GC0_FL340,2022-03-01 01:22:00.000000000,1.570959899201897,51.698177263401696,10363.2,24998.640987310537,212.84737,0.6425966087272224,1.1102797973889196,1.0,1.0,1.0,13.799968057170684
GC0_FL340,2022-03-01 01:23:00.000000000,1.7319588798311787,51.77207574700383,10363.2,24998.640987310537,212.84703,0.6408998493256098,1.107349467527692,1.0,1.0,1.0,13.799962457699413
GC0_FL340,2022-03-01 01:24:00.000000000,1.8934849613930664,51.84575368464275,10363.2,24998.640987310537,212.86433,0.6358045407645171,1.09842322023654,1.0,1.0,1.0,13.799956813657149
GC0_FL340,2022-03-01 01:25:00.000000000,2.055539680022396,51.91920976878139,10363.2,24998.640987310537,212.87984,0.6308381523103842,1.0897359267821423,1.0,1.0,1.0,13.800042154299087
GC0_FL340,2022-03-01 01:26:00.000000000,2.2181278486239693,51.99244129650124,10363.2,24998.640987310537,212.8894,0.6268574547629887,1.0827907804690435,1.0,1.0,1.0,13.800038395347975
GC0_FL340,2022-03-01 01:27:00.000000000,2.381247755746821,52.06544829902248,10363.2,24998.640987310537,212.91292,0.6256222084946509,1.0804938075868393,1.0,1.0,1.0,13.800033137066887
GC0_FL340,2022-03-01 01:28:00.000000000,2.5449008423555197,52.13822947261712,10363.2,24998.640987310537,212.93672,0.62381501251988,1.0772092219816853,1.0,1.0,1.0,13.800027830685213
GC0_FL340,2022-03-01 01:29:00.000000000,2.7090885869023626,52.210783485473385,10363.2,24998.640987310537,212.96036,0.6217923943030967,1.0735533084102706,1.0,1.0,1.0,13.800022477008898
GC0_FL340,2022-03-01 01:30:00.000000000,2.873812452494847,52.283108999789214,10363.2,24998.640987310537,212.98358,0.6190343639677378,1.068628348558721,1.0,1.0,1.0,13.800017076881304
GC0_FL340,2022-03-01 01:31:00.000000000,3.039073886492103,52.35520467179508,10363.2,24998.640987310537,213.00694,0.6161126960858545,1.0634233765692138,1.0,1.0,1.0,13.8000116311833
GC0_FL340,2022-03-01 01:32:00.000000000,3.204874320096632,52.42706915177804,10363.2,24998.640987310537,213.02905,0.613809053393317,1.0592976427494845,1.0,1.0,1.0,13.80000614083744
GC0_FL340,2022-03-01 01:33:00.000000000,3.3712151679413354,52.498701084107154,10363.2,24998.640987310537,213.0531,0.6120381888880837,1.056077425018621,1.0,1.0,1.0,13.800000606803097
GC0_FL340,2022-03-01 01:34:00.000000000,3.538097827671728,52.57009910726018,10363.2,24998.640987310537,213.08109,0.6099255311078262,1.0522404045594214,1.0,1.0,1.0,13.799995030082775
GC0_FL340,2022-03-01 01:35:00.000000000,3.705523679523632,52.64126185385161,10363.2,24998.640987310537,213.11299,0.6056670216670842,1.0446777999636185,1.0,1.0,1.0,13.799989411721297
GC0_FL340,2022-03-01 01:36:00.000000000,3.8734940858960045,52.71218795066221,10363.2,24998.640987310537,213.14928,0.6013815360258592,1.0370406719589789,1.0,1.0,1.0,13.799983752801687
GC0_FL340,2022-03-01 01:37:00.000000000,4.04201039091922,52.78287601866978,10363.2,24998.640987310537,213.19235,0.5969046934182384,1.0290360985442346,1.0,1.0,1.0,13.799978054452163
GC0_FL340,2022-03-01 01:38:00.000000000,4.211073920018708,52.853324673081396,10363.2,24998.640987310537,213.24728,0.591529943770782,1.019402527402125,1.0,1.0,1.0,13.799972317845754
GC0_FL340,2022-03-01 01:39:00.000000000,4.380685979473958,52.92353252336716,10363.2,24998.640987310537,213.3087,0.5857576842254958,1.0090554313518734,1.0,1.0,1.0,13.79996654419649
GC0_FL340,2022-03-01 01:40:00.000000000,4.550847855972988,52.993498173295265,10363.2,24998.640987310537,213.36372,0.57824604006117,0.9957557582441592,1.0,0.0,0.0,13.799960734763747
GC0_FL340,2022-03-01 01:41:00.000000000,4.72156081616213,53.06322022096875,10363.2,24998.640987310537,213.39603,0.5670679640378622,0.9763030156092918,1.0,0.0,0.0,13.799954890854742
GC0_FL340,2022-03-01 01:42:00.000000000,4.892826106191535,53.13269725886355,10363.2,24998.640987310537,213.42223,0.5572103765930025,0.9591676022936021,1.0,0.0,0.0,13.80004369387429
GC0_FL340,2022-03-01 01:43:00.000000000,5.064648373766797,53.201926344915194,10363.2,24998.640987310537,213.43117,0.5516179665287808,0.9494844157543871,1.0,0.0,0.0,13.800040019521948
GC0_FL340,2022-03-01 01:44:00.000000000,5.237025480446346,53.270907542595175,10363.2,24998.640987310537,213.41013,0.55401254858931,0.9537376881055504,1.0,0.0,0.0,13.800034486742401
GC0_FL340,2022-03-01 01:45:00.000000000,5.409958542016128,53.339639456889614,10363.2,24998.640987310537,213.3927,0.5579637355146523,0.9606491198432134,1.0,0.0,0.0,13.800028914083532
GC0_FL340,2022-03-01 01:46:00.000000000,5.583448717588524,53.40812065808024,10363.2,24998.640987310537,213.37381,0.5636929065857438,0.9706319533767218,1.0,0.0,0.0,13.80002330277767
GC0_FL340,2022-03-01 01:47:00.000000000,5.757497143428711,53.47634971103695,10363.2,24998.640987310537,213.35081,0.5713301849529072,0.9839315507396497,1.0,0.0,0.0,13.800017654102959
GC0_FL340,2022-03-01 01:48:00.000000000,5.932104932473757,53.54432517526539,10363.2,24998.640987310537,213.35077,0.5801763085448332,0.9991654211332215,1.0,0.0,0.0,13.800011969384423
GC0_FL340,2022-03-01 01:49:00.000000000,6.10727317384737,53.612045604956435,10363.2,24998.640987310537,213.35883,0.5890227748075851,1.014348878064597,1.0,1.0,1.0,13.800006249993439
GC0_FL340,2022-03-01 01:50:00.000000000,6.283002932370696,53.679509549037114,10363.2,24998.640987310537,213.37213,0.5960138724186081,1.02629860372818,1.0,1.0,1.0,13.800000497350158
GC0_FL340,2022-03-01 01:51:00.000000000,6.459295248068937,53.746715551223396,10363.2,24998.640987310537,213.40125,0.6012546786209401,1.0351242393494882,1.0,1.0,1.0,13.799994712920459
GC0_FL340,2022-03-01 01:52:00.000000000,6.636151135673946,53.81366215007467,10363.2,24998.640987310537,213.43524,0.6047176447298852,1.040854721761187,1.0,1.0,1.0,13.799988898221487
GC0_FL340,2022-03-01 01:53:00.000000000,6.8135715841229665,53.88034787904993,10363.2,24998.640987310537,213.46773,0.604407816348714,1.0401029903592935,1.0,1.0,1.0,13.799983054817007
GC0_FL340,2022-03-01 01:54:00.000000000,6.991557556053451,53.94677126656574,10363.2,24998.640987310537,213.49396,0.6046878906482961,1.0404055206588583,1.0,1.0,1.0,13.79997718432221
GC0_FL340,2022-03-01 01:55:00.000000000,7.170109987294104,54.01293083605608,10363.2,24998.640987310537,213.5262,0.5975064462828193,1.0278338867210108,1.0,1.0,1.0,13.799971288402922
GC0_FL340,2022-03-01 01:56:00.000000000,7.349229786352257,54.07882510603384,10363.2,24998.640987310537,213.5575,0.5840817020224959,1.0045365857710802,1.0,1.0,1.0,13.799965368775869
GC0_FL340,2022-03-01 01:57:00.000000000,7.5289178338974985,54.144452590154366,10363.2,24998.640987310537,213.5827,0.5703016084378068,0.9806733844848986,1.0,0.0,0.0,13.799959427205792
GC0_FL340,2022-03-01 01:58:00.000000000,7.709174982241969,54.20981179728059,10363.2,24998.640987310537,213.6054,0.5547648372380739,0.9538169829015156,1.0,0.0,0.0,13.799953465513312
GC0_FL340,2022-03-01 01:59:00.000000000,7.890002054816966,54.2749012315503,10363.2,24998.640987310537,213.64604,0.5306638676253772,0.9121373029768028,1.0,0.0,0.0,13.800044709298199
GC0_FL340,2022-03-01 02:00:00.000000000,8.07140336006643,54.3397177150441,10363.2,24998.640987310537,213.68861,0.5050684804608543,0.8678997810901288,1.0,0.0,0.0,13.800041165932434
GC0_FL340,2022-03-01 02:01:00.000000000,8.253376235746266,54.4042613638653,10363.2,24998.640987310537,213.73602,0.47643597310034164,0.8184431175880121,1.0,0.0,0.0,13.80003540717797
GC0_FL340,2022-03-01 02:02:00.000000000,8.435921335887098,54.46853070587913,10363.2,24998.640987310537,213.80084,0.45012680692194645,0.7729190799652319,1.0,0.0,0.0,13.800029620699759
GC0_FL340,2022-03-01 02:03:00.000000000,8.61903936252284,54.532524226953534,10363.2,24998.640987310537,213.87741,0.428519719762853,0.73544534078406,1.0,0.0,0.0,13.800023808234585
GC0_FL340,2022-03-01 02:04:00.000000000,8.802730986129248,54.5962404085977,10363.2,24998.640987310537,213.959,0.40814366035514554,0.7001010592365793,1.0,0.0,0.0,13.80001797157137
GC0_FL340,2022-03-01 02:05:00.000000000,8.986996845082029,54.659677728041075,10363.2,24998.640987310537,214.03954,0.38896081877531896,0.6668409393606519,1.0,0.0,0.0,13.80001211255036
GC0_FL340,2022-03-01 02:06:00.000000000,9.171837545112288,54.72283465831418,10363.2,24998.640987310537,214.12206,0.3791896922345366,0.6497370632612754,1.0,0.0,0.0,13.800006233064313
GC0_FL340,2022-03-01 02:07:00.000000000,9.357253658759396,54.785709668331585,10363.2,24998.640987310537,214.20284,0.3650117635177343,0.6251083064011126,1.0,0.0,0.0,13.800000335060249
GC0_FL340,2022-03-01 02:08:00.000000000,9.543245724821515,54.84830122297688,10363.2,24998.640987310537,214.27153,0.3544677221360478,0.6067752185068847,1.0,0.0,0.0,13.79999442053751
GC0_FL340,2022-03-01 02:09:00.000000000,9.729814247803706,54.91060778318973,10363.2,24998.640987310537,214.3269,0.3547052339546551,0.6069585268402024,1.0,0.0,0.0,13.799988491549682
GC0_FL340,2022-03-01 02:10:00.000000000,9.916959697363977,54.97262780605501,10363.2,24998.640987310537,214.37029,0.35356303602641725,0.6048292222865952,1.0,0.0,0.0,6.1100550360113415
GC0_FL340,2022-03-01 02:10:26.566305980,10.0,55.0,10363.2,24998.640987310537,214.39627,0.35082011153140397,0.6000338117628883,1.0,0.0,0.0,0.0
NW150_FL340,2022-03-01 00:00:00.000000000,-10.000000000000002,45.00000000000001,10363.2,24998.640987310537,214.05959,0.7336607892244564,1.2576370674106507,1.0,1.0,1.0,13.800014615529586
NW150_FL340,2022-03-01 00:01:00.000000000,-9.911943680217473,45.10739059751919,10363.2,24998.640987310537,214.02255,0.7210023711789149,1.2362397409601715,1.0,1.0,1.0,13.800013510743517
NW150_FL340,2022-03-01 00:02:00.000000000,-9.823535417039643,45.21470503205091,10363.2,24998.640987310537,213.98335,0.7167659309867115,1.2292947142136923,1.0,1.0,1.0,13.800012336604626
NW150_FL340,2022-03-01 00:03:00.000000000,-9.734752775491534,45.32193450949788,10363.2,24998.640987310537,213.98888,0.7102718856467377,1.218110761917159,1.0,1.0,1.0,13.800011102228465
NW150_FL340,2022-03-01 00:04:00.000000000,-9.64557321962325,45.4290701602766,10363.2,24998.640987310537,214.01555,0.6987559475064544,1.1981502962846664,1.0,1.0,1.0,13.800009817596628
NW150_FL340,2022-03-01 00:05:00.000000000,-9.555974120765597,45.53610303447345,10363.2,24998.640987310537,214.06046,0.6869710650656555,1.177592413504544,1.0,1.0,1.0,13.800008493466299
NW150_FL340,2022-03-01 00:06:00.000000000,-9.465932766099801,45.64302409705574,10363.2,24998.640987310537,214.14133,0.6735211083217963,1.1539231050617436,1.0,1.0,1.0,13.8000071412585
NW150_FL340,2022-03-01 00:07:00.000000000,-9.37542636757764,45.74982422315823,10363.2,24998.640987310537,214.20964,0.6616703085998359,1.1331074286003435,1.0,1.0,1.0,13.800005772917848
NW150_FL340,2022-03-01 00:08:00.000000000,-9.284432071228174,45.85649419346592,10363.2,24998.640987310537,214.32333,0.6431838323878962,1.10061798171226,1.0,1.0,1.0,13.800004400762623
NW150_FL340,2022-03-01 00:09:00.000000000,-9.192926966886413,45.96302468971482,10363.2,24998.640987310537,214.40881,0.6238479259071662,1.0669245989054896,1.0,1.0,1.0,13.800003037318143
NW150_FL340,2022-03-01 00:10:00.000000000,-9.100888098379096,46.069406290332594,10363.2,24998.640987310537,214.48357,0.6020248833687835,1.0290919435961365,1.0,1.0,1.0,13.800001695131416
NW150_FL340,2022-03-01 00:11:00.000000000,-9.008292474201193,46.175629466241716,10363.2,24998.640987310537,214.54845,0.5790201956361907,0.9893398765680773,1.0,0.0,0.0,13.800000386583605
NW150_FL340,2022-03-01 00:12:00.000000000,-8.915117078716126,46.2816845768484,10363.2,24998.640987310537,214.528,0.5621797915702228,0.960697461901759,1.0,0.0,0.0,13.799999123681374
NW150_FL340,2022-03-01 00:13:00.000000000,-8.82133888391088,46.38756186624089,10363.2,24998.640987310537,214.46022,0.5534967300332976,0.9462848561001549,1.0,0.0,0.0,13.799997917859939
NW150_FL340,2022-03-01 00:14:00.000000000,-8.726934861735826,46.49325145962168,10363.2,24998.640987310537,214.38925,0.5494989462908685,0.9398928356806936,1.0,0.0,0.0,13.799996779771385
NW150_FL340,2022-03-01 00:15:00.000000000,-8.631881997057086,46.59874335999853,10363.2,24998.640987310537,214.29962,0.5560302915352732,0.9516283730963536,1.0,0.0,0.0,13.799995719077321
NW150_FL340,2022-03-01 00:16:00.000000000,-8.536157301247139,46.70402744515966,10363.2,24998.640987310537,214.24557,0.5637142608888498,0.9651258541121459,1.0,0.0,0.0,13.79999474425429
NW150_FL340,2022-03-01 00:17:00.000000000,-8.439737826436936,46.809093464959474,10363.2,24998.640987310537,214.23087,0.5659090315573359,0.9689804217653383,1.0,0.0,0.0,13.799993862396043
NW150_FL340,2022-03-01 00:18:00.000000000,-8.342600680450126,46.91393103894103,10363.2,24998.640987310537,214.23659,0.563541915070747,0.9648902116899832,1.0,0.0,0.0,13.799993079039334
NW150_FL340,2022-03-01 00:19:00.000000000,-8.244723042436963,47.01852965432236,10363.2,24998.640987310537,214.25424,0.5598340379583255,0.9584303009597513,1.0,0.0,0.0,13.79999239800333
NW150_FL340,2022-03-01 00:20:00.000000000,-8.146082179222427,47.12287866437407,10363.2,24998.640987310537,214.30707,0.5467358599240782,0.9356775416953368,1.0,0.0,0.0,13.799991821243808
NW150_FL340,2022-03-01 00:21:00.000000000,-8.046655462379125,47.22696728721557,10363.2,24998.640987310537,214.37752,0.5305829538620326,0.907610089598268,1.0,0.0,0.0,13.79999134873503
NW150_FL340,2022-03-01 00:22:00.000000000,-7.946420386032092,47.33078460505782,10363.2,24998.640987310537,214.45293,0.514029450385809,0.8788536033085295,1.0,0.0,0.0,13.799990978379531
NW150_FL340,2022-03-01 00:23:00.000000000,-7.845354585398439,47.434319563920425,10363.2,24998.640987310537,214.56767,0.4993117209488187,0.8530369220043152,1.0,0.0,0.0,13.799990705942896
NW150_FL340,2022-03-01 00:24:00.000000000,-7.743435856059993,47.537560973850695,10363.2,24998.640987310537,214.69943,0.4858414952985163,0.8292941585036121,1.0,0.0,0.0,13.799990525026583
NW150_FL340,2022-03-01 00:25:00.000000000,-7.640642173962943,47.64049750967218,10363.2,24998.640987310537,214.80145,0.4743286214627664,0.8090907415438204,1.0,0.0,0.0,13.799990427059264
NW150_FL340,2022-03-01 00:26:00.000000000,-7.536951716133178,47.743117712289695,10363.2,24998.640987310537,214.9435,0.45960588306474703,0.7832296180866802,1.0,0.0,0.0,13.799990401351167
NW150_FL340,2022-03-01 00:27:00.000000000,-7.432342882090881,47.84540999057738,10363.2,24998.640987310537,215.0645,0.44684888347174645,0.7608709494244665,1.0,0.0,0.0,13.799990435152703
NW150_FL340,2022-03-01 00:28:00.000000000,-7.32679431594254,47.94736262387532,10363.2,24998.640987310537,215.17474,0.4345209576236933,0.7393307337973791,1.0,0.0,0.0,13.799990513782763
NW150_FL340,2022-03-01 00:29:00.000000000,-7.220284929122936,48.04896376511957,10363.2,24998.640987310537,215.26018,0.4214537858109693,0.7166824195148855,1.0,0.0,0.0,13.799990620759637
NW150_FL340,2022-03-01 00:30:00.000000000,-7.112793923753648,48.15020144462874,10363.2,24998.640987310537,215.31145,0.4109766271239495,0.69862366221468,1.0,0.0,0.0,13.799990738007454
NW150_FL340,2022-03-01 00:31:00.000000000,-7.00430081657882,48.251063574569415,10363.2,24998.640987310537,215.35904,0.4016590796785371,0.6825641568917864,1.0,0.0,0.0,13.799990846062991
NW150_FL340,2022-03-01 00:32:00.000000000,-6.894785463432784,48.351537954120296,10363.2,24998.640987310537,215.36336,0.3981837773094909,0.6766387316922409,1.0,0.0,0.0,13.79999092434128
NW150_FL340,2022-03-01 00:33:00.000000000,-6.784228084187853,48.45161227535354,10363.2,24998.640987310537,215.35057,0.3976557494000389,0.6758006370593923,1.0,0.0,0.0,13.79999095142065
NW150_FL340,2022-03-01 00:34:00.000000000,-6.672609288124424,48.55127412984912,10363.2,24998.640987310537,215.34825,0.39566198295387156,0.6724237304076185,1.0,0.0,0.0,13.799990905357314
NW150_FL340,2022-03-01 00:35:00.000000000,-6.559910099659522,48.650511016055766,10363.2,24998.640987310537,215.33716,0.38895040563161876,0.6610666662326393,1.0,0.0,0.0,13.799990764032621
NW150_FL340,2022-03-01 00:36:00.000000000,-6.446111984363311,48.74931034740906,10363.2,24998.640987310537,215.29013,0.38278017036252826,0.6507863090042268,1.0,0.0,0.0,13.799990505510175
NW150_FL340,2022-03-01 00:37:00.000000000,-6.331196875187807,48.84765946121438,10363.2,24998.640987310537,215.27641,0.3674526181620425,0.6247839787009133,1.0,0.0,0.0,13.799990108416592
NW150_FL340,2022-03-01 00:38:00.000000000,-6.215147198825244,48.94554562829887,10363.2,24998.640987310537,215.23708,0.3526751491037796,0.5998182849640641,1.0,0.0,0.0,13.799989552329267
NW150_FL340,2022-03-01 00:39:00.000000000,-6.097945902109083,49.04295606343325,10363.2,24998.640987310537,215.20267,0.34801927075158284,0.5920364530757496,1.0,0.0,0.0,13.799988818168638
NW150_FL340,2022-03-01 00:40:00.000000000,-5.979576478364332,49.13987793652022,10363.2,24998.640987310537,215.1797,0.3441230134712823,0.5855008393960207,1.0,0.0,0.0,13.799987888596085
NW150_FL340,2022-03-01 00:41:00.000000000,-5.860022993609616,49.23629838454239,10363.2,24998.640987310537,215.13945,0.33851107361595345,0.5761075659770863,1.0,0.0,0.0,13.799986748391927
NW150_FL340,2022-03-01 00:42:00.000000000,-5.739270112508919,49.33220452425832,10363.2,24998.640987310537,215.1316,0.3333538089276367,0.5673601241414296,1.0,0.0,0.0,13.799985384831924
NW150_FL340,2022-03-01 00:43:00.000000000,-5.617303123966524,49.42758346563079,10363.2,24998.640987310537,215.13283,0.3308974174558542,0.5631750571019647,1.0,0.0,0.0,13.799983788033904
NW150_FL340,2022-03-01 00:44:00.000000000,-5.4941079662560375,49.52242232596687,10363.2,24998.640987310537,215.14035,0.31987899522027463,0.5443949127302536,1.0,0.0,0.0,13.799981951284067
NW150_FL340,2022-03-01 00:45:00.000000000,-5.369671251570929,49.61670824474481,10363.2,24998.640987310537,215.17224,0.3139789807690011,0.5342389690631943,1.0,0.0,0.0,13.799979871326002
NW150_FL340,2022-03-01 00:46:00.000000000,-5.243980289882591,49.710428399097715,10363.2,24998.640987310537,215.20625,0.30733628519110157,0.5228174693928641,1.0,0.0,0.0,13.799977548611706
NW150_FL340,2022-03-01 00:47:00.000000000,-5.117023111990287,49.803570019919526,10363.2,24998.640987310537,215.24973,0.29177907759008587,0.49620449404248673,1.0,0.0,0.0,13.799974987505227
NW150_FL340,2022-03-01 00:48:00.000000000,-4.988788491647018,49.896120408553536,10363.2,24998.640987310537,215.3002,0.27507477448284723,0.46763756501410453,1.0,0.0,0.0,13.799972196443608
NW150_FL340,2022-03-01 00:49:00.000000000,-4.85926596664584,49.98806695401959,10363.2,24998.640987310537,215.3447,0.2727818887435455,0.46360059777179763,1.0,0.0,0.0,13.79996918802526
NW150_FL340,2022-03-01 00:50:00.000000000,-4.728445858752139,50.079397150730635,10363.2,24998.640987310537,215.39288,0.2703692758309327,0.45934975601327854,1.0,0.0,0.0,13.799965979069924
NW150_FL340,2022-03-01 00:51:00.000000000,-4.596319292369935,50.17009861664571,10363.2,24998.640987310537,215.44557,0.25969792360729843,0.44106215898480966,1.0,0.0,0.0,13.799962590579305
NW150_FL340,2022-03-01 00:52:00.000000000,-4.462878211833166,50.26015911180118,10363.2,24998.640987310537,215.49036,0.25268204962299295,0.42901565837099515,1.0,0.0,0.0,13.799959047664926
NW150_FL340,2022-03-01 00:53:00.000000000,-4.328115397217069,50.34956655715893,10363.2,24998.640987310537,215.50797,0.2566286870416921,0.4356653463516233,1.0,0.0,0.0,13.799955379398677
NW150_FL340,2022-03-01 00:54:00.000000000,-4.192024478569649,50.43830905370571,10363.2,24998.640987310537,215.52547,0.25703193501369265,0.4362975330623355,1.0,0.0,0.0,13.799951618596008
NW150_FL340,2022-03-01 00:55:00.000000000,-4.05459994846935,50.526374901734854,10363.2,24998.640987310537,215.51585,0.26292352503225763,0.446327061058704,1.0,0.0,0.0,13.799947801542151
NW150_FL340,2022-03-01 00:56:00.000000000,-3.915837172821923,50.61375262023863,10363.2,24998.640987310537,215.48691,0.27149897394740724,0.46097558645289943,1.0,0.0,0.0,13.799961634315533
NW150_FL340,2022-03-01 00:57:00.000000000,-3.775730534366871,50.70042998100058,10363.2,24998.640987310537,215.46764,0.27767311456865723,0.47152026603284186,1.0,0.0,0.0,13.800015187556577
NW150_FL340,2022-03-01 00:58:00.000000000,-3.634272966085093,50.78639370865784,10363.2,24998.640987310537,215.36882,0.29030358311365706,0.49329877338768235,1.0,0.0,0.0,13.800009923240955
NW150_FL340,2022-03-01 00:59:00.000000000,-3.491468425213449,50.87163617748502,10363.2,24998.640987310537,215.24211,0.30660463824223416,0.5214446898612167,1.0,0.0,0.0,13.800004456466626
NW150_FL340,2022-03-01 01:00:00.000000000,-3.3473158711349957,50.956146985350514,10363.2,24998.640987310537,215.12735,0.31781576435334274,0.540931046621138,1.0,0.0,0.0,13.799998839363584
NW150_FL340,2022-03-01 01:01:00.000000000,-3.201815162333295,51.03991604591398,10363.2,24998.640987310537,215.00131,0.32811491637877666,0.5589341059647444,1.0,0.0,0.0,13.799993126409735
NW150_FL340,2022-03-01 01:02:00.000000000,-3.0549670550937402,51.122933607024926,10363.2,24998.640987310537,214.87212,0.33535587186839283,0.5717652972569424,1.0,0.0,0.0,13.799987373795798
NW150_FL340,2022-03-01 01:03:00.000000000,-2.9067732000863327,51.20519026867862,10363.2,24998.640987310537,214.78531,0.33866838927607884,0.5777484147217042,1.0,0.0,0.0,13.799981638763203
NW150_FL340,2022-03-01 01:04:00.000000000,-2.75723613682413,51.28667700045241,10363.2,24998.640987310537,214.72237,0.3449559822970354,0.5887233845197657,1.0,0.0,0.0,13.799975978917063
NW150_FL340,2022-03-01 01:05:00.000000000,-2.6063592860038653,51.367385158347936,10363.2,24998.640987310537,214.65488,0.35505250340149414,0.6062283759524842,1.0,0.0,0.0,13.799970451534813
NW150_FL340,2022-03-01 01:06:00.000000000,-2.4541469397475377,51.44730650096773,10363.2,24998.640987310537,214.61676,0.3635091599971312,0.6208241611252572,1.0,0.0,0.0,13.799965112869177
NW150_FL340,2022-03-01 01:07:00.000000000,-2.300604249774821,51.526433204957165,10363.2,24998.640987310537,214.58144,0.3749275212240116,0.6404764123981166,1.0,0.0,0.0,13.799960017463881
NW150_FL340,2022-03-01 01:08:00.000000000,-2.145737213549071,51.60475787964777,10363.2,24998.640987310537,214.5234,0.38339947334487917,0.6552022186661444,1.0,0.0,0.0,13.799955217494318
NW150_FL340,2022-03-01 01:09:00.000000000,-1.9895526584501013,51.682273580841326,10363.2,24998.640987310537,214.49059,0.38872224894349594,0.6644441768314011,1.0,0.0,0.0,13.799950762132118
NW150_FL340,2022-03-01 01:10:00.000000000,-1.832058224038491,51.758973823679455,10363.2,24998.640987310537,214.4686,0.3892075048642069,0.6653719825396469,1.0,0.0,0.0,13.799946696952656
NW150_FL340,2022-03-01 01:11:00.000000000,-1.6732623424866224,51.83485259454882,10363.2,24998.640987310537,214.43236,0.38523615347074425,0.6587408532050715,1.0,0.0,0.0,13.799943063395368
NW150_FL340,2022-03-01 01:12:00.000000000,-1.513174217261294,51.909904361977446,10363.2,24998.640987310537,214.40353,0.38040029290091926,0.6505969018126945,1.0,0.0,0.0,13.799939898272926
NW150_FL340,2022-03-01 01:13:00.000000000,-1.3518038001522044,51.98412408648381,10363.2,24998.640987310537,214.38602,0.37089190946011713,0.6344075515742086,1.0,0.0,0.0,13.799939745243607
NW150_FL340,2022-03-01 01:14:00.000000000,-1.1891615462200298,52.057507082236924,10363.2,24998.640987310537,214.36507,0.36111562502338407,0.6177720707006852,1.0,0.0,0.0,13.800020924011612
NW150_FL340,2022-03-01 01:15:00.000000000,-1.0252518319892376,52.13004458185368,10363.2,24998.640987310537,214.35129,0.35062035737973357,0.5998729981802647,1.0,0.0,0.0,13.800013978858964
NW150_FL340,2022-03-01 01:16:00.000000000,-0.8600941937770141,52.20173800568454,10363.2,24998.640987310537,214.35968,0.334398326523242,0.5720849624579217,1.0,0.0,0.0,13.800007477983955
NW150_FL340,2022-03-01 01:17:00.000000000,-0.6937013373187131,52.27258437763797,10363.2,24998.640987310537,214.36641,0.31933124190498474,0.54628371583211,1.0,0.0,0.0,13.800001452770012
NW150_FL340,2022-03-01 01:18:00.000000000,-0.5260865789675423,52.34258124591907,10363.2,24998.640987310537,214.36964,0.3057856365200921,0.5231000741905933,1.0,0.0,0.0,13.799995928589095
NW150_FL340,2022-03-01 01:19:00.000000000,-0.35726381511859207,52.4117266860437,10363.2,24998.640987310537,214.38,0.29534648755255816,0.5052076438128229,1.0,0.0,0.0,13.79999092471825
NW150_FL340,2022-03-01 01:20:00.000000000,-0.1872474908346242,52.480019302721765,10363.2,24998.640987310537,214.39365,0.2858537585362418,0.48892569869145036,1.0,0.0,0.0,13.799986454317708
NW150_FL340,2022-03-01 01:21:00.000000000,-0.0160525678074433,52.54745823062341,10363.2,24998.640987310537,214.40234,0.2787909250411474,0.4768186684313819,1.0,0.0,0.0,13.799982524503399
NW150_FL340,2022-03-01 01:22:00.000000000,0.15630550821031364,52.614043134048934,10363.2,24998.640987310537,214.34576,0.2929748465862115,0.5012648981201022,1.0,0.0,0.0,13.79997913648606
NW150_FL340,2022-03-01 01:23:00.000000000,0.329810840369795,52.67977420552756,10363.2,24998.640987310537,214.29489,0.3042501239098699,0.5207326116243536,1.0,0.0,0.0,13.799976285786364
NW150_FL340,2022-03-01 01:24:00.000000000,0.5044471139547051,52.74465216337665,10363.2,24998.640987310537,214.25206,0.3121314866069096,0.5343728322979457,1.0,0.0,0.0,13.799973962517008
NW150_FL340,2022-03-01 01:25:00.000000000,0.680197629744843,52.80867824825721,10363.2,24998.640987310537,214.13612,0.3397859535242552,0.5821637155467444,1.0,0.0,0.0,13.799972151720771
NW150_FL340,2022-03-01 01:26:00.000000000,0.857045337388637,52.8718542187659,10363.2,24998.640987310537,214.01816,0.36702042833923076,0.6293161326099435,1.0,0.0,0.0,13.799970833761792
NW150_FL340,2022-03-01 01:27:00.000000000,1.034972868662569,52.93418234610838,10363.2,24998.640987310537,213.89665,0.39565456993203574,0.6789574694379491,1.0,0.0,0.0,13.799969984769
NW150_FL340,2022-03-01 01:28:00.000000000,1.2139625705007244,52.99566540790184,10363.2,24998.640987310537,213.7563,0.43193535504263497,0.7419000071771741,1.0,0.0,0.0,13.799969577100743
NW150_FL340,2022-03-01 01:29:00.000000000,1.3939965376829655,53.056306681157686,10363.2,24998.640987310537,213.61848,0.4660548486654156,0.8012276139845632,1.0,0.0,0.0,13.799969579857322
NW150_FL340,2022-03-01 01:30:00.000000000,1.5750566450764563,53.11610993449817,10363.2,24998.640987310537,213.48712,0.49942110467500084,0.859326626179053,1.0,0.0,0.0,13.799969959394309
NW150_FL340,2022-03-01 01:31:00.000000000,1.7571245793312809,53.17507941966272,10363.2,24998.640987310537,213.36365,0.5330258435037566,0.9178873165279982,1.0,0.0,0.0,13.799970679859165
NW150_FL340,2022-03-01 01:32:00.000000000,1.9401818699385918,53.23321986236095,10363.2,24998.640987310537,213.28146,0.5555191837330741,0.9571348971992969,1.0,0.0,0.0,13.799971703727884
NW150_FL340,2022-03-01 01:33:00.000000000,2.1242099195660367,53.29053645253109,10363.2,24998.640987310537,213.19664,0.5792252024271731,0.9985265344628547,1.0,0.0,0.0,13.799972992333837
NW150_FL340,2022-03-01 01:34:00.000000000,2.3091900335932243,53.34703483406254,10363.2,24998.640987310537,213.13087,0.5994172228324799,1.0337763977590593,1.0,1.0,1.0,13.799974506384897
NW150_FL340,2022-03-01 01:35:00.000000000,2.4951034487770922,53.402721094041766,10363.2,24998.640987310537,213.1026,0.6116398475857265,1.0550507915679317,1.0,1.0,1.0,13.799976206465772
NW150_FL340,2022-03-01 01:36:00.000000000,2.6819313609848683,53.457601751580526,10363.2,24998.640987310537,213.0772,0.6230273516630603,1.07487087323373,1.0,1.0,1.0,13.799978053504757
NW150_FL340,2022-03-01 01:37:00.000000000,2.8696549519397707,53.511683746284476,10363.2,24998.640987310537,213.06668,0.6284070814812908,1.0842239472187298,1.0,1.0,1.0,13.799980009221503
NW150_FL340,2022-03-01 01:38:00.000000000,3.0582554149321086,53.56497442641937,10363.2,24998.640987310537,213.06442,0.6300103507603441,1.0870061990592534,1.0,1.0,1.0,13.799982036526542
NW150_FL340,2022-03-01 01:39:00.000000000,3.2477139794557783,53.61748153683056,10363.2,24998.640987310537,213.0672,0.6291537190659083,1.0855078809624086,1.0,1.0,1.0,13.799984099891018
NW150_FL340,2022-03-01 01:40:00.000000000,3.4380119347371982,53.6692132066701,10363.2,24998.640987310537,213.08684,0.6197289441539079,1.0691125946452296,1.0,1.0,1.0,13.799986165670656
NW150_FL340,2022-03-01 01:41:00.000000000,3.629130652131118,53.72017793698295,10363.2,24998.640987310537,213.1152,0.6124571715981986,1.0563730443739388,1.0,1.0,1.0,13.79998820237766
NW150_FL340,2022-03-01 01:42:00.000000000,3.821051606363487,53.770384588202695,10363.2,24998.640987310537,213.15077,0.6072405620090926,1.0471343906892543,1.0,1.0,1.0,13.799990180922991
NW150_FL340,2022-03-01 01:43:00.000000000,4.013756395608983,53.81984236760365,10363.2,24998.640987310537,213.19589,0.6027605871092846,1.0391074427337927,1.0,1.0,1.0,13.79999207479392
NW150_FL340,2022-03-01 01:44:00.000000000,4.207226760395775,53.868560816754226,10363.2,24998.640987310537,213.27838,0.5926098752614001,1.021058809619217,1.0,1.0,1.0,13.79999386020077
NW150_FL340,2022-03-01 01:45:00.000000000,4.401444601336398,53.9165497990135,10363.2,24998.640987310537,213.37256,0.5801988322578199,0.9990632966183937,1.0,0.0,0.0,13.799995516168021
NW150_FL340,2022-03-01 01:46:00.000000000,4.59639199568854,53.96381948710966,10363.2,24998.640987310537,213.44614,0.5614567896228675,0.9663273269086644,1.0,0.0,0.0,13.799997024593432
NW150_FL340,2022-03-01 01:47:00.000000000,4.792051212754257,54.01038035083665,10363.2,24998.640987310537,213.49358,0.5378218659072761,0.9253624427660153,1.0,0.0,0.0,13.799998370255315
NW150_FL340,2022-03-01 01:48:00.000000000,4.988404728130883,54.05624314490155,10363.2,24998.640987310537,213.53024,0.5189847841316149,0.8927374818817061,1.0,0.0,0.0,13.799999540791967
NW150_FL340,2022-03-01 01:49:00.000000000,5.185435236830494,54.101418896952666,10363.2,24998.640987310537,213.48865,0.5234869517922943,0.9007262531944278,1.0,0.0,0.0,13.800000526639762
NW150_FL340,2022-03-01 01:50:00.000000000,5.383125665288684,54.14591889581483,10363.2,24998.640987310537,213.43065,0.5342630726386537,0.9196176088915085,1.0,0.0,0.0,13.800001320950413
NW150_FL340,2022-03-01 01:51:00.000000000,5.581459182286482,54.18975467995547,10363.2,24998.640987310537,213.35776,0.5520806166766901,0.9507372340448723,1.0,0.0,0.0,13.800001919470516
NW150_FL340,2022-03-01 01:52:00.000000000,5.780419208811863,54.23293802620198,10363.2,24998.640987310537,213.2911,0.5727684604370985,0.98679029080469,1.0,0.0,0.0,13.800002320404134
NW150_FL340,2022-03-01 01:53:00.000000000,5.979989426890096,54.27548093872749,10363.2,24998.640987310537,213.23973,0.5900387131658347,1.0168840748275825,1.0,1.0,1.0,13.800002524262844
NW150_FL340,2022-03-01 01:54:00.000000000,6.180153787413816,54.31739563831984,10363.2,24998.640987310537,213.22974,0.5967332634187452,1.0284889021549788,1.0,1.0,1.0,13.800002533692991
NW150_FL340,2022-03-01 01:55:00.000000000,6.3808965170056196,54.35869455194499,10363.2,24998.640987310537,213.234,0.5987837543549979,1.0319935640531355,1.0,1.0,1.0,13.800002353293928
NW150_FL340,2022-03-01 01:56:00.000000000,6.5822021239473365,54.399390302613654,10363.2,24998.640987310537,213.25505,0.5995786645365683,1.033224014360277,1.0,1.0,1.0,13.80000198943833
NW150_FL340,2022-03-01 01:57:00.000000000,6.784055403211021,54.4394956995573,10363.2,24998.640987310537,213.29063,0.6019457099548661,1.037063703277881,1.0,1.0,1.0,13.800001450080874
NW150_FL340,2022-03-01 01:58:00.000000000,6.986441440627737,54.479023728716754,10363.2,24998.640987310537,213.329,0.6049245236150464,1.0419337765273502,1.0,1.0,1.0,13.800000744570198
NW150_FL340,2022-03-01 01:59:00.000000000,7.18934561623043,54.51798754354435,10363.2,24998.640987310537,213.34775,0.6088282571723529,1.0485281946503016,1.0,1.0,1.0,13.799999883471097
NW150_FL340,2022-03-01 02:00:00.000000000,7.392753606807693,54.55640045611831,10363.2,24998.640987310537,213.36685,0.6115265694019864,1.05304740016719,1.0,1.0,1.0,13.799998878381079
NW150_FL340,2022-03-01 02:01:00.000000000,7.596651387704953,54.594275928565615,10363.2,24998.640987310537,213.39427,0.6030929147215824,1.0383380331722603,1.0,1.0,1.0,13.799997741767196
NW150_FL340,2022-03-01 02:02:00.000000000,7.801025233909899,54.63162756478736,10363.2,24998.640987310537,213.4228,0.587679551627016,1.0116133753351968,1.0,1.0,1.0,13.799996486806835
NW150_FL340,2022-03-01 02:03:00.000000000,8.005861720458118,54.66846910247922,10363.2,24998.640987310537,213.44765,0.5742692933542032,0.9883691630088072,1.0,0.0,0.0,13.799995127240448
NW150_FL340,2022-03-01 02:04:00.000000000,8.21114772219488,54.70481440543687,10363.2,24998.640987310537,213.51654,0.5350975707271561,0.9205367993413249,1.0,0.0,0.0,13.799993677240758
NW150_FL340,2022-03-01 02:05:00.000000000,8.416870412928134,54.74067745613532,10363.2,24998.640987310537,213.57709,0.5052109277857157,0.8687782399150208,1.0,0.0,0.0,13.799992151289874
NW150_FL340,2022-03-01 02:06:00.000000000,8.623017264007114,54.77607234856892,10363.2,24998.640987310537,213.66917,0.47413244573344426,0.8148434043538719,1.0,0.0,0.0,13.799990564074568
NW150_FL340,2022-03-01 02:07:00.000000000,8.829576042360262,54.81101328133762,10363.2,24998.640987310537,213.78658,0.4421893561712736,0.7593594196292095,1.0,0.0,0.0,13.799988930389441
NW150_FL340,2022-03-01 02:08:00.000000000,9.036534808025143,54.845514550963514,10363.2,24998.640987310537,213.903,0.414990410722285,0.712108182608466,1.0,0.0,0.0,13.799987265057572
NW150_FL340,2022-03-01 02:09:00.000000000,9.243881911202225,54.87959054542058,10363.2,24998.640987310537,214.03088,0.3895266955521955,0.6678503339501295,1.0,0.0,0.0,13.799985582857834
NW150_FL340,2022-03-01 02:10:00.000000000,9.451605988863491,54.91325573785914,10363.2,24998.640987310537,214.14699,0.36832480161613346,0.631016363736167,1.0,0.0,0.0,13.799983898464221
NW150_FL340,2022-03-01 02:11:00.000000000,9.659695960945642,54.94652468050605,10363.2,24998.640987310537,214.24825,0.3597173024745766,0.6158562505869841,1.0,0.0,0.0,13.799982226394873
NW150_FL340,2022-03-01 02:12:00.000000000,9.868141026157087,54.97941199871997,10363.2,24998.640987310537,214.33493,0.35499631647617363,0.6074238180559786,1.0,0.0,0.0,8.717907553283178
NW150_FL340,2022-03-01 02:12:37.904240283,10.0,55.0,10363.2,24998.640987310537,214.38821,0.35149365659027954,0.601219302003318,1.0,0.0,0.0,0.0
NW300_FL340,2022-03-01 00:00:00.000000000,-10.000000000000002,45.00000000000001,10363.2,24998.640987310537,214.05959,0.7336607892244564,1.2576370674106507,1.0,1.0,1.0,13.800034843118594
NW300_FL340,2022-03-01 00:01:00.000000000,-9.948323151402047,45.11861698721326,10363.2,24998.640987310537,214.00145,0.7188589344908544,1.2327372462359436,1.0,1.0,1.0,13.800006665435859
NW300_FL340,2022-03-01 00:02:00.000000000,-9.896402137726424,45.2372040256995,10363.2,24998.640987310537,213.9399,0.7095993426882643,1.2173504103289674,1.0,1.0,1.0,13.799977763173437
NW300_FL340,2022-03-01 00:03:00.000000000,-9.844205048187119,45.355754336568715,10363.2,24998.640987310537,213.94395,0.6953875240587595,1.1929363075800072,1.0,1.0,1.0,13.800003201880159
NW300_FL340,2022-03-01 00:04:00.000000000,-9.79169221545635,45.47425993803365,10363.2,24998.640987310537,213.94955,0.6817201008979564,1.1694483328886913,1.0,1.0,1.0,13.800019831035982
NW300_FL340,2022-03-01 00:05:00.000000000,-9.73883020753365,45.592713564836444,10363.2,24998.640987310537,214.02274,0.662564097800936,1.136041094973674,1.0,1.0,1.0,13.799990542186567
NW300_FL340,2022-03-01 00:06:00.000000000,-9.68559173693477,45.711108893423734,10363.2,24998.640987310537,214.10585,0.6423556745163345,1.1007861741953198,1.0,1.0,1.0,13.799966575556896
NW300_FL340,2022-03-01 00:07:00.000000000,-9.631942676019541,45.82943851868831,10363.2,24998.640987310537,214.22632,0.623265853879028,1.0672203575022154,1.0,1.0,1.0,13.800034470564826
NW300_FL340,2022-03-01 00:08:00.000000000,-9.577832641962,45.94769216492699,10363.2,24998.640987310537,214.36221,0.6041725549112901,1.03359667274277,1.0,1.0,1.0,13.800004853679956
NW300_FL340,2022-03-01 00:09:00.000000000,-9.523242741476356,46.0658646319852,10363.2,24998.640987310537,214.49098,0.5812645045597232,0.9935539877506028,1.0,0.0,0.0,13.799975174589125
NW300_FL340,2022-03-01 00:10:00.000000000,-9.468138670649463,46.1839481275579,10363.2,24998.640987310537,214.60916,0.5541110244707191,0.9463934200539463,1.0,0.0,0.0,13.799996337513656
NW300_FL340,2022-03-01 00:11:00.000000000,-9.412475134560134,46.30193273606196,10363.2,24998.640987310537,214.66359,0.5309375089023267,0.9064861495513005,1.0,0.0,0.0,13.80002177829723
NW300_FL340,2022-03-01 00:12:00.000000000,-9.356214232217248,46.41980959140651,10363.2,24998.640987310537,214.66116,0.5108126958077274,0.8721404080383091,1.0,0.0,0.0,13.799991978487872
NW300_FL340,2022-03-01 00:13:00.000000000,-9.299331078055891,46.53757207105862,10363.2,24998.640987310537,214.61435,0.4980179506385606,0.8505624963031829,1.0,0.0,0.0,13.79996288903523
NW300_FL340,2022-03-01 00:14:00.000000000,-9.2417896335749,46.65521139046437,10363.2,24998.640987310537,214.47098,0.5016400955365653,0.8575650094550927,1.0,0.0,0.0,13.800017586397669
NW300_FL340,2022-03-01 00:15:00.000000000,-9.183533336757865,46.77271458254579,10363.2,24998.640987310537,214.29907,0.5124090304556062,0.8769773773458363,1.0,0.0,0.0,13.800012642606154
NW300_FL340,2022-03-01 00:16:00.000000000,-9.124537269676559,46.8900744241367,10363.2,24998.640987310537,214.04236,0.5415913349455607,0.928498915780212,1.0,0.0,0.0,13.799983478538548
NW300_FL340,2022-03-01 00:17:00.000000000,-9.06476959695927,47.00728223711839,10363.2,24998.640987310537,213.83415,0.5661378966167341,0.9719121612502187,1.0,0.0,0.0,13.799955874461615
NW300_FL340,2022-03-01 00:18:00.000000000,-9.004192371172094,47.124327917170994,10363.2,24998.640987310537,213.70827,0.5816692613299342,0.9994014287654517,1.0,0.0,0.0,13.800022795812414
NW300_FL340,2022-03-01 00:19:00.000000000,-8.942742331284771,47.241195837621795,10363.2,24998.640987310537,213.62042,0.5925459251115409,1.018675588593384,1.0,1.0,1.0,13.80000943014113
NW300_FL340,2022-03-01 00:20:00.000000000,-8.880399361758288,47.35787881023055,10363.2,24998.640987310537,213.50896,0.6007177068212766,1.0334744602695756,1.0,1.0,1.0,13.79998144097103
NW300_FL340,2022-03-01 00:21:00.000000000,-8.81712804662872,47.47436632203423,10363.2,24998.640987310537,213.44849,0.5993932893798845,1.031602491115783,1.0,1.0,1.0,13.799955751288898
NW300_FL340,2022-03-01 00:22:00.000000000,-8.752888484884062,47.59064660231162,10363.2,24998.640987310537,213.4367,0.5868541830417178,1.0101015903128605,1.0,1.0,1.0,13.79999974357544
NW300_FL340,2022-03-01 00:23:00.000000000,-8.687621184744504,47.70670318021615,10363.2,24998.640987310537,213.42227,0.5707441097106699,0.9824647265894763,1.0,0.0,0.0,13.800014603485252
NW300_FL340,2022-03-01 00:24:00.000000000,-8.6212916133352,47.822524520353284,10363.2,24998.640987310537,213.4806,0.5445082196787242,0.9369461323330253,1.0,0.0,0.0,13.799987752859257
NW300_FL340,2022-03-01 00:25:00.000000000,-8.553869741791866,47.93809981100981,10363.2,24998.640987310537,213.57536,0.5149843246381304,0.8855945684264659,1.0,0.0,0.0,13.79996366704769
NW300_FL340,2022-03-01 00:26:00.000000000,-8.485313856181833,48.05341525950304,10363.2,24998.640987310537,213.70837,0.4818158672031258,0.8278351490979136,1.0,0.0,0.0,13.799942842235483
NW300_FL340,2022-03-01 00:27:00.000000000,-8.415581801578655,48.16845651097662,10363.2,24998.640987310537,213.85738,0.44887485497585,0.7704842259698924,1.0,0.0,0.0,13.800016914087612
NW300_FL340,2022-03-01 00:28:00.000000000,-8.344603841813232,48.28320205518647,10363.2,24998.640987310537,214.0049,0.4180776467500121,0.7169252328446951,1.0,0.0,0.0,13.800004972425114
NW300_FL340,2022-03-01 00:29:00.000000000,-8.272359617391693,48.397641532390416,10363.2,24998.640987310537,214.17923,0.3851882561683454,0.6597634630774573,1.0,0.0,0.0,13.799981440007572
NW300_FL340,2022-03-01 00:30:00.000000000,-8.198809767667017,48.511759680983936,10363.2,24998.640987310537,214.36127,0.35364421165608634,0.6050059311489283,1.0,0.0,0.0,13.799961128930406
NW300_FL340,2022-03-01 00:31:00.000000000,-8.123910851857396,48.62553969747014,10363.2,24998.640987310537,214.5686,0.3239319060787714,0.5534101181735892,1.0,0.0,0.0,13.79994434951923
NW300_FL340,2022-03-01 00:32:00.000000000,-8.047619175060253,48.73896411389615,10363.2,24998.640987310537,214.76604,0.29730168617433883,0.5072458396246885,1.0,0.0,0.0,13.799949522704459
NW300_FL340,2022-03-01 00:33:00.000000000,-7.969885434552368,48.85201334557368,10363.2,24998.640987310537,214.9195,0.27223565294147806,0.46400027408078587,1.0,0.0,0.0,13.800014181102688
NW300_FL340,2022-03-01 00:34:00.000000000,-7.890648069563789,48.96466371012504,10363.2,24998.640987310537,215.0462,0.24853094358697364,0.42323734862458895,1.0,0.0,0.0,13.799992650903825
NW300_FL340,2022-03-01 00:35:00.000000000,-7.809886021383044,49.076901625594274,10363.2,24998.640987310537,215.13605,0.22977345609981364,0.39105722871113047,1.0,0.0,0.0,13.799974108707389
NW300_FL340,2022-03-01 00:36:00.000000000,-7.727555347093408,49.1887068387166,10363.2,24998.640987310537,215.20131,0.21412949014479213,0.364272351991922,1.0,0.0,0.0,13.799958655833514
NW300_FL340,2022-03-01 00:37:00.000000000,-7.643612181951804,49.30005836390617,10363.2,24998.640987310537,215.24905,0.20280810129790147,0.3449016049018641,1.0,0.0,0.0,13.799946336900428
NW300_FL340,2022-03-01 00:38:00.000000000,-7.558012825338964,49.41093447592809,10363.2,24998.640987310537,215.29431,0.19422465387513366,0.33020323658367395,1.0,0.0,0.0,13.799937139245799
NW300_FL340,2022-03-01 00:39:00.000000000,-7.470713833585899,49.52131270557739,10363.2,24998.640987310537,215.34453,0.18671740520209062,0.3173318545045947,1.0,0.0,0.0,13.799930993467326
NW300_FL340,2022-03-01 00:40:00.000000000,-7.381672119623329,49.63116983869982,10363.2,24998.640987310537,215.44507,0.17950870633049465,0.3048724502979523,1.0,0.0,0.0,13.799935080408797
NW300_FL340,2022-03-01 00:41:00.000000000,-7.290842991180416,49.740481273968314,10363.2,24998.640987310537,215.5077,0.17412532516627952,0.29560339590486545,1.0,0.0,0.0,13.79999350665374
NW300_FL340,2022-03-01 00:42:00.000000000,-7.198169519410879,49.84921753340485,10363.2,24998.640987310537,215.66885,0.16601502826444592,0.2815264930433496,1.0,0.0,0.0,13.799978927303988
NW300_FL340,2022-03-01 00:43:00.000000000,-7.103628498314238,49.95735875096998,10363.2,24998.640987310537,215.80028,0.15829021499709703,0.2681863136849638,1.0,0.0,0.0,13.799966433137888
NW300_FL340,2022-03-01 00:44:00.000000000,-7.0071795140932345,50.06487885572919,10363.2,24998.640987310537,215.90799,0.15166941235756293,0.25677948906319625,1.0,0.0,0.0,13.79995586908043
NW300_FL340,2022-03-01 00:45:00.000000000,-6.9087830925656055,50.171751090152405,10363.2,24998.640987310537,216.04527,0.14460569211593013,0.24459028536862676,1.0,0.0,0.0,13.799947052381834
NW300_FL340,2022-03-01 00:46:00.000000000,-6.808400832996052,50.27794803570585,10363.2,24998.640987310537,216.18011,0.13805179338593165,0.23328832456153864,1.0,0.0,0.0,13.799939778560672
NW300_FL340,2022-03-01 00:47:00.000000000,-6.705995546066805,50.38344164394248,10363.2,24998.640987310537,216.3264,0.13238075867510596,0.223479055590255,1.0,0.0,0.0,13.799933827852389
NW300_FL340,2022-03-01 00:48:00.000000000,-6.601531395219343,50.48820327332102,10363.2,24998.640987310537,216.47867,0.12661623006201214,0.21352274920365116,1.0,0.0,0.0,13.799928972027583
NW300_FL340,2022-03-01 00:49:00.000000000,-6.494974040497284,50.592203731941304,10363.2,24998.640987310537,216.60274,0.12135443743730831,0.20447324414037235,1.0,0.0,0.0,13.799924981403041
NW300_FL340,2022-03-01 00:50:00.000000000,-6.386290783920157,50.69541332633463,10363.2,24998.640987310537,216.70993,0.11584141541485936,0.19503896597287124,1.0,0.0,0.0,13.799921631877607
NW300_FL340,2022-03-01 00:51:00.000000000,-6.2754507153220995,50.797801916390625,10363.2,24998.640987310537,216.79375,0.11087465232493675,0.1865674947674359,1.0,0.0,0.0,13.799918711778243
NW300_FL340,2022-03-01 00:52:00.000000000,-6.162424857501622,50.89933897643868,10363.2,24998.640987310537,216.84708,0.10661696033807255,0.17933659612654967,1.0,0.0,0.0,13.799916028361567
NW300_FL340,2022-03-01 00:53:00.000000000,-6.0471863094495175,50.99999366243146,10363.2,24998.640987310537,216.89558,0.1019892042816429,0.17149432583049912,1.0,0.0,0.0,13.799913413752241
NW300_FL340,2022-03-01 00:54:00.000000000,-5.929710386355748,51.099734885102215,10363.2,24998.640987310537,216.94289,0.1000386270231584,0.16815881497147556,1.0,0.0,0.0,13.799910730138198
NW300_FL340,2022-03-01 00:55:00.000000000,-5.8099747550443395,51.19853138888636,10363.2,24998.640987310537,216.99417,0.09770066554592528,0.16416983086439965,1.0,0.0,0.0,13.799907874076975
NW300_FL340,2022-03-01 00:56:00.000000000,-5.687959563450105,51.296351836313654,10363.2,24998.640987310537,217.03941,0.09604478038002658,0.16133632772908205,1.0,0.0,0.0,13.79990477972228
NW300_FL340,2022-03-01 00:57:00.000000000,-5.56364756273571,51.39316489749046,10363.2,24998.640987310537,217.0797,0.09489742698323975,0.15936358577275841,1.0,0.0,0.0,13.799901420893251
NW300_FL340,2022-03-01 00:58:00.000000000,-5.4370242206528845,51.48893934420452,10363.2,24998.640987310537,217.11093,0.09371654776403722,0.15734588339258987,1.0,0.0,0.0,13.799897811846515
NW300_FL340,2022-03-01 00:59:00.000000000,-5.308077824779514,51.583644148098536,10363.2,24998.640987310537,217.13693,0.09460322366616178,0.15880578142863805,1.0,0.0,0.0,13.799894006728076
NW300_FL340,2022-03-01 01:00:00.000000000,-5.176799574316013,51.67724858227623,10363.2,24998.640987310537,217.16365,0.09471960826632601,0.15897162219105704,1.0,0.0,0.0,13.799890097668875
NW300_FL340,2022-03-01 01:01:00.000000000,-5.043183659200432,51.76972232562682,10363.2,24998.640987310537,217.1614,0.09528851223570951,0.15992865274179907,1.0,0.0,0.0,13.799886211544619
NW300_FL340,2022-03-01 01:02:00.000000000,-4.907227325401263,51.8610355690834,10363.2,24998.640987310537,217.14143,0.09702480084190136,0.16286585304274326,1.0,0.0,0.0,13.799882505488926
NW300_FL340,2022-03-01 01:03:00.000000000,-4.768930925370678,51.95115912296934,10363.2,24998.640987310537,217.12354,0.0980954563713874,0.16468349455974426,1.0,0.0,0.0,13.799879161238978
NW300_FL340,2022-03-01 01:04:00.000000000,-4.628297952786058,52.04006452453659,10363.2,24998.640987310537,217.12804,0.09841770955123888,0.1652192526364352,1.0,0.0,0.0,13.79987637850337
NW300_FL340,2022-03-01 01:05:00.000000000,-4.485335060872928,52.127724144762055,10363.2,24998.640987310537,217.13814,0.09915186646471404,0.16644046174260552,1.0,0.0,0.0,13.799874367506506
NW300_FL340,2022-03-01 01:06:00.000000000,-4.340052063785224,52.214111293444496,10363.2,24998.640987310537,217.11005,0.10082167429599022,0.16927667595430834,1.0,0.0,0.0,13.799875260345667
NW300_FL340,2022-03-01 01:07:00.000000000,-4.192461576710146,52.299200123019176,10363.2,24998.640987310537,217.09676,0.10178448906613757,0.17090905288578917,1.0,0.0,0.0,13.799958362399373
NW300_FL340,2022-03-01 01:08:00.000000000,-4.042565505808821,52.382957721133714,10363.2,24998.640987310537,217.10002,0.1022129874203052,0.17162476170755248,1.0,0.0,0.0,13.79994634307932
NW300_FL340,2022-03-01 01:09:00.000000000,-3.8903976137133776,52.4653690353782,10363.2,24998.640987310537,217.08324,0.10257385380591844,0.17225076483392235,1.0,0.0,0.0,13.799934758524605
NW300_FL340,2022-03-01 01:10:00.000000000,-3.7359801900362437,52.5464122011229,10363.2,24998.640987310537,217.05493,0.10274132859493176,0.17256641438594675,1.0,0.0,0.0,13.799923893437573
NW300_FL340,2022-03-01 01:11:00.000000000,-3.5793384277428935,52.62606676530347,10363.2,24998.640987310537,217.01904,0.10323279285332744,0.17343508530963717,1.0,0.0,0.0,13.799914005702364
NW300_FL340,2022-03-01 01:12:00.000000000,-3.420500321548006,52.70431376094036,10363.2,24998.640987310537,216.99394,0.10406646191451195,0.17486664118233555,1.0,0.0,0.0,13.799905318758915
NW300_FL340,2022-03-01 01:13:00.000000000,-3.2594965516209413,52.78113577383572,10363.2,24998.640987310537,216.97095,0.1047515596677811,0.17604593741990826,1.0,0.0,0.0,13.799898015093248
NW300_FL340,2022-03-01 01:14:00.000000000,-3.0963603537213,52.85651700087687,10363.2,24998.640987310537,216.95789,0.10552615671462091,0.17736414174851906,1.0,0.0,0.0,13.799892231080968
NW300_FL340,2022-03-01 01:15:00.000000000,-2.93112737703906,52.93044329948208,10363.2,24998.640987310537,216.93352,0.1061316186324072,0.17841212673319826,1.0,0.0,0.0,13.79988805331851
NW300_FL340,2022-03-01 01:16:00.000000000,-2.7638355311439367,53.00290222783783,10363.2,24998.640987310537,216.89691,0.10591345962634745,0.17809115144374305,1.0,0.0,0.0,13.799885516550193
NW300_FL340,2022-03-01 01:17:00.000000000,-2.594524823554262,53.07388307569488,10363.2,24998.640987310537,216.83499,0.10653183770437115,0.17920807781036163,1.0,0.0,0.0,13.799884603266875
NW300_FL340,2022-03-01 01:18:00.000000000,-2.4232371895126836,53.14337688560977,10363.2,24998.640987310537,216.7634,0.10723154072397896,0.18047555313596128,1.0,0.0,0.0,13.799885244947372
NW300_FL340,2022-03-01 01:19:00.000000000,-2.250016315606625,53.21137646463753,10363.2,24998.640987310537,216.68433,0.10786556472019755,0.18164262259024042,1.0,0.0,0.0,13.799887324900999
NW300_FL340,2022-03-01 01:20:00.000000000,-2.0749074588928185,53.277876386596866,10363.2,24998.640987310537,216.55072,0.11048424589553654,0.18622516499709166,1.0,0.0,0.0,13.799890682600761
NW300_FL340,2022-03-01 01:21:00.000000000,-1.8979572631798203,53.34287298513899,10363.2,24998.640987310537,216.42355,0.1135448934316216,0.19155255383921108,1.0,0.0,0.0,13.799895119344866
NW300_FL340,2022-03-01 01:22:00.000000000,-1.719213574090673,53.406364337953896,10363.2,24998.640987310537,216.30325,0.11724668705926701,0.1979624662180448,1.0,0.0,0.0,13.799900405062836
NW300_FL340,2022-03-01 01:23:00.000000000,-1.538725254472115,53.46835024254097,10363.2,24998.640987310537,216.18774,0.1211953656059114,0.204792100258323,1.0,0.0,0.0,13.79990628602072
NW300_FL340,2022-03-01 01:24:00.000000000,-1.356542001638573,53.52883218405242,10363.2,24998.640987310537,216.07437,0.12401582034929788,0.20972160737911555,1.0,0.0,0.0,13.79991249319038
NW300_FL340,2022-03-01 01:25:00.000000000,-1.172714167843412,53.58781329578929,10363.2,24998.640987310537,215.96654,0.12746900848157816,0.21572132161959523,1.0,0.0,0.0,13.799918750991056
NW300_FL340,2022-03-01 01:26:00.000000000,-0.9872925852565602,53.64529831298643,10363.2,24998.640987310537,215.85147,0.13092698441068196,0.22174799391200742,1.0,0.0,0.0,13.799924786167315
NW300_FL340,2022-03-01 01:27:00.000000000,-0.800328396603329,53.7012935205683,10363.2,24998.640987310537,215.75217,0.13420210741701893,0.22744975841478715,1.0,0.0,0.0,13.79993033648061
NW300_FL340,2022-03-01 01:28:00.000000000,-0.6118728924847379,53.75580669558846,10363.2,24998.640987310537,215.64667,0.137395225809943,0.23302848642579496,1.0,0.0,0.0,13.799935159022626
NW300_FL340,2022-03-01 01:29:00.000000000,-0.42197735625945404,53.80884704508488,10363.2,24998.640987310537,215.5784,0.1410416272018755,0.23932421736867776,1.0,0.0,0.0,13.799939037850189
NW300_FL340,2022-03-01 01:30:00.000000000,-0.23069291722504956,53.86042514008997,10363.2,24998.640987310537,215.52484,0.14266486387593008,0.2421667851005162,1.0,0.0,0.0,13.79994179078318
NW300_FL340,2022-03-01 01:31:00.000000000,-0.03807041269302599,53.910552846529505,10363.2,24998.640987310537,215.45421,0.14304086540924668,0.24292220597717692,1.0,0.0,0.0,13.799943275155096
NW300_FL340,2022-03-01 01:32:00.000000000,0.1558397405871601,53.95924325373014,10363.2,24998.640987310537,215.37283,0.1467033174817309,0.24927891443299183,1.0,0.0,0.0,13.799943392385876
NW300_FL340,2022-03-01 01:33:00.000000000,0.35098766533486897,54.00651060123104,10363.2,24998.640987310537,215.25671,0.15194371040445342,0.2583867188909193,1.0,0.0,0.0,13.799942091276058
NW300_FL340,2022-03-01 01:34:00.000000000,0.5473241327828376,54.05237020456364,10363.2,24998.640987310537,215.10947,0.16034328230915665,0.27294090421030304,1.0,0.0,0.0,13.799939369947783
NW300_FL340,2022-03-01 01:35:00.000000000,0.7448006617853401,54.09683838062501,10363.2,24998.640987310537,214.93849,0.17552002174871464,0.29912047384512125,1.0,0.0,0.0,13.79993527641069
NW300_FL340,2022-03-01 01:36:00.000000000,0.943369608024376,54.139932373227055,10363.2,24998.640987310537,214.77281,0.19646034268744691,0.335177574974365,1.0,0.0,0.0,13.799929907760507
NW300_FL340,2022-03-01 01:37:00.000000000,1.142984243446075,54.18167027935618,10363.2,24998.640987310537,214.56474,0.2255249794029143,0.3852995002329103,1.0,0.0,0.0,13.799923408062723
NW300_FL340,2022-03-01 01:38:00.000000000,1.3435988261461758,54.22207097662803,10363.2,24998.640987310537,214.34526,0.2598584972588909,0.4446058022879223,1.0,0.0,0.0,13.799915964977409
NW300_FL340,2022-03-01 01:39:00.000000000,1.545168660997899,54.26115405237014,10363.2,24998.640987310537,214.13228,0.29723641030606013,0.5092753037204393,1.0,0.0,0.0,13.799907805259913
NW300_FL340,2022-03-01 01:40:00.000000000,1.7476501513793214,54.298939734713336,10363.2,24998.640987310537,213.93295,0.33923838417580093,0.5820059173951023,1.0,0.0,0.0,13.799905225618216
NW300_FL340,2022-03-01 01:41:00.000000000,1.951001321706038,54.3354480988425,10363.2,24998.640987310537,213.7793,0.37832132077183217,0.6497135560920244,1.0,0.0,0.0,13.80003550067695
NW300_FL340,2022-03-01 01:42:00.000000000,2.1551912888926434,54.370684072582705,10363.2,24998.640987310537,213.62955,0.4206236907549664,0.7230708056019981,1.0,0.0,0.0,13.80001194060027
NW300_FL340,2022-03-01 01:43:00.000000000,2.3601687814981553,54.404685818447064,10363.2,24998.640987310537,213.49113,0.46567401811475295,0.801238551426174,1.0,0.0,0.0,13.799988050689471
NW300_FL340,2022-03-01 01:44:00.000000000,2.5658948749977406,54.43747558046449,10363.2,24998.640987310537,213.3637,0.5139170389926165,0.8849800247532961,1.0,0.0,0.0,13.799964294443889
NW300_FL340,2022-03-01 01:45:00.000000000,2.772331890772268,54.46907594249486,10363.2,24998.640987310537,213.26614,0.5600189484618097,0.9649810616457757,1.0,0.0,0.0,13.79994113566568
NW300_FL340,2022-03-01 01:46:00.000000000,2.9794434044374127,54.49950977601977,10363.2,24998.640987310537,213.21756,0.5855420827511398,1.009280421403674,1.0,1.0,1.0,13.799919029035573
NW300_FL340,2022-03-01 01:47:00.000000000,3.1871942485890172,54.528800191289015,10363.2,24998.640987310537,213.15883,0.613938991127991,1.058630899837424,1.0,1.0,1.0,13.799903858262315
NW300_FL340,2022-03-01 01:48:00.000000000,3.395550879759554,54.55696978407656,10363.2,24998.640987310537,213.13942,0.6222330001189652,1.073066302510222,1.0,1.0,1.0,13.800055039082034
NW300_FL340,2022-03-01 01:49:00.000000000,3.604491615359623,54.58402008165235,10363.2,24998.640987310537,213.14218,0.6184597873594775,1.066542206022304,1.0,1.0,1.0,13.800015441936033
NW300_FL340,2022-03-01 01:50:00.000000000,3.8139728517228146,54.60999719041869,10363.2,24998.640987310537,213.16786,0.6126335165554865,1.0563170916320128,1.0,1.0,1.0,13.799978645815921
NW300_FL340,2022-03-01 01:51:00.000000000,4.023964354506401,54.63492486350083,10363.2,24998.640987310537,213.24506,0.6034888194648392,1.0400265571154368,1.0,1.0,1.0,13.799945081809751
NW300_FL340,2022-03-01 01:52:00.000000000,4.234437101686992,54.658826899104795,10363.2,24998.640987310537,213.33145,0.5912562454382162,1.0183749917631828,1.0,1.0,1.0,13.799915120264668
NW300_FL340,2022-03-01 01:53:00.000000000,4.445363262970964,54.68172711119074,10363.2,24998.640987310537,213.46265,0.5597776673247281,0.9633334840046507,1.0,0.0,0.0,13.800015788586125
NW300_FL340,2022-03-01 01:54:00.000000000,4.65672372489985,54.70363128764721,10363.2,24998.640987310537,213.57915,0.5291033600797468,0.9098513491790593,1.0,0.0,0.0,13.800026752290783
NW300_FL340,2022-03-01 01:55:00.000000000,4.868487720428609,54.7245739875963,10363.2,24998.640987310537,213.63203,0.5088869922203715,0.8747853015355187,1.0,0.0,0.0,13.799983572061933
NW300_FL340,2022-03-01 01:56:00.000000000,5.080627538644073,54.74458663851475,10363.2,24998.640987310537,213.62202,0.5012402010676307,0.861696503292244,1.0,0.0,0.0,13.799945817559948
NW300_FL340,2022-03-01 01:57:00.000000000,5.293119881497206,54.763692990803875,10363.2,24998.640987310537,213.56738,0.5060247234005556,0.8702315146667332,1.0,0.0,0.0,13.799938516635832
NW300_FL340,2022-03-01 01:58:00.000000000,5.505943868646182,54.78191294381553,10363.2,24998.640987310537,213.44345,0.5298192160325568,0.911890486653521,1.0,0.0,0.0,13.800050656767903
NW300_FL340,2022-03-01 01:59:00.000000000,5.719084419011531,54.79925175731836,10363.2,24998.640987310537,213.32455,0.5512997756659456,0.9495960419569597,1.0,0.0,0.0,13.800003204209666
NW300_FL340,2022-03-01 02:00:00.000000000,5.932512825652237,54.81575578710652,10363.2,24998.640987310537,213.22928,0.572023824733935,0.9859045759639959,1.0,0.0,0.0,13.799962666862402
NW300_FL340,2022-03-01 02:01:00.000000000,6.1462099113233615,54.83144846222197,10363.2,24998.640987310537,213.17339,0.5835186443204692,1.0060801457512119,1.0,1.0,1.0,13.799932359184918
NW300_FL340,2022-03-01 02:02:00.000000000,6.3601576187555455,54.846352522537195,10363.2,24998.640987310537,213.14531,0.5874622399424941,1.0130658022388233,1.0,1.0,1.0,13.800051701259331
NW300_FL340,2022-03-01 02:03:00.000000000,6.574345601833692,54.860467055141825,10363.2,24998.640987310537,213.14172,0.5889371042660445,1.0156326969482112,1.0,1.0,1.0,13.80000554177809
NW300_FL340,2022-03-01 02:04:00.000000000,6.788749289172524,54.87384091232076,10363.2,24998.640987310537,213.16476,0.5916766395848324,1.0202039424244833,1.0,1.0,1.0,13.799967129490193
NW300_FL340,2022-03-01 02:05:00.000000000,7.0033531669792195,54.88649708306962,10363.2,24998.640987310537,213.19954,0.5950243147775794,1.025743730490402,1.0,1.0,1.0,13.799960623388825
NW300_FL340,2022-03-01 02:06:00.000000000,7.218143656439326,54.89845407593597,10363.2,24998.640987310537,213.22363,0.6010243731436496,1.0359270124830713,1.0,1.0,1.0,13.8000381484042
NW300_FL340,2022-03-01 02:07:00.000000000,7.433110284466571,54.90971982486474,10363.2,24998.640987310537,213.24916,0.607795206344963,1.0474220607096567,1.0,1.0,1.0,13.799997707739267
NW300_FL340,2022-03-01 02:08:00.000000000,7.648234507949747,54.92033751497244,10363.2,24998.640987310537,213.27307,0.6089531176047825,1.049253701783407,1.0,1.0,1.0,13.799965046205028
NW300_FL340,2022-03-01 02:09:00.000000000,7.863504016276233,54.93032968835278,10363.2,24998.640987310537,213.29842,0.6063510317579364,1.044599317021972,1.0,1.0,1.0,13.799998359184581
NW300_FL340,2022-03-01 02:10:00.000000000,8.078909613694025,54.93970734956771,10363.2,24998.640987310537,213.33563,0.5946175942407383,1.0241365930625257,1.0,1.0,1.0,13.800019524346945
NW300_FL340,2022-03-01 02:11:00.000000000,8.294439602046854,54.94849485749177,10363.2,24998.640987310537,213.39201,0.5684762221399327,0.9787526711212002,1.0,0.0,0.0,13.799987344744515
NW300_FL340,2022-03-01 02:12:00.000000000,8.51008135994762,54.95672549342708,10363.2,24998.640987310537,213.46269,0.5392024548231467,0.9279245379762601,1.0,0.0,0.0,13.799962217577544
NW300_FL340,2022-03-01 02:13:00.000000000,8.725825342473327,54.96442143190606,10363.2,24998.640987310537,213.58868,0.4974293014096045,0.8553313244468318,1.0,0.0,0.0,13.800030591944905
NW300_FL340,2022-03-01 02:14:00.000000000,8.941665815844612,54.97158610280672,10363.2,24998.640987310537,213.70895,0.4599686730644869,0.7902964216096514,1.0,0.0,0.0,13.800003074592663
NW300_FL340,2022-03-01 02:15:00.000000000,9.157590658160426,54.97826150894907,10363.2,24998.640987310537,213.85417,0.4217164763659392,0.7238811612231336,1.0,0.0,0.0,13.799979693093027
NW300_FL340,2022-03-01 02:16:00.000000000,9.373592057318856,54.984470163858454,10363.2,24998.640987310537,214.00276,0.39022735737020564,0.6691764206678094,1.0,0.0,0.0,13.799998894018712
NW300_FL340,2022-03-01 02:17:00.000000000,9.58966406355943,54.990225655978996,10363.2,24998.640987310537,214.14203,0.37007958225164167,0.6340415557380559,1.0,0.0,0.0,13.800013114578606
NW300_FL340,2022-03-01 02:18:00.000000000,9.805799607243536,54.995551318891,10363.2,24998.640987310537,214.26865,0.3591858891153193,0.6148631857718014,1.0,0.0,0.0,12.396422411584279
NW300_FL340,2022-03-01 02:18:53.897617080,9.999999999999996,55.0,10363.2,24998.640987310537,214.36517,0.35342769063720564,0.6046186115012676,1.0,0.0,0.0,0.0
SE300_FL350,2022-03-01 00:00:00.000000000,-10.000000000000002,45.00000000000001,10668.0,23841.928016066504,212.79758,0.6919819882062457,1.195991555688355,1.0,1.0,1.0,13.800115027908165
SE300_FL350,2022-03-01 00:01:00.000000000,-9.832634228109365,45.0374989777726,10668.0,23841.928016066504,212.73808,0.6935083699329027,1.1990894948438233,1.0,1.0,1.0,13.800020549916326
SE300_FL350,2022-03-01 00:02:00.000000000,-9.665061957945106,45.074778023133646,10668.0,23841.928016066504,212.68633,0.6954869806675391,1.2029077006354274,1.0,1.0,1.0,13.799927543731021
SE300_FL350,2022-03-01 00:03:00.000000000,-9.497293172355167,45.111857647020635,10668.0,23841.928016066504,212.64952,0.6962172883072221,1.2044568086760292,1.0,1.0,1.0,13.800010362739226
SE300_FL350,2022-03-01 00:04:00.000000000,-9.329333869699752,45.148755048499964,10668.0,23841.928016066504,212.62834,0.699027668544197,1.2094828448087795,1.0,1.0,1.0,13.8000625389665
SE300_FL350,2022-03-01 00:05:00.000000000,-9.161195059406664,45.18549293097829,10668.0,23841.928016066504,212.6059,0.7038938055538411,1.2180813899049139,1.0,1.0,1.0,13.799971646306037
SE300_FL350,2022-03-01 00:06:00.000000000,-8.992889620285059,45.222095268527376,10668.0,23841.928016066504,212.57898,0.7112389935776983,1.231003991025085,1.0,1.0,1.0,13.799899873840282
SE300_FL350,2022-03-01 00:07:00.000000000,-8.824426642306625,45.25858271091628,10668.0,23841.928016066504,212.57782,0.7109855343641218,1.230572408058999,1.0,1.0,1.0,13.800105239252431
SE300_FL350,2022-03-01 00:08:00.000000000,-8.65581080706178,45.2949740113112,10668.0,23841.928016066504,212.57587,0.7103969637255999,1.2295690591957407,1.0,1.0,1.0,13.80001760658135
SE300_FL350,2022-03-01 00:09:00.000000000,-8.487057177228046,45.3312945416673,10668.0,23841.928016066504,212.56001,0.7118990725221472,1.2322943759578593,1.0,1.0,1.0,13.79993231818943
SE300_FL350,2022-03-01 00:10:00.000000000,-8.31817494269894,45.36756551489382,10668.0,23841.928016066504,212.54814,0.7137203789287473,1.2355413834837576,1.0,1.0,1.0,13.799993838825486
SE300_FL350,2022-03-01 00:11:00.000000000,-8.149171301625014,45.4038082101483,10668.0,23841.928016066504,212.52548,0.7128403748625602,1.2341984965402364,1.0,1.0,1.0,13.80006634186223
SE300_FL350,2022-03-01 00:12:00.000000000,-7.980055881015995,45.44004548033964,10668.0,23841.928016066504,212.49667,0.7112293733164011,1.231637092663304,1.0,1.0,1.0,13.799985579438726
SE300_FL350,2022-03-01 00:13:00.000000000,-7.81084018030542,45.47629954581915,10668.0,23841.928016066504,212.46803,0.7121138480100634,1.2333919243569227,1.0,1.0,1.0,13.799907812990368
SE300_FL350,2022-03-01 00:14:00.000000000,-7.64153340621131,45.51259224345501,10668.0,23841.928016066504,212.44095,0.7119700910690243,1.2333570479820435,1.0,1.0,1.0,13.80005343805641
SE300_FL350,2022-03-01 00:15:00.000000000,-7.472142889633564,45.54894792999821,10668.0,23841.928016066504,212.42221,0.7109158957487639,1.231679641208562,1.0,1.0,1.0,13.800042769194542
SE300_FL350,2022-03-01 00:16:00.000000000,-7.30268005570596,45.58538865893594,10668.0,23841.928016066504,212.43483,0.7156612152891094,1.2398006298997468,1.0,1.0,1.0,13.799970371522296
SE300_FL350,2022-03-01 00:17:00.000000000,-7.133155014811902,45.621936316925805,10668.0,23841.928016066504,212.45967,0.7198274740036165,1.2468213300880846,1.0,1.0,1.0,13.799901682232836
SE300_FL350,2022-03-01 00:18:00.000000000,-6.963577350434745,45.65861348889645,10668.0,23841.928016066504,212.48627,0.7234872174316799,1.2529473866487757,1.0,1.0,1.0,13.800065477575464
SE300_FL350,2022-03-01 00:19:00.000000000,-6.793955919788455,45.69544792952469,10668.0,23841.928016066504,212.5217,0.7265146593845082,1.257905203247148,1.0,1.0,1.0,13.80003693342804
SE300_FL350,2022-03-01 00:20:00.000000000,-6.62430206827496,45.732459891422764,10668.0,23841.928016066504,212.54637,0.7255816930159801,1.256089916561858,1.0,1.0,1.0,13.799973816594894
SE300_FL350,2022-03-01 00:21:00.000000000,-6.454626108496878,45.76967183596835,10668.0,23841.928016066504,212.57214,0.7212949787191972,1.2484618065843092,1.0,1.0,1.0,13.79991501954183
SE300_FL350,2022-03-01 00:22:00.000000000,-6.284938381864701,45.807107160064675,10668.0,23841.928016066504,212.59874,0.7155790060133826,1.2383574202271999,1.0,1.0,1.0,13.80001310806428
SE300_FL350,2022-03-01 00:23:00.000000000,-6.1152496770827875,45.84479442806904,10668.0,23841.928016066504,212.62323,0.7157922413421152,1.2385295662654003,1.0,1.0,1.0,13.80004905320983
SE300_FL350,2022-03-01 00:24:00.000000000,-5.945571349662257,45.8827565001216,10668.0,23841.928016066504,212.65094,0.7177244259403092,1.2416560191839847,1.0,1.0,1.0,13.799995207272767
SE300_FL350,2022-03-01 00:25:00.000000000,-5.775914582343945,45.92101460539857,10668.0,23841.928016066504,212.68698,0.7180396035102806,1.2419130025526657,1.0,1.0,1.0,13.799946018066104
SE300_FL350,2022-03-01 00:26:00.000000000,-5.606290874535937,45.959592928785845,10668.0,23841.928016066504,212.7216,0.7164370340544758,1.2388650731829778,1.0,1.0,1.0,13.799901826521442
SE300_FL350,2022-03-01 00:27:00.000000000,-5.436712081951,45.99851585627959,10668.0,23841.928016066504,212.75986,0.711905603610858,1.2307252530291053,1.0,1.0,1.0,13.800049850384529
SE300_FL350,2022-03-01 00:28:00.000000000,-5.267191966322243,46.03781647078147,10668.0,23841.928016066504,212.81393,0.7010951948839076,1.2116144950229544,1.0,1.0,1.0,13.800031588333269
SE300_FL350,2022-03-01 00:29:00.000000000,-5.097742422824589,46.07751300401981,10668.0,23841.928016066504,212.84123,0.6873352937401314,1.1876263560769564,1.0,1.0,1.0,13.799990478669388
SE300_FL350,2022-03-01 00:30:00.000000000,-4.92837633795386,46.11762914151849,10668.0,23841.928016066504,212.85628,0.6751154099755584,1.166396985147041,1.0,1.0,1.0,13.7999541838252
SE300_FL350,2022-03-01 00:31:00.000000000,-4.759107233713054,46.158189859635726,10668.0,23841.928016066504,212.86043,0.6643639701510311,1.1477920129230732,1.0,1.0,1.0,13.799922890616976
SE300_FL350,2022-03-01 00:32:00.000000000,-4.589949114555786,46.19922026051813,10668.0,23841.928016066504,212.84659,0.6534857535912271,1.1290980353770057,1.0,1.0,1.0,13.799929959565615
SE300_FL350,2022-03-01 00:33:00.000000000,-4.420917005638568,46.24074744997757,10668.0,23841.928016066504,212.8021,0.6443010611992396,1.1135494630935667,1.0,1.0,1.0,13.800043955541087
SE300_FL350,2022-03-01 00:34:00.000000000,-4.252027880874641,46.28280309951133,10668.0,23841.928016066504,212.71515,0.6355638455025305,1.099063170350265,1.0,1.0,1.0,13.80001263583261
SE300_FL350,2022-03-01 00:35:00.000000000,-4.083295312513981,46.32540456469928,10668.0,23841.928016066504,212.62454,0.6282857918416541,1.087108929291875,1.0,1.0,1.0,13.79998555573942
SE300_FL350,2022-03-01 00:36:00.000000000,-3.914735435139302,46.3685770941835,10668.0,23841.928016066504,212.52937,0.6209153099600032,1.0750157636135829,1.0,1.0,1.0,13.799962706248108
SE300_FL350,2022-03-01 00:37:00.000000000,-3.7463649709978815,46.41234591653959,10668.0,23841.928016066504,212.4319,0.6130614009903498,1.0620772694821687,1.0,1.0,1.0,13.799944029141807
SE300_FL350,2022-03-01 00:38:00.000000000,-3.578201246424688,46.45673620162743,10668.0,23841.928016066504,212.36633,0.6125620712715358,1.0616604789648665,1.0,1.0,1.0,13.799929415534166
SE300_FL350,2022-03-01 00:39:00.000000000,-3.41026220591334,46.50177301855226,10668.0,23841.928016066504,212.30914,0.6115313731636978,1.060259134292555,1.0,1.0,1.0,13.79991870565744
SE300_FL350,2022-03-01 00:40:00.000000000,-3.2425664234872786,46.54748129024899,10668.0,23841.928016066504,212.25867,0.6094265301435845,1.0569498891160423,1.0,1.0,1.0,13.799922852412047
SE300_FL350,2022-03-01 00:41:00.000000000,-3.0751334306903266,46.59388656047466,10668.0,23841.928016066504,212.23206,0.6070763549434165,1.0530538455749228,1.0,1.0,1.0,13.800008407530912
SE300_FL350,2022-03-01 00:42:00.000000000,-2.907985546322268,46.641019270999685,10668.0,23841.928016066504,212.21292,0.6054069139819338,1.050285803936834,1.0,1.0,1.0,13.79999152577942
SE300_FL350,2022-03-01 00:43:00.000000000,-2.74114057917694,46.68889649733604,10668.0,23841.928016066504,212.19662,0.6041368693457336,1.0481901991005425,1.0,1.0,1.0,13.799977274791766
SE300_FL350,2022-03-01 00:44:00.000000000,-2.5746196225871447,46.73754198383629,10668.0,23841.928016066504,212.16736,0.6081248990287086,1.0553059815773458,1.0,1.0,1.0,13.799965416219916
SE300_FL350,2022-03-01 00:45:00.000000000,-2.4084444011529893,46.78697905887585,10668.0,23841.928016066504,212.12141,0.6133725694671925,1.0647255833477587,1.0,1.0,1.0,13.799955690405685
SE300_FL350,2022-03-01 00:46:00.000000000,-2.24263725835525,46.83723057208739,10668.0,23841.928016066504,212.06592,0.6199066936971032,1.0764472296207592,1.0,1.0,1.0,13.799947822412035
SE300_FL350,2022-03-01 00:47:00.000000000,-2.077221138921509,46.88831882936984,10668.0,23841.928016066504,211.99602,0.6283977351749499,1.0916736135800575,1.0,1.0,1.0,13.799941528604728
SE300_FL350,2022-03-01 00:48:00.000000000,-1.9122195656143586,46.94026552601405,10668.0,23841.928016066504,211.92459,0.64031761786788,1.1128858026822253,1.0,1.0,1.0,13.799936523592704
SE300_FL350,2022-03-01 00:49:00.000000000,-1.747656610142675,46.99309167833649,10668.0,23841.928016066504,211.85152,0.6557863683360505,1.1402994271458784,1.0,1.0,1.0,13.799932527317191
SE300_FL350,2022-03-01 00:50:00.000000000,-1.5835568579366146,47.046817554258936,10668.0,23841.928016066504,211.82777,0.6658502722378075,1.157975152143974,1.0,1.0,1.0,13.799929272076493
SE300_FL350,2022-03-01 00:51:00.000000000,-1.41994536657518,47.10146260331857,10668.0,23841.928016066504,211.82646,0.6737595624993781,1.1717396271291165,1.0,1.0,1.0,13.799926509251202
SE300_FL350,2022-03-01 00:52:00.000000000,-1.2568476177121715,47.15704538663485,10668.0,23841.928016066504,211.84854,0.6806256659006149,1.1835133105851934,1.0,1.0,1.0,13.799924015512413
SE300_FL350,2022-03-01 00:53:00.000000000,-1.0942894624114776,47.21358350739827,10668.0,23841.928016066504,211.86925,0.6777725105055992,1.1783953313814157,1.0,1.0,1.0,13.799921598299676
SE300_FL350,2022-03-01 00:54:00.000000000,-0.9322970598757382,47.27109354247939,10668.0,23841.928016066504,211.88628,0.6726690421474688,1.1693977936053888,1.0,1.0,1.0,13.799919100366923
SE300_FL350,2022-03-01 00:55:00.000000000,-0.7708968096326502,47.329590975783,10668.0,23841.928016066504,211.90352,0.66097286669713,1.1489379766012544,1.0,1.0,1.0,13.799916403229442
SE300_FL350,2022-03-01 00:56:00.000000000,-0.6101152773294826,47.38909013399148,10668.0,23841.928016066504,211.87492,0.6421934687077452,1.116498803308929,1.0,1.0,1.0,13.79991342938298
SE300_FL350,2022-03-01 00:57:00.000000000,-0.4499791143776922,47.44960412535214,10668.0,23841.928016066504,211.8401,0.6278874925909483,1.0918666935861814,1.0,1.0,1.0,13.79991014318596
SE300_FL350,2022-03-01 00:58:00.000000000,-0.2905149717839815,47.51114478216384,10668.0,23841.928016066504,211.80289,0.6252176575310406,1.0874820660899516,1.0,1.0,1.0,13.799906550367
SE300_FL350,2022-03-01 00:59:00.000000000,-0.1317494086006752,47.57372260760951,10668.0,23841.928016066504,211.76094,0.6312464330427099,1.0982587894918774,1.0,1.0,1.0,13.799902696148978
SE300_FL350,2022-03-01 01:00:00.000000000,0.026291204476382772,47.63734672756016,10668.0,23841.928016066504,211.72511,0.6435481130242008,1.1199124282673834,1.0,1.0,1.0,13.799898662049376
SE300_FL350,2022-03-01 01:01:00.000000000,0.1835807857402945,47.702024847945545,10668.0,23841.928016066504,211.7289,0.6714096116826259,1.1683712741579124,1.0,1.0,1.0,13.799894561448786
SE300_FL350,2022-03-01 01:02:00.000000000,0.3400936466257237,47.767763218243296,10668.0,23841.928016066504,211.73418,0.6909444954076558,1.2023255300021454,1.0,1.0,1.0,13.799890534083259
SE300_FL350,2022-03-01 01:03:00.000000000,0.4958045985892688,47.834566601585344,10668.0,23841.928016066504,211.73918,0.7021396627435023,1.2217695853156503,1.0,1.0,1.0,13.799886739660096
SE300_FL350,2022-03-01 01:04:00.000000000,0.6506890618532523,47.90243825191635,10668.0,23841.928016066504,211.77994,0.7026302226382346,1.2223065746325015,1.0,1.0,1.0,13.799883350808148
SE300_FL350,2022-03-01 01:05:00.000000000,0.8047231750871445,47.97137989856527,10668.0,23841.928016066504,211.82472,0.7000481240825749,1.2174712389525744,1.0,1.0,1.0,13.799880545640207
SE300_FL350,2022-03-01 01:06:00.000000000,0.9578839050532617,48.04139173850947,10668.0,23841.928016066504,211.88376,0.6868014861737799,1.1939871906763027,1.0,1.0,1.0,13.799880297337754
SE300_FL350,2022-03-01 01:07:00.000000000,1.1101490175689515,48.11247259658721,10668.0,23841.928016066504,211.95055,0.6701315175720088,1.1645129617123633,1.0,1.0,1.0,13.799955765457092
SE300_FL350,2022-03-01 01:08:00.000000000,1.2614916109520389,48.18462623408982,10668.0,23841.928016066504,212.0151,0.6560587373200844,1.1395900696336474,1.0,1.0,1.0,13.799946076537669
SE300_FL350,2022-03-01 01:09:00.000000000,1.4118974565169005,48.25784150407756,10668.0,23841.928016066504,212.092,0.6365519789657708,1.1051641834206625,1.0,1.0,1.0,13.799936769163452
SE300_FL350,2022-03-01 01:10:00.000000000,1.5613479605795775,48.33211247748483,10668.0,23841.928016066504,212.16463,0.6187559663352259,1.073774820998863,1.0,1.0,1.0,13.799928078960882
SE300_FL350,2022-03-01 01:11:00.000000000,1.7098258754552036,48.40743177483138,10668.0,23841.928016066504,212.23161,0.6046855978015202,1.04890986336831,1.0,1.0,1.0,13.799920213907653
SE300_FL350,2022-03-01 01:12:00.000000000,1.8573153869251047,48.48379060616857,10668.0,23841.928016066504,212.29507,0.5921849594590256,1.0268083535559662,1.0,1.0,1.0,13.799913349084349
SE300_FL350,2022-03-01 01:13:00.000000000,2.00380219478423,48.561178817972646,10668.0,23841.928016066504,212.35437,0.5786580721299509,1.0029752127056928,1.0,1.0,1.0,13.799907622724088
SE300_FL350,2022-03-01 01:14:00.000000000,2.1492735857235448,48.63958494650445,10668.0,23841.928016066504,212.40659,0.5613501063825094,0.9726499007034201,1.0,0.0,0.0,13.79990313363142
SE300_FL350,2022-03-01 01:15:00.000000000,2.2937184979011707,48.71899627708127,10668.0,23841.928016066504,212.45406,0.5455361901671176,0.9449624713203799,1.0,0.0,0.0,13.799899939990695
SE300_FL350,2022-03-01 01:16:00.000000000,2.437127576666514,48.79939890864313,10668.0,23841.928016066504,212.49384,0.5278651988774544,0.9141193003596094,1.0,0.0,0.0,13.799898059510873
SE300_FL350,2022-03-01 01:17:00.000000000,2.57949322101926,48.88077782294388,10668.0,23841.928016066504,212.52557,0.5084157716071364,0.8802597353864694,1.0,0.0,0.0,13.799897470818289
SE300_FL350,2022-03-01 01:18:00.000000000,2.7208096205090637,48.96311695765744,10668.0,23841.928016066504,212.54742,0.48827769197866383,0.8452770704111354,1.0,0.0,0.0,13.799898115948379
SE300_FL350,2022-03-01 01:19:00.000000000,2.8610727824072804,49.04639928266274,10668.0,23841.928016066504,212.5461,0.475914915276541,0.8238800655499042,1.0,0.0,0.0,13.799899903772648
SE300_FL350,2022-03-01 01:20:00.000000000,3.0002805491083504,49.13060687875635,10668.0,23841.928016066504,212.53766,0.46779152620131187,0.809860525882938,1.0,0.0,0.0,13.799902714140295
SE300_FL350,2022-03-01 01:21:00.000000000,3.1384326058413183,49.21572101804042,10668.0,23841.928016066504,212.5136,0.4688929260529325,0.8118946110180105,1.0,0.0,0.0,13.799906402511214
SE300_FL350,2022-03-01 01:22:00.000000000,3.275530478889779,49.30172224524366,10668.0,23841.928016066504,212.4896,0.4712435906422125,0.8160884961095884,1.0,0.0,0.0,13.799910804862314
SE300_FL350,2022-03-01 01:23:00.000000000,3.411577524628558,49.38859045925548,10668.0,23841.928016066504,212.45317,0.4783449821704269,0.8285796214137044,1.0,0.0,0.0,13.799915742621737
SE300_FL350,2022-03-01 01:24:00.000000000,3.546578909786857,49.47630499418438,10668.0,23841.928016066504,212.42119,0.4845511416959675,0.8395040685963003,1.0,0.0,0.0,13.799921027431493
SE300_FL350,2022-03-01 01:25:00.000000000,3.6805415834364057,49.56484469929377,10668.0,23841.928016066504,212.41603,0.48511571876529663,0.8405079682267267,1.0,0.0,0.0,13.799926465539238
SE300_FL350,2022-03-01 01:26:00.000000000,3.813474241281341,49.65418801721622,10668.0,23841.928016066504,212.40866,0.48876984387563777,0.8468794432029134,1.0,0.0,0.0,13.799931861647412
SE300_FL350,2022-03-01 01:27:00.000000000,3.945387282890515,49.74431305990206,10668.0,23841.928016066504,212.39604,0.49638713862082334,0.8601471035348518,1.0,0.0,0.0,13.799937022113916
SE300_FL350,2022-03-01 01:28:00.000000000,4.076292762563807,49.83519768181777,10668.0,23841.928016066504,212.41441,0.49770570247103846,0.8623308250373007,1.0,0.0,0.0,13.799941757380292
SE300_FL350,2022-03-01 01:29:00.000000000,4.206204334561293,49.92681954997152,10668.0,23841.928016066504,212.43765,0.4974962500380054,0.8618378951399099,1.0,0.0,0.0,13.799945883601017
SE300_FL350,2022-03-01 01:30:00.000000000,4.335137193447722,50.01915621040786,10668.0,23841.928016066504,212.45049,0.4981678018381716,0.862930520604989,1.0,0.0,0.0,13.799949223437263
SE300_FL350,2022-03-01 01:31:00.000000000,4.463108010316069,50.1121851508771,10668.0,23841.928016066504,212.46976,0.4956644229422628,0.8584909014311599,1.0,0.0,0.0,13.79995160605297
SE300_FL350,2022-03-01 01:32:00.000000000,4.590134865652553,50.20588385944899,10668.0,23841.928016066504,212.47775,0.48982551713345723,0.8483323555307756,1.0,0.0,0.0,13.799952866356099
SE300_FL350,2022-03-01 01:33:00.000000000,4.716237179594008,50.300229878900765,10668.0,23841.928016066504,212.47247,0.48420884223450505,0.8386351466192421,1.0,0.0,0.0,13.799952843577072
SE300_FL350,2022-03-01 01:34:00.000000000,4.841435640306324,50.39520085676857,10668.0,23841.928016066504,212.4598,0.47945522308495997,0.8304703366290263,1.0,0.0,0.0,13.799951379286926
SE300_FL350,2022-03-01 01:35:00.000000000,4.965752131182763,50.49077459100485,10668.0,23841.928016066504,212.44615,0.47545740351134297,0.8236165591948151,1.0,0.0,0.0,13.799948314979101
SE300_FL350,2022-03-01 01:36:00.000000000,5.08920965752353,50.58692907123493,10668.0,23841.928016066504,212.41174,0.4763741656696711,0.8253854401786275,1.0,0.0,0.0,13.7999434893709
SE300_FL350,2022-03-01 01:37:00.000000000,5.211832273314692,50.683642515650746,10668.0,23841.928016066504,212.37292,0.4831344036721784,0.8373076278156193,1.0,0.0,0.0,13.799936735540259
SE300_FL350,2022-03-01 01:38:00.000000000,5.333645008677116,50.78089340361986,10668.0,23841.928016066504,212.34015,0.491352910398475,0.8517287969634273,1.0,0.0,0.0,13.79992787807843
SE300_FL350,2022-03-01 01:39:00.000000000,5.454673798505399,50.87866050412251,10668.0,23841.928016066504,212.31091,0.5004239158405391,0.867614131632597,1.0,0.0,0.0,13.799916730378694
SE300_FL350,2022-03-01 01:40:00.000000000,5.574945412764155,50.97692290015904,10668.0,23841.928016066504,212.28139,0.507911530651036,0.8807601059180185,1.0,0.0,0.0,13.799909146879337
SE300_FL350,2022-03-01 01:41:00.000000000,5.69448698268002,51.07566027243519,10668.0,23841.928016066504,212.23831,0.5121911089872402,0.8884257819847089,1.0,0.0,0.0,13.800036502008268
SE300_FL350,2022-03-01 01:42:00.000000000,5.813317860079042,51.17485813030892,10668.0,23841.928016066504,212.21024,0.5089519671225139,0.8829658387584437,1.0,0.0,0.0,13.800019343694286
SE300_FL350,2022-03-01 01:43:00.000000000,5.931476383526231,51.274490485820074,10668.0,23841.928016066504,212.19225,0.5017768668476861,0.870616878557853,1.0,0.0,0.0,13.799999557176893
SE300_FL350,2022-03-01 01:44:00.000000000,6.048992146742065,51.37453779717241,10668.0,23841.928016066504,212.16597,0.49628299226290606,0.8612315254357494,1.0,0.0,0.0,13.799976952886416
SE300_FL350,2022-03-01 01:45:00.000000000,6.16589527157801,51.47498090580639,10668.0,23841.928016066504,212.13747,0.49067003252534064,0.8516436465209107,1.0,0.0,0.0,13.799951314976644
SE300_FL350,2022-03-01 01:46:00.000000000,6.282216354420901,51.575801040761654,10668.0,23841.928016066504,212.11879,0.483958852955542,0.8400958001168012,1.0,0.0,0.0,13.799922401731491
SE300_FL350,2022-03-01 01:47:00.000000000,6.397986416102225,51.67697982039795,10668.0,23841.928016066504,212.14833,0.4678405699350614,0.8119623610588625,1.0,0.0,0.0,13.799896422178843
SE300_FL350,2022-03-01 01:48:00.000000000,6.513236540852692,51.77849945999789,10668.0,23841.928016066504,212.17148,0.4558167154092229,0.7909776129677838,1.0,0.0,0.0,13.800070683038491
SE300_FL350,2022-03-01 01:49:00.000000000,6.627989237000202,51.88034855874178,10668.0,23841.928016066504,212.19795,0.4417381321615547,0.7664202090035102,1.0,0.0,0.0,13.800033136164926
SE300_FL350,2022-03-01 01:50:00.000000000,6.7422871098143675,51.982503017475295,10668.0,23841.928016066504,212.2225,0.42959035083975755,0.7452262602845952,1.0,0.0,0.0,13.79999217680041
SE300_FL350,2022-03-01 01:51:00.000000000,6.85616260126879,52.08494594286698,10668.0,23841.928016066504,212.2667,0.4118673986431383,0.714279651201536,1.0,0.0,0.0,13.799947488517821
SE300_FL350,2022-03-01 01:52:00.000000000,6.9696483812259675,52.187660808917485,10668.0,23841.928016066504,212.31334,0.3940314012159402,0.6831448232005846,1.0,0.0,0.0,13.799898737232269
SE300_FL350,2022-03-01 01:53:00.000000000,7.082777318490884,52.29063144711092,10668.0,23841.928016066504,212.34883,0.38354442125899346,0.6648132272356184,1.0,0.0,0.0,13.800030398716745
SE300_FL350,2022-03-01 01:54:00.000000000,7.19557701404532,52.39384625576109,10668.0,23841.928016066504,212.38702,0.3740587000998521,0.6482117039403033,1.0,0.0,0.0,13.800054345163323
SE300_FL350,2022-03-01 01:55:00.000000000,7.308085257117626,52.49728673117904,10668.0,23841.928016066504,212.42921,0.3642002839741123,0.630958192062579,1.0,0.0,0.0,13.799996740891372
SE300_FL350,2022-03-01 01:56:00.000000000,7.420338038484323,52.60093580787837,10668.0,23841.928016066504,212.46468,0.35760119189344186,0.6193838659424055,1.0,0.0,0.0,13.799934836100903
SE300_FL350,2022-03-01 01:57:00.000000000,7.532368946100369,52.70477859337681,10668.0,23841.928016066504,212.49516,0.3516221695558579,0.6089095605030005,1.0,0.0,0.0,13.7999107047655
SE300_FL350,2022-03-01 01:58:00.000000000,7.644210999091989,52.80880120769993,10668.0,23841.928016066504,212.52084,0.3469656097178276,0.6007471371310351,1.0,0.0,0.0,13.80009727987662
SE300_FL350,2022-03-01 01:59:00.000000000,7.755895885982359,52.912992453617406,10668.0,23841.928016066504,212.54784,0.34252358519711695,0.5929538797576988,1.0,0.0,0.0,13.800026839405156
SE300_FL350,2022-03-01 02:00:00.000000000,7.867462507785084,53.01733360209722,10668.0,23841.928016066504,212.54955,0.3473633145725419,0.6013247344194463,1.0,0.0,0.0,13.799951817325509
SE300_FL350,2022-03-01 02:01:00.000000000,7.97894493915904,53.12181080944994,10668.0,23841.928016066504,212.55019,0.3456116228076739,0.5982897412760887,1.0,0.0,0.0,13.799878948745755
SE300_FL350,2022-03-01 02:02:00.000000000,8.090377316599858,53.22641053966239,10668.0,23841.928016066504,212.54051,0.34859607259873854,0.603494511679203,1.0,0.0,0.0,13.80011613732471
SE300_FL350,2022-03-01 02:03:00.000000000,8.201794722995709,53.33112242122278,10668.0,23841.928016066504,212.52797,0.3536432098867813,0.6122802783769324,1.0,0.0,0.0,13.800033244616367
SE300_FL350,2022-03-01 02:04:00.000000000,8.313233280726271,53.43592919842136,10668.0,23841.928016066504,212.51147,0.35928965224538556,0.6221220638822647,1.0,0.0,0.0,13.799945514347323
SE300_FL350,2022-03-01 02:05:00.000000000,8.42472747485294,53.54081781028977,10668.0,23841.928016066504,212.49281,0.3612439010087856,0.6255825878346452,1.0,0.0,0.0,13.799915365810826
SE300_FL350,2022-03-01 02:06:00.000000000,8.536312692536393,53.64577571103455,10668.0,23841.928016066504,212.47067,0.3635853080816066,0.6297256933362468,1.0,0.0,0.0,13.80011004309586
SE300_FL350,2022-03-01 02:07:00.000000000,8.648028278660536,53.750790832795516,10668.0,23841.928016066504,212.44572,0.3733200974306351,0.646690041862119,1.0,0.0,0.0,13.800015304799869
SE300_FL350,2022-03-01 02:08:00.000000000,8.759906477778147,53.85584845500265,10668.0,23841.928016066504,212.42458,0.37818553948953565,0.6552071705373314,1.0,0.0,0.0,13.79991564313486
SE300_FL350,2022-03-01 02:09:00.000000000,8.871982232889263,53.96093601106962,10668.0,23841.928016066504,212.40773,0.3795243545903399,0.6575968265156977,1.0,0.0,0.0,13.800004103946796
SE300_FL350,2022-03-01 02:10:00.000000000,8.984295963690094,54.06604108818969,10668.0,23841.928016066504,212.38719,0.38212726934756913,0.6621934616096206,1.0,0.0,0.0,13.800080631551038
SE300_FL350,2022-03-01 02:11:00.000000000,9.096884905918607,54.17115044521283,10668.0,23841.928016066504,212.36903,0.38703414785028395,0.670775630838963,1.0,0.0,0.0,13.799975069909443
SE300_FL350,2022-03-01 02:12:00.000000000,9.20978021803311,54.27625136209472,10668.0,23841.928016066504,212.36023,0.38608606435476,0.6691687390454505,1.0,0.0,0.0,13.799864842324851
SE300_FL350,2022-03-01 02:13:00.000000000,9.323017438348389,54.38133146507345,10668.0,23841.928016066504,212.3438,0.38983598629795924,0.6757399508336371,1.0,0.0,0.0,13.800132173225244
SE300_FL350,2022-03-01 02:14:00.000000000,9.436648363691544,54.48637655428334,10668.0,23841.928016066504,212.32887,0.39178225924427895,0.6791791860201292,1.0,0.0,0.0,13.800031613689772
SE300_FL350,2022-03-01 02:15:00.000000000,9.550696513269713,54.59137491446518,10668.0,23841.928016066504,212.31853,0.39111930412547424,0.6780743598166826,1.0,0.0,0.0,13.799916973248944
SE300_FL350,2022-03-01 02:16:00.000000000,9.665197626195663,54.69631414251662,10668.0,23841.928016066504,212.3121,0.3879427144358663,0.6725933294091165,1.0,0.0,0.0,13.800000285525412
SE300_FL350,2022-03-01 02:17:00.000000000,9.780198569347377,54.80118004346924,10668.0,23841.928016066504,212.30309,0.38735161079242975,0.671607366724204,1.0,0.0,0.0,13.800086698051244
SE300_FL350,2022-03-01 02:18:00.000000000,9.895738483326229,54.90595917369293,10668.0,23841.928016066504,212.28767,0.38911477085796825,0.6747317232726787,1.0,0.0,0.0,12.396279145510631
SE300_FL350,2022-03-01 02:18:53.897617080,10.0,55.0,10668.0,23841.928016066504,212.28018,0.38495845885932284,0.6675552764249216,1.0,0.0,0.0,0.0
SE150_FL350,2022-03-01 00:00:00.000000000,-10.000000000000002,45.00000000000001,10668.0,23841.928016066504,212.79758,0.6919819882062457,1.195991555688355,1.0,1.0,1.0,13.800025280721622
SE150_FL350,2022-03-01 00:01:00.000000000,-9.848780362463852,45.06309802296491,10668.0,23841.928016066504,212.74278,0.6897255484456726,1.192510550226189,1.0,1.0,1.0,13.800023124170625
SE150_FL350,2022-03-01 00:02:00.000000000,-9.69723892593266,45.12601025046198,10668.0,23841.928016066504,212.67305,0.693870748298797,1.2002164122172656,1.0,1.0,1.0,13.800020919334957
SE150_FL350,2022-03-01 00:03:00.000000000,-9.545386915730079,45.18874995403247,10668.0,23841.928016066504,212.61827,0.6976207662466148,1.2071275756003768,1.0,1.0,1.0,13.80001868361511
SE150_FL350,2022-03-01 00:04:00.000000000,-9.393235477429094,45.251330452726556,10668.0,23841.928016066504,212.57393,0.7026432739893743,1.2161674421409516,1.0,1.0,1.0,13.800016434639819
SE150_FL350,2022-03-01 00:05:00.000000000,-9.240795680594678,45.31376510728148,10668.0,23841.928016066504,212.5576,0.7021730319629877,1.2154774424087662,1.0,1.0,1.0,13.800014190107833
SE150_FL350,2022-03-01 00:06:00.000000000,-9.088078522618359,45.376067314269825,10668.0,23841.928016066504,212.5311,0.7069800275304655,1.2240083900190712,1.0,1.0,1.0,13.800011967625645
SE150_FL350,2022-03-01 00:07:00.000000000,-8.935094932619785,45.43825050019791,10668.0,23841.928016066504,212.51147,0.7087622534217325,1.2272455751089224,1.0,1.0,1.0,13.800009784533726
SE150_FL350,2022-03-01 00:08:00.000000000,-8.78185577539008,45.500328115534025,10668.0,23841.928016066504,212.50705,0.7055884020774924,1.2217862367042471,1.0,1.0,1.0,13.80000765772226
SE150_FL350,2022-03-01 00:09:00.000000000,-8.628371855351828,45.56231362864651,10668.0,23841.928016066504,212.48096,0.7000505405930791,1.2123995900947526,1.0,1.0,1.0,13.80000560344844
SE150_FL350,2022-03-01 00:10:00.000000000,-8.474653920510518,45.62422051963216,10668.0,23841.928016066504,212.44775,0.6960448772815605,1.2057182979179113,1.0,1.0,1.0,13.800003637143645
SE150_FL350,2022-03-01 00:11:00.000000000,-8.320712666371875,45.68606227401563,10668.0,23841.928016066504,212.40132,0.6958310156022087,1.2057067238887444,1.0,1.0,1.0,13.800001773220872
SE150_FL350,2022-03-01 00:12:00.000000000,-8.166558739799713,45.74785237630135,10668.0,23841.928016066504,212.33772,0.6965486916206072,1.2074406244557612,1.0,1.0,1.0,13.800000024891407
SE150_FL350,2022-03-01 00:13:00.000000000,-8.012202742788062,45.80960430335971,10668.0,23841.928016066504,212.28136,0.6921315877781273,1.2002141153070647,1.0,1.0,1.0,13.79999840397277
SE150_FL350,2022-03-01 00:14:00.000000000,-7.857655236121768,45.87133151763049,10668.0,23841.928016066504,212.24765,0.6854279760108458,1.188844620238627,1.0,1.0,1.0,13.799996920709697
SE150_FL350,2022-03-01 00:15:00.000000000,-7.702926742899029,45.933047460127014,10668.0,23841.928016066504,212.2262,0.6791283269524669,1.1780808655296355,1.0,1.0,1.0,13.799995583611501
SE150_FL350,2022-03-01 00:16:00.000000000,-7.548027751889124,45.99476554322603,10668.0,23841.928016066504,212.22566,0.6729645685492537,1.1673911056250974,1.0,1.0,1.0,13.799994399289552
SE150_FL350,2022-03-01 00:17:00.000000000,-7.392968720698455,46.05649914322893,10668.0,23841.928016066504,212.29008,0.6685418957843778,1.1592468494398074,1.0,1.0,1.0,13.799993372318367
SE150_FL350,2022-03-01 00:18:00.000000000,-7.237760078717368,46.118261592681485,10668.0,23841.928016066504,212.3807,0.6653288452809695,1.1530059367958923,1.0,1.0,1.0,13.799992505114373
SE150_FL350,2022-03-01 00:19:00.000000000,-7.0824122298204,46.18006617244081,10668.0,23841.928016066504,212.48022,0.6630753790025392,1.1483666194696471,1.0,1.0,1.0,13.799991797836244
SE150_FL350,2022-03-01 00:20:00.000000000,-6.926935554791905,46.241926103479614,10668.0,23841.928016066504,212.57953,0.6610020886942198,1.1440492012093906,1.0,1.0,1.0,13.799991248309139
SE150_FL350,2022-03-01 00:21:00.000000000,-6.771340413449099,46.303854538419465,10668.0,23841.928016066504,212.69952,0.655108072567482,1.1329734411776797,1.0,1.0,1.0,13.79999085197143
SE150_FL350,2022-03-01 00:22:00.000000000,-6.615637146434141,46.36586455278655,10668.0,23841.928016066504,212.78996,0.6490815657721625,1.1218993472741217,1.0,1.0,1.0,13.79999060186101
SE150_FL350,2022-03-01 00:23:00.000000000,-6.4598360766471385,46.427969135985755,10668.0,23841.928016066504,212.87524,0.6438295464792905,1.1122102149695687,1.0,1.0,1.0,13.799990488621079
SE150_FL350,2022-03-01 00:24:00.000000000,-6.3039475102915645,46.49018118199037,10668.0,23841.928016066504,212.9453,0.6412008171170599,1.1071673944249796,1.0,1.0,1.0,13.799990500548963
SE150_FL350,2022-03-01 00:25:00.000000000,-6.147981737503878,46.552513479747134,10668.0,23841.928016066504,212.99182,0.6428945614287743,1.1097586154336865,1.0,1.0,1.0,13.799990623666508
SE150_FL350,2022-03-01 00:26:00.000000000,-5.991949032539317,46.6149787032986,10668.0,23841.928016066504,213.01807,0.6491772902473005,1.1204146954843583,1.0,1.0,1.0,13.799990841836957
SE150_FL350,2022-03-01 00:27:00.000000000,-5.835859653486246,46.67758940162737,10668.0,23841.928016066504,213.02823,0.6596995636025924,1.1384983177246695,1.0,1.0,1.0,13.799991136910966
SE150_FL350,2022-03-01 00:28:00.000000000,-5.679723841481787,46.740357988228865,10668.0,23841.928016066504,213.03131,0.668166681593985,1.1530881241834867,1.0,1.0,1.0,13.799991488902345
SE150_FL350,2022-03-01 00:29:00.000000000,-5.523551819402239,46.80329673042195,10668.0,23841.928016066504,213.01988,0.6744559619443167,1.1640280402496197,1.0,1.0,1.0,13.799991876206876
SE150_FL350,2022-03-01 00:30:00.000000000,-5.367353790002575,46.86641773840963,10668.0,23841.928016066504,212.997,0.6703597329714299,1.1571299946042901,1.0,1.0,1.0,13.799992275841205
SE150_FL350,2022-03-01 00:31:00.000000000,-5.2111399334805135,46.92973295410445,10668.0,23841.928016066504,212.9626,0.6641690904688142,1.146697571568134,1.0,1.0,1.0,13.799992663719705
SE150_FL350,2022-03-01 00:32:00.000000000,-5.05492040444159,46.993254139735846,10668.0,23841.928016066504,212.91519,0.6545168209457937,1.1303822359886642,1.0,1.0,1.0,13.799993014953047
SE150_FL350,2022-03-01 00:33:00.000000000,-4.89870532824359,47.05699286626,10668.0,23841.928016066504,212.83064,0.6481803823946309,1.1200485052263771,1.0,1.0,1.0,13.799993304171764
SE150_FL350,2022-03-01 00:34:00.000000000,-4.7425047966999045,47.12096050159472,10668.0,23841.928016066504,212.7314,0.6426584720645322,1.1112170851338634,1.0,1.0,1.0,13.79999350586429
SE150_FL350,2022-03-01 00:35:00.000000000,-4.586328863123924,47.185168198705355,10668.0,23841.928016066504,212.60097,0.6352028392675679,1.099245680409432,1.0,1.0,1.0,13.799993594737066
SE150_FL350,2022-03-01 00:36:00.000000000,-4.430187536698249,47.24962688356991,10668.0,23841.928016066504,212.46786,0.628569274045744,1.0886922586092693,1.0,1.0,1.0,13.799993546077733
SE150_FL350,2022-03-01 00:37:00.000000000,-4.274090776155365,47.31434724305453,10668.0,23841.928016066504,212.33324,0.6244294280451367,1.0824541503060907,1.0,1.0,1.0,13.799993336121352
SE150_FL350,2022-03-01 00:38:00.000000000,-4.118048482758973,47.37933971273268,10668.0,23841.928016066504,212.19853,0.6207783689393506,1.077050123370295,1.0,1.0,1.0,13.799992942424828
SE150_FL350,2022-03-01 00:39:00.000000000,-3.9620704925782735,47.44461446468435,10668.0,23841.928016066504,212.07236,0.6184946583805765,1.0739512160920546,1.0,1.0,1.0,13.7999923442172
SE150_FL350,2022-03-01 00:40:00.000000000,-3.806166568050712,47.510181395313246,10668.0,23841.928016066504,211.98206,0.6157746544146017,1.069840678136307,1.0,1.0,1.0,13.799991522756148
SE150_FL350,2022-03-01 00:41:00.000000000,-3.6503463888319807,47.57605011322245,10668.0,23841.928016066504,211.90674,0.6127791909030309,1.0651459160255803,1.0,1.0,1.0,13.799990461647935
SE150_FL350,2022-03-01 00:42:00.000000000,-3.4946195419363453,47.64222992719104,10668.0,23841.928016066504,211.83836,0.6102510110210289,1.0612089125513224,1.0,1.0,1.0,13.799989147153058
SE150_FL350,2022-03-01 00:43:00.000000000,-3.3389955111735663,47.708729834295355,10668.0,23841.928016066504,211.79337,0.6069123277573569,1.0557062825889523,1.0,1.0,1.0,13.79998756845803
SE150_FL350,2022-03-01 00:44:00.000000000,-3.1834836658934074,47.775558508220634,10668.0,23841.928016066504,211.75021,0.6049986665307759,1.0526625968178835,1.0,1.0,1.0,13.79998571790615
SE150_FL350,2022-03-01 00:45:00.000000000,-3.0280932490527612,47.84272428780939,10668.0,23841.928016066504,211.71288,0.6045189205621686,1.0520766893921685,1.0,1.0,1.0,13.799983591199357
SE150_FL350,2022-03-01 00:46:00.000000000,-2.872833364624784,47.91023516589412,10668.0,23841.928016066504,211.67966,0.6054404090479323,1.053902306645705,1.0,1.0,1.0,13.799981187540997
SE150_FL350,2022-03-01 00:47:00.000000000,-2.7177129643741873,47.97809877846222,10668.0,23841.928016066504,211.64874,0.6071243129543912,1.0570384850694032,1.0,1.0,1.0,13.799978509741795
SE150_FL350,2022-03-01 00:48:00.000000000,-2.562740834027267,48.046322394201255,10668.0,23841.928016066504,211.62509,0.6092606763995722,1.0609152737659746,1.0,1.0,1.0,13.799975564268491
SE150_FL350,2022-03-01 00:49:00.000000000,-2.407925578869879,48.11491290447256,10668.0,23841.928016066504,211.59695,0.6096771897849165,1.0618320058622455,1.0,1.0,1.0,13.799972361242325
SE150_FL350,2022-03-01 00:50:00.000000000,-2.2532756088113697,48.18387681376056,10668.0,23841.928016066504,211.56404,0.6098382439688116,1.062330789060596,1.0,1.0,1.0,13.799968914382415
SE150_FL350,2022-03-01 00:51:00.000000000,-2.0987991229566814,48.25322023064404,10668.0,23841.928016066504,211.5206,0.610929337820183,1.0645198802864813,1.0,1.0,1.0,13.799965240897679
SE150_FL350,2022-03-01 00:52:00.000000000,-1.9445040937337181,48.3229488593347,10668.0,23841.928016066504,211.49655,0.6139295138881341,1.0699103843430642,1.0,1.0,1.0,13.799961361323575
SE150_FL350,2022-03-01 00:53:00.000000000,-1.7903982506269553,48.393067991826065,10668.0,23841.928016066504,211.50146,0.6204442539103439,1.081230393740979,1.0,1.0,1.0,13.799957299309654
SE150_FL350,2022-03-01 00:54:00.000000000,-1.6364890635725675,48.46358250069396,10668.0,23841.928016066504,211.51378,0.6257224142058553,1.0903462548377305,1.0,1.0,1.0,13.799953081365691
SE150_FL350,2022-03-01 00:55:00.000000000,-1.482783726073991,48.534496832587074,10668.0,23841.928016066504,211.53482,0.6293116139954806,1.0964524204465222,1.0,1.0,1.0,13.799948736550181
SE150_FL350,2022-03-01 00:56:00.000000000,-1.3292891381006948,48.60581500244348,10668.0,23841.928016066504,211.59906,0.6300582964953011,1.0973107440569572,1.0,1.0,1.0,13.79996224359886
SE150_FL350,2022-03-01 00:57:00.000000000,-1.176012199022902,48.677541157964725,10668.0,23841.928016066504,211.65099,0.6312077343143376,1.0989557956429934,1.0,1.0,1.0,13.800015850398514
SE150_FL350,2022-03-01 00:58:00.000000000,-1.022959909011004,48.74967973493967,10668.0,23841.928016066504,211.69951,0.6339834579268315,1.1034499467836012,1.0,1.0,1.0,13.800011280819982
SE150_FL350,2022-03-01 00:59:00.000000000,-0.8701372214611162,48.82223162470867,10668.0,23841.928016066504,211.7538,0.6396639437645062,1.1129530540518104,1.0,1.0,1.0,13.800006501605102
SE150_FL350,2022-03-01 01:00:00.000000000,-0.7175496815727354,48.89519906140205,10668.0,23841.928016066504,211.79715,0.6465592577219765,1.1246416744391468,1.0,1.0,1.0,13.800001555312974
SE150_FL350,2022-03-01 01:01:00.000000000,-0.5652024537904219,48.96858383001156,10668.0,23841.928016066504,211.80745,0.6544935603143776,1.1383689447607912,1.0,1.0,1.0,13.79999648581086
SE150_FL350,2022-03-01 01:02:00.000000000,-0.4131003048958678,49.04238726558329,10668.0,23841.928016066504,211.80032,0.6622819930698148,1.1519683773025957,1.0,1.0,1.0,13.799991337765992
SE150_FL350,2022-03-01 01:03:00.000000000,-0.2612475873906203,49.116610253279745,10668.0,23841.928016066504,211.77498,0.6698232854032588,1.1652710883043247,1.0,1.0,1.0,13.7999861561264
SE150_FL350,2022-03-01 01:04:00.000000000,-0.1096482232436474,49.1912532293119,10668.0,23841.928016066504,211.72495,0.6799550106767327,1.1832720569219948,1.0,1.0,1.0,13.799980985617015
SE150_FL350,2022-03-01 01:05:00.000000000,0.041694311923352705,49.266316182737384,10668.0,23841.928016066504,211.67532,0.6837085712019155,1.1901759335675282,1.0,1.0,1.0,13.799975870245795
SE150_FL350,2022-03-01 01:06:00.000000000,0.19277700414136667,49.341798658116055,10668.0,23841.928016066504,211.64676,0.6656000063729997,1.1588618881347756,1.0,1.0,1.0,13.799970852837674
SE150_FL350,2022-03-01 01:07:00.000000000,0.3435973158213465,49.41769975900875,10668.0,23841.928016066504,211.62389,0.6498091181774012,1.1315318473095677,1.0,1.0,1.0,13.79996597459641
SE150_FL350,2022-03-01 01:08:00.000000000,0.49415319983679507,49.49401815230074,10668.0,23841.928016066504,211.60077,0.6338964696916783,1.103985762904867,1.0,1.0,1.0,13.799961274703167
SE150_FL350,2022-03-01 01:09:00.000000000,0.6444431128990113,49.5707520733261,10668.0,23841.928016066504,211.59274,0.6185203849148434,1.0772592535776306,1.0,1.0,1.0,13.799956789951366
SE150_FL350,2022-03-01 01:10:00.000000000,0.7944660281656921,49.647899331764975,10668.0,23841.928016066504,211.58675,0.6067400067460457,1.0567821511417148,1.0,1.0,1.0,13.799952554435153
SE150_FL350,2022-03-01 01:11:00.000000000,0.9442214470284372,49.72545731828128,10668.0,23841.928016066504,211.58038,0.6023726156611077,1.0492164487370053,1.0,1.0,1.0,13.799948599276675
SE150_FL350,2022-03-01 01:12:00.000000000,1.0937094100288882,49.803423011864275,10668.0,23841.928016066504,211.56755,0.6025843948416368,1.0496705857619553,1.0,1.0,1.0,13.79994495241215
SE150_FL350,2022-03-01 01:13:00.000000000,1.2429305068591834,49.8817929878337,10668.0,23841.928016066504,211.55902,0.6034203729681769,1.0511818678936882,1.0,1.0,1.0,13.799943970232082
SE150_FL350,2022-03-01 01:14:00.000000000,1.391885839203061,49.9605634958069,10668.0,23841.928016066504,211.56204,0.6066834643466765,1.0568471105655421,1.0,1.0,1.0,13.800018164069398
SE150_FL350,2022-03-01 01:15:00.000000000,1.5405756538199646,50.039732525500625,10668.0,23841.928016066504,211.56728,0.6106056080405355,1.0636460661427227,1.0,1.0,1.0,13.800012779561797
SE150_FL350,2022-03-01 01:16:00.000000000,1.689003811745885,50.119293133097386,10668.0,23841.928016066504,211.58466,0.6110367627350624,1.0642811553214224,1.0,1.0,1.0,13.800007711970267
SE150_FL350,2022-03-01 01:17:00.000000000,1.8371731915099507,50.19924036232172,10668.0,23841.928016066504,211.6154,0.6085498420877036,1.0597429306882535,1.0,1.0,1.0,13.800002984178791
SE150_FL350,2022-03-01 01:18:00.000000000,1.985087255414262,50.279568902342035,10668.0,23841.928016066504,211.64807,0.6065532490037585,1.0560489531316124,1.0,1.0,1.0,13.79999861501331
SE150_FL350,2022-03-01 01:19:00.000000000,2.1327500533276282,50.36027309878075,10668.0,23841.928016066504,211.67418,0.6063079970016122,1.0554483215948205,1.0,1.0,1.0,13.799994619263725
SE150_FL350,2022-03-01 01:20:00.000000000,2.2801662254169526,50.44134696502648,10668.0,23841.928016066504,211.69144,0.6083936569596552,1.058962724868836,1.0,1.0,1.0,13.799991007751949
SE150_FL350,2022-03-01 01:21:00.000000000,2.4273410038207826,50.52278419379153,10668.0,23841.928016066504,211.69737,0.6129980757466802,1.0669369617136584,1.0,1.0,1.0,13.799987787443316
SE150_FL350,2022-03-01 01:22:00.000000000,2.5742802132739526,50.604578168858964,10668.0,23841.928016066504,211.68439,0.6173278581706738,1.074559715078707,1.0,1.0,1.0,13.799984961591031
SE150_FL350,2022-03-01 01:23:00.000000000,2.720990270699007,50.686721976962986,10668.0,23841.928016066504,211.65396,0.6221197339716158,1.0831091177023457,1.0,1.0,1.0,13.79998252990439
SE150_FL350,2022-03-01 01:24:00.000000000,2.8674781837846655,50.769208419747585,10668.0,23841.928016066504,211.61641,0.6262640874620586,1.0905857373898278,1.0,1.0,1.0,13.79998048874809
SE150_FL350,2022-03-01 01:25:00.000000000,3.013751548576857,50.85203002574966,10668.0,23841.928016066504,211.57509,0.629966646530818,1.0973188876556956,1.0,1.0,1.0,13.799978831356217
SE150_FL350,2022-03-01 01:26:00.000000000,3.1598185461124664,50.935179062353996,10668.0,23841.928016066504,211.53549,0.6274553207547429,1.0932175385207485,1.0,1.0,1.0,13.79997754806047
SE150_FL350,2022-03-01 01:27:00.000000000,3.3056879381298114,51.0186475476696,10668.0,23841.928016066504,211.50641,0.6226270711684868,1.0850031449454074,1.0,1.0,1.0,13.799976626528416
SE150_FL350,2022-03-01 01:28:00.000000000,3.451369061894234,51.10242726227889,10668.0,23841.928016066504,211.49521,0.6145941181964528,1.0710797155956007,1.0,1.0,1.0,13.799976052009184
SE150_FL350,2022-03-01 01:29:00.000000000,3.596871824179734,51.18650976081355,10668.0,23841.928016066504,211.48816,0.6055378675136509,1.055342188550547,1.0,1.0,1.0,13.79997580757543
SE150_FL350,2022-03-01 01:30:00.000000000,3.7422066944510983,51.27088638331356,10668.0,23841.928016066504,211.48344,0.596004830377876,1.0387602212131894,1.0,1.0,1.0,13.799975874366709
SE150_FL350,2022-03-01 01:31:00.000000000,3.8873846972928505,51.35554826632859,10668.0,23841.928016066504,211.54114,0.5853095230452934,1.019750367627653,1.0,1.0,1.0,13.799976231823901
SE150_FL350,2022-03-01 01:32:00.000000000,4.032417404133353,51.44048635372388,10668.0,23841.928016066504,211.59528,0.5753613331930965,1.0020762736826705,1.0,1.0,1.0,13.799976857923344
SE150_FL350,2022-03-01 01:33:00.000000000,4.17731692431389,51.525691407155904,10668.0,23841.928016066504,211.64206,0.5657841014031788,0.985104214343738,1.0,0.0,0.0,13.79997772939002
SE150_FL350,2022-03-01 01:34:00.000000000,4.322095895553423,51.611154016185885,10668.0,23841.928016066504,211.69524,0.5543971106302352,0.9649561245656174,1.0,0.0,0.0,13.799978821916332
SE150_FL350,2022-03-01 01:35:00.000000000,4.466767473859694,51.69686460800298,10668.0,23841.928016066504,211.74608,0.5421192602432294,0.9432806301540834,1.0,0.0,0.0,13.79998011034861
SE150_FL350,2022-03-01 01:36:00.000000000,4.61134532293813,51.78281345673147,10668.0,23841.928016066504,211.77415,0.5354981197355472,0.9315966425803553,1.0,0.0,0.0,13.799981568886242
SE150_FL350,2022-03-01 01:37:00.000000000,4.755843603148792,51.86899069230014,10668.0,23841.928016066504,211.78691,0.529084389022468,0.9203626003688233,1.0,0.0,0.0,13.79998317125147
SE150_FL350,2022-03-01 01:38:00.000000000,4.9002769600611895,51.95538630885467,10668.0,23841.928016066504,211.79974,0.5258748423370226,0.9147055987409195,1.0,0.0,0.0,13.799984890852482
SE150_FL350,2022-03-01 01:39:00.000000000,5.044660512655349,52.041990172697254,10668.0,23841.928016066504,211.79968,0.5244020381777988,0.9121448813210337,1.0,0.0,0.0,13.799986700946327
SE150_FL350,2022-03-01 01:40:00.000000000,5.189009841215732,52.12879202974077,10668.0,23841.928016066504,211.78459,0.5266808395631702,0.9161946629095125,1.0,0.0,0.0,13.799988574784994
SE150_FL350,2022-03-01 01:41:00.000000000,5.33334097496334,52.2157815124673,10668.0,23841.928016066504,211.75537,0.5314623057475317,0.9246832934056091,1.0,0.0,0.0,13.799990485753726
SE150_FL350,2022-03-01 01:42:00.000000000,5.477670379467894,52.30294814638437,10668.0,23841.928016066504,211.71692,0.538050255273133,0.9363741978444315,1.0,0.0,0.0,13.799992407510803
SE150_FL350,2022-03-01 01:43:00.000000000,5.622014943881001,52.390281355974025,10668.0,23841.928016066504,211.66833,0.5458695682115323,0.9502738669009139,1.0,0.0,0.0,13.79999431411892
SE150_FL350,2022-03-01 01:44:00.000000000,5.766391968026885,52.477770470133564,10668.0,23841.928016066504,211.61809,0.5534302641371459,0.9637408251022117,1.0,0.0,0.0,13.799996180175784
SE150_FL350,2022-03-01 01:45:00.000000000,5.910819149385742,52.565404727108,10668.0,23841.928016066504,211.575,0.5595054631076732,0.9745836458002326,1.0,0.0,0.0,13.799997980946767
SE150_FL350,2022-03-01 01:46:00.000000000,6.055314570000713,52.65317327891751,10668.0,23841.928016066504,211.53911,0.5651042995218775,0.9845596034048995,1.0,0.0,0.0,13.799999692491834
SE150_FL350,2022-03-01 01:47:00.000000000,6.19989668333652,52.74106519528474,10668.0,23841.928016066504,211.51158,0.569798740587994,0.9929100512107755,1.0,0.0,0.0,13.80000129179735
SE150_FL350,2022-03-01 01:48:00.000000000,6.344584301114556,52.829069467069175,10668.0,23841.928016066504,211.5234,0.5666185667184189,0.9872944899710835,1.0,0.0,0.0,13.800002756917273
SE150_FL350,2022-03-01 01:49:00.000000000,6.48939658014588,52.91717500921703,10668.0,23841.928016066504,211.55211,0.5634385541499944,0.9815753338218505,1.0,0.0,0.0,13.800004067102952
SE150_FL350,2022-03-01 01:50:00.000000000,6.634353009179616,53.00537066323756,10668.0,23841.928016066504,211.5907,0.5619856065218259,0.9788070337127328,1.0,0.0,0.0,13.80000520294991
SE150_FL350,2022-03-01 01:51:00.000000000,6.779473395781127,53.09364519921752,10668.0,23841.928016066504,211.64343,0.5543547935752211,0.9651971029155971,1.0,0.0,0.0,13.800006146536646
SE150_FL350,2022-03-01 01:52:00.000000000,6.924777853250975,53.18198731738731,10668.0,23841.928016066504,211.73975,0.5328342897233289,0.9271616356985081,1.0,0.0,0.0,13.80000688157544
SE150_FL350,2022-03-01 01:53:00.000000000,7.070286787591492,53.270385649253456,10668.0,23841.928016066504,211.83208,0.5156458950325071,0.8967294950567269,1.0,0.0,0.0,13.800007393558275
SE150_FL350,2022-03-01 01:54:00.000000000,7.216020884525191,53.35882875831312,10668.0,23841.928016066504,211.92375,0.5009752885978281,0.8707119196358006,1.0,0.0,0.0,13.800007669900015
SE150_FL350,2022-03-01 01:55:00.000000000,7.3620010965652085,53.44730514036748,10668.0,23841.928016066504,212.00702,0.4807740827586924,0.8351600256688431,1.0,0.0,0.0,13.800007700096462
SE150_FL350,2022-03-01 01:56:00.000000000,7.508248630134886,53.53580322345174,10668.0,23841.928016066504,212.0854,0.46037797998844215,0.7993317908811673,1.0,0.0,0.0,13.800007475854803
SE150_FL350,2022-03-01 01:57:00.000000000,7.654784932730397,53.62431136740005,10668.0,23841.928016066504,212.14243,0.4433456033109929,0.7694798219141267,1.0,0.0,0.0,13.800006991241453
SE150_FL350,2022-03-01 01:58:00.000000000,7.801631680117048,53.712817863064856,10668.0,23841.928016066504,212.1879,0.42781321413361234,0.7423077918766916,1.0,0.0,0.0,13.800006242806354
SE150_FL350,2022-03-01 01:59:00.000000000,7.948810763547113,53.80131093121019,10668.0,23841.928016066504,212.21028,0.4137084363622858,0.7177305106432252,1.0,0.0,0.0,13.800005229709964
SE150_FL350,2022-03-01 02:00:00.000000000,8.096344276983887,53.889778721099525,10668.0,23841.928016066504,212.22197,0.40562760804849085,0.7036596665459897,1.0,0.0,0.0,13.800003953824296
SE150_FL350,2022-03-01 02:01:00.000000000,8.244254504314016,53.97820930879907,10668.0,23841.928016066504,212.22867,0.40060245836060326,0.6949125618595461,1.0,0.0,0.0,13.80000241982998
SE150_FL350,2022-03-01 02:02:00.000000000,8.392563906527803,54.06659069521786,10668.0,23841.928016066504,212.22247,0.39189083388324275,0.6798275220590562,1.0,0.0,0.0,13.800000635287429
SE150_FL350,2022-03-01 02:03:00.000000000,8.541295108844203,54.15491080390644,10668.0,23841.928016066504,212.21707,0.3845154844356006,0.6670556442341771,1.0,0.0,0.0,13.79999861068731
SE150_FL350,2022-03-01 02:04:00.000000000,8.690470887755579,54.24315747863636,10668.0,23841.928016066504,212.2168,0.3794105111327333,0.65820128699044,1.0,0.0,0.0,13.799996359482744
SE150_FL350,2022-03-01 02:05:00.000000000,8.840114157964688,54.3313184807831,10668.0,23841.928016066504,212.21867,0.38245928099181137,0.6634820554958746,1.0,0.0,0.0,13.799993898086694
SE150_FL350,2022-03-01 02:06:00.000000000,8.990247959184734,54.41938148653517,10668.0,23841.928016066504,212.2234,0.381010212444477,0.6609491018256795,1.0,0.0,0.0,13.799991245846577
SE150_FL350,2022-03-01 02:07:00.000000000,9.140895442771445,54.50733408395296,10668.0,23841.928016066504,212.23729,0.38120185652952016,0.6612228157474075,1.0,0.0,0.0,13.799988424983786
SE150_FL350,2022-03-01 02:08:00.000000000,9.292079858154782,54.595163769900566,10668.0,23841.928016066504,212.25096,0.3851504036583618,0.668012907282445,1.0,0.0,0.0,13.799985460504125
SE150_FL350,2022-03-01 02:09:00.000000000,9.443824539036145,54.682857946874975,10668.0,23841.928016066504,212.26595,0.3831040623282889,0.6644001601501316,1.0,0.0,0.0,13.79998238006007
SE150_FL350,2022-03-01 02:10:00.000000000,9.596152889316482,54.770403919756546,10668.0,23841.928016066504,212.28331,0.3805001275293603,0.65981203552246,1.0,0.0,0.0,13.799979213805697
SE150_FL350,2022-03-01 02:11:00.000000000,9.749088368719127,54.85778889250587,10668.0,23841.928016066504,212.29922,0.38442311748148067,0.6665463620796579,1.0,0.0,0.0,13.79997599417574
SE150_FL350,2022-03-01 02:12:00.000000000,9.902654478070929,54.944999964831716,10668.0,23841.928016066504,212.3042,0.3859078407439645,0.6690994477676037,1.0,0.0,0.0,8.71787688339356
SE150_FL350,2022-03-01 02:12:37.904240283,10.0,55.0,10668.0,23841.928016066504,212.31227,0.38297616129624157,0.6639818586578338,1.0,0.0,0.0,0.0
GC0_FL350,2022-03-01 00:00:00.000000000,-10.000000000000002,45.00000000000001,10668.0,23841.928016066504,212.79758,0.6919819882062457,1.195991555688355,1.0,1.0,1.0,13.800031261260088
GC0_FL350,2022-03-01 00:01:00.000000000,-9.876312021826006,45.08811854334467,10668.0,23841.928016066504,212.75504,0.6844884858432239,1.183364948930222,1.0,1.0,1.0,13.800027623894355
GC0_FL350,2022-03-01 00:02:00.000000000,-9.752242252140906,45.176103215944366,10668.0,23841.928016066504,212.67044,0.6897357411038,1.1930875567738062,1.0,1.0,1.0,13.800023933454368
GC0_FL350,2022-03-01 00:03:00.000000000,-9.627788920452794,45.263953191638386,10668.0,23841.928016066504,212.62018,0.6908587119526556,1.195415053524338,1.0,1.0,1.0,13.800020189682812
GC0_FL350,2022-03-01 00:04:00.000000000,-9.5029502525583,45.351667639156055,10668.0,23841.928016066504,212.61128,0.6855740047855595,1.1863346013450167,1.0,1.0,1.0,13.800016392336534
GC0_FL350,2022-03-01 00:05:00.000000000,-9.377724470626134,45.439245722091066,10668.0,23841.928016066504,212.58768,0.6842606434896539,1.184242687647847,1.0,1.0,1.0,13.800012541176311
GC0_FL350,2022-03-01 00:06:00.000000000,-9.252109793282935,45.52668659887586,10668.0,23841.928016066504,212.54047,0.6896912781026314,1.1940011656206608,1.0,1.0,1.0,13.800008635971807
GC0_FL350,2022-03-01 00:07:00.000000000,-9.126104435701345,45.613989422756205,10668.0,23841.928016066504,212.5646,0.6817083096621619,1.17999870317823,1.0,1.0,1.0,13.800004676501466
GC0_FL350,2022-03-01 00:08:00.000000000,-8.999706609690397,45.701153341765824,10668.0,23841.928016066504,212.5448,0.6783765387735794,1.1743836422724245,1.0,1.0,1.0,13.800000662551579
GC0_FL350,2022-03-01 00:09:00.000000000,-8.872914523788092,45.7881774987011,10668.0,23841.928016066504,212.53818,0.6632598513542418,1.1482623206403784,1.0,1.0,1.0,13.799996593917113
GC0_FL350,2022-03-01 00:10:00.000000000,-8.745726383356452,45.87506103109597,10668.0,23841.928016066504,212.53307,0.6443270898317865,1.1155229749046711,1.0,1.0,1.0,13.799992470403737
GC0_FL350,2022-03-01 00:11:00.000000000,-8.618140390678803,45.96180307119685,10668.0,23841.928016066504,212.48705,0.6334750800688442,1.0970562701286641,1.0,1.0,1.0,13.799988291825057
GC0_FL350,2022-03-01 00:12:00.000000000,-8.490154745059604,46.04840274593778,10668.0,23841.928016066504,212.4109,0.6280318255383837,1.0881593763076414,1.0,1.0,1.0,13.799984058004643
GC0_FL350,2022-03-01 00:13:00.000000000,-8.36176764292664,46.13485917691566,10668.0,23841.928016066504,212.3545,0.6246377287261083,1.0826686845058657,1.0,1.0,1.0,13.799979768777922
GC0_FL350,2022-03-01 00:14:00.000000000,-8.232977277935733,46.22117148036564,10668.0,23841.928016066504,212.27007,0.6246466103083171,1.0832672845223024,1.0,1.0,1.0,13.79997542398953
GC0_FL350,2022-03-01 00:15:00.000000000,-8.103781841077932,46.30733876713662,10668.0,23841.928016066504,212.26569,0.6167078597711171,1.0695309442966654,1.0,1.0,1.0,13.799971023496427
GC0_FL350,2022-03-01 00:16:00.000000000,-7.974179520789293,46.39336014266697,10668.0,23841.928016066504,212.28479,0.6094090053373705,1.056743611654185,1.0,1.0,1.0,13.799966567164596
GC0_FL350,2022-03-01 00:17:00.000000000,-7.844168503063274,46.47923470696041,10668.0,23841.928016066504,212.33519,0.6018790473132272,1.043350684182269,1.0,1.0,1.0,13.8000335506074
GC0_FL350,2022-03-01 00:18:00.000000000,-7.713744387039283,46.56496062297613,10668.0,23841.928016066504,212.4526,0.5874170737295853,1.0175161210264123,1.0,1.0,1.0,13.800029833224963
GC0_FL350,2022-03-01 00:19:00.000000000,-7.582907908106713,46.65053789712994,10668.0,23841.928016066504,212.60852,0.569477010789982,0.9854573038288011,1.0,0.0,0.0,13.800025836216795
GC0_FL350,2022-03-01 00:20:00.000000000,-7.451657253716138,46.73596561579989,10668.0,23841.928016066504,212.75793,0.5526770626897872,0.9554658816949286,1.0,0.0,0.0,13.800021784046535
GC0_FL350,2022-03-01 00:21:00.000000000,-7.319990601234423,46.82124285691214,10668.0,23841.928016066504,212.95792,0.5317427003678656,0.918092062994796,1.0,0.0,0.0,13.800017676565119
GC0_FL350,2022-03-01 00:22:00.000000000,-7.187906126190921,46.90636869283971,10668.0,23841.928016066504,213.15582,0.5115299107703283,0.8820618457171506,1.0,0.0,0.0,13.800013513633964
GC0_FL350,2022-03-01 00:23:00.000000000,-7.0554020024062,46.99134219037952,10668.0,23841.928016066504,213.33249,0.4927574898441775,0.8487150516389187,1.0,0.0,0.0,13.800009295126483
GC0_FL350,2022-03-01 00:24:00.000000000,-6.922476402123702,47.07616241072962,10668.0,23841.928016066504,213.53615,0.4750418731664613,0.8171164188996395,1.0,0.0,0.0,13.800005020927465
GC0_FL350,2022-03-01 00:25:00.000000000,-6.789127496144292,47.16082840946671,10668.0,23841.928016066504,213.71832,0.4606042641411476,0.7913378403017641,1.0,0.0,0.0,13.800000690938065
GC0_FL350,2022-03-01 00:26:00.000000000,-6.655353453963729,47.24533923652389,10668.0,23841.928016066504,213.83318,0.4569828717397783,0.7845261935527534,1.0,0.0,0.0,13.799996305067978
GC0_FL350,2022-03-01 00:27:00.000000000,-6.521152443913118,47.32969393616862,10668.0,23841.928016066504,213.93675,0.4549922162077678,0.7805759736330132,1.0,0.0,0.0,13.799991863244522
GC0_FL350,2022-03-01 00:28:00.000000000,-6.386522633302341,47.41389154698097,10668.0,23841.928016066504,214.0012,0.45817757959826894,0.7857068272251322,1.0,0.0,0.0,13.799987365406142
GC0_FL350,2022-03-01 00:29:00.000000000,-6.251462188566615,47.49793110183218,10668.0,23841.928016066504,214.00562,0.46647496205859135,0.7999107902740764,1.0,0.0,0.0,13.79998281150992
GC0_FL350,2022-03-01 00:30:00.000000000,-6.1159692754160595,47.58181162786344,10668.0,23841.928016066504,213.9913,0.47668843206038936,0.8175027300113643,1.0,0.0,0.0,13.799978201523881
GC0_FL350,2022-03-01 00:31:00.000000000,-5.980042058988454,47.66553214646499,10668.0,23841.928016066504,213.9553,0.4881862701068107,0.8374221064171441,1.0,0.0,0.0,13.799973535432741
GC0_FL350,2022-03-01 00:32:00.000000000,-5.84367870400512,47.74909167325553,10668.0,23841.928016066504,213.86674,0.5017685614576453,0.8612215929774905,1.0,0.0,0.0,13.799968813237534
GC0_FL350,2022-03-01 00:33:00.000000000,-5.70687737493005,47.832489218061895,10668.0,23841.928016066504,213.76524,0.5163589552288904,0.886855190208133,1.0,0.0,0.0,13.799964034957233
GC0_FL350,2022-03-01 00:34:00.000000000,-5.569636236132259,47.91572378489917,10668.0,23841.928016066504,213.6663,0.5293341826260185,0.9097297824303684,1.0,0.0,0.0,13.800035855280361
GC0_FL350,2022-03-01 00:35:00.000000000,-5.431950681045849,47.9987933410855,10668.0,23841.928016066504,213.55104,0.5423924689032619,0.9328783109598463,1.0,0.0,0.0,13.80003208062314
GC0_FL350,2022-03-01 00:36:00.000000000,-5.2938216052343305,48.08169789082298,10668.0,23841.928016066504,213.42822,0.5517606061432789,0.949749656765402,1.0,0.0,0.0,13.800027766635571
GC0_FL350,2022-03-01 00:37:00.000000000,-5.155247191271525,48.164436426955106,10668.0,23841.928016066504,213.30167,0.5613314864963942,0.9670191957422402,1.0,0.0,0.0,13.800023396612284
GC0_FL350,2022-03-01 00:38:00.000000000,-5.016225604851381,48.24700792994952,10668.0,23841.928016066504,213.16057,0.5745590463278084,0.9907162195244559,1.0,0.0,0.0,13.800018970545228
GC0_FL350,2022-03-01 00:39:00.000000000,-4.876755012439158,48.329411374367055,10668.0,23841.928016066504,213.0124,0.5833631048635612,1.0068636033152372,1.0,1.0,1.0,13.800014488442477
GC0_FL350,2022-03-01 00:40:00.000000000,-4.7368335814541895,48.411645728843965,10668.0,23841.928016066504,212.8628,0.5955902388985144,1.0289597497577962,1.0,1.0,1.0,13.800009950331221
GC0_FL350,2022-03-01 00:41:00.000000000,-4.596459480456218,48.493709956074575,10668.0,23841.928016066504,212.73242,0.596746029265122,1.0318196868958036,1.0,1.0,1.0,13.800005356252322
GC0_FL350,2022-03-01 00:42:00.000000000,-4.455630879335287,48.57560301279429,10668.0,23841.928016066504,212.6032,0.5969777682705396,1.0330792431147753,1.0,1.0,1.0,13.800000706269127
GC0_FL350,2022-03-01 00:43:00.000000000,-4.314345949505185,48.6573238497631,10668.0,23841.928016066504,212.48686,0.599401561969006,1.0380506856764091,1.0,1.0,1.0,13.799996000461707
GC0_FL350,2022-03-01 00:44:00.000000000,-4.172602864100605,48.73887141174949,10668.0,23841.928016066504,212.37561,0.6028708248400267,1.0448005424842461,1.0,1.0,1.0,13.799991238929968
GC0_FL350,2022-03-01 00:45:00.000000000,-4.030399798177934,48.8202446375148,10668.0,23841.928016066504,212.26122,0.6025980546945697,1.0450914672000573,1.0,1.0,1.0,13.79998642179239
GC0_FL350,2022-03-01 00:46:00.000000000,-3.8877349289197967,48.901442459798034,10668.0,23841.928016066504,212.17278,0.5997674740232004,1.040768108820211,1.0,1.0,1.0,13.799981549189066
GC0_FL350,2022-03-01 00:47:00.000000000,-3.744606435843342,48.98246380530123,10668.0,23841.928016066504,212.07922,0.5975881090623474,1.03760341589417,1.0,1.0,1.0,13.799976621281434
GC0_FL350,2022-03-01 00:48:00.000000000,-3.601012501012314,49.06330759467523,10668.0,23841.928016066504,212.01654,0.5947557912245625,1.0330960441078854,1.0,1.0,1.0,13.799971638251657
GC0_FL350,2022-03-01 00:49:00.000000000,-3.456951309253031,49.14397274250603,10668.0,23841.928016066504,211.95123,0.5929955762841923,1.0304682933699434,1.0,1.0,1.0,13.799966600302653
GC0_FL350,2022-03-01 00:50:00.000000000,-3.312421048374104,49.22445815730157,10668.0,23841.928016066504,211.88344,0.5926470932983784,1.0303034837341376,1.0,1.0,1.0,13.799961507663523
GC0_FL350,2022-03-01 00:51:00.000000000,-3.1674199093902,49.304762741479145,10668.0,23841.928016066504,211.8305,0.5936196783066093,1.0323402723202104,1.0,1.0,1.0,13.80003811560671
GC0_FL350,2022-03-01 00:52:00.000000000,-3.021943131385752,49.3848842512864,10668.0,23841.928016066504,211.7788,0.5968806043411196,1.0383491105330818,1.0,1.0,1.0,13.80003431143209
GC0_FL350,2022-03-01 00:53:00.000000000,-2.875991817593982,49.46482269242153,10668.0,23841.928016066504,211.73007,0.5988671202391593,1.0421257169021236,1.0,1.0,1.0,13.80002967563927
GC0_FL350,2022-03-01 00:54:00.000000000,-2.7295641981544376,49.54457695964448,10668.0,23841.928016066504,211.68349,0.5984803787510544,1.0417611811701135,1.0,1.0,1.0,13.800024984324816
GC0_FL350,2022-03-01 00:55:00.000000000,-2.582658479303576,49.62414593078313,10668.0,23841.928016066504,211.6452,0.5965369549510143,1.0386302499072437,1.0,1.0,1.0,13.800020237683322
GC0_FL350,2022-03-01 00:56:00.000000000,-2.435272871668278,49.703528477519875,10668.0,23841.928016066504,211.59657,0.5928181925927195,1.0324701650080077,1.0,1.0,1.0,13.800015435926571
GC0_FL350,2022-03-01 00:57:00.000000000,-2.2874055905140325,49.78272346538261,10668.0,23841.928016066504,211.58035,0.5827251203114163,1.0149947167692,1.0,1.0,1.0,13.800010579292724
GC0_FL350,2022-03-01 00:58:00.000000000,-2.139054855997014,49.86172975373617,10668.0,23841.928016066504,211.57486,0.5730130846458394,0.9981137414856397,1.0,0.0,0.0,13.80000566804335
GC0_FL350,2022-03-01 00:59:00.000000000,-1.990218893420634,49.940546195774644,10668.0,23841.928016066504,211.5523,0.5650985181484869,0.984467396018954,1.0,0.0,0.0,13.800000702464757
GC0_FL350,2022-03-01 01:00:00.000000000,-1.840895933496165,50.01917163851421,10668.0,23841.928016066504,211.55833,0.5587258372949148,0.9733287400878883,1.0,0.0,0.0,13.799995682868577
GC0_FL350,2022-03-01 01:01:00.000000000,-1.6910842126076457,50.09760492278672,10668.0,23841.928016066504,211.58784,0.554971174806819,0.9666085784768027,1.0,0.0,0.0,13.799990609591623
GC0_FL350,2022-03-01 01:02:00.000000000,-1.540781973081079,50.17584488323394,10668.0,23841.928016066504,211.6173,0.5526828216318375,0.9624420518226032,1.0,0.0,0.0,13.799985482999908
GC0_FL350,2022-03-01 01:03:00.000000000,-1.3899874634580285,50.2538903483026,10668.0,23841.928016066504,211.65369,0.5519155014884869,0.9608861635911846,1.0,0.0,0.0,13.799980303483485
GC0_FL350,2022-03-01 01:04:00.000000000,-1.2386989387734455,50.33174014024005,10668.0,23841.928016066504,211.70186,0.5524772619393172,0.9615709687779108,1.0,0.0,0.0,13.799975071460995
GC0_FL350,2022-03-01 01:05:00.000000000,-1.0869146608380469,50.409393075090854,10668.0,23841.928016066504,211.75479,0.5462107556450392,0.9503471434521519,1.0,0.0,0.0,13.799969787382079
GC0_FL350,2022-03-01 01:06:00.000000000,-0.9346328985249368,50.48684796269396,10668.0,23841.928016066504,211.78218,0.5386941377621082,0.9371057583632071,1.0,0.0,0.0,13.799964451722667
GC0_FL350,2022-03-01 01:07:00.000000000,-0.7818519280607622,50.56410360668077,10668.0,23841.928016066504,211.80733,0.5328558539190932,0.9268036474577888,1.0,0.0,0.0,13.79995906498832
GC0_FL350,2022-03-01 01:08:00.000000000,-0.6285700333214097,50.64115880447403,10668.0,23841.928016066504,211.78503,0.5330370444148743,0.9272509223873977,1.0,0.0,0.0,13.800040250558894
GC0_FL350,2022-03-01 01:09:00.000000000,-0.47478237482134333,50.71801108774824,10668.0,23841.928016066504,211.73546,0.5366322142836983,0.9337963647972539,1.0,0.0,0.0,13.800036449888243
GC0_FL350,2022-03-01 01:10:00.000000000,-0.3204903233010431,50.79466047002034,10668.0,23841.928016066504,211.65323,0.5476191218995858,0.9534084835265062,1.0,0.0,0.0,13.800031495581349
GC0_FL350,2022-03-01 01:11:00.000000000,-0.16569222733307076,50.87110574593124,10668.0,23841.928016066504,211.5578,0.5614639263649168,0.9781018572247855,1.0,0.0,0.0,13.80002648819227
GC0_FL350,2022-03-01 01:12:00.000000000,-0.01038640460530521,50.94734568796158,10668.0,23841.928016066504,211.44186,0.5788524452873409,1.009127333973302,1.0,1.0,1.0,13.800021428178642
GC0_FL350,2022-03-01 01:13:00.000000000,0.14542881799142826,51.02337906239046,10668.0,23841.928016066504,211.34161,0.5938262974504648,1.0358855844180421,1.0,1.0,1.0,13.800016316031584
GC0_FL350,2022-03-01 01:14:00.000000000,0.30175510404023853,51.099204629299564,10668.0,23841.928016066504,211.25603,0.6081508009789391,1.061439987865838,1.0,1.0,1.0,13.80001115226905
GC0_FL350,2022-03-01 01:15:00.000000000,0.45859410727043437,51.17482114257816,10668.0,23841.928016066504,211.17714,0.6224633977222424,1.0869564129846572,1.0,1.0,1.0,13.8000059374454
GC0_FL350,2022-03-01 01:16:00.000000000,0.6159474712251815,51.25022734992915,10668.0,23841.928016066504,211.13179,0.6310260556115238,1.102223294691359,1.0,1.0,1.0,13.800000672141353
GC0_FL350,2022-03-01 01:17:00.000000000,0.7738168289243615,51.325421992876,10668.0,23841.928016066504,211.13274,0.6322087209217342,1.1042839375743572,1.0,1.0,1.0,13.7999953569759
GC0_FL350,2022-03-01 01:18:00.000000000,0.932203802522942,51.400403806770754,10668.0,23841.928016066504,211.1761,0.6268031413522643,1.0945441774399338,1.0,1.0,1.0,13.799989992598045
GC0_FL350,2022-03-01 01:19:00.000000000,1.0911100029643799,51.47517152080301,10668.0,23841.928016066504,211.22218,0.6199506490183866,1.0822667533240091,1.0,1.0,1.0,13.79998457969091
GC0_FL350,2022-03-01 01:20:00.000000000,1.2505370296295943,51.549723858009905,10668.0,23841.928016066504,211.28098,0.6119642059269519,1.0679273963363967,1.0,1.0,1.0,13.799979118975191
GC0_FL350,2022-03-01 01:21:00.000000000,1.410486469980993,51.62405953528727,10668.0,23841.928016066504,211.33043,0.607189998723966,1.059270749950803,1.0,1.0,1.0,13.799973611204168
GC0_FL350,2022-03-01 01:22:00.000000000,1.570959899201897,51.698177263401696,10668.0,23841.928016066504,211.35684,0.6051084441766578,1.0554651294516533,1.0,1.0,1.0,13.799968057170684
GC0_FL350,2022-03-01 01:23:00.000000000,1.7319588798311787,51.77207574700383,10668.0,23841.928016066504,211.38504,0.6042355854993643,1.0537559700937833,1.0,1.0,1.0,13.799962457699413
GC0_FL350,2022-03-01 01:24:00.000000000,1.8934849613930664,51.84575368464275,10668.0,23841.928016066504,211.39388,0.6064849987924777,1.057618800338745,1.0,1.0,1.0,13.799956813657149
GC0_FL350,2022-03-01 01:25:00.000000000,2.055539680022396,51.91920976878139,10668.0,23841.928016066504,211.3923,0.6099935486910417,1.0637463426900722,1.0,1.0,1.0,13.800042154299087
GC0_FL350,2022-03-01 01:26:00.000000000,2.2181278486239693,51.99244129650124,10668.0,23841.928016066504,211.37938,0.614916140617037,1.0724210869998652,1.0,1.0,1.0,13.800038395347975
GC0_FL350,2022-03-01 01:27:00.000000000,2.381247755746821,52.06544829902248,10668.0,23841.928016066504,211.37196,0.6216705214066772,1.0842501078791773,1.0,1.0,1.0,13.800033137066887
GC0_FL350,2022-03-01 01:28:00.000000000,2.5449008423555197,52.13822947261712,10668.0,23841.928016066504,211.36342,0.6276524485808753,1.0947418550817976,1.0,1.0,1.0,13.800027830685213
GC0_FL350,2022-03-01 01:29:00.000000000,2.7090885869023626,52.210783485473385,10668.0,23841.928016066504,211.35793,0.6323091823680471,1.1029033593121846,1.0,1.0,1.0,13.800022477008898
GC0_FL350,2022-03-01 01:30:00.000000000,2.873812452494847,52.283108999789214,10668.0,23841.928016066504,211.35951,0.6342113973575173,1.1062081813107199,1.0,1.0,1.0,13.800017076881304
GC0_FL350,2022-03-01 01:31:00.000000000,3.039073886492103,52.35520467179508,10668.0,23841.928016066504,211.3646,0.6347486487146874,1.1071117971484625,1.0,1.0,1.0,13.8000116311833
GC0_FL350,2022-03-01 01:32:00.000000000,3.204874320096632,52.42706915177804,10668.0,23841.928016066504,211.36935,0.6339517295795593,1.1056857115334775,1.0,1.0,1.0,13.80000614083744
GC0_FL350,2022-03-01 01:33:00.000000000,3.3712151679413354,52.498701084107154,10668.0,23841.928016066504,211.37877,0.631821895733529,1.1019072673114647,1.0,1.0,1.0,13.800000606803097
GC0_FL350,2022-03-01 01:34:00.000000000,3.538097827671728,52.57009910726018,10668.0,23841.928016066504,211.39215,0.6297343358558792,1.0981737615231608,1.0,1.0,1.0,13.799995030082775
GC0_FL350,2022-03-01 01:35:00.000000000,3.705523679523632,52.64126185385161,10668.0,23841.928016066504,211.40489,0.6250065163483424,1.0898434893283064,1.0,1.0,1.0,13.799989411721297
GC0_FL350,2022-03-01 01:36:00.000000000,3.8734940858960045,52.71218795066221,10668.0,23841.928016066504,211.41614,0.6199309026800023,1.0809165144101525,1.0,1.0,1.0,13.799983752801687
GC0_FL350,2022-03-01 01:37:00.000000000,4.04201039091922,52.78287601866978,10668.0,23841.928016066504,211.4275,0.6141911430221629,1.0708301520794108,1.0,1.0,1.0,13.799978054452163
GC0_FL350,2022-03-01 01:38:00.000000000,4.211073920018708,52.853324673081396,10668.0,23841.928016066504,211.43732,0.6065147053366563,1.0573828632946047,1.0,1.0,1.0,13.799972317845754
GC0_FL350,2022-03-01 01:39:00.000000000,4.380685979473958,52.92353252336716,10668.0,23841.928016066504,211.44788,0.598163847877203,1.042753967445966,1.0,1.0,1.0,13.79996654419649
GC0_FL350,2022-03-01 01:40:00.000000000,4.550847855972988,52.993498173295265,10668.0,23841.928016066504,211.44936,0.5889833935785749,1.0267440855297134,1.0,1.0,1.0,13.799960734763747
GC0_FL350,2022-03-01 01:41:00.000000000,4.72156081616213,53.06322022096875,10668.0,23841.928016066504,211.43814,0.5771463869424913,1.0061767938892134,1.0,1.0,1.0,13.799954890854742
GC0_FL350,2022-03-01 01:42:00.000000000,4.892826106191535,53.13269725886355,10668.0,23841.928016066504,211.42287,0.5663740581687595,0.9874914471319001,1.0,0.0,0.0,13.80004369387429
GC0_FL350,2022-03-01 01:43:00.000000000,5.064648373766797,53.201926344915194,10668.0,23841.928016066504,211.39752,0.5590884190977121,0.9749444894765421,1.0,0.0,0.0,13.800040019521948
GC0_FL350,2022-03-01 01:44:00.000000000,5.237025480446346,53.270907542595175,10668.0,23841.928016066504,211.35854,0.5579721668866944,0.9732352970308534,1.0,0.0,0.0,13.800034486742401
GC0_FL350,2022-03-01 01:45:00.000000000,5.409958542016128,53.339639456889614,10668.0,23841.928016066504,211.32066,0.5590683229040203,0.9753799873737911,1.0,0.0,0.0,13.800028914083532
GC0_FL350,2022-03-01 01:46:00.000000000,5.583448717588524,53.40812065808024,10668.0,23841.928016066504,211.27725,0.5627631496795737,0.9820951166199768,1.0,0.0,0.0,13.80002330277767
GC0_FL350,2022-03-01 01:47:00.000000000,5.757497143428711,53.47634971103695,10668.0,23841.928016066504,211.22575,0.5694671058425446,0.9941153198987489,1.0,0.0,0.0,13.800017654102959
GC0_FL350,2022-03-01 01:48:00.000000000,5.932104932473757,53.54432517526539,10668.0,23841.928016066504,211.20206,0.5775804050269325,1.0084263481746485,1.0,1.0,1.0,13.800011969384423
GC0_FL350,2022-03-01 01:49:00.000000000,6.10727317384737,53.612045604956435,10668.0,23841.928016066504,211.18787,0.5860779389096907,1.0233539486083525,1.0,1.0,1.0,13.800006249993439
GC0_FL350,2022-03-01 01:50:00.000000000,6.283002932370696,53.679509549037114,10668.0,23841.928016066504,211.18668,0.5927555631364755,1.0350190393742447,1.0,1.0,1.0,13.800000497350158
GC0_FL350,2022-03-01 01:51:00.000000000,6.459295248068937,53.746715551223396,10668.0,23841.928016066504,211.2342,0.5939919328667198,1.0368736050752707,1.0,1.0,1.0,13.799994712920459
GC0_FL350,2022-03-01 01:52:00.000000000,6.636151135673946,53.81366215007467,10668.0,23841.928016066504,211.29323,0.5930614405148997,1.0348641736171627,1.0,1.0,1.0,13.799988898221487
GC0_FL350,2022-03-01 01:53:00.000000000,6.8135715841229665,53.88034787904993,10668.0,23841.928016066504,211.37227,0.5870518037736651,1.0238686050305903,1.0,1.0,1.0,13.799983054817007
GC0_FL350,2022-03-01 01:54:00.000000000,6.991557556053451,53.94677126656574,10668.0,23841.928016066504,211.487,0.5768405338614823,1.0053361408724772,1.0,1.0,1.0,13.79997718432221
GC0_FL350,2022-03-01 01:55:00.000000000,7.170109987294104,54.01293083605608,10668.0,23841.928016066504,211.60104,0.5619929856527738,0.9787557221920414,1.0,0.0,0.0,13.799971288402922
GC0_FL350,2022-03-01 01:56:00.000000000,7.349229786352257,54.07882510603384,10668.0,23841.928016066504,211.70549,0.5437866786859408,0.9464244559430873,1.0,0.0,0.0,13.799965368775869
GC0_FL350,2022-03-01 01:57:00.000000000,7.5289178338974985,54.144452590154366,10668.0,23841.928016066504,211.79988,0.5260849813555359,0.9150697342335438,1.0,0.0,0.0,13.799959427205792
GC0_FL350,2022-03-01 01:58:00.000000000,7.709174982241969,54.20981179728059,10668.0,23841.928016066504,211.872,0.5090595570199145,0.8850520745430179,1.0,0.0,0.0,13.799953465513312
GC0_FL350,2022-03-01 01:59:00.000000000,7.890002054816966,54.2749012315503,10668.0,23841.928016066504,211.9251,0.4891718898342105,0.8501906871084782,1.0,0.0,0.0,13.800044709298199
GC0_FL350,2022-03-01 02:00:00.000000000,8.07140336006643,54.3397177150441,10668.0,23841.928016066504,211.96329,0.4695976536345461,0.8159716648640944,1.0,0.0,0.0,13.800041165932434
GC0_FL350,2022-03-01 02:01:00.000000000,8.253376235746266,54.4042613638653,10668.0,23841.928016066504,211.98753,0.44933924713291234,0.7806520853105443,1.0,0.0,0.0,13.80003540717797
GC0_FL350,2022-03-01 02:02:00.000000000,8.435921335887098,54.46853070587913,10668.0,23841.928016066504,212.00859,0.4326002424072593,0.7514681625878662,1.0,0.0,0.0,13.800029620699759
GC0_FL350,2022-03-01 02:03:00.000000000,8.61903936252284,54.532524226953534,10668.0,23841.928016066504,212.03462,0.41997040129633273,0.7294093696841992,1.0,0.0,0.0,13.800023808234585
GC0_FL350,2022-03-01 02:04:00.000000000,8.802730986129248,54.5962404085977,10668.0,23841.928016066504,212.06468,0.4084979814586327,0.7093481115481624,1.0,0.0,0.0,13.80001797157137
GC0_FL350,2022-03-01 02:05:00.000000000,8.986996845082029,54.659677728041075,10668.0,23841.928016066504,212.0988,0.3977404418685862,0.6905175085295564,1.0,0.0,0.0,13.80001211255036
GC0_FL350,2022-03-01 02:06:00.000000000,9.171837545112288,54.72283465831418,10668.0,23841.928016066504,212.14302,0.3945478430111898,0.684782770810318,1.0,0.0,0.0,13.800006233064313
GC0_FL350,2022-03-01 02:07:00.000000000,9.357253658759396,54.785709668331585,10668.0,23841.928016066504,212.1886,0.3872873469413955,0.6719865091573157,1.0,0.0,0.0,13.800000335060249
GC0_FL350,2022-03-01 02:08:00.000000000,9.543245724821515,54.84830122297688,10668.0,23841.928016066504,212.23296,0.3819688080511546,0.6625709860934519,1.0,0.0,0.0,13.79999442053751
GC0_FL350,2022-03-01 02:09:00.000000000,9.729814247803706,54.91060778318973,10668.0,23841.928016066504,212.27692,0.38394831974738564,0.6658182589631553,1.0,0.0,0.0,13.799988491549682
GC0_FL350,2022-03-01 02:10:00.000000000,9.916959697363977,54.97262780605501,10668.0,23841.928016066504,212.30792,0.38411013794934645,0.6659671552331419,1.0,0.0,0.0,6.1100550360113415
GC0_FL350,2022-03-01 02:10:26.566305980,10.0,55.0,10668.0,23841.928016066504,212.32347,0.38228664666253037,0.6627388531451921,1.0,0.0,0.0,0.0
NW150_FL350,2022-03-01 00:00:00.000000000,-10.000000000000002,45.00000000000001,10668.0,23841.928016066504,212.79758,0.6919819882062457,1.195991555688355,1.0,1.0,1.0,13.800014615529586
NW150_FL350,2022-03-01 00:01:00.000000000,-9.911943680217473,45.10739059751919,10668.0,23841.928016066504,212.77428,0.6784563562478133,1.1727911313748898,1.0,1.0,1.0,13.800013510743517
NW150_FL350,2022-03-01 00:02:00.000000000,-9.823535417039643,45.21470503205091,10668.0,23841.928016066504,212.71486,0.6757578491713359,1.1685720642508821,1.0,1.0,1.0,13.800012336604626
NW150_FL350,2022-03-01 00:03:00.000000000,-9.734752775491534,45.32193450949788,10668.0,23841.928016066504,212.68175,0.6724112708933786,1.163033096819958,1.0,1.0,1.0,13.800011102228465
NW150_FL350,2022-03-01 00:04:00.000000000,-9.64557321962325,45.4290701602766,10668.0,23841.928016066504,212.69678,0.6600803405953484,1.1415957288151248,1.0,1.0,1.0,13.800009817596628
NW150_FL350,2022-03-01 00:05:00.000000000,-9.555974120765597,45.53610303447345,10668.0,23841.928016066504,212.71999,0.6485424247193283,1.1214720366703406,1.0,1.0,1.0,13.800008493466299
NW150_FL350,2022-03-01 00:06:00.000000000,-9.465932766099801,45.64302409705574,10668.0,23841.928016066504,212.75685,0.6382243012100369,1.1033696016287553,1.0,1.0,1.0,13.8000071412585
NW150_FL350,2022-03-01 00:07:00.000000000,-9.37542636757764,45.74982422315823,10668.0,23841.928016066504,212.78795,0.6292171794811813,1.0875789806485845,1.0,1.0,1.0,13.800005772917848
NW150_FL350,2022-03-01 00:08:00.000000000,-9.284432071228174,45.85649419346592,10668.0,23841.928016066504,212.86044,0.6114639199348544,1.0563988412689242,1.0,1.0,1.0,13.800004400762623
NW150_FL350,2022-03-01 00:09:00.000000000,-9.192926966886413,45.96302468971482,10668.0,23841.928016066504,212.90324,0.593725728482165,1.0254699347715521,1.0,1.0,1.0,13.800003037318143
NW150_FL350,2022-03-01 00:10:00.000000000,-9.100888098379096,46.069406290332594,10668.0,23841.928016066504,212.95645,0.5721628516123088,0.9878888172996929,1.0,0.0,0.0,13.800001695131416
NW150_FL350,2022-03-01 00:11:00.000000000,-9.008292474201193,46.175629466241716,10668.0,23841.928016066504,212.995,0.5514310370903246,0.9518568518335175,1.0,0.0,0.0,13.800000386583605
NW150_FL350,2022-03-01 00:12:00.000000000,-8.915117078716126,46.2816845768484,10668.0,23841.928016066504,213.00998,0.5319512497525289,0.9181403185631102,1.0,0.0,0.0,13.799999123681374
NW150_FL350,2022-03-01 00:13:00.000000000,-8.82133888391088,46.38756186624089,10668.0,23841.928016066504,213.01392,0.5162407656324685,0.8910023619050856,1.0,0.0,0.0,13.799997917859939
NW150_FL350,2022-03-01 00:14:00.000000000,-8.726934861735826,46.49325145962168,10668.0,23841.928016066504,213.00462,0.5052326310333923,0.8720567085615364,1.0,0.0,0.0,13.799996779771385
NW150_FL350,2022-03-01 00:15:00.000000000,-8.631881997057086,46.59874335999853,10668.0,23841.928016066504,213.03236,0.49629470762610917,0.8564740533963912,1.0,0.0,0.0,13.799995719077321
NW150_FL350,2022-03-01 00:16:00.000000000,-8.536157301247139,46.70402744515966,10668.0,23841.928016066504,213.07256,0.48851770589572496,0.8428351458914504,1.0,0.0,0.0,13.79999474425429
NW150_FL350,2022-03-01 00:17:00.000000000,-8.439737826436936,46.809093464959474,10668.0,23841.928016066504,213.16309,0.47547907008328794,0.8198586302691905,1.0,0.0,0.0,13.799993862396043
NW150_FL350,2022-03-01 00:18:00.000000000,-8.342600680450126,46.91393103894103,10668.0,23841.928016066504,213.28539,0.4585591066660116,0.7900546174489654,1.0,0.0,0.0,13.799993079039334
NW150_FL350,2022-03-01 00:19:00.000000000,-8.244723042436963,47.01852965432236,10668.0,23841.928016066504,213.40906,0.44181215055947276,0.7605905526297967,1.0,0.0,0.0,13.79999239800333
NW150_FL350,2022-03-01 00:20:00.000000000,-8.146082179222427,47.12287866437407,10668.0,23841.928016066504,213.56174,0.4203398068375315,0.722903438556526,1.0,0.0,0.0,13.799991821243808
NW150_FL350,2022-03-01 00:21:00.000000000,-8.046655462379125,47.22696728721557,10668.0,23841.928016066504,213.7185,0.3980755765484443,0.6839112893575253,1.0,0.0,0.0,13.79999134873503
NW150_FL350,2022-03-01 00:22:00.000000000,-7.946420386032092,47.33078460505782,10668.0,23841.928016066504,213.87257,0.377937714733956,0.6486573552231892,1.0,0.0,0.0,13.799990978379531
NW150_FL350,2022-03-01 00:23:00.000000000,-7.845354585398439,47.434319563920425,10668.0,23841.928016066504,214.05228,0.3596664193885956,0.6165665099206219,1.0,0.0,0.0,13.799990705942896
NW150_FL350,2022-03-01 00:24:00.000000000,-7.743435856059993,47.537560973850695,10668.0,23841.928016066504,214.2269,0.343925256111524,0.5889025430148881,1.0,0.0,0.0,13.799990525026583
NW150_FL350,2022-03-01 00:25:00.000000000,-7.640642173962943,47.64049750967218,10668.0,23841.928016066504,214.36868,0.3307624093524136,0.5658315052704482,1.0,0.0,0.0,13.799990427059264
NW150_FL350,2022-03-01 00:26:00.000000000,-7.536951716133178,47.743117712289695,10668.0,23841.928016066504,214.51094,0.3172768879134213,0.5422494826800469,1.0,0.0,0.0,13.799990401351167
NW150_FL350,2022-03-01 00:27:00.000000000,-7.432342882090881,47.84540999057738,10668.0,23841.928016066504,214.61504,0.3064559699945024,0.5233918356754718,1.0,0.0,0.0,13.799990435152703
NW150_FL350,2022-03-01 00:28:00.000000000,-7.32679431594254,47.94736262387532,10668.0,23841.928016066504,214.7141,0.2954771046525851,0.504308167637478,1.0,0.0,0.0,13.799990513782763
NW150_FL350,2022-03-01 00:29:00.000000000,-7.220284929122936,48.04896376511957,10668.0,23841.928016066504,214.76894,0.2854618004306184,0.4870337608881184,1.0,0.0,0.0,13.799990620759637
NW150_FL350,2022-03-01 00:30:00.000000000,-7.112793923753648,48.15020144462874,10668.0,23841.928016066504,214.78154,0.27781785127314423,0.4739528432611139,1.0,0.0,0.0,13.799990738007454
NW150_FL350,2022-03-01 00:31:00.000000000,-7.00430081657882,48.251063574569415,10668.0,23841.928016066504,214.79369,0.2705984522100445,0.4616002494131504,1.0,0.0,0.0,13.799990846062991
NW150_FL350,2022-03-01 00:32:00.000000000,-6.894785463432784,48.351537954120296,10668.0,23841.928016066504,214.7577,0.27009202855246833,0.4608458427803599,1.0,0.0,0.0,13.79999092434128
NW150_FL350,2022-03-01 00:33:00.000000000,-6.784228084187853,48.45161227535354,10668.0,23841.928016066504,214.7049,0.27161741977814763,0.4636127420874694,1.0,0.0,0.0,13.79999095142065
NW150_FL350,2022-03-01 00:34:00.000000000,-6.672609288124424,48.55127412984912,10668.0,23841.928016066504,214.66345,0.27386522404991726,0.4675790765559439,1.0,0.0,0.0,13.799990905357314
NW150_FL350,2022-03-01 00:35:00.000000000,-6.559910099659522,48.650511016055766,10668.0,23841.928016066504,214.61354,0.27239789025877575,0.46522897132007046,1.0,0.0,0.0,13.799990764032621
NW150_FL350,2022-03-01 00:36:00.000000000,-6.446111984363311,48.74931034740906,10668.0,23841.928016066504,214.53087,0.26956982890777903,0.46065353087426253,1.0,0.0,0.0,13.799990505510175
NW150_FL350,2022-03-01 00:37:00.000000000,-6.331196875187807,48.84765946121438,10668.0,23841.928016066504,214.47067,0.2623102283730795,0.4484266164657638,1.0,0.0,0.0,13.799990108416592
NW150_FL350,2022-03-01 00:38:00.000000000,-6.215147198825244,48.94554562829887,10668.0,23841.928016066504,214.38191,0.25560865829939405,0.43722880361144617,1.0,0.0,0.0,13.799989552329267
NW150_FL350,2022-03-01 00:39:00.000000000,-6.097945902109083,49.04295606343325,10668.0,23841.928016066504,214.31131,0.25568505281097337,0.4375635955758399,1.0,0.0,0.0,13.799988818168638
NW150_FL350,2022-03-01 00:40:00.000000000,-5.979576478364332,49.13987793652022,10668.0,23841.928016066504,214.26036,0.25597341732752,0.4382057252064972,1.0,0.0,0.0,13.799987888596085
NW150_FL350,2022-03-01 00:41:00.000000000,-5.860022993609616,49.23629838454239,10668.0,23841.928016066504,214.18996,0.2549808346605625,0.43671058461021584,1.0,0.0,0.0,13.799986748391927
NW150_FL350,2022-03-01 00:42:00.000000000,-5.739270112508919,49.33220452425832,10668.0,23841.928016066504,214.16992,0.25294052680019935,0.4332725107463936,1.0,0.0,0.0,13.799985384831924
NW150_FL350,2022-03-01 00:43:00.000000000,-5.617303123966524,49.42758346563079,10668.0,23841.928016066504,214.16914,0.2524736364213661,0.43247545697371315,1.0,0.0,0.0,13.799983788033904
NW150_FL350,2022-03-01 00:44:00.000000000,-5.4941079662560375,49.52242232596687,10668.0,23841.928016066504,214.1752,0.24580944852463946,0.42104267856281197,1.0,0.0,0.0,13.799981951284067
NW150_FL350,2022-03-01 00:45:00.000000000,-5.369671251570929,49.61670824474481,10668.0,23841.928016066504,214.21489,0.24171706112725652,0.4139237927801702,1.0,0.0,0.0,13.799979871326002
NW150_FL350,2022-03-01 00:46:00.000000000,-5.243980289882591,49.710428399097715,10668.0,23841.928016066504,214.2564,0.23715400966316189,0.4059994193241019,1.0,0.0,0.0,13.799977548611706
NW150_FL350,2022-03-01 00:47:00.000000000,-5.117023111990287,49.803570019919526,10668.0,23841.928016066504,214.30359,0.22687301118358033,0.388276452798163,1.0,0.0,0.0,13.799974987505227
NW150_FL350,2022-03-01 00:48:00.000000000,-4.988788491647018,49.896120408553536,10668.0,23841.928016066504,214.35234,0.21627984965425162,0.37002741605078154,1.0,0.0,0.0,13.799972196443608
NW150_FL350,2022-03-01 00:49:00.000000000,-4.85926596664584,49.98806695401959,10668.0,23841.928016066504,214.38567,0.21683232705796884,0.37089091511595834,1.0,0.0,0.0,13.79996918802526
NW150_FL350,2022-03-01 00:50:00.000000000,-4.728445858752139,50.079397150730635,10668.0,23841.928016066504,214.40906,0.21659343249646773,0.3704245827674758,1.0,0.0,0.0,13.799965979069924
NW150_FL350,2022-03-01 00:51:00.000000000,-4.596319292369935,50.17009861664571,10668.0,23841.928016066504,214.43245,0.2103219137447796,0.3596426371441362,1.0,0.0,0.0,13.799962590579305
NW150_FL350,2022-03-01 00:52:00.000000000,-4.462878211833166,50.26015911180118,10668.0,23841.928016066504,214.44296,0.20655772683997428,0.35318149796182796,1.0,0.0,0.0,13.799959047664926
NW150_FL350,2022-03-01 00:53:00.000000000,-4.328115397217069,50.34956655715893,10668.0,23841.928016066504,214.39745,0.210635339046768,0.36026208602254073,1.0,0.0,0.0,13.799955379398677
NW150_FL350,2022-03-01 00:54:00.000000000,-4.192024478569649,50.43830905370571,10668.0,23841.928016066504,214.34743,0.21260432527690312,0.3637515811501718,1.0,0.0,0.0,13.799951618596008
NW150_FL350,2022-03-01 00:55:00.000000000,-4.05459994846935,50.526374901734854,10668.0,23841.928016066504,214.2753,0.21864808759472273,0.3742700854398357,1.0,0.0,0.0,13.799947801542151
NW150_FL350,2022-03-01 00:56:00.000000000,-3.915837172821923,50.61375262023863,10668.0,23841.928016066504,214.18379,0.22704674098483615,0.38888258653988045,1.0,0.0,0.0,13.799961634315533
NW150_FL350,2022-03-01 00:57:00.000000000,-3.775730534366871,50.70042998100058,10668.0,23841.928016066504,214.0961,0.23390667698001222,0.40086400554552537,1.0,0.0,0.0,13.800015187556577
NW150_FL350,2022-03-01 00:58:00.000000000,-3.634272966085093,50.78639370865784,10668.0,23841.928016066504,213.97733,0.24545016252250426,0.42097767529244945,1.0,0.0,0.0,13.800009923240955
NW150_FL350,2022-03-01 00:59:00.000000000,-3.491468425213449,50.87163617748502,10668.0,23841.928016066504,213.85162,0.258862598761343,0.44434864069109314,1.0,0.0,0.0,13.800004456466626
NW150_FL350,2022-03-01 01:00:00.000000000,-3.3473158711349957,50.956146985350514,10668.0,23841.928016066504,213.73395,0.26844796178739727,0.46115788511610106,1.0,0.0,0.0,13.799998839363584
NW150_FL350,2022-03-01 01:01:00.000000000,-3.201815162333295,51.03991604591398,10668.0,23841.928016066504,213.64005,0.27600660184346126,0.47443567064545084,1.0,0.0,0.0,13.799993126409735
NW150_FL350,2022-03-01 01:02:00.000000000,-3.0549670550937402,51.122933607024926,10668.0,23841.928016066504,213.5715,0.28036315244367455,0.4821404518788866,1.0,0.0,0.0,13.799987373795798
NW150_FL350,2022-03-01 01:03:00.000000000,-2.9067732000863327,51.20519026867862,10668.0,23841.928016066504,213.51031,0.28232011359879333,0.4857000640605498,1.0,0.0,0.0,13.799981638763203
NW150_FL350,2022-03-01 01:04:00.000000000,-2.75723613682413,51.28667700045241,10668.0,23841.928016066504,213.46199,0.2861260713798719,0.4924033120414527,1.0,0.0,0.0,13.799975978917063
NW150_FL350,2022-03-01 01:05:00.000000000,-2.6063592860038653,51.367385158347936,10668.0,23841.928016066504,213.41527,0.29243515878519455,0.5034138565954328,1.0,0.0,0.0,13.799970451534813
NW150_FL350,2022-03-01 01:06:00.000000000,-2.4541469397475377,51.44730650096773,10668.0,23841.928016066504,213.38356,0.29733141548689146,0.5119472192696989,1.0,0.0,0.0,13.799965112869177
NW150_FL350,2022-03-01 01:07:00.000000000,-2.300604249774821,51.526433204957165,10668.0,23841.928016066504,213.36423,0.30342022294151355,0.522497272661274,1.0,0.0,0.0,13.799960017463881
NW150_FL350,2022-03-01 01:08:00.000000000,-2.145737213549071,51.60475787964777,10668.0,23841.928016066504,213.35207,0.3068903394553924,0.5285143993864878,1.0,0.0,0.0,13.799955217494318
NW150_FL350,2022-03-01 01:09:00.000000000,-1.9895526584501013,51.682273580841326,10668.0,23841.928016066504,213.3338,0.3088503255364029,0.5319528082206738,1.0,0.0,0.0,13.799950762132118
NW150_FL350,2022-03-01 01:10:00.000000000,-1.832058224038491,51.758973823679455,10668.0,23841.928016066504,213.3243,0.30645951908235436,0.5278684312060286,1.0,0.0,0.0,13.799946696952656
NW150_FL350,2022-03-01 01:11:00.000000000,-1.6732623424866224,51.83485259454882,10668.0,23841.928016066504,213.3368,0.30070196756500617,0.5179090642562757,1.0,0.0,0.0,13.799943063395368
NW150_FL350,2022-03-01 01:12:00.000000000,-1.513174217261294,51.909904361977446,10668.0,23841.928016066504,213.33238,0.2953395755932682,0.508687220684062,1.0,0.0,0.0,13.799939898272926
NW150_FL350,2022-03-01 01:13:00.000000000,-1.3518038001522044,51.98412408648381,10668.0,23841.928016066504,213.32692,0.2876844375500296,0.49551973200609717,1.0,0.0,0.0,13.799939745243607
NW150_FL350,2022-03-01 01:14:00.000000000,-1.1891615462200298,52.057507082236924,10668.0,23841.928016066504,213.32231,0.28043547306944805,0.4830490279046224,1.0,0.0,0.0,13.800020924011612
NW150_FL350,2022-03-01 01:15:00.000000000,-1.0252518319892376,52.13004458185368,10668.0,23841.928016066504,213.29808,0.2740395162102331,0.472106821550268,1.0,0.0,0.0,13.800013978858964
NW150_FL350,2022-03-01 01:16:00.000000000,-0.8600941937770141,52.20173800568454,10668.0,23841.928016066504,213.26833,0.26779256452152184,0.46143360148216356,1.0,0.0,0.0,13.800007477983955
NW150_FL350,2022-03-01 01:17:00.000000000,-0.6937013373187131,52.27258437763797,10668.0,23841.928016066504,213.22821,0.2627621367539208,0.45288350158790863,1.0,0.0,0.0,13.800001452770012
NW150_FL350,2022-03-01 01:18:00.000000000,-0.5260865789675423,52.34258124591907,10668.0,23841.928016066504,213.18098,0.2580494150474195,0.4448980924735651,1.0,0.0,0.0,13.799995928589095
NW150_FL350,2022-03-01 01:19:00.000000000,-0.35726381511859207,52.4117266860437,10668.0,23841.928016066504,213.12045,0.2583366067040039,0.44556688116762433,1.0,0.0,0.0,13.79999092471825
NW150_FL350,2022-03-01 01:20:00.000000000,-0.1872474908346242,52.480019302721765,10668.0,23841.928016066504,213.05637,0.259999377834576,0.4486214483911434,1.0,0.0,0.0,13.799986454317708
NW150_FL350,2022-03-01 01:21:00.000000000,-0.0160525678074433,52.54745823062341,10668.0,23841.928016066504,212.99747,0.26384682745063504,0.45543347436238096,1.0,0.0,0.0,13.799982524503399
NW150_FL350,2022-03-01 01:22:00.000000000,0.15630550821031364,52.614043134048934,10668.0,23841.928016066504,212.92842,0.28190259516729876,0.48681614526234196,1.0,0.0,0.0,13.79997913648606
NW150_FL350,2022-03-01 01:23:00.000000000,0.329810840369795,52.67977420552756,10668.0,23841.928016066504,212.84648,0.29828069901474996,0.5153720843669632,1.0,0.0,0.0,13.799976285786364
NW150_FL350,2022-03-01 01:24:00.000000000,0.5044471139547051,52.74465216337665,10668.0,23841.928016066504,212.74939,0.31240526279439845,0.5401156604191427,1.0,0.0,0.0,13.799973962517008
NW150_FL350,2022-03-01 01:25:00.000000000,0.680197629744843,52.80867824825721,10668.0,23841.928016066504,212.67049,0.33566379266647806,0.5806199968741093,1.0,0.0,0.0,13.799972151720771
NW150_FL350,2022-03-01 01:26:00.000000000,0.857045337388637,52.8718542187659,10668.0,23841.928016066504,212.5889,0.3586279955268122,0.6206683943746962,1.0,0.0,0.0,13.799970833761792
NW150_FL350,2022-03-01 01:27:00.000000000,1.034972868662569,52.93418234610838,10668.0,23841.928016066504,212.50003,0.3831379779195809,0.6634660447012688,1.0,0.0,0.0,13.799969984769
NW150_FL350,2022-03-01 01:28:00.000000000,1.2139625705007244,52.99566540790184,10668.0,23841.928016066504,212.41966,0.4124086627689313,0.7145204434797549,1.0,0.0,0.0,13.799969577100743
NW150_FL350,2022-03-01 01:29:00.000000000,1.3939965376829655,53.056306681157686,10668.0,23841.928016066504,212.35979,0.43686153030606256,0.7571743202025922,1.0,0.0,0.0,13.799969579857322
NW150_FL350,2022-03-01 01:30:00.000000000,1.5750566450764563,53.11610993449817,10668.0,23841.928016066504,212.29745,0.4608317205898776,0.7990405097920293,1.0,0.0,0.0,13.799969959394309
NW150_FL350,2022-03-01 01:31:00.000000000,1.7571245793312809,53.17507941966272,10668.0,23841.928016066504,212.23148,0.4857180218510718,0.8425447033507601,1.0,0.0,0.0,13.799970679859165
NW150_FL350,2022-03-01 01:32:00.000000000,1.9401818699385918,53.23321986236095,10668.0,23841.928016066504,212.17358,0.5039849889764239,0.8745514879773468,1.0,0.0,0.0,13.799971703727884
NW150_FL350,2022-03-01 01:33:00.000000000,2.1242099195660367,53.29053645253109,10668.0,23841.928016066504,212.11699,0.5218279204283325,0.9058398479032373,1.0,0.0,0.0,13.799972992333837
NW150_FL350,2022-03-01 01:34:00.000000000,2.3091900335932243,53.34703483406254,10668.0,23841.928016066504,212.0588,0.5390862664595795,0.9361485373049012,1.0,0.0,0.0,13.799974506384897
NW150_FL350,2022-03-01 01:35:00.000000000,2.4951034487770922,53.402721094041766,10668.0,23841.928016066504,212.00636,0.5540881544308814,0.9625190787275326,1.0,0.0,0.0,13.799976206465772
NW150_FL350,2022-03-01 01:36:00.000000000,2.6819313609848683,53.457601751580526,10668.0,23841.928016066504,211.95651,0.5688194966347095,0.9884217833664427,1.0,0.0,0.0,13.799978053504757
NW150_FL350,2022-03-01 01:37:00.000000000,2.8696549519397707,53.511683746284476,10668.0,23841.928016066504,211.91281,0.5802944762260283,1.0086401762475392,1.0,1.0,1.0,13.799980009221503
NW150_FL350,2022-03-01 01:38:00.000000000,3.0582554149321086,53.56497442641937,10668.0,23841.928016066504,211.87369,0.5888600067219456,1.0237824678029934,1.0,1.0,1.0,13.799982036526542
NW150_FL350,2022-03-01 01:39:00.000000000,3.2477139794557783,53.61748153683056,10668.0,23841.928016066504,211.83969,0.5948975290764936,1.0344992502768915,1.0,1.0,1.0,13.799984099891018
NW150_FL350,2022-03-01 01:40:00.000000000,3.4380119347371982,53.6692132066701,10668.0,23841.928016066504,211.8091,0.5951718066840065,1.0351805635990503,1.0,1.0,1.0,13.799986165670656
NW150_FL350,2022-03-01 01:41:00.000000000,3.629130652131118,53.72017793698295,10668.0,23841.928016066504,211.77817,0.5959355116485245,1.0367094727777766,1.0,1.0,1.0,13.79998820237766
NW150_FL350,2022-03-01 01:42:00.000000000,3.821051606363487,53.770384588202695,10668.0,23841.928016066504,211.74783,0.5970394620039122,1.0388310290419907,1.0,1.0,1.0,13.799990180922991
NW150_FL350,2022-03-01 01:43:00.000000000,4.013756395608983,53.81984236760365,10668.0,23841.928016066504,211.72224,0.5975699919201765,1.0399212673394882,1.0,1.0,1.0,13.79999207479392
NW150_FL350,2022-03-01 01:44:00.000000000,4.207226760395775,53.868560816754226,10668.0,23841.928016066504,211.71077,0.5919724472325484,1.0302531703144195,1.0,1.0,1.0,13.79999386020077
NW150_FL350,2022-03-01 01:45:00.000000000,4.401444601336398,53.9165497990135,10668.0,23841.928016066504,211.69681,0.5858891371418574,1.0197593945615866,1.0,1.0,1.0,13.799995516168021
NW150_FL350,2022-03-01 01:46:00.000000000,4.59639199568854,53.96381948710966,10668.0,23841.928016066504,211.66933,0.5734113964152779,0.9982130220311595,1.0,0.0,0.0,13.799997024593432
NW150_FL350,2022-03-01 01:47:00.000000000,4.792051212754257,54.01038035083665,10668.0,23841.928016066504,211.62404,0.555220569062687,0.9668208534066286,1.0,0.0,0.0,13.799998370255315
NW150_FL350,2022-03-01 01:48:00.000000000,4.988404728130883,54.05624314490155,10668.0,23841.928016066504,211.56201,0.5410268949877958,0.9424737697858555,1.0,0.0,0.0,13.799999540791967
NW150_FL350,2022-03-01 01:49:00.000000000,5.185435236830494,54.101418896952666,10668.0,23841.928016066504,211.4704,0.5407674182435414,0.9425653857717761,1.0,0.0,0.0,13.800000526639762
NW150_FL350,2022-03-01 01:50:00.000000000,5.383125665288684,54.14591889581483,10668.0,23841.928016066504,211.37517,0.5452904332990557,0.9510154811317413,1.0,0.0,0.0,13.800001320950413
NW150_FL350,2022-03-01 01:51:00.000000000,5.581459182286482,54.18975467995547,10668.0,23841.928016066504,211.27292,0.5562010882698022,0.9706644082987428,1.0,0.0,0.0,13.800001919470516
NW150_FL350,2022-03-01 01:52:00.000000000,5.780419208811863,54.23293802620198,10668.0,23841.928016066504,211.17906,0.5714238921031584,0.9978208312110037,1.0,0.0,0.0,13.800002320404134
NW150_FL350,2022-03-01 01:53:00.000000000,5.979989426890096,54.27548093872749,10668.0,23841.928016066504,211.10037,0.586264553767068,1.0242371475874312,1.0,1.0,1.0,13.800002524262844
NW150_FL350,2022-03-01 01:54:00.000000000,6.180153787413816,54.31739563831984,10668.0,23841.928016066504,211.07185,0.5936179728970088,1.0372730608785075,1.0,1.0,1.0,13.800002533692991
NW150_FL350,2022-03-01 01:55:00.000000000,6.3808965170056196,54.35869455194499,10668.0,23841.928016066504,211.06981,0.5966367268725149,1.0425581275677007,1.0,1.0,1.0,13.800002353293928
NW150_FL350,2022-03-01 01:56:00.000000000,6.5822021239473365,54.399390302613654,10668.0,23841.928016066504,211.10489,0.59619823517729,1.041564594703581,1.0,1.0,1.0,13.80000198943833
NW150_FL350,2022-03-01 01:57:00.000000000,6.784055403211021,54.4394956995573,10668.0,23841.928016066504,211.1803,0.5933179378753828,1.0360431681957614,1.0,1.0,1.0,13.800001450080874
NW150_FL350,2022-03-01 01:58:00.000000000,6.986441440627737,54.479023728716754,10668.0,23841.928016066504,211.2594,0.5906714353547482,1.0309094358959572,1.0,1.0,1.0,13.800000744570198
NW150_FL350,2022-03-01 01:59:00.000000000,7.18934561623043,54.51798754354435,10668.0,23841.928016066504,211.35844,0.5844085060630622,1.019348889122217,1.0,1.0,1.0,13.799999883471097
NW150_FL350,2022-03-01 02:00:00.000000000,7.392753606807693,54.55640045611831,10668.0,23841.928016066504,211.46822,0.5759106821671575,1.0038349507010982,1.0,1.0,1.0,13.799998878381079
NW150_FL350,2022-03-01 02:01:00.000000000,7.596651387704953,54.594275928565615,10668.0,23841.928016066504,211.57208,0.5602466260210729,0.9758942310847124,1.0,0.0,0.0,13.799997741767196
NW150_FL350,2022-03-01 02:02:00.000000000,7.801025233909899,54.63162756478736,10668.0,23841.928016066504,211.66028,0.5408119155941403,0.9415162948571986,1.0,0.0,0.0,13.799996486806835
NW150_FL350,2022-03-01 02:03:00.000000000,8.005861720458118,54.66846910247922,10668.0,23841.928016066504,211.74155,0.5234085010362728,0.9107507114088744,1.0,0.0,0.0,13.799995127240448
NW150_FL350,2022-03-01 02:04:00.000000000,8.21114772219488,54.70481440543687,10668.0,23841.928016066504,211.79224,0.4944669608012284,0.8601149701053084,1.0,0.0,0.0,13.799993677240758
NW150_FL350,2022-03-01 02:05:00.000000000,8.416870412928134,54.74067745613532,10668.0,23841.928016066504,211.84695,0.4711456270040318,0.8192643374522964,1.0,0.0,0.0,13.799992151289874
NW150_FL350,2022-03-01 02:06:00.000000000,8.623017264007114,54.77607234856892,10668.0,23841.928016066504,211.90013,0.45015200657811416,0.7824952223944499,1.0,0.0,0.0,13.799990564074568
NW150_FL350,2022-03-01 02:07:00.000000000,8.829576042360262,54.81101328133762,10668.0,23841.928016066504,211.95337,0.4310109916289823,0.7489702089089865,1.0,0.0,0.0,13.799988930389441
NW150_FL350,2022-03-01 02:08:00.000000000,9.036534808025143,54.845514550963514,10668.0,23841.928016066504,212.01297,0.41517465176310986,0.7211781546335702,1.0,0.0,0.0,13.799987265057572
NW150_FL350,2022-03-01 02:09:00.000000000,9.243881911202225,54.87959054542058,10668.0,23841.928016066504,212.08139,0.40156268782469373,0.6972309236777189,1.0,0.0,0.0,13.799985582857834
NW150_FL350,2022-03-01 02:10:00.000000000,9.451605988863491,54.91325573785914,10668.0,23841.928016066504,212.15013,0.38967901057088433,0.6763013413507021,1.0,0.0,0.0,13.799983898464221
NW150_FL350,2022-03-01 02:11:00.000000000,9.659695960945642,54.94652468050605,10668.0,23841.928016066504,212.2187,0.386172172713256,0.669924086720144,1.0,0.0,0.0,13.799982226394873
NW150_FL350,2022-03-01 02:12:00.000000000,9.868141026157087,54.97941199871997,10668.0,23841.928016066504,212.27797,0.3847068306642706,0.66712863894119,1.0,0.0,0.0,8.717907553283178
NW150_FL350,2022-03-01 02:12:37.904240283,10.0,55.0,10668.0,23841.928016066504,212.31227,0.38297616129624157,0.6639818586578338,1.0,0.0,0.0,0.0
NW300_FL350,2022-03-01 00:00:00.000000000,-10.000000000000002,45.00000000000001,10668.0,23841.928016066504,212.79758,0.6919819882062457,1.195991555688355,1.0,1.0,1.0,13.800034843118594
NW300_FL350,2022-03-01 00:01:00.000000000,-9.948323151402047,45.11861698721326,10668.0,23841.928016066504,212.79575,0.6728998740118337,1.1630258504921778,1.0,1.0,1.0,13.800006665435859
NW300_FL350,2022-03-01 00:02:00.000000000,-9.896402137726424,45.2372040256995,10668.0,23841.928016066504,212.76999,0.6608516423857614,1.1423887392734842,1.0,1.0,1.0,13.799977763173437
NW300_FL350,2022-03-01 00:03:00.000000000,-9.844205048187119,45.355754336568715,10668.0,23841.928016066504,212.78465,0.6468066388975605,1.118005082420383,1.0,1.0,1.0,13.800003201880159
NW300_FL350,2022-03-01 00:04:00.000000000,-9.79169221545635,45.47425993803365,10668.0,23841.928016066504,212.79874,0.6336054075659068,1.0950878442090441,1.0,1.0,1.0,13.800019831035982
NW300_FL350,2022-03-01 00:05:00.000000000,-9.73883020753365,45.592713564836444,10668.0,23841.928016066504,212.88019,0.6134189583103824,1.0596413564683163,1.0,1.0,1.0,13.799990542186567
NW300_FL350,2022-03-01 00:06:00.000000000,-9.68559173693477,45.711108893423734,10668.0,23841.928016066504,212.97856,0.5911648361013087,1.0205511144754,1.0,1.0,1.0,13.799966575556896
NW300_FL350,2022-03-01 00:07:00.000000000,-9.631942676019541,45.82943851868831,10668.0,23841.928016066504,213.10905,0.5682691018639006,0.9801993108403128,1.0,0.0,0.0,13.800034470564826
NW300_FL350,2022-03-01 00:08:00.000000000,-9.577832641962,45.94769216492699,10668.0,23841.928016066504,213.25356,0.5449804788027326,0.9391463932849426,1.0,0.0,0.0,13.800004853679956
NW300_FL350,2022-03-01 00:09:00.000000000,-9.523242741476356,46.0658646319852,10668.0,23841.928016066504,213.39635,0.5194434959040797,0.8943072195072475,1.0,0.0,0.0,13.799975174589125
NW300_FL350,2022-03-01 00:10:00.000000000,-9.468138670649463,46.1839481275579,10668.0,23841.928016066504,213.53389,0.49116590683878597,0.8448638080764522,1.0,0.0,0.0,13.799996337513656
NW300_FL350,2022-03-01 00:11:00.000000000,-9.412475134560134,46.30193273606196,10668.0,23841.928016066504,213.64597,0.4647036750202314,0.7987606608370053,1.0,0.0,0.0,13.80002177829723
NW300_FL350,2022-03-01 00:12:00.000000000,-9.356214232217248,46.41980959140651,10668.0,23841.928016066504,213.73581,0.4397720921135666,0.755461845477829,1.0,0.0,0.0,13.799991978487872
NW300_FL350,2022-03-01 00:13:00.000000000,-9.299331078055891,46.53757207105862,10668.0,23841.928016066504,213.80168,0.41956046670024993,0.720428330865819,1.0,0.0,0.0,13.79996288903523
NW300_FL350,2022-03-01 00:14:00.000000000,-9.2417896335749,46.65521139046437,10668.0,23841.928016066504,213.83029,0.4073501836111098,0.6993320584815335,1.0,0.0,0.0,13.800017586397669
NW300_FL350,2022-03-01 00:15:00.000000000,-9.183533336757865,46.77271458254579,10668.0,23841.928016066504,213.85023,0.3988137159790547,0.6845865061791274,1.0,0.0,0.0,13.800012642606154
NW300_FL350,2022-03-01 00:16:00.000000000,-9.124537269676559,46.8900744241367,10668.0,23841.928016066504,213.83719,0.4000484920169411,0.6867648139668145,1.0,0.0,0.0,13.799983478538548
NW300_FL350,2022-03-01 00:17:00.000000000,-9.06476959695927,47.00728223711839,10668.0,23841.928016066504,213.84418,0.39894559981347677,0.6848411435959749,1.0,0.0,0.0,13.799955874461615
NW300_FL350,2022-03-01 00:18:00.000000000,-9.004192371172094,47.124327917170994,10668.0,23841.928016066504,213.89088,0.39585769661894815,0.6793302133241189,1.0,0.0,0.0,13.800022795812414
NW300_FL350,2022-03-01 00:19:00.000000000,-8.942742331284771,47.241195837621795,10668.0,23841.928016066504,213.96507,0.3897810269251287,0.6685760393123559,1.0,0.0,0.0,13.80000943014113
NW300_FL350,2022-03-01 00:20:00.000000000,-8.880399361758288,47.35787881023055,10668.0,23841.928016066504,213.9888,0.38625131973241905,0.662417646240992,1.0,0.0,0.0,13.79998144097103
NW300_FL350,2022-03-01 00:21:00.000000000,-8.81712804662872,47.47436632203423,10668.0,23841.928016066504,214.0559,0.3771286639261096,0.6464877427229799,1.0,0.0,0.0,13.799955751288898
NW300_FL350,2022-03-01 00:22:00.000000000,-8.752888484884062,47.59064660231162,10668.0,23841.928016066504,214.14452,0.36443057191791334,0.6243545966636541,1.0,0.0,0.0,13.79999974357544
NW300_FL350,2022-03-01 00:23:00.000000000,-8.687621184744504,47.70670318021615,10668.0,23841.928016066504,214.22151,0.3507703191997868,0.6006443770330469,1.0,0.0,0.0,13.800014603485252
NW300_FL350,2022-03-01 00:24:00.000000000,-8.6212916133352,47.822524520353284,10668.0,23841.928016066504,214.3238,0.3344200069131804,0.5722583728209075,1.0,0.0,0.0,13.799987752859257
NW300_FL350,2022-03-01 00:25:00.000000000,-8.553869741791866,47.93809981100981,10668.0,23841.928016066504,214.44316,0.3173212170136103,0.5425702660532032,1.0,0.0,0.0,13.79996366704769
NW300_FL350,2022-03-01 00:26:00.000000000,-8.485313856181833,48.05341525950304,10668.0,23841.928016066504,214.57062,0.29948738832848876,0.5116410674280076,1.0,0.0,0.0,13.799942842235483
NW300_FL350,2022-03-01 00:27:00.000000000,-8.415581801578655,48.16845651097662,10668.0,23841.928016066504,214.6833,0.28316517883892073,0.4833935098709299,1.0,0.0,0.0,13.800016914087612
NW300_FL350,2022-03-01 00:28:00.000000000,-8.344603841813232,48.28320205518647,10668.0,23841.928016066504,214.79053,0.2681191535263396,0.457379465424329,1.0,0.0,0.0,13.800004972425114
NW300_FL350,2022-03-01 00:29:00.000000000,-8.272359617391693,48.397641532390416,10668.0,23841.928016066504,214.89635,0.25293184924136414,0.43116604124280405,1.0,0.0,0.0,13.799981440007572
NW300_FL350,2022-03-01 00:30:00.000000000,-8.198809767667017,48.511759680983936,10668.0,23841.928016066504,214.99811,0.2386082096346829,0.4064712627632206,1.0,0.0,0.0,13.799961128930406
NW300_FL350,2022-03-01 00:31:00.000000000,-8.123910851857396,48.62553969747014,10668.0,23841.928016066504,215.09628,0.22620439919389654,0.3850866642716209,1.0,0.0,0.0,13.79994434951923
NW300_FL350,2022-03-01 00:32:00.000000000,-8.047619175060253,48.73896411389615,10668.0,23841.928016066504,215.20024,0.21513278878427314,0.36598177630116324,1.0,0.0,0.0,13.799949522704459
NW300_FL350,2022-03-01 00:33:00.000000000,-7.969885434552368,48.85201334557368,10668.0,23841.928016066504,215.25616,0.20309467333459993,0.3453720170109395,1.0,0.0,0.0,13.800014181102688
NW300_FL350,2022-03-01 00:34:00.000000000,-7.890648069563789,48.96466371012504,10668.0,23841.928016066504,215.29556,0.19088119097375758,0.324515860215304,1.0,0.0,0.0,13.799992650903825
NW300_FL350,2022-03-01 00:35:00.000000000,-7.809886021383044,49.076901625594274,10668.0,23841.928016066504,215.31537,0.18125074713593808,0.30810218814724766,1.0,0.0,0.0,13.799974108707389
NW300_FL350,2022-03-01 00:36:00.000000000,-7.727555347093408,49.1887068387166,10668.0,23841.928016066504,215.3229,0.17322742796204335,0.29444830976780845,1.0,0.0,0.0,13.799958655833514
NW300_FL350,2022-03-01 00:37:00.000000000,-7.643612181951804,49.30005836390617,10668.0,23841.928016066504,215.33923,0.1672117573935867,0.2841910960866424,1.0,0.0,0.0,13.799946336900428
NW300_FL350,2022-03-01 00:38:00.000000000,-7.558012825338964,49.41093447592809,10668.0,23841.928016066504,215.36926,0.16228181877116457,0.27575666521872166,1.0,0.0,0.0,13.799937139245799
NW300_FL350,2022-03-01 00:39:00.000000000,-7.470713833585899,49.52131270557739,10668.0,23841.928016066504,215.4025,0.15786021980539036,0.26818303364994295,1.0,0.0,0.0,13.799930993467326
NW300_FL350,2022-03-01 00:40:00.000000000,-7.381672119623329,49.63116983869982,10668.0,23841.928016066504,215.47612,0.15306279303702275,0.259903232260246,1.0,0.0,0.0,13.799935080408797
NW300_FL350,2022-03-01 00:41:00.000000000,-7.290842991180416,49.740481273968314,10668.0,23841.928016066504,215.54329,0.14908560669112145,0.25303396488786917,1.0,0.0,0.0,13.79999350665374
NW300_FL350,2022-03-01 00:42:00.000000000,-7.198169519410879,49.84921753340485,10668.0,23841.928016066504,215.66237,0.14358257504714128,0.24349635160969604,1.0,0.0,0.0,13.799978927303988
NW300_FL350,2022-03-01 00:43:00.000000000,-7.103628498314238,49.95735875096998,10668.0,23841.928016066504,215.77325,0.13810791607864417,0.23403544477649618,1.0,0.0,0.0,13.799966433137888
NW300_FL350,2022-03-01 00:44:00.000000000,-7.0071795140932345,50.06487885572919,10668.0,23841.928016066504,215.87584,0.13321450515047323,0.22558446512811423,1.0,0.0,0.0,13.79995586908043
NW300_FL350,2022-03-01 00:45:00.000000000,-6.9087830925656055,50.171751090152405,10668.0,23841.928016066504,215.97664,0.12836009714646138,0.21721411439120306,1.0,0.0,0.0,13.799947052381834
NW300_FL350,2022-03-01 00:46:00.000000000,-6.808400832996052,50.27794803570585,10668.0,23841.928016066504,216.07225,0.12386520296247469,0.209469884271343,1.0,0.0,0.0,13.799939778560672
NW300_FL350,2022-03-01 00:47:00.000000000,-6.705995546066805,50.38344164394248,10668.0,23841.928016066504,216.15636,0.12007480683814249,0.20294341965249393,1.0,0.0,0.0,13.799933827852389
NW300_FL350,2022-03-01 00:48:00.000000000,-6.601531395219343,50.48820327332102,10668.0,23841.928016066504,216.23753,0.11633479010404144,0.19651166168597095,1.0,0.0,0.0,13.799928972027583
NW300_FL350,2022-03-01 00:49:00.000000000,-6.494974040497284,50.592203731941304,10668.0,23841.928016066504,216.29228,0.11320748688594867,0.19115713253460803,1.0,0.0,0.0,13.799924981403041
NW300_FL350,2022-03-01 00:50:00.000000000,-6.386290783920157,50.69541332633463,10668.0,23841.928016066504,216.32999,0.11005768215875823,0.18578988881741,1.0,0.0,0.0,13.799921631877607
NW300_FL350,2022-03-01 00:51:00.000000000,-6.2754507153220995,50.797801916390625,10668.0,23841.928016066504,216.36354,0.10714651840466194,0.1808335093148438,1.0,0.0,0.0,13.799918711778243
NW300_FL350,2022-03-01 00:52:00.000000000,-6.162424857501622,50.89933897643868,10668.0,23841.928016066504,216.38533,0.10477966502508262,0.17681223903200818,1.0,0.0,0.0,13.799916028361567
NW300_FL350,2022-03-01 00:53:00.000000000,-6.0471863094495175,50.99999366243146,10668.0,23841.928016066504,216.40164,0.10220616413705771,0.17245017845298172,1.0,0.0,0.0,13.799913413752241
NW300_FL350,2022-03-01 00:54:00.000000000,-5.929710386355748,51.099734885102215,10668.0,23841.928016066504,216.45102,0.10075025039167611,0.16993569639403747,1.0,0.0,0.0,13.799910730138198
NW300_FL350,2022-03-01 00:55:00.000000000,-5.8099747550443395,51.19853138888636,10668.0,23841.928016066504,216.50192,0.09903261190246795,0.166979652750884,1.0,0.0,0.0,13.799907874076975
NW300_FL350,2022-03-01 00:56:00.000000000,-5.687959563450105,51.296351836313654,10668.0,23841.928016066504,216.55794,0.09760600531777681,0.1645099094466363,1.0,0.0,0.0,13.79990477972228
NW300_FL350,2022-03-01 00:57:00.000000000,-5.56364756273571,51.39316489749046,10668.0,23841.928016066504,216.62704,0.09634043938810288,0.16229918452397182,1.0,0.0,0.0,13.799901420893251
NW300_FL350,2022-03-01 00:58:00.000000000,-5.4370242206528845,51.48893934420452,10668.0,23841.928016066504,216.69234,0.09512526714543233,0.16017942764187948,1.0,0.0,0.0,13.799897811846515
NW300_FL350,2022-03-01 00:59:00.000000000,-5.308077824779514,51.583644148098536,10668.0,23841.928016066504,216.75978,0.09506685891545089,0.16000585940195658,1.0,0.0,0.0,13.799894006728076
NW300_FL350,2022-03-01 01:00:00.000000000,-5.176799574316013,51.67724858227623,10668.0,23841.928016066504,216.84279,0.09445199522302344,0.15887866885653548,1.0,0.0,0.0,13.799890097668875
NW300_FL350,2022-03-01 01:01:00.000000000,-5.043183659200432,51.76972232562682,10668.0,23841.928016066504,216.90834,0.09414336137077843,0.15828706112383903,1.0,0.0,0.0,13.799886211544619
NW300_FL350,2022-03-01 01:02:00.000000000,-4.907227325401263,51.8610355690834,10668.0,23841.928016066504,216.95398,0.09443921301679571,0.15873391241119728,1.0,0.0,0.0,13.799882505488926
NW300_FL350,2022-03-01 01:03:00.000000000,-4.768930925370678,51.95115912296934,10668.0,23841.928016066504,217.00552,0.09430708724340729,0.15845463112134955,1.0,0.0,0.0,13.799879161238978
NW300_FL350,2022-03-01 01:04:00.000000000,-4.628297952786058,52.04006452453659,10668.0,23841.928016066504,217.06783,0.09374204908435169,0.15743661718545127,1.0,0.0,0.0,13.79987637850337
NW300_FL350,2022-03-01 01:05:00.000000000,-4.485335060872928,52.127724144762055,10668.0,23841.928016066504,217.11841,0.09352990833319284,0.15702454987394684,1.0,0.0,0.0,13.799874367506506
NW300_FL350,2022-03-01 01:06:00.000000000,-4.340052063785224,52.214111293444496,10668.0,23841.928016066504,217.13203,0.09408891432604531,0.15794833012442264,1.0,0.0,0.0,13.799875260345667
NW300_FL350,2022-03-01 01:07:00.000000000,-4.192461576710146,52.299200123019176,10668.0,23841.928016066504,217.13791,0.09443109123809829,0.15851571484185872,1.0,0.0,0.0,13.799958362399373
NW300_FL350,2022-03-01 01:08:00.000000000,-4.042565505808821,52.382957721133714,10668.0,23841.928016066504,217.1399,0.0946677831362213,0.15891116404600972,1.0,0.0,0.0,13.79994634307932
NW300_FL350,2022-03-01 01:09:00.000000000,-3.8903976137133776,52.4653690353782,10668.0,23841.928016066504,217.13445,0.09495386095875875,0.1593972226119701,1.0,0.0,0.0,13.799934758524605
NW300_FL350,2022-03-01 01:10:00.000000000,-3.7359801900362437,52.5464122011229,10668.0,23841.928016066504,217.11572,0.09518211259235211,0.1598012778388792,1.0,0.0,0.0,13.799923893437573
NW300_FL350,2022-03-01 01:11:00.000000000,-3.5793384277428935,52.62606676530347,10668.0,23841.928016066504,217.0927,0.09547727874386634,0.1603230223353016,1.0,0.0,0.0,13.799914005702364
NW300_FL350,2022-03-01 01:12:00.000000000,-3.420500321548006,52.70431376094036,10668.0,23841.928016066504,217.09412,0.09572556995222475,0.16073809038922376,1.0,0.0,0.0,13.799905318758915
NW300_FL350,2022-03-01 01:13:00.000000000,-3.2594965516209413,52.78113577383572,10668.0,23841.928016066504,217.11032,0.09565371518024468,0.16059928354493835,1.0,0.0,0.0,13.799898015093248
NW300_FL350,2022-03-01 01:14:00.000000000,-3.0963603537213,52.85651700087687,10668.0,23841.928016066504,217.12183,0.09580577466050803,0.16084141314482545,1.0,0.0,0.0,13.799892231080968
NW300_FL350,2022-03-01 01:15:00.000000000,-2.93112737703906,52.93044329948208,10668.0,23841.928016066504,217.12418,0.09593331833869308,0.1610533305146887,1.0,0.0,0.0,13.79988805331851
NW300_FL350,2022-03-01 01:16:00.000000000,-2.7638355311439367,53.00290222783783,10668.0,23841.928016066504,217.11826,0.09571749859645313,0.16069750770084035,1.0,0.0,0.0,13.799885516550193
NW300_FL350,2022-03-01 01:17:00.000000000,-2.594524823554262,53.07388307569488,10668.0,23841.928016066504,217.06525,0.09635441977271955,0.1618268702669007,1.0,0.0,0.0,13.799884603266875
NW300_FL350,2022-03-01 01:18:00.000000000,-2.4232371895126836,53.14337688560977,10668.0,23841.928016066504,217.0022,0.09713803933310139,0.16321491653528036,1.0,0.0,0.0,13.799885244947372
NW300_FL350,2022-03-01 01:19:00.000000000,-2.250016315606625,53.21137646463753,10668.0,23841.928016066504,216.93124,0.0979949543673191,0.16473644068453017,1.0,0.0,0.0,13.799887324900999
NW300_FL350,2022-03-01 01:20:00.000000000,-2.0749074588928185,53.277876386596866,10668.0,23841.928016066504,216.81013,0.09999245173140477,0.16823684430638208,1.0,0.0,0.0,13.799890682600761
NW300_FL350,2022-03-01 01:21:00.000000000,-1.8979572631798203,53.34287298513899,10668.0,23841.928016066504,216.69902,0.10206360496221432,0.17185439594560903,1.0,0.0,0.0,13.799895119344866
NW300_FL350,2022-03-01 01:22:00.000000000,-1.719213574090673,53.406364337953896,10668.0,23841.928016066504,216.60107,0.10433904493806413,0.17580563147684855,1.0,0.0,0.0,13.799900405062836
NW300_FL350,2022-03-01 01:23:00.000000000,-1.538725254472115,53.46835024254097,10668.0,23841.928016066504,216.53572,0.10636846437133259,0.1793062256542052,1.0,0.0,0.0,13.79990628602072
NW300_FL350,2022-03-01 01:24:00.000000000,-1.356542001638573,53.52883218405242,10668.0,23841.928016066504,216.47325,0.10783970080858353,0.18186516174249495,1.0,0.0,0.0,13.79991249319038
NW300_FL350,2022-03-01 01:25:00.000000000,-1.172714167843412,53.58781329578929,10668.0,23841.928016066504,216.40376,0.1096984083917867,0.18508931325531716,1.0,0.0,0.0,13.799918750991056
NW300_FL350,2022-03-01 01:26:00.000000000,-0.9872925852565602,53.64529831298643,10668.0,23841.928016066504,216.32123,0.11172962630483578,0.18862375578635288,1.0,0.0,0.0,13.799924786167315
NW300_FL350,2022-03-01 01:27:00.000000000,-0.800328396603329,53.7012935205683,10668.0,23841.928016066504,216.23804,0.11376676897079138,0.1921732725587451,1.0,0.0,0.0,13.79993033648061
NW300_FL350,2022-03-01 01:28:00.000000000,-0.6118728924847379,53.75580669558846,10668.0,23841.928016066504,216.15297,0.11577022466049258,0.19567224923165297,1.0,0.0,0.0,13.799935159022626
NW300_FL350,2022-03-01 01:29:00.000000000,-0.42197735625945404,53.80884704508488,10668.0,23841.928016066504,216.06508,0.11818047474831044,0.19986668506801542,1.0,0.0,0.0,13.799939037850189
NW300_FL350,2022-03-01 01:30:00.000000000,-0.23069291722504956,53.86042514008997,10668.0,23841.928016066504,215.98029,0.11971123017264405,0.2025735448653709,1.0,0.0,0.0,13.79994179078318
NW300_FL350,2022-03-01 01:31:00.000000000,-0.03807041269302599,53.910552846529505,10668.0,23841.928016066504,215.89351,0.12060912714547999,0.20421391220567453,1.0,0.0,0.0,13.799943275155096
NW300_FL350,2022-03-01 01:32:00.000000000,0.1558397405871601,53.95924325373014,10668.0,23841.928016066504,215.74861,0.12379244848592647,0.2098114994644274,1.0,0.0,0.0,13.799943392385876
NW300_FL350,2022-03-01 01:33:00.000000000,0.35098766533486897,54.00651060123104,10668.0,23841.928016066504,215.57751,0.12793498636901837,0.21708581297221985,1.0,0.0,0.0,13.799942091276058
NW300_FL350,2022-03-01 01:34:00.000000000,0.5473241327828376,54.05237020456364,10668.0,23841.928016066504,215.38327,0.13393068188648996,0.22755951335609118,1.0,0.0,0.0,13.799939369947783
NW300_FL350,2022-03-01 01:35:00.000000000,0.7448006617853401,54.09683838062501,10668.0,23841.928016066504,215.16151,0.14375645035318094,0.24462077564419077,1.0,0.0,0.0,13.79993527641069
NW300_FL350,2022-03-01 01:36:00.000000000,0.943369608024376,54.139932373227055,10668.0,23841.928016066504,214.93938,0.15783750663851942,0.26898368648515014,1.0,0.0,0.0,13.799929907760507
NW300_FL350,2022-03-01 01:37:00.000000000,1.142984243446075,54.18167027935618,10668.0,23841.928016066504,214.70346,0.17590248324631427,0.3002439629210648,1.0,0.0,0.0,13.799923408062723
NW300_FL350,2022-03-01 01:38:00.000000000,1.3435988261461758,54.22207097662803,10668.0,23841.928016066504,214.46501,0.19731307912504734,0.33732477116248644,1.0,0.0,0.0,13.799915964977409
NW300_FL350,2022-03-01 01:39:00.000000000,1.545168660997899,54.26115405237014,10668.0,23841.928016066504,214.2301,0.22147298270321164,0.3792195259917805,1.0,0.0,0.0,13.799907805259913
NW300_FL350,2022-03-01 01:40:00.000000000,1.7476501513793214,54.298939734713336,10668.0,23841.928016066504,213.99664,0.2492278722730077,0.4274022833452271,1.0,0.0,0.0,13.799905225618216
NW300_FL350,2022-03-01 01:41:00.000000000,1.951001321706038,54.3354480988425,10668.0,23841.928016066504,213.78658,0.27852091563237014,0.4782961821615469,1.0,0.0,0.0,13.80003550067695
NW300_FL350,2022-03-01 01:42:00.000000000,2.1551912888926434,54.370684072582705,10668.0,23841.928016066504,213.57365,0.3108804904343612,0.5346135798785485,1.0,0.0,0.0,13.80001194060027
NW300_FL350,2022-03-01 01:43:00.000000000,2.3601687814981553,54.404685818447064,10668.0,23841.928016066504,213.36847,0.34620542159637036,0.596158835531038,1.0,0.0,0.0,13.799988050689471
NW300_FL350,2022-03-01 01:44:00.000000000,2.5658948749977406,54.43747558046449,10668.0,23841.928016066504,213.1694,0.38484047646616276,0.6635453249053073,1.0,0.0,0.0,13.799964294443889
NW300_FL350,2022-03-01 01:45:00.000000000,2.772331890772268,54.46907594249486,10668.0,23841.928016066504,212.99384,0.4238139787140102,0.7315734913550291,1.0,0.0,0.0,13.79994113566568
NW300_FL350,2022-03-01 01:46:00.000000000,2.9794434044374127,54.49950977601977,10668.0,23841.928016066504,212.86584,0.45090255332330287,0.7789775716507358,1.0,0.0,0.0,13.799919029035573
NW300_FL350,2022-03-01 01:47:00.000000000,3.1871942485890172,54.528800191289015,10668.0,23841.928016066504,212.71779,0.48163107813571343,0.8328581873964955,1.0,0.0,0.0,13.799903858262315
NW300_FL350,2022-03-01 01:48:00.000000000,3.395550879759554,54.55696978407656,10668.0,23841.928016066504,212.58798,0.5015275351498333,0.8679850676670753,1.0,0.0,0.0,13.800055039082034
NW300_FL350,2022-03-01 01:49:00.000000000,3.604491615359623,54.58402008165235,10668.0,23841.928016066504,212.47157,0.5146458137724603,0.8913574308383381,1.0,0.0,0.0,13.800015441936033
NW300_FL350,2022-03-01 01:50:00.000000000,3.8139728517228146,54.60999719041869,10668.0,23841.928016066504,212.36342,0.5268207395189644,0.9130747815468051,1.0,0.0,0.0,13.799978645815921
NW300_FL350,2022-03-01 01:51:00.000000000,4.023964354506401,54.63492486350083,10668.0,23841.928016066504,212.27045,0.5379644803342656,0.9329407346380345,1.0,0.0,0.0,13.799945081809751
NW300_FL350,2022-03-01 01:52:00.000000000,4.234437101686992,54.658826899104795,10668.0,23841.928016066504,212.1736,0.5483797577789197,0.9515902497151337,1.0,0.0,0.0,13.799915120264668
NW300_FL350,2022-03-01 01:53:00.000000000,4.445363262970964,54.68172711119074,10668.0,23841.928016066504,212.09898,0.5419458581002318,0.9408716071798896,1.0,0.0,0.0,13.800015788586125
NW300_FL350,2022-03-01 01:54:00.000000000,4.65672372489985,54.70363128764721,10668.0,23841.928016066504,212.0089,0.5352625851921553,0.9298006169591166,1.0,0.0,0.0,13.800026752290783
NW300_FL350,2022-03-01 01:55:00.000000000,4.868487720428609,54.7245739875963,10668.0,23841.928016066504,211.89055,0.5298163282756873,0.9210328620620769,1.0,0.0,0.0,13.799983572061933
NW300_FL350,2022-03-01 01:56:00.000000000,5.080627538644073,54.74458663851475,10668.0,23841.928016066504,211.7539,0.5268346959877106,0.9166407544570181,1.0,0.0,0.0,13.799945817559948
NW300_FL350,2022-03-01 01:57:00.000000000,5.293119881497206,54.763692990803875,10668.0,23841.928016066504,211.61028,0.5295259934267637,0.9221581382122662,1.0,0.0,0.0,13.799938516635832
NW300_FL350,2022-03-01 01:58:00.000000000,5.505943868646182,54.78191294381553,10668.0,23841.928016066504,211.44579,0.5424179351370739,0.9455877210531103,1.0,0.0,0.0,13.800050656767903
NW300_FL350,2022-03-01 01:59:00.000000000,5.719084419011531,54.79925175731836,10668.0,23841.928016066504,211.29036,0.5558403128186263,0.9699318720908684,1.0,0.0,0.0,13.800003204209666
NW300_FL350,2022-03-01 02:00:00.000000000,5.932512825652237,54.81575578710652,10668.0,23841.928016066504,211.1661,0.5712808526523321,0.9976548810562761,1.0,0.0,0.0,13.799962666862402
NW300_FL350,2022-03-01 02:01:00.000000000,6.1462099113233615,54.83144846222197,10668.0,23841.928016066504,211.08392,0.5817493435618162,1.0164547082311712,1.0,1.0,1.0,13.799932359184918
NW300_FL350,2022-03-01 02:02:00.000000000,6.3601576187555455,54.846352522537195,10668.0,23841.928016066504,211.03433,0.5872207972203475,1.0263336231482714,1.0,1.0,1.0,13.800051701259331
NW300_FL350,2022-03-01 02:03:00.000000000,6.574345601833692,54.860467055141825,10668.0,23841.928016066504,211.02156,0.5897316125611807,1.030804848680702,1.0,1.0,1.0,13.80000554177809
NW300_FL350,2022-03-01 02:04:00.000000000,6.788749289172524,54.87384091232076,10668.0,23841.928016066504,211.05661,0.5901276618591814,1.0312700519109854,1.0,1.0,1.0,13.799967129490193
NW300_FL350,2022-03-01 02:05:00.000000000,7.0033531669792195,54.88649708306962,10668.0,23841.928016066504,211.11795,0.589172784565548,1.0292062075108226,1.0,1.0,1.0,13.799960623388825
NW300_FL350,2022-03-01 02:06:00.000000000,7.218143656439326,54.89845407593597,10668.0,23841.928016066504,211.21829,0.5847430253242458,1.0208269420528375,1.0,1.0,1.0,13.8000381484042
NW300_FL350,2022-03-01 02:07:00.000000000,7.433110284466571,54.90971982486474,10668.0,23841.928016066504,211.32574,0.5802432789066253,1.0122897117176894,1.0,1.0,1.0,13.799997707739267
NW300_FL350,2022-03-01 02:08:00.000000000,7.648234507949747,54.92033751497244,10668.0,23841.928016066504,211.43079,0.5704569034514233,0.9945613678042264,1.0,0.0,0.0,13.799965046205028
NW300_FL350,2022-03-01 02:09:00.000000000,7.863504016276233,54.93032968835278,10668.0,23841.928016066504,211.52971,0.5582837239051301,0.9727325077652612,1.0,0.0,0.0,13.799998359184581
NW300_FL350,2022-03-01 02:10:00.000000000,8.078909613694025,54.93970734956771,10668.0,23841.928016066504,211.6168,0.541861566832541,0.9436035165240301,1.0,0.0,0.0,13.800019524346945
NW300_FL350,2022-03-01 02:11:00.000000000,8.294439602046854,54.94849485749177,10668.0,23841.928016066504,211.68892,0.5183168894086514,0.9021920448458014,1.0,0.0,0.0,13.799987344744515
NW300_FL350,2022-03-01 02:12:00.000000000,8.51008135994762,54.95672549342708,10668.0,23841.928016066504,211.75717,0.49465655832914784,0.8606371110353761,1.0,0.0,0.0,13.799962217577544
NW300_FL350,2022-03-01 02:13:00.000000000,8.725825342473327,54.96442143190606,10668.0,23841.928016066504,211.82161,0.46803961517307596,0.8139954614688539,1.0,0.0,0.0,13.800030591944905
NW300_FL350,2022-03-01 02:14:00.000000000,8.941665815844612,54.97158610280672,10668.0,23841.928016066504,211.89229,0.443882663159513,0.7716351913499643,1.0,0.0,0.0,13.800003074592663
NW300_FL350,2022-03-01 02:15:00.000000000,9.157590658160426,54.97826150894907,10668.0,23841.928016066504,211.97011,0.4211729371517917,0.7317976728559255,1.0,0.0,0.0,13.799979693093027
NW300_FL350,2022-03-01 02:16:00.000000000,9.373592057318856,54.984470163858454,10668.0,23841.928016066504,212.05156,0.4031984573105317,0.70020276269544,1.0,0.0,0.0,13.799998894018712
NW300_FL350,2022-03-01 02:17:00.000000000,9.58966406355943,54.990225655978996,10668.0,23841.928016066504,212.13544,0.39235480321228455,0.6810091525065853,1.0,0.0,0.0,13.800013114578606
NW300_FL350,2022-03-01 02:18:00.000000000,9.805799607243536,54.995551318891,10668.0,23841.928016066504,212.21718,0.3873332686531222,0.6719427288501867,1.0,0.0,0.0,12.396422411584279
NW300_FL350,2022-03-01 02:18:53.897617080,9.999999999999996,55.0,10668.0,23841.928016066504,212.28018,0.38495845885932284,0.6675552764249216,1.0,0.0,0.0,0.0
SE300_FL360,2022-03-01 00:00:00.000000000,-10.000000000000002,45.00000000000001,10972.8,22728.94085815235,211.58328,0.6320578049521836,1.1009019574927819,1.0,1.0,1.0,13.800115027908165
SE300_FL360,2022-03-01 00:01:00.000000000,-9.832634228109365,45.0374989777726,10972.8,22728.94085815235,211.4318,0.6403699256209614,1.1164436535428965,1.0,1.0,1.0,13.800020549916326
SE300_FL360,2022-03-01 00:02:00.000000000,-9.665061957945106,45.074778023133646,10972.8,22728.94085815235,211.28854,0.6450622769521379,1.125635693829843,1.0,1.0,1.0,13.799927543731021
SE300_FL360,2022-03-01 00:03:00.000000000,-9.497293172355167,45.111857647020635,10972.8,22728.94085815235,211.1675,0.6446269662808599,1.125728338091328,1.0,1.0,1.0,13.800010362739226
SE300_FL360,2022-03-01 00:04:00.000000000,-9.329333869699752,45.148755048499964,10972.8,22728.94085815235,211.07986,0.650261201897845,1.1361891025158615,1.0,1.0,1.0,13.8000625389665
SE300_FL360,2022-03-01 00:05:00.000000000,-9.161195059406664,45.18549293097829,10972.8,22728.94085815235,210.9963,0.6599884916078598,1.1537895501937232,1.0,1.0,1.0,13.799971646306037
SE300_FL360,2022-03-01 00:06:00.000000000,-8.992889620285059,45.222095268527376,10972.8,22728.94085815235,210.91222,0.6737408725748668,1.178448018911251,1.0,1.0,1.0,13.799899873840282
SE300_FL360,2022-03-01 00:07:00.000000000,-8.824426642306625,45.25858271091628,10972.8,22728.94085815235,210.88243,0.6788200013568191,1.187553356815647,1.0,1.0,1.0,13.800105239252431
SE300_FL360,2022-03-01 00:08:00.000000000,-8.65581080706178,45.2949740113112,10972.8,22728.94085815235,210.84105,0.6862991855417685,1.20094534871863,1.0,1.0,1.0,13.80001760658135
SE300_FL360,2022-03-01 00:09:00.000000000,-8.487057177228046,45.3312945416673,10972.8,22728.94085815235,210.78494,0.6970567937055746,1.2201929498435227,1.0,1.0,1.0,13.79993231818943
SE300_FL360,2022-03-01 00:10:00.000000000,-8.31817494269894,45.36756551489382,10972.8,22728.94085815235,210.73839,0.7103140665752022,1.2437592905578987,1.0,1.0,1.0,13.799993838825486
SE300_FL360,2022-03-01 00:11:00.000000000,-8.149171301625014,45.4038082101483,10972.8,22728.94085815235,210.66809,0.7097328811779371,1.2432852503011174,1.0,1.0,1.0,13.80006634186223
SE300_FL360,2022-03-01 00:12:00.000000000,-7.980055881015995,45.44004548033964,10972.8,22728.94085815235,210.58408,0.701447006863864,1.229407598061205,1.0,1.0,1.0,13.799985579438726
SE300_FL360,2022-03-01 00:13:00.000000000,-7.81084018030542,45.47629954581915,10972.8,22728.94085815235,210.50975,0.6949916020153674,1.2186558959991067,1.0,1.0,1.0,13.799907812990368
SE300_FL360,2022-03-01 00:14:00.000000000,-7.64153340621131,45.51259224345501,10972.8,22728.94085815235,210.42245,0.6818593976192958,1.1962762798235924,1.0,1.0,1.0,13.80005343805641
SE300_FL360,2022-03-01 00:15:00.000000000,-7.472142889633564,45.54894792999821,10972.8,22728.94085815235,210.33818,0.6659709493146784,1.1690055783386357,1.0,1.0,1.0,13.800042769194542
SE300_FL360,2022-03-01 00:16:00.000000000,-7.30268005570596,45.58538865893594,10972.8,22728.94085815235,210.2897,0.6593676833547021,1.157761677995295,1.0,1.0,1.0,13.799970371522296
SE300_FL360,2022-03-01 00:17:00.000000000,-7.133155014811902,45.621936316925805,10972.8,22728.94085815235,210.25839,0.654676860130317,1.1497451702917083,1.0,1.0,1.0,13.799901682232836
SE300_FL360,2022-03-01 00:18:00.000000000,-6.963577350434745,45.65861348889645,10972.8,22728.94085815235,210.23108,0.6519631422069548,1.145174954447591,1.0,1.0,1.0,13.800065477575464
SE300_FL360,2022-03-01 00:19:00.000000000,-6.793955919788455,45.69544792952469,10972.8,22728.94085815235,210.21501,0.6534341664115534,1.1478677380459352,1.0,1.0,1.0,13.80003693342804
SE300_FL360,2022-03-01 00:20:00.000000000,-6.62430206827496,45.732459891422764,10972.8,22728.94085815235,210.20267,0.6548350184878606,1.150419329385995,1.0,1.0,1.0,13.799973816594894
SE300_FL360,2022-03-01 00:21:00.000000000,-6.454626108496878,45.76967183596835,10972.8,22728.94085815235,210.2,0.656978829660642,1.1542045412314381,1.0,1.0,1.0,13.79991501954183
SE300_FL360,2022-03-01 00:22:00.000000000,-6.284938381864701,45.807107160064675,10972.8,22728.94085815235,210.21043,0.6632288518394625,1.1651098806909106,1.0,1.0,1.0,13.80001310806428
SE300_FL360,2022-03-01 00:23:00.000000000,-6.1152496770827875,45.84479442806904,10972.8,22728.94085815235,210.21725,0.6751258109784496,1.1859576694698224,1.0,1.0,1.0,13.80004905320983
SE300_FL360,2022-03-01 00:24:00.000000000,-5.945571349662257,45.8827565001216,10972.8,22728.94085815235,210.23053,0.6868546634510728,1.2064652007620567,1.0,1.0,1.0,13.799995207272767
SE300_FL360,2022-03-01 00:25:00.000000000,-5.775914582343945,45.92101460539857,10972.8,22728.94085815235,210.26286,0.6945399763329968,1.2197224037654588,1.0,1.0,1.0,13.799946018066104
SE300_FL360,2022-03-01 00:26:00.000000000,-5.606290874535937,45.959592928785845,10972.8,22728.94085815235,210.2925,0.6963912680249305,1.2227497668412333,1.0,1.0,1.0,13.799901826521442
SE300_FL360,2022-03-01 00:27:00.000000000,-5.436712081951,45.99851585627959,10972.8,22728.94085815235,210.325,0.6939127138575609,1.2181547216943451,1.0,1.0,1.0,13.800049850384529
SE300_FL360,2022-03-01 00:28:00.000000000,-5.267191966322243,46.03781647078147,10972.8,22728.94085815235,210.39153,0.6856656913328901,1.2031828697510683,1.0,1.0,1.0,13.800031588333269
SE300_FL360,2022-03-01 00:29:00.000000000,-5.097742422824589,46.07751300401981,10972.8,22728.94085815235,210.44318,0.6789538894507251,1.1910229308213622,1.0,1.0,1.0,13.799990478669388
SE300_FL360,2022-03-01 00:30:00.000000000,-4.92837633795386,46.11762914151849,10972.8,22728.94085815235,210.48091,0.6700749295028325,1.1751746897719877,1.0,1.0,1.0,13.7999541838252
SE300_FL360,2022-03-01 00:31:00.000000000,-4.759107233713054,46.158189859635726,10972.8,22728.94085815235,210.5038,0.6577831724181444,1.1534556388055321,1.0,1.0,1.0,13.799922890616976
SE300_FL360,2022-03-01 00:32:00.000000000,-4.589949114555786,46.19922026051813,10972.8,22728.94085815235,210.50253,0.6406179929695792,1.1233637870499242,1.0,1.0,1.0,13.799929959565615
SE300_FL360,2022-03-01 00:33:00.000000000,-4.420917005638568,46.24074744997757,10972.8,22728.94085815235,210.46384,0.624518037715217,1.0953908832392072,1.0,1.0,1.0,13.800043955541087
SE300_FL360,2022-03-01 00:34:00.000000000,-4.252027880874641,46.28280309951133,10972.8,22728.94085815235,210.37993,0.6128653763235279,1.0755126989432915,1.0,1.0,1.0,13.80001263583261
SE300_FL360,2022-03-01 00:35:00.000000000,-4.083295312513981,46.32540456469928,10972.8,22728.94085815235,210.29848,0.60483296450319,1.061948926614128,1.0,1.0,1.0,13.79998555573942
SE300_FL360,2022-03-01 00:36:00.000000000,-3.914735435139302,46.3685770941835,10972.8,22728.94085815235,210.2125,0.5985090890699083,1.0513998026233515,1.0,1.0,1.0,13.799962706248108
SE300_FL360,2022-03-01 00:37:00.000000000,-3.7463649709978815,46.41234591653959,10972.8,22728.94085815235,210.12254,0.593251884961428,1.0427442616797578,1.0,1.0,1.0,13.799944029141807
SE300_FL360,2022-03-01 00:38:00.000000000,-3.578201246424688,46.45673620162743,10972.8,22728.94085815235,210.06026,0.5896737919806024,1.0368506610239763,1.0,1.0,1.0,13.799929415534166
SE300_FL360,2022-03-01 00:39:00.000000000,-3.41026220591334,46.50177301855226,10972.8,22728.94085815235,210.00748,0.5865581527188486,1.031705582000328,1.0,1.0,1.0,13.79991870565744
SE300_FL360,2022-03-01 00:40:00.000000000,-3.2425664234872786,46.54748129024899,10972.8,22728.94085815235,209.96454,0.5834046183931262,1.0264268954683624,1.0,1.0,1.0,13.799922852412047
SE300_FL360,2022-03-01 00:41:00.000000000,-3.0751334306903266,46.59388656047466,10972.8,22728.94085815235,209.95572,0.5815651597902808,1.0232460561696912,1.0,1.0,1.0,13.800008407530912
SE300_FL360,2022-03-01 00:42:00.000000000,-2.907985546322268,46.641019270999685,10972.8,22728.94085815235,209.95274,0.5810818589895682,1.022415948109001,1.0,1.0,1.0,13.79999152577942
SE300_FL360,2022-03-01 00:43:00.000000000,-2.74114057917694,46.68889649733604,10972.8,22728.94085815235,209.95137,0.5816036782859152,1.0233440187481233,1.0,1.0,1.0,13.799977274791766
SE300_FL360,2022-03-01 00:44:00.000000000,-2.5746196225871447,46.73754198383629,10972.8,22728.94085815235,209.91377,0.5881566238177377,1.0351097471551987,1.0,1.0,1.0,13.799965416219916
SE300_FL360,2022-03-01 00:45:00.000000000,-2.4084444011529893,46.78697905887585,10972.8,22728.94085815235,209.83885,0.5973665295198161,1.051799317113024,1.0,1.0,1.0,13.799955690405685
SE300_FL360,2022-03-01 00:46:00.000000000,-2.24263725835525,46.83723057208739,10972.8,22728.94085815235,209.74347,0.6087258422183014,1.0724259405855405,1.0,1.0,1.0,13.799947822412035
SE300_FL360,2022-03-01 00:47:00.000000000,-2.077221138921509,46.88831882936984,10972.8,22728.94085815235,209.61493,0.6232785327268424,1.098925567325472,1.0,1.0,1.0,13.799941528604728
SE300_FL360,2022-03-01 00:48:00.000000000,-1.9122195656143586,46.94026552601405,10972.8,22728.94085815235,209.4955,0.6364170961991779,1.1229091454486189,1.0,1.0,1.0,13.799936523592704
SE300_FL360,2022-03-01 00:49:00.000000000,-1.747656610142675,46.99309167833649,10972.8,22728.94085815235,209.3832,0.6485299709796762,1.145062898984732,1.0,1.0,1.0,13.799932527317191
SE300_FL360,2022-03-01 00:50:00.000000000,-1.5835568579366146,47.046817554258936,10972.8,22728.94085815235,209.36177,0.6512646521925421,1.1500367715880186,1.0,1.0,1.0,13.799929272076493
SE300_FL360,2022-03-01 00:51:00.000000000,-1.41994536657518,47.10146260331857,10972.8,22728.94085815235,209.37953,0.6500703886543447,1.1478073102092952,1.0,1.0,1.0,13.799926509251202
SE300_FL360,2022-03-01 00:52:00.000000000,-1.2568476177121715,47.15704538663485,10972.8,22728.94085815235,209.43332,0.6463661353236576,1.140890107836111,1.0,1.0,1.0,13.799924015512413
SE300_FL360,2022-03-01 00:53:00.000000000,-1.0942894624114776,47.21358350739827,10972.8,22728.94085815235,209.44942,0.6424113125100279,1.1337995816121336,1.0,1.0,1.0,13.799921598299676
SE300_FL360,2022-03-01 00:54:00.000000000,-0.9322970598757382,47.27109354247939,10972.8,22728.94085815235,209.4563,0.6387064908461342,1.127216306128096,1.0,1.0,1.0,13.799919100366923
SE300_FL360,2022-03-01 00:55:00.000000000,-0.7708968096326502,47.329590975783,10972.8,22728.94085815235,209.46468,0.6326898125568808,1.1165409800411488,1.0,1.0,1.0,13.799916403229442
SE300_FL360,2022-03-01 00:56:00.000000000,-0.6101152773294826,47.38909013399148,10972.8,22728.94085815235,209.4008,0.6292532540257461,1.1109044083009394,1.0,1.0,1.0,13.79991342938298
SE300_FL360,2022-03-01 00:57:00.000000000,-0.4499791143776922,47.44960412535214,10972.8,22728.94085815235,209.33522,0.6271133150046396,1.107569724550342,1.0,1.0,1.0,13.79991014318596
SE300_FL360,2022-03-01 00:58:00.000000000,-0.2905149717839815,47.51114478216384,10972.8,22728.94085815235,209.3008,0.627761293705865,1.1089420557411698,1.0,1.0,1.0,13.799906550367
SE300_FL360,2022-03-01 00:59:00.000000000,-0.1317494086006752,47.57372260760951,10972.8,22728.94085815235,209.26718,0.6340619793173822,1.1203040911763458,1.0,1.0,1.0,13.799902696148978
SE300_FL360,2022-03-01 01:00:00.000000000,0.026291204476382772,47.63734672756016,10972.8,22728.94085815235,209.25465,0.6419553718918576,1.13433249769291,1.0,1.0,1.0,13.799898662049376
SE300_FL360,2022-03-01 01:01:00.000000000,0.1835807857402945,47.702024847945545,10972.8,22728.94085815235,209.3519,0.6498093243841242,1.1475382433392747,1.0,1.0,1.0,13.799894561448786
SE300_FL360,2022-03-01 01:02:00.000000000,0.3400936466257237,47.767763218243296,10972.8,22728.94085815235,209.44174,0.6557825908163964,1.157455900762764,1.0,1.0,1.0,13.799890534083259
SE300_FL360,2022-03-01 01:03:00.000000000,0.4958045985892688,47.834566601585344,10972.8,22728.94085815235,209.52122,0.6613483258657642,1.1667145315705094,1.0,1.0,1.0,13.799886739660096
SE300_FL360,2022-03-01 01:04:00.000000000,0.6506890618532523,47.90243825191635,10972.8,22728.94085815235,209.64297,0.6575068308123903,1.159075503192395,1.0,1.0,1.0,13.799883350808148
SE300_FL360,2022-03-01 01:05:00.000000000,0.8047231750871445,47.97137989856527,10972.8,22728.94085815235,209.76634,0.6518250688374748,1.1481961989043967,1.0,1.0,1.0,13.799880545640207
SE300_FL360,2022-03-01 01:06:00.000000000,0.9578839050532617,48.04139173850947,10972.8,22728.94085815235,209.9043,0.6446589620062927,1.1346161143402742,1.0,1.0,1.0,13.799880297337754
SE300_FL360,2022-03-01 01:07:00.000000000,1.1101490175689515,48.11247259658721,10972.8,22728.94085815235,210.05232,0.6342170524875497,1.1152237235040776,1.0,1.0,1.0,13.799955765457092
SE300_FL360,2022-03-01 01:08:00.000000000,1.2614916109520389,48.18462623408982,10972.8,22728.94085815235,210.20212,0.6203617303079643,1.0898578672379398,1.0,1.0,1.0,13.799946076537669
SE300_FL360,2022-03-01 01:09:00.000000000,1.4118974565169005,48.25784150407756,10972.8,22728.94085815235,210.37675,0.593771360468504,1.0420213161156815,1.0,1.0,1.0,13.799936769163452
SE300_FL360,2022-03-01 01:10:00.000000000,1.5613479605795775,48.33211247748483,10972.8,22728.94085815235,210.53723,0.5692889321078121,0.9980710474532649,1.0,0.0,0.0,13.799928078960882
SE300_FL360,2022-03-01 01:11:00.000000000,1.7098258754552036,48.40743177483138,10972.8,22728.94085815235,210.68605,0.548621597724593,0.960948829733748,1.0,0.0,0.0,13.799920213907653
SE300_FL360,2022-03-01 01:12:00.000000000,1.8573153869251047,48.48379060616857,10972.8,22728.94085815235,210.82948,0.5312498052551617,0.9296913243854527,1.0,0.0,0.0,13.799913349084349
SE300_FL360,2022-03-01 01:13:00.000000000,2.00380219478423,48.561178817972646,10972.8,22728.94085815235,210.96568,0.5155370101702609,0.9014308204790358,1.0,0.0,0.0,13.799907622724088
SE300_FL360,2022-03-01 01:14:00.000000000,2.1492735857235448,48.63958494650445,10972.8,22728.94085815235,211.02368,0.5021082729244483,0.8776319992894345,1.0,0.0,0.0,13.79990313363142
SE300_FL360,2022-03-01 01:15:00.000000000,2.2937184979011707,48.71899627708127,10972.8,22728.94085815235,211.0793,0.4894507001858091,0.8552111334919188,1.0,0.0,0.0,13.799899939990695
SE300_FL360,2022-03-01 01:16:00.000000000,2.437127576666514,48.79939890864313,10972.8,22728.94085815235,211.1148,0.4773024829140036,0.8338019923002874,1.0,0.0,0.0,13.799898059510873
SE300_FL360,2022-03-01 01:17:00.000000000,2.57949322101926,48.88077782294388,10972.8,22728.94085815235,211.12526,0.46655067192044725,0.814964294326274,1.0,0.0,0.0,13.799897470818289
SE300_FL360,2022-03-01 01:18:00.000000000,2.7208096205090637,48.96311695765744,10972.8,22728.94085815235,211.10304,0.45803469421677934,0.800201788347951,1.0,0.0,0.0,13.799898115948379
SE300_FL360,2022-03-01 01:19:00.000000000,2.8610727824072804,49.04639928266274,10972.8,22728.94085815235,211.06244,0.45261955678931576,0.7909395380733977,1.0,0.0,0.0,13.799899903772648
SE300_FL360,2022-03-01 01:20:00.000000000,3.0002805491083504,49.13060687875635,10972.8,22728.94085815235,211.01837,0.44874350041523753,0.7843839502764262,1.0,0.0,0.0,13.799902714140295
SE300_FL360,2022-03-01 01:21:00.000000000,3.1384326058413183,49.21572101804042,10972.8,22728.94085815235,210.96173,0.447693867311801,0.7828251875847929,1.0,0.0,0.0,13.799906402511214
SE300_FL360,2022-03-01 01:22:00.000000000,3.275530478889779,49.30172224524366,10972.8,22728.94085815235,210.91211,0.44674753980567344,0.7814135052410709,1.0,0.0,0.0,13.799910804862314
SE300_FL360,2022-03-01 01:23:00.000000000,3.411577524628558,49.38859045925548,10972.8,22728.94085815235,210.88206,0.4448647864092302,0.7782643949621175,1.0,0.0,0.0,13.799915742621737
SE300_FL360,2022-03-01 01:24:00.000000000,3.546578909786857,49.47630499418438,10972.8,22728.94085815235,210.85939,0.44225634559335775,0.7738083803543205,1.0,0.0,0.0,13.799921027431493
SE300_FL360,2022-03-01 01:25:00.000000000,3.6805415834364057,49.56484469929377,10972.8,22728.94085815235,210.86441,0.436792453071421,0.7642263464932624,1.0,0.0,0.0,13.799926465539238
SE300_FL360,2022-03-01 01:26:00.000000000,3.813474241281341,49.65418801721622,10972.8,22728.94085815235,210.8717,0.43302123263233505,0.7575942018909635,1.0,0.0,0.0,13.799931861647412
SE300_FL360,2022-03-01 01:27:00.000000000,3.945387282890515,49.74431305990206,10972.8,22728.94085815235,210.87825,0.43136674223833954,0.754667817882616,1.0,0.0,0.0,13.799937022113916
SE300_FL360,2022-03-01 01:28:00.000000000,4.076292762563807,49.83519768181777,10972.8,22728.94085815235,210.90985,0.4285169311299466,0.7495359672149378,1.0,0.0,0.0,13.799941757380292
SE300_FL360,2022-03-01 01:29:00.000000000,4.206204334561293,49.92681954997152,10972.8,22728.94085815235,210.9417,0.42606899746792215,0.7451053537184386,1.0,0.0,0.0,13.799945883601017
SE300_FL360,2022-03-01 01:30:00.000000000,4.335137193447722,50.01915621040786,10972.8,22728.94085815235,210.96745,0.4258786790572728,0.7446529403648577,1.0,0.0,0.0,13.799949223437263
SE300_FL360,2022-03-01 01:31:00.000000000,4.463108010316069,50.1121851508771,10972.8,22728.94085815235,211.0072,0.42471548342484017,0.7424351964545607,1.0,0.0,0.0,13.79995160605297
SE300_FL360,2022-03-01 01:32:00.000000000,4.590134865652553,50.20588385944899,10972.8,22728.94085815235,211.02844,0.42164786811875193,0.7369757463207222,1.0,0.0,0.0,13.799952866356099
SE300_FL360,2022-03-01 01:33:00.000000000,4.716237179594008,50.300229878900765,10972.8,22728.94085815235,211.02896,0.4182742887746413,0.7310768077850673,1.0,0.0,0.0,13.799952843577072
SE300_FL360,2022-03-01 01:34:00.000000000,4.841435640306324,50.39520085676857,10972.8,22728.94085815235,211.0123,0.4139733854894305,0.7236330315817776,1.0,0.0,0.0,13.799951379286926
SE300_FL360,2022-03-01 01:35:00.000000000,4.965752131182763,50.49077459100485,10972.8,22728.94085815235,210.99556,0.4091201390164422,0.7152239980833518,1.0,0.0,0.0,13.799948314979101
SE300_FL360,2022-03-01 01:36:00.000000000,5.08920965752353,50.58692907123493,10972.8,22728.94085815235,210.92183,0.4066789589260268,0.7112848507502677,1.0,0.0,0.0,13.7999434893709
SE300_FL360,2022-03-01 01:37:00.000000000,5.211832273314692,50.683642515650746,10972.8,22728.94085815235,210.83598,0.4066596874553274,0.711627435126232,1.0,0.0,0.0,13.799936735540259
SE300_FL360,2022-03-01 01:38:00.000000000,5.333645008677116,50.78089340361986,10972.8,22728.94085815235,210.75276,0.4092634574885341,0.7165569557890955,1.0,0.0,0.0,13.79992787807843
SE300_FL360,2022-03-01 01:39:00.000000000,5.454673798505399,50.87866050412251,10972.8,22728.94085815235,210.66899,0.41366874387660535,0.7246477711139028,1.0,0.0,0.0,13.799916730378694
SE300_FL360,2022-03-01 01:40:00.000000000,5.574945412764155,50.97692290015904,10972.8,22728.94085815235,210.574,0.4214437128105779,0.7387009553582736,1.0,0.0,0.0,13.799909146879337
SE300_FL360,2022-03-01 01:41:00.000000000,5.69448698268002,51.07566027243519,10972.8,22728.94085815235,210.45364,0.4314988165708705,0.7568854948882466,1.0,0.0,0.0,13.800036502008268
SE300_FL360,2022-03-01 01:42:00.000000000,5.813317860079042,51.17485813030892,10972.8,22728.94085815235,210.36087,0.43871985329068414,0.7699947225950071,1.0,0.0,0.0,13.800019343694286
SE300_FL360,2022-03-01 01:43:00.000000000,5.931476383526231,51.274490485820074,10972.8,22728.94085815235,210.28741,0.44442308767302047,0.7803571176391343,1.0,0.0,0.0,13.799999557176893
SE300_FL360,2022-03-01 01:44:00.000000000,6.048992146742065,51.37453779717241,10972.8,22728.94085815235,210.2077,0.4508564745659587,0.7920421580136952,1.0,0.0,0.0,13.799976952886416
SE300_FL360,2022-03-01 01:45:00.000000000,6.16589527157801,51.47498090580639,10972.8,22728.94085815235,210.12743,0.45770326694861685,0.8044691043295078,1.0,0.0,0.0,13.799951314976644
SE300_FL360,2022-03-01 01:46:00.000000000,6.282216354420901,51.575801040761654,10972.8,22728.94085815235,210.06917,0.46088049220225236,0.8103430894001422,1.0,0.0,0.0,13.799922401731491
SE300_FL360,2022-03-01 01:47:00.000000000,6.397986416102225,51.67697982039795,10972.8,22728.94085815235,210.09944,0.45261134206381815,0.7956559845949994,1.0,0.0,0.0,13.799896422178843
SE300_FL360,2022-03-01 01:48:00.000000000,6.513236540852692,51.77849945999789,10972.8,22728.94085815235,210.12439,0.4457844153086287,0.7835346121681723,1.0,0.0,0.0,13.800070683038491
SE300_FL360,2022-03-01 01:49:00.000000000,6.627989237000202,51.88034855874178,10972.8,22728.94085815235,210.15828,0.4369503717752415,0.7678458870816022,1.0,0.0,0.0,13.800033136164926
SE300_FL360,2022-03-01 01:50:00.000000000,6.7422871098143675,51.982503017475295,10972.8,22728.94085815235,210.19044,0.4287963972870442,0.7533676049949402,1.0,0.0,0.0,13.79999217680041
SE300_FL360,2022-03-01 01:51:00.000000000,6.85616260126879,52.08494594286698,10972.8,22728.94085815235,210.26143,0.4160139019845903,0.7305916619358613,1.0,0.0,0.0,13.799947488517821
SE300_FL360,2022-03-01 01:52:00.000000000,6.9696483812259675,52.187660808917485,10972.8,22728.94085815235,210.34021,0.40288639040439916,0.7071931557724289,1.0,0.0,0.0,13.799898737232269
SE300_FL360,2022-03-01 01:53:00.000000000,7.082777318490884,52.29063144711092,10972.8,22728.94085815235,210.4032,0.3947509883354277,0.692647420431496,1.0,0.0,0.0,13.800030398716745
SE300_FL360,2022-03-01 01:54:00.000000000,7.19557701404532,52.39384625576109,10972.8,22728.94085815235,210.46896,0.3868131290059164,0.6784427451059677,1.0,0.0,0.0,13.800054345163323
SE300_FL360,2022-03-01 01:55:00.000000000,7.308085257117626,52.49728673117904,10972.8,22728.94085815235,210.53722,0.37858557114753266,0.6637308783597852,1.0,0.0,0.0,13.799996740891372
SE300_FL360,2022-03-01 01:56:00.000000000,7.420338038484323,52.60093580787837,10972.8,22728.94085815235,210.59288,0.37258925568337065,0.6529916641714271,1.0,0.0,0.0,13.799934836100903
SE300_FL360,2022-03-01 01:57:00.000000000,7.532368946100369,52.70477859337681,10972.8,22728.94085815235,210.63885,0.3675156206147507,0.643918390762516,1.0,0.0,0.0,13.7999107047655
SE300_FL360,2022-03-01 01:58:00.000000000,7.644210999091989,52.80880120769993,10972.8,22728.94085815235,210.6742,0.3628171284219572,0.6355467332578176,1.0,0.0,0.0,13.80009727987662
SE300_FL360,2022-03-01 01:59:00.000000000,7.755895885982359,52.912992453617406,10972.8,22728.94085815235,210.71207,0.3576606377064456,0.6263656691848665,1.0,0.0,0.0,13.800026839405156
SE300_FL360,2022-03-01 02:00:00.000000000,7.867462507785084,53.01733360209722,10972.8,22728.94085815235,210.70943,0.3596554870905978,0.6298700481023266,1.0,0.0,0.0,13.799951817325509
SE300_FL360,2022-03-01 02:01:00.000000000,7.97894493915904,53.12181080944994,10972.8,22728.94085815235,210.69836,0.3590630013626735,0.6288749182499261,1.0,0.0,0.0,13.799878948745755
SE300_FL360,2022-03-01 02:02:00.000000000,8.090377316599858,53.22641053966239,10972.8,22728.94085815235,210.67612,0.3638820460788844,0.637402687287371,1.0,0.0,0.0,13.80011613732471
SE300_FL360,2022-03-01 02:03:00.000000000,8.201794722995709,53.33112242122278,10972.8,22728.94085815235,210.65279,0.3700053268790225,0.6482237053795118,1.0,0.0,0.0,13.800033244616367
SE300_FL360,2022-03-01 02:04:00.000000000,8.313233280726271,53.43592919842136,10972.8,22728.94085815235,210.62184,0.3765887689963273,0.6598839199283065,1.0,0.0,0.0,13.799945514347323
SE300_FL360,2022-03-01 02:05:00.000000000,8.42472747485294,53.54081781028977,10972.8,22728.94085815235,210.5808,0.3804760412432283,0.6668650697441272,1.0,0.0,0.0,13.799915365810826
SE300_FL360,2022-03-01 02:06:00.000000000,8.536312692536393,53.64577571103455,10972.8,22728.94085815235,210.5393,0.3847086892977363,0.6744564517183331,1.0,0.0,0.0,13.80011004309586
SE300_FL360,2022-03-01 02:07:00.000000000,8.648028278660536,53.750790832795516,10972.8,22728.94085815235,210.50418,0.39428527628389853,0.6913965801908639,1.0,0.0,0.0,13.800015304799869
SE300_FL360,2022-03-01 02:08:00.000000000,8.759906477778147,53.85584845500265,10972.8,22728.94085815235,210.46756,0.399927404041683,0.7014471244504666,1.0,0.0,0.0,13.79991564313486
SE300_FL360,2022-03-01 02:09:00.000000000,8.871982232889263,53.96093601106962,10972.8,22728.94085815235,210.42566,0.4023588179929179,0.7058957334358177,1.0,0.0,0.0,13.800004103946796
SE300_FL360,2022-03-01 02:10:00.000000000,8.984295963690094,54.06604108818969,10972.8,22728.94085815235,210.38702,0.40582175282437366,0.7121409642290455,1.0,0.0,0.0,13.800080631551038
SE300_FL360,2022-03-01 02:11:00.000000000,9.096884905918607,54.17115044521283,10972.8,22728.94085815235,210.36595,0.4104502972441506,0.7203580842908931,1.0,0.0,0.0,13.799975069909443
SE300_FL360,2022-03-01 02:12:00.000000000,9.20978021803311,54.27625136209472,10972.8,22728.94085815235,210.34242,0.4108484390148883,0.721159728966389,1.0,0.0,0.0,13.799864842324851
SE300_FL360,2022-03-01 02:13:00.000000000,9.323017438348389,54.38133146507345,10972.8,22728.94085815235,210.32916,0.4147999701890282,0.7281568915637047,1.0,0.0,0.0,13.800132173225244
SE300_FL360,2022-03-01 02:14:00.000000000,9.436648363691544,54.48637655428334,10972.8,22728.94085815235,210.31566,0.41695434761893096,0.7319971055446399,1.0,0.0,0.0,13.800031613689772
SE300_FL360,2022-03-01 02:15:00.000000000,9.550696513269713,54.59137491446518,10972.8,22728.94085815235,210.30571,0.41733448889244495,0.7327106831333768,1.0,0.0,0.0,13.799916973248944
SE300_FL360,2022-03-01 02:16:00.000000000,9.665197626195663,54.69631414251662,10972.8,22728.94085815235,210.29631,0.41514046594226395,0.728902809126848,1.0,0.0,0.0,13.800000285525412
SE300_FL360,2022-03-01 02:17:00.000000000,9.780198569347377,54.80118004346924,10972.8,22728.94085815235,210.29079,0.4143469916670479,0.727530591465253,1.0,0.0,0.0,13.800086698051244
SE300_FL360,2022-03-01 02:18:00.000000000,9.895738483326229,54.90595917369293,10972.8,22728.94085815235,210.28665,0.4146332644820557,0.7280540228527796,1.0,0.0,0.0,12.396279145510631
SE300_FL360,2022-03-01 02:18:53.897617080,10.0,55.0,10972.8,22728.94085815235,210.27402,0.4111424930779967,0.7219806366969376,1.0,0.0,0.0,0.0
SE150_FL360,2022-03-01 00:00:00.000000000,-10.000000000000002,45.00000000000001,10972.8,22728.94085815235,211.58328,0.6320578049521836,1.1009019574927819,1.0,1.0,1.0,13.800025280721622
SE150_FL360,2022-03-01 00:01:00.000000000,-9.848780362463852,45.06309802296491,10972.8,22728.94085815235,211.46187,0.6347703838769708,1.1064716201207963,1.0,1.0,1.0,13.800023124170625
SE150_FL360,2022-03-01 00:02:00.000000000,-9.69723892593266,45.12601025046198,10972.8,22728.94085815235,211.30765,0.6424741549240538,1.1209869418396528,1.0,1.0,1.0,13.800020919334957
SE150_FL360,2022-03-01 00:03:00.000000000,-9.545386915730079,45.18874995403247,10972.8,22728.94085815235,211.17416,0.6453494140696765,1.1269438768850142,1.0,1.0,1.0,13.80001868361511
SE150_FL360,2022-03-01 00:04:00.000000000,-9.393235477429094,45.251330452726556,10972.8,22728.94085815235,211.06396,0.6520820839823002,1.1394855575622573,1.0,1.0,1.0,13.800016434639819
SE150_FL360,2022-03-01 00:05:00.000000000,-9.240795680594678,45.31376510728148,10972.8,22728.94085815235,210.99112,0.6545919347456445,1.1443882988886167,1.0,1.0,1.0,13.800014190107833
SE150_FL360,2022-03-01 00:06:00.000000000,-9.088078522618359,45.376067314269825,10972.8,22728.94085815235,210.91238,0.6646599995274576,1.1625649404788023,1.0,1.0,1.0,13.800011967625645
SE150_FL360,2022-03-01 00:07:00.000000000,-8.935094932619785,45.43825050019791,10972.8,22728.94085815235,210.85283,0.6712049442654209,1.1744432604034538,1.0,1.0,1.0,13.800009784533726
SE150_FL360,2022-03-01 00:08:00.000000000,-8.78185577539008,45.500328115534025,10972.8,22728.94085815235,210.82895,0.6714112005331015,1.1749792814644016,1.0,1.0,1.0,13.80000765772226
SE150_FL360,2022-03-01 00:09:00.000000000,-8.628371855351828,45.56231362864651,10972.8,22728.94085815235,210.78345,0.6699692675278647,1.172791513970901,1.0,1.0,1.0,13.80000560344844
SE150_FL360,2022-03-01 00:10:00.000000000,-8.474653920510518,45.62422051963216,10972.8,22728.94085815235,210.72905,0.6715737731729519,1.1759919877547724,1.0,1.0,1.0,13.800003637143645
SE150_FL360,2022-03-01 00:11:00.000000000,-8.320712666371875,45.68606227401563,10972.8,22728.94085815235,210.66702,0.6803261455368221,1.1917798822316117,1.0,1.0,1.0,13.800001773220872
SE150_FL360,2022-03-01 00:12:00.000000000,-8.166558739799713,45.74785237630135,10972.8,22728.94085815235,210.59276,0.6867696875813943,1.203618808387444,1.0,1.0,1.0,13.800000024891407
SE150_FL360,2022-03-01 00:13:00.000000000,-8.012202742788062,45.80960430335971,10972.8,22728.94085815235,210.53107,0.6857373471488544,1.2022682407558392,1.0,1.0,1.0,13.79999840397277
SE150_FL360,2022-03-01 00:14:00.000000000,-7.857655236121768,45.87133151763049,10972.8,22728.94085815235,210.48312,0.676177356899592,1.185858655139136,1.0,1.0,1.0,13.799996920709697
SE150_FL360,2022-03-01 00:15:00.000000000,-7.702926742899029,45.933047460127014,10972.8,22728.94085815235,210.45692,0.6692208599295869,1.173851300994338,1.0,1.0,1.0,13.799995583611501
SE150_FL360,2022-03-01 00:16:00.000000000,-7.548027751889124,45.99476554322603,10972.8,22728.94085815235,210.44992,0.6633544604608487,1.1636098086859714,1.0,1.0,1.0,13.799994399289552
SE150_FL360,2022-03-01 00:17:00.000000000,-7.392968720698455,46.05649914322893,10972.8,22728.94085815235,210.49693,0.6508545592723157,1.1413541159723168,1.0,1.0,1.0,13.799993372318367
SE150_FL360,2022-03-01 00:18:00.000000000,-7.237760078717368,46.118261592681485,10972.8,22728.94085815235,210.56679,0.6411005869283871,1.1237623073236145,1.0,1.0,1.0,13.799992505114373
SE150_FL360,2022-03-01 00:19:00.000000000,-7.0824122298204,46.18006617244081,10972.8,22728.94085815235,210.64386,0.6363710849339058,1.114941818185098,1.0,1.0,1.0,13.799991797836244
SE150_FL360,2022-03-01 00:20:00.000000000,-6.926935554791905,46.241926103479614,10972.8,22728.94085815235,210.71954,0.6331035834202821,1.1086965801991637,1.0,1.0,1.0,13.799991248309139
SE150_FL360,2022-03-01 00:21:00.000000000,-6.771340413449099,46.303854538419465,10972.8,22728.94085815235,210.81718,0.6212980663871104,1.087362469446401,1.0,1.0,1.0,13.79999085197143
SE150_FL360,2022-03-01 00:22:00.000000000,-6.615637146434141,46.36586455278655,10972.8,22728.94085815235,210.87717,0.616101203630964,1.0778668287119753,1.0,1.0,1.0,13.79999060186101
SE150_FL360,2022-03-01 00:23:00.000000000,-6.4598360766471385,46.427969135985755,10972.8,22728.94085815235,210.92615,0.6158387595231266,1.0770750608947053,1.0,1.0,1.0,13.799990488621079
SE150_FL360,2022-03-01 00:24:00.000000000,-6.3039475102915645,46.49018118199037,10972.8,22728.94085815235,210.9601,0.620421760283457,1.0848628915302243,1.0,1.0,1.0,13.799990500548963
SE150_FL360,2022-03-01 00:25:00.000000000,-6.147981737503878,46.552513479747134,10972.8,22728.94085815235,210.9713,0.6282164861140476,1.0984153788833588,1.0,1.0,1.0,13.799990623666508
SE150_FL360,2022-03-01 00:26:00.000000000,-5.991949032539317,46.6149787032986,10972.8,22728.94085815235,210.9603,0.64289266381967,1.1241533763427272,1.0,1.0,1.0,13.799990841836957
SE150_FL360,2022-03-01 00:27:00.000000000,-5.835859653486246,46.67758940162737,10972.8,22728.94085815235,210.95992,0.6547750377327979,1.1449361189598346,1.0,1.0,1.0,13.799991136910966
SE150_FL360,2022-03-01 00:28:00.000000000,-5.679723841481787,46.740357988228865,10972.8,22728.94085815235,210.95827,0.6668839034954094,1.1661210126674617,1.0,1.0,1.0,13.799991488902345
SE150_FL360,2022-03-01 00:29:00.000000000,-5.523551819402239,46.80329673042195,10972.8,22728.94085815235,210.95282,0.673873369550903,1.1783802842428919,1.0,1.0,1.0,13.799991876206876
SE150_FL360,2022-03-01 00:30:00.000000000,-5.367353790002575,46.86641773840963,10972.8,22728.94085815235,210.94695,0.6646633577800971,1.1623165427310194,1.0,1.0,1.0,13.799992275841205
SE150_FL360,2022-03-01 00:31:00.000000000,-5.2111399334805135,46.92973295410445,10972.8,22728.94085815235,210.92915,0.6557252112102351,1.1468150263531562,1.0,1.0,1.0,13.799992663719705
SE150_FL360,2022-03-01 00:32:00.000000000,-5.05492040444159,46.993254139735846,10972.8,22728.94085815235,210.90443,0.6436971116965986,1.1259535788351995,1.0,1.0,1.0,13.799993014953047
SE150_FL360,2022-03-01 00:33:00.000000000,-4.89870532824359,47.05699286626,10972.8,22728.94085815235,210.82573,0.6334366988787957,1.1085507906532421,1.0,1.0,1.0,13.799993304171764
SE150_FL360,2022-03-01 00:34:00.000000000,-4.7425047966999045,47.12096050159472,10972.8,22728.94085815235,210.72643,0.6239818800441518,1.0926766037167912,1.0,1.0,1.0,13.79999350586429
SE150_FL360,2022-03-01 00:35:00.000000000,-4.586328863123924,47.185168198705355,10972.8,22728.94085815235,210.58128,0.6136095935573213,1.075477550054864,1.0,1.0,1.0,13.799993594737066
SE150_FL360,2022-03-01 00:36:00.000000000,-4.430187536698249,47.24962688356991,10972.8,22728.94085815235,210.42676,0.6054359519982492,1.0621654000734497,1.0,1.0,1.0,13.799993546077733
SE150_FL360,2022-03-01 00:37:00.000000000,-4.274090776155365,47.31434724305453,10972.8,22728.94085815235,210.25745,0.6009655735434253,1.0554233250287264,1.0,1.0,1.0,13.799993336121352
SE150_FL360,2022-03-01 00:38:00.000000000,-4.118048482758973,47.37933971273268,10972.8,22728.94085815235,210.09187,0.5979267814713819,1.0511583237685,1.0,1.0,1.0,13.799992942424828
SE150_FL360,2022-03-01 00:39:00.000000000,-3.9620704925782735,47.44461446468435,10972.8,22728.94085815235,209.93411,0.5954002507029235,1.0477261838057101,1.0,1.0,1.0,13.7999923442172
SE150_FL360,2022-03-01 00:40:00.000000000,-3.806166568050712,47.510181395313246,10972.8,22728.94085815235,209.82007,0.5930798912199964,1.0443714454792328,1.0,1.0,1.0,13.799991522756148
SE150_FL360,2022-03-01 00:41:00.000000000,-3.6503463888319807,47.57605011322245,10972.8,22728.94085815235,209.72523,0.5905765110808198,1.0405658902130686,1.0,1.0,1.0,13.799990461647935
SE150_FL360,2022-03-01 00:42:00.000000000,-3.4946195419363453,47.64222992719104,10972.8,22728.94085815235,209.62987,0.5881671754207266,1.0369242243129344,1.0,1.0,1.0,13.799989147153058
SE150_FL360,2022-03-01 00:43:00.000000000,-3.3389955111735663,47.708729834295355,10972.8,22728.94085815235,209.5556,0.5855874319552853,1.0328419953318824,1.0,1.0,1.0,13.79998756845803
SE150_FL360,2022-03-01 00:44:00.000000000,-3.1834836658934074,47.775558508220634,10972.8,22728.94085815235,209.49728,0.5847501697457607,1.031733426054492,1.0,1.0,1.0,13.79998571790615
SE150_FL360,2022-03-01 00:45:00.000000000,-3.0280932490527612,47.84272428780939,10972.8,22728.94085815235,209.469,0.5852905418649783,1.0328669136609616,1.0,1.0,1.0,13.799983591199357
SE150_FL360,2022-03-01 00:46:00.000000000,-2.872833364624784,47.91023516589412,10972.8,22728.94085815235,209.45769,0.5860572536632651,1.0342899939436723,1.0,1.0,1.0,13.799981187540997
SE150_FL360,2022-03-01 00:47:00.000000000,-2.7177129643741873,47.97809877846222,10972.8,22728.94085815235,209.45428,0.5873751686291732,1.0366377294792282,1.0,1.0,1.0,13.799978509741795
SE150_FL360,2022-03-01 00:48:00.000000000,-2.562740834027267,48.046322394201255,10972.8,22728.94085815235,209.4761,0.5897072095669899,1.0406118198496046,1.0,1.0,1.0,13.799975564268491
SE150_FL360,2022-03-01 00:49:00.000000000,-2.407925578869879,48.11491290447256,10972.8,22728.94085815235,209.48544,0.5898797838759604,1.0408608813365279,1.0,1.0,1.0,13.799972361242325
SE150_FL360,2022-03-01 00:50:00.000000000,-2.2532756088113697,48.18387681376056,10972.8,22728.94085815235,209.48561,0.5895900174098117,1.040345579550257,1.0,1.0,1.0,13.799968914382415
SE150_FL360,2022-03-01 00:51:00.000000000,-2.0987991229566814,48.25322023064404,10972.8,22728.94085815235,209.47482,0.5902626466770907,1.0416016605700082,1.0,1.0,1.0,13.799965240897679
SE150_FL360,2022-03-01 00:52:00.000000000,-1.9445040937337181,48.3229488593347,10972.8,22728.94085815235,209.50558,0.5906963704794246,1.0421713936904284,1.0,1.0,1.0,13.799961361323575
SE150_FL360,2022-03-01 00:53:00.000000000,-1.7903982506269553,48.393067991826065,10972.8,22728.94085815235,209.61586,0.5890045777124217,1.038488728004586,1.0,1.0,1.0,13.799957299309654
SE150_FL360,2022-03-01 00:54:00.000000000,-1.6364890635725675,48.46358250069396,10972.8,22728.94085815235,209.73361,0.5857705073655874,1.0320491503955522,1.0,1.0,1.0,13.799953081365691
SE150_FL360,2022-03-01 00:55:00.000000000,-1.482783726073991,48.534496832587074,10972.8,22728.94085815235,209.86606,0.5804776732375538,1.0218948625670938,1.0,1.0,1.0,13.799948736550181
SE150_FL360,2022-03-01 00:56:00.000000000,-1.3292891381006948,48.60581500244348,10972.8,22728.94085815235,210.02983,0.5724804276603623,1.0068036952742148,1.0,1.0,1.0,13.79996224359886
SE150_FL360,2022-03-01 00:57:00.000000000,-1.176012199022902,48.677541157964725,10972.8,22728.94085815235,210.12202,0.5691158651619146,1.000322357717992,1.0,1.0,1.0,13.800015850398514
SE150_FL360,2022-03-01 00:58:00.000000000,-1.022959909011004,48.74967973493967,10972.8,22728.94085815235,210.14656,0.5718373827733434,1.0049537510734312,1.0,1.0,1.0,13.800011280819982
SE150_FL360,2022-03-01 00:59:00.000000000,-0.8701372214611162,48.82223162470867,10972.8,22728.94085815235,210.14473,0.5782300353442086,1.0162025011037552,1.0,1.0,1.0,13.800006501605102
SE150_FL360,2022-03-01 01:00:00.000000000,-0.7175496815727354,48.89519906140205,10972.8,22728.94085815235,210.11919,0.5870393586391572,1.0318436725691207,1.0,1.0,1.0,13.800001555312974
SE150_FL360,2022-03-01 01:01:00.000000000,-0.5652024537904219,48.96858383001156,10972.8,22728.94085815235,210.02498,0.6010484577860844,1.0570795099096788,1.0,1.0,1.0,13.79999648581086
SE150_FL360,2022-03-01 01:02:00.000000000,-0.4131003048958678,49.04238726558329,10972.8,22728.94085815235,209.93126,0.6133380317395076,1.0793142109867313,1.0,1.0,1.0,13.799991337765992
SE150_FL360,2022-03-01 01:03:00.000000000,-0.2612475873906203,49.116610253279745,10972.8,22728.94085815235,209.82867,0.6245978255521119,1.0998197566657177,1.0,1.0,1.0,13.7999861561264
SE150_FL360,2022-03-01 01:04:00.000000000,-0.1096482232436474,49.1912532293119,10972.8,22728.94085815235,209.7239,0.6376813190230708,1.1235737616077277,1.0,1.0,1.0,13.799980985617015
SE150_FL360,2022-03-01 01:05:00.000000000,0.041694311923352705,49.266316182737384,10972.8,22728.94085815235,209.63866,0.6495869741174298,1.1451437440276986,1.0,1.0,1.0,13.799975870245795
SE150_FL360,2022-03-01 01:06:00.000000000,0.19277700414136667,49.341798658116055,10972.8,22728.94085815235,209.61165,0.6494602369196618,1.145108684853713,1.0,1.0,1.0,13.799970852837674
SE150_FL360,2022-03-01 01:07:00.000000000,0.3435973158213465,49.41769975900875,10972.8,22728.94085815235,209.59656,0.648511336205645,1.143541374288067,1.0,1.0,1.0,13.79996597459641
SE150_FL360,2022-03-01 01:08:00.000000000,0.49415319983679507,49.49401815230074,10972.8,22728.94085815235,209.58408,0.6436564248299457,1.135070207024675,1.0,1.0,1.0,13.799961274703167
SE150_FL360,2022-03-01 01:09:00.000000000,0.6444431128990113,49.5707520733261,10972.8,22728.94085815235,209.60869,0.6321992251690673,1.1146953660868588,1.0,1.0,1.0,13.799956789951366
SE150_FL360,2022-03-01 01:10:00.000000000,0.7944660281656921,49.647899331764975,10972.8,22728.94085815235,209.63737,0.6210648241661717,1.0948714581794194,1.0,1.0,1.0,13.799952554435153
SE150_FL360,2022-03-01 01:11:00.000000000,0.9442214470284372,49.72545731828128,10972.8,22728.94085815235,209.66664,0.6116291526819364,1.0780475561433154,1.0,1.0,1.0,13.799948599276675
SE150_FL360,2022-03-01 01:12:00.000000000,1.0937094100288882,49.803423011864275,10972.8,22728.94085815235,209.70206,0.6023085753319265,1.0613890687307543,1.0,1.0,1.0,13.79994495241215
SE150_FL360,2022-03-01 01:13:00.000000000,1.2429305068591834,49.8817929878337,10972.8,22728.94085815235,209.74348,0.5931220015447797,1.0449379008204627,1.0,1.0,1.0,13.799943970232082
SE150_FL360,2022-03-01 01:14:00.000000000,1.391885839203061,49.9605634958069,10972.8,22728.94085815235,209.81374,0.58548492467676,1.0310398645058276,1.0,1.0,1.0,13.800018164069398
SE150_FL360,2022-03-01 01:15:00.000000000,1.5405756538199646,50.039732525500625,10972.8,22728.94085815235,209.88748,0.5783835872542585,1.0180748401246178,1.0,1.0,1.0,13.800012779561797
SE150_FL360,2022-03-01 01:16:00.000000000,1.689003811745885,50.119293133097386,10972.8,22728.94085815235,209.97415,0.5701611346930928,1.003068965608959,1.0,1.0,1.0,13.800007711970267
SE150_FL360,2022-03-01 01:17:00.000000000,1.8371731915099507,50.19924036232172,10972.8,22728.94085815235,210.05745,0.5631558087034894,0.9902385220093093,1.0,0.0,0.0,13.800002984178791
SE150_FL360,2022-03-01 01:18:00.000000000,1.985087255414262,50.279568902342035,10972.8,22728.94085815235,210.13565,0.5582125114451587,0.981075030418704,1.0,0.0,0.0,13.79999861501331
SE150_FL360,2022-03-01 01:19:00.000000000,2.1327500533276282,50.36027309878075,10972.8,22728.94085815235,210.19,0.5579581207877198,0.9802998026540602,1.0,0.0,0.0,13.799994619263725
SE150_FL360,2022-03-01 01:20:00.000000000,2.2801662254169526,50.44134696502648,10972.8,22728.94085815235,210.21748,0.5629258585223561,0.9888598648594534,1.0,0.0,0.0,13.799991007751949
SE150_FL360,2022-03-01 01:21:00.000000000,2.4273410038207826,50.52278419379153,10972.8,22728.94085815235,210.22926,0.5715637262282193,1.0039626309232732,1.0,1.0,1.0,13.799987787443316
SE150_FL360,2022-03-01 01:22:00.000000000,2.5742802132739526,50.604578168858964,10972.8,22728.94085815235,210.20879,0.5796669667610277,1.0183223969693753,1.0,1.0,1.0,13.799984961591031
SE150_FL360,2022-03-01 01:23:00.000000000,2.720990270699007,50.686721976962986,10972.8,22728.94085815235,210.15327,0.5884393175883527,1.034088391838887,1.0,1.0,1.0,13.79998252990439
SE150_FL360,2022-03-01 01:24:00.000000000,2.8674781837846655,50.769208419747585,10972.8,22728.94085815235,210.08456,0.5969798604344047,1.0495351399507145,1.0,1.0,1.0,13.79998048874809
SE150_FL360,2022-03-01 01:25:00.000000000,3.013751548576857,50.85203002574966,10972.8,22728.94085815235,210.00917,0.605690735168003,1.0653476480789634,1.0,1.0,1.0,13.799978831356217
SE150_FL360,2022-03-01 01:26:00.000000000,3.1598185461124664,50.935179062353996,10972.8,22728.94085815235,209.93394,0.6068178976258073,1.0678212142767773,1.0,1.0,1.0,13.79997754806047
SE150_FL360,2022-03-01 01:27:00.000000000,3.3056879381298114,51.0186475476696,10972.8,22728.94085815235,209.88014,0.6049897803669518,1.0649563592245657,1.0,1.0,1.0,13.799976626528416
SE150_FL360,2022-03-01 01:28:00.000000000,3.451369061894234,51.10242726227889,10972.8,22728.94085815235,209.86537,0.5981976822713087,1.0530915045455707,1.0,1.0,1.0,13.799976052009184
SE150_FL360,2022-03-01 01:29:00.000000000,3.596871824179734,51.18650976081355,10972.8,22728.94085815235,209.85536,0.5902259668461346,1.0391237576870476,1.0,1.0,1.0,13.79997580757543
SE150_FL360,2022-03-01 01:30:00.000000000,3.7422066944510983,51.27088638331356,10972.8,22728.94085815235,209.84239,0.5819948517037942,1.0247125238338415,1.0,1.0,1.0,13.799975874366709
SE150_FL360,2022-03-01 01:31:00.000000000,3.8873846972928505,51.35554826632859,10972.8,22728.94085815235,209.9104,0.5670536859860865,0.9979911148750623,1.0,0.0,0.0,13.799976231823901
SE150_FL360,2022-03-01 01:32:00.000000000,4.032417404133353,51.44048635372388,10972.8,22728.94085815235,209.9656,0.5531242546010352,0.9731474686075765,1.0,0.0,0.0,13.799976857923344
SE150_FL360,2022-03-01 01:33:00.000000000,4.17731692431389,51.525691407155904,10972.8,22728.94085815235,210.00241,0.5403372812404865,0.9504361868552853,1.0,0.0,0.0,13.79997772939002
SE150_FL360,2022-03-01 01:34:00.000000000,4.322095895553423,51.611154016185885,10972.8,22728.94085815235,210.04736,0.5266996970778502,0.9261934205785474,1.0,0.0,0.0,13.799978821916332
SE150_FL360,2022-03-01 01:35:00.000000000,4.466767473859694,51.69686460800298,10972.8,22728.94085815235,210.08403,0.5135075147100587,0.9027926258237281,1.0,0.0,0.0,13.79998011034861
SE150_FL360,2022-03-01 01:36:00.000000000,4.61134532293813,51.78281345673147,10972.8,22728.94085815235,210.09425,0.5038369563946085,0.8857348491066447,1.0,0.0,0.0,13.799981568886242
SE150_FL360,2022-03-01 01:37:00.000000000,4.755843603148792,51.86899069230014,10972.8,22728.94085815235,210.08765,0.4947759410870771,0.8698399318192829,1.0,0.0,0.0,13.79998317125147
SE150_FL360,2022-03-01 01:38:00.000000000,4.9002769600611895,51.95538630885467,10972.8,22728.94085815235,210.08679,0.4876209476260348,0.8572657326058469,1.0,0.0,0.0,13.799984890852482
SE150_FL360,2022-03-01 01:39:00.000000000,5.044660512655349,52.041990172697254,10972.8,22728.94085815235,210.06984,0.48271250559970025,0.8487247210540554,1.0,0.0,0.0,13.799986700946327
SE150_FL360,2022-03-01 01:40:00.000000000,5.189009841215732,52.12879202974077,10972.8,22728.94085815235,210.03355,0.4811356957970916,0.8461411804332397,1.0,0.0,0.0,13.799988574784994
SE150_FL360,2022-03-01 01:41:00.000000000,5.33334097496334,52.2157815124673,10972.8,22728.94085815235,209.96819,0.48279108842034946,0.8493918544835253,1.0,0.0,0.0,13.799990485753726
SE150_FL360,2022-03-01 01:42:00.000000000,5.477670379467894,52.30294814638437,10972.8,22728.94085815235,209.88426,0.4863669758479273,0.8561212235696297,1.0,0.0,0.0,13.799992407510803
SE150_FL360,2022-03-01 01:43:00.000000000,5.622014943881001,52.390281355974025,10972.8,22728.94085815235,209.78944,0.4912537532104984,0.865227993673244,1.0,0.0,0.0,13.79999431411892
SE150_FL360,2022-03-01 01:44:00.000000000,5.766391968026885,52.477770470133564,10972.8,22728.94085815235,209.69632,0.496351042968369,0.8747017774808957,1.0,0.0,0.0,13.799996180175784
SE150_FL360,2022-03-01 01:45:00.000000000,5.910819149385742,52.565404727108,10972.8,22728.94085815235,209.60698,0.5033551871359041,0.8875273418866992,1.0,0.0,0.0,13.799997980946767
SE150_FL360,2022-03-01 01:46:00.000000000,6.055314570000713,52.65317327891751,10972.8,22728.94085815235,209.53476,0.5095785725311988,0.8988979614977347,1.0,0.0,0.0,13.799999692491834
SE150_FL360,2022-03-01 01:47:00.000000000,6.19989668333652,52.74106519528474,10972.8,22728.94085815235,209.47401,0.515557289081639,0.9097788416416682,1.0,0.0,0.0,13.80000129179735
SE150_FL360,2022-03-01 01:48:00.000000000,6.344584301114556,52.829069467069175,10972.8,22728.94085815235,209.4765,0.5142716753456048,0.9074946119317175,1.0,0.0,0.0,13.800002756917273
SE150_FL360,2022-03-01 01:49:00.000000000,6.48939658014588,52.91717500921703,10972.8,22728.94085815235,209.51321,0.5104311697206367,0.9005161812307697,1.0,0.0,0.0,13.800004067102952
SE150_FL360,2022-03-01 01:50:00.000000000,6.634353009179616,53.00537066323756,10972.8,22728.94085815235,209.57068,0.5055373815584441,0.8915725053455766,1.0,0.0,0.0,13.80000520294991
SE150_FL360,2022-03-01 01:51:00.000000000,6.779473395781127,53.09364519921752,10972.8,22728.94085815235,209.64761,0.49666486412408734,0.8755116007354773,1.0,0.0,0.0,13.800006146536646
SE150_FL360,2022-03-01 01:52:00.000000000,6.924777853250975,53.18198731738731,10972.8,22728.94085815235,209.80217,0.47552351291376366,0.8374552143036396,1.0,0.0,0.0,13.80000688157544
SE150_FL360,2022-03-01 01:53:00.000000000,7.070286787591492,53.270385649253456,10972.8,22728.94085815235,209.95427,0.4564953510833373,0.8031973683978815,1.0,0.0,0.0,13.800007393558275
SE150_FL360,2022-03-01 01:54:00.000000000,7.216020884525191,53.35882875831312,10972.8,22728.94085815235,210.10162,0.439388375372351,0.7724010649252376,1.0,0.0,0.0,13.800007669900015
SE150_FL360,2022-03-01 01:55:00.000000000,7.3620010965652085,53.44730514036748,10972.8,22728.94085815235,210.21892,0.42261538074512683,0.7423784697922958,1.0,0.0,0.0,13.800007700096462
SE150_FL360,2022-03-01 01:56:00.000000000,7.508248630134886,53.53580322345174,10972.8,22728.94085815235,210.33302,0.4060026547039191,0.7126940839097099,1.0,0.0,0.0,13.800007475854803
SE150_FL360,2022-03-01 01:57:00.000000000,7.654784932730397,53.62431136740005,10972.8,22728.94085815235,210.40697,0.3949809498768655,0.6930336719052419,1.0,0.0,0.0,13.800006991241453
SE150_FL360,2022-03-01 01:58:00.000000000,7.801631680117048,53.712817863064856,10972.8,22728.94085815235,210.45816,0.3862685205925028,0.6775314061446779,1.0,0.0,0.0,13.800006242806354
SE150_FL360,2022-03-01 01:59:00.000000000,7.948810763547113,53.80131093121019,10972.8,22728.94085815235,210.4668,0.3805847967057106,0.6675256839808907,1.0,0.0,0.0,13.800005229709964
SE150_FL360,2022-03-01 02:00:00.000000000,8.096344276983887,53.889778721099525,10972.8,22728.94085815235,210.46306,0.3790376304402136,0.6648270255557237,1.0,0.0,0.0,13.800003953824296
SE150_FL360,2022-03-01 02:01:00.000000000,8.244254504314016,53.97820930879907,10972.8,22728.94085815235,210.44864,0.3802315037225849,0.6669809823362889,1.0,0.0,0.0,13.80000241982998
SE150_FL360,2022-03-01 02:02:00.000000000,8.392563906527803,54.06659069521786,10972.8,22728.94085815235,210.40611,0.3796140416512541,0.6660729674619147,1.0,0.0,0.0,13.800000635287429
SE150_FL360,2022-03-01 02:03:00.000000000,8.541295108844203,54.15491080390644,10972.8,22728.94085815235,210.3659,0.37950047756783845,0.6660391285373954,1.0,0.0,0.0,13.79999861068731
SE150_FL360,2022-03-01 02:04:00.000000000,8.690470887755579,54.24315747863636,10972.8,22728.94085815235,210.32692,0.3808969506625634,0.6686516814780269,1.0,0.0,0.0,13.799996359482744
SE150_FL360,2022-03-01 02:05:00.000000000,8.840114157964688,54.3313184807831,10972.8,22728.94085815235,210.30276,0.38749235183318625,0.6803288141886787,1.0,0.0,0.0,13.799993898086694
SE150_FL360,2022-03-01 02:06:00.000000000,8.990247959184734,54.41938148653517,10972.8,22728.94085815235,210.28127,0.39130793122333185,0.687119100963204,1.0,0.0,0.0,13.799991245846577
SE150_FL360,2022-03-01 02:07:00.000000000,9.140895442771445,54.50733408395296,10972.8,22728.94085815235,210.276,0.3960763881517991,0.6955142186866979,1.0,0.0,0.0,13.799988424983786
SE150_FL360,2022-03-01 02:08:00.000000000,9.292079858154782,54.595163769900566,10972.8,22728.94085815235,210.27913,0.4029720786081861,0.7076111019126556,1.0,0.0,0.0,13.799985460504125
SE150_FL360,2022-03-01 02:09:00.000000000,9.443824539036145,54.682857946874975,10972.8,22728.94085815235,210.2821,0.4055519149380965,0.7121274886003081,1.0,0.0,0.0,13.79998238006007
SE150_FL360,2022-03-01 02:10:00.000000000,9.596152889316482,54.770403919756546,10972.8,22728.94085815235,210.28949,0.4060956234242614,0.7130498495955131,1.0,0.0,0.0,13.799979213805697
SE150_FL360,2022-03-01 02:11:00.000000000,9.749088368719127,54.85778889250587,10972.8,22728.94085815235,210.30852,0.40978668495013326,0.7194459113362812,1.0,0.0,0.0,13.79997599417574
SE150_FL360,2022-03-01 02:12:00.000000000,9.902654478070929,54.944999964831716,10972.8,22728.94085815235,210.31548,0.41109474710317145,0.7217129899809388,1.0,0.0,0.0,8.71787688339356
SE150_FL360,2022-03-01 02:12:37.904240283,10.0,55.0,10972.8,22728.94085815235,210.3148,0.4093351026304944,0.7186256794261106,1.0,0.0,0.0,0.0
GC0_FL360,2022-03-01 00:00:00.000000000,-10.000000000000002,45.00000000000001,10972.8,22728.94085815235,211.58328,0.6320578049521836,1.1009019574927819,1.0,1.0,1.0,13.800031261260088
GC0_FL360,2022-03-01 00:01:00.000000000,-9.876312021826006,45.08811854334467,10972.8,22728.94085815235,211.51074,0.6270082385638881,1.0926072613793136,1.0,1.0,1.0,13.800027623894355
GC0_FL360,2022-03-01 00:02:00.000000000,-9.752242252140906,45.176103215944366,10972.8,22728.94085815235,211.35759,0.6368332850830191,1.1107930661018761,1.0,1.0,1.0,13.800023933454368
GC0_FL360,2022-03-01 00:03:00.000000000,-9.627788920452794,45.263953191638386,10972.8,22728.94085815235,211.25298,0.6366952960916219,1.1112843555021148,1.0,1.0,1.0,13.800020189682812
GC0_FL360,2022-03-01 00:04:00.000000000,-9.5029502525583,45.351667639156055,10972.8,22728.94085815235,211.19281,0.6315298963953111,1.1026813335921353,1.0,1.0,1.0,13.800016392336534
GC0_FL360,2022-03-01 00:05:00.000000000,-9.377724470626134,45.439245722091066,10972.8,22728.94085815235,211.12625,0.6321073014309844,1.1041512058846676,1.0,1.0,1.0,13.800012541176311
GC0_FL360,2022-03-01 00:06:00.000000000,-9.252109793282935,45.52668659887586,10972.8,22728.94085815235,211.00964,0.6412718169687787,1.1209750908602059,1.0,1.0,1.0,13.800008635971807
GC0_FL360,2022-03-01 00:07:00.000000000,-9.126104435701345,45.613989422756205,10972.8,22728.94085815235,210.99559,0.6368630428835801,1.1133684115063027,1.0,1.0,1.0,13.800004676501466
GC0_FL360,2022-03-01 00:08:00.000000000,-8.999706609690397,45.701153341765824,10972.8,22728.94085815235,210.92195,0.6366255260912254,1.1134590062374907,1.0,1.0,1.0,13.800000662551579
GC0_FL360,2022-03-01 00:09:00.000000000,-8.872914523788092,45.7881774987011,10972.8,22728.94085815235,210.90479,0.6210411301210014,1.086320001505249,1.0,1.0,1.0,13.799996593917113
GC0_FL360,2022-03-01 00:10:00.000000000,-8.745726383356452,45.87506103109597,10972.8,22728.94085815235,210.8879,0.6015937009973423,1.0524117753028963,1.0,1.0,1.0,13.799992470403737
GC0_FL360,2022-03-01 00:11:00.000000000,-8.618140390678803,45.96180307119685,10972.8,22728.94085815235,210.84181,0.592076699393748,1.0360595280011569,1.0,1.0,1.0,13.799988291825057
GC0_FL360,2022-03-01 00:12:00.000000000,-8.490154745059604,46.04840274593778,10972.8,22728.94085815235,210.77785,0.587948336860768,1.0292459322600322,1.0,1.0,1.0,13.799984058004643
GC0_FL360,2022-03-01 00:13:00.000000000,-8.36176764292664,46.13485917691566,10972.8,22728.94085815235,210.75122,0.5877647615990462,1.0290950533517613,1.0,1.0,1.0,13.799979768777922
GC0_FL360,2022-03-01 00:14:00.000000000,-8.232977277935733,46.22117148036564,10972.8,22728.94085815235,210.70038,0.587441265924026,1.0288496739083215,1.0,1.0,1.0,13.79997542398953
GC0_FL360,2022-03-01 00:15:00.000000000,-8.103781841077932,46.30733876713662,10972.8,22728.94085815235,210.75476,0.5700138220039489,0.9979951282971175,1.0,0.0,0.0,13.799971023496427
GC0_FL360,2022-03-01 00:16:00.000000000,-7.974179520789293,46.39336014266697,10972.8,22728.94085815235,210.83774,0.548182887215623,0.9592739043917067,1.0,0.0,0.0,13.799966567164596
GC0_FL360,2022-03-01 00:17:00.000000000,-7.844168503063274,46.47923470696041,10972.8,22728.94085815235,210.94038,0.5251424670824996,0.918370012410441,1.0,0.0,0.0,13.8000335506074
GC0_FL360,2022-03-01 00:18:00.000000000,-7.713744387039283,46.56496062297613,10972.8,22728.94085815235,211.12791,0.4925159219969914,0.8603056080446378,1.0,0.0,0.0,13.800029833224963
GC0_FL360,2022-03-01 00:19:00.000000000,-7.582907908106713,46.65053789712994,10972.8,22728.94085815235,211.35307,0.4573423643788406,0.7977430816316288,1.0,0.0,0.0,13.800025836216795
GC0_FL360,2022-03-01 00:20:00.000000000,-7.451657253716138,46.73596561579989,10972.8,22728.94085815235,211.5638,0.4253780301015762,0.741003805879879,1.0,0.0,0.0,13.800021784046535
GC0_FL360,2022-03-01 00:21:00.000000000,-7.319990601234423,46.82124285691214,10972.8,22728.94085815235,211.81801,0.3937016813423871,0.6847264402941236,1.0,0.0,0.0,13.800017676565119
GC0_FL360,2022-03-01 00:22:00.000000000,-7.187906126190921,46.90636869283971,10972.8,22728.94085815235,212.05637,0.3646201921681172,0.6331885758097944,1.0,0.0,0.0,13.800013513633964
GC0_FL360,2022-03-01 00:23:00.000000000,-7.0554020024062,46.99134219037952,10972.8,22728.94085815235,212.24854,0.33983984895099556,0.5894341945018173,1.0,0.0,0.0,13.800009295126483
GC0_FL360,2022-03-01 00:24:00.000000000,-6.922476402123702,47.07616241072962,10972.8,22728.94085815235,212.45609,0.3197665816963638,0.553883801636218,1.0,0.0,0.0,13.800005020927465
GC0_FL360,2022-03-01 00:25:00.000000000,-6.789127496144292,47.16082840946671,10972.8,22728.94085815235,212.63951,0.30241143456985975,0.5232068125429764,1.0,0.0,0.0,13.800000690938065
GC0_FL360,2022-03-01 00:26:00.000000000,-6.655353453963729,47.24533923652389,10972.8,22728.94085815235,212.74135,0.301281669728435,0.5209104252753106,1.0,0.0,0.0,13.799996305067978
GC0_FL360,2022-03-01 00:27:00.000000000,-6.521152443913118,47.32969393616862,10972.8,22728.94085815235,212.82077,0.308031276183387,0.5323091531672248,1.0,0.0,0.0,13.799991863244522
GC0_FL360,2022-03-01 00:28:00.000000000,-6.386522633302341,47.41389154698097,10972.8,22728.94085815235,212.87297,0.31929885086083454,0.5515945174019737,1.0,0.0,0.0,13.799987365406142
GC0_FL360,2022-03-01 00:29:00.000000000,-6.251462188566615,47.49793110183218,10972.8,22728.94085815235,212.87189,0.33616724418898464,0.5807386974713323,1.0,0.0,0.0,13.79998281150992
GC0_FL360,2022-03-01 00:30:00.000000000,-6.1159692754160595,47.58181162786344,10972.8,22728.94085815235,212.84175,0.35794152832041287,0.6184742887543083,1.0,0.0,0.0,13.799978201523881
GC0_FL360,2022-03-01 00:31:00.000000000,-5.980042058988454,47.66553214646499,10972.8,22728.94085815235,212.7986,0.37888324437356125,0.6548405400386763,1.0,0.0,0.0,13.799973535432741
GC0_FL360,2022-03-01 00:32:00.000000000,-5.84367870400512,47.74909167325553,10972.8,22728.94085815235,212.69754,0.4024636541232134,0.6960470781128425,1.0,0.0,0.0,13.799968813237534
GC0_FL360,2022-03-01 00:33:00.000000000,-5.70687737493005,47.832489218061895,10972.8,22728.94085815235,212.57338,0.4248698229202817,0.7353859952692814,1.0,0.0,0.0,13.799964034957233
GC0_FL360,2022-03-01 00:34:00.000000000,-5.569636236132259,47.91572378489917,10972.8,22728.94085815235,212.4526,0.445516082272482,0.7717170919302621,1.0,0.0,0.0,13.800035855280361
GC0_FL360,2022-03-01 00:35:00.000000000,-5.431950681045849,47.9987933410855,10972.8,22728.94085815235,212.30988,0.46757689929371377,0.8106711527251687,1.0,0.0,0.0,13.80003208062314
GC0_FL360,2022-03-01 00:36:00.000000000,-5.2938216052343305,48.08169789082298,10972.8,22728.94085815235,212.14597,0.4811269533833512,0.8350350290105472,1.0,0.0,0.0,13.800027766635571
GC0_FL360,2022-03-01 00:37:00.000000000,-5.155247191271525,48.164436426955106,10972.8,22728.94085815235,211.97795,0.49607291465162406,0.861894875003968,1.0,0.0,0.0,13.800023396612284
GC0_FL360,2022-03-01 00:38:00.000000000,-5.016225604851381,48.24700792994952,10972.8,22728.94085815235,211.78725,0.5195803393740737,0.9038290924092797,1.0,0.0,0.0,13.800018970545228
GC0_FL360,2022-03-01 00:39:00.000000000,-4.876755012439158,48.329411374367055,10972.8,22728.94085815235,211.58263,0.5308776141889829,0.924673148673444,1.0,0.0,0.0,13.800014488442477
GC0_FL360,2022-03-01 00:40:00.000000000,-4.7368335814541895,48.411645728843965,10972.8,22728.94085815235,211.3738,0.5512908971148395,0.961491195329501,1.0,0.0,0.0,13.800009950331221
GC0_FL360,2022-03-01 00:41:00.000000000,-4.596459480456218,48.493709956074575,10972.8,22728.94085815235,211.18935,0.5527704873693001,0.9651881778057542,1.0,0.0,0.0,13.800005356252322
GC0_FL360,2022-03-01 00:42:00.000000000,-4.455630879335287,48.57560301279429,10972.8,22728.94085815235,211.00378,0.5560964137318779,0.9721187384559894,1.0,0.0,0.0,13.800000706269127
GC0_FL360,2022-03-01 00:43:00.000000000,-4.314345949505185,48.6573238497631,10972.8,22728.94085815235,210.83998,0.5642666562975451,0.9874074693430847,1.0,0.0,0.0,13.799996000461707
GC0_FL360,2022-03-01 00:44:00.000000000,-4.172602864100605,48.73887141174949,10972.8,22728.94085815235,210.68425,0.5749764598200576,1.007122151923965,1.0,1.0,1.0,13.799991238929968
GC0_FL360,2022-03-01 00:45:00.000000000,-4.030399798177934,48.8202446375148,10972.8,22728.94085815235,210.52844,0.5770493209712934,1.011727268851287,1.0,1.0,1.0,13.79998642179239
GC0_FL360,2022-03-01 00:46:00.000000000,-3.8877349289197967,48.901442459798034,10972.8,22728.94085815235,210.41563,0.5698781767972093,0.9998538113240463,1.0,0.0,0.0,13.799981549189066
GC0_FL360,2022-03-01 00:47:00.000000000,-3.744606435843342,48.98246380530123,10972.8,22728.94085815235,210.28925,0.5623917241650768,0.9874843252490152,1.0,0.0,0.0,13.799976621281434
GC0_FL360,2022-03-01 00:48:00.000000000,-3.601012501012314,49.06330759467523,10972.8,22728.94085815235,210.21384,0.5576877547006379,0.9796823779667818,1.0,0.0,0.0,13.799971638251657
GC0_FL360,2022-03-01 00:49:00.000000000,-3.456951309253031,49.14397274250603,10972.8,22728.94085815235,210.12883,0.5557686384932153,0.9768191776727393,1.0,0.0,0.0,13.799966600302653
GC0_FL360,2022-03-01 00:50:00.000000000,-3.312421048374104,49.22445815730157,10972.8,22728.94085815235,210.03836,0.5572332654357252,0.9799413584324852,1.0,0.0,0.0,13.799961507663523
GC0_FL360,2022-03-01 00:51:00.000000000,-3.1674199093902,49.304762741479145,10972.8,22728.94085815235,209.97414,0.5640435886049552,0.9923045027096898,1.0,0.0,0.0,13.80003811560671
GC0_FL360,2022-03-01 00:52:00.000000000,-3.021943131385752,49.3848842512864,10972.8,22728.94085815235,209.91484,0.5763276243343546,1.014284580137629,1.0,1.0,1.0,13.80003431143209
GC0_FL360,2022-03-01 00:53:00.000000000,-2.875991817593982,49.46482269242153,10972.8,22728.94085815235,209.87729,0.5836212632018767,1.0273584977771473,1.0,1.0,1.0,13.80002967563927
GC0_FL360,2022-03-01 00:54:00.000000000,-2.7295641981544376,49.54457695964448,10972.8,22728.94085815235,209.85634,0.5841378025634656,1.0283971809684787,1.0,1.0,1.0,13.800024984324816
GC0_FL360,2022-03-01 00:55:00.000000000,-2.582658479303576,49.62414593078313,10972.8,22728.94085815235,209.85738,0.5809234245149414,1.0227336485024539,1.0,1.0,1.0,13.800020237683322
GC0_FL360,2022-03-01 00:56:00.000000000,-2.435272871668278,49.703528477519875,10972.8,22728.94085815235,209.88055,0.5719980487230392,1.0068758472125643,1.0,1.0,1.0,13.800015435926571
GC0_FL360,2022-03-01 00:57:00.000000000,-2.2874055905140325,49.78272346538261,10972.8,22728.94085815235,210.01091,0.5482335445662788,0.9642749115821357,1.0,0.0,0.0,13.800010579292724
GC0_FL360,2022-03-01 00:58:00.000000000,-2.139054855997014,49.86172975373617,10972.8,22728.94085815235,210.14967,0.5220136911662179,0.9173758489022027,1.0,0.0,0.0,13.80000566804335
GC0_FL360,2022-03-01 00:59:00.000000000,-1.990218893420634,49.940546195774644,10972.8,22728.94085815235,210.27542,0.49945846903672153,0.8770573962280538,1.0,0.0,0.0,13.800000702464757
GC0_FL360,2022-03-01 01:00:00.000000000,-1.840895933496165,50.01917163851421,10972.8,22728.94085815235,210.44666,0.4712210627431449,0.8266016219528198,1.0,0.0,0.0,13.799995682868577
GC0_FL360,2022-03-01 01:01:00.000000000,-1.6910842126076457,50.09760492278672,10972.8,22728.94085815235,210.5996,0.44604692704526006,0.7817019076974808,1.0,0.0,0.0,13.799990609591623
GC0_FL360,2022-03-01 01:02:00.000000000,-1.540781973081079,50.17584488323394,10972.8,22728.94085815235,210.6776,0.42988172869742913,0.7530083992107188,1.0,0.0,0.0,13.799985482999908
GC0_FL360,2022-03-01 01:03:00.000000000,-1.3899874634580285,50.2538903483026,10972.8,22728.94085815235,210.72704,0.4174942427430159,0.7310841559933176,1.0,0.0,0.0,13.799980303483485
GC0_FL360,2022-03-01 01:04:00.000000000,-1.2386989387734455,50.33174014024005,10972.8,22728.94085815235,210.76215,0.4059137067325705,0.710651839759096,1.0,0.0,0.0,13.799975071460995
GC0_FL360,2022-03-01 01:05:00.000000000,-1.0869146608380469,50.409393075090854,10972.8,22728.94085815235,210.70625,0.4096315327123405,0.7174077086085978,1.0,0.0,0.0,13.799969787382079
GC0_FL360,2022-03-01 01:06:00.000000000,-0.9346328985249368,50.48684796269396,10972.8,22728.94085815235,210.6323,0.41510952462261913,0.7273379984784116,1.0,0.0,0.0,13.799964451722667
GC0_FL360,2022-03-01 01:07:00.000000000,-0.7818519280607622,50.56410360668077,10972.8,22728.94085815235,210.54375,0.42351486089842866,0.7424701681376159,1.0,0.0,0.0,13.79995906498832
GC0_FL360,2022-03-01 01:08:00.000000000,-0.6285700333214097,50.64115880447403,10972.8,22728.94085815235,210.40639,0.44090928830048276,0.7736195293588564,1.0,0.0,0.0,13.800040250558894
GC0_FL360,2022-03-01 01:09:00.000000000,-0.47478237482134333,50.71801108774824,10972.8,22728.94085815235,210.24583,0.46292025694463373,0.8130463611160234,1.0,0.0,0.0,13.800036449888243
GC0_FL360,2022-03-01 01:10:00.000000000,-0.3204903233010431,50.79466047002034,10972.8,22728.94085815235,210.07065,0.48790878938494003,0.857854759698184,1.0,0.0,0.0,13.800031495581349
GC0_FL360,2022-03-01 01:11:00.000000000,-0.16569222733307076,50.87110574593124,10972.8,22728.94085815235,209.87386,0.5177471103792111,0.9114188844738685,1.0,0.0,0.0,13.80002648819227
GC0_FL360,2022-03-01 01:12:00.000000000,-0.01038640460530521,50.94734568796158,10972.8,22728.94085815235,209.65294,0.5530838465552402,0.9749372375319474,1.0,0.0,0.0,13.800021428178642
GC0_FL360,2022-03-01 01:13:00.000000000,0.14542881799142826,51.02337906239046,10972.8,22728.94085815235,209.52164,0.574055987771952,1.0127162349141072,1.0,1.0,1.0,13.800016316031584
GC0_FL360,2022-03-01 01:14:00.000000000,0.30175510404023853,51.099204629299564,10972.8,22728.94085815235,209.41196,0.59193291708009,1.0449522848441395,1.0,1.0,1.0,13.80001115226905
GC0_FL360,2022-03-01 01:15:00.000000000,0.45859410727043437,51.17482114257816,10972.8,22728.94085815235,209.32071,0.6054517714367547,1.0694038356859545,1.0,1.0,1.0,13.8000059374454
GC0_FL360,2022-03-01 01:16:00.000000000,0.6159474712251815,51.25022734992915,10972.8,22728.94085815235,209.30188,0.6052276057788168,1.0691287582201918,1.0,1.0,1.0,13.800000672141353
GC0_FL360,2022-03-01 01:17:00.000000000,0.7738168289243615,51.325421992876,10972.8,22728.94085815235,209.3587,0.595397710893638,1.0514032360472392,1.0,1.0,1.0,13.7999953569759
GC0_FL360,2022-03-01 01:18:00.000000000,0.932203802522942,51.400403806770754,10972.8,22728.94085815235,209.47467,0.5803788233534046,1.0241615954419996,1.0,1.0,1.0,13.799989992598045
GC0_FL360,2022-03-01 01:19:00.000000000,1.0911100029643799,51.47517152080301,10972.8,22728.94085815235,209.60765,0.5650337448421497,0.9962775616553367,1.0,0.0,0.0,13.79998457969091
GC0_FL360,2022-03-01 01:20:00.000000000,1.2505370296295943,51.549723858009905,10972.8,22728.94085815235,209.76056,0.5492717509266156,0.9675822156656461,1.0,0.0,0.0,13.799979118975191
GC0_FL360,2022-03-01 01:21:00.000000000,1.410486469980993,51.62405953528727,10972.8,22728.94085815235,209.8557,0.5443306243285976,0.9583199733505935,1.0,0.0,0.0,13.799973611204168
GC0_FL360,2022-03-01 01:22:00.000000000,1.570959899201897,51.698177263401696,10972.8,22728.94085815235,209.92268,0.5431691220303422,0.9558831211078436,1.0,0.0,0.0,13.799968057170684
GC0_FL360,2022-03-01 01:23:00.000000000,1.7319588798311787,51.77207574700383,10972.8,22728.94085815235,209.97833,0.5444244593369673,0.9577677412513601,1.0,0.0,0.0,13.799962457699413
GC0_FL360,2022-03-01 01:24:00.000000000,1.8934849613930664,51.84575368464275,10972.8,22728.94085815235,209.97899,0.5557097321877906,0.9776152526990489,1.0,0.0,0.0,13.799956813657149
GC0_FL360,2022-03-01 01:25:00.000000000,2.055539680022396,51.91920976878139,10972.8,22728.94085815235,209.961,0.569429361384474,1.0018626341801256,1.0,1.0,1.0,13.800042154299087
GC0_FL360,2022-03-01 01:26:00.000000000,2.2181278486239693,51.99244129650124,10972.8,22728.94085815235,209.92644,0.5850062859082135,1.0294853236205057,1.0,1.0,1.0,13.800038395347975
GC0_FL360,2022-03-01 01:27:00.000000000,2.381247755746821,52.06544829902248,10972.8,22728.94085815235,209.88927,0.601055385189758,1.0579707894095043,1.0,1.0,1.0,13.800033137066887
GC0_FL360,2022-03-01 01:28:00.000000000,2.5449008423555197,52.13822947261712,10972.8,22728.94085815235,209.84958,0.6161764074865071,1.084846927980723,1.0,1.0,1.0,13.800027830685213
GC0_FL360,2022-03-01 01:29:00.000000000,2.7090885869023626,52.210783485473385,10972.8,22728.94085815235,209.81607,0.6287441764817306,1.1072023451292936,1.0,1.0,1.0,13.800022477008898
GC0_FL360,2022-03-01 01:30:00.000000000,2.873812452494847,52.283108999789214,10972.8,22728.94085815235,209.79683,0.6362323973323807,1.1205213469280764,1.0,1.0,1.0,13.800017076881304
GC0_FL360,2022-03-01 01:31:00.000000000,3.039073886492103,52.35520467179508,10972.8,22728.94085815235,209.78433,0.6409242364653049,1.1288705371763301,1.0,1.0,1.0,13.8000116311833
GC0_FL360,2022-03-01 01:32:00.000000000,3.204874320096632,52.42706915177804,10972.8,22728.94085815235,209.77238,0.641756831330895,1.130416619043322,1.0,1.0,1.0,13.80000614083744
GC0_FL360,2022-03-01 01:33:00.000000000,3.3712151679413354,52.498701084107154,10972.8,22728.94085815235,209.76773,0.6388610853726944,1.1253513265272275,1.0,1.0,1.0,13.800000606803097
GC0_FL360,2022-03-01 01:34:00.000000000,3.538097827671728,52.57009910726018,10972.8,22728.94085815235,209.76707,0.6365243263136259,1.1212375902435485,1.0,1.0,1.0,13.799995030082775
GC0_FL360,2022-03-01 01:35:00.000000000,3.705523679523632,52.64126185385161,10972.8,22728.94085815235,209.76135,0.6308505016865853,1.111284342537582,1.0,1.0,1.0,13.799989411721297
GC0_FL360,2022-03-01 01:36:00.000000000,3.8734940858960045,52.71218795066221,10972.8,22728.94085815235,209.7485,0.6242395104303935,1.0997239218091828,1.0,1.0,1.0,13.799983752801687
GC0_FL360,2022-03-01 01:37:00.000000000,4.04201039091922,52.78287601866978,10972.8,22728.94085815235,209.72939,0.6161386319329556,1.0855800065701746,1.0,1.0,1.0,13.799978054452163
GC0_FL360,2022-03-01 01:38:00.000000000,4.211073920018708,52.853324673081396,10972.8,22728.94085815235,209.69576,0.6043263989893595,1.0649852008122662,1.0,1.0,1.0,13.799972317845754
GC0_FL360,2022-03-01 01:39:00.000000000,4.380685979473958,52.92353252336716,10972.8,22728.94085815235,209.6574,0.5911977374568895,1.0420941490491333,1.0,1.0,1.0,13.79996654419649
GC0_FL360,2022-03-01 01:40:00.000000000,4.550847855972988,52.993498173295265,10972.8,22728.94085815235,209.60735,0.5783762230539192,1.019805960733374,1.0,1.0,1.0,13.799960734763747
GC0_FL360,2022-03-01 01:41:00.000000000,4.72156081616213,53.06322022096875,10972.8,22728.94085815235,209.55428,0.5647063420281334,0.9960256095206864,1.0,0.0,0.0,13.799954890854742
GC0_FL360,2022-03-01 01:42:00.000000000,4.892826106191535,53.13269725886355,10972.8,22728.94085815235,209.49908,0.5517353730883249,0.9734737056786842,1.0,0.0,0.0,13.80004369387429
GC0_FL360,2022-03-01 01:43:00.000000000,5.064648373766797,53.201926344915194,10972.8,22728.94085815235,209.44075,0.5411392328705742,0.9551160485317268,1.0,0.0,0.0,13.800040019521948
GC0_FL360,2022-03-01 01:44:00.000000000,5.237025480446346,53.270907542595175,10972.8,22728.94085815235,209.3845,0.5342090791166982,0.9432054797891525,1.0,0.0,0.0,13.800034486742401
GC0_FL360,2022-03-01 01:45:00.000000000,5.409958542016128,53.339639456889614,10972.8,22728.94085815235,209.32695,0.5301974015268645,0.9364498903901685,1.0,0.0,0.0,13.800028914083532
GC0_FL360,2022-03-01 01:46:00.000000000,5.583448717588524,53.40812065808024,10972.8,22728.94085815235,209.25996,0.529637774314076,0.9358368991042171,1.0,0.0,0.0,13.80002330277767
GC0_FL360,2022-03-01 01:47:00.000000000,5.757497143428711,53.47634971103695,10972.8,22728.94085815235,209.18103,0.5333240984492287,0.9428017392477673,1.0,0.0,0.0,13.800017654102959
GC0_FL360,2022-03-01 01:48:00.000000000,5.932104932473757,53.54432517526539,10972.8,22728.94085815235,209.13455,0.5387992988981847,0.9527512209631714,1.0,0.0,0.0,13.800011969384423
GC0_FL360,2022-03-01 01:49:00.000000000,6.10727317384737,53.612045604956435,10972.8,22728.94085815235,209.09898,0.5452353622828524,0.9643403733696415,1.0,0.0,0.0,13.800006249993439
GC0_FL360,2022-03-01 01:50:00.000000000,6.283002932370696,53.679509549037114,10972.8,22728.94085815235,209.08383,0.5503448978353588,0.973463179314496,1.0,0.0,0.0,13.800000497350158
GC0_FL360,2022-03-01 01:51:00.000000000,6.459295248068937,53.746715551223396,10972.8,22728.94085815235,209.14908,0.5462909925809463,0.9659150980400998,1.0,0.0,0.0,13.799994712920459
GC0_FL360,2022-03-01 01:52:00.000000000,6.636151135673946,53.81366215007467,10972.8,22728.94085815235,209.2322,0.5399816087703954,0.9542764652544109,1.0,0.0,0.0,13.799988898221487
GC0_FL360,2022-03-01 01:53:00.000000000,6.8135715841229665,53.88034787904993,10972.8,22728.94085815235,209.35602,0.5280468748580585,0.9324879239981132,1.0,0.0,0.0,13.799983054817007
GC0_FL360,2022-03-01 01:54:00.000000000,6.991557556053451,53.94677126656574,10972.8,22728.94085815235,209.55591,0.5072252764847742,0.8946291702826048,1.0,0.0,0.0,13.79997718432221
GC0_FL360,2022-03-01 01:55:00.000000000,7.170109987294104,54.01293083605608,10972.8,22728.94085815235,209.74867,0.48600348191501636,0.8561922924932681,1.0,0.0,0.0,13.799971288402922
GC0_FL360,2022-03-01 01:56:00.000000000,7.349229786352257,54.07882510603384,10972.8,22728.94085815235,209.92351,0.4652825165923184,0.8188134198784552,1.0,0.0,0.0,13.799965368775869
GC0_FL360,2022-03-01 01:57:00.000000000,7.5289178338974985,54.144452590154366,10972.8,22728.94085815235,210.08446,0.44597415273643587,0.7840578510405802,1.0,0.0,0.0,13.799959427205792
GC0_FL360,2022-03-01 01:58:00.000000000,7.709174982241969,54.20981179728059,10972.8,22728.94085815235,210.20413,0.4296795786860956,0.7548571928379848,1.0,0.0,0.0,13.799953465513312
GC0_FL360,2022-03-01 01:59:00.000000000,7.890002054816966,54.2749012315503,10972.8,22728.94085815235,210.26918,0.4167371201482501,0.7318275362808585,1.0,0.0,0.0,13.800044709298199
GC0_FL360,2022-03-01 02:00:00.000000000,8.07140336006643,54.3397177150441,10972.8,22728.94085815235,210.30318,0.4058546733925611,0.712568040025397,1.0,0.0,0.0,13.800041165932434
GC0_FL360,2022-03-01 02:01:00.000000000,8.253376235746266,54.4042613638653,10972.8,22728.94085815235,210.30515,0.3969217150386021,0.6968754810054376,1.0,0.0,0.0,13.80003540717797
GC0_FL360,2022-03-01 02:02:00.000000000,8.435921335887098,54.46853070587913,10972.8,22728.94085815235,210.2841,0.392589139327776,0.6893567443862613,1.0,0.0,0.0,13.800029620699759
GC0_FL360,2022-03-01 02:03:00.000000000,8.61903936252284,54.532524226953534,10972.8,22728.94085815235,210.2615,0.39153402511192303,0.6876001911208839,1.0,0.0,0.0,13.800023808234585
GC0_FL360,2022-03-01 02:04:00.000000000,8.802730986129248,54.5962404085977,10972.8,22728.94085815235,210.24196,0.3917990594567595,0.6881486885147621,1.0,0.0,0.0,13.80001797157137
GC0_FL360,2022-03-01 02:05:00.000000000,8.986996845082029,54.659677728041075,10972.8,22728.94085815235,210.23143,0.39251144949329203,0.6894453356385364,1.0,0.0,0.0,13.80001211255036
GC0_FL360,2022-03-01 02:06:00.000000000,9.171837545112288,54.72283465831418,10972.8,22728.94085815235,210.23878,0.3982093267387968,0.6994220435261572,1.0,0.0,0.0,13.800006233064313
GC0_FL360,2022-03-01 02:07:00.000000000,9.357253658759396,54.785709668331585,10972.8,22728.94085815235,210.2505,0.400760993339415,0.7038518614265952,1.0,0.0,0.0,13.800000335060249
GC0_FL360,2022-03-01 02:08:00.000000000,9.543245724821515,54.84830122297688,10972.8,22728.94085815235,210.27144,0.4030081356350024,0.7077075302715535,1.0,0.0,0.0,13.79999442053751
GC0_FL360,2022-03-01 02:09:00.000000000,9.729814247803706,54.91060778318973,10972.8,22728.94085815235,210.30443,0.4072999684391971,0.7150987589614972,1.0,0.0,0.0,13.799988491549682
GC0_FL360,2022-03-01 02:10:00.000000000,9.916959697363977,54.97262780605501,10972.8,22728.94085815235,210.32353,0.4092145729843648,0.718375756299758,1.0,0.0,0.0,6.1100550360113415
GC0_FL360,2022-03-01 02:10:26.566305980,10.0,55.0,10972.8,22728.94085815235,210.32904,0.40870616210826227,0.7174594098819984,1.0,0.0,0.0,0.0
NW150_FL360,2022-03-01 00:00:00.000000000,-10.000000000000002,45.00000000000001,10972.8,22728.94085815235,211.58328,0.6320578049521836,1.1009019574927819,1.0,1.0,1.0,13.800014615529586
NW150_FL360,2022-03-01 00:01:00.000000000,-9.911943680217473,45.10739059751919,10972.8,22728.94085815235,211.57317,0.6181176244305048,1.0766889700610736,1.0,1.0,1.0,13.800013510743517
NW150_FL360,2022-03-01 00:02:00.000000000,-9.823535417039643,45.21470503205091,10972.8,22728.94085815235,211.49432,0.6166184482101689,1.0746138045911742,1.0,1.0,1.0,13.800012336604626
NW150_FL360,2022-03-01 00:03:00.000000000,-9.734752775491534,45.32193450949788,10972.8,22728.94085815235,211.42404,0.6158620701675036,1.0737676749959382,1.0,1.0,1.0,13.800011102228465
NW150_FL360,2022-03-01 00:04:00.000000000,-9.64557321962325,45.4290701602766,10972.8,22728.94085815235,211.42787,0.6023514082205439,1.0501890304616426,1.0,1.0,1.0,13.800009817596628
NW150_FL360,2022-03-01 00:05:00.000000000,-9.555974120765597,45.53610303447345,10972.8,22728.94085815235,211.43019,0.5905989004780599,1.0296827867724516,1.0,1.0,1.0,13.800008493466299
NW150_FL360,2022-03-01 00:06:00.000000000,-9.465932766099801,45.64302409705574,10972.8,22728.94085815235,211.4247,0.5828929359364136,1.0162803619772272,1.0,1.0,1.0,13.8000071412585
NW150_FL360,2022-03-01 00:07:00.000000000,-9.37542636757764,45.74982422315823,10972.8,22728.94085815235,211.41998,0.5763901456650325,1.004973804356085,1.0,1.0,1.0,13.800005772917848
NW150_FL360,2022-03-01 00:08:00.000000000,-9.284432071228174,45.85649419346592,10972.8,22728.94085815235,211.45284,0.5585912465481451,0.9737406350684495,1.0,0.0,0.0,13.800004400762623
NW150_FL360,2022-03-01 00:09:00.000000000,-9.192926966886413,45.96302468971482,10972.8,22728.94085815235,211.4546,0.5418785840429724,0.9445951707309475,1.0,0.0,0.0,13.800003037318143
NW150_FL360,2022-03-01 00:10:00.000000000,-9.100888098379096,46.069406290332594,10972.8,22728.94085815235,211.48708,0.5204585939331767,0.9070707770337122,1.0,0.0,0.0,13.800001695131416
NW150_FL360,2022-03-01 00:11:00.000000000,-9.008292474201193,46.175629466241716,10972.8,22728.94085815235,211.50026,0.5023267269340528,0.8753975414873052,1.0,0.0,0.0,13.800000386583605
NW150_FL360,2022-03-01 00:12:00.000000000,-8.915117078716126,46.2816845768484,10972.8,22728.94085815235,211.54935,0.48101838271873276,0.838004266689408,1.0,0.0,0.0,13.799999123681374
NW150_FL360,2022-03-01 00:13:00.000000000,-8.82133888391088,46.38756186624089,10972.8,22728.94085815235,211.62227,0.4589197847241459,0.7991383010710271,1.0,0.0,0.0,13.799997917859939
NW150_FL360,2022-03-01 00:14:00.000000000,-8.726934861735826,46.49325145962168,10972.8,22728.94085815235,211.67235,0.4412536493090366,0.7681323396288492,1.0,0.0,0.0,13.799996779771385
NW150_FL360,2022-03-01 00:15:00.000000000,-8.631881997057086,46.59874335999853,10972.8,22728.94085815235,211.813,0.4172989082018207,0.7257868311492385,1.0,0.0,0.0,13.799995719077321
NW150_FL360,2022-03-01 00:16:00.000000000,-8.536157301247139,46.70402744515966,10972.8,22728.94085815235,211.94388,0.3944140515691996,0.6854175804790217,1.0,0.0,0.0,13.79999474425429
NW150_FL360,2022-03-01 00:17:00.000000000,-8.439737826436936,46.809093464959474,10972.8,22728.94085815235,212.13567,0.36761664818288753,0.6380698553859426,1.0,0.0,0.0,13.799993862396043
NW150_FL360,2022-03-01 00:18:00.000000000,-8.342600680450126,46.91393103894103,10972.8,22728.94085815235,212.37013,0.33875939662463883,0.587104387500735,1.0,0.0,0.0,13.799993079039334
NW150_FL360,2022-03-01 00:19:00.000000000,-8.244723042436963,47.01852965432236,10972.8,22728.94085815235,212.59583,0.3118606718598788,0.5397059669817972,1.0,0.0,0.0,13.79999239800333
NW150_FL360,2022-03-01 00:20:00.000000000,-8.146082179222427,47.12287866437407,10972.8,22728.94085815235,212.84459,0.2853818825488335,0.49309122993749105,1.0,0.0,0.0,13.799991821243808
NW150_FL360,2022-03-01 00:21:00.000000000,-8.046655462379125,47.22696728721557,10972.8,22728.94085815235,213.0844,0.2601073553635247,0.4487257519100873,1.0,0.0,0.0,13.79999134873503
NW150_FL360,2022-03-01 00:22:00.000000000,-7.946420386032092,47.33078460505782,10972.8,22728.94085815235,213.31418,0.23930051979049785,0.4122150951865449,1.0,0.0,0.0,13.799990978379531
NW150_FL360,2022-03-01 00:23:00.000000000,-7.845354585398439,47.434319563920425,10972.8,22728.94085815235,213.55638,0.21989120800753478,0.3781839121653743,1.0,0.0,0.0,13.799990705942896
NW150_FL360,2022-03-01 00:24:00.000000000,-7.743435856059993,47.537560973850695,10972.8,22728.94085815235,213.77222,0.20350169621662956,0.349502021624663,1.0,0.0,0.0,13.799990525026583
NW150_FL360,2022-03-01 00:25:00.000000000,-7.640642173962943,47.64049750967218,10972.8,22728.94085815235,213.95227,0.190179078962137,0.3262340202809583,1.0,0.0,0.0,13.799990427059264
NW150_FL360,2022-03-01 00:26:00.000000000,-7.536951716133178,47.743117712289695,10972.8,22728.94085815235,214.09473,0.1779574056877739,0.30498286305257866,1.0,0.0,0.0,13.799990401351167
NW150_FL360,2022-03-01 00:27:00.000000000,-7.432342882090881,47.84540999057738,10972.8,22728.94085815235,214.18257,0.16848056512697399,0.28857310082226084,1.0,0.0,0.0,13.799990435152703
NW150_FL360,2022-03-01 00:28:00.000000000,-7.32679431594254,47.94736262387532,10972.8,22728.94085815235,214.27086,0.15847830337493782,0.271282867727886,1.0,0.0,0.0,13.799990513782763
NW150_FL360,2022-03-01 00:29:00.000000000,-7.220284929122936,48.04896376511957,10972.8,22728.94085815235,214.29625,0.15045232656414598,0.2575008213854966,1.0,0.0,0.0,13.799990620759637
NW150_FL360,2022-03-01 00:30:00.000000000,-7.112793923753648,48.15020144462874,10972.8,22728.94085815235,214.27167,0.1443269739357358,0.24705777204870938,1.0,0.0,0.0,13.799990738007454
NW150_FL360,2022-03-01 00:31:00.000000000,-7.00430081657882,48.251063574569415,10972.8,22728.94085815235,214.24973,0.13802771677807035,0.23630890366721688,1.0,0.0,0.0,13.799990846062991
NW150_FL360,2022-03-01 00:32:00.000000000,-6.894785463432784,48.351537954120296,10972.8,22728.94085815235,214.17496,0.13915137770669,0.2383500874328295,1.0,0.0,0.0,13.79999092434128
NW150_FL360,2022-03-01 00:33:00.000000000,-6.784228084187853,48.45161227535354,10972.8,22728.94085815235,214.08362,0.14140052801274924,0.24234942618041375,1.0,0.0,0.0,13.79999095142065
NW150_FL360,2022-03-01 00:34:00.000000000,-6.672609288124424,48.55127412984912,10972.8,22728.94085815235,214.00456,0.1466858270902228,0.2515389733431341,1.0,0.0,0.0,13.799990905357314
NW150_FL360,2022-03-01 00:35:00.000000000,-6.559910099659522,48.650511016055766,10972.8,22728.94085815235,213.9173,0.1493857392571028,0.2563165325151943,1.0,0.0,0.0,13.799990764032621
NW150_FL360,2022-03-01 00:36:00.000000000,-6.446111984363311,48.74931034740906,10972.8,22728.94085815235,213.80031,0.14889674390074562,0.25567391520869126,1.0,0.0,0.0,13.799990505510175
NW150_FL360,2022-03-01 00:37:00.000000000,-6.331196875187807,48.84765946121438,10972.8,22728.94085815235,213.6954,0.1487451800370727,0.25558960689890353,1.0,0.0,0.0,13.799990108416592
NW150_FL360,2022-03-01 00:38:00.000000000,-6.215147198825244,48.94554562829887,10972.8,22728.94085815235,213.55907,0.14923811356634428,0.2566653234593865,1.0,0.0,0.0,13.799989552329267
NW150_FL360,2022-03-01 00:39:00.000000000,-6.097945902109083,49.04295606343325,10972.8,22728.94085815235,213.45364,0.15338035271655526,0.26397108510671125,1.0,0.0,0.0,13.799988818168638
NW150_FL360,2022-03-01 00:40:00.000000000,-5.979576478364332,49.13987793652022,10972.8,22728.94085815235,213.37578,0.15744081443397104,0.2710968488658459,1.0,0.0,0.0,13.799987888596085
NW150_FL360,2022-03-01 00:41:00.000000000,-5.860022993609616,49.23629838454239,10972.8,22728.94085815235,213.27637,0.16069915567516274,0.27688554286232575,1.0,0.0,0.0,13.799986748391927
NW150_FL360,2022-03-01 00:42:00.000000000,-5.739270112508919,49.33220452425832,10972.8,22728.94085815235,213.2446,0.1617974657114327,0.27883671940368876,1.0,0.0,0.0,13.799985384831924
NW150_FL360,2022-03-01 00:43:00.000000000,-5.617303123966524,49.42758346563079,10972.8,22728.94085815235,213.24188,0.16349511458156357,0.2817665782569557,1.0,0.0,0.0,13.799983788033904
NW150_FL360,2022-03-01 00:44:00.000000000,-5.4941079662560375,49.52242232596687,10972.8,22728.94085815235,213.24655,0.16168589869631697,0.27864046506251855,1.0,0.0,0.0,13.799981951284067
NW150_FL360,2022-03-01 00:45:00.000000000,-5.369671251570929,49.61670824474481,10972.8,22728.94085815235,213.29373,0.1598334571971221,0.2753634820629717,1.0,0.0,0.0,13.799979871326002
NW150_FL360,2022-03-01 00:46:00.000000000,-5.243980289882591,49.710428399097715,10972.8,22728.94085815235,213.34244,0.15779792257649639,0.2717702396853951,1.0,0.0,0.0,13.799977548611706
NW150_FL360,2022-03-01 00:47:00.000000000,-5.117023111990287,49.803570019919526,10972.8,22728.94085815235,213.39322,0.15352608047727354,0.2643262099723221,1.0,0.0,0.0,13.799974987505227
NW150_FL360,2022-03-01 00:48:00.000000000,-4.988788491647018,49.896120408553536,10972.8,22728.94085815235,213.44029,0.14974639553924152,0.2577390075103094,1.0,0.0,0.0,13.799972196443608
NW150_FL360,2022-03-01 00:49:00.000000000,-4.85926596664584,49.98806695401959,10972.8,22728.94085815235,213.46289,0.15324072519397372,0.26371475376876896,1.0,0.0,0.0,13.79996918802526
NW150_FL360,2022-03-01 00:50:00.000000000,-4.728445858752139,50.079397150730635,10972.8,22728.94085815235,213.46242,0.15495968901472026,0.26667306681342007,1.0,0.0,0.0,13.799965979069924
NW150_FL360,2022-03-01 00:51:00.000000000,-4.596319292369935,50.17009861664571,10972.8,22728.94085815235,213.45763,0.1531368204451298,0.26354516141433815,1.0,0.0,0.0,13.799962590579305
NW150_FL360,2022-03-01 00:52:00.000000000,-4.462878211833166,50.26015911180118,10972.8,22728.94085815235,213.43517,0.15248174947388415,0.26245598959723937,1.0,0.0,0.0,13.799959047664926
NW150_FL360,2022-03-01 00:53:00.000000000,-4.328115397217069,50.34956655715893,10972.8,22728.94085815235,213.3289,0.15555384576692086,0.2679291103653045,1.0,0.0,0.0,13.799955379398677
NW150_FL360,2022-03-01 00:54:00.000000000,-4.192024478569649,50.43830905370571,10972.8,22728.94085815235,213.21393,0.15809138308303017,0.27250353682324113,1.0,0.0,0.0,13.799951618596008
NW150_FL360,2022-03-01 00:55:00.000000000,-4.05459994846935,50.526374901734854,10972.8,22728.94085815235,213.08165,0.16305371662465837,0.2812987148018493,1.0,0.0,0.0,13.799947801542151
NW150_FL360,2022-03-01 00:56:00.000000000,-3.915837172821923,50.61375262023863,10972.8,22728.94085815235,212.92995,0.1698693021184305,0.2933440072988011,1.0,0.0,0.0,13.799961634315533
NW150_FL360,2022-03-01 00:57:00.000000000,-3.775730534366871,50.70042998100058,10972.8,22728.94085815235,212.77641,0.17601977218365852,0.3042666129582907,1.0,0.0,0.0,13.800015187556577
NW150_FL360,2022-03-01 00:58:00.000000000,-3.634272966085093,50.78639370865784,10972.8,22728.94085815235,212.63843,0.18555175457604317,0.3210276977054236,1.0,0.0,0.0,13.800009923240955
NW150_FL360,2022-03-01 00:59:00.000000000,-3.491468425213449,50.87163617748502,10972.8,22728.94085815235,212.51372,0.1951261662056877,0.3378639731579575,1.0,0.0,0.0,13.800004456466626
NW150_FL360,2022-03-01 01:00:00.000000000,-3.3473158711349957,50.956146985350514,10972.8,22728.94085815235,212.39323,0.20241120424754633,0.3507481313999489,1.0,0.0,0.0,13.799998839363584
NW150_FL360,2022-03-01 01:01:00.000000000,-3.201815162333295,51.03991604591398,10972.8,22728.94085815235,212.33025,0.2072134084068103,0.3592142953658107,1.0,0.0,0.0,13.799993126409735
NW150_FL360,2022-03-01 01:02:00.000000000,-3.0549670550937402,51.122933607024926,10972.8,22728.94085815235,212.32007,0.20947715978979475,0.36316151573375716,1.0,0.0,0.0,13.799987373795798
NW150_FL360,2022-03-01 01:03:00.000000000,-2.9067732000863327,51.20519026867862,10972.8,22728.94085815235,212.28352,0.21039310554603727,0.3648347430240697,1.0,0.0,0.0,13.799981638763203
NW150_FL360,2022-03-01 01:04:00.000000000,-2.75723613682413,51.28667700045241,10972.8,22728.94085815235,212.24927,0.21151694309168773,0.3668637575165497,1.0,0.0,0.0,13.799975978917063
NW150_FL360,2022-03-01 01:05:00.000000000,-2.6063592860038653,51.367385158347936,10972.8,22728.94085815235,212.2225,0.21373579141042082,0.3707753775437339,1.0,0.0,0.0,13.799970451534813
NW150_FL360,2022-03-01 01:06:00.000000000,-2.4541469397475377,51.44730650096773,10972.8,22728.94085815235,212.19698,0.21447852815703825,0.37212424036541636,1.0,0.0,0.0,13.799965112869177
NW150_FL360,2022-03-01 01:07:00.000000000,-2.300604249774821,51.526433204957165,10972.8,22728.94085815235,212.19302,0.2145964569617677,0.3723386095591623,1.0,0.0,0.0,13.799960017463881
NW150_FL360,2022-03-01 01:08:00.000000000,-2.145737213549071,51.60475787964777,10972.8,22728.94085815235,212.225,0.21348578520021635,0.37033552655481217,1.0,0.0,0.0,13.799955217494318
NW150_FL360,2022-03-01 01:09:00.000000000,-1.9895526584501013,51.682273580841326,10972.8,22728.94085815235,212.22075,0.2119203137956545,0.36763070638612527,1.0,0.0,0.0,13.799950762132118
NW150_FL360,2022-03-01 01:10:00.000000000,-1.832058224038491,51.758973823679455,10972.8,22728.94085815235,212.22325,0.2065828182770779,0.35836502562401634,1.0,0.0,0.0,13.799946696952656
NW150_FL360,2022-03-01 01:11:00.000000000,-1.6732623424866224,51.83485259454882,10972.8,22728.94085815235,212.28267,0.20035671259477164,0.34743190636103394,1.0,0.0,0.0,13.799943063395368
NW150_FL360,2022-03-01 01:12:00.000000000,-1.513174217261294,51.909904361977446,10972.8,22728.94085815235,212.30173,0.19519589702591036,0.33844318064799234,1.0,0.0,0.0,13.799939898272926
NW150_FL360,2022-03-01 01:13:00.000000000,-1.3518038001522044,51.98412408648381,10972.8,22728.94085815235,212.30785,0.19009738449278965,0.3295890076390932,1.0,0.0,0.0,13.799939745243607
NW150_FL360,2022-03-01 01:14:00.000000000,-1.1891615462200298,52.057507082236924,10972.8,22728.94085815235,212.31898,0.1862728560954574,0.322935872213422,1.0,0.0,0.0,13.800020924011612
NW150_FL360,2022-03-01 01:15:00.000000000,-1.0252518319892376,52.13004458185368,10972.8,22728.94085815235,212.28468,0.18429830126822724,0.3195818194044518,1.0,0.0,0.0,13.800013978858964
NW150_FL360,2022-03-01 01:16:00.000000000,-0.8600941937770141,52.20173800568454,10972.8,22728.94085815235,212.21825,0.188520951003484,0.327043208775342,1.0,0.0,0.0,13.800007477983955
NW150_FL360,2022-03-01 01:17:00.000000000,-0.6937013373187131,52.27258437763797,10972.8,22728.94085815235,212.13304,0.1940289667589044,0.33678038744740674,1.0,0.0,0.0,13.800001452770012
NW150_FL360,2022-03-01 01:18:00.000000000,-0.5260865789675423,52.34258124591907,10972.8,22728.94085815235,212.03726,0.19861122279778984,0.3449442879306333,1.0,0.0,0.0,13.799995928589095
NW150_FL360,2022-03-01 01:19:00.000000000,-0.35726381511859207,52.4117266860437,10972.8,22728.94085815235,211.90852,0.21025273298686972,0.3654611625654719,1.0,0.0,0.0,13.79999092471825
NW150_FL360,2022-03-01 01:20:00.000000000,-0.1872474908346242,52.480019302721765,10972.8,22728.94085815235,211.76962,0.22406036393813777,0.3898045632185825,1.0,0.0,0.0,13.799986454317708
NW150_FL360,2022-03-01 01:21:00.000000000,-0.0160525678074433,52.54745823062341,10972.8,22728.94085815235,211.6457,0.2403017013695736,0.4183867822659374,1.0,0.0,0.0,13.799982524503399
NW150_FL360,2022-03-01 01:22:00.000000000,0.15630550821031364,52.614043134048934,10972.8,22728.94085815235,211.56465,0.26267420548373954,0.4575724780306545,1.0,0.0,0.0,13.79997913648606
NW150_FL360,2022-03-01 01:23:00.000000000,0.329810840369795,52.67977420552756,10972.8,22728.94085815235,211.45282,0.28471918986629335,0.49632474965069306,1.0,0.0,0.0,13.799976285786364
NW150_FL360,2022-03-01 01:24:00.000000000,0.5044471139547051,52.74465216337665,10972.8,22728.94085815235,211.30353,0.3057827717083107,0.5335419295983241,1.0,0.0,0.0,13.799973962517008
NW150_FL360,2022-03-01 01:25:00.000000000,0.680197629744843,52.80867824825721,10972.8,22728.94085815235,211.26027,0.32340024227799125,0.5644355246832959,1.0,0.0,0.0,13.799972151720771
NW150_FL360,2022-03-01 01:26:00.000000000,0.857045337388637,52.8718542187659,10972.8,22728.94085815235,211.21367,0.341026746998326,0.5953702203847684,1.0,0.0,0.0,13.799970833761792
NW150_FL360,2022-03-01 01:27:00.000000000,1.034972868662569,52.93418234610838,10972.8,22728.94085815235,211.15619,0.3604212571151145,0.6294564074825446,1.0,0.0,0.0,13.799969984769
NW150_FL360,2022-03-01 01:28:00.000000000,1.2139625705007244,52.99566540790184,10972.8,22728.94085815235,211.13353,0.3815858790469452,0.6665142749468508,1.0,0.0,0.0,13.799969577100743
NW150_FL360,2022-03-01 01:29:00.000000000,1.3939965376829655,53.056306681157686,10972.8,22728.94085815235,211.14867,0.39549516718322497,0.6907439000996377,1.0,0.0,0.0,13.799969579857322
NW150_FL360,2022-03-01 01:30:00.000000000,1.5750566450764563,53.11610993449817,10972.8,22728.94085815235,211.15277,0.4094923819586887,0.7151714927695232,1.0,0.0,0.0,13.799969959394309
NW150_FL360,2022-03-01 01:31:00.000000000,1.7571245793312809,53.17507941966272,10972.8,22728.94085815235,211.14209,0.42525913163661644,0.7427617767239029,1.0,0.0,0.0,13.799970679859165
NW150_FL360,2022-03-01 01:32:00.000000000,1.9401818699385918,53.23321986236095,10972.8,22728.94085815235,211.10759,0.4390435040778044,0.7670005407791236,1.0,0.0,0.0,13.799971703727884
NW150_FL360,2022-03-01 01:33:00.000000000,2.1242099195660367,53.29053645253109,10972.8,22728.94085815235,211.07816,0.4507038088209485,0.7875143609723309,1.0,0.0,0.0,13.799972992333837
NW150_FL360,2022-03-01 01:34:00.000000000,2.3091900335932243,53.34703483406254,10972.8,22728.94085815235,211.02725,0.4646266654713039,0.8121017987474605,1.0,0.0,0.0,13.799974506384897
NW150_FL360,2022-03-01 01:35:00.000000000,2.4951034487770922,53.402721094041766,10972.8,22728.94085815235,210.95157,0.4819458181614025,0.8427704059697511,1.0,0.0,0.0,13.799976206465772
NW150_FL360,2022-03-01 01:36:00.000000000,2.6819313609848683,53.457601751580526,10972.8,22728.94085815235,210.8782,0.4996554173348531,0.8741376230333798,1.0,0.0,0.0,13.799978053504757
NW150_FL360,2022-03-01 01:37:00.000000000,2.8696549519397707,53.511683746284476,10972.8,22728.94085815235,210.80257,0.5171312066805371,0.9051349996737165,1.0,0.0,0.0,13.799980009221503
NW150_FL360,2022-03-01 01:38:00.000000000,3.0582554149321086,53.56497442641937,10972.8,22728.94085815235,210.72798,0.532729230506574,0.9328710292929198,1.0,0.0,0.0,13.799982036526542
NW150_FL360,2022-03-01 01:39:00.000000000,3.2477139794557783,53.61748153683056,10972.8,22728.94085815235,210.65858,0.5458638847950618,0.9562803076517811,1.0,0.0,0.0,13.799984099891018
NW150_FL360,2022-03-01 01:40:00.000000000,3.4380119347371982,53.6692132066701,10972.8,22728.94085815235,210.57967,0.5564706574559082,0.9753383345783684,1.0,0.0,0.0,13.799986165670656
NW150_FL360,2022-03-01 01:41:00.000000000,3.629130652131118,53.72017793698295,10972.8,22728.94085815235,210.49167,0.5655200395887656,0.9917389783786222,1.0,0.0,0.0,13.79998820237766
NW150_FL360,2022-03-01 01:42:00.000000000,3.821051606363487,53.770384588202695,10972.8,22728.94085815235,210.39792,0.5727999853160293,1.005086358696444,1.0,1.0,1.0,13.799990180922991
NW150_FL360,2022-03-01 01:43:00.000000000,4.013756395608983,53.81984236760365,10972.8,22728.94085815235,210.3043,0.5778729540859251,1.0145739158959672,1.0,1.0,1.0,13.79999207479392
NW150_FL360,2022-03-01 01:44:00.000000000,4.207226760395775,53.868560816754226,10972.8,22728.94085815235,210.20241,0.5758769666844686,1.0117057291097071,1.0,1.0,1.0,13.79999386020077
NW150_FL360,2022-03-01 01:45:00.000000000,4.401444601336398,53.9165497990135,10972.8,22728.94085815235,210.0844,0.5755074002785464,1.0117922515371633,1.0,1.0,1.0,13.799995516168021
NW150_FL360,2022-03-01 01:46:00.000000000,4.59639199568854,53.96381948710966,10972.8,22728.94085815235,209.95969,0.5692836999458644,1.0016137390003244,1.0,1.0,1.0,13.799997024593432
NW150_FL360,2022-03-01 01:47:00.000000000,4.792051212754257,54.01038035083665,10972.8,22728.94085815235,209.8252,0.5569349555510202,0.9806943784899046,1.0,0.0,0.0,13.799998370255315
NW150_FL360,2022-03-01 01:48:00.000000000,4.988404728130883,54.05624314490155,10972.8,22728.94085815235,209.66817,0.5474088382193173,0.9648422965839728,1.0,0.0,0.0,13.799999540791967
NW150_FL360,2022-03-01 01:49:00.000000000,5.185435236830494,54.101418896952666,10972.8,22728.94085815235,209.52844,0.5387622238927623,0.9504085502418705,1.0,0.0,0.0,13.800000526639762
NW150_FL360,2022-03-01 01:50:00.000000000,5.383125665288684,54.14591889581483,10972.8,22728.94085815235,209.39737,0.5325713232082874,0.9402393149963276,1.0,0.0,0.0,13.800001320950413
NW150_FL360,2022-03-01 01:51:00.000000000,5.581459182286482,54.18975467995547,10972.8,22728.94085815235,209.26688,0.5314629255286138,0.9390244918159291,1.0,0.0,0.0,13.800001919470516
NW150_FL360,2022-03-01 01:52:00.000000000,5.780419208811863,54.23293802620198,10972.8,22728.94085815235,209.14685,0.5364472830687832,0.9485201190994378,1.0,0.0,0.0,13.800002320404134
NW150_FL360,2022-03-01 01:53:00.000000000,5.979989426890096,54.27548093872749,10972.8,22728.94085815235,209.04187,0.5454732883915624,0.965091857593398,1.0,0.0,0.0,13.800002524262844
NW150_FL360,2022-03-01 01:54:00.000000000,6.180153787413816,54.31739563831984,10972.8,22728.94085815235,208.99554,0.5525191279061759,0.9778313619401466,1.0,0.0,0.0,13.800002533692991
NW150_FL360,2022-03-01 01:55:00.000000000,6.3808965170056196,54.35869455194499,10972.8,22728.94085815235,208.98744,0.5565365255192605,0.9849901266105957,1.0,0.0,0.0,13.800002353293928
NW150_FL360,2022-03-01 01:56:00.000000000,6.5822021239473365,54.399390302613654,10972.8,22728.94085815235,209.03601,0.5549247887868246,0.9818481171051237,1.0,0.0,0.0,13.80000198943833
NW150_FL360,2022-03-01 01:57:00.000000000,6.784055403211021,54.4394956995573,10972.8,22728.94085815235,209.14973,0.5461705277361162,0.9656953049069895,1.0,0.0,0.0,13.800001450080874
NW150_FL360,2022-03-01 01:58:00.000000000,6.986441440627737,54.479023728716754,10972.8,22728.94085815235,209.26804,0.5372077533860938,0.9491688027287332,1.0,0.0,0.0,13.800000744570198
NW150_FL360,2022-03-01 01:59:00.000000000,7.18934561623043,54.51798754354435,10972.8,22728.94085815235,209.44435,0.5201397972596761,0.9180293293496927,1.0,0.0,0.0,13.799999883471097
NW150_FL360,2022-03-01 02:00:00.000000000,7.392753606807693,54.55640045611831,10972.8,22728.94085815235,209.64133,0.5002932782134096,0.8819440269263663,1.0,0.0,0.0,13.799998878381079
NW150_FL360,2022-03-01 02:01:00.000000000,7.596651387704953,54.594275928565615,10972.8,22728.94085815235,209.81876,0.4787744462956523,0.8430953837537538,1.0,0.0,0.0,13.799997741767196
NW150_FL360,2022-03-01 02:02:00.000000000,7.801025233909899,54.63162756478736,10972.8,22728.94085815235,209.96439,0.457301181772617,0.8045652054714941,1.0,0.0,0.0,13.799996486806835
NW150_FL360,2022-03-01 02:03:00.000000000,8.005861720458118,54.66846910247922,10972.8,22728.94085815235,210.09993,0.43761601956828244,0.769293214994354,1.0,0.0,0.0,13.799995127240448
NW150_FL360,2022-03-01 02:04:00.000000000,8.21114772219488,54.70481440543687,10972.8,22728.94085815235,210.1331,0.4227954012170769,0.7430892932968041,1.0,0.0,0.0,13.799993677240758
NW150_FL360,2022-03-01 02:05:00.000000000,8.416870412928134,54.74067745613532,10972.8,22728.94085815235,210.18224,0.40901033417639626,0.7186414626816937,1.0,0.0,0.0,13.799992151289874
NW150_FL360,2022-03-01 02:06:00.000000000,8.623017264007114,54.77607234856892,10972.8,22728.94085815235,210.19795,0.401256570466763,0.7049509836459846,1.0,0.0,0.0,13.799990564074568
NW150_FL360,2022-03-01 02:07:00.000000000,8.829576042360262,54.81101328133762,10972.8,22728.94085815235,210.18947,0.3986807451966942,0.7004608644471034,1.0,0.0,0.0,13.799988930389441
NW150_FL360,2022-03-01 02:08:00.000000000,9.036534808025143,54.845514550963514,10972.8,22728.94085815235,210.19438,0.39802859998428874,0.6992933553239944,1.0,0.0,0.0,13.799987265057572
NW150_FL360,2022-03-01 02:09:00.000000000,9.243881911202225,54.87959054542058,10972.8,22728.94085815235,210.20558,0.4006548203771889,0.7038603081395574,1.0,0.0,0.0,13.799985582857834
NW150_FL360,2022-03-01 02:10:00.000000000,9.451605988863491,54.91325573785914,10972.8,22728.94085815235,210.22876,0.40196770837889506,0.7060663229543594,1.0,0.0,0.0,13.799983898464221
NW150_FL360,2022-03-01 02:11:00.000000000,9.659695960945642,54.94652468050605,10972.8,22728.94085815235,210.26587,0.40559576242683665,0.7122739142320242,1.0,0.0,0.0,13.799982226394873
NW150_FL360,2022-03-01 02:12:00.000000000,9.868141026157087,54.97941199871997,10972.8,22728.94085815235,210.29877,0.4086096177325863,0.7174209871389233,1.0,0.0,0.0,8.717907553283178
NW150_FL360,2022-03-01 02:12:37.904240283,10.0,55.0,10972.8,22728.94085815235,210.3148,0.4093351026304944,0.7186256794261106,1.0,0.0,0.0,0.0
NW300_FL360,2022-03-01 00:00:00.000000000,-10.000000000000002,45.00000000000001,10972.8,22728.94085815235,211.58328,0.6320578049521836,1.1009019574927819,1.0,1.0,1.0,13.800034843118594
NW300_FL360,2022-03-01 00:01:00.000000000,-9.948323151402047,45.11861698721326,10972.8,22728.94085815235,211.6356,0.6099451347293872,1.062038673723758,1.0,1.0,1.0,13.800006665435859
NW300_FL360,2022-03-01 00:02:00.000000000,-9.896402137726424,45.2372040256995,10972.8,22728.94085815235,211.6443,0.5958682236355193,1.0374706908248128,1.0,1.0,1.0,13.799977763173437
NW300_FL360,2022-03-01 00:03:00.000000000,-9.844205048187119,45.355754336568715,10972.8,22728.94085815235,211.66917,0.5825194029456177,1.0140686395430027,1.0,1.0,1.0,13.800003201880159
NW300_FL360,2022-03-01 00:04:00.000000000,-9.79169221545635,45.47425993803365,10972.8,22728.94085815235,211.69142,0.5702767796355731,0.9926199455137508,1.0,0.0,0.0,13.800019831035982
NW300_FL360,2022-03-01 00:05:00.000000000,-9.73883020753365,45.592713564836444,10972.8,22728.94085815235,211.78082,0.5493807273810372,0.9557073518550008,1.0,0.0,0.0,13.799990542186567
NW300_FL360,2022-03-01 00:06:00.000000000,-9.68559173693477,45.711108893423734,10972.8,22728.94085815235,211.89389,0.5254644861080928,0.913445874600901,1.0,0.0,0.0,13.799966575556896
NW300_FL360,2022-03-01 00:07:00.000000000,-9.631942676019541,45.82943851868831,10972.8,22728.94085815235,212.03401,0.4987269814037794,0.8662001512459762,1.0,0.0,0.0,13.800034470564826
NW300_FL360,2022-03-01 00:08:00.000000000,-9.577832641962,45.94769216492699,10972.8,22728.94085815235,212.18681,0.47111384244432597,0.8174431655642515,1.0,0.0,0.0,13.800004853679956
NW300_FL360,2022-03-01 00:09:00.000000000,-9.523242741476356,46.0658646319852,10972.8,22728.94085815235,212.3431,0.44325716857106584,0.7683422134094868,1.0,0.0,0.0,13.799975174589125
NW300_FL360,2022-03-01 00:10:00.000000000,-9.468138670649463,46.1839481275579,10972.8,22728.94085815235,212.49927,0.4145627507377901,0.717885722691451,1.0,0.0,0.0,13.799996337513656
NW300_FL360,2022-03-01 00:11:00.000000000,-9.412475134560134,46.30193273606196,10972.8,22728.94085815235,212.66681,0.3862517454916302,0.6681418045748599,1.0,0.0,0.0,13.80002177829723
NW300_FL360,2022-03-01 00:12:00.000000000,-9.356214232217248,46.41980959140651,10972.8,22728.94085815235,212.84543,0.3586750374134024,0.6197269364121941,1.0,0.0,0.0,13.799991978487872
NW300_FL360,2022-03-01 00:13:00.000000000,-9.299331078055891,46.53757207105862,10972.8,22728.94085815235,213.01973,0.33351127431792776,0.5756000144462591,1.0,0.0,0.0,13.79996288903523
NW300_FL360,2022-03-01 00:14:00.000000000,-9.2417896335749,46.65521139046437,10972.8,22728.94085815235,213.21382,0.3093285956327825,0.533192975113744,1.0,0.0,0.0,13.800017586397669
NW300_FL360,2022-03-01 00:15:00.000000000,-9.183533336757865,46.77271458254579,10972.8,22728.94085815235,213.41837,0.28677835332763657,0.4936649880223176,1.0,0.0,0.0,13.800012642606154
NW300_FL360,2022-03-01 00:16:00.000000000,-9.124537269676559,46.8900744241367,10972.8,22728.94085815235,213.63979,0.26864942729893004,0.46178993084835324,1.0,0.0,0.0,13.799983478538548
NW300_FL360,2022-03-01 00:17:00.000000000,-9.06476959695927,47.00728223711839,10972.8,22728.94085815235,213.8538,0.25131290707239595,0.4313832308849027,1.0,0.0,0.0,13.799955874461615
NW300_FL360,2022-03-01 00:18:00.000000000,-9.004192371172094,47.124327917170994,10972.8,22728.94085815235,214.0666,0.2379725746466597,0.4079117390029033,1.0,0.0,0.0,13.800022795812414
NW300_FL360,2022-03-01 00:19:00.000000000,-8.942742331284771,47.241195837621795,10972.8,22728.94085815235,214.29668,0.2234505806797823,0.3824373218771576,1.0,0.0,0.0,13.80000943014113
NW300_FL360,2022-03-01 00:20:00.000000000,-8.880399361758288,47.35787881023055,10972.8,22728.94085815235,214.4505,0.21525535197505932,0.3680347580599602,1.0,0.0,0.0,13.79998144097103
NW300_FL360,2022-03-01 00:21:00.000000000,-8.81712804662872,47.47436632203423,10972.8,22728.94085815235,214.64035,0.2045205621573199,0.3492388003181844,1.0,0.0,0.0,13.799955751288898
NW300_FL360,2022-03-01 00:22:00.000000000,-8.752888484884062,47.59064660231162,10972.8,22728.94085815235,214.82555,0.1951192018368711,0.3327721553145488,1.0,0.0,0.0,13.79999974357544
NW300_FL360,2022-03-01 00:23:00.000000000,-8.687621184744504,47.70670318021615,10972.8,22728.94085815235,214.99054,0.1862694563133597,0.31732751451550445,1.0,0.0,0.0,13.800014603485252
NW300_FL360,2022-03-01 00:24:00.000000000,-8.6212916133352,47.822524520353284,10972.8,22728.94085815235,215.13512,0.1785392729139837,0.3038626172933022,1.0,0.0,0.0,13.799987752859257
NW300_FL360,2022-03-01 00:25:00.000000000,-8.553869741791866,47.93809981100981,10972.8,22728.94085815235,215.27815,0.17121506529638664,0.29111583494305027,1.0,0.0,0.0,13.79996366704769
NW300_FL360,2022-03-01 00:26:00.000000000,-8.485313856181833,48.05341525950304,10972.8,22728.94085815235,215.40027,0.16441126773794695,0.2793162644801354,1.0,0.0,0.0,13.799942842235483
NW300_FL360,2022-03-01 00:27:00.000000000,-8.415581801578655,48.16845651097662,10972.8,22728.94085815235,215.47801,0.15936720545233463,0.27060465391745925,1.0,0.0,0.0,13.800016914087612
NW300_FL360,2022-03-01 00:28:00.000000000,-8.344603841813232,48.28320205518647,10972.8,22728.94085815235,215.54646,0.15504551347962753,0.26314417049713523,1.0,0.0,0.0,13.800004972425114
NW300_FL360,2022-03-01 00:29:00.000000000,-8.272359617391693,48.397641532390416,10972.8,22728.94085815235,215.58635,0.15169480948275138,0.25738694084994856,1.0,0.0,0.0,13.799981440007572
NW300_FL360,2022-03-01 00:30:00.000000000,-8.198809767667017,48.511759680983936,10972.8,22728.94085815235,215.61087,0.14899546948716832,0.2527653671850126,1.0,0.0,0.0,13.799961128930406
NW300_FL360,2022-03-01 00:31:00.000000000,-8.123910851857396,48.62553969747014,10972.8,22728.94085815235,215.60403,0.148268787736588,0.2515433499425864,1.0,0.0,0.0,13.79994434951923
NW300_FL360,2022-03-01 00:32:00.000000000,-8.047619175060253,48.73896411389615,10972.8,22728.94085815235,215.61804,0.14822053720007028,0.25143780552162526,1.0,0.0,0.0,13.799949522704459
NW300_FL360,2022-03-01 00:33:00.000000000,-7.969885434552368,48.85201334557368,10972.8,22728.94085815235,215.58011,0.14559899177221833,0.24705435929333205,1.0,0.0,0.0,13.800014181102688
NW300_FL360,2022-03-01 00:34:00.000000000,-7.890648069563789,48.96466371012504,10972.8,22728.94085815235,215.53549,0.1420162215503781,0.2410482507274244,1.0,0.0,0.0,13.799992650903825
NW300_FL360,2022-03-01 00:35:00.000000000,-7.809886021383044,49.076901625594274,10972.8,22728.94085815235,215.48792,0.13946417906392355,0.23679289174297724,1.0,0.0,0.0,13.799974108707389
NW300_FL360,2022-03-01 00:36:00.000000000,-7.727555347093408,49.1887068387166,10972.8,22728.94085815235,215.43993,0.13751794470728587,0.2335648996357453,1.0,0.0,0.0,13.799958655833514
NW300_FL360,2022-03-01 00:37:00.000000000,-7.643612181951804,49.30005836390617,10972.8,22728.94085815235,215.426,0.1358731740700467,0.23079322826642762,1.0,0.0,0.0,13.799946336900428
NW300_FL360,2022-03-01 00:38:00.000000000,-7.558012825338964,49.41093447592809,10972.8,22728.94085815235,215.44139,0.13402287208485975,0.22762663979969405,1.0,0.0,0.0,13.799937139245799
NW300_FL360,2022-03-01 00:39:00.000000000,-7.470713833585899,49.52131270557739,10972.8,22728.94085815235,215.45828,0.13220209129496716,0.22450831800708868,1.0,0.0,0.0,13.799930993467326
NW300_FL360,2022-03-01 00:40:00.000000000,-7.381672119623329,49.63116983869982,10972.8,22728.94085815235,215.50601,0.12940350301961132,0.21968474144481437,1.0,0.0,0.0,13.799935080408797
NW300_FL360,2022-03-01 00:41:00.000000000,-7.290842991180416,49.740481273968314,10972.8,22728.94085815235,215.57751,0.12668158619492612,0.2149589874376667,1.0,0.0,0.0,13.79999350665374
NW300_FL360,2022-03-01 00:42:00.000000000,-7.198169519410879,49.84921753340485,10972.8,22728.94085815235,215.65613,0.12332753602042197,0.20915566346368128,1.0,0.0,0.0,13.799978927303988
NW300_FL360,2022-03-01 00:43:00.000000000,-7.103628498314238,49.95735875096998,10972.8,22728.94085815235,215.74725,0.1197866857153981,0.20302439747547543,1.0,0.0,0.0,13.799966433137888
NW300_FL360,2022-03-01 00:44:00.000000000,-7.0071795140932345,50.06487885572919,10972.8,22728.94085815235,215.84491,0.1164196220642388,0.1971859154685343,1.0,0.0,0.0,13.79995586908043
NW300_FL360,2022-03-01 00:45:00.000000000,-6.9087830925656055,50.171751090152405,10972.8,22728.94085815235,215.9106,0.11344701814680656,0.19206491308151175,1.0,0.0,0.0,13.799947052381834
NW300_FL360,2022-03-01 00:46:00.000000000,-6.808400832996052,50.27794803570585,10972.8,22728.94085815235,215.96846,0.11071898767473302,0.18737198170935965,1.0,0.0,0.0,13.799939778560672
NW300_FL360,2022-03-01 00:47:00.000000000,-6.705995546066805,50.38344164394248,10972.8,22728.94085815235,215.99275,0.10851461098483006,0.18361071440045793,1.0,0.0,0.0,13.799933827852389
NW300_FL360,2022-03-01 00:48:00.000000000,-6.601531395219343,50.48820327332102,10972.8,22728.94085815235,216.00551,0.10651199459849409,0.18020652409105017,1.0,0.0,0.0,13.799928972027583
NW300_FL360,2022-03-01 00:49:00.000000000,-6.494974040497284,50.592203731941304,10972.8,22728.94085815235,215.99356,0.10527324751106273,0.1781252552216144,1.0,0.0,0.0,13.799924981403041
NW300_FL360,2022-03-01 00:50:00.000000000,-6.386290783920157,50.69541332633463,10972.8,22728.94085815235,215.9644,0.10428213171717664,0.17648362933695624,1.0,0.0,0.0,13.799921631877607
NW300_FL360,2022-03-01 00:51:00.000000000,-6.2754507153220995,50.797801916390625,10972.8,22728.94085815235,215.94958,0.10330757737391967,0.1748521969970032,1.0,0.0,0.0,13.799918711778243
NW300_FL360,2022-03-01 00:52:00.000000000,-6.162424857501622,50.89933897643868,10972.8,22728.94085815235,215.94102,0.10276662765000844,0.17394679337600216,1.0,0.0,0.0,13.799916028361567
NW300_FL360,2022-03-01 00:53:00.000000000,-6.0471863094495175,50.99999366243146,10972.8,22728.94085815235,215.92639,0.10220567823518094,0.1730146261670294,1.0,0.0,0.0,13.799913413752241
NW300_FL360,2022-03-01 00:54:00.000000000,-5.929710386355748,51.099734885102215,10972.8,22728.94085815235,215.97775,0.10124179016813004,0.17132222647648915,1.0,0.0,0.0,13.799910730138198
NW300_FL360,2022-03-01 00:55:00.000000000,-5.8099747550443395,51.19853138888636,10972.8,22728.94085815235,216.02827,0.1001396144462931,0.16939892270821064,1.0,0.0,0.0,13.799907874076975
NW300_FL360,2022-03-01 00:56:00.000000000,-5.687959563450105,51.296351836313654,10972.8,22728.94085815235,216.09468,0.09893918279798468,0.1672917425790155,1.0,0.0,0.0,13.79990477972228
NW300_FL360,2022-03-01 00:57:00.000000000,-5.56364756273571,51.39316489749046,10972.8,22728.94085815235,216.1915,0.09755446946099601,0.1648405416928556,1.0,0.0,0.0,13.799901420893251
NW300_FL360,2022-03-01 00:58:00.000000000,-5.4370242206528845,51.48893934420452,10972.8,22728.94085815235,216.28958,0.09629796289923148,0.1626073350134159,1.0,0.0,0.0,13.799897811846515
NW300_FL360,2022-03-01 00:59:00.000000000,-5.308077824779514,51.583644148098536,10972.8,22728.94085815235,216.39688,0.09531746891864294,0.16083234066170926,1.0,0.0,0.0,13.799894006728076
NW300_FL360,2022-03-01 01:00:00.000000000,-5.176799574316013,51.67724858227623,10972.8,22728.94085815235,216.53406,0.09399576938247763,0.158451519003731,1.0,0.0,0.0,13.799890097668875
NW300_FL360,2022-03-01 01:01:00.000000000,-5.043183659200432,51.76972232562682,10972.8,22728.94085815235,216.66483,0.09285426721666593,0.15638521296422103,1.0,0.0,0.0,13.799886211544619
NW300_FL360,2022-03-01 01:02:00.000000000,-4.907227325401263,51.8610355690834,10972.8,22728.94085815235,216.77362,0.09181532947019051,0.15451832090751966,1.0,0.0,0.0,13.799882505488926
NW300_FL360,2022-03-01 01:03:00.000000000,-4.768930925370678,51.95115912296934,10972.8,22728.94085815235,216.89198,0.09059641869768024,0.15234093298824716,1.0,0.0,0.0,13.799879161238978
NW300_FL360,2022-03-01 01:04:00.000000000,-4.628297952786058,52.04006452453659,10972.8,22728.94085815235,217.0099,0.08924802736424042,0.14994997506679134,1.0,0.0,0.0,13.79987637850337
NW300_FL360,2022-03-01 01:05:00.000000000,-4.485335060872928,52.127724144762055,10972.8,22728.94085815235,217.09944,0.08820993796979233,0.14811262878352555,1.0,0.0,0.0,13.799874367506506
NW300_FL360,2022-03-01 01:06:00.000000000,-4.340052063785224,52.214111293444496,10972.8,22728.94085815235,217.1532,0.08780980847708511,0.14738519697217875,1.0,0.0,0.0,13.799875260345667
NW300_FL360,2022-03-01 01:07:00.000000000,-4.192461576710146,52.299200123019176,10972.8,22728.94085815235,217.17749,0.08761970427827584,0.1470413100086753,1.0,0.0,0.0,13.799958362399373
NW300_FL360,2022-03-01 01:08:00.000000000,-4.042565505808821,52.382957721133714,10972.8,22728.94085815235,217.17825,0.08768885520655473,0.14715640996088833,1.0,0.0,0.0,13.79994634307932
NW300_FL360,2022-03-01 01:09:00.000000000,-3.8903976137133776,52.4653690353782,10972.8,22728.94085815235,217.18372,0.08791455985710711,0.1475294191234437,1.0,0.0,0.0,13.799934758524605
NW300_FL360,2022-03-01 01:10:00.000000000,-3.7359801900362437,52.5464122011229,10972.8,22728.94085815235,217.1742,0.08819895002793492,0.14801668311578234,1.0,0.0,0.0,13.799923893437573
NW300_FL360,2022-03-01 01:11:00.000000000,-3.5793384277428935,52.62606676530347,10972.8,22728.94085815235,217.16356,0.08833020513235007,0.1482479146893164,1.0,0.0,0.0,13.799914005702364
NW300_FL360,2022-03-01 01:12:00.000000000,-3.420500321548006,52.70431376094036,10972.8,22728.94085815235,217.1905,0.0880884773596459,0.14781406577331999,1.0,0.0,0.0,13.799905318758915
NW300_FL360,2022-03-01 01:13:00.000000000,-3.2594965516209413,52.78113577383572,10972.8,22728.94085815235,217.24443,0.08739575132876072,0.14659639343774333,1.0,0.0,0.0,13.799898015093248
NW300_FL360,2022-03-01 01:14:00.000000000,-3.0963603537213,52.85651700087687,10972.8,22728.94085815235,217.27957,0.08703710411995993,0.1459583502299243,1.0,0.0,0.0,13.799892231080968
NW300_FL360,2022-03-01 01:15:00.000000000,-2.93112737703906,52.93044329948208,10972.8,22728.94085815235,217.30763,0.08678128675808522,0.14550081546687305,1.0,0.0,0.0,13.79988805331851
NW300_FL360,2022-03-01 01:16:00.000000000,-2.7638355311439367,53.00290222783783,10972.8,22728.94085815235,217.33124,0.08658828273363253,0.14515305339141127,1.0,0.0,0.0,13.799885516550193
NW300_FL360,2022-03-01 01:17:00.000000000,-2.594524823554262,53.07388307569488,10972.8,22728.94085815235,217.28679,0.08724182041167011,0.14629421098930603,1.0,0.0,0.0,13.799884603266875
NW300_FL360,2022-03-01 01:18:00.000000000,-2.4232371895126836,53.14337688560977,10972.8,22728.94085815235,217.23196,0.08809338367217052,0.147779441569973,1.0,0.0,0.0,13.799885244947372
NW300_FL360,2022-03-01 01:19:00.000000000,-2.250016315606625,53.21137646463753,10972.8,22728.94085815235,217.16884,0.08913161420715285,0.1495871531700028,1.0,0.0,0.0,13.799887324900999
NW300_FL360,2022-03-01 01:20:00.000000000,-2.0749074588928185,53.277876386596866,10972.8,22728.94085815235,217.05974,0.09060952704744073,0.15218404200700333,1.0,0.0,0.0,13.799890682600761
NW300_FL360,2022-03-01 01:21:00.000000000,-1.8979572631798203,53.34287298513899,10972.8,22728.94085815235,216.96408,0.09186229368100306,0.1543918165443665,1.0,0.0,0.0,13.799895119344866
NW300_FL360,2022-03-01 01:22:00.000000000,-1.719213574090673,53.406364337953896,10972.8,22728.94085815235,216.88765,0.09297128351959942,0.15633953179063206,1.0,0.0,0.0,13.799900405062836
NW300_FL360,2022-03-01 01:23:00.000000000,-1.538725254472115,53.46835024254097,10972.8,22728.94085815235,216.87053,0.09347757545283975,0.15720906136655502,1.0,0.0,0.0,13.79990628602072
NW300_FL360,2022-03-01 01:24:00.000000000,-1.356542001638573,53.52883218405242,10972.8,22728.94085815235,216.85704,0.09391126485016188,0.1579535843162172,1.0,0.0,0.0,13.79991249319038
NW300_FL360,2022-03-01 01:25:00.000000000,-1.172714167843412,53.58781329578929,10972.8,22728.94085815235,216.82446,0.0945365753363577,0.15904167783896342,1.0,0.0,0.0,13.799918750991056
NW300_FL360,2022-03-01 01:26:00.000000000,-0.9872925852565602,53.64529831298643,10972.8,22728.94085815235,216.77322,0.09547152780514662,0.16067191105090825,1.0,0.0,0.0,13.799924786167315
NW300_FL360,2022-03-01 01:27:00.000000000,-0.800328396603329,53.7012935205683,10972.8,22728.94085815235,216.70555,0.09654503107129926,0.16255503594909504,1.0,0.0,0.0,13.79993033648061
NW300_FL360,2022-03-01 01:28:00.000000000,-0.6118728924847379,53.75580669558846,10972.8,22728.94085815235,216.64012,0.0976365921728849,0.164467635565645,1.0,0.0,0.0,13.799935159022626
NW300_FL360,2022-03-01 01:29:00.000000000,-0.42197735625945404,53.80884704508488,10972.8,22728.94085815235,216.53336,0.0990254986922265,0.16693137389701063,1.0,0.0,0.0,13.799939037850189
NW300_FL360,2022-03-01 01:30:00.000000000,-0.23069291722504956,53.86042514008997,10972.8,22728.94085815235,216.41852,0.10040645954854377,0.1693937429393256,1.0,0.0,0.0,13.79994179078318
NW300_FL360,2022-03-01 01:31:00.000000000,-0.03807041269302599,53.910552846529505,10972.8,22728.94085815235,216.31621,0.1016719736085109,0.1716500621686929,1.0,0.0,0.0,13.799943275155096
NW300_FL360,2022-03-01 01:32:00.000000000,0.1558397405871601,53.95924325373014,10972.8,22728.94085815235,216.11018,0.10431330937682481,0.17635996853551913,1.0,0.0,0.0,13.799943392385876
NW300_FL360,2022-03-01 01:33:00.000000000,0.35098766533486897,54.00651060123104,10972.8,22728.94085815235,215.8862,0.1074075444590316,0.18187027501195813,1.0,0.0,0.0,13.799942091276058
NW300_FL360,2022-03-01 01:34:00.000000000,0.5473241327828376,54.05237020456364,10972.8,22728.94085815235,215.64673,0.11126826481985072,0.18871586610751365,1.0,0.0,0.0,13.799939369947783
NW300_FL360,2022-03-01 01:35:00.000000000,0.7448006617853401,54.09683838062501,10972.8,22728.94085815235,215.37611,0.11643165855104043,0.1978368697783604,1.0,0.0,0.0,13.79993527641069
NW300_FL360,2022-03-01 01:36:00.000000000,0.943369608024376,54.139932373227055,10972.8,22728.94085815235,215.09964,0.12441973534743919,0.2118052157049488,1.0,0.0,0.0,13.799929907760507
NW300_FL360,2022-03-01 01:37:00.000000000,1.142984243446075,54.18167027935618,10972.8,22728.94085815235,214.83694,0.1329195014588139,0.2266748835624206,1.0,0.0,0.0,13.799923408062723
NW300_FL360,2022-03-01 01:38:00.000000000,1.3435988261461758,54.22207097662803,10972.8,22728.94085815235,214.58023,0.14308499448429124,0.24442941820692476,1.0,0.0,0.0,13.799915964977409
NW300_FL360,2022-03-01 01:39:00.000000000,1.545168660997899,54.26115405237014,10972.8,22728.94085815235,214.32423,0.1555990014307964,0.2662602472403918,1.0,0.0,0.0,13.799907805259913
NW300_FL360,2022-03-01 01:40:00.000000000,1.7476501513793214,54.298939734713336,10972.8,22728.94085815235,214.05792,0.1704920549576695,0.2922597711021051,1.0,0.0,0.0,13.799905225618216
NW300_FL360,2022-03-01 01:41:00.000000000,1.951001321706038,54.3354480988425,10972.8,22728.94085815235,213.79356,0.1901679477867289,0.32655577102494227,1.0,0.0,0.0,13.80003550067695
NW300_FL360,2022-03-01 01:42:00.000000000,2.1551912888926434,54.370684072582705,10972.8,22728.94085815235,213.51987,0.21236958177145443,0.3653349832521869,1.0,0.0,0.0,13.80001194060027
NW300_FL360,2022-03-01 01:43:00.000000000,2.3601687814981553,54.404685818447064,10972.8,22728.94085815235,213.25044,0.23733040585203408,0.4089915371092026,1.0,0.0,0.0,13.799988050689471
NW300_FL360,2022-03-01 01:44:00.000000000,2.5658948749977406,54.43747558046449,10972.8,22728.94085815235,212.98245,0.2652264235118803,0.45785923231340164,1.0,0.0,0.0,13.799964294443889
NW300_FL360,2022-03-01 01:45:00.000000000,2.772331890772268,54.46907594249486,10972.8,22728.94085815235,212.73181,0.2951945402082979,0.5104178674300556,1.0,0.0,0.0,13.79994113566568
NW300_FL360,2022-03-01 01:46:00.000000000,2.9794434044374127,54.49950977601977,10972.8,22728.94085815235,212.52742,0.32120295827598927,0.5561168291396652,1.0,0.0,0.0,13.799919029035573
NW300_FL360,2022-03-01 01:47:00.000000000,3.1871942485890172,54.528800191289015,10972.8,22728.94085815235,212.29341,0.35118327570897034,0.608935097459888,1.0,0.0,0.0,13.799903858262315
NW300_FL360,2022-03-01 01:48:00.000000000,3.395550879759554,54.55696978407656,10972.8,22728.94085815235,212.0574,0.378848743474,0.6578922240411982,1.0,0.0,0.0,13.800055039082034
NW300_FL360,2022-03-01 01:49:00.000000000,3.604491615359623,54.58402008165235,10972.8,22728.94085815235,211.82632,0.40530536730875505,0.7048673866134133,1.0,0.0,0.0,13.800015441936033
NW300_FL360,2022-03-01 01:50:00.000000000,3.8139728517228146,54.60999719041869,10972.8,22728.94085815235,211.58939,0.4322637132612866,0.7528779347018234,1.0,0.0,0.0,13.799978645815921
NW300_FL360,2022-03-01 01:51:00.000000000,4.023964354506401,54.63492486350083,10972.8,22728.94085815235,211.33269,0.46055014828748203,0.8034392497356985,1.0,0.0,0.0,13.799945081809751
NW300_FL360,2022-03-01 01:52:00.000000000,4.234437101686992,54.658826899104795,10972.8,22728.94085815235,211.05951,0.49172046948186815,0.8592828874015705,1.0,0.0,0.0,13.799915120264668
NW300_FL360,2022-03-01 01:53:00.000000000,4.445363262970964,54.68172711119074,10972.8,22728.94085815235,210.78688,0.5103034884742509,0.8932744798728649,1.0,0.0,0.0,13.800015788586125
NW300_FL360,2022-03-01 01:54:00.000000000,4.65672372489985,54.70363128764721,10972.8,22728.94085815235,210.498,0.529577494321344,0.9286743310584585,1.0,0.0,0.0,13.800026752290783
NW300_FL360,2022-03-01 01:55:00.000000000,4.868487720428609,54.7245739875963,10972.8,22728.94085815235,210.2149,0.5404615928281221,0.9494131334775386,1.0,0.0,0.0,13.799983572061933
NW300_FL360,2022-03-01 01:56:00.000000000,5.080627538644073,54.74458663851475,10972.8,22728.94085815235,209.95642,0.5413969601226118,0.9525697883564314,1.0,0.0,0.0,13.799945817559948
NW300_FL360,2022-03-01 01:57:00.000000000,5.293119881497206,54.763692990803875,10972.8,22728.94085815235,209.72716,0.5388691192271867,0.9494511693801739,1.0,0.0,0.0,13.799938516635832
NW300_FL360,2022-03-01 01:58:00.000000000,5.505943868646182,54.78191294381553,10972.8,22728.94085815235,209.52362,0.5340631711583921,0.9421496320931413,1.0,0.0,0.0,13.800050656767903
NW300_FL360,2022-03-01 01:59:00.000000000,5.719084419011531,54.79925175731836,10972.8,22728.94085815235,209.33305,0.5336234642766327,0.9424672857220269,1.0,0.0,0.0,13.800003204209666
NW300_FL360,2022-03-01 02:00:00.000000000,5.932512825652237,54.81575578710652,10972.8,22728.94085815235,209.18092,0.5392000507215344,0.9531905813317407,1.0,0.0,0.0,13.799962666862402
NW300_FL360,2022-03-01 02:01:00.000000000,6.1462099113233615,54.83144846222197,10972.8,22728.94085815235,209.07346,0.5463962036426109,0.9665406502776464,1.0,0.0,0.0,13.799932359184918
NW300_FL360,2022-03-01 02:02:00.000000000,6.3601576187555455,54.846352522537195,10972.8,22728.94085815235,209.00314,0.5528947082685282,0.9784521396380327,1.0,0.0,0.0,13.800051701259331
NW300_FL360,2022-03-01 02:03:00.000000000,6.574345601833692,54.860467055141825,10972.8,22728.94085815235,208.98154,0.556423092283829,0.9848261477340977,1.0,0.0,0.0,13.80000554177809
NW300_FL360,2022-03-01 02:04:00.000000000,6.788749289172524,54.87384091232076,10972.8,22728.94085815235,209.02815,0.5538040401972785,0.9799099711650149,1.0,0.0,0.0,13.799967129490193
NW300_FL360,2022-03-01 02:05:00.000000000,7.0033531669792195,54.88649708306962,10972.8,22728.94085815235,209.11504,0.5476575398915062,0.9685309913266718,1.0,0.0,0.0,13.799960623388825
NW300_FL360,2022-03-01 02:06:00.000000000,7.218143656439326,54.89845407593597,10972.8,22728.94085815235,209.28876,0.53148269684652,0.9389348939436338,1.0,0.0,0.0,13.8000381484042
NW300_FL360,2022-03-01 02:07:00.000000000,7.433110284466571,54.90971982486474,10972.8,22728.94085815235,209.47504,0.5146678047593239,0.9082030501939901,1.0,0.0,0.0,13.799997707739267
NW300_FL360,2022-03-01 02:08:00.000000000,7.648234507949747,54.92033751497244,10972.8,22728.94085815235,209.65814,0.49360321396538476,0.8700621745112668,1.0,0.0,0.0,13.799965046205028
NW300_FL360,2022-03-01 02:09:00.000000000,7.863504016276233,54.93032968835278,10972.8,22728.94085815235,209.82787,0.47209946913355316,0.8312957273180832,1.0,0.0,0.0,13.799998359184581
NW300_FL360,2022-03-01 02:10:00.000000000,8.078909613694025,54.93970734956771,10972.8,22728.94085815235,209.96295,0.4522154110072405,0.7956246953190935,1.0,0.0,0.0,13.800019524346945
NW300_FL360,2022-03-01 02:11:00.000000000,8.294439602046854,54.94849485749177,10972.8,22728.94085815235,210.05022,0.43372688602852755,0.7626858448125842,1.0,0.0,0.0,13.799987344744515
NW300_FL360,2022-03-01 02:12:00.000000000,8.51008135994762,54.95672549342708,10972.8,22728.94085815235,210.11612,0.41838255434771776,0.7354095522859605,1.0,0.0,0.0,13.799962217577544
NW300_FL360,2022-03-01 02:13:00.000000000,8.725825342473327,54.96442143190606,10972.8,22728.94085815235,210.12134,0.41108664156184466,0.7225598821205159,1.0,0.0,0.0,13.800030591944905
NW300_FL360,2022-03-01 02:14:00.000000000,8.941665815844612,54.97158610280672,10972.8,22728.94085815235,210.14429,0.4046529307828632,0.7111526822657873,1.0,0.0,0.0,13.800003074592663
NW300_FL360,2022-03-01 02:15:00.000000000,9.157590658160426,54.97826150894907,10972.8,22728.94085815235,210.15727,0.4028690977294446,0.7079602379859817,1.0,0.0,0.0,13.799979693093027
NW300_FL360,2022-03-01 02:16:00.000000000,9.373592057318856,54.984470163858454,10972.8,22728.94085815235,210.17413,0.4035111447379609,0.7090158514583714,1.0,0.0,0.0,13.799998894018712
NW300_FL360,2022-03-01 02:17:00.000000000,9.58966406355943,54.990225655978996,10972.8,22728.94085815235,210.20471,0.4056869085434112,0.7127038569085277,1.0,0.0,0.0,13.800013114578606
NW300_FL360,2022-03-01 02:18:00.000000000,9.805799607243536,54.995551318891,10972.8,22728.94085815235,210.24326,0.4088494544173142,0.7180886750773384,1.0,0.0,0.0,12.396422411584279
NW300_FL360,2022-03-01 02:18:53.897617080,9.999999999999996,55.0,10972.8,22728.94085815235,210.27402,0.4111424930779967,0.7219806366969376,1.0,0.0,0.0,0.0
SE300_FL370,2022-03-01 00:00:00.000000000,-10.000000000000002,45.00000000000001,11277.6,21662.374173827782,213.05789,0.36395272585305877,0.6279835569427756,1.0,0.0,0.0,13.800115027908165
SE300_FL370,2022-03-01 00:01:00.000000000,-9.832634228109365,45.0374989777726,11277.6,21662.374173827782,212.88382,0.3704498788102419,0.6399128207527198,1.0,0.0,0.0,13.800020549916326
SE300_FL370,2022-03-01 00:02:00.000000000,-9.665061957945106,45.074778023133646,11277.6,21662.374173827782,212.72346,0.37411053306408126,0.6469059513216855,1.0,0.0,0.0,13.799927543731021
SE300_FL370,2022-03-01 00:03:00.000000000,-9.497293172355167,45.111857647020635,11277.6,21662.374173827782,212.58011,0.37478841930311896,0.6486745206906047,1.0,0.0,0.0,13.800010362739226
SE300_FL370,2022-03-01 00:04:00.000000000,-9.329333869699752,45.148755048499964,11277.6,21662.374173827782,212.46504,0.379654047323106,0.6575804343358752,1.0,0.0,0.0,13.8000625389665
SE300_FL370,2022-03-01 00:05:00.000000000,-9.161195059406664,45.18549293097829,11277.6,21662.374173827782,212.35881,0.3866711421613649,0.6701899094818949,1.0,0.0,0.0,13.799971646306037
SE300_FL370,2022-03-01 00:06:00.000000000,-8.992889620285059,45.222095268527376,11277.6,21662.374173827782,212.25667,0.39548485775253445,0.685912200950054,1.0,0.0,0.0,13.799899873840282
SE300_FL370,2022-03-01 00:07:00.000000000,-8.824426642306625,45.25858271091628,11277.6,21662.374173827782,212.21062,0.39905674065333063,0.6923107135107427,1.0,0.0,0.0,13.800105239252431
SE300_FL370,2022-03-01 00:08:00.000000000,-8.65581080706178,45.2949740113112,11277.6,21662.374173827782,212.13947,0.4058133627857398,0.7043527745241419,1.0,0.0,0.0,13.80001760658135
SE300_FL370,2022-03-01 00:09:00.000000000,-8.487057177228046,45.3312945416673,11277.6,21662.374173827782,212.0521,0.41493970125933244,0.720592060083949,1.0,0.0,0.0,13.79993231818943
SE300_FL370,2022-03-01 00:10:00.000000000,-8.31817494269894,45.36756551489382,11277.6,21662.374173827782,211.9697,0.4261743304806887,0.7404893040848674,1.0,0.0,0.0,13.799993838825486
SE300_FL370,2022-03-01 00:11:00.000000000,-8.149171301625014,45.4038082101483,11277.6,21662.374173827782,211.85428,0.43029822840036225,0.7482016431752778,1.0,0.0,0.0,13.80006634186223
SE300_FL370,2022-03-01 00:12:00.000000000,-7.980055881015995,45.44004548033964,11277.6,21662.374173827782,211.72144,0.43029952173036434,0.748832050236497,1.0,0.0,0.0,13.799985579438726
SE300_FL370,2022-03-01 00:13:00.000000000,-7.81084018030542,45.47629954581915,11277.6,21662.374173827782,211.62646,0.4288443127063159,0.7467467664942216,1.0,0.0,0.0,13.799907812990368
SE300_FL370,2022-03-01 00:14:00.000000000,-7.64153340621131,45.51259224345501,11277.6,21662.374173827782,211.50298,0.42441922704743584,0.7396171461246976,1.0,0.0,0.0,13.80005343805641
SE300_FL370,2022-03-01 00:15:00.000000000,-7.472142889633564,45.54894792999821,11277.6,21662.374173827782,211.37454,0.41884893112418303,0.7304987085858089,1.0,0.0,0.0,13.800042769194542
SE300_FL370,2022-03-01 00:16:00.000000000,-7.30268005570596,45.58538865893594,11277.6,21662.374173827782,211.29301,0.41719936708116273,0.7279958703319735,1.0,0.0,0.0,13.799970371522296
SE300_FL370,2022-03-01 00:17:00.000000000,-7.133155014811902,45.621936316925805,11277.6,21662.374173827782,211.23717,0.41615706529180435,0.7264293214678512,1.0,0.0,0.0,13.799901682232836
SE300_FL370,2022-03-01 00:18:00.000000000,-6.963577350434745,45.65861348889645,11277.6,21662.374173827782,211.1897,0.41609703903629,0.7265421776423393,1.0,0.0,0.0,13.800065477575464
SE300_FL370,2022-03-01 00:19:00.000000000,-6.793955919788455,45.69544792952469,11277.6,21662.374173827782,211.15543,0.41861851549732443,0.7311004806796303,1.0,0.0,0.0,13.80003693342804
SE300_FL370,2022-03-01 00:20:00.000000000,-6.62430206827496,45.732459891422764,11277.6,21662.374173827782,211.12286,0.4216418047131517,0.736529517735643,1.0,0.0,0.0,13.799973816594894
SE300_FL370,2022-03-01 00:21:00.000000000,-6.454626108496878,45.76967183596835,11277.6,21662.374173827782,211.08955,0.4263131751307827,0.7448445781090267,1.0,0.0,0.0,13.79991501954183
SE300_FL370,2022-03-01 00:22:00.000000000,-6.284938381864701,45.807107160064675,11277.6,21662.374173827782,211.06175,0.43455965489881876,0.7593869421556705,1.0,0.0,0.0,13.80001310806428
SE300_FL370,2022-03-01 00:23:00.000000000,-6.1152496770827875,45.84479442806904,11277.6,21662.374173827782,211.00272,0.4481286013035864,0.7833824893297798,1.0,0.0,0.0,13.80004905320983
SE300_FL370,2022-03-01 00:24:00.000000000,-5.945571349662257,45.8827565001216,11277.6,21662.374173827782,210.93596,0.4626382936947174,0.809086674247295,1.0,0.0,0.0,13.799995207272767
SE300_FL370,2022-03-01 00:25:00.000000000,-5.775914582343945,45.92101460539857,11277.6,21662.374173827782,210.87729,0.4755394810143876,0.8319532050201861,1.0,0.0,0.0,13.799946018066104
SE300_FL370,2022-03-01 00:26:00.000000000,-5.606290874535937,45.959592928785845,11277.6,21662.374173827782,210.81079,0.48517674247976705,0.8491643456620858,1.0,0.0,0.0,13.799901826521442
SE300_FL370,2022-03-01 00:27:00.000000000,-5.436712081951,45.99851585627959,11277.6,21662.374173827782,210.74278,0.4926694892691893,0.8626422788237955,1.0,0.0,0.0,13.800049850384529
SE300_FL370,2022-03-01 00:28:00.000000000,-5.267191966322243,46.03781647078147,11277.6,21662.374173827782,210.70744,0.4967181383155905,0.8699224856684074,1.0,0.0,0.0,13.800031588333269
SE300_FL370,2022-03-01 00:29:00.000000000,-5.097742422824589,46.07751300401981,11277.6,21662.374173827782,210.66171,0.5017218694977711,0.8789330108791451,1.0,0.0,0.0,13.799990478669388
SE300_FL370,2022-03-01 00:30:00.000000000,-4.92837633795386,46.11762914151849,11277.6,21662.374173827782,210.60797,0.5044886039467752,0.8840761138517241,1.0,0.0,0.0,13.7999541838252
SE300_FL370,2022-03-01 00:31:00.000000000,-4.759107233713054,46.158189859635726,11277.6,21662.374173827782,210.54694,0.5038744330859332,0.8833306673040039,1.0,0.0,0.0,13.799922890616976
SE300_FL370,2022-03-01 00:32:00.000000000,-4.589949114555786,46.19922026051813,11277.6,21662.374173827782,210.4757,0.49839578356462283,0.8741128842091598,1.0,0.0,0.0,13.799929959565615
SE300_FL370,2022-03-01 00:33:00.000000000,-4.420917005638568,46.24074744997757,11277.6,21662.374173827782,210.40707,0.49048022258036983,0.8605953775961763,1.0,0.0,0.0,13.800043955541087
SE300_FL370,2022-03-01 00:34:00.000000000,-4.252027880874641,46.28280309951133,11277.6,21662.374173827782,210.34798,0.48199764330831923,0.8460186795703724,1.0,0.0,0.0,13.80001263583261
SE300_FL370,2022-03-01 00:35:00.000000000,-4.083295312513981,46.32540456469928,11277.6,21662.374173827782,210.32132,0.47374503749988844,0.8316696722136939,1.0,0.0,0.0,13.79998555573942
SE300_FL370,2022-03-01 00:36:00.000000000,-3.914735435139302,46.3685770941835,11277.6,21662.374173827782,210.30807,0.4657672178477198,0.8177303266671798,1.0,0.0,0.0,13.799962706248108
SE300_FL370,2022-03-01 00:37:00.000000000,-3.7463649709978815,46.41234591653959,11277.6,21662.374173827782,210.30933,0.4575313882938451,0.8032641378799413,1.0,0.0,0.0,13.799944029141807
SE300_FL370,2022-03-01 00:38:00.000000000,-3.578201246424688,46.45673620162743,11277.6,21662.374173827782,210.35715,0.44676840685334274,0.7841402296208528,1.0,0.0,0.0,13.799929415534166
SE300_FL370,2022-03-01 00:39:00.000000000,-3.41026220591334,46.50177301855226,11277.6,21662.374173827782,210.40189,0.4372953468222734,0.7672993220155775,1.0,0.0,0.0,13.79991870565744
SE300_FL370,2022-03-01 00:40:00.000000000,-3.2425664234872786,46.54748129024899,11277.6,21662.374173827782,210.4462,0.42838861569643943,0.7514662105285617,1.0,0.0,0.0,13.799922852412047
SE300_FL370,2022-03-01 00:41:00.000000000,-3.0751334306903266,46.59388656047466,11277.6,21662.374173827782,210.48161,0.4231655130446956,0.742144246970106,1.0,0.0,0.0,13.800008407530912
SE300_FL370,2022-03-01 00:42:00.000000000,-2.907985546322268,46.641019270999685,11277.6,21662.374173827782,210.47652,0.42232458342995144,0.7406907699983005,1.0,0.0,0.0,13.79999152577942
SE300_FL370,2022-03-01 00:43:00.000000000,-2.74114057917694,46.68889649733604,11277.6,21662.374173827782,210.44836,0.4240003315053035,0.7437598361207095,1.0,0.0,0.0,13.799977274791766
SE300_FL370,2022-03-01 00:44:00.000000000,-2.5746196225871447,46.73754198383629,11277.6,21662.374173827782,210.33699,0.43341951226420944,0.7608031651853634,1.0,0.0,0.0,13.799965416219916
SE300_FL370,2022-03-01 00:45:00.000000000,-2.4084444011529893,46.78697905887585,11277.6,21662.374173827782,210.21123,0.44383600783127675,0.7796911870059495,1.0,0.0,0.0,13.799955690405685
SE300_FL370,2022-03-01 00:46:00.000000000,-2.24263725835525,46.83723057208739,11277.6,21662.374173827782,210.0885,0.45454788063584034,0.799110557657112,1.0,0.0,0.0,13.799947822412035
SE300_FL370,2022-03-01 00:47:00.000000000,-2.077221138921509,46.88831882936984,11277.6,21662.374173827782,209.96425,0.46576032632187697,0.8194479454434128,1.0,0.0,0.0,13.799941528604728
SE300_FL370,2022-03-01 00:48:00.000000000,-1.9122195656143586,46.94026552601405,11277.6,21662.374173827782,209.9033,0.47106398621288503,0.8290916699601865,1.0,0.0,0.0,13.799936523592704
SE300_FL370,2022-03-01 00:49:00.000000000,-1.747656610142675,46.99309167833649,11277.6,21662.374173827782,209.89464,0.4713237949306231,0.829590711092086,1.0,0.0,0.0,13.799932527317191
SE300_FL370,2022-03-01 00:50:00.000000000,-1.5835568579366146,47.046817554258936,11277.6,21662.374173827782,209.93048,0.46817900682179486,0.8238731458806371,1.0,0.0,0.0,13.799929272076493
SE300_FL370,2022-03-01 00:51:00.000000000,-1.41994536657518,47.10146260331857,11277.6,21662.374173827782,209.98116,0.46410132156973266,0.816445576248556,1.0,0.0,0.0,13.799926509251202
SE300_FL370,2022-03-01 00:52:00.000000000,-1.2568476177121715,47.15704538663485,11277.6,21662.374173827782,210.0238,0.4613691663219186,0.8114273990215594,1.0,0.0,0.0,13.799924015512413
SE300_FL370,2022-03-01 00:53:00.000000000,-1.0942894624114776,47.21358350739827,11277.6,21662.374173827782,209.97307,0.46456223493495136,0.817296155762926,1.0,0.0,0.0,13.799921598299676
SE300_FL370,2022-03-01 00:54:00.000000000,-0.9322970598757382,47.27109354247939,11277.6,21662.374173827782,209.90298,0.46918045020037014,0.8257776994201118,1.0,0.0,0.0,13.799919100366923
SE300_FL370,2022-03-01 00:55:00.000000000,-0.7708968096326502,47.329590975783,11277.6,21662.374173827782,209.83208,0.4734433947446681,0.8336423131518224,1.0,0.0,0.0,13.799916403229442
SE300_FL370,2022-03-01 00:56:00.000000000,-0.6101152773294826,47.38909013399148,11277.6,21662.374173827782,209.73512,0.47828309483397,0.8426627566220137,1.0,0.0,0.0,13.79991342938298
SE300_FL370,2022-03-01 00:57:00.000000000,-0.4499791143776922,47.44960412535214,11277.6,21662.374173827782,209.65634,0.48201031752915496,0.8496339900730762,1.0,0.0,0.0,13.79991014318596
SE300_FL370,2022-03-01 00:58:00.000000000,-0.2905149717839815,47.51114478216384,11277.6,21662.374173827782,209.61845,0.48506926832899305,0.8552254703649682,1.0,0.0,0.0,13.799906550367
SE300_FL370,2022-03-01 00:59:00.000000000,-0.1317494086006752,47.57372260760951,11277.6,21662.374173827782,209.61992,0.48817828067769137,0.8606982779588913,1.0,0.0,0.0,13.799902696148978
SE300_FL370,2022-03-01 01:00:00.000000000,0.026291204476382772,47.63734672756016,11277.6,21662.374173827782,209.6481,0.49099643663411086,0.8655178994395789,1.0,0.0,0.0,13.799898662049376
SE300_FL370,2022-03-01 01:01:00.000000000,0.1835807857402945,47.702024847945545,11277.6,21662.374173827782,209.76273,0.4931370534111789,0.8686831679748169,1.0,0.0,0.0,13.799894561448786
SE300_FL370,2022-03-01 01:02:00.000000000,0.3400936466257237,47.767763218243296,11277.6,21662.374173827782,209.87555,0.49474079065129706,0.8709106578046394,1.0,0.0,0.0,13.799890534083259
SE300_FL370,2022-03-01 01:03:00.000000000,0.4958045985892688,47.834566601585344,11277.6,21662.374173827782,209.98354,0.49680135536692877,0.8739566250525823,1.0,0.0,0.0,13.799886739660096
SE300_FL370,2022-03-01 01:04:00.000000000,0.6506890618532523,47.90243825191635,11277.6,21662.374173827782,210.10527,0.49514620059341846,0.8703986147924732,1.0,0.0,0.0,13.799883350808148
SE300_FL370,2022-03-01 01:05:00.000000000,0.8047231750871445,47.97137989856527,11277.6,21662.374173827782,210.22545,0.4926099455314709,0.8652996157394626,1.0,0.0,0.0,13.799880545640207
SE300_FL370,2022-03-01 01:06:00.000000000,0.9578839050532617,48.04139173850947,11277.6,21662.374173827782,210.34424,0.491123993209045,0.8620591204008111,1.0,0.0,0.0,13.799880297337754
SE300_FL370,2022-03-01 01:07:00.000000000,1.1101490175689515,48.11247259658721,11277.6,21662.374173827782,210.46506,0.48770175353069833,0.8554110273175115,1.0,0.0,0.0,13.799955765457092
SE300_FL370,2022-03-01 01:08:00.000000000,1.2614916109520389,48.18462623408982,11277.6,21662.374173827782,210.5847,0.48187560680929653,0.8445685195377862,1.0,0.0,0.0,13.799946076537669
SE300_FL370,2022-03-01 01:09:00.000000000,1.4118974565169005,48.25784150407756,11277.6,21662.374173827782,210.7245,0.46649536993493745,0.816906374121766,1.0,0.0,0.0,13.799936769163452
SE300_FL370,2022-03-01 01:10:00.000000000,1.5613479605795775,48.33211247748483,11277.6,21662.374173827782,210.85051,0.4519287423843142,0.7907767182170515,1.0,0.0,0.0,13.799928078960882
SE300_FL370,2022-03-01 01:11:00.000000000,1.7098258754552036,48.40743177483138,11277.6,21662.374173827782,210.96837,0.4392384882949157,0.7680056003472142,1.0,0.0,0.0,13.799920213907653
SE300_FL370,2022-03-01 01:12:00.000000000,1.8573153869251047,48.48379060616857,11277.6,21662.374173827782,211.085,0.4283593563613638,0.7484393206000443,1.0,0.0,0.0,13.799913349084349
SE300_FL370,2022-03-01 01:13:00.000000000,2.00380219478423,48.561178817972646,11277.6,21662.374173827782,211.19484,0.4187525585219657,0.7311537537809909,1.0,0.0,0.0,13.799907622724088
SE300_FL370,2022-03-01 01:14:00.000000000,2.1492735857235448,48.63958494650445,11277.6,21662.374173827782,211.22118,0.41076700343825157,0.7170938316644682,1.0,0.0,0.0,13.79990313363142
SE300_FL370,2022-03-01 01:15:00.000000000,2.2937184979011707,48.71899627708127,11277.6,21662.374173827782,211.25113,0.4032966181690304,0.7039185731936363,1.0,0.0,0.0,13.799899939990695
SE300_FL370,2022-03-01 01:16:00.000000000,2.437127576666514,48.79939890864313,11277.6,21662.374173827782,211.2592,0.39705399280361936,0.6929896674712546,1.0,0.0,0.0,13.799898059510873
SE300_FL370,2022-03-01 01:17:00.000000000,2.57949322101926,48.88077782294388,11277.6,21662.374173827782,211.2372,0.3928817147944532,0.6857997911932335,1.0,0.0,0.0,13.799897470818289
SE300_FL370,2022-03-01 01:18:00.000000000,2.7208096205090637,48.96311695765744,11277.6,21662.374173827782,211.17702,0.3913699895053449,0.6834172839951344,1.0,0.0,0.0,13.799898115948379
SE300_FL370,2022-03-01 01:19:00.000000000,2.8610727824072804,49.04639928266274,11277.6,21662.374173827782,211.09784,0.391226079557566,0.6835078977628161,1.0,0.0,0.0,13.799899903772648
SE300_FL370,2022-03-01 01:20:00.000000000,3.0002805491083504,49.13060687875635,11277.6,21662.374173827782,211.02315,0.3912298776489537,0.6838321617976759,1.0,0.0,0.0,13.799902714140295
SE300_FL370,2022-03-01 01:21:00.000000000,3.1384326058413183,49.21572101804042,11277.6,21662.374173827782,210.931,0.39249958792472095,0.6864448683344744,1.0,0.0,0.0,13.799906402511214
SE300_FL370,2022-03-01 01:22:00.000000000,3.275530478889779,49.30172224524366,11277.6,21662.374173827782,210.85793,0.39309077469708986,0.6877921228454793,1.0,0.0,0.0,13.799910804862314
SE300_FL370,2022-03-01 01:23:00.000000000,3.411577524628558,49.38859045925548,11277.6,21662.374173827782,210.79771,0.39155474930866463,0.6853599734267358,1.0,0.0,0.0,13.799915742621737
SE300_FL370,2022-03-01 01:24:00.000000000,3.546578909786857,49.47630499418438,11277.6,21662.374173827782,210.73854,0.38990688951800123,0.6827247586375229,1.0,0.0,0.0,13.799921027431493
SE300_FL370,2022-03-01 01:25:00.000000000,3.6805415834364057,49.56484469929377,11277.6,21662.374173827782,210.68538,0.3881991812308335,0.679958406308318,1.0,0.0,0.0,13.799926465539238
SE300_FL370,2022-03-01 01:26:00.000000000,3.813474241281341,49.65418801721622,11277.6,21662.374173827782,210.64104,0.3864470988706727,0.6770769938974699,1.0,0.0,0.0,13.799931861647412
SE300_FL370,2022-03-01 01:27:00.000000000,3.945387282890515,49.74431305990206,11277.6,21662.374173827782,210.60034,0.38473441200160097,0.6742473862329388,1.0,0.0,0.0,13.799937022113916
SE300_FL370,2022-03-01 01:28:00.000000000,4.076292762563807,49.83519768181777,11277.6,21662.374173827782,210.56396,0.3841632252273778,0.6733964724940676,1.0,0.0,0.0,13.799941757380292
SE300_FL370,2022-03-01 01:29:00.000000000,4.206204334561293,49.92681954997152,11277.6,21662.374173827782,210.52869,0.38424202173403726,0.6736823786693323,1.0,0.0,0.0,13.799945883601017
SE300_FL370,2022-03-01 01:30:00.000000000,4.335137193447722,50.01915621040786,11277.6,21662.374173827782,210.50809,0.38492960995532977,0.6749739720226293,1.0,0.0,0.0,13.799949223437263
SE300_FL370,2022-03-01 01:31:00.000000000,4.463108010316069,50.1121851508771,11277.6,21662.374173827782,210.48677,0.38544076195251264,0.6759584745723557,1.0,0.0,0.0,13.79995160605297
SE300_FL370,2022-03-01 01:32:00.000000000,4.590134865652553,50.20588385944899,11277.6,21662.374173827782,210.47594,0.3840780128373834,0.6736165895363986,1.0,0.0,0.0,13.799952866356099
SE300_FL370,2022-03-01 01:33:00.000000000,4.716237179594008,50.300229878900765,11277.6,21662.374173827782,210.46303,0.3818097982903852,0.6696894139035177,1.0,0.0,0.0,13.799952843577072
SE300_FL370,2022-03-01 01:34:00.000000000,4.841435640306324,50.39520085676857,11277.6,21662.374173827782,210.43219,0.3782978164141627,0.663656751122503,1.0,0.0,0.0,13.799951379286926
SE300_FL370,2022-03-01 01:35:00.000000000,4.965752131182763,50.49077459100485,11277.6,21662.374173827782,210.3958,0.37411927434594766,0.6564725649547052,1.0,0.0,0.0,13.799948314979101
SE300_FL370,2022-03-01 01:36:00.000000000,5.08920965752353,50.58692907123493,11277.6,21662.374173827782,210.36928,0.3696920778566026,0.6488101047301995,1.0,0.0,0.0,13.7999434893709
SE300_FL370,2022-03-01 01:37:00.000000000,5.211832273314692,50.683642515650746,11277.6,21662.374173827782,210.33185,0.3662603136270091,0.6429358437964249,1.0,0.0,0.0,13.799936735540259
SE300_FL370,2022-03-01 01:38:00.000000000,5.333645008677116,50.78089340361986,11277.6,21662.374173827782,210.29039,0.3648913933120517,0.6406976037434156,1.0,0.0,0.0,13.79992787807843
SE300_FL370,2022-03-01 01:39:00.000000000,5.454673798505399,50.87866050412251,11277.6,21662.374173827782,210.2472,0.36480115950950576,0.6407083538710079,1.0,0.0,0.0,13.799916730378694
SE300_FL370,2022-03-01 01:40:00.000000000,5.574945412764155,50.97692290015904,11277.6,21662.374173827782,210.19955,0.36781543571703595,0.6461936530527191,1.0,0.0,0.0,13.799909146879337
SE300_FL370,2022-03-01 01:41:00.000000000,5.69448698268002,51.07566027243519,11277.6,21662.374173827782,210.14246,0.3728845232736594,0.6553287506386886,1.0,0.0,0.0,13.800036502008268
SE300_FL370,2022-03-01 01:42:00.000000000,5.813317860079042,51.17485813030892,11277.6,21662.374173827782,210.09573,0.37753775028472936,0.6636963836290426,1.0,0.0,0.0,13.800019343694286
SE300_FL370,2022-03-01 01:43:00.000000000,5.931476383526231,51.274490485820074,11277.6,21662.374173827782,210.06209,0.38207083596088853,0.6718029692680163,1.0,0.0,0.0,13.799999557176893
SE300_FL370,2022-03-01 01:44:00.000000000,6.048992146742065,51.37453779717241,11277.6,21662.374173827782,210.01866,0.38714433345960275,0.6809064668602487,1.0,0.0,0.0,13.799976952886416
SE300_FL370,2022-03-01 01:45:00.000000000,6.16589527157801,51.47498090580639,11277.6,21662.374173827782,209.97021,0.39290119343526214,0.6912346462409636,1.0,0.0,0.0,13.799951314976644
SE300_FL370,2022-03-01 01:46:00.000000000,6.282216354420901,51.575801040761654,11277.6,21662.374173827782,209.9353,0.396117392840125,0.6970436128174209,1.0,0.0,0.0,13.799922401731491
SE300_FL370,2022-03-01 01:47:00.000000000,6.397986416102225,51.67697982039795,11277.6,21662.374173827782,209.94592,0.3937727881820809,0.6928718356291972,1.0,0.0,0.0,13.799896422178843
SE300_FL370,2022-03-01 01:48:00.000000000,6.513236540852692,51.77849945999789,11277.6,21662.374173827782,209.94817,0.3919827875765209,0.6897141114576456,1.0,0.0,0.0,13.800070683038491
SE300_FL370,2022-03-01 01:49:00.000000000,6.627989237000202,51.88034855874178,11277.6,21662.374173827782,209.96094,0.38886914304753256,0.6841802113367096,1.0,0.0,0.0,13.800033136164926
SE300_FL370,2022-03-01 01:50:00.000000000,6.7422871098143675,51.982503017475295,11277.6,21662.374173827782,209.96628,0.3862282952407648,0.6795120071685294,1.0,0.0,0.0,13.79999217680041
SE300_FL370,2022-03-01 01:51:00.000000000,6.85616260126879,52.08494594286698,11277.6,21662.374173827782,209.98825,0.3817540370634072,0.6715519371977706,1.0,0.0,0.0,13.799947488517821
SE300_FL370,2022-03-01 01:52:00.000000000,6.9696483812259675,52.187660808917485,11277.6,21662.374173827782,210.00966,0.37724540526712375,0.6635326692804667,1.0,0.0,0.0,13.799898737232269
SE300_FL370,2022-03-01 01:53:00.000000000,7.082777318490884,52.29063144711092,11277.6,21662.374173827782,210.03043,0.3747533895792567,0.6590666072709976,1.0,0.0,0.0,13.800030398716745
SE300_FL370,2022-03-01 01:54:00.000000000,7.19557701404532,52.39384625576109,11277.6,21662.374173827782,210.052,0.3722393655465995,0.6545584427374904,1.0,0.0,0.0,13.800054345163323
SE300_FL370,2022-03-01 01:55:00.000000000,7.308085257117626,52.49728673117904,11277.6,21662.374173827782,210.06961,0.36982066650177037,0.6502355155272542,1.0,0.0,0.0,13.799996740891372
SE300_FL370,2022-03-01 01:56:00.000000000,7.420338038484323,52.60093580787837,11277.6,21662.374173827782,210.09152,0.36788354658884115,0.6467427969709217,1.0,0.0,0.0,13.799934836100903
SE300_FL370,2022-03-01 01:57:00.000000000,7.532368946100369,52.70477859337681,11277.6,21662.374173827782,210.10797,0.3665278486818834,0.6442926389700359,1.0,0.0,0.0,13.7999107047655
SE300_FL370,2022-03-01 01:58:00.000000000,7.644210999091989,52.80880120769993,11277.6,21662.374173827782,210.11917,0.3651396519218865,0.641807964385285,1.0,0.0,0.0,13.80009727987662
SE300_FL370,2022-03-01 01:59:00.000000000,7.755895885982359,52.912992453617406,11277.6,21662.374173827782,210.13144,0.36331225647890114,0.638550003546713,1.0,0.0,0.0,13.800026839405156
SE300_FL370,2022-03-01 02:00:00.000000000,7.867462507785084,53.01733360209722,11277.6,21662.374173827782,210.13918,0.3646031977818161,0.6407889838115371,1.0,0.0,0.0,13.799951817325509
SE300_FL370,2022-03-01 02:01:00.000000000,7.97894493915904,53.12181080944994,11277.6,21662.374173827782,210.14217,0.364845184187925,0.6412010427789039,1.0,0.0,0.0,13.799878948745755
SE300_FL370,2022-03-01 02:02:00.000000000,8.090377316599858,53.22641053966239,11277.6,21662.374173827782,210.13638,0.36836639700603013,0.6474111469710306,1.0,0.0,0.0,13.80011613732471
SE300_FL370,2022-03-01 02:03:00.000000000,8.201794722995709,53.33112242122278,11277.6,21662.374173827782,210.13295,0.372398423561619,0.6545130356275489,1.0,0.0,0.0,13.800033244616367
SE300_FL370,2022-03-01 02:04:00.000000000,8.313233280726271,53.43592919842136,11277.6,21662.374173827782,210.12253,0.37687069342102586,0.6624154773478707,1.0,0.0,0.0,13.799945514347323
SE300_FL370,2022-03-01 02:05:00.000000000,8.42472747485294,53.54081781028977,11277.6,21662.374173827782,210.09865,0.38041159463549457,0.668737412533736,1.0,0.0,0.0,13.799915365810826
SE300_FL370,2022-03-01 02:06:00.000000000,8.536312692536393,53.64577571103455,11277.6,21662.374173827782,210.07115,0.3841991454147684,0.6755086652148415,1.0,0.0,0.0,13.80011004309586
SE300_FL370,2022-03-01 02:07:00.000000000,8.648028278660536,53.750790832795516,11277.6,21662.374173827782,210.04915,0.39051681526220683,0.6867070349624794,1.0,0.0,0.0,13.800015304799869
SE300_FL370,2022-03-01 02:08:00.000000000,8.759906477778147,53.85584845500265,11277.6,21662.374173827782,210.02084,0.39504659170341233,0.6947954118607652,1.0,0.0,0.0,13.79991564313486
SE300_FL370,2022-03-01 02:09:00.000000000,8.871982232889263,53.96093601106962,11277.6,21662.374173827782,209.9779,0.3984175595274524,0.7009084207955226,1.0,0.0,0.0,13.800004103946796
SE300_FL370,2022-03-01 02:10:00.000000000,8.984295963690094,54.06604108818969,11277.6,21662.374173827782,209.9422,0.40205070094896384,0.7074569462695227,1.0,0.0,0.0,13.800080631551038
SE300_FL370,2022-03-01 02:11:00.000000000,9.096884905918607,54.17115044521283,11277.6,21662.374173827782,209.91881,0.40550998803337657,0.7136442629197112,1.0,0.0,0.0,13.799975069909443
SE300_FL370,2022-03-01 02:12:00.000000000,9.20978021803311,54.27625136209472,11277.6,21662.374173827782,209.88222,0.4076855689654164,0.7176330468201304,1.0,0.0,0.0,13.799864842324851
SE300_FL370,2022-03-01 02:13:00.000000000,9.323017438348389,54.38133146507345,11277.6,21662.374173827782,209.8665,0.41071867513350446,0.7230441545052457,1.0,0.0,0.0,13.800132173225244
SE300_FL370,2022-03-01 02:14:00.000000000,9.436648363691544,54.48637655428334,11277.6,21662.374173827782,209.84781,0.4127572160055962,0.7267138835722377,1.0,0.0,0.0,13.800031613689772
SE300_FL370,2022-03-01 02:15:00.000000000,9.550696513269713,54.59137491446518,11277.6,21662.374173827782,209.8287,0.4142664340827445,0.7294587629807832,1.0,0.0,0.0,13.799916973248944
SE300_FL370,2022-03-01 02:16:00.000000000,9.665197626195663,54.69631414251662,11277.6,21662.374173827782,209.80338,0.41466594103401183,0.7302742940578193,1.0,0.0,0.0,13.800000285525412
SE300_FL370,2022-03-01 02:17:00.000000000,9.780198569347377,54.80118004346924,11277.6,21662.374173827782,209.78778,0.41506684246606446,0.7310495930548262,1.0,0.0,0.0,13.800086698051244
SE300_FL370,2022-03-01 02:18:00.000000000,9.895738483326229,54.90595917369293,11277.6,21662.374173827782,209.78023,0.4152161591437177,0.731344113888635,1.0,0.0,0.0,12.396279145510631
SE300_FL370,2022-03-01 02:18:53.897617080,10.0,55.0,11277.6,21662.374173827782,209.75085,0.414952340511812,0.7310120455946972,1.0,0.0,0.0,0.0
SE150_FL370,2022-03-01 00:00:00.000000000,-10.000000000000002,45.00000000000001,11277.6,21662.374173827782,213.05789,0.36395272585305877,0.6279835569427756,1.0,0.0,0.0,13.800025280721622
SE150_FL370,2022-03-01 00:01:00.000000000,-9.848780362463852,45.06309802296491,11277.6,21662.374173827782,212.93637,0.3659328985707049,0.6318963448995063,1.0,0.0,0.0,13.800023124170625
SE150_FL370,2022-03-01 00:02:00.000000000,-9.69723892593266,45.12601025046198,11277.6,21662.374173827782,212.80179,0.36908217907388263,0.637889610444978,1.0,0.0,0.0,13.800020919334957
SE150_FL370,2022-03-01 00:03:00.000000000,-9.545386915730079,45.18874995403247,11277.6,21662.374173827782,212.68039,0.369415527268213,0.6389625459440167,1.0,0.0,0.0,13.80001868361511
SE150_FL370,2022-03-01 00:04:00.000000000,-9.393235477429094,45.251330452726556,11277.6,21662.374173827782,212.57907,0.3723592602760525,0.6444734791361889,1.0,0.0,0.0,13.800016434639819
SE150_FL370,2022-03-01 00:05:00.000000000,-9.240795680594678,45.31376510728148,11277.6,21662.374173827782,212.491,0.37450459518443974,0.6485536172805617,1.0,0.0,0.0,13.800014190107833
SE150_FL370,2022-03-01 00:06:00.000000000,-9.088078522618359,45.376067314269825,11277.6,21662.374173827782,212.40498,0.38003899390023954,0.6584995448052892,1.0,0.0,0.0,13.800011967625645
SE150_FL370,2022-03-01 00:07:00.000000000,-8.935094932619785,45.43825050019791,11277.6,21662.374173827782,212.34172,0.38334783992145416,0.6645018911469379,1.0,0.0,0.0,13.800009784533726
SE150_FL370,2022-03-01 00:08:00.000000000,-8.78185577539008,45.500328115534025,11277.6,21662.374173827782,212.31396,0.38306249762560957,0.6641240439998842,1.0,0.0,0.0,13.80000765772226
SE150_FL370,2022-03-01 00:09:00.000000000,-8.628371855351828,45.56231362864651,11277.6,21662.374173827782,212.24544,0.3835932148410376,0.6653364791584169,1.0,0.0,0.0,13.80000560344844
SE150_FL370,2022-03-01 00:10:00.000000000,-8.474653920510518,45.62422051963216,11277.6,21662.374173827782,212.1689,0.386051472398841,0.6699255732752998,1.0,0.0,0.0,13.800003637143645
SE150_FL370,2022-03-01 00:11:00.000000000,-8.320712666371875,45.68606227401563,11277.6,21662.374173827782,212.09023,0.39283904541806275,0.6820452129351838,1.0,0.0,0.0,13.800001773220872
SE150_FL370,2022-03-01 00:12:00.000000000,-8.166558739799713,45.74785237630135,11277.6,21662.374173827782,212.01591,0.39739684633273786,0.6902849221249264,1.0,0.0,0.0,13.800000024891407
SE150_FL370,2022-03-01 00:13:00.000000000,-8.012202742788062,45.80960430335971,11277.6,21662.374173827782,211.95032,0.3984504888145544,0.692403575336325,1.0,0.0,0.0,13.79999840397277
SE150_FL370,2022-03-01 00:14:00.000000000,-7.857655236121768,45.87133151763049,11277.6,21662.374173827782,211.89876,0.394380510016967,0.6855551328110512,1.0,0.0,0.0,13.799996920709697
SE150_FL370,2022-03-01 00:15:00.000000000,-7.702926742899029,45.933047460127014,11277.6,21662.374173827782,211.88496,0.39069123492488306,0.679201069310238,1.0,0.0,0.0,13.799995583611501
SE150_FL370,2022-03-01 00:16:00.000000000,-7.548027751889124,45.99476554322603,11277.6,21662.374173827782,211.89871,0.3870537710479562,0.6728197547509734,1.0,0.0,0.0,13.799994399289552
SE150_FL370,2022-03-01 00:17:00.000000000,-7.392968720698455,46.05649914322893,11277.6,21662.374173827782,211.92802,0.3814646236500334,0.6629803615372547,1.0,0.0,0.0,13.799993372318367
SE150_FL370,2022-03-01 00:18:00.000000000,-7.237760078717368,46.118261592681485,11277.6,21662.374173827782,211.97441,0.3775405861042991,0.6559660974659438,1.0,0.0,0.0,13.799992505114373
SE150_FL370,2022-03-01 00:19:00.000000000,-7.0824122298204,46.18006617244081,11277.6,21662.374173827782,212.02415,0.3766673021247778,0.6542435870505046,1.0,0.0,0.0,13.799991797836244
SE150_FL370,2022-03-01 00:20:00.000000000,-6.926935554791905,46.241926103479614,11277.6,21662.374173827782,212.07187,0.3766374647943067,0.6539931254028082,1.0,0.0,0.0,13.799991248309139
SE150_FL370,2022-03-01 00:21:00.000000000,-6.771340413449099,46.303854538419465,11277.6,21662.374173827782,212.11586,0.37295698998853777,0.6474216915447429,1.0,0.0,0.0,13.79999085197143
SE150_FL370,2022-03-01 00:22:00.000000000,-6.615637146434141,46.36586455278655,11277.6,21662.374173827782,212.08464,0.3755429311460366,0.6520402251377287,1.0,0.0,0.0,13.79999060186101
SE150_FL370,2022-03-01 00:23:00.000000000,-6.4598360766471385,46.427969135985755,11277.6,21662.374173827782,212.0344,0.38169814266520335,0.6629382267048933,1.0,0.0,0.0,13.799990488621079
SE150_FL370,2022-03-01 00:24:00.000000000,-6.3039475102915645,46.49018118199037,11277.6,21662.374173827782,211.96764,0.39112461515157426,0.6795975724578187,1.0,0.0,0.0,13.799990500548963
SE150_FL370,2022-03-01 00:25:00.000000000,-6.147981737503878,46.552513479747134,11277.6,21662.374173827782,211.87782,0.40265137844195864,0.7000258025922234,1.0,0.0,0.0,13.799990623666508
SE150_FL370,2022-03-01 00:26:00.000000000,-5.991949032539317,46.6149787032986,11277.6,21662.374173827782,211.77829,0.4178711175631712,0.7269409474723248,1.0,0.0,0.0,13.799990841836957
SE150_FL370,2022-03-01 00:27:00.000000000,-5.835859653486246,46.67758940162737,11277.6,21662.374173827782,211.70796,0.42968434606009737,0.7478255005674098,1.0,0.0,0.0,13.799991136910966
SE150_FL370,2022-03-01 00:28:00.000000000,-5.679723841481787,46.740357988228865,11277.6,21662.374173827782,211.6416,0.44176723720799843,0.7691771823534295,1.0,0.0,0.0,13.799991488902345
SE150_FL370,2022-03-01 00:29:00.000000000,-5.523551819402239,46.80329673042195,11277.6,21662.374173827782,211.5726,0.4509601675322525,0.7855241962591749,1.0,0.0,0.0,13.799991876206876
SE150_FL370,2022-03-01 00:30:00.000000000,-5.367353790002575,46.86641773840963,11277.6,21662.374173827782,211.49985,0.4506782878459395,0.7853940260461972,1.0,0.0,0.0,13.799992275841205
SE150_FL370,2022-03-01 00:31:00.000000000,-5.2111399334805135,46.92973295410445,11277.6,21662.374173827782,211.41838,0.45071002416289285,0.7858506761353704,1.0,0.0,0.0,13.799992663719705
SE150_FL370,2022-03-01 00:32:00.000000000,-5.05492040444159,46.993254139735846,11277.6,21662.374173827782,211.33028,0.44898205540883457,0.7832715360477469,1.0,0.0,0.0,13.799993014953047
SE150_FL370,2022-03-01 00:33:00.000000000,-4.89870532824359,47.05699286626,11277.6,21662.374173827782,211.21469,0.4468121198667923,0.7800497049606699,1.0,0.0,0.0,13.799993304171764
SE150_FL370,2022-03-01 00:34:00.000000000,-4.7425047966999045,47.12096050159472,11277.6,21662.374173827782,211.0921,0.4444157204303566,0.7764597862584517,1.0,0.0,0.0,13.79999350586429
SE150_FL370,2022-03-01 00:35:00.000000000,-4.586328863123924,47.185168198705355,11277.6,21662.374173827782,210.97375,0.4385535544933208,0.7667838280035277,1.0,0.0,0.0,13.799993594737066
SE150_FL370,2022-03-01 00:36:00.000000000,-4.430187536698249,47.24962688356991,11277.6,21662.374173827782,210.86748,0.43254914786475673,0.7567865128311223,1.0,0.0,0.0,13.799993546077733
SE150_FL370,2022-03-01 00:37:00.000000000,-4.274090776155365,47.31434724305453,11277.6,21662.374173827782,210.77557,0.42678603557906614,0.747129102141224,1.0,0.0,0.0,13.799993336121352
SE150_FL370,2022-03-01 00:38:00.000000000,-4.118048482758973,47.37933971273268,11277.6,21662.374173827782,210.70692,0.42062011176970204,0.7366503873218191,1.0,0.0,0.0,13.799992942424828
SE150_FL370,2022-03-01 00:39:00.000000000,-3.9620704925782735,47.44461446468435,11277.6,21662.374173827782,210.65479,0.4139966364673305,0.7252841722010726,1.0,0.0,0.0,13.7999923442172
SE150_FL370,2022-03-01 00:40:00.000000000,-3.806166568050712,47.510181395313246,11277.6,21662.374173827782,210.65442,0.40641702031739935,0.7120091647246442,1.0,0.0,0.0,13.799991522756148
SE150_FL370,2022-03-01 00:41:00.000000000,-3.6503463888319807,47.57605011322245,11277.6,21662.374173827782,210.6643,0.39939051312279594,0.6996551810934629,1.0,0.0,0.0,13.799990461647935
SE150_FL370,2022-03-01 00:42:00.000000000,-3.4946195419363453,47.64222992719104,11277.6,21662.374173827782,210.66615,0.3929657540460497,0.6883919281964762,1.0,0.0,0.0,13.799989147153058
SE150_FL370,2022-03-01 00:43:00.000000000,-3.3389955111735663,47.708729834295355,11277.6,21662.374173827782,210.66756,0.3876151222618314,0.679013495749696,1.0,0.0,0.0,13.79998756845803
SE150_FL370,2022-03-01 00:44:00.000000000,-3.1834836658934074,47.775558508220634,11277.6,21662.374173827782,210.67357,0.38381000753801814,0.6723226298459254,1.0,0.0,0.0,13.79998571790615
SE150_FL370,2022-03-01 00:45:00.000000000,-3.0280932490527612,47.84272428780939,11277.6,21662.374173827782,210.69647,0.38131970347094885,0.6678631106664382,1.0,0.0,0.0,13.799983591199357
SE150_FL370,2022-03-01 00:46:00.000000000,-2.872833364624784,47.91023516589412,11277.6,21662.374173827782,210.73643,0.37872743403078196,0.6631587929209455,1.0,0.0,0.0,13.799981187540997
SE150_FL370,2022-03-01 00:47:00.000000000,-2.7177129643741873,47.97809877846222,11277.6,21662.374173827782,210.78088,0.3765477553214854,0.6591617246799022,1.0,0.0,0.0,13.799978509741795
SE150_FL370,2022-03-01 00:48:00.000000000,-2.562740834027267,48.046322394201255,11277.6,21662.374173827782,210.83794,0.3756361120915522,0.6573323341582027,1.0,0.0,0.0,13.799975564268491
SE150_FL370,2022-03-01 00:49:00.000000000,-2.407925578869879,48.11491290447256,11277.6,21662.374173827782,210.8749,0.37427012354849154,0.6547917397385613,1.0,0.0,0.0,13.799972361242325
SE150_FL370,2022-03-01 00:50:00.000000000,-2.2532756088113697,48.18387681376056,11277.6,21662.374173827782,210.8994,0.37295750122535354,0.652396463364703,1.0,0.0,0.0,13.799968914382415
SE150_FL370,2022-03-01 00:51:00.000000000,-2.0987991229566814,48.25322023064404,11277.6,21662.374173827782,210.90811,0.372521999412431,0.6515979709278947,1.0,0.0,0.0,13.799965240897679
SE150_FL370,2022-03-01 00:52:00.000000000,-1.9445040937337181,48.3229488593347,11277.6,21662.374173827782,210.91422,0.3740208615825611,0.654196577212076,1.0,0.0,0.0,13.799961361323575
SE150_FL370,2022-03-01 00:53:00.000000000,-1.7903982506269553,48.393067991826065,11277.6,21662.374173827782,210.93631,0.37698521196562385,0.6592898293212563,1.0,0.0,0.0,13.799957299309654
SE150_FL370,2022-03-01 00:54:00.000000000,-1.6364890635725675,48.46358250069396,11277.6,21662.374173827782,210.95589,0.379706984345187,0.6639676201095093,1.0,0.0,0.0,13.799953081365691
SE150_FL370,2022-03-01 00:55:00.000000000,-1.482783726073991,48.534496832587074,11277.6,21662.374173827782,210.9836,0.38154603182904073,0.6670695938265933,1.0,0.0,0.0,13.799948736550181
SE150_FL370,2022-03-01 00:56:00.000000000,-1.3292891381006948,48.60581500244348,11277.6,21662.374173827782,210.9959,0.384448399704034,0.6720933429687098,1.0,0.0,0.0,13.79996224359886
SE150_FL370,2022-03-01 00:57:00.000000000,-1.176012199022902,48.677541157964725,11277.6,21662.374173827782,210.96036,0.38927904948979253,0.6806862740003179,1.0,0.0,0.0,13.800015850398514
SE150_FL370,2022-03-01 00:58:00.000000000,-1.022959909011004,48.74967973493967,11277.6,21662.374173827782,210.86766,0.39781775651698476,0.6960210268744871,1.0,0.0,0.0,13.800011280819982
SE150_FL370,2022-03-01 00:59:00.000000000,-0.8701372214611162,48.82223162470867,11277.6,21662.374173827782,210.76598,0.40764834872267075,0.713668730528103,1.0,0.0,0.0,13.800006501605102
SE150_FL370,2022-03-01 01:00:00.000000000,-0.7175496815727354,48.89519906140205,11277.6,21662.374173827782,210.65707,0.41825839918568536,0.7327415548769652,1.0,0.0,0.0,13.800001555312974
SE150_FL370,2022-03-01 01:01:00.000000000,-0.5652024537904219,48.96858383001156,11277.6,21662.374173827782,210.52666,0.43020262198407644,0.7542737967295775,1.0,0.0,0.0,13.79999648581086
SE150_FL370,2022-03-01 01:02:00.000000000,-0.4131003048958678,49.04238726558329,11277.6,21662.374173827782,210.42085,0.43959316115822455,0.771243138161116,1.0,0.0,0.0,13.799991337765992
SE150_FL370,2022-03-01 01:03:00.000000000,-0.2612475873906203,49.116610253279745,11277.6,21662.374173827782,210.33069,0.4468439595988147,0.7844017323148612,1.0,0.0,0.0,13.7999861561264
SE150_FL370,2022-03-01 01:04:00.000000000,-0.1096482232436474,49.1912532293119,11277.6,21662.374173827782,210.23932,0.45512394612436813,0.7993817443385395,1.0,0.0,0.0,13.799980985617015
SE150_FL370,2022-03-01 01:05:00.000000000,0.041694311923352705,49.266316182737384,11277.6,21662.374173827782,210.16354,0.46391766832988535,0.8152095710468188,1.0,0.0,0.0,13.799975870245795
SE150_FL370,2022-03-01 01:06:00.000000000,0.19277700414136667,49.341798658116055,11277.6,21662.374173827782,210.1801,0.4653155345684149,0.8175821761352837,1.0,0.0,0.0,13.799970852837674
SE150_FL370,2022-03-01 01:07:00.000000000,0.3435973158213465,49.41769975900875,11277.6,21662.374173827782,210.20033,0.46611782317858147,0.8188891721792849,1.0,0.0,0.0,13.79996597459641
SE150_FL370,2022-03-01 01:08:00.000000000,0.49415319983679507,49.49401815230074,11277.6,21662.374173827782,210.20815,0.465072161223101,0.8170146703315346,1.0,0.0,0.0,13.799961274703167
SE150_FL370,2022-03-01 01:09:00.000000000,0.6444431128990113,49.5707520733261,11277.6,21662.374173827782,210.26266,0.4582900518600612,0.8048292508239181,1.0,0.0,0.0,13.799956789951366
SE150_FL370,2022-03-01 01:10:00.000000000,0.7944660281656921,49.647899331764975,11277.6,21662.374173827782,210.30775,0.45217458891529605,0.7938692944420843,1.0,0.0,0.0,13.799952554435153
SE150_FL370,2022-03-01 01:11:00.000000000,0.9442214470284372,49.72545731828128,11277.6,21662.374173827782,210.32986,0.44799376225731724,0.786422744545555,1.0,0.0,0.0,13.799948599276675
SE150_FL370,2022-03-01 01:12:00.000000000,1.0937094100288882,49.803423011864275,11277.6,21662.374173827782,210.3612,0.4431246664248636,0.7777259401887957,1.0,0.0,0.0,13.79994495241215
SE150_FL370,2022-03-01 01:13:00.000000000,1.2429305068591834,49.8817929878337,11277.6,21662.374173827782,210.39545,0.43833788471683083,0.7691615088469862,1.0,0.0,0.0,13.799943970232082
SE150_FL370,2022-03-01 01:14:00.000000000,1.391885839203061,49.9605634958069,11277.6,21662.374173827782,210.42319,0.43723112093863215,0.7670867305163249,1.0,0.0,0.0,13.800018164069398
SE150_FL370,2022-03-01 01:15:00.000000000,1.5405756538199646,50.039732525500625,11277.6,21662.374173827782,210.45444,0.43628494026766085,0.7652797134093968,1.0,0.0,0.0,13.800012779561797
SE150_FL370,2022-03-01 01:16:00.000000000,1.689003811745885,50.119293133097386,11277.6,21662.374173827782,210.493,0.43511972174313873,0.7630523007846876,1.0,0.0,0.0,13.800007711970267
SE150_FL370,2022-03-01 01:17:00.000000000,1.8371731915099507,50.19924036232172,11277.6,21662.374173827782,210.50455,0.4367707478677083,0.7658964857755972,1.0,0.0,0.0,13.800002984178791
SE150_FL370,2022-03-01 01:18:00.000000000,1.985087255414262,50.279568902342035,11277.6,21662.374173827782,210.5045,0.4403843140616817,0.7722332573688727,1.0,0.0,0.0,13.79999861501331
SE150_FL370,2022-03-01 01:19:00.000000000,2.1327500533276282,50.36027309878075,11277.6,21662.374173827782,210.50963,0.44458184433969317,0.7795676616359074,1.0,0.0,0.0,13.799994619263725
SE150_FL370,2022-03-01 01:20:00.000000000,2.2801662254169526,50.44134696502648,11277.6,21662.374173827782,210.47017,0.4543330709269702,0.7968610400837294,1.0,0.0,0.0,13.799991007751949
SE150_FL370,2022-03-01 01:21:00.000000000,2.4273410038207826,50.52278419379153,11277.6,21662.374173827782,210.42542,0.46612394790778094,0.8177661120017283,1.0,0.0,0.0,13.799987787443316
SE150_FL370,2022-03-01 01:22:00.000000000,2.5742802132739526,50.604578168858964,11277.6,21662.374173827782,210.40068,0.47381602182528787,0.8313886430163564,1.0,0.0,0.0,13.799984961591031
SE150_FL370,2022-03-01 01:23:00.000000000,2.720990270699007,50.686721976962986,11277.6,21662.374173827782,210.39018,0.4786538296045991,0.8399286641700784,1.0,0.0,0.0,13.79998252990439
SE150_FL370,2022-03-01 01:24:00.000000000,2.8674781837846655,50.769208419747585,11277.6,21662.374173827782,210.37923,0.4824766947225251,0.8466944746681283,1.0,0.0,0.0,13.79998048874809
SE150_FL370,2022-03-01 01:25:00.000000000,3.013751548576857,50.85203002574966,11277.6,21662.374173827782,210.37575,0.48511237744808217,0.8513407186230131,1.0,0.0,0.0,13.799978831356217
SE150_FL370,2022-03-01 01:26:00.000000000,3.1598185461124664,50.935179062353996,11277.6,21662.374173827782,210.41211,0.47932068139681755,0.8409870559805108,1.0,0.0,0.0,13.79997754806047
SE150_FL370,2022-03-01 01:27:00.000000000,3.3056879381298114,51.0186475476696,11277.6,21662.374173827782,210.45442,0.4730458169382117,0.8297634686747042,1.0,0.0,0.0,13.799976626528416
SE150_FL370,2022-03-01 01:28:00.000000000,3.451369061894234,51.10242726227889,11277.6,21662.374173827782,210.50978,0.46508340311718344,0.8155156963085515,1.0,0.0,0.0,13.799976052009184
SE150_FL370,2022-03-01 01:29:00.000000000,3.596871824179734,51.18650976081355,11277.6,21662.374173827782,210.57109,0.4564080936399682,0.7999998081381514,1.0,0.0,0.0,13.79997580757543
SE150_FL370,2022-03-01 01:30:00.000000000,3.7422066944510983,51.27088638331356,11277.6,21662.374173827782,210.64154,0.44697718142279835,0.783126081619604,1.0,0.0,0.0,13.799975874366709
SE150_FL370,2022-03-01 01:31:00.000000000,3.8873846972928505,51.35554826632859,11277.6,21662.374173827782,210.65935,0.4418385516895784,0.7740414189704903,1.0,0.0,0.0,13.799976231823901
SE150_FL370,2022-03-01 01:32:00.000000000,4.032417404133353,51.44048635372388,11277.6,21662.374173827782,210.66785,0.4369705120133571,0.7654702916628875,1.0,0.0,0.0,13.799976857923344
SE150_FL370,2022-03-01 01:33:00.000000000,4.17731692431389,51.525691407155904,11277.6,21662.374173827782,210.65894,0.432462569120434,0.7576153159487985,1.0,0.0,0.0,13.79997772939002
SE150_FL370,2022-03-01 01:34:00.000000000,4.322095895553423,51.611154016185885,11277.6,21662.374173827782,210.62341,0.4289259980995243,0.7515861307398739,1.0,0.0,0.0,13.799978821916332
SE150_FL370,2022-03-01 01:35:00.000000000,4.466767473859694,51.69686460800298,11277.6,21662.374173827782,210.5613,0.4269695225817463,0.7484434369299253,1.0,0.0,0.0,13.79998011034861
SE150_FL370,2022-03-01 01:36:00.000000000,4.61134532293813,51.78281345673147,11277.6,21662.374173827782,210.48395,0.4249039602980075,0.7451802031748783,1.0,0.0,0.0,13.799981568886242
SE150_FL370,2022-03-01 01:37:00.000000000,4.755843603148792,51.86899069230014,11277.6,21662.374173827782,210.40242,0.4229391908909251,0.742106870482551,1.0,0.0,0.0,13.79998317125147
SE150_FL370,2022-03-01 01:38:00.000000000,4.9002769600611895,51.95538630885467,11277.6,21662.374173827782,210.31058,0.4207577654069045,0.7387001332568891,1.0,0.0,0.0,13.799984890852482
SE150_FL370,2022-03-01 01:39:00.000000000,5.044660512655349,52.041990172697254,11277.6,21662.374173827782,210.21704,0.4192397369148303,0.7364588053016802,1.0,0.0,0.0,13.799986700946327
SE150_FL370,2022-03-01 01:40:00.000000000,5.189009841215732,52.12879202974077,11277.6,21662.374173827782,210.11961,0.4183609284956345,0.7353539663230892,1.0,0.0,0.0,13.799988574784994
SE150_FL370,2022-03-01 01:41:00.000000000,5.33334097496334,52.2157815124673,11277.6,21662.374173827782,210.01933,0.4185663643029574,0.7361682317587146,1.0,0.0,0.0,13.799990485753726
SE150_FL370,2022-03-01 01:42:00.000000000,5.477670379467894,52.30294814638437,11277.6,21662.374173827782,209.91658,0.4190836269415335,0.7375431039920833,1.0,0.0,0.0,13.799992407510803
SE150_FL370,2022-03-01 01:43:00.000000000,5.622014943881001,52.390281355974025,11277.6,21662.374173827782,209.8035,0.4196666929110431,0.7390803584235377,1.0,0.0,0.0,13.79999431411892
SE150_FL370,2022-03-01 01:44:00.000000000,5.766391968026885,52.477770470133564,11277.6,21662.374173827782,209.69041,0.42040980370157216,0.7408977718690992,1.0,0.0,0.0,13.799996180175784
SE150_FL370,2022-03-01 01:45:00.000000000,5.910819149385742,52.565404727108,11277.6,21662.374173827782,209.60776,0.42325349541678753,0.7462867307150013,1.0,0.0,0.0,13.799997980946767
SE150_FL370,2022-03-01 01:46:00.000000000,6.055314570000713,52.65317327891751,11277.6,21662.374173827782,209.52419,0.4258429472692765,0.7512366535884677,1.0,0.0,0.0,13.799999692491834
SE150_FL370,2022-03-01 01:47:00.000000000,6.19989668333652,52.74106519528474,11277.6,21662.374173827782,209.44904,0.42846818007706117,0.7562096430820439,1.0,0.0,0.0,13.80000129179735
SE150_FL370,2022-03-01 01:48:00.000000000,6.344584301114556,52.829069467069175,11277.6,21662.374173827782,209.42967,0.4283419560770344,0.7560774023093203,1.0,0.0,0.0,13.800002756917273
SE150_FL370,2022-03-01 01:49:00.000000000,6.48939658014588,52.91717500921703,11277.6,21662.374173827782,209.42398,0.4272412669539337,0.7541610991428893,1.0,0.0,0.0,13.800004067102952
SE150_FL370,2022-03-01 01:50:00.000000000,6.634353009179616,53.00537066323756,11277.6,21662.374173827782,209.42659,0.4256959681806317,0.7514205469471242,1.0,0.0,0.0,13.80000520294991
SE150_FL370,2022-03-01 01:51:00.000000000,6.779473395781127,53.09364519921752,11277.6,21662.374173827782,209.4444,0.422166456718465,0.745108540114193,1.0,0.0,0.0,13.800006146536646
SE150_FL370,2022-03-01 01:52:00.000000000,6.924777853250975,53.18198731738731,11277.6,21662.374173827782,209.52216,0.412599924147021,0.7278834298849177,1.0,0.0,0.0,13.80000688157544
SE150_FL370,2022-03-01 01:53:00.000000000,7.070286787591492,53.270385649253456,11277.6,21662.374173827782,209.59503,0.40365664517591776,0.7117882950385082,1.0,0.0,0.0,13.800007393558275
SE150_FL370,2022-03-01 01:54:00.000000000,7.216020884525191,53.35882875831312,11277.6,21662.374173827782,209.66582,0.3953462698154637,0.6968340726289932,1.0,0.0,0.0,13.800007669900015
SE150_FL370,2022-03-01 01:55:00.000000000,7.3620010965652085,53.44730514036748,11277.6,21662.374173827782,209.72528,0.3878753690754128,0.6834178363914987,1.0,0.0,0.0,13.800007700096462
SE150_FL370,2022-03-01 01:56:00.000000000,7.508248630134886,53.53580322345174,11277.6,21662.374173827782,209.78317,0.38049805802837855,0.6701832533328697,1.0,0.0,0.0,13.800007475854803
SE150_FL370,2022-03-01 01:57:00.000000000,7.654784932730397,53.62431136740005,11277.6,21662.374173827782,209.82817,0.3762782082705072,0.6625668493447022,1.0,0.0,0.0,13.800006991241453
SE150_FL370,2022-03-01 01:58:00.000000000,7.801631680117048,53.712817863064856,11277.6,21662.374173827782,209.86154,0.37340091834769884,0.6573667284841707,1.0,0.0,0.0,13.800006242806354
SE150_FL370,2022-03-01 01:59:00.000000000,7.948810763547113,53.80131093121019,11277.6,21662.374173827782,209.86952,0.3725285947962776,0.6557978605575132,1.0,0.0,0.0,13.800005229709964
SE150_FL370,2022-03-01 02:00:00.000000000,8.096344276983887,53.889778721099525,11277.6,21662.374173827782,209.87506,0.3737383378008025,0.6579062069787727,1.0,0.0,0.0,13.800003953824296
SE150_FL370,2022-03-01 02:01:00.000000000,8.244254504314016,53.97820930879907,11277.6,21662.374173827782,209.88188,0.3762256633287466,0.6622600092200152,1.0,0.0,0.0,13.80000241982998
SE150_FL370,2022-03-01 02:02:00.000000000,8.392563906527803,54.06659069521786,11277.6,21662.374173827782,209.85939,0.3784066236151034,0.6661872808180278,1.0,0.0,0.0,13.800000635287429
SE150_FL370,2022-03-01 02:03:00.000000000,8.541295108844203,54.15491080390644,11277.6,21662.374173827782,209.83467,0.3809211629170675,0.6707158692329682,1.0,0.0,0.0,13.79999861068731
SE150_FL370,2022-03-01 02:04:00.000000000,8.690470887755579,54.24315747863636,11277.6,21662.374173827782,209.80351,0.38470557823704665,0.6775075957767965,1.0,0.0,0.0,13.799996359482744
SE150_FL370,2022-03-01 02:05:00.000000000,8.840114157964688,54.3313184807831,11277.6,21662.374173827782,209.79257,0.3905155844294384,0.6877876019103897,1.0,0.0,0.0,13.799993898086694
SE150_FL370,2022-03-01 02:06:00.000000000,8.990247959184734,54.41938148653517,11277.6,21662.374173827782,209.7762,0.3951836875506649,0.6960775516774578,1.0,0.0,0.0,13.799991245846577
SE150_FL370,2022-03-01 02:07:00.000000000,9.140895442771445,54.50733408395296,11277.6,21662.374173827782,209.76657,0.4001592725902539,0.7048826027083981,1.0,0.0,0.0,13.799988424983786
SE150_FL370,2022-03-01 02:08:00.000000000,9.292079858154782,54.595163769900566,11277.6,21662.374173827782,209.77184,0.40552815268756015,0.7143162166954394,1.0,0.0,0.0,13.799985460504125
SE150_FL370,2022-03-01 02:09:00.000000000,9.443824539036145,54.682857946874975,11277.6,21662.374173827782,209.76942,0.4089185624375876,0.7203022416089074,1.0,0.0,0.0,13.79998238006007
SE150_FL370,2022-03-01 02:10:00.000000000,9.596152889316482,54.770403919756546,11277.6,21662.374173827782,209.76804,0.4107795119066464,0.7235834239068868,1.0,0.0,0.0,13.799979213805697
SE150_FL370,2022-03-01 02:11:00.000000000,9.749088368719127,54.85778889250587,11277.6,21662.374173827782,209.78667,0.41286443057279054,0.7271757829716222,1.0,0.0,0.0,13.79997599417574
SE150_FL370,2022-03-01 02:12:00.000000000,9.902654478070929,54.944999964831716,11277.6,21662.374173827782,209.79604,0.41334890161361093,0.7279874954661812,1.0,0.0,0.0,8.71787688339356
SE150_FL370,2022-03-01 02:12:37.904240283,10.0,55.0,11277.6,21662.374173827782,209.78737,0.4133531561053663,0.728031982225342,1.0,0.0,0.0,0.0
GC0_FL370,2022-03-01 00:00:00.000000000,-10.000000000000002,45.00000000000001,11277.6,21662.374173827782,213.05789,0.36395272585305877,0.6279835569427756,1.0,0.0,0.0,13.800031261260088
GC0_FL370,2022-03-01 00:01:00.000000000,-9.876312021826006,45.08811854334467,11277.6,21662.374173827782,213.00758,0.3602382908155415,0.6217761327169208,1.0,0.0,0.0,13.800027623894355
GC0_FL370,2022-03-01 00:02:00.000000000,-9.752242252140906,45.176103215944366,11277.6,21662.374173827782,212.91455,0.3623056199510231,0.6257220822685208,1.0,0.0,0.0,13.800023933454368
GC0_FL370,2022-03-01 00:03:00.000000000,-9.627788920452794,45.263953191638386,11277.6,21662.374173827782,212.84637,0.3596016294130332,0.6213234545975526,1.0,0.0,0.0,13.800020189682812
GC0_FL370,2022-03-01 00:04:00.000000000,-9.5029502525583,45.351667639156055,11277.6,21662.374173827782,212.78647,0.35640991393512794,0.6160467640742984,1.0,0.0,0.0,13.800016392336534
GC0_FL370,2022-03-01 00:05:00.000000000,-9.377724470626134,45.439245722091066,11277.6,21662.374173827782,212.73195,0.3556976888533611,0.6150319298899495,1.0,0.0,0.0,13.800012541176311
GC0_FL370,2022-03-01 00:06:00.000000000,-9.252109793282935,45.52668659887586,11277.6,21662.374173827782,212.64252,0.3584862044024986,0.6202096097289177,1.0,0.0,0.0,13.800008635971807
GC0_FL370,2022-03-01 00:07:00.000000000,-9.126104435701345,45.613989422756205,11277.6,21662.374173827782,212.60844,0.3568729880766101,0.6175541893460712,1.0,0.0,0.0,13.800004676501466
GC0_FL370,2022-03-01 00:08:00.000000000,-8.999706609690397,45.701153341765824,11277.6,21662.374173827782,212.53195,0.35630051026695386,0.6168648832935372,1.0,0.0,0.0,13.800000662551579
GC0_FL370,2022-03-01 00:09:00.000000000,-8.872914523788092,45.7881774987011,11277.6,21662.374173827782,212.49219,0.34845113990501797,0.6034302848414019,1.0,0.0,0.0,13.799996593917113
GC0_FL370,2022-03-01 00:10:00.000000000,-8.745726383356452,45.87506103109597,11277.6,21662.374173827782,212.43912,0.3392734596671236,0.5877359164446503,1.0,0.0,0.0,13.799992470403737
GC0_FL370,2022-03-01 00:11:00.000000000,-8.618140390678803,45.96180307119685,11277.6,21662.374173827782,212.3755,0.334937850114143,0.5804610102284384,1.0,0.0,0.0,13.799988291825057
GC0_FL370,2022-03-01 00:12:00.000000000,-8.490154745059604,46.04840274593778,11277.6,21662.374173827782,212.3016,0.3332310462763765,0.5777763810570985,1.0,0.0,0.0,13.799984058004643
GC0_FL370,2022-03-01 00:13:00.000000000,-8.36176764292664,46.13485917691566,11277.6,21662.374173827782,212.26161,0.3343781499966137,0.5799128433854848,1.0,0.0,0.0,13.799979768777922
GC0_FL370,2022-03-01 00:14:00.000000000,-8.232977277935733,46.22117148036564,11277.6,21662.374173827782,212.21324,0.33435653935865034,0.580053351530166,1.0,0.0,0.0,13.79997542398953
GC0_FL370,2022-03-01 00:15:00.000000000,-8.103781841077932,46.30733876713662,11277.6,21662.374173827782,212.27808,0.3244805695924299,0.5626887855770268,1.0,0.0,0.0,13.799971023496427
GC0_FL370,2022-03-01 00:16:00.000000000,-7.974179520789293,46.39336014266697,11277.6,21662.374173827782,212.36691,0.3119134953205593,0.5405890887743442,1.0,0.0,0.0,13.799966567164596
GC0_FL370,2022-03-01 00:17:00.000000000,-7.844168503063274,46.47923470696041,11277.6,21662.374173827782,212.46957,0.29870778516348273,0.5173625548496475,1.0,0.0,0.0,13.8000335506074
GC0_FL370,2022-03-01 00:18:00.000000000,-7.713744387039283,46.56496062297613,11277.6,21662.374173827782,212.62929,0.28115265038945997,0.4864591608911322,1.0,0.0,0.0,13.800029833224963
GC0_FL370,2022-03-01 00:19:00.000000000,-7.582907908106713,46.65053789712994,11277.6,21662.374173827782,212.80817,0.262802409718564,0.45418521818290314,1.0,0.0,0.0,13.800025836216795
GC0_FL370,2022-03-01 00:20:00.000000000,-7.451657253716138,46.73596561579989,11277.6,21662.374173827782,212.9649,0.2463460150004102,0.4253137516037194,1.0,0.0,0.0,13.800021784046535
GC0_FL370,2022-03-01 00:21:00.000000000,-7.319990601234423,46.82124285691214,11277.6,21662.374173827782,213.12347,0.23148036478182213,0.39923862357124573,1.0,0.0,0.0,13.800017676565119
GC0_FL370,2022-03-01 00:22:00.000000000,-7.187906126190921,46.90636869283971,11277.6,21662.374173827782,213.25357,0.2180460905460334,0.37575147421460553,1.0,0.0,0.0,13.800013513633964
GC0_FL370,2022-03-01 00:23:00.000000000,-7.0554020024062,46.99134219037952,11277.6,21662.374173827782,213.33769,0.2067876312089489,0.35615548546473,1.0,0.0,0.0,13.800009295126483
GC0_FL370,2022-03-01 00:24:00.000000000,-6.922476402123702,47.07616241072962,11277.6,21662.374173827782,213.41954,0.19859396174974295,0.34186014356383104,1.0,0.0,0.0,13.800005020927465
GC0_FL370,2022-03-01 00:25:00.000000000,-6.789127496144292,47.16082840946671,11277.6,21662.374173827782,213.48405,0.19128426088935765,0.32913930422606513,1.0,0.0,0.0,13.800000690938065
GC0_FL370,2022-03-01 00:26:00.000000000,-6.655353453963729,47.24533923652389,11277.6,21662.374173827782,213.49094,0.19320874356982096,0.33243594835537466,1.0,0.0,0.0,13.799996305067978
GC0_FL370,2022-03-01 00:27:00.000000000,-6.521152443913118,47.32969393616862,11277.6,21662.374173827782,213.48529,0.2003292388240937,0.3447002399096308,1.0,0.0,0.0,13.799991863244522
GC0_FL370,2022-03-01 00:28:00.000000000,-6.386522633302341,47.41389154698097,11277.6,21662.374173827782,213.46317,0.21005475299106846,0.3614864772426137,1.0,0.0,0.0,13.799987365406142
GC0_FL370,2022-03-01 00:29:00.000000000,-6.251462188566615,47.49793110183218,11277.6,21662.374173827782,213.41534,0.2225208016854175,0.383058683572258,1.0,0.0,0.0,13.79998281150992
GC0_FL370,2022-03-01 00:30:00.000000000,-6.1159692754160595,47.58181162786344,11277.6,21662.374173827782,213.36043,0.23814073523874926,0.41009484886394554,1.0,0.0,0.0,13.799978201523881
GC0_FL370,2022-03-01 00:31:00.000000000,-5.980042058988454,47.66553214646499,11277.6,21662.374173827782,213.3048,0.25261009475259505,0.4351693645733481,1.0,0.0,0.0,13.799973535432741
GC0_FL370,2022-03-01 00:32:00.000000000,-5.84367870400512,47.74909167325553,11277.6,21662.374173827782,213.2242,0.26781726138984874,0.4616080386802252,1.0,0.0,0.0,13.799968813237534
GC0_FL370,2022-03-01 00:33:00.000000000,-5.70687737493005,47.832489218061895,11277.6,21662.374173827782,213.15111,0.28111432549816173,0.4847569819435465,1.0,0.0,0.0,13.799964034957233
GC0_FL370,2022-03-01 00:34:00.000000000,-5.569636236132259,47.91572378489917,11277.6,21662.374173827782,213.07391,0.29337361043378674,0.506149593073386,1.0,0.0,0.0,13.800035855280361
GC0_FL370,2022-03-01 00:35:00.000000000,-5.431950681045849,47.9987933410855,11277.6,21662.374173827782,212.97978,0.3062491651530086,0.5286851159509729,1.0,0.0,0.0,13.80003208062314
GC0_FL370,2022-03-01 00:36:00.000000000,-5.2938216052343305,48.08169789082298,11277.6,21662.374173827782,212.8788,0.3131678405639214,0.5409830139783762,1.0,0.0,0.0,13.800027766635571
GC0_FL370,2022-03-01 00:37:00.000000000,-5.155247191271525,48.164436426955106,11277.6,21662.374173827782,212.76181,0.32140095603822366,0.5556240268317515,1.0,0.0,0.0,13.800023396612284
GC0_FL370,2022-03-01 00:38:00.000000000,-5.016225604851381,48.24700792994952,11277.6,21662.374173827782,212.62146,0.33484131349287616,0.5793817640989973,1.0,0.0,0.0,13.800018970545228
GC0_FL370,2022-03-01 00:39:00.000000000,-4.876755012439158,48.329411374367055,11277.6,21662.374173827782,212.47026,0.34033467677512647,0.589457695752395,1.0,0.0,0.0,13.800014488442477
GC0_FL370,2022-03-01 00:40:00.000000000,-4.7368335814541895,48.411645728843965,11277.6,21662.374173827782,212.31674,0.3512140554685247,0.6088989337240363,1.0,0.0,0.0,13.800009950331221
GC0_FL370,2022-03-01 00:41:00.000000000,-4.596459480456218,48.493709956074575,11277.6,21662.374173827782,212.1898,0.3504252515816422,0.6080224226513161,1.0,0.0,0.0,13.800005356252322
GC0_FL370,2022-03-01 00:42:00.000000000,-4.455630879335287,48.57560301279429,11277.6,21662.374173827782,212.08072,0.3502179533716072,0.6080846964136862,1.0,0.0,0.0,13.800000706269127
GC0_FL370,2022-03-01 00:43:00.000000000,-4.314345949505185,48.6573238497631,11277.6,21662.374173827782,212.00584,0.35216871553083384,0.6117627876642896,1.0,0.0,0.0,13.799996000461707
GC0_FL370,2022-03-01 00:44:00.000000000,-4.172602864100605,48.73887141174949,11277.6,21662.374173827782,211.94641,0.35519040250078043,0.6172444705725808,1.0,0.0,0.0,13.799991238929968
GC0_FL370,2022-03-01 00:45:00.000000000,-4.030399798177934,48.8202446375148,11277.6,21662.374173827782,211.90298,0.35240266670415576,0.6125692271497041,1.0,0.0,0.0,13.79998642179239
GC0_FL370,2022-03-01 00:46:00.000000000,-3.8877349289197967,48.901442459798034,11277.6,21662.374173827782,211.90572,0.3435481779665487,0.5971666477063557,1.0,0.0,0.0,13.799981549189066
GC0_FL370,2022-03-01 00:47:00.000000000,-3.744606435843342,48.98246380530123,11277.6,21662.374173827782,211.89552,0.334662974697261,0.5817594553521243,1.0,0.0,0.0,13.799976621281434
GC0_FL370,2022-03-01 00:48:00.000000000,-3.601012501012314,49.06330759467523,11277.6,21662.374173827782,211.91304,0.328524136662693,0.5710235767111211,1.0,0.0,0.0,13.799971638251657
GC0_FL370,2022-03-01 00:49:00.000000000,-3.456951309253031,49.14397274250603,11277.6,21662.374173827782,211.91399,0.3243953741234844,0.5638448614082648,1.0,0.0,0.0,13.799966600302653
GC0_FL370,2022-03-01 00:50:00.000000000,-3.312421048374104,49.22445815730157,11277.6,21662.374173827782,211.89305,0.3229511471333542,0.5614105539987416,1.0,0.0,0.0,13.799961507663523
GC0_FL370,2022-03-01 00:51:00.000000000,-3.1674199093902,49.304762741479145,11277.6,21662.374173827782,211.86995,0.325735493993986,0.5663323921855913,1.0,0.0,0.0,13.80003811560671
GC0_FL370,2022-03-01 00:52:00.000000000,-3.021943131385752,49.3848842512864,11277.6,21662.374173827782,211.83905,0.3320252204610744,0.5773802059389264,1.0,0.0,0.0,13.80003431143209
GC0_FL370,2022-03-01 00:53:00.000000000,-2.875991817593982,49.46482269242153,11277.6,21662.374173827782,211.80722,0.33647436884297716,0.585233798285051,1.0,0.0,0.0,13.80002967563927
GC0_FL370,2022-03-01 00:54:00.000000000,-2.7295641981544376,49.54457695964448,11277.6,21662.374173827782,211.7769,0.3379032197725907,0.5878331562753798,1.0,0.0,0.0,13.800024984324816
GC0_FL370,2022-03-01 00:55:00.000000000,-2.582658479303576,49.62414593078313,11277.6,21662.374173827782,211.7557,0.33782512253834424,0.5877758890948402,1.0,0.0,0.0,13.800020237683322
GC0_FL370,2022-03-01 00:56:00.000000000,-2.435272871668278,49.703528477519875,11277.6,21662.374173827782,211.75337,0.3346878223856162,0.582324684531311,1.0,0.0,0.0,13.800015435926571
GC0_FL370,2022-03-01 00:57:00.000000000,-2.2874055905140325,49.78272346538261,11277.6,21662.374173827782,211.822,0.3246789948420318,0.5646669144097394,1.0,0.0,0.0,13.800010579292724
GC0_FL370,2022-03-01 00:58:00.000000000,-2.139054855997014,49.86172975373617,11277.6,21662.374173827782,211.90257,0.31262345922979456,0.5434226842989862,1.0,0.0,0.0,13.80000566804335
GC0_FL370,2022-03-01 00:59:00.000000000,-1.990218893420634,49.940546195774644,11277.6,21662.374173827782,211.97098,0.3024362452515746,0.5254858828497785,1.0,0.0,0.0,13.800000702464757
GC0_FL370,2022-03-01 01:00:00.000000000,-1.840895933496165,50.01917163851421,11277.6,21662.374173827782,212.07755,0.28846280836953253,0.5008687312358177,1.0,0.0,0.0,13.799995682868577
GC0_FL370,2022-03-01 01:01:00.000000000,-1.6910842126076457,50.09760492278672,11277.6,21662.374173827782,212.16942,0.2754957566545166,0.47807420624468816,1.0,0.0,0.0,13.799990609591623
GC0_FL370,2022-03-01 01:02:00.000000000,-1.540781973081079,50.17584488323394,11277.6,21662.374173827782,212.20547,0.2670811632231414,0.4633658028798278,1.0,0.0,0.0,13.799985482999908
GC0_FL370,2022-03-01 01:03:00.000000000,-1.3899874634580285,50.2538903483026,11277.6,21662.374173827782,212.22064,0.26045904851764484,0.45183324766218413,1.0,0.0,0.0,13.799980303483485
GC0_FL370,2022-03-01 01:04:00.000000000,-1.2386989387734455,50.33174014024005,11277.6,21662.374173827782,212.2288,0.25376927293813223,0.44020489493458825,1.0,0.0,0.0,13.799975071460995
GC0_FL370,2022-03-01 01:05:00.000000000,-1.0869146608380469,50.409393075090854,11277.6,21662.374173827782,212.15457,0.25711686377291165,0.4462230048132956,1.0,0.0,0.0,13.799969787382079
GC0_FL370,2022-03-01 01:06:00.000000000,-0.9346328985249368,50.48684796269396,11277.6,21662.374173827782,212.07332,0.2615125019619036,0.45408628628347614,1.0,0.0,0.0,13.799964451722667
GC0_FL370,2022-03-01 01:07:00.000000000,-0.7818519280607622,50.56410360668077,11277.6,21662.374173827782,211.98059,0.2674209835437181,0.4646186274654849,1.0,0.0,0.0,13.79995906498832
GC0_FL370,2022-03-01 01:08:00.000000000,-0.6285700333214097,50.64115880447403,11277.6,21662.374173827782,211.85098,0.2782301952863195,0.4837977873894144,1.0,0.0,0.0,13.800040250558894
GC0_FL370,2022-03-01 01:09:00.000000000,-0.47478237482134333,50.71801108774824,11277.6,21662.374173827782,211.71063,0.29121880284471835,0.5068318173398315,1.0,0.0,0.0,13.800036449888243
GC0_FL370,2022-03-01 01:10:00.000000000,-0.3204903233010431,50.79466047002034,11277.6,21662.374173827782,211.55638,0.305437945692837,0.5320953762490233,1.0,0.0,0.0,13.800031495581349
GC0_FL370,2022-03-01 01:11:00.000000000,-0.16569222733307076,50.87110574593124,11277.6,21662.374173827782,211.38397,0.3222527562391673,0.5619956743191984,1.0,0.0,0.0,13.80002648819227
GC0_FL370,2022-03-01 01:12:00.000000000,-0.01038640460530521,50.94734568796158,11277.6,21662.374173827782,211.19728,0.3416592751998415,0.5965383673609536,1.0,0.0,0.0,13.800021428178642
GC0_FL370,2022-03-01 01:13:00.000000000,0.14542881799142826,51.02337906239046,11277.6,21662.374173827782,211.08553,0.35290004239152883,0.6165952646370678,1.0,0.0,0.0,13.800016316031584
GC0_FL370,2022-03-01 01:14:00.000000000,0.30175510404023853,51.099204629299564,11277.6,21662.374173827782,210.99416,0.3621825043863931,0.6331735261552692,1.0,0.0,0.0,13.80001115226905
GC0_FL370,2022-03-01 01:15:00.000000000,0.45859410727043437,51.17482114257816,11277.6,21662.374173827782,210.92375,0.36853568644317536,0.6445642582859195,1.0,0.0,0.0,13.8000059374454
GC0_FL370,2022-03-01 01:16:00.000000000,0.6159474712251815,51.25022734992915,11277.6,21662.374173827782,210.91176,0.36763230194807195,0.6430321674534397,1.0,0.0,0.0,13.800000672141353
GC0_FL370,2022-03-01 01:17:00.000000000,0.7738168289243615,51.325421992876,11277.6,21662.374173827782,210.9518,0.3627508042024531,0.6343336155802198,1.0,0.0,0.0,13.7999953569759
GC0_FL370,2022-03-01 01:18:00.000000000,0.932203802522942,51.400403806770754,11277.6,21662.374173827782,211.01192,0.35735305550600116,0.624662435993457,1.0,0.0,0.0,13.799989992598045
GC0_FL370,2022-03-01 01:19:00.000000000,1.0911100029643799,51.47517152080301,11277.6,21662.374173827782,211.07463,0.35249290494351204,0.6159255227276692,1.0,0.0,0.0,13.79998457969091
GC0_FL370,2022-03-01 01:20:00.000000000,1.2505370296295943,51.549723858009905,11277.6,21662.374173827782,211.14471,0.34785599634151904,0.6075557827348489,1.0,0.0,0.0,13.799979118975191
GC0_FL370,2022-03-01 01:21:00.000000000,1.410486469980993,51.62405953528727,11277.6,21662.374173827782,211.11311,0.3529010161714755,0.6164896130083987,1.0,0.0,0.0,13.799973611204168
GC0_FL370,2022-03-01 01:22:00.000000000,1.570959899201897,51.698177263401696,11277.6,21662.374173827782,211.05516,0.3602964374618528,0.6296372533781356,1.0,0.0,0.0,13.799968057170684
GC0_FL370,2022-03-01 01:23:00.000000000,1.7319588798311787,51.77207574700383,11277.6,21662.374173827782,210.98576,0.36951491543222365,0.6460257385001144,1.0,0.0,0.0,13.799962457699413
GC0_FL370,2022-03-01 01:24:00.000000000,1.8934849613930664,51.84575368464275,11277.6,21662.374173827782,210.8632,0.3861881967022684,0.6756914304818187,1.0,0.0,0.0,13.799956813657149
GC0_FL370,2022-03-01 01:25:00.000000000,2.055539680022396,51.91920976878139,11277.6,21662.374173827782,210.73212,0.4046428386447804,0.7085577501603159,1.0,0.0,0.0,13.800042154299087
GC0_FL370,2022-03-01 01:26:00.000000000,2.2181278486239693,51.99244129650124,11277.6,21662.374173827782,210.59703,0.42435021412708684,0.7436882107157847,1.0,0.0,0.0,13.800038395347975
GC0_FL370,2022-03-01 01:27:00.000000000,2.381247755746821,52.06544829902248,11277.6,21662.374173827782,210.48854,0.44297118328686846,0.7768434673428267,1.0,0.0,0.0,13.800033137066887
GC0_FL370,2022-03-01 01:28:00.000000000,2.5449008423555197,52.13822947261712,11277.6,21662.374173827782,210.39912,0.4598452256959666,0.8068803375411449,1.0,0.0,0.0,13.800027830685213
GC0_FL370,2022-03-01 01:29:00.000000000,2.7090885869023626,52.210783485473385,11277.6,21662.374173827782,210.33818,0.47342892729229064,0.831028827189964,1.0,0.0,0.0,13.800022477008898
GC0_FL370,2022-03-01 01:30:00.000000000,2.873812452494847,52.283108999789214,11277.6,21662.374173827782,210.31668,0.48153602183262173,0.845371278455474,1.0,0.0,0.0,13.800017076881304
GC0_FL370,2022-03-01 01:31:00.000000000,3.039073886492103,52.35520467179508,11277.6,21662.374173827782,210.31435,0.48672730585729596,0.8544981384066342,1.0,0.0,0.0,13.8000116311833
GC0_FL370,2022-03-01 01:32:00.000000000,3.204874320096632,52.42706915177804,11277.6,21662.374173827782,210.33482,0.4874020846082312,0.8555728657654289,1.0,0.0,0.0,13.80000614083744
GC0_FL370,2022-03-01 01:33:00.000000000,3.3712151679413354,52.498701084107154,11277.6,21662.374173827782,210.38123,0.48392965094147555,0.8492382556236945,1.0,0.0,0.0,13.800000606803097
GC0_FL370,2022-03-01 01:34:00.000000000,3.538097827671728,52.57009910726018,11277.6,21662.374173827782,210.43216,0.48087672562647826,0.8436131774452469,1.0,0.0,0.0,13.799995030082775
GC0_FL370,2022-03-01 01:35:00.000000000,3.705523679523632,52.64126185385161,11277.6,21662.374173827782,210.47972,0.47570796883586514,0.8343011055562932,1.0,0.0,0.0,13.799989411721297
GC0_FL370,2022-03-01 01:36:00.000000000,3.8734940858960045,52.71218795066221,11277.6,21662.374173827782,210.5173,0.47037697906117987,0.8247605160548095,1.0,0.0,0.0,13.799983752801687
GC0_FL370,2022-03-01 01:37:00.000000000,4.04201039091922,52.78287601866978,11277.6,21662.374173827782,210.5377,0.465103824936331,0.8154107409523201,1.0,0.0,0.0,13.799978054452163
GC0_FL370,2022-03-01 01:38:00.000000000,4.211073920018708,52.853324673081396,11277.6,21662.374173827782,210.5205,0.45934769563549277,0.8054042573464499,1.0,0.0,0.0,13.799972317845754
GC0_FL370,2022-03-01 01:39:00.000000000,4.380685979473958,52.92353252336716,11277.6,21662.374173827782,210.49393,0.45321774422297983,0.794788503234619,1.0,0.0,0.0,13.79996654419649
GC0_FL370,2022-03-01 01:40:00.000000000,4.550847855972988,52.993498173295265,11277.6,21662.374173827782,210.4446,0.4481424191431157,0.7861270541671432,1.0,0.0,0.0,13.799960734763747
GC0_FL370,2022-03-01 01:41:00.000000000,4.72156081616213,53.06322022096875,11277.6,21662.374173827782,210.36183,0.44429406492774914,0.7797747606852955,1.0,0.0,0.0,13.799954890854742
GC0_FL370,2022-03-01 01:42:00.000000000,4.892826106191535,53.13269725886355,11277.6,21662.374173827782,210.27661,0.4405624022268698,0.7736311080082733,1.0,0.0,0.0,13.80004369387429
GC0_FL370,2022-03-01 01:43:00.000000000,5.064648373766797,53.201926344915194,11277.6,21662.374173827782,210.18732,0.4375279031641629,0.7687241187347912,1.0,0.0,0.0,13.800040019521948
GC0_FL370,2022-03-01 01:44:00.000000000,5.237025480446346,53.270907542595175,11277.6,21662.374173827782,210.09517,0.4356703442309935,0.7658948400911473,1.0,0.0,0.0,13.800034486742401
GC0_FL370,2022-03-01 01:45:00.000000000,5.409958542016128,53.339639456889614,11277.6,21662.374173827782,209.99303,0.43474179101814026,0.7647398994922143,1.0,0.0,0.0,13.800028914083532
GC0_FL370,2022-03-01 01:46:00.000000000,5.583448717588524,53.40812065808024,11277.6,21662.374173827782,209.88193,0.4351464263815456,0.7659721816222946,1.0,0.0,0.0,13.80002330277767
GC0_FL370,2022-03-01 01:47:00.000000000,5.757497143428711,53.47634971103695,11277.6,21662.374173827782,209.76375,0.4376011240899173,0.7708499132852809,1.0,0.0,0.0,13.800017654102959
GC0_FL370,2022-03-01 01:48:00.000000000,5.932104932473757,53.54432517526539,11277.6,21662.374173827782,209.6581,0.4404218084098867,0.7763186385233762,1.0,0.0,0.0,13.800011969384423
GC0_FL370,2022-03-01 01:49:00.000000000,6.10727317384737,53.612045604956435,11277.6,21662.374173827782,209.55554,0.44345893215636834,0.7821630461174166,1.0,0.0,0.0,13.800006249993439
GC0_FL370,2022-03-01 01:50:00.000000000,6.283002932370696,53.679509549037114,11277.6,21662.374173827782,209.46579,0.4460297104581842,0.7871259953591028,1.0,0.0,0.0,13.800000497350158
GC0_FL370,2022-03-01 01:51:00.000000000,6.459295248068937,53.746715551223396,11277.6,21662.374173827782,209.42105,0.4443097562593261,0.7843028663775186,1.0,0.0,0.0,13.799994712920459
GC0_FL370,2022-03-01 01:52:00.000000000,6.636151135673946,53.81366215007467,11277.6,21662.374173827782,209.39114,0.4413061609071332,0.7791420362589185,1.0,0.0,0.0,13.799988898221487
GC0_FL370,2022-03-01 01:53:00.000000000,6.8135715841229665,53.88034787904993,11277.6,21662.374173827782,209.3922,0.4358192835902539,0.7694519559204954,1.0,0.0,0.0,13.799983054817007
GC0_FL370,2022-03-01 01:54:00.000000000,6.991557556053451,53.94677126656574,11277.6,21662.374173827782,209.45174,0.42588288361994814,0.7516371587239568,1.0,0.0,0.0,13.79997718432221
GC0_FL370,2022-03-01 01:55:00.000000000,7.170109987294104,54.01293083605608,11277.6,21662.374173827782,209.51945,0.41591736303858684,0.733744818930563,1.0,0.0,0.0,13.799971288402922
GC0_FL370,2022-03-01 01:56:00.000000000,7.349229786352257,54.07882510603384,11277.6,21662.374173827782,209.59062,0.4066185047401832,0.7170318843553551,1.0,0.0,0.0,13.799965368775869
GC0_FL370,2022-03-01 01:57:00.000000000,7.5289178338974985,54.144452590154366,11277.6,21662.374173827782,209.65712,0.3981353027145908,0.7017880091350007,1.0,0.0,0.0,13.799959427205792
GC0_FL370,2022-03-01 01:58:00.000000000,7.709174982241969,54.20981179728059,11277.6,21662.374173827782,209.70938,0.391111235744095,0.689185136297592,1.0,0.0,0.0,13.799953465513312
GC0_FL370,2022-03-01 01:59:00.000000000,7.890002054816966,54.2749012315503,11277.6,21662.374173827782,209.7412,0.3864929300804191,0.680917966623088,1.0,0.0,0.0,13.800044709298199
GC0_FL370,2022-03-01 02:00:00.000000000,8.07140336006643,54.3397177150441,11277.6,21662.374173827782,209.75531,0.38326841094977016,0.6751760191887376,1.0,0.0,0.0,13.800041165932434
GC0_FL370,2022-03-01 02:01:00.000000000,8.253376235746266,54.4042613638653,11277.6,21662.374173827782,209.7576,0.38119017435834435,0.6715069186631374,1.0,0.0,0.0,13.80003540717797
GC0_FL370,2022-03-01 02:02:00.000000000,8.435921335887098,54.46853070587913,11277.6,21662.374173827782,209.74867,0.3821994557321495,0.6733207484513654,1.0,0.0,0.0,13.800029620699759
GC0_FL370,2022-03-01 02:03:00.000000000,8.61903936252284,54.532524226953534,11277.6,21662.374173827782,209.73657,0.3853326447101758,0.6788895716448,1.0,0.0,0.0,13.800023808234585
GC0_FL370,2022-03-01 02:04:00.000000000,8.802730986129248,54.5962404085977,11277.6,21662.374173827782,209.72536,0.38928422413594055,0.6858985710527923,1.0,0.0,0.0,13.80001797157137
GC0_FL370,2022-03-01 02:05:00.000000000,8.986996845082029,54.659677728041075,11277.6,21662.374173827782,209.71696,0.3934569216121041,0.6932871908008427,1.0,0.0,0.0,13.80001211255036
GC0_FL370,2022-03-01 02:06:00.000000000,9.171837545112288,54.72283465831418,11277.6,21662.374173827782,209.7219,0.40007441224765866,0.7049281014551976,1.0,0.0,0.0,13.800006233064313
GC0_FL370,2022-03-01 02:07:00.000000000,9.357253658759396,54.785709668331585,11277.6,21662.374173827782,209.7275,0.40487419239378364,0.7133586618134891,1.0,0.0,0.0,13.800000335060249
GC0_FL370,2022-03-01 02:08:00.000000000,9.543245724821515,54.84830122297688,11277.6,21662.374173827782,209.74406,0.40839074286775645,0.7194818816276787,1.0,0.0,0.0,13.79999442053751
GC0_FL370,2022-03-01 02:09:00.000000000,9.729814247803706,54.91060778318973,11277.6,21662.374173827782,209.77539,0.4113586698189479,0.724571498974781,1.0,0.0,0.0,13.799988491549682
GC0_FL370,2022-03-01 02:10:00.000000000,9.916959697363977,54.97262780605501,11277.6,21662.374173827782,209.79756,0.41252233401275845,0.7265243241355859,1.0,0.0,0.0,6.1100550360113415
GC0_FL370,2022-03-01 02:10:26.566305980,10.0,55.0,11277.6,21662.374173827782,209.80011,0.4127958615733788,0.7269939488417696,1.0,0.0,0.0,0.0
NW150_FL370,2022-03-01 00:00:00.000000000,-10.000000000000002,45.00000000000001,11277.6,21662.374173827782,213.05789,0.36395272585305877,0.6279835569427756,1.0,0.0,0.0,13.800014615529586
NW150_FL370,2022-03-01 00:01:00.000000000,-9.911943680217473,45.10739059751919,11277.6,21662.374173827782,213.08728,0.3542414358057565,0.6111099784584498,1.0,0.0,0.0,13.800013510743517
NW150_FL370,2022-03-01 00:02:00.000000000,-9.823535417039643,45.21470503205091,11277.6,21662.374173827782,213.07973,0.3494658333450963,0.6029015898311171,1.0,0.0,0.0,13.800012336604626
NW150_FL370,2022-03-01 00:03:00.000000000,-9.734752775491534,45.32193450949788,11277.6,21662.374173827782,213.06142,0.3461100915789495,0.5971830492482582,1.0,0.0,0.0,13.800011102228465
NW150_FL370,2022-03-01 00:04:00.000000000,-9.64557321962325,45.4290701602766,11277.6,21662.374173827782,213.07555,0.3379687892140812,0.5830832447809841,1.0,0.0,0.0,13.800009817596628
NW150_FL370,2022-03-01 00:05:00.000000000,-9.555974120765597,45.53610303447345,11277.6,21662.374173827782,213.08382,0.3310206435082302,0.571065239442989,1.0,0.0,0.0,13.800008493466299
NW150_FL370,2022-03-01 00:06:00.000000000,-9.465932766099801,45.64302409705574,11277.6,21662.374173827782,213.07921,0.3265336402346373,0.5633414385121138,1.0,0.0,0.0,13.8000071412585
NW150_FL370,2022-03-01 00:07:00.000000000,-9.37542636757764,45.74982422315823,11277.6,21662.374173827782,213.07756,0.3225224323535589,0.5564259917029272,1.0,0.0,0.0,13.800005772917848
NW150_FL370,2022-03-01 00:08:00.000000000,-9.284432071228174,45.85649419346592,11277.6,21662.374173827782,213.07819,0.31389853848702576,0.541546709118189,1.0,0.0,0.0,13.800004400762623
NW150_FL370,2022-03-01 00:09:00.000000000,-9.192926966886413,45.96302468971482,11277.6,21662.374173827782,213.05548,0.3054874566004618,0.527112300538727,1.0,0.0,0.0,13.800003037318143
NW150_FL370,2022-03-01 00:10:00.000000000,-9.100888098379096,46.069406290332594,11277.6,21662.374173827782,213.04272,0.29546013727135456,0.5098523868909169,1.0,0.0,0.0,13.800001695131416
NW150_FL370,2022-03-01 00:11:00.000000000,-9.008292474201193,46.175629466241716,11277.6,21662.374173827782,213.01698,0.2870987897658445,0.4955062930454805,1.0,0.0,0.0,13.800000386583605
NW150_FL370,2022-03-01 00:12:00.000000000,-8.915117078716126,46.2816845768484,11277.6,21662.374173827782,213.02472,0.27704856098139385,0.47813624475201516,1.0,0.0,0.0,13.799999123681374
NW150_FL370,2022-03-01 00:13:00.000000000,-8.82133888391088,46.38756186624089,11277.6,21662.374173827782,213.06374,0.2661445739008581,0.45920192277084265,1.0,0.0,0.0,13.799997917859939
NW150_FL370,2022-03-01 00:14:00.000000000,-8.726934861735826,46.49325145962168,11277.6,21662.374173827782,213.09438,0.25694519733928495,0.44324215849693727,1.0,0.0,0.0,13.799996779771385
NW150_FL370,2022-03-01 00:15:00.000000000,-8.631881997057086,46.59874335999853,11277.6,21662.374173827782,213.21732,0.24356296326604346,0.41982249720161197,1.0,0.0,0.0,13.799995719077321
NW150_FL370,2022-03-01 00:16:00.000000000,-8.536157301247139,46.70402744515966,11277.6,21662.374173827782,213.33781,0.23026063570633024,0.3965832435810383,1.0,0.0,0.0,13.79999474425429
NW150_FL370,2022-03-01 00:17:00.000000000,-8.439737826436936,46.809093464959474,11277.6,21662.374173827782,213.50073,0.21544015063516622,0.37066319092908734,1.0,0.0,0.0,13.799993862396043
NW150_FL370,2022-03-01 00:18:00.000000000,-8.342600680450126,46.91393103894103,11277.6,21662.374173827782,213.68939,0.19996638119075086,0.34361671938214966,1.0,0.0,0.0,13.799993079039334
NW150_FL370,2022-03-01 00:19:00.000000000,-8.244723042436963,47.01852965432236,11277.6,21662.374173827782,213.86523,0.1855551344966135,0.31848528571449447,1.0,0.0,0.0,13.79999239800333
NW150_FL370,2022-03-01 00:20:00.000000000,-8.146082179222427,47.12287866437407,11277.6,21662.374173827782,214.02766,0.17257880379474821,0.29589536259557025,1.0,0.0,0.0,13.799991821243808
NW150_FL370,2022-03-01 00:21:00.000000000,-8.046655462379125,47.22696728721557,11277.6,21662.374173827782,214.17976,0.16009768267139818,0.27422078024497865,1.0,0.0,0.0,13.79999134873503
NW150_FL370,2022-03-01 00:22:00.000000000,-7.946420386032092,47.33078460505782,11277.6,21662.374173827782,214.32164,0.15009435966575527,0.2568447316015925,1.0,0.0,0.0,13.799990978379531
NW150_FL370,2022-03-01 00:23:00.000000000,-7.845354585398439,47.434319563920425,11277.6,21662.374173827782,214.46593,0.140609466525668,0.24038364441400653,1.0,0.0,0.0,13.799990705942896
NW150_FL370,2022-03-01 00:24:00.000000000,-7.743435856059993,47.537560973850695,11277.6,21662.374173827782,214.5913,0.13242816001150853,0.2262082687390105,1.0,0.0,0.0,13.799990525026583
NW150_FL370,2022-03-01 00:25:00.000000000,-7.640642173962943,47.64049750967218,11277.6,21662.374173827782,214.70268,0.12565510520161347,0.21447894345239885,1.0,0.0,0.0,13.799990427059264
NW150_FL370,2022-03-01 00:26:00.000000000,-7.536951716133178,47.743117712289695,11277.6,21662.374173827782,214.78662,0.11931672189931813,0.20354544031208094,1.0,0.0,0.0,13.799990401351167
NW150_FL370,2022-03-01 00:27:00.000000000,-7.432342882090881,47.84540999057738,11277.6,21662.374173827782,214.84354,0.11424368965477706,0.19481703629779318,1.0,0.0,0.0,13.799990435152703
NW150_FL370,2022-03-01 00:28:00.000000000,-7.32679431594254,47.94736262387532,11277.6,21662.374173827782,214.90717,0.10871265996887558,0.1853063434962692,1.0,0.0,0.0,13.799990513782763
NW150_FL370,2022-03-01 00:29:00.000000000,-7.220284929122936,48.04896376511957,11277.6,21662.374173827782,214.93951,0.10413232929585095,0.17746026415801705,1.0,0.0,0.0,13.799990620759637
NW150_FL370,2022-03-01 00:30:00.000000000,-7.112793923753648,48.15020144462874,11277.6,21662.374173827782,214.94766,0.10043265835194233,0.17114576544752483,1.0,0.0,0.0,13.799990738007454
NW150_FL370,2022-03-01 00:31:00.000000000,-7.00430081657882,48.251063574569415,11277.6,21662.374173827782,214.96268,0.09653582538926297,0.16448870537973337,1.0,0.0,0.0,13.799990846062991
NW150_FL370,2022-03-01 00:32:00.000000000,-6.894785463432784,48.351537954120296,11277.6,21662.374173827782,214.96118,0.09669214192533278,0.1647566099795703,1.0,0.0,0.0,13.79999092434128
NW150_FL370,2022-03-01 00:33:00.000000000,-6.784228084187853,48.45161227535354,11277.6,21662.374173827782,214.95857,0.09722294629482683,0.16566411227544192,1.0,0.0,0.0,13.79999095142065
NW150_FL370,2022-03-01 00:34:00.000000000,-6.672609288124424,48.55127412984912,11277.6,21662.374173827782,214.95125,0.09989016344308603,0.17021753659842925,1.0,0.0,0.0,13.799990905357314
NW150_FL370,2022-03-01 00:35:00.000000000,-6.559910099659522,48.650511016055766,11277.6,21662.374173827782,214.93187,0.10128847988754089,0.17262234705854163,1.0,0.0,0.0,13.799990764032621
NW150_FL370,2022-03-01 00:36:00.000000000,-6.446111984363311,48.74931034740906,11277.6,21662.374173827782,214.89653,0.10065968384259852,0.1715914309576434,1.0,0.0,0.0,13.799990505510175
NW150_FL370,2022-03-01 00:37:00.000000000,-6.331196875187807,48.84765946121438,11277.6,21662.374173827782,214.8434,0.10111630258558571,0.17243147856212593,1.0,0.0,0.0,13.799990108416592
NW150_FL370,2022-03-01 00:38:00.000000000,-6.215147198825244,48.94554562829887,11277.6,21662.374173827782,214.77423,0.10183948239896257,0.17374520306053787,1.0,0.0,0.0,13.799989552329267
NW150_FL370,2022-03-01 00:39:00.000000000,-6.097945902109083,49.04295606343325,11277.6,21662.374173827782,214.72324,0.10423630720462793,0.17789505656328203,1.0,0.0,0.0,13.799988818168638
NW150_FL370,2022-03-01 00:40:00.000000000,-5.979576478364332,49.13987793652022,11277.6,21662.374173827782,214.69766,0.10644010792386045,0.1816875057428942,1.0,0.0,0.0,13.799987888596085
NW150_FL370,2022-03-01 00:41:00.000000000,-5.860022993609616,49.23629838454239,11277.6,21662.374173827782,214.66583,0.10809203905336616,0.18454628675702592,1.0,0.0,0.0,13.799986748391927
NW150_FL370,2022-03-01 00:42:00.000000000,-5.739270112508919,49.33220452425832,11277.6,21662.374173827782,214.6897,0.10834915043432052,0.18495555594025348,1.0,0.0,0.0,13.799985384831924
NW150_FL370,2022-03-01 00:43:00.000000000,-5.617303123966524,49.42758346563079,11277.6,21662.374173827782,214.728,0.10892321990549059,0.18588792010925895,1.0,0.0,0.0,13.799983788033904
NW150_FL370,2022-03-01 00:44:00.000000000,-5.4941079662560375,49.52242232596687,11277.6,21662.374173827782,214.76842,0.10804945870583116,0.18434738569930767,1.0,0.0,0.0,13.799981951284067
NW150_FL370,2022-03-01 00:45:00.000000000,-5.369671251570929,49.61670824474481,11277.6,21662.374173827782,214.82031,0.10717154665761698,0.18278552760091338,1.0,0.0,0.0,13.799979871326002
NW150_FL370,2022-03-01 00:46:00.000000000,-5.243980289882591,49.710428399097715,11277.6,21662.374173827782,214.87259,0.10624675815893707,0.18114487844425156,1.0,0.0,0.0,13.799977548611706
NW150_FL370,2022-03-01 00:47:00.000000000,-5.117023111990287,49.803570019919526,11277.6,21662.374173827782,214.90533,0.10490145134467893,0.17881206158033092,1.0,0.0,0.0,13.799974987505227
NW150_FL370,2022-03-01 00:48:00.000000000,-4.988788491647018,49.896120408553536,11277.6,21662.374173827782,214.92226,0.10407579278509499,0.1773843883427012,1.0,0.0,0.0,13.799972196443608
NW150_FL370,2022-03-01 00:49:00.000000000,-4.85926596664584,49.98806695401959,11277.6,21662.374173827782,214.92172,0.10656596787125239,0.18162889242741198,1.0,0.0,0.0,13.79996918802526
NW150_FL370,2022-03-01 00:50:00.000000000,-4.728445858752139,50.079397150730635,11277.6,21662.374173827782,214.89084,0.10816283736233738,0.1843889692419325,1.0,0.0,0.0,13.799965979069924
NW150_FL370,2022-03-01 00:51:00.000000000,-4.596319292369935,50.17009861664571,11277.6,21662.374173827782,214.85611,0.10823486327261701,0.18455497277416288,1.0,0.0,0.0,13.799962590579305
NW150_FL370,2022-03-01 00:52:00.000000000,-4.462878211833166,50.26015911180118,11277.6,21662.374173827782,214.8093,0.10875630958410568,0.1855022216261673,1.0,0.0,0.0,13.799959047664926
NW150_FL370,2022-03-01 00:53:00.000000000,-4.328115397217069,50.34956655715893,11277.6,21662.374173827782,214.70427,0.1106233375497786,0.1888195666569359,1.0,0.0,0.0,13.799955379398677
NW150_FL370,2022-03-01 00:54:00.000000000,-4.192024478569649,50.43830905370571,11277.6,21662.374173827782,214.59616,0.11235695407466538,0.19191680202699687,1.0,0.0,0.0,13.799951618596008
NW150_FL370,2022-03-01 00:55:00.000000000,-4.05459994846935,50.526374901734854,11277.6,21662.374173827782,214.48657,0.1149933013206925,0.19656331098734997,1.0,0.0,0.0,13.799947801542151
NW150_FL370,2022-03-01 00:56:00.000000000,-3.915837172821923,50.61375262023863,11277.6,21662.374173827782,214.37395,0.11828402360510354,0.2023399497208217,1.0,0.0,0.0,13.799961634315533
NW150_FL370,2022-03-01 00:57:00.000000000,-3.775730534366871,50.70042998100058,11277.6,21662.374173827782,214.25793,0.12133002573530402,0.2077104365191443,1.0,0.0,0.0,13.800015187556577
NW150_FL370,2022-03-01 00:58:00.000000000,-3.634272966085093,50.78639370865784,11277.6,21662.374173827782,214.17474,0.12569379427694968,0.21529949324511655,1.0,0.0,0.0,13.800009923240955
NW150_FL370,2022-03-01 00:59:00.000000000,-3.491468425213449,50.87163617748502,11277.6,21662.374173827782,214.11319,0.1296470173034554,0.22216135017609356,1.0,0.0,0.0,13.800004456466626
NW150_FL370,2022-03-01 01:00:00.000000000,-3.3473158711349957,50.956146985350514,11277.6,21662.374173827782,214.04947,0.1326814136146249,0.22745649934281614,1.0,0.0,0.0,13.799998839363584
NW150_FL370,2022-03-01 01:01:00.000000000,-3.201815162333295,51.03991604591398,11277.6,21662.374173827782,214.03706,0.13432894192617598,0.23029984253002994,1.0,0.0,0.0,13.799993126409735
NW150_FL370,2022-03-01 01:02:00.000000000,-3.0549670550937402,51.122933607024926,11277.6,21662.374173827782,214.07025,0.13475528225180425,0.23098016386289913,1.0,0.0,0.0,13.799987373795798
NW150_FL370,2022-03-01 01:03:00.000000000,-2.9067732000863327,51.20519026867862,11277.6,21662.374173827782,214.07237,0.13474299007611124,0.23095587939933038,1.0,0.0,0.0,13.799981638763203
NW150_FL370,2022-03-01 01:04:00.000000000,-2.75723613682413,51.28667700045241,11277.6,21662.374173827782,214.06967,0.13472228453339882,0.23092470790915554,1.0,0.0,0.0,13.799975978917063
NW150_FL370,2022-03-01 01:05:00.000000000,-2.6063592860038653,51.367385158347936,11277.6,21662.374173827782,214.07219,0.13509418477935978,0.23155766468637293,1.0,0.0,0.0,13.799970451534813
NW150_FL370,2022-03-01 01:06:00.000000000,-2.4541469397475377,51.44730650096773,11277.6,21662.374173827782,214.07082,0.13476433610818703,0.23099512101560357,1.0,0.0,0.0,13.799965112869177
NW150_FL370,2022-03-01 01:07:00.000000000,-2.300604249774821,51.526433204957165,11277.6,21662.374173827782,214.07346,0.13414735343830858,0.22993346700048636,1.0,0.0,0.0,13.799960017463881
NW150_FL370,2022-03-01 01:08:00.000000000,-2.145737213549071,51.60475787964777,11277.6,21662.374173827782,214.10196,0.1332098862346789,0.2282836383620155,1.0,0.0,0.0,13.799955217494318
NW150_FL370,2022-03-01 01:09:00.000000000,-1.9895526584501013,51.682273580841326,11277.6,21662.374173827782,214.09528,0.1322807494356146,0.2267009509695446,1.0,0.0,0.0,13.799950762132118
NW150_FL370,2022-03-01 01:10:00.000000000,-1.832058224038491,51.758973823679455,11277.6,21662.374173827782,214.07817,0.1299171769657601,0.22267581283977456,1.0,0.0,0.0,13.799946696952656
NW150_FL370,2022-03-01 01:11:00.000000000,-1.6732623424866224,51.83485259454882,11277.6,21662.374173827782,214.09709,0.12753115542716503,0.21855867106716134,1.0,0.0,0.0,13.799943063395368
NW150_FL370,2022-03-01 01:12:00.000000000,-1.513174217261294,51.909904361977446,11277.6,21662.374173827782,214.07866,0.1258054993199821,0.21562772506486141,1.0,0.0,0.0,13.799939898272926
NW150_FL370,2022-03-01 01:13:00.000000000,-1.3518038001522044,51.98412408648381,11277.6,21662.374173827782,214.0404,0.12449280539989287,0.21343188479462183,1.0,0.0,0.0,13.799939745243607
NW150_FL370,2022-03-01 01:14:00.000000000,-1.1891615462200298,52.057507082236924,11277.6,21662.374173827782,214.00092,0.12397217699551094,0.212594553272918,1.0,0.0,0.0,13.800020924011612
NW150_FL370,2022-03-01 01:15:00.000000000,-1.0252518319892376,52.13004458185368,11277.6,21662.374173827782,213.92538,0.12446662599219166,0.21354863360770945,1.0,0.0,0.0,13.800013978858964
NW150_FL370,2022-03-01 01:16:00.000000000,-0.8600941937770141,52.20173800568454,11277.6,21662.374173827782,213.83072,0.12860703951553276,0.22078928714490786,1.0,0.0,0.0,13.800007477983955
NW150_FL370,2022-03-01 01:17:00.000000000,-0.6937013373187131,52.27258437763797,11277.6,21662.374173827782,213.72374,0.1334491591014403,0.22926393603226383,1.0,0.0,0.0,13.800001452770012
NW150_FL370,2022-03-01 01:18:00.000000000,-0.5260865789675423,52.34258124591907,11277.6,21662.374173827782,213.60905,0.1377928414385379,0.23690406497072744,1.0,0.0,0.0,13.799995928589095
NW150_FL370,2022-03-01 01:19:00.000000000,-0.35726381511859207,52.4117266860437,11277.6,21662.374173827782,213.4764,0.14586416002933655,0.2509983543390195,1.0,0.0,0.0,13.79999092471825
NW150_FL370,2022-03-01 01:20:00.000000000,-0.1872474908346242,52.480019302721765,11277.6,21662.374173827782,213.33728,0.1551103752570046,0.2671511286730823,1.0,0.0,0.0,13.799986454317708
NW150_FL370,2022-03-01 01:21:00.000000000,-0.0160525678074433,52.54745823062341,11277.6,21662.374173827782,213.20782,0.16572985367767828,0.28568176945110596,1.0,0.0,0.0,13.799982524503399
NW150_FL370,2022-03-01 01:22:00.000000000,0.15630550821031364,52.614043134048934,11277.6,21662.374173827782,213.1246,0.17832977935912572,0.30756629512985284,1.0,0.0,0.0,13.79997913648606
NW150_FL370,2022-03-01 01:23:00.000000000,0.329810840369795,52.67977420552756,11277.6,21662.374173827782,213.00882,0.19118293147027712,0.32998222149311446,1.0,0.0,0.0,13.799976285786364
NW150_FL370,2022-03-01 01:24:00.000000000,0.5044471139547051,52.74465216337665,11277.6,21662.374173827782,212.85423,0.2039842274823839,0.35242766316843366,1.0,0.0,0.0,13.799973962517008
NW150_FL370,2022-03-01 01:25:00.000000000,0.680197629744843,52.80867824825721,11277.6,21662.374173827782,212.78659,0.2139083928613024,0.36973634881919054,1.0,0.0,0.0,13.799972151720771
NW150_FL370,2022-03-01 01:26:00.000000000,0.857045337388637,52.8718542187659,11277.6,21662.374173827782,212.7057,0.224307038000653,0.38791151300313553,1.0,0.0,0.0,13.799970833761792
NW150_FL370,2022-03-01 01:27:00.000000000,1.034972868662569,52.93418234610838,11277.6,21662.374173827782,212.60704,0.23602584445011998,0.40843703848056145,1.0,0.0,0.0,13.799969984769
NW150_FL370,2022-03-01 01:28:00.000000000,1.2139625705007244,52.99566540790184,11277.6,21662.374173827782,212.52515,0.24890570031722997,0.43095136803179096,1.0,0.0,0.0,13.799969577100743
NW150_FL370,2022-03-01 01:29:00.000000000,1.3939965376829655,53.056306681157686,11277.6,21662.374173827782,212.44504,0.2593178385190037,0.44920900073589126,1.0,0.0,0.0,13.799969579857322
NW150_FL370,2022-03-01 01:30:00.000000000,1.5750566450764563,53.11610993449817,11277.6,21662.374173827782,212.3457,0.27050603248740784,0.46888841726971336,1.0,0.0,0.0,13.799969959394309
NW150_FL370,2022-03-01 01:31:00.000000000,1.7571245793312809,53.17507941966272,11277.6,21662.374173827782,212.22882,0.2832307364363217,0.49131071959029626,1.0,0.0,0.0,13.799970679859165
NW150_FL370,2022-03-01 01:32:00.000000000,1.9401818699385918,53.23321986236095,11277.6,21662.374173827782,212.07323,0.2971676669519575,0.5159975719565907,1.0,0.0,0.0,13.799971703727884
NW150_FL370,2022-03-01 01:33:00.000000000,2.1242099195660367,53.29053645253109,11277.6,21662.374173827782,211.92041,0.3102374225208894,0.5392149061652665,1.0,0.0,0.0,13.799972992333837
NW150_FL370,2022-03-01 01:34:00.000000000,2.3091900335932243,53.34703483406254,11277.6,21662.374173827782,211.76628,0.32474344630774105,0.5649783018938052,1.0,0.0,0.0,13.799974506384897
NW150_FL370,2022-03-01 01:35:00.000000000,2.4951034487770922,53.402721094041766,11277.6,21662.374173827782,211.61888,0.34140853837010987,0.594523633159496,1.0,0.0,0.0,13.799976206465772
NW150_FL370,2022-03-01 01:36:00.000000000,2.6819313609848683,53.457601751580526,11277.6,21662.374173827782,211.48564,0.3580756020443278,0.6240716725404435,1.0,0.0,0.0,13.799978053504757
NW150_FL370,2022-03-01 01:37:00.000000000,2.8696549519397707,53.511683746284476,11277.6,21662.374173827782,211.38261,0.3736106194435739,0.6515667128698085,1.0,0.0,0.0,13.799980009221503
NW150_FL370,2022-03-01 01:38:00.000000000,3.0582554149321086,53.56497442641937,11277.6,21662.374173827782,211.30293,0.3871124064739161,0.6754517383508898,1.0,0.0,0.0,13.799982036526542
NW150_FL370,2022-03-01 01:39:00.000000000,3.2477139794557783,53.61748153683056,11277.6,21662.374173827782,211.23895,0.39868791579795326,0.6959272452374174,1.0,0.0,0.0,13.799984099891018
NW150_FL370,2022-03-01 01:40:00.000000000,3.4380119347371982,53.6692132066701,11277.6,21662.374173827782,211.19016,0.4080890604057235,0.7125564742461202,1.0,0.0,0.0,13.799986165670656
NW150_FL370,2022-03-01 01:41:00.000000000,3.629130652131118,53.72017793698295,11277.6,21662.374173827782,211.13408,0.4164116684622463,0.7273427340013626,1.0,0.0,0.0,13.79998820237766
NW150_FL370,2022-03-01 01:42:00.000000000,3.821051606363487,53.770384588202695,11277.6,21662.374173827782,211.07224,0.4236975177307988,0.7403548373415455,1.0,0.0,0.0,13.799990180922991
NW150_FL370,2022-03-01 01:43:00.000000000,4.013756395608983,53.81984236760365,11277.6,21662.374173827782,211.00919,0.4297738072675438,0.7512672298679368,1.0,0.0,0.0,13.79999207479392
NW150_FL370,2022-03-01 01:44:00.000000000,4.207226760395775,53.868560816754226,11277.6,21662.374173827782,210.9197,0.432881335625566,0.7571227115072334,1.0,0.0,0.0,13.79999386020077
NW150_FL370,2022-03-01 01:45:00.000000000,4.401444601336398,53.9165497990135,11277.6,21662.374173827782,210.8057,0.4382796432972713,0.7671071160879065,1.0,0.0,0.0,13.799995516168021
NW150_FL370,2022-03-01 01:46:00.000000000,4.59639199568854,53.96381948710966,11277.6,21662.374173827782,210.68199,0.4404463105671939,0.7714912490593249,1.0,0.0,0.0,13.799997024593432
NW150_FL370,2022-03-01 01:47:00.000000000,4.792051212754257,54.01038035083665,11277.6,21662.374173827782,210.5481,0.43901605965229784,0.7696260415923346,1.0,0.0,0.0,13.799998370255315
NW150_FL370,2022-03-01 01:48:00.000000000,4.988404728130883,54.05624314490155,11277.6,21662.374173827782,210.39648,0.4393837074830509,0.7709917579153993,1.0,0.0,0.0,13.799999540791967
NW150_FL370,2022-03-01 01:49:00.000000000,5.185435236830494,54.101418896952666,11277.6,21662.374173827782,210.28215,0.4355946625187443,0.764879969715052,1.0,0.0,0.0,13.800000526639762
NW150_FL370,2022-03-01 01:50:00.000000000,5.383125665288684,54.14591889581483,11277.6,21662.374173827782,210.17761,0.4320183848099481,0.7590881420439045,1.0,0.0,0.0,13.800001320950413
NW150_FL370,2022-03-01 01:51:00.000000000,5.581459182286482,54.18975467995547,11277.6,21662.374173827782,210.08226,0.4300190705040293,0.7560201471277821,1.0,0.0,0.0,13.800001919470516
NW150_FL370,2022-03-01 01:52:00.000000000,5.780419208811863,54.23293802620198,11277.6,21662.374173827782,209.987,0.431398689945351,0.7588872013477941,1.0,0.0,0.0,13.800002320404134
NW150_FL370,2022-03-01 01:53:00.000000000,5.979989426890096,54.27548093872749,11277.6,21662.374173827782,209.89165,0.435302483900006,0.766202979732091,1.0,0.0,0.0,13.800002524262844
NW150_FL370,2022-03-01 01:54:00.000000000,6.180153787413816,54.31739563831984,11277.6,21662.374173827782,209.78253,0.43936688552549485,0.7738729334227573,1.0,0.0,0.0,13.800002533692991
NW150_FL370,2022-03-01 01:55:00.000000000,6.3808965170056196,54.35869455194499,11277.6,21662.374173827782,209.6821,0.44252935331546545,0.7799205859016805,1.0,0.0,0.0,13.800002353293928
NW150_FL370,2022-03-01 01:56:00.000000000,6.5822021239473365,54.399390302613654,11277.6,21662.374173827782,209.59825,0.4433027306952615,0.7816848314495854,1.0,0.0,0.0,13.80000198943833
NW150_FL370,2022-03-01 01:57:00.000000000,6.784055403211021,54.4394956995573,11277.6,21662.374173827782,209.53741,0.44079350500979797,0.7775478427956277,1.0,0.0,0.0,13.800001450080874
NW150_FL370,2022-03-01 01:58:00.000000000,6.986441440627737,54.479023728716754,11277.6,21662.374173827782,209.4663,0.4387785062784032,0.7743270001906305,1.0,0.0,0.0,13.800000744570198
NW150_FL370,2022-03-01 01:59:00.000000000,7.18934561623043,54.51798754354435,11277.6,21662.374173827782,209.46,0.4329016953733145,0.7639846158999745,1.0,0.0,0.0,13.799999883471097
NW150_FL370,2022-03-01 02:00:00.000000000,7.392753606807693,54.55640045611831,11277.6,21662.374173827782,209.4876,0.4249191907416905,0.7497734806108683,1.0,0.0,0.0,13.799998878381079
NW150_FL370,2022-03-01 02:01:00.000000000,7.596651387704953,54.594275928565615,11277.6,21662.374173827782,209.53221,0.4159107281622067,0.7336774620682465,1.0,0.0,0.0,13.799997741767196
NW150_FL370,2022-03-01 02:02:00.000000000,7.801025233909899,54.63162756478736,11277.6,21662.374173827782,209.58476,0.4065421005648262,0.7169208591299409,1.0,0.0,0.0,13.799996486806835
NW150_FL370,2022-03-01 02:03:00.000000000,8.005861720458118,54.66846910247922,11277.6,21662.374173827782,209.63206,0.3976972970767997,0.7011215742582262,1.0,0.0,0.0,13.799995127240448
NW150_FL370,2022-03-01 02:04:00.000000000,8.21114772219488,54.70481440543687,11277.6,21662.374173827782,209.65161,0.39278921774420766,0.6923886302525513,1.0,0.0,0.0,13.799993677240758
NW150_FL370,2022-03-01 02:05:00.000000000,8.416870412928134,54.74067745613532,11277.6,21662.374173827782,209.67752,0.38781028178594257,0.6835030921598135,1.0,0.0,0.0,13.799992151289874
NW150_FL370,2022-03-01 02:06:00.000000000,8.623017264007114,54.77607234856892,11277.6,21662.374173827782,209.685,0.38722461200510955,0.6824385840533597,1.0,0.0,0.0,13.799990564074568
NW150_FL370,2022-03-01 02:07:00.000000000,8.829576042360262,54.81101328133762,11277.6,21662.374173827782,209.68121,0.39040257388943317,0.688054006861628,1.0,0.0,0.0,13.799988930389441
NW150_FL370,2022-03-01 02:08:00.000000000,9.036534808025143,54.845514550963514,11277.6,21662.374173827782,209.68596,0.39449708775769976,0.6952526089106094,1.0,0.0,0.0,13.799987265057572
NW150_FL370,2022-03-01 02:09:00.000000000,9.243881911202225,54.87959054542058,11277.6,21662.374173827782,209.6917,0.40109693019051645,0.706858877780907,1.0,0.0,0.0,13.799985582857834
NW150_FL370,2022-03-01 02:10:00.000000000,9.451605988863491,54.91325573785914,11277.6,21662.374173827782,209.7063,0.40578447993078776,0.7150565423126282,1.0,0.0,0.0,13.799983898464221
NW150_FL370,2022-03-01 02:11:00.000000000,9.659695960945642,54.94652468050605,11277.6,21662.374173827782,209.73811,0.40982338875000435,0.7220304706099034,1.0,0.0,0.0,13.799982226394873
NW150_FL370,2022-03-01 02:12:00.000000000,9.868141026157087,54.97941199871997,11277.6,21662.374173827782,209.77122,0.4124085841730018,0.7264409058562231,1.0,0.0,0.0,8.717907553283178
NW150_FL370,2022-03-01 02:12:37.904240283,10.0,55.0,11277.6,21662.374173827782,209.78737,0.4133531561053663,0.728031982225342,1.0,0.0,0.0,0.0
NW300_FL370,2022-03-01 00:00:00.000000000,-10.000000000000002,45.00000000000001,11277.6,21662.374173827782,213.05789,0.36395272585305877,0.6279835569427756,1.0,0.0,0.0,13.800034843118594
NW300_FL370,2022-03-01 00:01:00.000000000,-9.948323151402047,45.11861698721326,11277.6,21662.374173827782,213.1602,0.3490642135698598,0.601894764483799,1.0,0.0,0.0,13.800006665435859
NW300_FL370,2022-03-01 00:02:00.000000000,-9.896402137726424,45.2372040256995,11277.6,21662.374173827782,213.23853,0.33756857498799603,0.5817774412796721,1.0,0.0,0.0,13.799977763173437
NW300_FL370,2022-03-01 00:03:00.000000000,-9.844205048187119,45.355754336568715,11277.6,21662.374173827782,213.3009,0.328326474960599,0.5656203077933551,1.0,0.0,0.0,13.800003201880159
NW300_FL370,2022-03-01 00:04:00.000000000,-9.79169221545635,45.47425993803365,11277.6,21662.374173827782,213.3602,0.31980007749170913,0.550717810954956,1.0,0.0,0.0,13.800019831035982
NW300_FL370,2022-03-01 00:05:00.000000000,-9.73883020753365,45.592713564836444,11277.6,21662.374173827782,213.44081,0.30876272580966374,0.5314315115234213,1.0,0.0,0.0,13.799990542186567
NW300_FL370,2022-03-01 00:06:00.000000000,-9.68559173693477,45.711108893423734,11277.6,21662.374173827782,213.52922,0.2967270635923277,0.510421547155454,1.0,0.0,0.0,13.799966575556896
NW300_FL370,2022-03-01 00:07:00.000000000,-9.631942676019541,45.82943851868831,11277.6,21662.374173827782,213.62442,0.2835911780403253,0.48752181183424986,1.0,0.0,0.0,13.800034470564826
NW300_FL370,2022-03-01 00:08:00.000000000,-9.577832641962,45.94769216492699,11277.6,21662.374173827782,213.72215,0.27011218575055734,0.46405312394466075,1.0,0.0,0.0,13.800004853679956
NW300_FL370,2022-03-01 00:09:00.000000000,-9.523242741476356,46.0658646319852,11277.6,21662.374173827782,213.81442,0.2568167448534694,0.4409444004948382,1.0,0.0,0.0,13.799975174589125
NW300_FL370,2022-03-01 00:10:00.000000000,-9.468138670649463,46.1839481275579,11277.6,21662.374173827782,213.89801,0.2433088803991202,0.41752243558337354,1.0,0.0,0.0,13.799996337513656
NW300_FL370,2022-03-01 00:11:00.000000000,-9.412475134560134,46.30193273606196,11277.6,21662.374173827782,213.9922,0.22990434288908726,0.39427466056959115,1.0,0.0,0.0,13.80002177829723
NW300_FL370,2022-03-01 00:12:00.000000000,-9.356214232217248,46.41980959140651,11277.6,21662.374173827782,214.09973,0.2167602190837423,0.37147025301993597,1.0,0.0,0.0,13.799991978487872
NW300_FL370,2022-03-01 00:13:00.000000000,-9.299331078055891,46.53757207105862,11277.6,21662.374173827782,214.21742,0.20404735858715356,0.34941199537103157,1.0,0.0,0.0,13.79996288903523
NW300_FL370,2022-03-01 00:14:00.000000000,-9.2417896335749,46.65521139046437,11277.6,21662.374173827782,214.37444,0.1905284026368279,0.32592272828160224,1.0,0.0,0.0,13.800017586397669
NW300_FL370,2022-03-01 00:15:00.000000000,-9.183533336757865,46.77271458254579,11277.6,21662.374173827782,214.54549,0.17746985951074348,0.30323895011593527,1.0,0.0,0.0,13.800012642606154
NW300_FL370,2022-03-01 00:16:00.000000000,-9.124537269676559,46.8900744241367,11277.6,21662.374173827782,214.74727,0.16594990096352608,0.28317340373595706,1.0,0.0,0.0,13.799983478538548
NW300_FL370,2022-03-01 00:17:00.000000000,-9.06476959695927,47.00728223711839,11277.6,21662.374173827782,214.93997,0.15508638697692503,0.2642940479737546,1.0,0.0,0.0,13.799955874461615
NW300_FL370,2022-03-01 00:18:00.000000000,-9.004192371172094,47.124327917170994,11277.6,21662.374173827782,215.12367,0.14712199807791723,0.2504122145750502,1.0,0.0,0.0,13.800022795812414
NW300_FL370,2022-03-01 00:19:00.000000000,-8.942742331284771,47.241195837621795,11277.6,21662.374173827782,215.31496,0.1387146844222524,0.2357973411906677,1.0,0.0,0.0,13.80000943014113
NW300_FL370,2022-03-01 00:20:00.000000000,-8.880399361758288,47.35787881023055,11277.6,21662.374173827782,215.45712,0.13381869687794418,0.22725528312002383,1.0,0.0,0.0,13.79998144097103
NW300_FL370,2022-03-01 00:21:00.000000000,-8.81712804662872,47.47436632203423,11277.6,21662.374173827782,215.60878,0.12811015263353406,0.21733704244837923,1.0,0.0,0.0,13.799955751288898
NW300_FL370,2022-03-01 00:22:00.000000000,-8.752888484884062,47.59064660231162,11277.6,21662.374173827782,215.74887,0.12359846300306938,0.20948248630407307,1.0,0.0,0.0,13.79999974357544
NW300_FL370,2022-03-01 00:23:00.000000000,-8.687621184744504,47.70670318021615,11277.6,21662.374173827782,215.87929,0.11932493020490996,0.20205942717919756,1.0,0.0,0.0,13.800014603485252
NW300_FL370,2022-03-01 00:24:00.000000000,-8.6212916133352,47.822524520353284,11277.6,21662.374173827782,215.98727,0.11594110528800713,0.19618442102389883,1.0,0.0,0.0,13.799987752859257
NW300_FL370,2022-03-01 00:25:00.000000000,-8.553869741791866,47.93809981100981,11277.6,21662.374173827782,216.08554,0.11295124238830682,0.19099622516564124,1.0,0.0,0.0,13.79996366704769
NW300_FL370,2022-03-01 00:26:00.000000000,-8.485313856181833,48.05341525950304,11277.6,21662.374173827782,216.16512,0.11028094514626588,0.18637838119796893,1.0,0.0,0.0,13.799942842235483
NW300_FL370,2022-03-01 00:27:00.000000000,-8.415581801578655,48.16845651097662,11277.6,21662.374173827782,216.21622,0.10845551949674187,0.18322904451837974,1.0,0.0,0.0,13.800016914087612
NW300_FL370,2022-03-01 00:28:00.000000000,-8.344603841813232,48.28320205518647,11277.6,21662.374173827782,216.25134,0.10716661196370748,0.18100745910595056,1.0,0.0,0.0,13.800004972425114
NW300_FL370,2022-03-01 00:29:00.000000000,-8.272359617391693,48.397641532390416,11277.6,21662.374173827782,216.25708,0.10661797606409683,0.1800739798749037,1.0,0.0,0.0,13.799981440007572
NW300_FL370,2022-03-01 00:30:00.000000000,-8.198809767667017,48.511759680983936,11277.6,21662.374173827782,216.25667,0.10631975457051887,0.1795705104796674,1.0,0.0,0.0,13.799961128930406
NW300_FL370,2022-03-01 00:31:00.000000000,-8.123910851857396,48.62553969747014,11277.6,21662.374173827782,216.23546,0.10706204434567435,0.180850861965937,1.0,0.0,0.0,13.79994434951923
NW300_FL370,2022-03-01 00:32:00.000000000,-8.047619175060253,48.73896411389615,11277.6,21662.374173827782,216.22609,0.10831005580473281,0.18297092094725242,1.0,0.0,0.0,13.799949522704459
NW300_FL370,2022-03-01 00:33:00.000000000,-7.969885434552368,48.85201334557368,11277.6,21662.374173827782,216.21649,0.1072008746487332,0.18110885258840356,1.0,0.0,0.0,13.800014181102688
NW300_FL370,2022-03-01 00:34:00.000000000,-7.890648069563789,48.96466371012504,11277.6,21662.374173827782,216.21886,0.10522605482016711,0.17776984888711775,1.0,0.0,0.0,13.799992650903825
NW300_FL370,2022-03-01 00:35:00.000000000,-7.809886021383044,49.076901625594274,11277.6,21662.374173827782,216.2351,0.1035006532898754,0.17483532538475216,1.0,0.0,0.0,13.799974108707389
NW300_FL370,2022-03-01 00:36:00.000000000,-7.727555347093408,49.1887068387166,11277.6,21662.374173827782,216.26067,0.10193437845433884,0.17215897231163713,1.0,0.0,0.0,13.799958655833514
NW300_FL370,2022-03-01 00:37:00.000000000,-7.643612181951804,49.30005836390617,11277.6,21662.374173827782,216.31956,0.10033018230116131,0.16938087449661568,1.0,0.0,0.0,13.799946336900428
NW300_FL370,2022-03-01 00:38:00.000000000,-7.558012825338964,49.41093447592809,11277.6,21662.374173827782,216.40863,0.09838603968708996,0.16599647450603225,1.0,0.0,0.0,13.799937139245799
NW300_FL370,2022-03-01 00:39:00.000000000,-7.470713833585899,49.52131270557739,11277.6,21662.374173827782,216.50505,0.09632846405630338,0.1624164716449976,1.0,0.0,0.0,13.799930993467326
NW300_FL370,2022-03-01 00:40:00.000000000,-7.381672119623329,49.63116983869982,11277.6,21662.374173827782,216.63348,0.09347025929884335,0.15745704451303605,1.0,0.0,0.0,13.799935080408797
NW300_FL370,2022-03-01 00:41:00.000000000,-7.290842991180416,49.740481273968314,11277.6,21662.374173827782,216.77716,0.09077789030325974,0.15276853465625095,1.0,0.0,0.0,13.79999350665374
NW300_FL370,2022-03-01 00:42:00.000000000,-7.198169519410879,49.84921753340485,11277.6,21662.374173827782,216.90443,0.08798851712023231,0.1479428686238227,1.0,0.0,0.0,13.799978927303988
NW300_FL370,2022-03-01 00:43:00.000000000,-7.103628498314238,49.95735875096998,11277.6,21662.374173827782,217.03737,0.0852312783236637,0.14317355295973072,1.0,0.0,0.0,13.799966433137888
NW300_FL370,2022-03-01 00:44:00.000000000,-7.0071795140932345,50.06487885572919,11277.6,21662.374173827782,217.15457,0.08285465627553956,0.1390666934786969,1.0,0.0,0.0,13.79995586908043
NW300_FL370,2022-03-01 00:45:00.000000000,-6.9087830925656055,50.171751090152405,11277.6,21662.374173827782,217.23053,0.08088076977671901,0.13568144967651982,1.0,0.0,0.0,13.799947052381834
NW300_FL370,2022-03-01 00:46:00.000000000,-6.808400832996052,50.27794803570585,11277.6,21662.374173827782,217.28867,0.07918792070908233,0.13278715275468467,1.0,0.0,0.0,13.799939778560672
NW300_FL370,2022-03-01 00:47:00.000000000,-6.705995546066805,50.38344164394248,11277.6,21662.374173827782,217.29684,0.07800041981046082,0.13078835020544938,1.0,0.0,0.0,13.799933827852389
NW300_FL370,2022-03-01 00:48:00.000000000,-6.601531395219343,50.48820327332102,11277.6,21662.374173827782,217.28947,0.0770218842543193,0.12915419266281564,1.0,0.0,0.0,13.799928972027583
NW300_FL370,2022-03-01 00:49:00.000000000,-6.494974040497284,50.592203731941304,11277.6,21662.374173827782,217.26595,0.07642477377435378,0.1281744161856976,1.0,0.0,0.0,13.799924981403041
NW300_FL370,2022-03-01 00:50:00.000000000,-6.386290783920157,50.69541332633463,11277.6,21662.374173827782,217.23045,0.07599704924755041,0.12748877993931232,1.0,0.0,0.0,13.799921631877607
NW300_FL370,2022-03-01 00:51:00.000000000,-6.2754507153220995,50.797801916390625,11277.6,21662.374173827782,217.21255,0.07550090608729709,0.12667222192608268,1.0,0.0,0.0,13.799918711778243
NW300_FL370,2022-03-01 00:52:00.000000000,-6.162424857501622,50.89933897643868,11277.6,21662.374173827782,217.20482,0.07517438563433763,0.12613150296386275,1.0,0.0,0.0,13.799916028361567
NW300_FL370,2022-03-01 00:53:00.000000000,-6.0471863094495175,50.99999366243146,11277.6,21662.374173827782,217.19633,0.07482856104276919,0.12555860721631426,1.0,0.0,0.0,13.799913413752241
NW300_FL370,2022-03-01 00:54:00.000000000,-5.929710386355748,51.099734885102215,11277.6,21662.374173827782,217.23444,0.07415719414807455,0.12439885482950572,1.0,0.0,0.0,13.799910730138198
NW300_FL370,2022-03-01 00:55:00.000000000,-5.8099747550443395,51.19853138888636,11277.6,21662.374173827782,217.2732,0.07340763028801203,0.12310776210297295,1.0,0.0,0.0,13.799907874076975
NW300_FL370,2022-03-01 00:56:00.000000000,-5.687959563450105,51.296351836313654,11277.6,21662.374173827782,217.3222,0.07259545143651755,0.12170365330351882,1.0,0.0,0.0,13.79990477972228
NW300_FL370,2022-03-01 00:57:00.000000000,-5.56364756273571,51.39316489749046,11277.6,21662.374173827782,217.39226,0.07167549065936868,0.12010227099341537,1.0,0.0,0.0,13.799901420893251
NW300_FL370,2022-03-01 00:58:00.000000000,-5.4370242206528845,51.48893934420452,11277.6,21662.374173827782,217.46346,0.07084633493990247,0.11865315215229524,1.0,0.0,0.0,13.799897811846515
NW300_FL370,2022-03-01 00:59:00.000000000,-5.308077824779514,51.583644148098536,11277.6,21662.374173827782,217.53279,0.07024390671713165,0.11758642036932276,1.0,0.0,0.0,13.799894006728076
NW300_FL370,2022-03-01 01:00:00.000000000,-5.176799574316013,51.67724858227623,11277.6,21662.374173827782,217.62808,0.06944871908369084,0.1161764515193107,1.0,0.0,0.0,13.799890097668875
NW300_FL370,2022-03-01 01:01:00.000000000,-5.043183659200432,51.76972232562682,11277.6,21662.374173827782,217.72597,0.06869301924632303,0.11483251369297842,1.0,0.0,0.0,13.799886211544619
NW300_FL370,2022-03-01 01:02:00.000000000,-4.907227325401263,51.8610355690834,11277.6,21662.374173827782,217.80733,0.06797517374763891,0.11356701223749305,1.0,0.0,0.0,13.799882505488926
NW300_FL370,2022-03-01 01:03:00.000000000,-4.768930925370678,51.95115912296934,11277.6,21662.374173827782,217.89493,0.06719706557525854,0.11219670922951992,1.0,0.0,0.0,13.799879161238978
NW300_FL370,2022-03-01 01:04:00.000000000,-4.628297952786058,52.04006452453659,11277.6,21662.374173827782,217.97986,0.06640988854465131,0.11081529250863797,1.0,0.0,0.0,13.79987637850337
NW300_FL370,2022-03-01 01:05:00.000000000,-4.485335060872928,52.127724144762055,11277.6,21662.374173827782,218.04343,0.06579073864091929,0.10973238655804327,1.0,0.0,0.0,13.799874367506506
NW300_FL370,2022-03-01 01:06:00.000000000,-4.340052063785224,52.214111293444496,11277.6,21662.374173827782,218.08179,0.06555987645247989,0.10931725508002467,1.0,0.0,0.0,13.799875260345667
NW300_FL370,2022-03-01 01:07:00.000000000,-4.192461576710146,52.299200123019176,11277.6,21662.374173827782,218.09418,0.06551341176085902,0.1092301671527089,1.0,0.0,0.0,13.799958362399373
NW300_FL370,2022-03-01 01:08:00.000000000,-4.042565505808821,52.382957721133714,11277.6,21662.374173827782,218.08142,0.06571038019461045,0.10956835529357115,1.0,0.0,0.0,13.79994634307932
NW300_FL370,2022-03-01 01:09:00.000000000,-3.8903976137133776,52.4653690353782,11277.6,21662.374173827782,218.07878,0.06597569234549672,0.11001298329386283,1.0,0.0,0.0,13.799934758524605
NW300_FL370,2022-03-01 01:10:00.000000000,-3.7359801900362437,52.5464122011229,11277.6,21662.374173827782,218.07286,0.06622297841030458,0.11043002749701755,1.0,0.0,0.0,13.799923893437573
NW300_FL370,2022-03-01 01:11:00.000000000,-3.5793384277428935,52.62606676530347,11277.6,21662.374173827782,218.07455,0.06629616609156117,0.11055066510092225,1.0,0.0,0.0,13.799914005702364
NW300_FL370,2022-03-01 01:12:00.000000000,-3.420500321548006,52.70431376094036,11277.6,21662.374173827782,218.10486,0.06612338517800276,0.11023837315856065,1.0,0.0,0.0,13.799905318758915
NW300_FL370,2022-03-01 01:13:00.000000000,-3.2594965516209413,52.78113577383572,11277.6,21662.374173827782,218.15758,0.06567742366001413,0.10945379460402148,1.0,0.0,0.0,13.799898015093248
NW300_FL370,2022-03-01 01:14:00.000000000,-3.0963603537213,52.85651700087687,11277.6,21662.374173827782,218.1834,0.06557040132350013,0.10925524635477835,1.0,0.0,0.0,13.799892231080968
NW300_FL370,2022-03-01 01:15:00.000000000,-2.93112737703906,52.93044329948208,11277.6,21662.374173827782,218.20268,0.06556821797512646,0.10923631351843574,1.0,0.0,0.0,13.79988805331851
NW300_FL370,2022-03-01 01:16:00.000000000,-2.7638355311439367,53.00290222783783,11277.6,21662.374173827782,218.21353,0.06571619269900042,0.10947438900804701,1.0,0.0,0.0,13.799885516550193
NW300_FL370,2022-03-01 01:17:00.000000000,-2.594524823554262,53.07388307569488,11277.6,21662.374173827782,218.16869,0.06635944143510314,0.11058156543291071,1.0,0.0,0.0,13.799884603266875
NW300_FL370,2022-03-01 01:18:00.000000000,-2.4232371895126836,53.14337688560977,11277.6,21662.374173827782,218.11537,0.06714241458935416,0.11192899850620291,1.0,0.0,0.0,13.799885244947372
NW300_FL370,2022-03-01 01:19:00.000000000,-2.250016315606625,53.21137646463753,11277.6,21662.374173827782,218.05434,0.06807422732953387,0.11353222323704534,1.0,0.0,0.0,13.799887324900999
NW300_FL370,2022-03-01 01:20:00.000000000,-2.0749074588928185,53.277876386596866,11277.6,21662.374173827782,217.97519,0.06902108113048191,0.11517646189975217,1.0,0.0,0.0,13.799890682600761
NW300_FL370,2022-03-01 01:21:00.000000000,-1.8979572631798203,53.34287298513899,11277.6,21662.374173827782,217.91135,0.06976716836401899,0.11647433907621568,1.0,0.0,0.0,13.799895119344866
NW300_FL370,2022-03-01 01:22:00.000000000,-1.719213574090673,53.406364337953896,11277.6,21662.374173827782,217.86145,0.07041064187457738,0.11759053210663725,1.0,0.0,0.0,13.799900405062836
NW300_FL370,2022-03-01 01:23:00.000000000,-1.538725254472115,53.46835024254097,11277.6,21662.374173827782,217.85556,0.070715208959931,0.11810401401041387,1.0,0.0,0.0,13.79990628602072
NW300_FL370,2022-03-01 01:24:00.000000000,-1.356542001638573,53.52883218405242,11277.6,21662.374173827782,217.84084,0.07119552720759383,0.1189189646828863,1.0,0.0,0.0,13.79991249319038
NW300_FL370,2022-03-01 01:25:00.000000000,-1.172714167843412,53.58781329578929,11277.6,21662.374173827782,217.79579,0.07198233889840149,0.12027178527979608,1.0,0.0,0.0,13.799918750991056
NW300_FL370,2022-03-01 01:26:00.000000000,-0.9872925852565602,53.64529831298643,11277.6,21662.374173827782,217.71855,0.07323438083775374,0.1224309322423826,1.0,0.0,0.0,13.799924786167315
NW300_FL370,2022-03-01 01:27:00.000000000,-0.800328396603329,53.7012935205683,11277.6,21662.374173827782,217.60791,0.07488966055193132,0.12529669182666606,1.0,0.0,0.0,13.79993033648061
NW300_FL370,2022-03-01 01:28:00.000000000,-0.6118728924847379,53.75580669558846,11277.6,21662.374173827782,217.48941,0.07675756290101265,0.1285295413726486,1.0,0.0,0.0,13.799935159022626
NW300_FL370,2022-03-01 01:29:00.000000000,-0.42197735625945404,53.80884704508488,11277.6,21662.374173827782,217.32657,0.07896549732336831,0.13237865943471233,1.0,0.0,0.0,13.799939037850189
NW300_FL370,2022-03-01 01:30:00.000000000,-0.23069291722504956,53.86042514008997,11277.6,21662.374173827782,217.14357,0.08153874312726372,0.13686876225083394,1.0,0.0,0.0,13.79994179078318
NW300_FL370,2022-03-01 01:31:00.000000000,-0.03807041269302599,53.910552846529505,11277.6,21662.374173827782,216.96324,0.08433870817465096,0.1417478713820114,1.0,0.0,0.0,13.799943275155096
NW300_FL370,2022-03-01 01:32:00.000000000,0.1558397405871601,53.95924325373014,11277.6,21662.374173827782,216.70554,0.08791301729095227,0.1480211823499179,1.0,0.0,0.0,13.799943392385876
NW300_FL370,2022-03-01 01:33:00.000000000,0.35098766533486897,54.00651060123104,11277.6,21662.374173827782,216.43544,0.09186511083813659,0.15496544521444458,1.0,0.0,0.0,13.799942091276058
NW300_FL370,2022-03-01 01:34:00.000000000,0.5473241327828376,54.05237020456364,11277.6,21662.374173827782,216.16136,0.09620240334191647,0.16258964130053416,1.0,0.0,0.0,13.799939369947783
NW300_FL370,2022-03-01 01:35:00.000000000,0.7448006617853401,54.09683838062501,11277.6,21662.374173827782,215.88249,0.1007848507481603,0.1706608083744955,1.0,0.0,0.0,13.79993527641069
NW300_FL370,2022-03-01 01:36:00.000000000,0.943369608024376,54.139932373227055,11277.6,21662.374173827782,215.60794,0.10674483790334091,0.1810918137733077,1.0,0.0,0.0,13.799929907760507
NW300_FL370,2022-03-01 01:37:00.000000000,1.142984243446075,54.18167027935618,11277.6,21662.374173827782,215.35402,0.11252131865227394,0.19122112869462363,1.0,0.0,0.0,13.799923408062723
NW300_FL370,2022-03-01 01:38:00.000000000,1.3435988261461758,54.22207097662803,11277.6,21662.374173827782,215.1055,0.1191156406310703,0.2027676423199829,1.0,0.0,0.0,13.799915964977409
NW300_FL370,2022-03-01 01:39:00.000000000,1.545168660997899,54.26115405237014,11277.6,21662.374173827782,214.85439,0.1271281155894098,0.21677311505719635,1.0,0.0,0.0,13.799907805259913
NW300_FL370,2022-03-01 01:40:00.000000000,1.7476501513793214,54.298939734713336,11277.6,21662.374173827782,214.59583,0.13635879267382534,0.23291507736700995,1.0,0.0,0.0,13.799905225618216
NW300_FL370,2022-03-01 01:41:00.000000000,1.951001321706038,54.3354480988425,11277.6,21662.374173827782,214.32185,0.14922716165744856,0.2553605058272397,1.0,0.0,0.0,13.80003550067695
NW300_FL370,2022-03-01 01:42:00.000000000,2.1551912888926434,54.370684072582705,11277.6,21662.374173827782,214.03802,0.16365674117269843,0.28057886685043165,1.0,0.0,0.0,13.80001194060027
NW300_FL370,2022-03-01 01:43:00.000000000,2.3601687814981553,54.404685818447064,11277.6,21662.374173827782,213.7574,0.17989680633416297,0.3089919749353933,1.0,0.0,0.0,13.799988050689471
NW300_FL370,2022-03-01 01:44:00.000000000,2.5658948749977406,54.43747558046449,11277.6,21662.374173827782,213.48024,0.19793091559912288,0.34058407423892223,1.0,0.0,0.0,13.799964294443889
NW300_FL370,2022-03-01 01:45:00.000000000,2.772331890772268,54.46907594249486,11277.6,21662.374173827782,213.21922,0.21748404321423365,0.37486697672455005,1.0,0.0,0.0,13.79994113566568
NW300_FL370,2022-03-01 01:46:00.000000000,2.9794434044374127,54.49950977601977,11277.6,21662.374173827782,213.01834,0.2353930268726857,0.40626350838460196,1.0,0.0,0.0,13.799919029035573
NW300_FL370,2022-03-01 01:47:00.000000000,3.1871942485890172,54.528800191289015,11277.6,21662.374173827782,212.80176,0.2552410035276229,0.44113582017462016,1.0,0.0,0.0,13.799903858262315
NW300_FL370,2022-03-01 01:48:00.000000000,3.395550879759554,54.55696978407656,11277.6,21662.374173827782,212.5933,0.2748561226933287,0.4756726698370972,1.0,0.0,0.0,13.800055039082034
NW300_FL370,2022-03-01 01:49:00.000000000,3.604491615359623,54.58402008165235,11277.6,21662.374173827782,212.39516,0.29448552982597587,0.510291971170608,1.0,0.0,0.0,13.800015441936033
NW300_FL370,2022-03-01 01:50:00.000000000,3.8139728517228146,54.60999719041869,11277.6,21662.374173827782,212.18599,0.3152930598727742,0.5470771123073428,1.0,0.0,0.0,13.799978645815921
NW300_FL370,2022-03-01 01:51:00.000000000,4.023964354506401,54.63492486350083,11277.6,21662.374173827782,211.94118,0.33915984667126337,0.5894058533295438,1.0,0.0,0.0,13.799945081809751
NW300_FL370,2022-03-01 01:52:00.000000000,4.234437101686992,54.658826899104795,11277.6,21662.374173827782,211.67429,0.3659108092699386,0.6369679396201653,1.0,0.0,0.0,13.799915120264668
NW300_FL370,2022-03-01 01:53:00.000000000,4.445363262970964,54.68172711119074,11277.6,21662.374173827782,211.38101,0.388530002523875,0.6775919796308781,1.0,0.0,0.0,13.800015788586125
NW300_FL370,2022-03-01 01:54:00.000000000,4.65672372489985,54.70363128764721,11277.6,21662.374173827782,211.07518,0.4123731315285084,0.7205552525292078,1.0,0.0,0.0,13.800026752290783
NW300_FL370,2022-03-01 01:55:00.000000000,4.868487720428609,54.7245739875963,11277.6,21662.374173827782,210.80078,0.4286282774323777,0.7502378900099033,1.0,0.0,0.0,13.799983572061933
NW300_FL370,2022-03-01 01:56:00.000000000,5.080627538644073,54.74458663851475,11277.6,21662.374173827782,210.57855,0.43514237210901946,0.7626894702534631,1.0,0.0,0.0,13.799945817559948
NW300_FL370,2022-03-01 01:57:00.000000000,5.293119881497206,54.763692990803875,11277.6,21662.374173827782,210.40877,0.43582874965685126,0.7646957040234389,1.0,0.0,0.0,13.799938516635832
NW300_FL370,2022-03-01 01:58:00.000000000,5.505943868646182,54.78191294381553,11277.6,21662.374173827782,210.30222,0.42963755697872835,0.754325399642038,1.0,0.0,0.0,13.800050656767903
NW300_FL370,2022-03-01 01:59:00.000000000,5.719084419011531,54.79925175731836,11277.6,21662.374173827782,210.20714,0.4261612394671759,0.748660129872142,1.0,0.0,0.0,13.800003204209666
NW300_FL370,2022-03-01 02:00:00.000000000,5.932512825652237,54.81575578710652,11277.6,21662.374173827782,210.12404,0.42648079703032976,0.7496076577498412,1.0,0.0,0.0,13.799962666862402
NW300_FL370,2022-03-01 02:01:00.000000000,6.1462099113233615,54.83144846222197,11277.6,21662.374173827782,210.03001,0.42921417974372295,0.7548443564627345,1.0,0.0,0.0,13.799932359184918
NW300_FL370,2022-03-01 02:02:00.000000000,6.3601576187555455,54.846352522537195,11277.6,21662.374173827782,209.92435,0.4333504215892384,0.7626112774518884,1.0,0.0,0.0,13.800051701259331
NW300_FL370,2022-03-01 02:03:00.000000000,6.574345601833692,54.860467055141825,11277.6,21662.374173827782,209.80898,0.43758608839680774,0.7706101690027181,1.0,0.0,0.0,13.80000554177809
NW300_FL370,2022-03-01 02:04:00.000000000,6.788749289172524,54.87384091232076,11277.6,21662.374173827782,209.68758,0.4400589722947459,0.7755419263877493,1.0,0.0,0.0,13.799967129490193
NW300_FL370,2022-03-01 02:05:00.000000000,7.0033531669792195,54.88649708306962,11277.6,21662.374173827782,209.5722,0.44105748907836545,0.7778441853956704,1.0,0.0,0.0,13.799960623388825
NW300_FL370,2022-03-01 02:06:00.000000000,7.218143656439326,54.89845407593597,11277.6,21662.374173827782,209.52441,0.43711747660985006,0.7711231083361534,1.0,0.0,0.0,13.8000381484042
NW300_FL370,2022-03-01 02:07:00.000000000,7.433110284466571,54.90971982486474,11277.6,21662.374173827782,209.48181,0.43234779368036264,0.7629071843017445,1.0,0.0,0.0,13.799997707739267
NW300_FL370,2022-03-01 02:08:00.000000000,7.648234507949747,54.92033751497244,11277.6,21662.374173827782,209.49632,0.4238502218762356,0.7478462665391263,1.0,0.0,0.0,13.799965046205028
NW300_FL370,2022-03-01 02:09:00.000000000,7.863504016276233,54.93032968835278,11277.6,21662.374173827782,209.52849,0.4144032991467623,0.731033298779303,1.0,0.0,0.0,13.799998359184581
NW300_FL370,2022-03-01 02:10:00.000000000,8.078909613694025,54.93970734956771,11277.6,21662.374173827782,209.5592,0.405616635317624,0.7154015682259773,1.0,0.0,0.0,13.800019524346945
NW300_FL370,2022-03-01 02:11:00.000000000,8.294439602046854,54.94849485749177,11277.6,21662.374173827782,209.5993,0.39749924877709136,0.7009118072548817,1.0,0.0,0.0,13.799987344744515
NW300_FL370,2022-03-01 02:12:00.000000000,8.51008135994762,54.95672549342708,11277.6,21662.374173827782,209.63094,0.39152425570686433,0.6902441330421536,1.0,0.0,0.0,13.799962217577544
NW300_FL370,2022-03-01 02:13:00.000000000,8.725825342473327,54.96442143190606,11277.6,21662.374173827782,209.63527,0.39214793138742177,0.6913225894102525,1.0,0.0,0.0,13.800030591944905
NW300_FL370,2022-03-01 02:14:00.000000000,8.941665815844612,54.97158610280672,11277.6,21662.374173827782,209.65001,0.39299396332827735,0.6927534595564032,1.0,0.0,0.0,13.800003074592663
NW300_FL370,2022-03-01 02:15:00.000000000,9.157590658160426,54.97826150894907,11277.6,21662.374173827782,209.65381,0.3979250161549819,0.7014291870872393,1.0,0.0,0.0,13.799979693093027
NW300_FL370,2022-03-01 02:16:00.000000000,9.373592057318856,54.984470163858454,11277.6,21662.374173827782,209.66151,0.40377924121069037,0.7117154997176811,1.0,0.0,0.0,13.799998894018712
NW300_FL370,2022-03-01 02:17:00.000000000,9.58966406355943,54.990225655978996,11277.6,21662.374173827782,209.68349,0.4088619330806981,0.7205786760965548,1.0,0.0,0.0,13.800013114578606
NW300_FL370,2022-03-01 02:18:00.000000000,9.805799607243536,54.995551318891,11277.6,21662.374173827782,209.71706,0.4128749908524682,0.7275017992737441,1.0,0.0,0.0,12.396422411584279
NW300_FL370,2022-03-01 02:18:53.897617080,9.999999999999996,55.0,11277.6,21662.374173827782,209.75085,0.414952340511812,0.7310120455946972,1.0,0.0,0.0,0.0
SE300_FL380,2022-03-01 00:00:00.000000000,-10.000000000000002,45.00000000000001,11582.4,20645.82054068687,215.15063,0.16763020202081977,0.2852663242426103,1.0,0.0,0.0,13.800115027908165
SE300_FL380,2022-03-01 00:01:00.000000000,-9.832634228109365,45.0374989777726,11582.4,20645.82054068687,214.97212,0.171644606577858,0.29244880549225954,1.0,0.0,0.0,13.800020549916326
SE300_FL380,2022-03-01 00:02:00.000000000,-9.665061957945106,45.074778023133646,11582.4,20645.82054068687,214.81383,0.1743536394254836,0.2973800885401733,1.0,0.0,0.0,13.799927543731021
SE300_FL380,2022-03-01 00:03:00.000000000,-9.497293172355167,45.111857647020635,11582.4,20645.82054068687,214.66443,0.17614698881050175,0.3007399307918138,1.0,0.0,0.0,13.800010362739226
SE300_FL380,2022-03-01 00:04:00.000000000,-9.329333869699752,45.148755048499964,11582.4,20645.82054068687,214.53265,0.17959334900366936,0.30689313338179325,1.0,0.0,0.0,13.8000625389665
SE300_FL380,2022-03-01 00:05:00.000000000,-9.161195059406664,45.18549293097829,11582.4,20645.82054068687,214.41417,0.18346658358523948,0.3137590117018551,1.0,0.0,0.0,13.799971646306037
SE300_FL380,2022-03-01 00:06:00.000000000,-8.992889620285059,45.222095268527376,11582.4,20645.82054068687,214.3044,0.18732659226521212,0.3205945842160389,1.0,0.0,0.0,13.799899873840282
SE300_FL380,2022-03-01 00:07:00.000000000,-8.824426642306625,45.25858271091628,11582.4,20645.82054068687,214.24577,0.18852345446474314,0.3227679333258663,1.0,0.0,0.0,13.800105239252431
SE300_FL380,2022-03-01 00:08:00.000000000,-8.65581080706178,45.2949740113112,11582.4,20645.82054068687,214.14833,0.1924440231760496,0.32969315011642375,1.0,0.0,0.0,13.80001760658135
SE300_FL380,2022-03-01 00:09:00.000000000,-8.487057177228046,45.3312945416673,11582.4,20645.82054068687,214.03308,0.19769602161706715,0.33894793320331057,1.0,0.0,0.0,13.79993231818943
SE300_FL380,2022-03-01 00:10:00.000000000,-8.31817494269894,45.36756551489382,11582.4,20645.82054068687,213.9158,0.20401212567429786,0.35004793163117726,1.0,0.0,0.0,13.799993838825486
SE300_FL380,2022-03-01 00:11:00.000000000,-8.149171301625014,45.4038082101483,11582.4,20645.82054068687,213.75752,0.21018075104330522,0.36100684599690175,1.0,0.0,0.0,13.80006634186223
SE300_FL380,2022-03-01 00:12:00.000000000,-7.980055881015995,45.44004548033964,11582.4,20645.82054068687,213.57921,0.21632912163158363,0.3720020046127576,1.0,0.0,0.0,13.799985579438726
SE300_FL380,2022-03-01 00:13:00.000000000,-7.81084018030542,45.47629954581915,11582.4,20645.82054068687,213.47058,0.21977337794715163,0.37819283681762955,1.0,0.0,0.0,13.799907812990368
SE300_FL380,2022-03-01 00:14:00.000000000,-7.64153340621131,45.51259224345501,11582.4,20645.82054068687,213.3182,0.22389663326938913,0.3856711403642189,1.0,0.0,0.0,13.80005343805641
SE300_FL380,2022-03-01 00:15:00.000000000,-7.472142889633564,45.54894792999821,11582.4,20645.82054068687,213.15256,0.22844274219319777,0.39392505198054084,1.0,0.0,0.0,13.800042769194542
SE300_FL380,2022-03-01 00:16:00.000000000,-7.30268005570596,45.58538865893594,11582.4,20645.82054068687,213.04616,0.23253981055512699,0.4012662954872615,1.0,0.0,0.0,13.799970371522296
SE300_FL380,2022-03-01 00:17:00.000000000,-7.133155014811902,45.621936316925805,11582.4,20645.82054068687,212.97455,0.23600996568050572,0.40744306288425686,1.0,0.0,0.0,13.799901682232836
SE300_FL380,2022-03-01 00:18:00.000000000,-6.963577350434745,45.65861348889645,11582.4,20645.82054068687,212.91606,0.23932452197289594,0.4133216326240134,1.0,0.0,0.0,13.800065477575464
SE300_FL380,2022-03-01 00:19:00.000000000,-6.793955919788455,45.69544792952469,11582.4,20645.82054068687,212.87257,0.24299420295747864,0.4197771595489897,1.0,0.0,0.0,13.80003693342804
SE300_FL380,2022-03-01 00:20:00.000000000,-6.62430206827496,45.732459891422764,11582.4,20645.82054068687,212.82472,0.24654992652642743,0.4260514992396585,1.0,0.0,0.0,13.799973816594894
SE300_FL380,2022-03-01 00:21:00.000000000,-6.454626108496878,45.76967183596835,11582.4,20645.82054068687,212.7613,0.25115025916311745,0.4341789760335936,1.0,0.0,0.0,13.79991501954183
SE300_FL380,2022-03-01 00:22:00.000000000,-6.284938381864701,45.807107160064675,11582.4,20645.82054068687,212.69113,0.25727563473808385,0.44496929568368965,1.0,0.0,0.0,13.80001310806428
SE300_FL380,2022-03-01 00:23:00.000000000,-6.1152496770827875,45.84479442806904,11582.4,20645.82054068687,212.5566,0.2676375161444495,0.46328980782051277,1.0,0.0,0.0,13.80004905320983
SE300_FL380,2022-03-01 00:24:00.000000000,-5.945571349662257,45.8827565001216,11582.4,20645.82054068687,212.3963,0.2797315417483797,0.48472302278287843,1.0,0.0,0.0,13.799995207272767
SE300_FL380,2022-03-01 00:25:00.000000000,-5.775914582343945,45.92101460539857,11582.4,20645.82054068687,212.22812,0.2922894403804187,0.5070274220152429,1.0,0.0,0.0,13.799946018066104
SE300_FL380,2022-03-01 00:26:00.000000000,-5.606290874535937,45.959592928785845,11582.4,20645.82054068687,212.0462,0.30460895238985053,0.5290088333866274,1.0,0.0,0.0,13.799901826521442
SE300_FL380,2022-03-01 00:27:00.000000000,-5.436712081951,45.99851585627959,11582.4,20645.82054068687,211.85765,0.31706266590314947,0.5512950339654942,1.0,0.0,0.0,13.800049850384529
SE300_FL380,2022-03-01 00:28:00.000000000,-5.267191966322243,46.03781647078147,11582.4,20645.82054068687,211.69559,0.32802319324130574,0.5709375547114512,1.0,0.0,0.0,13.800031588333269
SE300_FL380,2022-03-01 00:29:00.000000000,-5.097742422824589,46.07751300401981,11582.4,20645.82054068687,211.52559,0.338596228808388,0.5899732864661238,1.0,0.0,0.0,13.799990478669388
SE300_FL380,2022-03-01 00:30:00.000000000,-4.92837633795386,46.11762914151849,11582.4,20645.82054068687,211.35518,0.34833854631309863,0.6075989535075196,1.0,0.0,0.0,13.7999541838252
SE300_FL380,2022-03-01 00:31:00.000000000,-4.759107233713054,46.158189859635726,11582.4,20645.82054068687,211.18759,0.3566365563944698,0.6227266012717178,1.0,0.0,0.0,13.799922890616976
SE300_FL380,2022-03-01 00:32:00.000000000,-4.589949114555786,46.19922026051813,11582.4,20645.82054068687,211.02829,0.3621954618359731,0.6330625863259774,1.0,0.0,0.0,13.799929959565615
SE300_FL380,2022-03-01 00:33:00.000000000,-4.420917005638568,46.24074744997757,11582.4,20645.82054068687,210.92194,0.36341770399395656,0.6356176752384706,1.0,0.0,0.0,13.800043955541087
SE300_FL380,2022-03-01 00:34:00.000000000,-4.252027880874641,46.28280309951133,11582.4,20645.82054068687,210.89215,0.35936846441378967,0.6286526055410212,1.0,0.0,0.0,13.80001263583261
SE300_FL380,2022-03-01 00:35:00.000000000,-4.083295312513981,46.32540456469928,11582.4,20645.82054068687,210.92973,0.3521798617163808,0.615934969963188,1.0,0.0,0.0,13.79998555573942
SE300_FL380,2022-03-01 00:36:00.000000000,-3.914735435139302,46.3685770941835,11582.4,20645.82054068687,211.00244,0.34375041906122683,0.6009181526149491,1.0,0.0,0.0,13.799962706248108
SE300_FL380,2022-03-01 00:37:00.000000000,-3.7463649709978815,46.41234591653959,11582.4,20645.82054068687,211.1125,0.333800362341862,0.5831254200843963,1.0,0.0,0.0,13.799944029141807
SE300_FL380,2022-03-01 00:38:00.000000000,-3.578201246424688,46.45673620162743,11582.4,20645.82054068687,211.29314,0.31948702612562524,0.5574896421797505,1.0,0.0,0.0,13.799929415534166
SE300_FL380,2022-03-01 00:39:00.000000000,-3.41026220591334,46.50177301855226,11582.4,20645.82054068687,211.45512,0.3068557068506784,0.5349046110851907,1.0,0.0,0.0,13.79991870565744
SE300_FL380,2022-03-01 00:40:00.000000000,-3.2425664234872786,46.54748129024899,11582.4,20645.82054068687,211.60345,0.29499093958988676,0.5137422649807907,1.0,0.0,0.0,13.799922852412047
SE300_FL380,2022-03-01 00:41:00.000000000,-3.0751334306903266,46.59388656047466,11582.4,20645.82054068687,211.68811,0.28758802511245873,0.5005825944230675,1.0,0.0,0.0,13.800008407530912
SE300_FL380,2022-03-01 00:42:00.000000000,-2.907985546322268,46.641019270999685,11582.4,20645.82054068687,211.67642,0.2860132853681802,0.49787884057038423,1.0,0.0,0.0,13.79999152577942
SE300_FL380,2022-03-01 00:43:00.000000000,-2.74114057917694,46.68889649733604,11582.4,20645.82054068687,211.61203,0.28757005752235976,0.500791173114046,1.0,0.0,0.0,13.799977274791766
SE300_FL380,2022-03-01 00:44:00.000000000,-2.5746196225871447,46.73754198383629,11582.4,20645.82054068687,211.41321,0.29729566408099045,0.5183765554956115,1.0,0.0,0.0,13.799965416219916
SE300_FL380,2022-03-01 00:45:00.000000000,-2.4084444011529893,46.78697905887585,11582.4,20645.82054068687,211.23296,0.3069007204839249,0.5357301566760921,1.0,0.0,0.0,13.799955690405685
SE300_FL380,2022-03-01 00:46:00.000000000,-2.24263725835525,46.83723057208739,11582.4,20645.82054068687,211.08702,0.3155411739577984,0.5513152904576775,1.0,0.0,0.0,13.799947822412035
SE300_FL380,2022-03-01 00:47:00.000000000,-2.077221138921509,46.88831882936984,11582.4,20645.82054068687,210.98259,0.3228587996100277,0.5644685425868905,1.0,0.0,0.0,13.799941528604728
SE300_FL380,2022-03-01 00:48:00.000000000,-1.9122195656143586,46.94026552601405,11582.4,20645.82054068687,211.00462,0.32277332591637836,0.5642402092213716,1.0,0.0,0.0,13.799936523592704
SE300_FL380,2022-03-01 00:49:00.000000000,-1.747656610142675,46.99309167833649,11582.4,20645.82054068687,211.13153,0.3165324438457555,0.5528935910951239,1.0,0.0,0.0,13.799932527317191
SE300_FL380,2022-03-01 00:50:00.000000000,-1.5835568579366146,47.046817554258936,11582.4,20645.82054068687,211.2363,0.3115809478013949,0.5438891753459016,1.0,0.0,0.0,13.799929272076493
SE300_FL380,2022-03-01 00:51:00.000000000,-1.41994536657518,47.10146260331857,11582.4,20645.82054068687,211.32213,0.30788361654383944,0.5371470440247574,1.0,0.0,0.0,13.799926509251202
SE300_FL380,2022-03-01 00:52:00.000000000,-1.2568476177121715,47.15704538663485,11582.4,20645.82054068687,211.34337,0.30788505468372007,0.5370777323564634,1.0,0.0,0.0,13.799924015512413
SE300_FL380,2022-03-01 00:53:00.000000000,-1.0942894624114776,47.21358350739827,11582.4,20645.82054068687,211.21266,0.3157889215051607,0.5513143314642569,1.0,0.0,0.0,13.799921598299676
SE300_FL380,2022-03-01 00:54:00.000000000,-0.9322970598757382,47.27109354247939,11582.4,20645.82054068687,211.0517,0.3254986428904336,0.568837144320196,1.0,0.0,0.0,13.799919100366923
SE300_FL380,2022-03-01 00:55:00.000000000,-0.7708968096326502,47.329590975783,11582.4,20645.82054068687,210.8868,0.3356065278167046,0.5871066930871015,1.0,0.0,0.0,13.799916403229442
SE300_FL380,2022-03-01 00:56:00.000000000,-0.6101152773294826,47.38909013399148,11582.4,20645.82054068687,210.7585,0.34342312402532593,0.6012600508979357,1.0,0.0,0.0,13.79991342938298
SE300_FL380,2022-03-01 00:57:00.000000000,-0.4499791143776922,47.44960412535214,11582.4,20645.82054068687,210.67139,0.3491558450133629,0.6116266820186728,1.0,0.0,0.0,13.79991014318596
SE300_FL380,2022-03-01 00:58:00.000000000,-0.2905149717839815,47.51114478216384,11582.4,20645.82054068687,210.6286,0.35333395448819965,0.6191102396687612,1.0,0.0,0.0,13.799906550367
SE300_FL380,2022-03-01 00:59:00.000000000,-0.1317494086006752,47.57372260760951,11582.4,20645.82054068687,210.67055,0.35408263562310066,0.6202608347141574,1.0,0.0,0.0,13.799902696148978
SE300_FL380,2022-03-01 01:00:00.000000000,0.026291204476382772,47.63734672756016,11582.4,20645.82054068687,210.74232,0.35408836760792384,0.6199932980184543,1.0,0.0,0.0,13.799898662049376
SE300_FL380,2022-03-01 01:01:00.000000000,0.1835807857402945,47.702024847945545,11582.4,20645.82054068687,210.8547,0.35562355054026445,0.6222475802949418,1.0,0.0,0.0,13.799894561448786
SE300_FL380,2022-03-01 01:02:00.000000000,0.3400936466257237,47.767763218243296,11582.4,20645.82054068687,210.97429,0.3562908435628835,0.622950043580557,1.0,0.0,0.0,13.799890534083259
SE300_FL380,2022-03-01 01:03:00.000000000,0.4958045985892688,47.834566601585344,11582.4,20645.82054068687,211.09828,0.3563898794511885,0.6226405775558203,1.0,0.0,0.0,13.799886739660096
SE300_FL380,2022-03-01 01:04:00.000000000,0.6506890618532523,47.90243825191635,11582.4,20645.82054068687,211.1998,0.35680712153600386,0.6229755396085934,1.0,0.0,0.0,13.799883350808148
SE300_FL380,2022-03-01 01:05:00.000000000,0.8047231750871445,47.97137989856527,11582.4,20645.82054068687,211.29648,0.356881113041019,0.6227276892254094,1.0,0.0,0.0,13.799880545640207
SE300_FL380,2022-03-01 01:06:00.000000000,0.9578839050532617,48.04139173850947,11582.4,20645.82054068687,211.37231,0.3578201782380814,0.624069421002512,1.0,0.0,0.0,13.799880297337754
SE300_FL380,2022-03-01 01:07:00.000000000,1.1101490175689515,48.11247259658721,11582.4,20645.82054068687,211.43983,0.3579479587969826,0.6240272924078828,1.0,0.0,0.0,13.799955765457092
SE300_FL380,2022-03-01 01:08:00.000000000,1.2614916109520389,48.18462623408982,11582.4,20645.82054068687,211.50159,0.3580541842454343,0.623969986979516,1.0,0.0,0.0,13.799946076537669
SE300_FL380,2022-03-01 01:09:00.000000000,1.4118974565169005,48.25784150407756,11582.4,20645.82054068687,211.57474,0.35332408105823765,0.6154436536649862,1.0,0.0,0.0,13.799936769163452
SE300_FL380,2022-03-01 01:10:00.000000000,1.5613479605795775,48.33211247748483,11582.4,20645.82054068687,211.63698,0.3484369358468806,0.606695162503784,1.0,0.0,0.0,13.799928078960882
SE300_FL380,2022-03-01 01:11:00.000000000,1.7098258754552036,48.40743177483138,11582.4,20645.82054068687,211.69682,0.34386936824624637,0.5985156202511424,1.0,0.0,0.0,13.799920213907653
SE300_FL380,2022-03-01 01:12:00.000000000,1.8573153869251047,48.48379060616857,11582.4,20645.82054068687,211.76099,0.3394975853268023,0.590665657225736,1.0,0.0,0.0,13.799913349084349
SE300_FL380,2022-03-01 01:13:00.000000000,2.00380219478423,48.561178817972646,11582.4,20645.82054068687,211.81961,0.3355272603580276,0.5835427356368377,1.0,0.0,0.0,13.799907622724088
SE300_FL380,2022-03-01 01:14:00.000000000,2.1492735857235448,48.63958494650445,11582.4,20645.82054068687,211.80608,0.3316148653164901,0.576787335064481,1.0,0.0,0.0,13.79990313363142
SE300_FL380,2022-03-01 01:15:00.000000000,2.2937184979011707,48.71899627708127,11582.4,20645.82054068687,211.80286,0.3282204734158806,0.5708943020807867,1.0,0.0,0.0,13.799899939990695
SE300_FL380,2022-03-01 01:16:00.000000000,2.437127576666514,48.79939890864313,11582.4,20645.82054068687,211.7787,0.32629072552100397,0.5676243718003632,1.0,0.0,0.0,13.799898059510873
SE300_FL380,2022-03-01 01:17:00.000000000,2.57949322101926,48.88077782294388,11582.4,20645.82054068687,211.72263,0.32641409998483245,0.5680398742019295,1.0,0.0,0.0,13.799897470818289
SE300_FL380,2022-03-01 01:18:00.000000000,2.7208096205090637,48.96311695765744,11582.4,20645.82054068687,211.62737,0.3289943458491878,0.5728761327445729,1.0,0.0,0.0,13.799898115948379
SE300_FL380,2022-03-01 01:19:00.000000000,2.8610727824072804,49.04639928266274,11582.4,20645.82054068687,211.51118,0.3323503886224437,0.5791412859727609,1.0,0.0,0.0,13.799899903772648
SE300_FL380,2022-03-01 01:20:00.000000000,3.0002805491083504,49.13060687875635,11582.4,20645.82054068687,211.40823,0.3351735145118352,0.5844397429712567,1.0,0.0,0.0,13.799902714140295
SE300_FL380,2022-03-01 01:21:00.000000000,3.1384326058413183,49.21572101804042,11582.4,20645.82054068687,211.28113,0.3392701604228731,0.5920545881971919,1.0,0.0,0.0,13.799906402511214
SE300_FL380,2022-03-01 01:22:00.000000000,3.275530478889779,49.30172224524366,11582.4,20645.82054068687,211.18597,0.3422614398037386,0.5976313002290496,1.0,0.0,0.0,13.799910804862314
SE300_FL380,2022-03-01 01:23:00.000000000,3.411577524628558,49.38859045925548,11582.4,20645.82054068687,211.08755,0.3432235455577828,0.5996789784516606,1.0,0.0,0.0,13.799915742621737
SE300_FL380,2022-03-01 01:24:00.000000000,3.546578909786857,49.47630499418438,11582.4,20645.82054068687,210.98177,0.34464919807137767,0.6025690571375105,1.0,0.0,0.0,13.799921027431493
SE300_FL380,2022-03-01 01:25:00.000000000,3.6805415834364057,49.56484469929377,11582.4,20645.82054068687,210.85545,0.3481880374832796,0.6092338977558163,1.0,0.0,0.0,13.799926465539238
SE300_FL380,2022-03-01 01:26:00.000000000,3.813474241281341,49.65418801721622,11582.4,20645.82054068687,210.74478,0.350304727652595,0.6133593357593193,1.0,0.0,0.0,13.799931861647412
SE300_FL380,2022-03-01 01:27:00.000000000,3.945387282890515,49.74431305990206,11582.4,20645.82054068687,210.64197,0.35073982933452463,0.6145131534386223,1.0,0.0,0.0,13.799937022113916
SE300_FL380,2022-03-01 01:28:00.000000000,4.076292762563807,49.83519768181777,11582.4,20645.82054068687,210.51976,0.35347285109504883,0.6197700826691704,1.0,0.0,0.0,13.799941757380292
SE300_FL380,2022-03-01 01:29:00.000000000,4.206204334561293,49.92681954997152,11582.4,20645.82054068687,210.40091,0.35668983665099857,0.6258703430470162,1.0,0.0,0.0,13.799945883601017
SE300_FL380,2022-03-01 01:30:00.000000000,4.335137193447722,50.01915621040786,11582.4,20645.82054068687,210.32082,0.3583305937001776,0.6290593034315475,1.0,0.0,0.0,13.799949223437263
SE300_FL380,2022-03-01 01:31:00.000000000,4.463108010316069,50.1121851508771,11582.4,20645.82054068687,210.22029,0.359952830278792,0.6322980456969355,1.0,0.0,0.0,13.79995160605297
SE300_FL380,2022-03-01 01:32:00.000000000,4.590134865652553,50.20588385944899,11582.4,20645.82054068687,210.16724,0.3595314159138466,0.6317637330646018,1.0,0.0,0.0,13.799952866356099
SE300_FL380,2022-03-01 01:33:00.000000000,4.716237179594008,50.300229878900765,11582.4,20645.82054068687,210.13655,0.3578083886122229,0.6288548661310506,1.0,0.0,0.0,13.799952843577072
SE300_FL380,2022-03-01 01:34:00.000000000,4.841435640306324,50.39520085676857,11582.4,20645.82054068687,210.08954,0.3550491727366963,0.6241855543602198,1.0,0.0,0.0,13.799951379286926
SE300_FL380,2022-03-01 01:35:00.000000000,4.965752131182763,50.49077459100485,11582.4,20645.82054068687,210.03004,0.3518342440082161,0.6187603184237794,1.0,0.0,0.0,13.799948314979101
SE300_FL380,2022-03-01 01:36:00.000000000,5.08920965752353,50.58692907123493,11582.4,20645.82054068687,210.07062,0.34654706469343094,0.6093110875840958,1.0,0.0,0.0,13.7999434893709
SE300_FL380,2022-03-01 01:37:00.000000000,5.211832273314692,50.683642515650746,11582.4,20645.82054068687,210.1037,0.341643627584028,0.6005661389386762,1.0,0.0,0.0,13.799936735540259
SE300_FL380,2022-03-01 01:38:00.000000000,5.333645008677116,50.78089340361986,11582.4,20645.82054068687,210.12552,0.3378524560003878,0.5938224182419547,1.0,0.0,0.0,13.79992787807843
SE300_FL380,2022-03-01 01:39:00.000000000,5.454673798505399,50.87866050412251,11582.4,20645.82054068687,210.14519,0.33457038097148384,0.5879835871444297,1.0,0.0,0.0,13.799916730378694
SE300_FL380,2022-03-01 01:40:00.000000000,5.574945412764155,50.97692290015904,11582.4,20645.82054068687,210.17136,0.3329109698531988,0.5849720908599054,1.0,0.0,0.0,13.799909146879337
SE300_FL380,2022-03-01 01:41:00.000000000,5.69448698268002,51.07566027243519,11582.4,20645.82054068687,210.21033,0.33182755662412805,0.5829298107601216,1.0,0.0,0.0,13.800036502008268
SE300_FL380,2022-03-01 01:42:00.000000000,5.813317860079042,51.17485813030892,11582.4,20645.82054068687,210.23563,0.3315616372814175,0.5823708095101046,1.0,0.0,0.0,13.800019343694286
SE300_FL380,2022-03-01 01:43:00.000000000,5.931476383526231,51.274490485820074,11582.4,20645.82054068687,210.26414,0.331933992653986,0.5829233703681128,1.0,0.0,0.0,13.799999557176893
SE300_FL380,2022-03-01 01:44:00.000000000,6.048992146742065,51.37453779717241,11582.4,20645.82054068687,210.27812,0.33290596566124075,0.5845781538681537,1.0,0.0,0.0,13.799976952886416
SE300_FL380,2022-03-01 01:45:00.000000000,6.16589527157801,51.47498090580639,11582.4,20645.82054068687,210.28122,0.33467059767472507,0.5876677867121403,1.0,0.0,0.0,13.799951314976644
SE300_FL380,2022-03-01 01:46:00.000000000,6.282216354420901,51.575801040761654,11582.4,20645.82054068687,210.28452,0.3356334093384315,0.5893465832780584,1.0,0.0,0.0,13.799922401731491
SE300_FL380,2022-03-01 01:47:00.000000000,6.397986416102225,51.67697982039795,11582.4,20645.82054068687,210.27109,0.33701684934699283,0.5918242106157544,1.0,0.0,0.0,13.799896422178843
SE300_FL380,2022-03-01 01:48:00.000000000,6.513236540852692,51.77849945999789,11582.4,20645.82054068687,210.24532,0.3387947415373039,0.595040104196686,1.0,0.0,0.0,13.800070683038491
SE300_FL380,2022-03-01 01:49:00.000000000,6.627989237000202,51.88034855874178,11582.4,20645.82054068687,210.23062,0.33996272271223354,0.597144985021079,1.0,0.0,0.0,13.800033136164926
SE300_FL380,2022-03-01 01:50:00.000000000,6.7422871098143675,51.982503017475295,11582.4,20645.82054068687,210.2015,0.341767000156964,0.6004211835878603,1.0,0.0,0.0,13.79999217680041
SE300_FL380,2022-03-01 01:51:00.000000000,6.85616260126879,52.08494594286698,11582.4,20645.82054068687,210.15732,0.3443286016070378,0.6050878331219006,1.0,0.0,0.0,13.799947488517821
SE300_FL380,2022-03-01 01:52:00.000000000,6.9696483812259675,52.187660808917485,11582.4,20645.82054068687,210.10106,0.34741641926372324,0.6107249276814044,1.0,0.0,0.0,13.799898737232269
SE300_FL380,2022-03-01 01:53:00.000000000,7.082777318490884,52.29063144711092,11582.4,20645.82054068687,210.06374,0.35021744984889014,0.615789951192464,1.0,0.0,0.0,13.800030398716745
SE300_FL380,2022-03-01 01:54:00.000000000,7.19557701404532,52.39384625576109,11582.4,20645.82054068687,210.02478,0.3531142171903223,0.6210313593913908,1.0,0.0,0.0,13.800054345163323
SE300_FL380,2022-03-01 01:55:00.000000000,7.308085257117626,52.49728673117904,11582.4,20645.82054068687,209.97446,0.35664877881589285,0.6274404031529202,1.0,0.0,0.0,13.799996740891372
SE300_FL380,2022-03-01 01:56:00.000000000,7.420338038484323,52.60093580787837,11582.4,20645.82054068687,209.95033,0.3591214228508845,0.6318848024062756,1.0,0.0,0.0,13.799934836100903
SE300_FL380,2022-03-01 01:57:00.000000000,7.532368946100369,52.70477859337681,11582.4,20645.82054068687,209.9271,0.3617675279973004,0.6366301146450637,1.0,0.0,0.0,13.7999107047655
SE300_FL380,2022-03-01 01:58:00.000000000,7.644210999091989,52.80880120769993,11582.4,20645.82054068687,209.90657,0.36426023778705224,0.6410971874316739,1.0,0.0,0.0,13.80009727987662
SE300_FL380,2022-03-01 01:59:00.000000000,7.755895885982359,52.912992453617406,11582.4,20645.82054068687,209.88507,0.36659318405004004,0.6452887154065983,1.0,0.0,0.0,13.800026839405156
SE300_FL380,2022-03-01 02:00:00.000000000,7.867462507785084,53.01733360209722,11582.4,20645.82054068687,209.90646,0.3679101131243267,0.6475226201757592,1.0,0.0,0.0,13.799951817325509
SE300_FL380,2022-03-01 02:01:00.000000000,7.97894493915904,53.12181080944994,11582.4,20645.82054068687,209.92943,0.3687458484099775,0.6489022065634916,1.0,0.0,0.0,13.799878948745755
SE300_FL380,2022-03-01 02:02:00.000000000,8.090377316599858,53.22641053966239,11582.4,20645.82054068687,209.94676,0.3701724346289126,0.6513439288536665,1.0,0.0,0.0,13.80011613732471
SE300_FL380,2022-03-01 02:03:00.000000000,8.201794722995709,53.33112242122278,11582.4,20645.82054068687,209.9702,0.3714320934224703,0.6534651756122798,1.0,0.0,0.0,13.800033244616367
SE300_FL380,2022-03-01 02:04:00.000000000,8.313233280726271,53.43592919842136,11582.4,20645.82054068687,209.98828,0.3731813959896506,0.656471230648867,1.0,0.0,0.0,13.799945514347323
SE300_FL380,2022-03-01 02:05:00.000000000,8.42472747485294,53.54081781028977,11582.4,20645.82054068687,209.99083,0.37575324916358305,0.660984940729785,1.0,0.0,0.0,13.799915365810826
SE300_FL380,2022-03-01 02:06:00.000000000,8.536312692536393,53.64577571103455,11582.4,20645.82054068687,209.9851,0.3784800778744466,0.6658053255178044,1.0,0.0,0.0,13.80011004309586
SE300_FL380,2022-03-01 02:07:00.000000000,8.648028278660536,53.750790832795516,11582.4,20645.82054068687,209.9816,0.3811737676149632,0.6705576012632279,1.0,0.0,0.0,13.800015304799869
SE300_FL380,2022-03-01 02:08:00.000000000,8.759906477778147,53.85584845500265,11582.4,20645.82054068687,209.96727,0.38425404804367036,0.676035560631314,1.0,0.0,0.0,13.79991564313486
SE300_FL380,2022-03-01 02:09:00.000000000,8.871982232889263,53.96093601106962,11582.4,20645.82054068687,209.9293,0.3884120983934042,0.6835107915553936,1.0,0.0,0.0,13.800004103946796
SE300_FL380,2022-03-01 02:10:00.000000000,8.984295963690094,54.06604108818969,11582.4,20645.82054068687,209.90167,0.39202154790567695,0.6899784034319394,1.0,0.0,0.0,13.800080631551038
SE300_FL380,2022-03-01 02:11:00.000000000,9.096884905918607,54.17115044521283,11582.4,20645.82054068687,209.87619,0.39427607955724975,0.6940561529185213,1.0,0.0,0.0,13.799975069909443
SE300_FL380,2022-03-01 02:12:00.000000000,9.20978021803311,54.27625136209472,11582.4,20645.82054068687,209.82742,0.3981003779373322,0.7009939280904545,1.0,0.0,0.0,13.799864842324851
SE300_FL380,2022-03-01 02:13:00.000000000,9.323017438348389,54.38133146507345,11582.4,20645.82054068687,209.80794,0.4000498261663648,0.7045158540721417,1.0,0.0,0.0,13.800132173225244
SE300_FL380,2022-03-01 02:14:00.000000000,9.436648363691544,54.48637655428334,11582.4,20645.82054068687,209.78261,0.4019106163897596,0.7078977609028486,1.0,0.0,0.0,13.800031613689772
SE300_FL380,2022-03-01 02:15:00.000000000,9.550696513269713,54.59137491446518,11582.4,20645.82054068687,209.75229,0.40439592732444996,0.7124111975125216,1.0,0.0,0.0,13.799916973248944
SE300_FL380,2022-03-01 02:16:00.000000000,9.665197626195663,54.69631414251662,11582.4,20645.82054068687,209.70836,0.40746675988373876,0.7180106308081777,1.0,0.0,0.0,13.800000285525412
SE300_FL380,2022-03-01 02:17:00.000000000,9.780198569347377,54.80118004346924,11582.4,20645.82054068687,209.67967,0.4093069537422727,0.7213789064554188,1.0,0.0,0.0,13.800086698051244
SE300_FL380,2022-03-01 02:18:00.000000000,9.895738483326229,54.90595917369293,11582.4,20645.82054068687,209.66516,0.409737915744804,0.7222015763178717,1.0,0.0,0.0,12.396279145510631
SE300_FL380,2022-03-01 02:18:53.897617080,10.0,55.0,11582.4,20645.82054068687,209.61674,0.4130083153203628,0.7281825382849403,1.0,0.0,0.0,0.0
SE150_FL380,2022-03-01 00:00:00.000000000,-10.000000000000002,45.00000000000001,11582.4,20645.82054068687,215.15063,0.16763020202081977,0.2852663242426103,1.0,0.0,0.0,13.800025280721622
SE150_FL380,2022-03-01 00:01:00.000000000,-9.848780362463852,45.06309802296491,11582.4,20645.82054068687,215.04561,0.16885734926782225,0.28755828080915935,1.0,0.0,0.0,13.800023124170625
SE150_FL380,2022-03-01 00:02:00.000000000,-9.69723892593266,45.12601025046198,11582.4,20645.82054068687,214.95596,0.16958523327924724,0.2889714787273107,1.0,0.0,0.0,13.800020919334957
SE150_FL380,2022-03-01 00:03:00.000000000,-9.545386915730079,45.18874995403247,11582.4,20645.82054068687,214.86888,0.1694981934775538,0.28899172582383764,1.0,0.0,0.0,13.80001868361511
SE150_FL380,2022-03-01 00:04:00.000000000,-9.393235477429094,45.251330452726556,11582.4,20645.82054068687,214.79477,0.1703963709248364,0.29066770569713557,1.0,0.0,0.0,13.800016434639819
SE150_FL380,2022-03-01 00:05:00.000000000,-9.240795680594678,45.31376510728148,11582.4,20645.82054068687,214.70233,0.171805407969196,0.29325352959327583,1.0,0.0,0.0,13.800014190107833
SE150_FL380,2022-03-01 00:06:00.000000000,-9.088078522618359,45.376067314269825,11582.4,20645.82054068687,214.62053,0.17343931712798363,0.2962037578352683,1.0,0.0,0.0,13.800011967625645
SE150_FL380,2022-03-01 00:07:00.000000000,-8.935094932619785,45.43825050019791,11582.4,20645.82054068687,214.56274,0.17391797172322213,0.2971348317055035,1.0,0.0,0.0,13.800009784533726
SE150_FL380,2022-03-01 00:08:00.000000000,-8.78185577539008,45.500328115534025,11582.4,20645.82054068687,214.53513,0.17285564527547792,0.2953751243073176,1.0,0.0,0.0,13.80000765772226
SE150_FL380,2022-03-01 00:09:00.000000000,-8.628371855351828,45.56231362864651,11582.4,20645.82054068687,214.4435,0.1734772613244596,0.2966178501787893,1.0,0.0,0.0,13.80000560344844
SE150_FL380,2022-03-01 00:10:00.000000000,-8.474653920510518,45.62422051963216,11582.4,20645.82054068687,214.34537,0.17494821648854092,0.2993288466284539,1.0,0.0,0.0,13.800003637143645
SE150_FL380,2022-03-01 00:11:00.000000000,-8.320712666371875,45.68606227401563,11582.4,20645.82054068687,214.25038,0.17812370133815986,0.30495383226587713,1.0,0.0,0.0,13.800001773220872
SE150_FL380,2022-03-01 00:12:00.000000000,-8.166558739799713,45.74785237630135,11582.4,20645.82054068687,214.17868,0.1802993284564802,0.3088244739777942,1.0,0.0,0.0,13.800000024891407
SE150_FL380,2022-03-01 00:13:00.000000000,-8.012202742788062,45.80960430335971,11582.4,20645.82054068687,214.10965,0.1820574929282219,0.3119782267051246,1.0,0.0,0.0,13.79999840397277
SE150_FL380,2022-03-01 00:14:00.000000000,-7.857655236121768,45.87133151763049,11582.4,20645.82054068687,214.05727,0.18244673900160543,0.3127542616735693,1.0,0.0,0.0,13.799996920709697
SE150_FL380,2022-03-01 00:15:00.000000000,-7.702926742899029,45.933047460127014,11582.4,20645.82054068687,214.05972,0.18171924811339987,0.31150202793239756,1.0,0.0,0.0,13.799995583611501
SE150_FL380,2022-03-01 00:16:00.000000000,-7.548027751889124,45.99476554322603,11582.4,20645.82054068687,214.1003,0.18042962880879088,0.3092081490498227,1.0,0.0,0.0,13.799994399289552
SE150_FL380,2022-03-01 00:17:00.000000000,-7.392968720698455,46.05649914322893,11582.4,20645.82054068687,214.11246,0.18076983156703982,0.3097659945177645,1.0,0.0,0.0,13.799993372318367
SE150_FL380,2022-03-01 00:18:00.000000000,-7.237760078717368,46.118261592681485,11582.4,20645.82054068687,214.13556,0.1815862921477113,0.31111805290016264,1.0,0.0,0.0,13.799992505114373
SE150_FL380,2022-03-01 00:19:00.000000000,-7.0824122298204,46.18006617244081,11582.4,20645.82054068687,214.15771,0.18318499519719808,0.313810643650178,1.0,0.0,0.0,13.799991797836244
SE150_FL380,2022-03-01 00:20:00.000000000,-6.926935554791905,46.241926103479614,11582.4,20645.82054068687,214.1774,0.18495814046142048,0.31680675647307815,1.0,0.0,0.0,13.799991248309139
SE150_FL380,2022-03-01 00:21:00.000000000,-6.771340413449099,46.303854538419465,11582.4,20645.82054068687,214.16187,0.18679515894604554,0.3199866510030706,1.0,0.0,0.0,13.79999085197143
SE150_FL380,2022-03-01 00:22:00.000000000,-6.615637146434141,46.36586455278655,11582.4,20645.82054068687,214.02757,0.19232844532776133,0.3297572578935849,1.0,0.0,0.0,13.79999060186101
SE150_FL380,2022-03-01 00:23:00.000000000,-6.4598360766471385,46.427969135985755,11582.4,20645.82054068687,213.86595,0.19947423969016673,0.34237366995448637,1.0,0.0,0.0,13.799990488621079
SE150_FL380,2022-03-01 00:24:00.000000000,-6.3039475102915645,46.49018118199037,11582.4,20645.82054068687,213.68596,0.20819071188273539,0.3577571362891161,1.0,0.0,0.0,13.799990500548963
SE150_FL380,2022-03-01 00:25:00.000000000,-6.147981737503878,46.552513479747134,11582.4,20645.82054068687,213.48242,0.21832039897416916,0.3756641471962405,1.0,0.0,0.0,13.799990623666508
SE150_FL380,2022-03-01 00:26:00.000000000,-5.991949032539317,46.6149787032986,11582.4,20645.82054068687,213.28473,0.22945221483165915,0.3953268259032522,1.0,0.0,0.0,13.799990841836957
SE150_FL380,2022-03-01 00:27:00.000000000,-5.835859653486246,46.67758940162737,11582.4,20645.82054068687,213.13213,0.23850851839711365,0.4113378090370089,1.0,0.0,0.0,13.799991136910966
SE150_FL380,2022-03-01 00:28:00.000000000,-5.679723841481787,46.740357988228865,11582.4,20645.82054068687,212.9884,0.24742475014098456,0.42711183508462824,1.0,0.0,0.0,13.799991488902345
SE150_FL380,2022-03-01 00:29:00.000000000,-5.523551819402239,46.80329673042195,11582.4,20645.82054068687,212.84082,0.2558693525010479,0.4421098551436546,1.0,0.0,0.0,13.799991876206876
SE150_FL380,2022-03-01 00:30:00.000000000,-5.367353790002575,46.86641773840963,11582.4,20645.82054068687,212.68263,0.26177752818812444,0.4527788233223068,1.0,0.0,0.0,13.799992275841205
SE150_FL380,2022-03-01 00:31:00.000000000,-5.2111399334805135,46.92973295410445,11582.4,20645.82054068687,212.51974,0.26780469417929165,0.4636895910048327,1.0,0.0,0.0,13.799992663719705
SE150_FL380,2022-03-01 00:32:00.000000000,-5.05492040444159,46.993254139735846,11582.4,20645.82054068687,212.34906,0.2733240404970458,0.4737628915728409,1.0,0.0,0.0,13.799993014953047
SE150_FL380,2022-03-01 00:33:00.000000000,-4.89870532824359,47.05699286626,11582.4,20645.82054068687,212.18726,0.2780404521702986,0.4824346667158805,1.0,0.0,0.0,13.799993304171764
SE150_FL380,2022-03-01 00:34:00.000000000,-4.7425047966999045,47.12096050159472,11582.4,20645.82054068687,212.0364,0.2822015023486401,0.4901237918727569,1.0,0.0,0.0,13.79999350586429
SE150_FL380,2022-03-01 00:35:00.000000000,-4.586328863123924,47.185168198705355,11582.4,20645.82054068687,211.95424,0.2820180060862351,0.4900606107085577,1.0,0.0,0.0,13.799993594737066
SE150_FL380,2022-03-01 00:36:00.000000000,-4.430187536698249,47.24962688356991,11582.4,20645.82054068687,211.91187,0.2798493029204173,0.4864234683578709,1.0,0.0,0.0,13.799993546077733
SE150_FL380,2022-03-01 00:37:00.000000000,-4.274090776155365,47.31434724305453,11582.4,20645.82054068687,211.92259,0.27540215805283474,0.4786614112731347,1.0,0.0,0.0,13.799993336121352
SE150_FL380,2022-03-01 00:38:00.000000000,-4.118048482758973,47.37933971273268,11582.4,20645.82054068687,211.97928,0.2691707312907907,0.467663351245298,1.0,0.0,0.0,13.799992942424828
SE150_FL380,2022-03-01 00:39:00.000000000,-3.9620704925782735,47.44461446468435,11582.4,20645.82054068687,212.06317,0.2620886850056491,0.4551155011548071,1.0,0.0,0.0,13.7999923442172
SE150_FL380,2022-03-01 00:40:00.000000000,-3.806166568050712,47.510181395313246,11582.4,20645.82054068687,212.20671,0.25315849122597583,0.4392071315310702,1.0,0.0,0.0,13.799991522756148
SE150_FL380,2022-03-01 00:41:00.000000000,-3.6503463888319807,47.57605011322245,11582.4,20645.82054068687,212.34854,0.24515681360961125,0.4249402382640473,1.0,0.0,0.0,13.799990461647935
SE150_FL380,2022-03-01 00:42:00.000000000,-3.4946195419363453,47.64222992719104,11582.4,20645.82054068687,212.47514,0.23815458851828217,0.41246894844871795,1.0,0.0,0.0,13.799989147153058
SE150_FL380,2022-03-01 00:43:00.000000000,-3.3389955111735663,47.708729834295355,11582.4,20645.82054068687,212.57567,0.2325915051527708,0.40257484690089185,1.0,0.0,0.0,13.79998756845803
SE150_FL380,2022-03-01 00:44:00.000000000,-3.1834836658934074,47.775558508220634,11582.4,20645.82054068687,212.66354,0.22799889213435012,0.394403218123963,1.0,0.0,0.0,13.79998571790615
SE150_FL380,2022-03-01 00:45:00.000000000,-3.0280932490527612,47.84272428780939,11582.4,20645.82054068687,212.74634,0.22422147316236762,0.3876618807528492,1.0,0.0,0.0,13.799983591199357
SE150_FL380,2022-03-01 00:46:00.000000000,-2.872833364624784,47.91023516589412,11582.4,20645.82054068687,212.84302,0.22028792128728306,0.38062368761062615,1.0,0.0,0.0,13.799981187540997
SE150_FL380,2022-03-01 00:47:00.000000000,-2.7177129643741873,47.97809877846222,11582.4,20645.82054068687,212.93869,0.21661917869850633,0.3740544824405441,1.0,0.0,0.0,13.799978509741795
SE150_FL380,2022-03-01 00:48:00.000000000,-2.562740834027267,48.046322394201255,11582.4,20645.82054068687,213.02715,0.21387152854728983,0.36909891400679995,1.0,0.0,0.0,13.799975564268491
SE150_FL380,2022-03-01 00:49:00.000000000,-2.407925578869879,48.11491290447256,11582.4,20645.82054068687,213.08829,0.2118427796244915,0.36545238144077985,1.0,0.0,0.0,13.799972361242325
SE150_FL380,2022-03-01 00:50:00.000000000,-2.2532756088113697,48.18387681376056,11582.4,20645.82054068687,213.13406,0.21022434933046436,0.3625536837561109,1.0,0.0,0.0,13.799968914382415
SE150_FL380,2022-03-01 00:51:00.000000000,-2.0987991229566814,48.25322023064404,11582.4,20645.82054068687,213.15828,0.2092874414064643,0.3608805603104348,1.0,0.0,0.0,13.799965240897679
SE150_FL380,2022-03-01 00:52:00.000000000,-1.9445040937337181,48.3229488593347,11582.4,20645.82054068687,213.12077,0.21097283942047498,0.3638756352249838,1.0,0.0,0.0,13.799961361323575
SE150_FL380,2022-03-01 00:53:00.000000000,-1.7903982506269553,48.393067991826065,11582.4,20645.82054068687,213.00954,0.21584529363526322,0.3725474620137276,1.0,0.0,0.0,13.799957299309654
SE150_FL380,2022-03-01 00:54:00.000000000,-1.6364890635725675,48.46358250069396,11582.4,20645.82054068687,212.88364,0.22133421493703656,0.38233211339313017,1.0,0.0,0.0,13.799953081365691
SE150_FL380,2022-03-01 00:55:00.000000000,-1.482783726073991,48.534496832587074,11582.4,20645.82054068687,212.75645,0.22685726346376905,0.39219339019232596,1.0,0.0,0.0,13.799948736550181
SE150_FL380,2022-03-01 00:56:00.000000000,-1.3292891381006948,48.60581500244348,11582.4,20645.82054068687,212.56007,0.23558008292890145,0.40778817997088784,1.0,0.0,0.0,13.79996224359886
SE150_FL380,2022-03-01 00:57:00.000000000,-1.176012199022902,48.677541157964725,11582.4,20645.82054068687,212.35948,0.24458885806282155,0.42392710538062417,1.0,0.0,0.0,13.800015850398514
SE150_FL380,2022-03-01 00:58:00.000000000,-1.022959909011004,48.74967973493967,11582.4,20645.82054068687,212.13048,0.2553885433743532,0.4432905727078868,1.0,0.0,0.0,13.800011280819982
SE150_FL380,2022-03-01 00:59:00.000000000,-0.8701372214611162,48.82223162470867,11582.4,20645.82054068687,211.92163,0.26607748665526826,0.462457489421256,1.0,0.0,0.0,13.800006501605102
SE150_FL380,2022-03-01 01:00:00.000000000,-0.7175496815727354,48.89519906140205,11582.4,20645.82054068687,211.72876,0.27641809461605277,0.4810170376878652,1.0,0.0,0.0,13.800001555312974
SE150_FL380,2022-03-01 01:01:00.000000000,-0.5652024537904219,48.96858383001156,11582.4,20645.82054068687,211.58046,0.2852098409853987,0.4967802425657652,1.0,0.0,0.0,13.79999648581086
SE150_FL380,2022-03-01 01:02:00.000000000,-0.4131003048958678,49.04238726558329,11582.4,20645.82054068687,211.48161,0.291498053930868,0.5080492979210957,1.0,0.0,0.0,13.799991337765992
SE150_FL380,2022-03-01 01:03:00.000000000,-0.2612475873906203,49.116610253279745,11582.4,20645.82054068687,211.42583,0.2954049230281051,0.5150395546516575,1.0,0.0,0.0,13.7999861561264
SE150_FL380,2022-03-01 01:04:00.000000000,-0.1096482232436474,49.1912532293119,11582.4,20645.82054068687,211.36438,0.29964792684652414,0.5226372234223045,1.0,0.0,0.0,13.799980985617015
SE150_FL380,2022-03-01 01:05:00.000000000,0.041694311923352705,49.266316182737384,11582.4,20645.82054068687,211.309,0.30437930887757547,0.5310761765449374,1.0,0.0,0.0,13.799975870245795
SE150_FL380,2022-03-01 01:06:00.000000000,0.19277700414136667,49.341798658116055,11582.4,20645.82054068687,211.37802,0.3039625741994954,0.53011943931584,1.0,0.0,0.0,13.799970852837674
SE150_FL380,2022-03-01 01:07:00.000000000,0.3435973158213465,49.41769975900875,11582.4,20645.82054068687,211.43918,0.30362506266456846,0.5293265237294524,1.0,0.0,0.0,13.79996597459641
SE150_FL380,2022-03-01 01:08:00.000000000,0.49415319983679507,49.49401815230074,11582.4,20645.82054068687,211.46898,0.3036544180186385,0.5292788222102014,1.0,0.0,0.0,13.799961274703167
SE150_FL380,2022-03-01 01:09:00.000000000,0.6444431128990113,49.5707520733261,11582.4,20645.82054068687,211.55162,0.30039981455881226,0.523333958401683,1.0,0.0,0.0,13.799956789951366
SE150_FL380,2022-03-01 01:10:00.000000000,0.7944660281656921,49.647899331764975,11582.4,20645.82054068687,211.60797,0.2984627315288589,0.5197749410452044,1.0,0.0,0.0,13.799952554435153
SE150_FL380,2022-03-01 01:11:00.000000000,0.9442214470284372,49.72545731828128,11582.4,20645.82054068687,211.61252,0.2993515778807727,0.5213077586130161,1.0,0.0,0.0,13.799948599276675
SE150_FL380,2022-03-01 01:12:00.000000000,1.0937094100288882,49.803423011864275,11582.4,20645.82054068687,211.62686,0.29987502561157775,0.5221713318489101,1.0,0.0,0.0,13.79994495241215
SE150_FL380,2022-03-01 01:13:00.000000000,1.2429305068591834,49.8817929878337,11582.4,20645.82054068687,211.63992,0.30048314360123857,0.5231874479202359,1.0,0.0,0.0,13.799943970232082
SE150_FL380,2022-03-01 01:14:00.000000000,1.391885839203061,49.9605634958069,11582.4,20645.82054068687,211.59926,0.30595143813097164,0.5328442444246626,1.0,0.0,0.0,13.800018164069398
SE150_FL380,2022-03-01 01:15:00.000000000,1.5405756538199646,50.039732525500625,11582.4,20645.82054068687,211.56184,0.31142428563108765,0.5425036387572976,1.0,0.0,0.0,13.800012779561797
SE150_FL380,2022-03-01 01:16:00.000000000,1.689003811745885,50.119293133097386,11582.4,20645.82054068687,211.52472,0.3169971925747334,0.5523423222399582,1.0,0.0,0.0,13.800007711970267
SE150_FL380,2022-03-01 01:17:00.000000000,1.8371731915099507,50.19924036232172,11582.4,20645.82054068687,211.4361,0.32581269470184204,0.5680175439537203,1.0,0.0,0.0,13.800002984178791
SE150_FL380,2022-03-01 01:18:00.000000000,1.985087255414262,50.279568902342035,11582.4,20645.82054068687,211.32968,0.3363577287778606,0.58679373269813,1.0,0.0,0.0,13.79999861501331
SE150_FL380,2022-03-01 01:19:00.000000000,2.1327500533276282,50.36027309878075,11582.4,20645.82054068687,211.26804,0.3437502600239321,0.5999220194648092,1.0,0.0,0.0,13.799994619263725
SE150_FL380,2022-03-01 01:20:00.000000000,2.2801662254169526,50.44134696502648,11582.4,20645.82054068687,211.14478,0.35625983240756653,0.622232767994879,1.0,0.0,0.0,13.799991007751949
SE150_FL380,2022-03-01 01:21:00.000000000,2.4273410038207826,50.52278419379153,11582.4,20645.82054068687,211.02997,0.3692003789590712,0.6452969841786986,1.0,0.0,0.0,13.799987787443316
SE150_FL380,2022-03-01 01:22:00.000000000,2.5742802132739526,50.604578168858964,11582.4,20645.82054068687,211.00194,0.3755179242442263,0.6564542806430256,1.0,0.0,0.0,13.799984961591031
SE150_FL380,2022-03-01 01:23:00.000000000,2.720990270699007,50.686721976962986,11582.4,20645.82054068687,211.05234,0.37636212793622065,0.6577246365154756,1.0,0.0,0.0,13.79998252990439
SE150_FL380,2022-03-01 01:24:00.000000000,2.8674781837846655,50.769208419747585,11582.4,20645.82054068687,211.11925,0.37565869907607574,0.6562210740614295,1.0,0.0,0.0,13.79998048874809
SE150_FL380,2022-03-01 01:25:00.000000000,3.013751548576857,50.85203002574966,11582.4,20645.82054068687,211.21155,0.37270379642015766,0.6506816711607301,1.0,0.0,0.0,13.799978831356217
SE150_FL380,2022-03-01 01:26:00.000000000,3.1598185461124664,50.935179062353996,11582.4,20645.82054068687,211.39223,0.36172885840209124,0.6308077242703166,1.0,0.0,0.0,13.79997754806047
SE150_FL380,2022-03-01 01:27:00.000000000,3.3056879381298114,51.0186475476696,11582.4,20645.82054068687,211.55736,0.3524746097446509,0.6140318780585778,1.0,0.0,0.0,13.799976626528416
SE150_FL380,2022-03-01 01:28:00.000000000,3.451369061894234,51.10242726227889,11582.4,20645.82054068687,211.69872,0.34433137312840706,0.5993116098484569,1.0,0.0,0.0,13.799976052009184
SE150_FL380,2022-03-01 01:29:00.000000000,3.596871824179734,51.18650976081355,11582.4,20645.82054068687,211.84732,0.33591830172360704,0.5841188190284285,1.0,0.0,0.0,13.79997580757543
SE150_FL380,2022-03-01 01:30:00.000000000,3.7422066944510983,51.27088638331356,11582.4,20645.82054068687,212.02107,0.326475790311775,0.5670759525481511,1.0,0.0,0.0,13.799975874366709
SE150_FL380,2022-03-01 01:31:00.000000000,3.8873846972928505,51.35554826632859,11582.4,20645.82054068687,211.97539,0.3297118456357706,0.5728624880560077,1.0,0.0,0.0,13.799976231823901
SE150_FL380,2022-03-01 01:32:00.000000000,4.032417404133353,51.44048635372388,11582.4,20645.82054068687,211.92693,0.3328098406046042,0.578422282767692,1.0,0.0,0.0,13.799976857923344
SE150_FL380,2022-03-01 01:33:00.000000000,4.17731692431389,51.525691407155904,11582.4,20645.82054068687,211.86502,0.33567258189386096,0.5836278474638992,1.0,0.0,0.0,13.79997772939002
SE150_FL380,2022-03-01 01:34:00.000000000,4.322095895553423,51.611154016185885,11582.4,20645.82054068687,211.73387,0.34078830134333693,0.5930127370516677,1.0,0.0,0.0,13.799978821916332
SE150_FL380,2022-03-01 01:35:00.000000000,4.466767473859694,51.69686460800298,11582.4,20645.82054068687,211.55544,0.3483876375297375,0.6069192243262936,1.0,0.0,0.0,13.79998011034861
SE150_FL380,2022-03-01 01:36:00.000000000,4.61134532293813,51.78281345673147,11582.4,20645.82054068687,211.37624,0.35356245656395596,0.616629626253074,1.0,0.0,0.0,13.799981568886242
SE150_FL380,2022-03-01 01:37:00.000000000,4.755843603148792,51.86899069230014,11582.4,20645.82054068687,211.20862,0.3585546150149675,0.6259936901825572,1.0,0.0,0.0,13.79998317125147
SE150_FL380,2022-03-01 01:38:00.000000000,4.9002769600611895,51.95538630885467,11582.4,20645.82054068687,211.00978,0.3618202642347294,0.6324802307822026,1.0,0.0,0.0,13.799984890852482
SE150_FL380,2022-03-01 01:39:00.000000000,5.044660512655349,52.041990172697254,11582.4,20645.82054068687,210.82753,0.3642958143498593,0.6375290531078468,1.0,0.0,0.0,13.799986700946327
SE150_FL380,2022-03-01 01:40:00.000000000,5.189009841215732,52.12879202974077,11582.4,20645.82054068687,210.66118,0.3650308941730494,0.6394778955406801,1.0,0.0,0.0,13.799988574784994
SE150_FL380,2022-03-01 01:41:00.000000000,5.33334097496334,52.2157815124673,11582.4,20645.82054068687,210.52754,0.3647196707688902,0.6394581651800373,1.0,0.0,0.0,13.799990485753726
SE150_FL380,2022-03-01 01:42:00.000000000,5.477670379467894,52.30294814638437,11582.4,20645.82054068687,210.4133,0.3632136840388047,0.6372675704617435,1.0,0.0,0.0,13.799992407510803
SE150_FL380,2022-03-01 01:43:00.000000000,5.622014943881001,52.390281355974025,11582.4,20645.82054068687,210.2896,0.3605407805914163,0.6330622696741863,1.0,0.0,0.0,13.79999431411892
SE150_FL380,2022-03-01 01:44:00.000000000,5.766391968026885,52.477770470133564,11582.4,20645.82054068687,210.163,0.3578262481723373,0.6287852680673832,1.0,0.0,0.0,13.799996180175784
SE150_FL380,2022-03-01 01:45:00.000000000,5.910819149385742,52.565404727108,11582.4,20645.82054068687,210.1,0.3567060842097061,0.6270583938735143,1.0,0.0,0.0,13.799997980946767
SE150_FL380,2022-03-01 01:46:00.000000000,6.055314570000713,52.65317327891751,11582.4,20645.82054068687,210.01172,0.3557501385610528,0.6257176558826506,1.0,0.0,0.0,13.799999692491834
SE150_FL380,2022-03-01 01:47:00.000000000,6.19989668333652,52.74106519528474,11582.4,20645.82054068687,209.92738,0.35487273993575474,0.62449819128201,1.0,0.0,0.0,13.80000129179735
SE150_FL380,2022-03-01 01:48:00.000000000,6.344584301114556,52.829069467069175,11582.4,20645.82054068687,209.88383,0.35526657529142736,0.6253564596411062,1.0,0.0,0.0,13.800002756917273
SE150_FL380,2022-03-01 01:49:00.000000000,6.48939658014588,52.91717500921703,11582.4,20645.82054068687,209.82468,0.3566216177497272,0.627970013779057,1.0,0.0,0.0,13.800004067102952
SE150_FL380,2022-03-01 01:50:00.000000000,6.634353009179616,53.00537066323756,11582.4,20645.82054068687,209.75601,0.3587418969642365,0.6319675879902502,1.0,0.0,0.0,13.80000520294991
SE150_FL380,2022-03-01 01:51:00.000000000,6.779473395781127,53.09364519921752,11582.4,20645.82054068687,209.69601,0.36033002572986567,0.6349963341224082,1.0,0.0,0.0,13.800006146536646
SE150_FL380,2022-03-01 01:52:00.000000000,6.924777853250975,53.18198731738731,11582.4,20645.82054068687,209.66602,0.3617638163360619,0.6376417674500846,1.0,0.0,0.0,13.80000688157544
SE150_FL380,2022-03-01 01:53:00.000000000,7.070286787591492,53.270385649253456,11582.4,20645.82054068687,209.62782,0.363276425335379,0.6404568692035228,1.0,0.0,0.0,13.800007393558275
SE150_FL380,2022-03-01 01:54:00.000000000,7.216020884525191,53.35882875831312,11582.4,20645.82054068687,209.59178,0.3646351960044321,0.6429942285440705,1.0,0.0,0.0,13.800007669900015
SE150_FL380,2022-03-01 01:55:00.000000000,7.3620010965652085,53.44730514036748,11582.4,20645.82054068687,209.57256,0.36626428610513084,0.6459421145553929,1.0,0.0,0.0,13.800007700096462
SE150_FL380,2022-03-01 01:56:00.000000000,7.508248630134886,53.53580322345174,11582.4,20645.82054068687,209.55336,0.3680988485697092,0.6492529602293646,1.0,0.0,0.0,13.800007475854803
SE150_FL380,2022-03-01 01:57:00.000000000,7.654784932730397,53.62431136740005,11582.4,20645.82054068687,209.55898,0.3699342901145161,0.6524666327109768,1.0,0.0,0.0,13.800006991241453
SE150_FL380,2022-03-01 01:58:00.000000000,7.801631680117048,53.712817863064856,11582.4,20645.82054068687,209.56929,0.37187282399824156,0.6558465913564503,1.0,0.0,0.0,13.800006242806354
SE150_FL380,2022-03-01 01:59:00.000000000,7.948810763547113,53.80131093121019,11582.4,20645.82054068687,209.5799,0.3742097650419148,0.6599230553462009,1.0,0.0,0.0,13.800005229709964
SE150_FL380,2022-03-01 02:00:00.000000000,8.096344276983887,53.889778721099525,11582.4,20645.82054068687,209.60056,0.37673995689720435,0.6643025077869185,1.0,0.0,0.0,13.800003953824296
SE150_FL380,2022-03-01 02:01:00.000000000,8.244254504314016,53.97820930879907,11582.4,20645.82054068687,209.63843,0.3788848358075489,0.6679309554185386,1.0,0.0,0.0,13.80000241982998
SE150_FL380,2022-03-01 02:02:00.000000000,8.392563906527803,54.06659069521786,11582.4,20645.82054068687,209.64932,0.38193716586736487,0.6732663518309682,1.0,0.0,0.0,13.800000635287429
SE150_FL380,2022-03-01 02:03:00.000000000,8.541295108844203,54.15491080390644,11582.4,20645.82054068687,209.6521,0.3853414744818209,0.6792557083553848,1.0,0.0,0.0,13.79999861068731
SE150_FL380,2022-03-01 02:04:00.000000000,8.690470887755579,54.24315747863636,11582.4,20645.82054068687,209.6401,0.38997556491703317,0.6874745012249939,1.0,0.0,0.0,13.799996359482744
SE150_FL380,2022-03-01 02:05:00.000000000,8.840114157964688,54.3313184807831,11582.4,20645.82054068687,209.65167,0.3938239963940921,0.6942112416436549,1.0,0.0,0.0,13.799993898086694
SE150_FL380,2022-03-01 02:06:00.000000000,8.990247959184734,54.41938148653517,11582.4,20645.82054068687,209.64806,0.3979146010151768,0.7014344281589298,1.0,0.0,0.0,13.799991245846577
SE150_FL380,2022-03-01 02:07:00.000000000,9.140895442771445,54.50733408395296,11582.4,20645.82054068687,209.63794,0.401803849202049,0.7083364361100515,1.0,0.0,0.0,13.799988424983786
SE150_FL380,2022-03-01 02:08:00.000000000,9.292079858154782,54.595163769900566,11582.4,20645.82054068687,209.64842,0.4045592422822104,0.713147456757231,1.0,0.0,0.0,13.799985460504125
SE150_FL380,2022-03-01 02:09:00.000000000,9.443824539036145,54.682857946874975,11582.4,20645.82054068687,209.64246,0.4075212257656252,0.718393461325444,1.0,0.0,0.0,13.79998238006007
SE150_FL380,2022-03-01 02:10:00.000000000,9.596152889316482,54.770403919756546,11582.4,20645.82054068687,209.63293,0.40997245718325026,0.7227571470181892,1.0,0.0,0.0,13.799979213805697
SE150_FL380,2022-03-01 02:11:00.000000000,9.749088368719127,54.85778889250587,11582.4,20645.82054068687,209.65031,0.4102979113760488,0.7232540113230536,1.0,0.0,0.0,13.79997599417574
SE150_FL380,2022-03-01 02:12:00.000000000,9.902654478070929,54.944999964831716,11582.4,20645.82054068687,209.66211,0.40988275366789867,0.7224720564293073,1.0,0.0,0.0,8.71787688339356
SE150_FL380,2022-03-01 02:12:37.904240283,10.0,55.0,11582.4,20645.82054068687,209.6459,0.4115850539932784,0.7255433770066949,1.0,0.0,0.0,0.0
GC0_FL380,2022-03-01 00:00:00.000000000,-10.000000000000002,45.00000000000001,11582.4,20645.82054068687,215.15063,0.16763020202081977,0.2852663242426103,1.0,0.0,0.0,13.800031261260088
GC0_FL380,2022-03-01 00:01:00.000000000,-9.876312021826006,45.08811854334467,11582.4,20645.82054068687,215.13478,0.16562262225951596,0.2818802048613438,1.0,0.0,0.0,13.800027623894355
GC0_FL380,2022-03-01 00:02:00.000000000,-9.752242252140906,45.176103215944366,11582.4,20645.82054068687,215.13185,0.16406566275348788,0.279236144303057,1.0,0.0,0.0,13.800023933454368
GC0_FL380,2022-03-01 00:03:00.000000000,-9.627788920452794,45.263953191638386,11582.4,20645.82054068687,215.12146,0.16165342235360183,0.2751494899038535,1.0,0.0,0.0,13.800020189682812
GC0_FL380,2022-03-01 00:04:00.000000000,-9.5029502525583,45.351667639156055,11582.4,20645.82054068687,215.07468,0.16046090125816523,0.27320616670635245,1.0,0.0,0.0,13.800016392336534
GC0_FL380,2022-03-01 00:05:00.000000000,-9.377724470626134,45.439245722091066,11582.4,20645.82054068687,215.04547,0.15942842624648781,0.2715012701603342,1.0,0.0,0.0,13.800012541176311
GC0_FL380,2022-03-01 00:06:00.000000000,-9.252109793282935,45.52668659887586,11582.4,20645.82054068687,215.00636,0.15879212133875095,0.27048878180688296,1.0,0.0,0.0,13.800008635971807
GC0_FL380,2022-03-01 00:07:00.000000000,-9.126104435701345,45.613989422756205,11582.4,20645.82054068687,214.95752,0.15831216386567754,0.2697599121070825,1.0,0.0,0.0,13.800004676501466
GC0_FL380,2022-03-01 00:08:00.000000000,-8.999706609690397,45.701153341765824,11582.4,20645.82054068687,214.891,0.15753261089818144,0.2685512442656983,1.0,0.0,0.0,13.800000662551579
GC0_FL380,2022-03-01 00:09:00.000000000,-8.872914523788092,45.7881774987011,11582.4,20645.82054068687,214.82643,0.1547652806882374,0.2639477675668319,1.0,0.0,0.0,13.799996593917113
GC0_FL380,2022-03-01 00:10:00.000000000,-8.745726383356452,45.87506103109597,11582.4,20645.82054068687,214.73239,0.15208941648367616,0.25954783572380163,1.0,0.0,0.0,13.799992470403737
GC0_FL380,2022-03-01 00:11:00.000000000,-8.618140390678803,45.96180307119685,11582.4,20645.82054068687,214.64752,0.15076689446322017,0.2574370954084157,1.0,0.0,0.0,13.799988291825057
GC0_FL380,2022-03-01 00:12:00.000000000,-8.490154745059604,46.04840274593778,11582.4,20645.82054068687,214.55853,0.15021050185539733,0.256638528510919,1.0,0.0,0.0,13.799984058004643
GC0_FL380,2022-03-01 00:13:00.000000000,-8.36176764292664,46.13485917691566,11582.4,20645.82054068687,214.49489,0.15102461657626418,0.25813892327543264,1.0,0.0,0.0,13.799979768777922
GC0_FL380,2022-03-01 00:14:00.000000000,-8.232977277935733,46.22117148036564,11582.4,20645.82054068687,214.44115,0.15106515169253001,0.2583008102887445,1.0,0.0,0.0,13.79997542398953
GC0_FL380,2022-03-01 00:15:00.000000000,-8.103781841077932,46.30733876713662,11582.4,20645.82054068687,214.50397,0.14812751821662404,0.2531719051115922,1.0,0.0,0.0,13.799971023496427
GC0_FL380,2022-03-01 00:16:00.000000000,-7.974179520789293,46.39336014266697,11582.4,20645.82054068687,214.58397,0.14445228039829,0.24675881782394993,1.0,0.0,0.0,13.799966567164596
GC0_FL380,2022-03-01 00:17:00.000000000,-7.844168503063274,46.47923470696041,11582.4,20645.82054068687,214.67361,0.14066648025005266,0.24014811607233164,1.0,0.0,0.0,13.8000335506074
GC0_FL380,2022-03-01 00:18:00.000000000,-7.713744387039283,46.56496062297613,11582.4,20645.82054068687,214.78207,0.13600759985429803,0.23202608806977956,1.0,0.0,0.0,13.800029833224963
GC0_FL380,2022-03-01 00:19:00.000000000,-7.582907908106713,46.65053789712994,11582.4,20645.82054068687,214.88748,0.1314726248913731,0.22413156945062734,1.0,0.0,0.0,13.800025836216795
GC0_FL380,2022-03-01 00:20:00.000000000,-7.451657253716138,46.73596561579989,11582.4,20645.82054068687,214.96341,0.12770145117449555,0.21759136812380772,1.0,0.0,0.0,13.800021784046535
GC0_FL380,2022-03-01 00:21:00.000000000,-7.319990601234423,46.82124285691214,11582.4,20645.82054068687,214.99236,0.12537554048708155,0.21358665263193397,1.0,0.0,0.0,13.800017676565119
GC0_FL380,2022-03-01 00:22:00.000000000,-7.187906126190921,46.90636869283971,11582.4,20645.82054068687,214.98099,0.123705332047147,0.21075759023276752,1.0,0.0,0.0,13.800013513633964
GC0_FL380,2022-03-01 00:23:00.000000000,-7.0554020024062,46.99134219037952,11582.4,20645.82054068687,214.9301,0.12273642764015733,0.20917782719110609,1.0,0.0,0.0,13.800009295126483
GC0_FL380,2022-03-01 00:24:00.000000000,-6.922476402123702,47.07616241072962,11582.4,20645.82054068687,214.85843,0.12312837755529542,0.20994735951674623,1.0,0.0,0.0,13.800005020927465
GC0_FL380,2022-03-01 00:25:00.000000000,-6.789127496144292,47.16082840946671,11582.4,20645.82054068687,214.77832,0.12352733903326692,0.21074072907863484,1.0,0.0,0.0,13.800000690938065
GC0_FL380,2022-03-01 00:26:00.000000000,-6.655353453963729,47.24533923652389,11582.4,20645.82054068687,214.67322,0.12664516358805655,0.21621171484624044,1.0,0.0,0.0,13.799996305067978
GC0_FL380,2022-03-01 00:27:00.000000000,-6.521152443913118,47.32969393616862,11582.4,20645.82054068687,214.57036,0.13149098948781687,0.2246383610747986,1.0,0.0,0.0,13.799991863244522
GC0_FL380,2022-03-01 00:28:00.000000000,-6.386522633302341,47.41389154698097,11582.4,20645.82054068687,214.46109,0.13727625244254288,0.23469240635008712,1.0,0.0,0.0,13.799987365406142
GC0_FL380,2022-03-01 00:29:00.000000000,-6.251462188566615,47.49793110183218,11582.4,20645.82054068687,214.35791,0.14326921196925527,0.24510611178326322,1.0,0.0,0.0,13.79998281150992
GC0_FL380,2022-03-01 00:30:00.000000000,-6.1159692754160595,47.58181162786344,11582.4,20645.82054068687,214.27687,0.1504324262716647,0.2574993912543937,1.0,0.0,0.0,13.799978201523881
GC0_FL380,2022-03-01 00:31:00.000000000,-5.980042058988454,47.66553214646499,11582.4,20645.82054068687,214.20789,0.1566798449259591,0.2683155335305463,1.0,0.0,0.0,13.799973535432741
GC0_FL380,2022-03-01 00:32:00.000000000,-5.84367870400512,47.74909167325553,11582.4,20645.82054068687,214.15523,0.16245745236688947,0.27830770504165525,1.0,0.0,0.0,13.799968813237534
GC0_FL380,2022-03-01 00:33:00.000000000,-5.70687737493005,47.832489218061895,11582.4,20645.82054068687,214.1498,0.1669680541985901,0.28604434262511136,1.0,0.0,0.0,13.799964034957233
GC0_FL380,2022-03-01 00:34:00.000000000,-5.569636236132259,47.91572378489917,11582.4,20645.82054068687,214.13094,0.17115145459841152,0.29324840818158143,1.0,0.0,0.0,13.800035855280361
GC0_FL380,2022-03-01 00:35:00.000000000,-5.431950681045849,47.9987933410855,11582.4,20645.82054068687,214.10265,0.17530310879386327,0.30041811620055964,1.0,0.0,0.0,13.80003208062314
GC0_FL380,2022-03-01 00:36:00.000000000,-5.2938216052343305,48.08169789082298,11582.4,20645.82054068687,214.08829,0.17741825576616685,0.3040718276221785,1.0,0.0,0.0,13.800027766635571
GC0_FL380,2022-03-01 00:37:00.000000000,-5.155247191271525,48.164436426955106,11582.4,20645.82054068687,214.04356,0.1803551531758369,0.30919639051299097,1.0,0.0,0.0,13.800023396612284
GC0_FL380,2022-03-01 00:38:00.000000000,-5.016225604851381,48.24700792994952,11582.4,20645.82054068687,213.97672,0.1848325040040496,0.31701201211226154,1.0,0.0,0.0,13.800018970545228
GC0_FL380,2022-03-01 00:39:00.000000000,-4.876755012439158,48.329411374367055,11582.4,20645.82054068687,213.90443,0.1868745746750629,0.32066720896553225,1.0,0.0,0.0,13.800014488442477
GC0_FL380,2022-03-01 00:40:00.000000000,-4.7368335814541895,48.411645728843965,11582.4,20645.82054068687,213.83282,0.19025832494727524,0.32662700937189043,1.0,0.0,0.0,13.800009950331221
GC0_FL380,2022-03-01 00:41:00.000000000,-4.596459480456218,48.493709956074575,11582.4,20645.82054068687,213.78918,0.18966899103468324,0.3257088741088737,1.0,0.0,0.0,13.800005356252322
GC0_FL380,2022-03-01 00:42:00.000000000,-4.455630879335287,48.57560301279429,11582.4,20645.82054068687,213.78697,0.18864136048246322,0.32394842212462366,1.0,0.0,0.0,13.800000706269127
GC0_FL380,2022-03-01 00:43:00.000000000,-4.314345949505185,48.6573238497631,11582.4,20645.82054068687,213.83188,0.1874627984817526,0.3218295961022047,1.0,0.0,0.0,13.799996000461707
GC0_FL380,2022-03-01 00:44:00.000000000,-4.172602864100605,48.73887141174949,11582.4,20645.82054068687,213.90044,0.18624932329439786,0.3196025831366265,1.0,0.0,0.0,13.799991238929968
GC0_FL380,2022-03-01 00:45:00.000000000,-4.030399798177934,48.8202446375148,11582.4,20645.82054068687,214.00372,0.1828523154691621,0.3135595513608461,1.0,0.0,0.0,13.79998642179239
GC0_FL380,2022-03-01 00:46:00.000000000,-3.8877349289197967,48.901442459798034,11582.4,20645.82054068687,214.15273,0.17695459830830795,0.3031471890682722,1.0,0.0,0.0,13.799981549189066
GC0_FL380,2022-03-01 00:47:00.000000000,-3.744606435843342,48.98246380530123,11582.4,20645.82054068687,214.29178,0.17135635858568168,0.2932871848381287,1.0,0.0,0.0,13.799976621281434
GC0_FL380,2022-03-01 00:48:00.000000000,-3.601012501012314,49.06330759467523,11582.4,20645.82054068687,214.42523,0.16701189598442392,0.28559798080878046,1.0,0.0,0.0,13.799971638251657
GC0_FL380,2022-03-01 00:49:00.000000000,-3.456951309253031,49.14397274250603,11582.4,20645.82054068687,214.53542,0.16366767569191645,0.2796738734705151,1.0,0.0,0.0,13.799966600302653
GC0_FL380,2022-03-01 00:50:00.000000000,-3.312421048374104,49.22445815730157,11582.4,20645.82054068687,214.6045,0.16178023186472598,0.27632166284203075,1.0,0.0,0.0,13.799961507663523
GC0_FL380,2022-03-01 00:51:00.000000000,-3.1674199093902,49.304762741479145,11582.4,20645.82054068687,214.63417,0.16190714920726912,0.2764840549339128,1.0,0.0,0.0,13.80003811560671
GC0_FL380,2022-03-01 00:52:00.000000000,-3.021943131385752,49.3848842512864,11582.4,20645.82054068687,214.6396,0.16338314603356852,0.2789939832145831,1.0,0.0,0.0,13.80003431143209
GC0_FL380,2022-03-01 00:53:00.000000000,-2.875991817593982,49.46482269242153,11582.4,20645.82054068687,214.61192,0.1650309416354138,0.2818594547536969,1.0,0.0,0.0,13.80002967563927
GC0_FL380,2022-03-01 00:54:00.000000000,-2.7295641981544376,49.54457695964448,11582.4,20645.82054068687,214.56386,0.16637966694577982,0.2842544840448032,1.0,0.0,0.0,13.800024984324816
GC0_FL380,2022-03-01 00:55:00.000000000,-2.582658479303576,49.62414593078313,11582.4,20645.82054068687,214.50587,0.16763895227135436,0.2865161027090966,1.0,0.0,0.0,13.800020237683322
GC0_FL380,2022-03-01 00:56:00.000000000,-2.435272871668278,49.703528477519875,11582.4,20645.82054068687,214.45465,0.16800650031795183,0.28724268730852,1.0,0.0,0.0,13.800015435926571
GC0_FL380,2022-03-01 00:57:00.000000000,-2.2874055905140325,49.78272346538261,11582.4,20645.82054068687,214.41176,0.16704303386947633,0.2856773520346944,1.0,0.0,0.0,13.800010579292724
GC0_FL380,2022-03-01 00:58:00.000000000,-2.139054855997014,49.86172975373617,11582.4,20645.82054068687,214.38568,0.16521186651102934,0.28259414118269927,1.0,0.0,0.0,13.80000566804335
GC0_FL380,2022-03-01 00:59:00.000000000,-1.990218893420634,49.940546195774644,11582.4,20645.82054068687,214.3475,0.16394386510196182,0.2804962453140847,1.0,0.0,0.0,13.800000702464757
GC0_FL380,2022-03-01 01:00:00.000000000,-1.840895933496165,50.01917163851421,11582.4,20645.82054068687,214.33434,0.16150966962685773,0.2763553464345384,1.0,0.0,0.0,13.799995682868577
GC0_FL380,2022-03-01 01:01:00.000000000,-1.6910842126076457,50.09760492278672,11582.4,20645.82054068687,214.32129,0.15917598462632007,0.2723858135031451,1.0,0.0,0.0,13.799990609591623
GC0_FL380,2022-03-01 01:02:00.000000000,-1.540781973081079,50.17584488323394,11582.4,20645.82054068687,214.2943,0.15784342046319566,0.2701546119687637,1.0,0.0,0.0,13.799985482999908
GC0_FL380,2022-03-01 01:03:00.000000000,-1.3899874634580285,50.2538903483026,11582.4,20645.82054068687,214.26462,0.15689550096476707,0.2685841819158538,1.0,0.0,0.0,13.799980303483485
GC0_FL380,2022-03-01 01:04:00.000000000,-1.2386989387734455,50.33174014024005,11582.4,20645.82054068687,214.24333,0.15567085965899355,0.2665257934890816,1.0,0.0,0.0,13.799975071460995
GC0_FL380,2022-03-01 01:05:00.000000000,-1.0869146608380469,50.409393075090854,11582.4,20645.82054068687,214.17403,0.15750209528460105,0.26978492436510954,1.0,0.0,0.0,13.799969787382079
GC0_FL380,2022-03-01 01:06:00.000000000,-0.9346328985249368,50.48684796269396,11582.4,20645.82054068687,214.10922,0.1593818935941047,0.27312152250631716,1.0,0.0,0.0,13.799964451722667
GC0_FL380,2022-03-01 01:07:00.000000000,-0.7818519280607622,50.56410360668077,11582.4,20645.82054068687,214.03978,0.16159074567805534,0.2770337409116993,1.0,0.0,0.0,13.79995906498832
GC0_FL380,2022-03-01 01:08:00.000000000,-0.6285700333214097,50.64115880447403,11582.4,20645.82054068687,213.94833,0.16526005086288348,0.28349530446717486,1.0,0.0,0.0,13.800040250558894
GC0_FL380,2022-03-01 01:09:00.000000000,-0.47478237482134333,50.71801108774824,11582.4,20645.82054068687,213.8602,0.169290093893831,0.2905769760621665,1.0,0.0,0.0,13.800036449888243
GC0_FL380,2022-03-01 01:10:00.000000000,-0.3204903233010431,50.79466047002034,11582.4,20645.82054068687,213.75455,0.17401837221484884,0.2989007018630595,1.0,0.0,0.0,13.800031495581349
GC0_FL380,2022-03-01 01:11:00.000000000,-0.16569222733307076,50.87110574593124,11582.4,20645.82054068687,213.63704,0.1795751981848079,0.3086829107994313,1.0,0.0,0.0,13.80002648819227
GC0_FL380,2022-03-01 01:12:00.000000000,-0.01038640460530521,50.94734568796158,11582.4,20645.82054068687,213.51808,0.1856952529261492,0.3194518880694856,1.0,0.0,0.0,13.800021428178642
GC0_FL380,2022-03-01 01:13:00.000000000,0.14542881799142826,51.02337906239046,11582.4,20645.82054068687,213.4378,0.18953740757112794,0.32623182337216833,1.0,0.0,0.0,13.800016316031584
GC0_FL380,2022-03-01 01:14:00.000000000,0.30175510404023853,51.099204629299564,11582.4,20645.82054068687,213.3747,0.19266770431419158,0.3317564467351524,1.0,0.0,0.0,13.80001115226905
GC0_FL380,2022-03-01 01:15:00.000000000,0.45859410727043437,51.17482114257816,11582.4,20645.82054068687,213.33267,0.19471552033878212,0.3353732583637429,1.0,0.0,0.0,13.8000059374454
GC0_FL380,2022-03-01 01:16:00.000000000,0.6159474712251815,51.25022734992915,11582.4,20645.82054068687,213.32233,0.19484427617667652,0.33561848251934445,1.0,0.0,0.0,13.800000672141353
GC0_FL380,2022-03-01 01:17:00.000000000,0.7738168289243615,51.325421992876,11582.4,20645.82054068687,213.32806,0.19447442244883092,0.3349691746448463,1.0,0.0,0.0,13.7999953569759
GC0_FL380,2022-03-01 01:18:00.000000000,0.932203802522942,51.400403806770754,11582.4,20645.82054068687,213.30229,0.19555022147145942,0.33687776379806755,1.0,0.0,0.0,13.799989992598045
GC0_FL380,2022-03-01 01:19:00.000000000,1.0911100029643799,51.47517152080301,11582.4,20645.82054068687,213.25803,0.19731198388270205,0.340011312789772,1.0,0.0,0.0,13.79998457969091
GC0_FL380,2022-03-01 01:20:00.000000000,1.2505370296295943,51.549723858009905,11582.4,20645.82054068687,213.20409,0.19955080731521152,0.34398965696255546,1.0,0.0,0.0,13.799979118975191
GC0_FL380,2022-03-01 01:21:00.000000000,1.410486469980993,51.62405953528727,11582.4,20645.82054068687,213.00728,0.2087133516822833,0.36024250145023967,1.0,0.0,0.0,13.799973611204168
GC0_FL380,2022-03-01 01:22:00.000000000,1.570959899201897,51.698177263401696,11582.4,20645.82054068687,212.78757,0.21926203472077593,0.3789877313200967,1.0,0.0,0.0,13.799968057170684
GC0_FL380,2022-03-01 01:23:00.000000000,1.7319588798311787,51.77207574700383,11582.4,20645.82054068687,212.55956,0.23124243108017245,0.40028125085874405,1.0,0.0,0.0,13.799962457699413
GC0_FL380,2022-03-01 01:24:00.000000000,1.8934849613930664,51.84575368464275,11582.4,20645.82054068687,212.2895,0.2475897888655255,0.4293188738184097,1.0,0.0,0.0,13.799956813657149
GC0_FL380,2022-03-01 01:25:00.000000000,2.055539680022396,51.91920976878139,11582.4,20645.82054068687,212.02527,0.26523446797111605,0.4606892562263072,1.0,0.0,0.0,13.800042154299087
GC0_FL380,2022-03-01 01:26:00.000000000,2.2181278486239693,51.99244129650124,11582.4,20645.82054068687,211.77359,0.28383558524093594,0.4937846595529079,1.0,0.0,0.0,13.800038395347975
GC0_FL380,2022-03-01 01:27:00.000000000,2.381247755746821,52.06544829902248,11582.4,20645.82054068687,211.58597,0.30101021938444333,0.5242823694188307,1.0,0.0,0.0,13.800033137066887
GC0_FL380,2022-03-01 01:28:00.000000000,2.5449008423555197,52.13822947261712,11582.4,20645.82054068687,211.44397,0.31626083588837306,0.5513380148012716,1.0,0.0,0.0,13.800027830685213
GC0_FL380,2022-03-01 01:29:00.000000000,2.7090885869023626,52.210783485473385,11582.4,20645.82054068687,211.35675,0.3283472916124884,0.57272359489494,1.0,0.0,0.0,13.800022477008898
GC0_FL380,2022-03-01 01:30:00.000000000,2.873812452494847,52.283108999789214,11582.4,20645.82054068687,211.33768,0.3356995441039675,0.585617347157769,1.0,0.0,0.0,13.800017076881304
GC0_FL380,2022-03-01 01:31:00.000000000,3.039073886492103,52.35520467179508,11582.4,20645.82054068687,211.35207,0.34062877822327,0.5941623444615977,1.0,0.0,0.0,13.8000116311833
GC0_FL380,2022-03-01 01:32:00.000000000,3.204874320096632,52.42706915177804,11582.4,20645.82054068687,211.41608,0.3415478901630049,0.595525798505826,1.0,0.0,0.0,13.80000614083744
GC0_FL380,2022-03-01 01:33:00.000000000,3.3712151679413354,52.498701084107154,11582.4,20645.82054068687,211.52795,0.33888833646750055,0.5904732618652707,1.0,0.0,0.0,13.800000606803097
GC0_FL380,2022-03-01 01:34:00.000000000,3.538097827671728,52.57009910726018,11582.4,20645.82054068687,211.645,0.3363765298248441,0.5856649138024155,1.0,0.0,0.0,13.799995030082775
GC0_FL380,2022-03-01 01:35:00.000000000,3.705523679523632,52.64126185385161,11582.4,20645.82054068687,211.76183,0.3329783352526948,0.5793215752053589,1.0,0.0,0.0,13.799989411721297
GC0_FL380,2022-03-01 01:36:00.000000000,3.8734940858960045,52.71218795066221,11582.4,20645.82054068687,211.86664,0.33009183119279795,0.5739176464176393,1.0,0.0,0.0,13.799983752801687
GC0_FL380,2022-03-01 01:37:00.000000000,4.04201039091922,52.78287601866978,11582.4,20645.82054068687,211.94261,0.32846057880624124,0.5708077068526699,1.0,0.0,0.0,13.799978054452163
GC0_FL380,2022-03-01 01:38:00.000000000,4.211073920018708,52.853324673081396,11582.4,20645.82054068687,211.95616,0.3289645873135297,0.5716340009388652,1.0,0.0,0.0,13.799972317845754
GC0_FL380,2022-03-01 01:39:00.000000000,4.380685979473958,52.92353252336716,11582.4,20645.82054068687,211.95612,0.32988773893430534,0.5732380905948208,1.0,0.0,0.0,13.79996654419649
GC0_FL380,2022-03-01 01:40:00.000000000,4.550847855972988,52.993498173295265,11582.4,20645.82054068687,211.92053,0.33203733312989536,0.5771038313154999,1.0,0.0,0.0,13.799960734763747
GC0_FL380,2022-03-01 01:41:00.000000000,4.72156081616213,53.06322022096875,11582.4,20645.82054068687,211.81218,0.3363670424472324,0.5850300443909814,1.0,0.0,0.0,13.799954890854742
GC0_FL380,2022-03-01 01:42:00.000000000,4.892826106191535,53.13269725886355,11582.4,20645.82054068687,211.70047,0.3405057198318758,0.5926469766683938,1.0,0.0,0.0,13.80004369387429
GC0_FL380,2022-03-01 01:43:00.000000000,5.064648373766797,53.201926344915194,11582.4,20645.82054068687,211.58186,0.34428037834451547,0.5996653411660585,1.0,0.0,0.0,13.800040019521948
GC0_FL380,2022-03-01 01:44:00.000000000,5.237025480446346,53.270907542595175,11582.4,20645.82054068687,211.45045,0.3477594466474845,0.6062247230787247,1.0,0.0,0.0,13.800034486742401
GC0_FL380,2022-03-01 01:45:00.000000000,5.409958542016128,53.339639456889614,11582.4,20645.82054068687,211.2991,0.3504741078472315,0.6115373812740295,1.0,0.0,0.0,13.800028914083532
GC0_FL380,2022-03-01 01:46:00.000000000,5.583448717588524,53.40812065808024,11582.4,20645.82054068687,211.14037,0.3526524799979965,0.6159514434408114,1.0,0.0,0.0,13.80002330277767
GC0_FL380,2022-03-01 01:47:00.000000000,5.757497143428711,53.47634971103695,11582.4,20645.82054068687,210.9814,0.3547961464020886,0.6203089057014016,1.0,0.0,0.0,13.800017654102959
GC0_FL380,2022-03-01 01:48:00.000000000,5.932104932473757,53.54432517526539,11582.4,20645.82054068687,210.80962,0.35594403595641344,0.6229831297240689,1.0,0.0,0.0,13.800011969384423
GC0_FL380,2022-03-01 01:49:00.000000000,6.10727317384737,53.612045604956435,11582.4,20645.82054068687,210.6311,0.35642704287361676,0.6245184308289896,1.0,0.0,0.0,13.800006249993439
GC0_FL380,2022-03-01 01:50:00.000000000,6.283002932370696,53.679509549037114,11582.4,20645.82054068687,210.45428,0.3568555560340815,0.6259548484712194,1.0,0.0,0.0,13.800000497350158
GC0_FL380,2022-03-01 01:51:00.000000000,6.459295248068937,53.746715551223396,11582.4,20645.82054068687,210.27167,0.35766328610645315,0.6280784791276478,1.0,0.0,0.0,13.799994712920459
GC0_FL380,2022-03-01 01:52:00.000000000,6.636151135673946,53.81366215007467,11582.4,20645.82054068687,210.09854,0.35801345810264784,0.6293634171620562,1.0,0.0,0.0,13.799988898221487
GC0_FL380,2022-03-01 01:53:00.000000000,6.8135715841229665,53.88034787904993,11582.4,20645.82054068687,209.93944,0.3588055530554755,0.6313727693841993,1.0,0.0,0.0,13.799983054817007
GC0_FL380,2022-03-01 01:54:00.000000000,6.991557556053451,53.94677126656574,11582.4,20645.82054068687,209.8074,0.3605998290780909,0.6350414895767558,1.0,0.0,0.0,13.79997718432221
GC0_FL380,2022-03-01 01:55:00.000000000,7.170109987294104,54.01293083605608,11582.4,20645.82054068687,209.70369,0.3624003734247265,0.6386168915598349,1.0,0.0,0.0,13.799971288402922
GC0_FL380,2022-03-01 01:56:00.000000000,7.349229786352257,54.07882510603384,11582.4,20645.82054068687,209.63147,0.36482018256334814,0.6431634910632876,1.0,0.0,0.0,13.799965368775869
GC0_FL380,2022-03-01 01:57:00.000000000,7.5289178338974985,54.144452590154366,11582.4,20645.82054068687,209.56673,0.3678089240876408,0.6486866159896038,1.0,0.0,0.0,13.799959427205792
GC0_FL380,2022-03-01 01:58:00.000000000,7.709174982241969,54.20981179728059,11582.4,20645.82054068687,209.5253,0.3705504034204458,0.6536880264023192,1.0,0.0,0.0,13.799953465513312
GC0_FL380,2022-03-01 01:59:00.000000000,7.890002054816966,54.2749012315503,11582.4,20645.82054068687,209.51381,0.3734121513510785,0.6587807803984962,1.0,0.0,0.0,13.800044709298199
GC0_FL380,2022-03-01 02:00:00.000000000,8.07140336006643,54.3397177150441,11582.4,20645.82054068687,209.50484,0.37659472754210066,0.6644344133346938,1.0,0.0,0.0,13.800041165932434
GC0_FL380,2022-03-01 02:01:00.000000000,8.253376235746266,54.4042613638653,11582.4,20645.82054068687,209.51308,0.3793181009974035,0.6692039907357017,1.0,0.0,0.0,13.80003540717797
GC0_FL380,2022-03-01 02:02:00.000000000,8.435921335887098,54.46853070587913,11582.4,20645.82054068687,209.52934,0.38304595232846905,0.6757162174656368,1.0,0.0,0.0,13.800029620699759
GC0_FL380,2022-03-01 02:03:00.000000000,8.61903936252284,54.532524226953534,11582.4,20645.82054068687,209.54214,0.3877489008420917,0.683958423335269,1.0,0.0,0.0,13.800023808234585
GC0_FL380,2022-03-01 02:04:00.000000000,8.802730986129248,54.5962404085977,11582.4,20645.82054068687,209.55342,0.3925853071846254,0.6924402116679375,1.0,0.0,0.0,13.80001797157137
GC0_FL380,2022-03-01 02:05:00.000000000,8.986996845082029,54.659677728041075,11582.4,20645.82054068687,209.55878,0.39741213506098255,0.7009302510615835,1.0,0.0,0.0,13.80001211255036
GC0_FL380,2022-03-01 02:06:00.000000000,9.171837545112288,54.72283465831418,11582.4,20645.82054068687,209.56996,0.40251268796160056,0.7098797153798563,1.0,0.0,0.0,13.800006233064313
GC0_FL380,2022-03-01 02:07:00.000000000,9.357253658759396,54.785709668331585,11582.4,20645.82054068687,209.5766,0.4070134948252943,0.7177887279761117,1.0,0.0,0.0,13.800000335060249
GC0_FL380,2022-03-01 02:08:00.000000000,9.543245724821515,54.84830122297688,11582.4,20645.82054068687,209.59369,0.40974713979889316,0.7225361621881926,1.0,0.0,0.0,13.79999442053751
GC0_FL380,2022-03-01 02:09:00.000000000,9.729814247803706,54.91060778318973,11582.4,20645.82054068687,209.62573,0.4105187243274311,0.7237541243005231,1.0,0.0,0.0,13.799988491549682
GC0_FL380,2022-03-01 02:10:00.000000000,9.916959697363977,54.97262780605501,11582.4,20645.82054068687,209.65463,0.41029738081145717,0.7232347627017359,1.0,0.0,0.0,6.1100550360113415
GC0_FL380,2022-03-01 02:10:26.566305980,10.0,55.0,11582.4,20645.82054068687,209.6561,0.4110874844347434,0.7246235236878862,1.0,0.0,0.0,0.0
NW150_FL380,2022-03-01 00:00:00.000000000,-10.000000000000002,45.00000000000001,11582.4,20645.82054068687,215.15063,0.16763020202081977,0.2852663242426103,1.0,0.0,0.0,13.800014615529586
NW150_FL380,2022-03-01 00:01:00.000000000,-9.911943680217473,45.10739059751919,11582.4,20645.82054068687,215.22467,0.16250122941068437,0.27639967385109154,1.0,0.0,0.0,13.800013510743517
NW150_FL380,2022-03-01 00:02:00.000000000,-9.823535417039643,45.21470503205091,11582.4,20645.82054068687,215.30849,0.1578773365953425,0.2683830515271334,1.0,0.0,0.0,13.800012336604626
NW150_FL380,2022-03-01 00:03:00.000000000,-9.734752775491534,45.32193450949788,11582.4,20645.82054068687,215.36255,0.15444874799021968,0.26245835047842464,1.0,0.0,0.0,13.800011102228465
NW150_FL380,2022-03-01 00:04:00.000000000,-9.64557321962325,45.4290701602766,11582.4,20645.82054068687,215.39198,0.15093337772813026,0.25643386558105374,1.0,0.0,0.0,13.800009817596628
NW150_FL380,2022-03-01 00:05:00.000000000,-9.555974120765597,45.53610303447345,11582.4,20645.82054068687,215.41267,0.14796365390216554,0.2513523741925931,1.0,0.0,0.0,13.800008493466299
NW150_FL380,2022-03-01 00:06:00.000000000,-9.465932766099801,45.64302409705574,11582.4,20645.82054068687,215.41971,0.14585537326229814,0.2477590489661791,1.0,0.0,0.0,13.8000071412585
NW150_FL380,2022-03-01 00:07:00.000000000,-9.37542636757764,45.74982422315823,11582.4,20645.82054068687,215.43073,0.1437267950108362,0.24412601761798106,1.0,0.0,0.0,13.800005772917848
NW150_FL380,2022-03-01 00:08:00.000000000,-9.284432071228174,45.85649419346592,11582.4,20645.82054068687,215.40213,0.1411544996699203,0.23980268329512297,1.0,0.0,0.0,13.800004400762623
NW150_FL380,2022-03-01 00:09:00.000000000,-9.192926966886413,45.96302468971482,11582.4,20645.82054068687,215.35995,0.1383009554575686,0.23502250532543356,1.0,0.0,0.0,13.800003037318143
NW150_FL380,2022-03-01 00:10:00.000000000,-9.100888098379096,46.069406290332594,11582.4,20645.82054068687,215.29752,0.13549013865491347,0.2303431339450481,1.0,0.0,0.0,13.800001695131416
NW150_FL380,2022-03-01 00:11:00.000000000,-9.008292474201193,46.175629466241716,11582.4,20645.82054068687,215.23083,0.13303903543964468,0.22627761585945871,1.0,0.0,0.0,13.800000386583605
NW150_FL380,2022-03-01 00:12:00.000000000,-8.915117078716126,46.2816845768484,11582.4,20645.82054068687,215.17987,0.13030467754089725,0.2217031720315286,1.0,0.0,0.0,13.799999123681374
NW150_FL380,2022-03-01 00:13:00.000000000,-8.82133888391088,46.38756186624089,11582.4,20645.82054068687,215.16052,0.12750618891298773,0.21697047913912007,1.0,0.0,0.0,13.799997917859939
NW150_FL380,2022-03-01 00:14:00.000000000,-8.726934861735826,46.49325145962168,11582.4,20645.82054068687,215.15276,0.12496162479035304,0.21265168707457147,1.0,0.0,0.0,13.799996779771385
NW150_FL380,2022-03-01 00:15:00.000000000,-8.631881997057086,46.59874335999853,11582.4,20645.82054068687,215.22601,0.12103192482431296,0.20586215034261449,1.0,0.0,0.0,13.799995719077321
NW150_FL380,2022-03-01 00:16:00.000000000,-8.536157301247139,46.70402744515966,11582.4,20645.82054068687,215.31128,0.11685830010746115,0.19864927909791172,1.0,0.0,0.0,13.79999474425429
NW150_FL380,2022-03-01 00:17:00.000000000,-8.439737826436936,46.809093464959474,11582.4,20645.82054068687,215.41388,0.11243698781650623,0.19100037034004605,1.0,0.0,0.0,13.799993862396043
NW150_FL380,2022-03-01 00:18:00.000000000,-8.342600680450126,46.91393103894103,11582.4,20645.82054068687,215.51897,0.1079831729987771,0.1833041617349434,1.0,0.0,0.0,13.799993079039334
NW150_FL380,2022-03-01 00:19:00.000000000,-8.244723042436963,47.01852965432236,11582.4,20645.82054068687,215.60883,0.10386285810238101,0.1762018718812397,1.0,0.0,0.0,13.79999239800333
NW150_FL380,2022-03-01 00:20:00.000000000,-8.146082179222427,47.12287866437407,11582.4,20645.82054068687,215.64249,0.10096876823812552,0.17125277996006236,1.0,0.0,0.0,13.799991821243808
NW150_FL380,2022-03-01 00:21:00.000000000,-8.046655462379125,47.22696728721557,11582.4,20645.82054068687,215.6674,0.09814732435154803,0.16643896358136798,1.0,0.0,0.0,13.79999134873503
NW150_FL380,2022-03-01 00:22:00.000000000,-7.946420386032092,47.33078460505782,11582.4,20645.82054068687,215.68372,0.09615280338978621,0.16303816145272063,1.0,0.0,0.0,13.799990978379531
NW150_FL380,2022-03-01 00:23:00.000000000,-7.845354585398439,47.434319563920425,11582.4,20645.82054068687,215.69356,0.09436593461548426,0.1599978423566845,1.0,0.0,0.0,13.799990705942896
NW150_FL380,2022-03-01 00:24:00.000000000,-7.743435856059993,47.537560973850695,11582.4,20645.82054068687,215.69885,0.09278370035285632,0.1573096571908157,1.0,0.0,0.0,13.799990525026583
NW150_FL380,2022-03-01 00:25:00.000000000,-7.640642173962943,47.64049750967218,11582.4,20645.82054068687,215.71735,0.09140403377422608,0.15495071986649459,1.0,0.0,0.0,13.799990427059264
NW150_FL380,2022-03-01 00:26:00.000000000,-7.536951716133178,47.743117712289695,11582.4,20645.82054068687,215.73022,0.08997662802089511,0.15251759375828705,1.0,0.0,0.0,13.799990401351167
NW150_FL380,2022-03-01 00:27:00.000000000,-7.432342882090881,47.84540999057738,11582.4,20645.82054068687,215.75366,0.08870195578570819,0.15033288546687848,1.0,0.0,0.0,13.799990435152703
NW150_FL380,2022-03-01 00:28:00.000000000,-7.32679431594254,47.94736262387532,11582.4,20645.82054068687,215.79004,0.08714265632031638,0.1476532646281711,1.0,0.0,0.0,13.799990513782763
NW150_FL380,2022-03-01 00:29:00.000000000,-7.220284929122936,48.04896376511957,11582.4,20645.82054068687,215.8382,0.08553948017063955,0.14488954560496622,1.0,0.0,0.0,13.799990620759637
NW150_FL380,2022-03-01 00:30:00.000000000,-7.112793923753648,48.15020144462874,11582.4,20645.82054068687,215.89534,0.08399522884027293,0.14221778596715628,1.0,0.0,0.0,13.799990738007454
NW150_FL380,2022-03-01 00:31:00.000000000,-7.00430081657882,48.251063574569415,11582.4,20645.82054068687,215.96371,0.08229480917224097,0.13927376748262235,1.0,0.0,0.0,13.799990846062991
NW150_FL380,2022-03-01 00:32:00.000000000,-6.894785463432784,48.351537954120296,11582.4,20645.82054068687,216.06082,0.08144314695286191,0.13774047091580655,1.0,0.0,0.0,13.79999092434128
NW150_FL380,2022-03-01 00:33:00.000000000,-6.784228084187853,48.45161227535354,11582.4,20645.82054068687,216.17554,0.08050503011426868,0.13604659316858833,1.0,0.0,0.0,13.79999095142065
NW150_FL380,2022-03-01 00:34:00.000000000,-6.672609288124424,48.55127412984912,11582.4,20645.82054068687,216.26465,0.0805218479875225,0.1359914819095768,1.0,0.0,0.0,13.799990905357314
NW150_FL380,2022-03-01 00:35:00.000000000,-6.559910099659522,48.650511016055766,11582.4,20645.82054068687,216.33699,0.08024674203175847,0.13545938425610773,1.0,0.0,0.0,13.799990764032621
NW150_FL380,2022-03-01 00:36:00.000000000,-6.446111984363311,48.74931034740906,11582.4,20645.82054068687,216.4093,0.07928681910865149,0.1337717530952638,1.0,0.0,0.0,13.799990505510175
NW150_FL380,2022-03-01 00:37:00.000000000,-6.331196875187807,48.84765946121438,11582.4,20645.82054068687,216.43016,0.0791585421622213,0.13353614815785536,1.0,0.0,0.0,13.799990108416592
NW150_FL380,2022-03-01 00:38:00.000000000,-6.215147198825244,48.94554562829887,11582.4,20645.82054068687,216.45438,0.07898875762722132,0.1332273447470435,1.0,0.0,0.0,13.799989552329267
NW150_FL380,2022-03-01 00:39:00.000000000,-6.097945902109083,49.04295606343325,11582.4,20645.82054068687,216.47813,0.0794160695773374,0.13392596349777508,1.0,0.0,0.0,13.799988818168638
NW150_FL380,2022-03-01 00:40:00.000000000,-5.979576478364332,49.13987793652022,11582.4,20645.82054068687,216.52275,0.07963455036640273,0.1342529820733995,1.0,0.0,0.0,13.799987888596085
NW150_FL380,2022-03-01 00:41:00.000000000,-5.860022993609616,49.23629838454239,11582.4,20645.82054068687,216.58015,0.07948900712894232,0.13395416430686632,1.0,0.0,0.0,13.799986748391927
NW150_FL380,2022-03-01 00:42:00.000000000,-5.739270112508919,49.33220452425832,11582.4,20645.82054068687,216.67448,0.07871935182693039,0.13257042463260862,1.0,0.0,0.0,13.799985384831924
NW150_FL380,2022-03-01 00:43:00.000000000,-5.617303123966524,49.42758346563079,11582.4,20645.82054068687,216.76305,0.0781809987767821,0.13158252277105098,1.0,0.0,0.0,13.799983788033904
NW150_FL380,2022-03-01 00:44:00.000000000,-5.4941079662560375,49.52242232596687,11582.4,20645.82054068687,216.84723,0.0772976998466831,0.13001917140171065,1.0,0.0,0.0,13.799981951284067
NW150_FL380,2022-03-01 00:45:00.000000000,-5.369671251570929,49.61670824474481,11582.4,20645.82054068687,216.90295,0.07678557964715417,0.129107711182881,1.0,0.0,0.0,13.799979871326002
NW150_FL380,2022-03-01 00:46:00.000000000,-5.243980289882591,49.710428399097715,11582.4,20645.82054068687,216.95776,0.07627966507299956,0.12820783615750728,1.0,0.0,0.0,13.799977548611706
NW150_FL380,2022-03-01 00:47:00.000000000,-5.117023111990287,49.803570019919526,11582.4,20645.82054068687,216.96771,0.07608560653914778,0.12787310857794867,1.0,0.0,0.0,13.799974987505227
NW150_FL380,2022-03-01 00:48:00.000000000,-4.988788491647018,49.896120408553536,11582.4,20645.82054068687,216.94844,0.07628558718659945,0.12822641218073993,1.0,0.0,0.0,13.799972196443608
NW150_FL380,2022-03-01 00:49:00.000000000,-4.85926596664584,49.98806695401959,11582.4,20645.82054068687,216.92253,0.07746409330948222,0.13023084252557607,1.0,0.0,0.0,13.79996918802526
NW150_FL380,2022-03-01 00:50:00.000000000,-4.728445858752139,50.079397150730635,11582.4,20645.82054068687,216.86072,0.07858882711633422,0.13217848567910562,1.0,0.0,0.0,13.799965979069924
NW150_FL380,2022-03-01 00:51:00.000000000,-4.596319292369935,50.17009861664571,11582.4,20645.82054068687,216.79668,0.07931480055726017,0.133459274779027,1.0,0.0,0.0,13.799962590579305
NW150_FL380,2022-03-01 00:52:00.000000000,-4.462878211833166,50.26015911180118,11582.4,20645.82054068687,216.72855,0.0801828485790493,0.13498417217568426,1.0,0.0,0.0,13.799959047664926
NW150_FL380,2022-03-01 00:53:00.000000000,-4.328115397217069,50.34956655715893,11582.4,20645.82054068687,216.64017,0.08136301192026116,0.1370549300268985,1.0,0.0,0.0,13.799955379398677
NW150_FL380,2022-03-01 00:54:00.000000000,-4.192024478569649,50.43830905370571,11582.4,20645.82054068687,216.55663,0.0824637457302598,0.13899008358503395,1.0,0.0,0.0,13.799951618596008
NW150_FL380,2022-03-01 00:55:00.000000000,-4.05459994846935,50.526374901734854,11582.4,20645.82054068687,216.48958,0.08362634208133957,0.1410149543395915,1.0,0.0,0.0,13.799947801542151
NW150_FL380,2022-03-01 00:56:00.000000000,-3.915837172821923,50.61375262023863,11582.4,20645.82054068687,216.43942,0.08469605984839855,0.14286848946083008,1.0,0.0,0.0,13.799961634315533
NW150_FL380,2022-03-01 00:57:00.000000000,-3.775730534366871,50.70042998100058,11582.4,20645.82054068687,216.38536,0.08573389841022386,0.14467345713929855,1.0,0.0,0.0,13.800015187556577
NW150_FL380,2022-03-01 00:58:00.000000000,-3.634272966085093,50.78639370865784,11582.4,20645.82054068687,216.37349,0.08678670154857711,0.14646180715983756,1.0,0.0,0.0,13.800009923240955
NW150_FL380,2022-03-01 00:59:00.000000000,-3.491468425213449,50.87163617748502,11582.4,20645.82054068687,216.38835,0.08747930680990491,0.1476153169843118,1.0,0.0,0.0,13.800004456466626
NW150_FL380,2022-03-01 01:00:00.000000000,-3.3473158711349957,50.956146985350514,11582.4,20645.82054068687,216.3942,0.08802862081201962,0.14853635684645156,1.0,0.0,0.0,13.799998839363584
NW150_FL380,2022-03-01 01:01:00.000000000,-3.201815162333295,51.03991604591398,11582.4,20645.82054068687,216.43547,0.08799860451769496,0.14844288354675342,1.0,0.0,0.0,13.799993126409735
NW150_FL380,2022-03-01 01:02:00.000000000,-3.0549670550937402,51.122933607024926,11582.4,20645.82054068687,216.50671,0.08749933315937371,0.1475280664887197,1.0,0.0,0.0,13.799987373795798
NW150_FL380,2022-03-01 01:03:00.000000000,-2.9067732000863327,51.20519026867862,11582.4,20645.82054068687,216.54959,0.08709776348870495,0.14680753251029244,1.0,0.0,0.0,13.799981638763203
NW150_FL380,2022-03-01 01:04:00.000000000,-2.75723613682413,51.28667700045241,11582.4,20645.82054068687,216.58168,0.08680556383589717,0.14628215666114405,1.0,0.0,0.0,13.799975978917063
NW150_FL380,2022-03-01 01:05:00.000000000,-2.6063592860038653,51.367385158347936,11582.4,20645.82054068687,216.61476,0.0866211528855866,0.14593811492720613,1.0,0.0,0.0,13.799970451534813
NW150_FL380,2022-03-01 01:06:00.000000000,-2.4541469397475377,51.44730650096773,11582.4,20645.82054068687,216.64117,0.08630489094048789,0.14537841730545617,1.0,0.0,0.0,13.799965112869177
NW150_FL380,2022-03-01 01:07:00.000000000,-2.300604249774821,51.526433204957165,11582.4,20645.82054068687,216.64793,0.08611856449796687,0.14505792332818063,1.0,0.0,0.0,13.799960017463881
NW150_FL380,2022-03-01 01:08:00.000000000,-2.145737213549071,51.60475787964777,11582.4,20645.82054068687,216.66121,0.08587974270620641,0.14464240195919412,1.0,0.0,0.0,13.799955217494318
NW150_FL380,2022-03-01 01:09:00.000000000,-1.9895526584501013,51.682273580841326,11582.4,20645.82054068687,216.64807,0.08587525324415143,0.14464763770350547,1.0,0.0,0.0,13.799950762132118
NW150_FL380,2022-03-01 01:10:00.000000000,-1.832058224038491,51.758973823679455,11582.4,20645.82054068687,216.60419,0.08588971879245995,0.1447163878699196,1.0,0.0,0.0,13.799946696952656
NW150_FL380,2022-03-01 01:11:00.000000000,-1.6732623424866224,51.83485259454882,11582.4,20645.82054068687,216.56226,0.08595094596233824,0.1448618909046913,1.0,0.0,0.0,13.799943063395368
NW150_FL380,2022-03-01 01:12:00.000000000,-1.513174217261294,51.909904361977446,11582.4,20645.82054068687,216.49248,0.08638291988964052,0.14566023057138563,1.0,0.0,0.0,13.799939898272926
NW150_FL380,2022-03-01 01:13:00.000000000,-1.3518038001522044,51.98412408648381,11582.4,20645.82054068687,216.39745,0.08714060298207824,0.1470349896596872,1.0,0.0,0.0,13.799939745243607
NW150_FL380,2022-03-01 01:14:00.000000000,-1.1891615462200298,52.057507082236924,11582.4,20645.82054068687,216.2926,0.08821259168447892,0.14895133424961285,1.0,0.0,0.0,13.800020924011612
NW150_FL380,2022-03-01 01:15:00.000000000,-1.0252518319892376,52.13004458185368,11582.4,20645.82054068687,216.16956,0.08963391045674597,0.15147979424884486,1.0,0.0,0.0,13.800013978858964
NW150_FL380,2022-03-01 01:16:00.000000000,-0.8600941937770141,52.20173800568454,11582.4,20645.82054068687,216.04977,0.09191895608722368,0.15546948590378715,1.0,0.0,0.0,13.800007477983955
NW150_FL380,2022-03-01 01:17:00.000000000,-0.6937013373187131,52.27258437763797,11582.4,20645.82054068687,215.92763,0.0944595322039387,0.15990047087892356,1.0,0.0,0.0,13.800001452770012
NW150_FL380,2022-03-01 01:18:00.000000000,-0.5260865789675423,52.34258124591907,11582.4,20645.82054068687,215.80211,0.09699765588744262,0.1643383395770034,1.0,0.0,0.0,13.799995928589095
NW150_FL380,2022-03-01 01:19:00.000000000,-0.35726381511859207,52.4117266860437,11582.4,20645.82054068687,215.68173,0.10051250459484509,0.1704330803399404,1.0,0.0,0.0,13.79999092471825
NW150_FL380,2022-03-01 01:20:00.000000000,-0.1872474908346242,52.480019302721765,11582.4,20645.82054068687,215.56104,0.10435035860248432,0.17708612717354816,1.0,0.0,0.0,13.799986454317708
NW150_FL380,2022-03-01 01:21:00.000000000,-0.0160525678074433,52.54745823062341,11582.4,20645.82054068687,215.44109,0.10868146177195825,0.18458660495035817,1.0,0.0,0.0,13.799982524503399
NW150_FL380,2022-03-01 01:22:00.000000000,0.15630550821031364,52.614043134048934,11582.4,20645.82054068687,215.35822,0.11329953377432007,0.1925381167846272,1.0,0.0,0.0,13.79997913648606
NW150_FL380,2022-03-01 01:23:00.000000000,0.329810840369795,52.67977420552756,11582.4,20645.82054068687,215.24512,0.11835985817977122,0.2012920300227777,1.0,0.0,0.0,13.799976285786364
NW150_FL380,2022-03-01 01:24:00.000000000,0.5044471139547051,52.74465216337665,11582.4,20645.82054068687,215.09712,0.12383970071299505,0.2108213748984902,1.0,0.0,0.0,13.799973962517008
NW150_FL380,2022-03-01 01:25:00.000000000,0.680197629744843,52.80867824825721,11582.4,20645.82054068687,214.991,0.1286298096662542,0.21913293369897818,1.0,0.0,0.0,13.799972151720771
NW150_FL380,2022-03-01 01:26:00.000000000,0.857045337388637,52.8718542187659,11582.4,20645.82054068687,214.85976,0.13397952153452386,0.22844738311135304,1.0,0.0,0.0,13.799970833761792
NW150_FL380,2022-03-01 01:27:00.000000000,1.034972868662569,52.93418234610838,11582.4,20645.82054068687,214.70331,0.1400950116616604,0.23912530470241775,1.0,0.0,0.0,13.799969984769
NW150_FL380,2022-03-01 01:28:00.000000000,1.2139625705007244,52.99566540790184,11582.4,20645.82054068687,214.53508,0.1469658214064815,0.2511345089771091,1.0,0.0,0.0,13.799969577100743
NW150_FL380,2022-03-01 01:29:00.000000000,1.3939965376829655,53.056306681157686,11582.4,20645.82054068687,214.32068,0.1546082425382271,0.26457051791310504,1.0,0.0,0.0,13.799969579857322
NW150_FL380,2022-03-01 01:30:00.000000000,1.5750566450764563,53.11610993449817,11582.4,20645.82054068687,214.07922,0.1632190975791922,0.27975306938805616,1.0,0.0,0.0,13.799969959394309
NW150_FL380,2022-03-01 01:31:00.000000000,1.7571245793312809,53.17507941966272,11582.4,20645.82054068687,213.81963,0.17288572752592848,0.29682825166597243,1.0,0.0,0.0,13.799970679859165
NW150_FL380,2022-03-01 01:32:00.000000000,1.9401818699385918,53.23321986236095,11582.4,20645.82054068687,213.51125,0.18524559854178055,0.31869215437532383,1.0,0.0,0.0,13.799971703727884
NW150_FL380,2022-03-01 01:33:00.000000000,2.1242099195660367,53.29053645253109,11582.4,20645.82054068687,213.20192,0.19804110201855188,0.34139194210465446,1.0,0.0,0.0,13.799972992333837
NW150_FL380,2022-03-01 01:34:00.000000000,2.3091900335932243,53.34703483406254,11582.4,20645.82054068687,212.92072,0.2114984295278694,0.36525455338666324,1.0,0.0,0.0,13.799974506384897
NW150_FL380,2022-03-01 01:35:00.000000000,2.4951034487770922,53.402721094041766,11582.4,20645.82054068687,212.69208,0.22564661211004503,0.39026275510467584,1.0,0.0,0.0,13.799976206465772
NW150_FL380,2022-03-01 01:36:00.000000000,2.6819313609848683,53.457601751580526,11582.4,20645.82054068687,212.49202,0.2395138783862539,0.4147785013797424,1.0,0.0,0.0,13.799978053504757
NW150_FL380,2022-03-01 01:37:00.000000000,2.8696549519397707,53.511683746284476,11582.4,20645.82054068687,212.36372,0.2515011257298209,0.4358946120083582,1.0,0.0,0.0,13.799980009221503
NW150_FL380,2022-03-01 01:38:00.000000000,3.0582554149321086,53.56497442641937,11582.4,20645.82054068687,212.2867,0.261581987867347,0.4535893606514444,1.0,0.0,0.0,13.799982036526542
NW150_FL380,2022-03-01 01:39:00.000000000,3.2477139794557783,53.61748153683056,11582.4,20645.82054068687,212.23813,0.2704354324346434,0.4690875508019401,1.0,0.0,0.0,13.799984099891018
NW150_FL380,2022-03-01 01:40:00.000000000,3.4380119347371982,53.6692132066701,11582.4,20645.82054068687,212.23796,0.27737075693328905,0.48111887056648733,1.0,0.0,0.0,13.799986165670656
NW150_FL380,2022-03-01 01:41:00.000000000,3.629130652131118,53.72017793698295,11582.4,20645.82054068687,212.23488,0.2841586840516986,0.4929013943567371,1.0,0.0,0.0,13.79998820237766
NW150_FL380,2022-03-01 01:42:00.000000000,3.821051606363487,53.770384588202695,11582.4,20645.82054068687,212.22757,0.29099648573104275,0.504785420462707,1.0,0.0,0.0,13.799990180922991
NW150_FL380,2022-03-01 01:43:00.000000000,4.013756395608983,53.81984236760365,11582.4,20645.82054068687,212.21861,0.2977737368263064,0.5165722958063785,1.0,0.0,0.0,13.79999207479392
NW150_FL380,2022-03-01 01:44:00.000000000,4.207226760395775,53.868560816754226,11582.4,20645.82054068687,212.16675,0.30502817454957487,0.5293320070691083,1.0,0.0,0.0,13.79999386020077
NW150_FL380,2022-03-01 01:45:00.000000000,4.401444601336398,53.9165497990135,11582.4,20645.82054068687,212.0836,0.3144800494581599,0.5460220393776083,1.0,0.0,0.0,13.799995516168021
NW150_FL380,2022-03-01 01:46:00.000000000,4.59639199568854,53.96381948710966,11582.4,20645.82054068687,211.98538,0.32265891308775685,0.5605727964314665,1.0,0.0,0.0,13.799997024593432
NW150_FL380,2022-03-01 01:47:00.000000000,4.792051212754257,54.01038035083665,11582.4,20645.82054068687,211.8745,0.32932679717592395,0.5725592123651816,1.0,0.0,0.0,13.799998370255315
NW150_FL380,2022-03-01 01:48:00.000000000,4.988404728130883,54.05624314490155,11582.4,20645.82054068687,211.75316,0.33708892091532283,0.5865033493494168,1.0,0.0,0.0,13.799999540791967
NW150_FL380,2022-03-01 01:49:00.000000000,5.185435236830494,54.101418896952666,11582.4,20645.82054068687,211.68163,0.33935998027727526,0.5907237981360866,1.0,0.0,0.0,13.800000526639762
NW150_FL380,2022-03-01 01:50:00.000000000,5.383125665288684,54.14591889581483,11582.4,20645.82054068687,211.61827,0.3404218123732318,0.5928080293442205,1.0,0.0,0.0,13.800001320950413
NW150_FL380,2022-03-01 01:51:00.000000000,5.581459182286482,54.18975467995547,11582.4,20645.82054068687,211.5726,0.3404742472487252,0.5930695850157863,1.0,0.0,0.0,13.800001919470516
NW150_FL380,2022-03-01 01:52:00.000000000,5.780419208811863,54.23293802620198,11582.4,20645.82054068687,211.51393,0.34128150176942074,0.5946953738220593,1.0,0.0,0.0,13.800002320404134
NW150_FL380,2022-03-01 01:53:00.000000000,5.979989426890096,54.27548093872749,11582.4,20645.82054068687,211.43683,0.3424626095409984,0.5970437437264171,1.0,0.0,0.0,13.800002524262844
NW150_FL380,2022-03-01 01:54:00.000000000,6.180153787413816,54.31739563831984,11582.4,20645.82054068687,211.25595,0.34417712243478027,0.6007120290445201,1.0,0.0,0.0,13.800002533692991
NW150_FL380,2022-03-01 01:55:00.000000000,6.3808965170056196,54.35869455194499,11582.4,20645.82054068687,211.04498,0.3461544444153826,0.6049602454737996,1.0,0.0,0.0,13.800002353293928
NW150_FL380,2022-03-01 01:56:00.000000000,6.5822021239473365,54.399390302613654,11582.4,20645.82054068687,210.79706,0.3484795079765541,0.6099673036816666,1.0,0.0,0.0,13.80000198943833
NW150_FL380,2022-03-01 01:57:00.000000000,6.784055403211021,54.4394956995573,11582.4,20645.82054068687,210.51482,0.3514540369779282,0.6162477861211038,1.0,0.0,0.0,13.800001450080874
NW150_FL380,2022-03-01 01:58:00.000000000,6.986441440627737,54.479023728716754,11582.4,20645.82054068687,210.20401,0.3556128493559667,0.6247380368797435,1.0,0.0,0.0,13.800000744570198
NW150_FL380,2022-03-01 01:59:00.000000000,7.18934561623043,54.51798754354435,11582.4,20645.82054068687,209.95685,0.3611320918943612,0.6353971130402417,1.0,0.0,0.0,13.799999883471097
NW150_FL380,2022-03-01 02:00:00.000000000,7.392753606807693,54.55640045611831,11582.4,20645.82054068687,209.75706,0.36611589833839436,0.644952931960116,1.0,0.0,0.0,13.799998878381079
NW150_FL380,2022-03-01 02:01:00.000000000,7.596651387704953,54.594275928565615,11582.4,20645.82054068687,209.62213,0.37044306935915133,0.6531127574076229,1.0,0.0,0.0,13.799997741767196
NW150_FL380,2022-03-01 02:02:00.000000000,7.801025233909899,54.63162756478736,11582.4,20645.82054068687,209.5474,0.3739986275963127,0.659682691101223,1.0,0.0,0.0,13.799996486806835
NW150_FL380,2022-03-01 02:03:00.000000000,8.005861720458118,54.66846910247922,11582.4,20645.82054068687,209.47406,0.37736875734238867,0.6659244455397378,1.0,0.0,0.0,13.799995127240448
NW150_FL380,2022-03-01 02:04:00.000000000,8.21114772219488,54.70481440543687,11582.4,20645.82054068687,209.48145,0.3798614682650201,0.6702914887780762,1.0,0.0,0.0,13.799993677240758
NW150_FL380,2022-03-01 02:05:00.000000000,8.416870412928134,54.74067745613532,11582.4,20645.82054068687,209.48058,0.38231271153957896,0.6746212235921477,1.0,0.0,0.0,13.799992151289874
NW150_FL380,2022-03-01 02:06:00.000000000,8.623017264007114,54.77607234856892,11582.4,20645.82054068687,209.48741,0.3863391056582808,0.6816973702326287,1.0,0.0,0.0,13.799990564074568
NW150_FL380,2022-03-01 02:07:00.000000000,8.829576042360262,54.81101328133762,11582.4,20645.82054068687,209.50473,0.3915078098461445,0.6907456901693738,1.0,0.0,0.0,13.799988930389441
NW150_FL380,2022-03-01 02:08:00.000000000,9.036534808025143,54.845514550963514,11582.4,20645.82054068687,209.52293,0.3967354847458932,0.6998910062520559,1.0,0.0,0.0,13.799987265057572
NW150_FL380,2022-03-01 02:09:00.000000000,9.243881911202225,54.87959054542058,11582.4,20645.82054068687,209.53632,0.4032120672738281,0.7112573516650305,1.0,0.0,0.0,13.799985582857834
NW150_FL380,2022-03-01 02:10:00.000000000,9.451605988863491,54.91325573785914,11582.4,20645.82054068687,209.55188,0.4079204617519008,0.7194955916425666,1.0,0.0,0.0,13.799983898464221
NW150_FL380,2022-03-01 02:11:00.000000000,9.659695960945642,54.94652468050605,11582.4,20645.82054068687,209.58513,0.4103394956384658,0.7236171644160444,1.0,0.0,0.0,13.799982226394873
NW150_FL380,2022-03-01 02:12:00.000000000,9.868141026157087,54.97941199871997,11582.4,20645.82054068687,209.62508,0.4111146700334939,0.7248066564389632,1.0,0.0,0.0,8.717907553283178
NW150_FL380,2022-03-01 02:12:37.904240283,10.0,55.0,11582.4,20645.82054068687,209.6459,0.4115850539932784,0.7255433770066949,1.0,0.0,0.0,0.0
NW300_FL380,2022-03-01 00:00:00.000000000,-10.000000000000002,45.00000000000001,11582.4,20645.82054068687,215.15063,0.16763020202081977,0.2852663242426103,1.0,0.0,0.0,13.800034843118594
NW300_FL380,2022-03-01 00:01:00.000000000,-9.948323151402047,45.11861698721326,11582.4,20645.82054068687,215.3001,0.1599983584559372,0.2720039846559485,1.0,0.0,0.0,13.800006665435859
NW300_FL380,2022-03-01 00:02:00.000000000,-9.896402137726424,45.2372040256995,11582.4,20645.82054068687,215.45433,0.1529175442430391,0.2596948041477405,1.0,0.0,0.0,13.799977763173437
NW300_FL380,2022-03-01 00:03:00.000000000,-9.844205048187119,45.355754336568715,11582.4,20645.82054068687,215.55966,0.14781874670025755,0.2508562095194334,1.0,0.0,0.0,13.800003201880159
NW300_FL380,2022-03-01 00:04:00.000000000,-9.79169221545635,45.47425993803365,11582.4,20645.82054068687,215.66188,0.14305683826832052,0.24260657095960647,1.0,0.0,0.0,13.800019831035982
NW300_FL380,2022-03-01 00:05:00.000000000,-9.73883020753365,45.592713564836444,11582.4,20645.82054068687,215.72983,0.13902693240202893,0.2356625328040039,1.0,0.0,0.0,13.799990542186567
NW300_FL380,2022-03-01 00:06:00.000000000,-9.68559173693477,45.711108893423734,11582.4,20645.82054068687,215.78465,0.1351429202022935,0.22899304655399344,1.0,0.0,0.0,13.799966575556896
NW300_FL380,2022-03-01 00:07:00.000000000,-9.631942676019541,45.82943851868831,11582.4,20645.82054068687,215.82294,0.13137741309409906,0.22255407375735461,1.0,0.0,0.0,13.800034470564826
NW300_FL380,2022-03-01 00:08:00.000000000,-9.577832641962,45.94769216492699,11582.4,20645.82054068687,215.85176,0.1276880432938979,0.21626199604202864,1.0,0.0,0.0,13.800004853679956
NW300_FL380,2022-03-01 00:09:00.000000000,-9.523242741476356,46.0658646319852,11582.4,20645.82054068687,215.86296,0.1241493153129875,0.2102522117794332,1.0,0.0,0.0,13.799975174589125
NW300_FL380,2022-03-01 00:10:00.000000000,-9.468138670649463,46.1839481275579,11582.4,20645.82054068687,215.85382,0.12060606416014946,0.20426446035952056,1.0,0.0,0.0,13.799996337513656
NW300_FL380,2022-03-01 00:11:00.000000000,-9.412475134560134,46.30193273606196,11582.4,20645.82054068687,215.84515,0.11724608625775994,0.19858542269257223,1.0,0.0,0.0,13.80002177829723
NW300_FL380,2022-03-01 00:12:00.000000000,-9.356214232217248,46.41980959140651,11582.4,20645.82054068687,215.84424,0.11409170594859015,0.19324443373219696,1.0,0.0,0.0,13.799991978487872
NW300_FL380,2022-03-01 00:13:00.000000000,-9.299331078055891,46.53757207105862,11582.4,20645.82054068687,215.86617,0.11068369767644394,0.18744319400118348,1.0,0.0,0.0,13.79996288903523
NW300_FL380,2022-03-01 00:14:00.000000000,-9.2417896335749,46.65521139046437,11582.4,20645.82054068687,215.93687,0.10651397869628225,0.1802945563397767,1.0,0.0,0.0,13.800017586397669
NW300_FL380,2022-03-01 00:15:00.000000000,-9.183533336757865,46.77271458254579,11582.4,20645.82054068687,216.02118,0.10234106060179621,0.1731309946116806,1.0,0.0,0.0,13.800012642606154
NW300_FL380,2022-03-01 00:16:00.000000000,-9.124537269676559,46.8900744241367,11582.4,20645.82054068687,216.14061,0.09823814910477545,0.16605374877365697,1.0,0.0,0.0,13.799983478538548
NW300_FL380,2022-03-01 00:17:00.000000000,-9.06476959695927,47.00728223711839,11582.4,20645.82054068687,216.25577,0.09432729540150156,0.15931682249791476,1.0,0.0,0.0,13.799955874461615
NW300_FL380,2022-03-01 00:18:00.000000000,-9.004192371172094,47.124327917170994,11582.4,20645.82054068687,216.36267,0.09157452525148975,0.15455326542574238,1.0,0.0,0.0,13.800022795812414
NW300_FL380,2022-03-01 00:19:00.000000000,-8.942742331284771,47.241195837621795,11582.4,20645.82054068687,216.46797,0.08879266738002532,0.14974891443364208,1.0,0.0,0.0,13.80000943014113
NW300_FL380,2022-03-01 00:20:00.000000000,-8.880399361758288,47.35787881023055,11582.4,20645.82054068687,216.5635,0.0868404533338108,0.14635942489361292,1.0,0.0,0.0,13.79998144097103
NW300_FL380,2022-03-01 00:21:00.000000000,-8.81712804662872,47.47436632203423,11582.4,20645.82054068687,216.63818,0.08502530095542704,0.14322599862791438,1.0,0.0,0.0,13.799955751288898
NW300_FL380,2022-03-01 00:22:00.000000000,-8.752888484884062,47.59064660231162,11582.4,20645.82054068687,216.6994,0.08367889209459861,0.14089806844816882,1.0,0.0,0.0,13.79999974357544
NW300_FL380,2022-03-01 00:23:00.000000000,-8.687621184744504,47.70670318021615,11582.4,20645.82054068687,216.7659,0.0822460485738997,0.13842115881890907,1.0,0.0,0.0,13.800014603485252
NW300_FL380,2022-03-01 00:24:00.000000000,-8.6212916133352,47.822524520353284,11582.4,20645.82054068687,216.81891,0.08114579223335235,0.13651906912273687,1.0,0.0,0.0,13.799987752859257
NW300_FL380,2022-03-01 00:25:00.000000000,-8.553869741791866,47.93809981100981,11582.4,20645.82054068687,216.85695,0.08033092567415814,0.13511207004448872,1.0,0.0,0.0,13.79996366704769
NW300_FL380,2022-03-01 00:26:00.000000000,-8.485313856181833,48.05341525950304,11582.4,20645.82054068687,216.88622,0.07961137589182521,0.13387459847417327,1.0,0.0,0.0,13.799942842235483
NW300_FL380,2022-03-01 00:27:00.000000000,-8.415581801578655,48.16845651097662,11582.4,20645.82054068687,216.91373,0.07901858903909216,0.13285212380006056,1.0,0.0,0.0,13.800016914087612
NW300_FL380,2022-03-01 00:28:00.000000000,-8.344603841813232,48.28320205518647,11582.4,20645.82054068687,216.91808,0.07884619603733156,0.1325583494131899,1.0,0.0,0.0,13.800004972425114
NW300_FL380,2022-03-01 00:29:00.000000000,-8.272359617391693,48.397641532390416,11582.4,20645.82054068687,216.89882,0.07906697033164803,0.13294776101151087,1.0,0.0,0.0,13.799981440007572
NW300_FL380,2022-03-01 00:30:00.000000000,-8.198809767667017,48.511759680983936,11582.4,20645.82054068687,216.88744,0.07922394379028337,0.13322229093486343,1.0,0.0,0.0,13.799961128930406
NW300_FL380,2022-03-01 00:31:00.000000000,-8.123910851857396,48.62553969747014,11582.4,20645.82054068687,216.87502,0.07957573832140194,0.13382521775204637,1.0,0.0,0.0,13.79994434951923
NW300_FL380,2022-03-01 00:32:00.000000000,-8.047619175060253,48.73896411389615,11582.4,20645.82054068687,216.85973,0.08024632091652012,0.13496761640147809,1.0,0.0,0.0,13.799949522704459
NW300_FL380,2022-03-01 00:33:00.000000000,-7.969885434552368,48.85201334557368,11582.4,20645.82054068687,216.90794,0.07926864970396304,0.1332778955271108,1.0,0.0,0.0,13.800014181102688
NW300_FL380,2022-03-01 00:34:00.000000000,-7.890648069563789,48.96466371012504,11582.4,20645.82054068687,216.98831,0.07767704739574312,0.13052876336100672,1.0,0.0,0.0,13.799992650903825
NW300_FL380,2022-03-01 00:35:00.000000000,-7.809886021383044,49.076901625594274,11582.4,20645.82054068687,217.09883,0.07587349754856787,0.12739910369516752,1.0,0.0,0.0,13.799974108707389
NW300_FL380,2022-03-01 00:36:00.000000000,-7.727555347093408,49.1887068387166,11582.4,20645.82054068687,217.22754,0.07399190581525501,0.12412749037686219,1.0,0.0,0.0,13.799958655833514
NW300_FL380,2022-03-01 00:37:00.000000000,-7.643612181951804,49.30005836390617,11582.4,20645.82054068687,217.38235,0.07202093585105011,0.12068967072363004,1.0,0.0,0.0,13.799946336900428
NW300_FL380,2022-03-01 00:38:00.000000000,-7.558012825338964,49.41093447592809,11582.4,20645.82054068687,217.56448,0.06980640934922405,0.11682793551810831,1.0,0.0,0.0,13.799937139245799
NW300_FL380,2022-03-01 00:39:00.000000000,-7.470713833585899,49.52131270557739,11582.4,20645.82054068687,217.76149,0.06747032317853939,0.11276026581854957,1.0,0.0,0.0,13.799930993467326
NW300_FL380,2022-03-01 00:40:00.000000000,-7.381672119623329,49.63116983869982,11582.4,20645.82054068687,217.99435,0.06462560675323918,0.10782686338983986,1.0,0.0,0.0,13.799935080408797
NW300_FL380,2022-03-01 00:41:00.000000000,-7.290842991180416,49.740481273968314,11582.4,20645.82054068687,218.22452,0.06207624831903852,0.1034027157170817,1.0,0.0,0.0,13.79999350665374
NW300_FL380,2022-03-01 00:42:00.000000000,-7.198169519410879,49.84921753340485,11582.4,20645.82054068687,218.42094,0.05969590333048487,0.09929720417158058,1.0,0.0,0.0,13.799978927303988
NW300_FL380,2022-03-01 00:43:00.000000000,-7.103628498314238,49.95735875096998,11582.4,20645.82054068687,218.60957,0.057506673860597164,0.09552531108870861,1.0,0.0,0.0,13.799966433137888
NW300_FL380,2022-03-01 00:44:00.000000000,-7.0071795140932345,50.06487885572919,11582.4,20645.82054068687,218.75171,0.055824310230530215,0.09263499404504083,1.0,0.0,0.0,13.79995586908043
NW300_FL380,2022-03-01 00:45:00.000000000,-6.9087830925656055,50.171751090152405,11582.4,20645.82054068687,218.84889,0.05447719843662356,0.09033613128394047,1.0,0.0,0.0,13.799947052381834
NW300_FL380,2022-03-01 00:46:00.000000000,-6.808400832996052,50.27794803570585,11582.4,20645.82054068687,218.91681,0.05341625089432157,0.08853289968394538,1.0,0.0,0.0,13.799939778560672
NW300_FL380,2022-03-01 00:47:00.000000000,-6.705995546066805,50.38344164394248,11582.4,20645.82054068687,218.92035,0.052825389936613454,0.08755134081435234,1.0,0.0,0.0,13.799933827852389
NW300_FL380,2022-03-01 00:48:00.000000000,-6.601531395219343,50.48820327332102,11582.4,20645.82054068687,218.90564,0.05241019280107092,0.08687258408782547,1.0,0.0,0.0,13.799928972027583
NW300_FL380,2022-03-01 00:49:00.000000000,-6.494974040497284,50.592203731941304,11582.4,20645.82054068687,218.88469,0.05205714664075086,0.0863004176310131,1.0,0.0,0.0,13.799924981403041
NW300_FL380,2022-03-01 00:50:00.000000000,-6.386290783920157,50.69541332633463,11582.4,20645.82054068687,218.85822,0.051770558214145425,0.08584199045532545,1.0,0.0,0.0,13.799921631877607
NW300_FL380,2022-03-01 00:51:00.000000000,-6.2754507153220995,50.797801916390625,11582.4,20645.82054068687,218.84863,0.05137908509770872,0.08519866338772236,1.0,0.0,0.0,13.799918711778243
NW300_FL380,2022-03-01 00:52:00.000000000,-6.162424857501622,50.89933897643868,11582.4,20645.82054068687,218.8495,0.05095987130393053,0.08450307082201007,1.0,0.0,0.0,13.799916028361567
NW300_FL380,2022-03-01 00:53:00.000000000,-6.0471863094495175,50.99999366243146,11582.4,20645.82054068687,218.8562,0.050503787756623425,0.08374276505062564,1.0,0.0,0.0,13.799913413752241
NW300_FL380,2022-03-01 00:54:00.000000000,-5.929710386355748,51.099734885102215,11582.4,20645.82054068687,218.87772,0.049974357700108586,0.08285191778026012,1.0,0.0,0.0,13.799910730138198
NW300_FL380,2022-03-01 00:55:00.000000000,-5.8099747550443395,51.19853138888636,11582.4,20645.82054068687,218.90228,0.04940037762832659,0.08188556276173735,1.0,0.0,0.0,13.799907874076975
NW300_FL380,2022-03-01 00:56:00.000000000,-5.687959563450105,51.296351836313654,11582.4,20645.82054068687,218.9276,0.04883810860858166,0.08093870590006315,1.0,0.0,0.0,13.79990477972228
NW300_FL380,2022-03-01 00:57:00.000000000,-5.56364756273571,51.39316489749046,11582.4,20645.82054068687,218.95824,0.0482570062410434,0.07995770729405846,1.0,0.0,0.0,13.799901420893251
NW300_FL380,2022-03-01 00:58:00.000000000,-5.4370242206528845,51.48893934420452,11582.4,20645.82054068687,218.98863,0.047718963679820266,0.07904884322190836,1.0,0.0,0.0,13.799897811846515
NW300_FL380,2022-03-01 00:59:00.000000000,-5.308077824779514,51.583644148098536,11582.4,20645.82054068687,219.00192,0.04747400782173241,0.07863537878868178,1.0,0.0,0.0,13.799894006728076
NW300_FL380,2022-03-01 01:00:00.000000000,-5.176799574316013,51.67724858227623,11582.4,20645.82054068687,219.03285,0.04711110921247353,0.07801680632277076,1.0,0.0,0.0,13.799890097668875
NW300_FL380,2022-03-01 01:01:00.000000000,-5.043183659200432,51.76972232562682,11582.4,20645.82054068687,219.07455,0.04671305120034578,0.07733396381262955,1.0,0.0,0.0,13.799886211544619
NW300_FL380,2022-03-01 01:02:00.000000000,-4.907227325401263,51.8610355690834,11582.4,20645.82054068687,219.10687,0.046398391871868984,0.07679490432985855,1.0,0.0,0.0,13.799882505488926
NW300_FL380,2022-03-01 01:03:00.000000000,-4.768930925370678,51.95115912296934,11582.4,20645.82054068687,219.14044,0.046074647442175744,0.07624041787211576,1.0,0.0,0.0,13.799879161238978
NW300_FL380,2022-03-01 01:04:00.000000000,-4.628297952786058,52.04006452453659,11582.4,20645.82054068687,219.17146,0.04579757896360623,0.07576463441776178,1.0,0.0,0.0,13.79987637850337
NW300_FL380,2022-03-01 01:05:00.000000000,-4.485335060872928,52.127724144762055,11582.4,20645.82054068687,219.1938,0.04560209639577552,0.07542887367427528,1.0,0.0,0.0,13.799874367506506
NW300_FL380,2022-03-01 01:06:00.000000000,-4.340052063785224,52.214111293444496,11582.4,20645.82054068687,219.20346,0.045621085006393586,0.07545486156583761,1.0,0.0,0.0,13.799875260345667
NW300_FL380,2022-03-01 01:07:00.000000000,-4.192461576710146,52.299200123019176,11582.4,20645.82054068687,219.19678,0.045748449273677765,0.07566928761563273,1.0,0.0,0.0,13.799958362399373
NW300_FL380,2022-03-01 01:08:00.000000000,-4.042565505808821,52.382957721133714,11582.4,20645.82054068687,219.16795,0.04604623374656458,0.07617793029372068,1.0,0.0,0.0,13.79994634307932
NW300_FL380,2022-03-01 01:09:00.000000000,-3.8903976137133776,52.4653690353782,11582.4,20645.82054068687,219.15276,0.04632305248105348,0.07664449171933457,1.0,0.0,0.0,13.799934758524605
NW300_FL380,2022-03-01 01:10:00.000000000,-3.7359801900362437,52.5464122011229,11582.4,20645.82054068687,219.14886,0.046526631667832996,0.07698357141141177,1.0,0.0,0.0,13.799923893437573
NW300_FL380,2022-03-01 01:11:00.000000000,-3.5793384277428935,52.62606676530347,11582.4,20645.82054068687,219.16248,0.04659875115198894,0.0770950976558301,1.0,0.0,0.0,13.799914005702364
NW300_FL380,2022-03-01 01:12:00.000000000,-3.420500321548006,52.70431376094036,11582.4,20645.82054068687,219.19046,0.04656570254321071,0.07702452705818628,1.0,0.0,0.0,13.799905318758915
NW300_FL380,2022-03-01 01:13:00.000000000,-3.2594965516209413,52.78113577383572,11582.4,20645.82054068687,219.2323,0.04642450071992007,0.07676744309998232,1.0,0.0,0.0,13.799898015093248
NW300_FL380,2022-03-01 01:14:00.000000000,-3.0963603537213,52.85651700087687,11582.4,20645.82054068687,219.2409,0.04658954410282906,0.07703552355879564,1.0,0.0,0.0,13.799892231080968
NW300_FL380,2022-03-01 01:15:00.000000000,-2.93112737703906,52.93044329948208,11582.4,20645.82054068687,219.24313,0.04683853872940714,0.07744588074513595,1.0,0.0,0.0,13.79988805331851
NW300_FL380,2022-03-01 01:16:00.000000000,-2.7638355311439367,53.00290222783783,11582.4,20645.82054068687,219.23112,0.04723428301148488,0.07810726414303358,1.0,0.0,0.0,13.799885516550193
NW300_FL380,2022-03-01 01:17:00.000000000,-2.594524823554262,53.07388307569488,11582.4,20645.82054068687,219.18365,0.047846480177748126,0.07914707936463669,1.0,0.0,0.0,13.799884603266875
NW300_FL380,2022-03-01 01:18:00.000000000,-2.4232371895126836,53.14337688560977,11582.4,20645.82054068687,219.13013,0.048539609920111595,0.080325168553356,1.0,0.0,0.0,13.799885244947372
NW300_FL380,2022-03-01 01:19:00.000000000,-2.250016315606625,53.21137646463753,11582.4,20645.82054068687,219.06967,0.04932819052974122,0.08166602504973601,1.0,0.0,0.0,13.799887324900999
NW300_FL380,2022-03-01 01:20:00.000000000,-2.0749074588928185,53.277876386596866,11582.4,20645.82054068687,219.02388,0.04993472384004273,0.08269797972755294,1.0,0.0,0.0,13.799890682600761
NW300_FL380,2022-03-01 01:21:00.000000000,-1.8979572631798203,53.34287298513899,11582.4,20645.82054068687,218.99478,0.050419314497333945,0.08351825896232845,1.0,0.0,0.0,13.799895119344866
NW300_FL380,2022-03-01 01:22:00.000000000,-1.719213574090673,53.406364337953896,11582.4,20645.82054068687,218.97173,0.05088085803359644,0.08429693343646207,1.0,0.0,0.0,13.799900405062836
NW300_FL380,2022-03-01 01:23:00.000000000,-1.538725254472115,53.46835024254097,11582.4,20645.82054068687,218.96742,0.051246465711951,0.0849053671818943,1.0,0.0,0.0,13.79990628602072
NW300_FL380,2022-03-01 01:24:00.000000000,-1.356542001638573,53.52883218405242,11582.4,20645.82054068687,218.93896,0.051891153000181885,0.08599131603133663,1.0,0.0,0.0,13.79991249319038
NW300_FL380,2022-03-01 01:25:00.000000000,-1.172714167843412,53.58781329578929,11582.4,20645.82054068687,218.86958,0.052949437435297605,0.08778942152309774,1.0,0.0,0.0,13.799918750991056
NW300_FL380,2022-03-01 01:26:00.000000000,-0.9872925852565602,53.64529831298643,11582.4,20645.82054068687,218.75296,0.05455494301321917,0.09052802998101189,1.0,0.0,0.0,13.799924786167315
NW300_FL380,2022-03-01 01:27:00.000000000,-0.800328396603329,53.7012935205683,11582.4,20645.82054068687,218.5863,0.05675155901132822,0.09428697674841267,1.0,0.0,0.0,13.79993033648061
NW300_FL380,2022-03-01 01:28:00.000000000,-0.6118728924847379,53.75580669558846,11582.4,20645.82054068687,218.39848,0.05931891193689599,0.09868595247483876,1.0,0.0,0.0,13.799935159022626
NW300_FL380,2022-03-01 01:29:00.000000000,-0.42197735625945404,53.80884704508488,11582.4,20645.82054068687,218.17232,0.06231650982785594,0.1038415864788007,1.0,0.0,0.0,13.799939037850189
NW300_FL380,2022-03-01 01:30:00.000000000,-0.23069291722504956,53.86042514008997,11582.4,20645.82054068687,217.9141,0.06588866853524022,0.10999718775125053,1.0,0.0,0.0,13.79994179078318
NW300_FL380,2022-03-01 01:31:00.000000000,-0.03807041269302599,53.910552846529505,11582.4,20645.82054068687,217.64297,0.06993680936047665,0.11698083190643595,1.0,0.0,0.0,13.799943275155096
NW300_FL380,2022-03-01 01:32:00.000000000,0.1558397405871601,53.95924325373014,11582.4,20645.82054068687,217.33781,0.07442623883288159,0.12475912981507888,1.0,0.0,0.0,13.799943392385876
NW300_FL380,2022-03-01 01:33:00.000000000,0.35098766533486897,54.00651060123104,11582.4,20645.82054068687,217.02496,0.07933356985824372,0.13327799141158775,1.0,0.0,0.0,13.799942091276058
NW300_FL380,2022-03-01 01:34:00.000000000,0.5473241327828376,54.05237020456364,11582.4,20645.82054068687,216.72014,0.08447508440621104,0.14221825156206194,1.0,0.0,0.0,13.799939369947783
NW300_FL380,2022-03-01 01:35:00.000000000,0.7448006617853401,54.09683838062501,11582.4,20645.82054068687,216.44347,0.08931285716717603,0.15065194137142623,1.0,0.0,0.0,13.79993527641069
NW300_FL380,2022-03-01 01:36:00.000000000,0.943369608024376,54.139932373227055,11582.4,20645.82054068687,216.18481,0.09437984173931796,0.15948343142611318,1.0,0.0,0.0,13.799929907760507
NW300_FL380,2022-03-01 01:37:00.000000000,1.142984243446075,54.18167027935618,11582.4,20645.82054068687,215.94823,0.09922823292483911,0.16794922172851903,1.0,0.0,0.0,13.799923408062723
NW300_FL380,2022-03-01 01:38:00.000000000,1.3435988261461758,54.22207097662803,11582.4,20645.82054068687,215.71419,0.104378742579804,0.17694953363607632,1.0,0.0,0.0,13.799915964977409
NW300_FL380,2022-03-01 01:39:00.000000000,1.545168660997899,54.26115405237014,11582.4,20645.82054068687,215.47426,0.11012336741326649,0.18699316422647883,1.0,0.0,0.0,13.799907805259913
NW300_FL380,2022-03-01 01:40:00.000000000,1.7476501513793214,54.298939734713336,11582.4,20645.82054068687,215.23334,0.116226952336758,0.19768020447178422,1.0,0.0,0.0,13.799905225618216
NW300_FL380,2022-03-01 01:41:00.000000000,1.951001321706038,54.3354480988425,11582.4,20645.82054068687,214.96124,0.12428323496376076,0.21177003600991937,1.0,0.0,0.0,13.80003550067695
NW300_FL380,2022-03-01 01:42:00.000000000,2.1551912888926434,54.370684072582705,11582.4,20645.82054068687,214.6803,0.13311043081882432,0.22723871655292038,1.0,0.0,0.0,13.80001194060027
NW300_FL380,2022-03-01 01:43:00.000000000,2.3601687814981553,54.404685818447064,11582.4,20645.82054068687,214.4021,0.1429086685596006,0.2444179605238333,1.0,0.0,0.0,13.799988050689471
NW300_FL380,2022-03-01 01:44:00.000000000,2.5658948749977406,54.43747558046449,11582.4,20645.82054068687,214.13103,0.15353842015434083,0.26307028196282467,1.0,0.0,0.0,13.799964294443889
NW300_FL380,2022-03-01 01:45:00.000000000,2.772331890772268,54.46907594249486,11582.4,20645.82054068687,213.87616,0.1648947029519938,0.28300332961986885,1.0,0.0,0.0,13.79994113566568
NW300_FL380,2022-03-01 01:46:00.000000000,2.9794434044374127,54.49950977601977,11582.4,20645.82054068687,213.69864,0.1754935727240754,0.301545044087891,1.0,0.0,0.0,13.799919029035573
NW300_FL380,2022-03-01 01:47:00.000000000,3.1871942485890172,54.528800191289015,11582.4,20645.82054068687,213.52463,0.18630074494334822,0.32047904808308275,1.0,0.0,0.0,13.799903858262315
NW300_FL380,2022-03-01 01:48:00.000000000,3.395550879759554,54.55696978407656,11582.4,20645.82054068687,213.37614,0.19754589238187042,0.340152699266087,1.0,0.0,0.0,13.800055039082034
NW300_FL380,2022-03-01 01:49:00.000000000,3.604491615359623,54.58402008165235,11582.4,20645.82054068687,213.24657,0.2090841090387402,0.3603237791742947,1.0,0.0,0.0,13.800015441936033
NW300_FL380,2022-03-01 01:50:00.000000000,3.8139728517228146,54.60999719041869,11582.4,20645.82054068687,213.10327,0.22220925464421076,0.38329927577101075,1.0,0.0,0.0,13.799978645815921
NW300_FL380,2022-03-01 01:51:00.000000000,4.023964354506401,54.63492486350083,11582.4,20645.82054068687,212.91376,0.23943783423569182,0.4135238497912616,1.0,0.0,0.0,13.799945081809751
NW300_FL380,2022-03-01 01:52:00.000000000,4.234437101686992,54.658826899104795,11582.4,20645.82054068687,212.69852,0.258721246885152,0.4474468926433083,1.0,0.0,0.0,13.799915120264668
NW300_FL380,2022-03-01 01:53:00.000000000,4.445363262970964,54.68172711119074,11582.4,20645.82054068687,212.42961,0.28007103130154337,0.4852064891736819,1.0,0.0,0.0,13.800015788586125
NW300_FL380,2022-03-01 01:54:00.000000000,4.65672372489985,54.70363128764721,11582.4,20645.82054068687,212.15283,0.3026844981286037,0.5253117562612403,1.0,0.0,0.0,13.800026752290783
NW300_FL380,2022-03-01 01:55:00.000000000,4.868487720428609,54.7245739875963,11582.4,20645.82054068687,211.93013,0.3205191891193514,0.5570501193166199,1.0,0.0,0.0,13.799983572061933
NW300_FL380,2022-03-01 01:56:00.000000000,5.080627538644073,54.74458663851475,11582.4,20645.82054068687,211.78232,0.33155862231618405,0.5767762607424164,1.0,0.0,0.0,13.799945817559948
NW300_FL380,2022-03-01 01:57:00.000000000,5.293119881497206,54.763692990803875,11582.4,20645.82054068687,211.70607,0.33673241588923153,0.5860587384092225,1.0,0.0,0.0,13.799938516635832
NW300_FL380,2022-03-01 01:58:00.000000000,5.505943868646182,54.78191294381553,11582.4,20645.82054068687,211.72699,0.33395126382029683,0.5811425356347802,1.0,0.0,0.0,13.800050656767903
NW300_FL380,2022-03-01 01:59:00.000000000,5.719084419011531,54.79925175731836,11582.4,20645.82054068687,211.75658,0.33148961146319955,0.5767510773591026,1.0,0.0,0.0,13.800003204209666
NW300_FL380,2022-03-01 02:00:00.000000000,5.932512825652237,54.81575578710652,11582.4,20645.82054068687,211.76419,0.3300465206691965,0.57421120504499,1.0,0.0,0.0,13.799962666862402
NW300_FL380,2022-03-01 02:01:00.000000000,6.1462099113233615,54.83144846222197,11582.4,20645.82054068687,211.6928,0.330132933968417,0.5746206747663929,1.0,0.0,0.0,13.799932359184918
NW300_FL380,2022-03-01 02:02:00.000000000,6.3601576187555455,54.846352522537195,11582.4,20645.82054068687,211.5494,0.3321693461524362,0.5786875704893105,1.0,0.0,0.0,13.800051701259331
NW300_FL380,2022-03-01 02:03:00.000000000,6.574345601833692,54.860467055141825,11582.4,20645.82054068687,211.32242,0.33636758058543764,0.586838864787615,1.0,0.0,0.0,13.80000554177809
NW300_FL380,2022-03-01 02:04:00.000000000,6.788749289172524,54.87384091232076,11582.4,20645.82054068687,210.99425,0.34270796128954095,0.5991282195700137,1.0,0.0,0.0,13.799967129490193
NW300_FL380,2022-03-01 02:05:00.000000000,7.0033531669792195,54.88649708306962,11582.4,20645.82054068687,210.62701,0.3495786044049037,0.6125367479046037,1.0,0.0,0.0,13.799960623388825
NW300_FL380,2022-03-01 02:06:00.000000000,7.218143656439326,54.89845407593597,11582.4,20645.82054068687,210.29211,0.3574815846320379,0.6276795975511055,1.0,0.0,0.0,13.8000381484042
NW300_FL380,2022-03-01 02:07:00.000000000,7.433110284466571,54.90971982486474,11582.4,20645.82054068687,209.95203,0.36520066720358574,0.6425751756480971,1.0,0.0,0.0,13.799997707739267
NW300_FL380,2022-03-01 02:08:00.000000000,7.648234507949747,54.92033751497244,11582.4,20645.82054068687,209.74246,0.3707341078211747,0.6531484286374953,1.0,0.0,0.0,13.799965046205028
NW300_FL380,2022-03-01 02:09:00.000000000,7.863504016276233,54.93032968835278,11582.4,20645.82054068687,209.59001,0.37538807929406975,0.6619607793834316,1.0,0.0,0.0,13.799998359184581
NW300_FL380,2022-03-01 02:10:00.000000000,8.078909613694025,54.93970734956771,11582.4,20645.82054068687,209.48207,0.3790928738153573,0.6689322355997,1.0,0.0,0.0,13.800019524346945
NW300_FL380,2022-03-01 02:11:00.000000000,8.294439602046854,54.94849485749177,11582.4,20645.82054068687,209.46118,0.3810857460750648,0.6725351979515729,1.0,0.0,0.0,13.799987344744515
NW300_FL380,2022-03-01 02:12:00.000000000,8.51008135994762,54.95672549342708,11582.4,20645.82054068687,209.45177,0.3834772007725901,0.6767949660392432,1.0,0.0,0.0,13.799962217577544
NW300_FL380,2022-03-01 02:13:00.000000000,8.725825342473327,54.96442143190606,11582.4,20645.82054068687,209.46983,0.38791093249797365,0.6845439329296016,1.0,0.0,0.0,13.800030591944905
NW300_FL380,2022-03-01 02:14:00.000000000,8.941665815844612,54.97158610280672,11582.4,20645.82054068687,209.48654,0.3921515405167796,0.6919558335176837,1.0,0.0,0.0,13.800003074592663
NW300_FL380,2022-03-01 02:15:00.000000000,9.157590658160426,54.97826150894907,11582.4,20645.82054068687,209.49536,0.3988571084919579,0.7037513925064092,1.0,0.0,0.0,13.799979693093027
NW300_FL380,2022-03-01 02:16:00.000000000,9.373592057318856,54.984470163858454,11582.4,20645.82054068687,209.50807,0.405332467415463,0.7151220345252158,1.0,0.0,0.0,13.799998894018712
NW300_FL380,2022-03-01 02:17:00.000000000,9.58966406355943,54.990225655978996,11582.4,20645.82054068687,209.53291,0.40996608312656646,0.7231884498391762,1.0,0.0,0.0,13.800013114578606
NW300_FL380,2022-03-01 02:18:00.000000000,9.805799607243536,54.995551318891,11582.4,20645.82054068687,209.57123,0.41256299568737653,0.7275990710976912,1.0,0.0,0.0,12.396422411584279
NW300_FL380,2022-03-01 02:18:53.897617080,9.999999999999996,55.0,11582.4,20645.82054068687,209.61674,0.4130083153203628,0.7281825382849403,1.0,0.0,0.0,0.0
